<gpx xmlns:ns3="http://www.garmin.com/xmlschemas/TrackPointExtension/v1" xmlns="http://www.topografix.com/GPX/1/1" xmlns:xsi="http://www.w3.org/2001/XMLSchema-instance" xmlns:ns2="http://www.garmin.com/xmlschemas/GpxExtensions/v3" creator="Garmin Connect" version="1.1" xsi:schemaLocation="http://www.topografix.com/GPX/1/1 http://www.topografix.com/GPX/11.xsd">
  <extensions>
<distance>7026.11</distance>
<average_hr>149.0</average_hr>
<average_speed>2.8540000915527344</average_speed>
<start_time>2025-10-05T12:13:14+00:00</start_time>
<end_time>2025-10-05T12:54:15.654000+00:00</end_time>
<moving_time>2458.764</moving_time>
<elapsed_time>2477.23</elapsed_time>
</extensions>
<metadata>
    <link href="connect.garmin.com">
      <text>Garmin Connect</text>
    </link>
    <time>2025-10-05T12:13:14.000Z</time>
  </metadata>
  <trk>
    <name>Qingpu Running</name>
    <type>running</type>
    <trkseg>
      <trkpt lat="31.1622236855328083038330078125" lon="121.1977696605026721954345703125">
        <ele>2.599999904632568359375</ele>
        <time>2025-10-05T12:13:14.000Z</time>
        <extensions>
          <ns3:TrackPointExtension>
            <ns3:hr>60</ns3:hr>
            <ns3:cad>59</ns3:cad>
          </ns3:TrackPointExtension>
        </extensions>
      </trkpt>
      <trkpt lat="31.1621847935020923614501953125" lon="121.197739653289318084716796875">
        <ele>2.400000095367431640625</ele>
        <time>2025-10-05T12:13:15.000Z</time>
        <extensions>
          <ns3:TrackPointExtension>
            <ns3:hr>60</ns3:hr>
            <ns3:cad>59</ns3:cad>
          </ns3:TrackPointExtension>
        </extensions>
      </trkpt>
      <trkpt lat="31.16216861642897129058837890625" lon="121.19772230274975299835205078125">
        <ele>2.2000000476837158203125</ele>
        <time>2025-10-05T12:13:16.000Z</time>
        <extensions>
          <ns3:TrackPointExtension>
            <ns3:hr>60</ns3:hr>
            <ns3:cad>59</ns3:cad>
          </ns3:TrackPointExtension>
        </extensions>
      </trkpt>
      <trkpt lat="31.162144728004932403564453125" lon="121.19770520366728305816650390625">
        <ele>2.2000000476837158203125</ele>
        <time>2025-10-05T12:13:17.000Z</time>
        <extensions>
          <ns3:TrackPointExtension>
            <ns3:hr>61</ns3:hr>
            <ns3:cad>0</ns3:cad>
          </ns3:TrackPointExtension>
        </extensions>
      </trkpt>
      <trkpt lat="31.1621214263141155242919921875" lon="121.1976969055831432342529296875">
        <ele>2.2000000476837158203125</ele>
        <time>2025-10-05T12:13:18.000Z</time>
        <extensions>
          <ns3:TrackPointExtension>
            <ns3:hr>61</ns3:hr>
            <ns3:cad>0</ns3:cad>
          </ns3:TrackPointExtension>
        </extensions>
      </trkpt>
      <trkpt lat="31.1620982922613620758056640625" lon="121.19770302437245845794677734375">
        <ele>2</ele>
        <time>2025-10-05T12:13:19.000Z</time>
        <extensions>
          <ns3:TrackPointExtension>
            <ns3:hr>61</ns3:hr>
            <ns3:cad>0</ns3:cad>
          </ns3:TrackPointExtension>
        </extensions>
      </trkpt>
      <trkpt lat="31.16208278574049472808837890625" lon="121.19772079400718212127685546875">
        <ele>2</ele>
        <time>2025-10-05T12:13:20.000Z</time>
        <extensions>
          <ns3:TrackPointExtension>
            <ns3:hr>62</ns3:hr>
            <ns3:cad>0</ns3:cad>
          </ns3:TrackPointExtension>
        </extensions>
      </trkpt>
      <trkpt lat="31.1620681174099445343017578125" lon="121.19775080122053623199462890625">
        <ele>2</ele>
        <time>2025-10-05T12:13:21.000Z</time>
        <extensions>
          <ns3:TrackPointExtension>
            <ns3:hr>63</ns3:hr>
            <ns3:cad>81</ns3:cad>
          </ns3:TrackPointExtension>
        </extensions>
      </trkpt>
      <trkpt lat="31.1620558798313140869140625" lon="121.1977810598909854888916015625">
        <ele>2</ele>
        <time>2025-10-05T12:13:22.000Z</time>
        <extensions>
          <ns3:TrackPointExtension>
            <ns3:hr>63</ns3:hr>
            <ns3:cad>83</ns3:cad>
          </ns3:TrackPointExtension>
        </extensions>
      </trkpt>
      <trkpt lat="31.162041462957859039306640625" lon="121.19781710207462310791015625">
        <ele>2</ele>
        <time>2025-10-05T12:13:23.000Z</time>
        <extensions>
          <ns3:TrackPointExtension>
            <ns3:hr>64</ns3:hr>
            <ns3:cad>83</ns3:cad>
          </ns3:TrackPointExtension>
        </extensions>
      </trkpt>
      <trkpt lat="31.16204976104199886322021484375" lon="121.1978566646575927734375">
        <ele>2</ele>
        <time>2025-10-05T12:13:24.000Z</time>
        <extensions>
          <ns3:TrackPointExtension>
            <ns3:hr>64</ns3:hr>
            <ns3:cad>83</ns3:cad>
          </ns3:TrackPointExtension>
        </extensions>
      </trkpt>
      <trkpt lat="31.1620399542152881622314453125" lon="121.19789983145892620086669921875">
        <ele>2</ele>
        <time>2025-10-05T12:13:25.000Z</time>
        <extensions>
          <ns3:TrackPointExtension>
            <ns3:hr>65</ns3:hr>
            <ns3:cad>87</ns3:cad>
          </ns3:TrackPointExtension>
        </extensions>
      </trkpt>
      <trkpt lat="31.16203651763498783111572265625" lon="121.1979342810809612274169921875">
        <ele>2</ele>
        <time>2025-10-05T12:13:26.000Z</time>
        <extensions>
          <ns3:TrackPointExtension>
            <ns3:hr>66</ns3:hr>
            <ns3:cad>88</ns3:cad>
          </ns3:TrackPointExtension>
        </extensions>
      </trkpt>
      <trkpt lat="31.16202729754149913787841796875" lon="121.19796940125524997711181640625">
        <ele>2</ele>
        <time>2025-10-05T12:13:27.000Z</time>
        <extensions>
          <ns3:TrackPointExtension>
            <ns3:hr>68</ns3:hr>
            <ns3:cad>89</ns3:cad>
          </ns3:TrackPointExtension>
        </extensions>
      </trkpt>
      <trkpt lat="31.16201899945735931396484375" lon="121.19800175540149211883544921875">
        <ele>2.2000000476837158203125</ele>
        <time>2025-10-05T12:13:28.000Z</time>
        <extensions>
          <ns3:TrackPointExtension>
            <ns3:hr>69</ns3:hr>
            <ns3:cad>89</ns3:cad>
          </ns3:TrackPointExtension>
        </extensions>
      </trkpt>
      <trkpt lat="31.1620087735354900360107421875" lon="121.19803511537611484527587890625">
        <ele>2.2000000476837158203125</ele>
        <time>2025-10-05T12:13:29.000Z</time>
        <extensions>
          <ns3:TrackPointExtension>
            <ns3:hr>71</ns3:hr>
            <ns3:cad>89</ns3:cad>
          </ns3:TrackPointExtension>
        </extensions>
      </trkpt>
      <trkpt lat="31.16199846379458904266357421875" lon="121.19806730188429355621337890625">
        <ele>2.2000000476837158203125</ele>
        <time>2025-10-05T12:13:30.000Z</time>
        <extensions>
          <ns3:TrackPointExtension>
            <ns3:hr>72</ns3:hr>
            <ns3:cad>88</ns3:cad>
          </ns3:TrackPointExtension>
        </extensions>
      </trkpt>
      <trkpt lat="31.16198949515819549560546875" lon="121.198102422058582305908203125">
        <ele>2.2000000476837158203125</ele>
        <time>2025-10-05T12:13:31.000Z</time>
        <extensions>
          <ns3:TrackPointExtension>
            <ns3:hr>73</ns3:hr>
            <ns3:cad>88</ns3:cad>
          </ns3:TrackPointExtension>
        </extensions>
      </trkpt>
      <trkpt lat="31.16198119707405567169189453125" lon="121.1981341056525707244873046875">
        <ele>2.2000000476837158203125</ele>
        <time>2025-10-05T12:13:32.000Z</time>
        <extensions>
          <ns3:TrackPointExtension>
            <ns3:hr>74</ns3:hr>
            <ns3:cad>88</ns3:cad>
          </ns3:TrackPointExtension>
        </extensions>
      </trkpt>
      <trkpt lat="31.16197315044701099395751953125" lon="121.19816872291266918182373046875">
        <ele>2</ele>
        <time>2025-10-05T12:13:33.000Z</time>
        <extensions>
          <ns3:TrackPointExtension>
            <ns3:hr>77</ns3:hr>
            <ns3:cad>88</ns3:cad>
          </ns3:TrackPointExtension>
        </extensions>
      </trkpt>
      <trkpt lat="31.16196309216320514678955078125" lon="121.198198981583118438720703125">
        <ele>2</ele>
        <time>2025-10-05T12:13:34.000Z</time>
        <extensions>
          <ns3:TrackPointExtension>
            <ns3:hr>79</ns3:hr>
            <ns3:cad>88</ns3:cad>
          </ns3:TrackPointExtension>
        </extensions>
      </trkpt>
      <trkpt lat="31.161956973373889923095703125" lon="121.1982320062816143035888671875">
        <ele>2</ele>
        <time>2025-10-05T12:13:35.000Z</time>
        <extensions>
          <ns3:TrackPointExtension>
            <ns3:hr>82</ns3:hr>
            <ns3:cad>88</ns3:cad>
          </ns3:TrackPointExtension>
        </extensions>
      </trkpt>
      <trkpt lat="31.1619588173925876617431640625" lon="121.19826561771333217620849609375">
        <ele>2</ele>
        <time>2025-10-05T12:13:36.000Z</time>
        <extensions>
          <ns3:TrackPointExtension>
            <ns3:hr>84</ns3:hr>
            <ns3:cad>88</ns3:cad>
          </ns3:TrackPointExtension>
        </extensions>
      </trkpt>
      <trkpt lat="31.16196644492447376251220703125" lon="121.19829830713570117950439453125">
        <ele>2</ele>
        <time>2025-10-05T12:13:37.000Z</time>
        <extensions>
          <ns3:TrackPointExtension>
            <ns3:hr>87</ns3:hr>
            <ns3:cad>89</ns3:cad>
          </ns3:TrackPointExtension>
        </extensions>
      </trkpt>
      <trkpt lat="31.16197340190410614013671875" lon="121.19833208620548248291015625">
        <ele>2</ele>
        <time>2025-10-05T12:13:38.000Z</time>
        <extensions>
          <ns3:TrackPointExtension>
            <ns3:hr>89</ns3:hr>
            <ns3:cad>89</ns3:cad>
          </ns3:TrackPointExtension>
        </extensions>
      </trkpt>
      <trkpt lat="31.16198404692113399505615234375" lon="121.1983637697994709014892578125">
        <ele>2</ele>
        <time>2025-10-05T12:13:39.000Z</time>
        <extensions>
          <ns3:TrackPointExtension>
            <ns3:hr>91</ns3:hr>
            <ns3:cad>89</ns3:cad>
          </ns3:TrackPointExtension>
        </extensions>
      </trkpt>
      <trkpt lat="31.16199888288974761962890625" lon="121.19840006344020366668701171875">
        <ele>2</ele>
        <time>2025-10-05T12:13:40.000Z</time>
        <extensions>
          <ns3:TrackPointExtension>
            <ns3:hr>93</ns3:hr>
            <ns3:cad>88</ns3:cad>
          </ns3:TrackPointExtension>
        </extensions>
      </trkpt>
      <trkpt lat="31.162012629210948944091796875" lon="121.1984241195023059844970703125">
        <ele>2</ele>
        <time>2025-10-05T12:13:41.000Z</time>
        <extensions>
          <ns3:TrackPointExtension>
            <ns3:hr>95</ns3:hr>
            <ns3:cad>88</ns3:cad>
          </ns3:TrackPointExtension>
        </extensions>
      </trkpt>
      <trkpt lat="31.16202344186604022979736328125" lon="121.19845722801983356475830078125">
        <ele>2</ele>
        <time>2025-10-05T12:13:42.000Z</time>
        <extensions>
          <ns3:TrackPointExtension>
            <ns3:hr>96</ns3:hr>
            <ns3:cad>88</ns3:cad>
          </ns3:TrackPointExtension>
        </extensions>
      </trkpt>
      <trkpt lat="31.16203567944467067718505859375" lon="121.198482625186443328857421875">
        <ele>2</ele>
        <time>2025-10-05T12:13:43.000Z</time>
        <extensions>
          <ns3:TrackPointExtension>
            <ns3:hr>97</ns3:hr>
            <ns3:cad>88</ns3:cad>
          </ns3:TrackPointExtension>
        </extensions>
      </trkpt>
      <trkpt lat="31.1620466597378253936767578125" lon="121.19852143339812755584716796875">
        <ele>2</ele>
        <time>2025-10-05T12:13:44.000Z</time>
        <extensions>
          <ns3:TrackPointExtension>
            <ns3:hr>99</ns3:hr>
            <ns3:cad>89</ns3:cad>
          </ns3:TrackPointExtension>
        </extensions>
      </trkpt>
      <trkpt lat="31.16205764003098011016845703125" lon="121.19855043478310108184814453125">
        <ele>2</ele>
        <time>2025-10-05T12:13:45.000Z</time>
        <extensions>
          <ns3:TrackPointExtension>
            <ns3:hr>100</ns3:hr>
            <ns3:cad>89</ns3:cad>
          </ns3:TrackPointExtension>
        </extensions>
      </trkpt>
      <trkpt lat="31.1620719730854034423828125" lon="121.19859066791832447052001953125">
        <ele>2.2000000476837158203125</ele>
        <time>2025-10-05T12:13:46.000Z</time>
        <extensions>
          <ns3:TrackPointExtension>
            <ns3:hr>101</ns3:hr>
            <ns3:cad>88</ns3:cad>
          </ns3:TrackPointExtension>
        </extensions>
      </trkpt>
      <trkpt lat="31.16208462975919246673583984375" lon="121.19861648418009281158447265625">
        <ele>2.2000000476837158203125</ele>
        <time>2025-10-05T12:13:47.000Z</time>
        <extensions>
          <ns3:TrackPointExtension>
            <ns3:hr>102</ns3:hr>
            <ns3:cad>88</ns3:cad>
          </ns3:TrackPointExtension>
        </extensions>
      </trkpt>
      <trkpt lat="31.162097118794918060302734375" lon="121.1986494250595569610595703125">
        <ele>2.2000000476837158203125</ele>
        <time>2025-10-05T12:13:48.000Z</time>
        <extensions>
          <ns3:TrackPointExtension>
            <ns3:hr>103</ns3:hr>
            <ns3:cad>88</ns3:cad>
          </ns3:TrackPointExtension>
        </extensions>
      </trkpt>
      <trkpt lat="31.1621110327541828155517578125" lon="121.19867247529327869415283203125">
        <ele>2.2000000476837158203125</ele>
        <time>2025-10-05T12:13:49.000Z</time>
        <extensions>
          <ns3:TrackPointExtension>
            <ns3:hr>104</ns3:hr>
            <ns3:cad>88</ns3:cad>
          </ns3:TrackPointExtension>
        </extensions>
      </trkpt>
      <trkpt lat="31.16212402470409870147705078125" lon="121.1987007223069667816162109375">
        <ele>2.2000000476837158203125</ele>
        <time>2025-10-05T12:13:50.000Z</time>
        <extensions>
          <ns3:TrackPointExtension>
            <ns3:hr>105</ns3:hr>
            <ns3:cad>88</ns3:cad>
          </ns3:TrackPointExtension>
        </extensions>
      </trkpt>
      <trkpt lat="31.1621381901204586029052734375" lon="121.198728047311305999755859375">
        <ele>2.2000000476837158203125</ele>
        <time>2025-10-05T12:13:51.000Z</time>
        <extensions>
          <ns3:TrackPointExtension>
            <ns3:hr>106</ns3:hr>
            <ns3:cad>88</ns3:cad>
          </ns3:TrackPointExtension>
        </extensions>
      </trkpt>
      <trkpt lat="31.1621529422700405120849609375" lon="121.1987563781440258026123046875">
        <ele>2.2000000476837158203125</ele>
        <time>2025-10-05T12:13:52.000Z</time>
        <extensions>
          <ns3:TrackPointExtension>
            <ns3:hr>107</ns3:hr>
            <ns3:cad>88</ns3:cad>
          </ns3:TrackPointExtension>
        </extensions>
      </trkpt>
      <trkpt lat="31.16216928698122501373291015625" lon="121.19878345169126987457275390625">
        <ele>2.2000000476837158203125</ele>
        <time>2025-10-05T12:13:53.000Z</time>
        <extensions>
          <ns3:TrackPointExtension>
            <ns3:hr>108</ns3:hr>
            <ns3:cad>88</ns3:cad>
          </ns3:TrackPointExtension>
        </extensions>
      </trkpt>
      <trkpt lat="31.16218554787337779998779296875" lon="121.19881111197173595428466796875">
        <ele>2.2000000476837158203125</ele>
        <time>2025-10-05T12:13:54.000Z</time>
        <extensions>
          <ns3:TrackPointExtension>
            <ns3:hr>109</ns3:hr>
            <ns3:cad>88</ns3:cad>
          </ns3:TrackPointExtension>
        </extensions>
      </trkpt>
      <trkpt lat="31.1622012220323085784912109375" lon="121.1988415382802486419677734375">
        <ele>2.2000000476837158203125</ele>
        <time>2025-10-05T12:13:55.000Z</time>
        <extensions>
          <ns3:TrackPointExtension>
            <ns3:hr>110</ns3:hr>
            <ns3:cad>88</ns3:cad>
          </ns3:TrackPointExtension>
        </extensions>
      </trkpt>
      <trkpt lat="31.16221689619123935699462890625" lon="121.19886450469493865966796875">
        <ele>2.2000000476837158203125</ele>
        <time>2025-10-05T12:13:56.000Z</time>
        <extensions>
          <ns3:TrackPointExtension>
            <ns3:hr>111</ns3:hr>
            <ns3:cad>88</ns3:cad>
          </ns3:TrackPointExtension>
        </extensions>
      </trkpt>
      <trkpt lat="31.16223181597888469696044921875" lon="121.19888998568058013916015625">
        <ele>2.2000000476837158203125</ele>
        <time>2025-10-05T12:13:57.000Z</time>
        <extensions>
          <ns3:TrackPointExtension>
            <ns3:hr>113</ns3:hr>
            <ns3:cad>88</ns3:cad>
          </ns3:TrackPointExtension>
        </extensions>
      </trkpt>
      <trkpt lat="31.16224438883364200592041015625" lon="121.19891119189560413360595703125">
        <ele>2.2000000476837158203125</ele>
        <time>2025-10-05T12:13:58.000Z</time>
        <extensions>
          <ns3:TrackPointExtension>
            <ns3:hr>114</ns3:hr>
            <ns3:cad>88</ns3:cad>
          </ns3:TrackPointExtension>
        </extensions>
      </trkpt>
      <trkpt lat="31.1622588895261287689208984375" lon="121.19894765317440032958984375">
        <ele>2.2000000476837158203125</ele>
        <time>2025-10-05T12:13:59.000Z</time>
        <extensions>
          <ns3:TrackPointExtension>
            <ns3:hr>114</ns3:hr>
            <ns3:cad>88</ns3:cad>
          </ns3:TrackPointExtension>
        </extensions>
      </trkpt>
      <trkpt lat="31.16226869635283946990966796875" lon="121.198966763913631439208984375">
        <ele>2.2000000476837158203125</ele>
        <time>2025-10-05T12:14:00.000Z</time>
        <extensions>
          <ns3:TrackPointExtension>
            <ns3:hr>115</ns3:hr>
            <ns3:cad>87</ns3:cad>
          </ns3:TrackPointExtension>
        </extensions>
      </trkpt>
      <trkpt lat="31.1622798442840576171875" lon="121.199002973735332489013671875">
        <ele>2.400000095367431640625</ele>
        <time>2025-10-05T12:14:01.000Z</time>
        <extensions>
          <ns3:TrackPointExtension>
            <ns3:hr>116</ns3:hr>
            <ns3:cad>88</ns3:cad>
          </ns3:TrackPointExtension>
        </extensions>
      </trkpt>
      <trkpt lat="31.162290237843990325927734375" lon="121.1990339867770671844482421875">
        <ele>2.400000095367431640625</ele>
        <time>2025-10-05T12:14:02.000Z</time>
        <extensions>
          <ns3:TrackPointExtension>
            <ns3:hr>117</ns3:hr>
            <ns3:cad>88</ns3:cad>
          </ns3:TrackPointExtension>
        </extensions>
      </trkpt>
      <trkpt lat="31.16229769773781299591064453125" lon="121.19906432926654815673828125">
        <ele>2.400000095367431640625</ele>
        <time>2025-10-05T12:14:03.000Z</time>
        <extensions>
          <ns3:TrackPointExtension>
            <ns3:hr>118</ns3:hr>
            <ns3:cad>88</ns3:cad>
          </ns3:TrackPointExtension>
        </extensions>
      </trkpt>
      <trkpt lat="31.16230021230876445770263671875" lon="121.1991012096405029296875">
        <ele>2.2000000476837158203125</ele>
        <time>2025-10-05T12:14:04.000Z</time>
        <extensions>
          <ns3:TrackPointExtension>
            <ns3:hr>118</ns3:hr>
            <ns3:cad>88</ns3:cad>
          </ns3:TrackPointExtension>
        </extensions>
      </trkpt>
      <trkpt lat="31.16230524145066738128662109375" lon="121.1991302110254764556884765625">
        <ele>2.2000000476837158203125</ele>
        <time>2025-10-05T12:14:05.000Z</time>
        <extensions>
          <ns3:TrackPointExtension>
            <ns3:hr>119</ns3:hr>
            <ns3:cad>87</ns3:cad>
          </ns3:TrackPointExtension>
        </extensions>
      </trkpt>
      <trkpt lat="31.1623071692883968353271484375" lon="121.19916222989559173583984375">
        <ele>2.2000000476837158203125</ele>
        <time>2025-10-05T12:14:06.000Z</time>
        <extensions>
          <ns3:TrackPointExtension>
            <ns3:hr>120</ns3:hr>
            <ns3:cad>87</ns3:cad>
          </ns3:TrackPointExtension>
        </extensions>
      </trkpt>
      <trkpt lat="31.16231194697320461273193359375" lon="121.19918963871896266937255859375">
        <ele>2.2000000476837158203125</ele>
        <time>2025-10-05T12:14:07.000Z</time>
        <extensions>
          <ns3:TrackPointExtension>
            <ns3:hr>121</ns3:hr>
            <ns3:cad>87</ns3:cad>
          </ns3:TrackPointExtension>
        </extensions>
      </trkpt>
      <trkpt lat="31.16231479682028293609619140625" lon="121.19922501035034656524658203125">
        <ele>2.2000000476837158203125</ele>
        <time>2025-10-05T12:14:08.000Z</time>
        <extensions>
          <ns3:TrackPointExtension>
            <ns3:hr>121</ns3:hr>
            <ns3:cad>87</ns3:cad>
          </ns3:TrackPointExtension>
        </extensions>
      </trkpt>
      <trkpt lat="31.1623205803334712982177734375" lon="121.1992499046027660369873046875">
        <ele>2.2000000476837158203125</ele>
        <time>2025-10-05T12:14:09.000Z</time>
        <extensions>
          <ns3:TrackPointExtension>
            <ns3:hr>122</ns3:hr>
            <ns3:cad>87</ns3:cad>
          </ns3:TrackPointExtension>
        </extensions>
      </trkpt>
      <trkpt lat="31.16233156062662601470947265625" lon="121.19928686879575252532958984375">
        <ele>2</ele>
        <time>2025-10-05T12:14:10.000Z</time>
        <extensions>
          <ns3:TrackPointExtension>
            <ns3:hr>122</ns3:hr>
            <ns3:cad>87</ns3:cad>
          </ns3:TrackPointExtension>
        </extensions>
      </trkpt>
      <trkpt lat="31.16233860142529010772705078125" lon="121.199313104152679443359375">
        <ele>2</ele>
        <time>2025-10-05T12:14:11.000Z</time>
        <extensions>
          <ns3:TrackPointExtension>
            <ns3:hr>123</ns3:hr>
            <ns3:cad>88</ns3:cad>
          </ns3:TrackPointExtension>
        </extensions>
      </trkpt>
      <trkpt lat="31.1623442173004150390625" lon="121.19934772141277790069580078125">
        <ele>2</ele>
        <time>2025-10-05T12:14:12.000Z</time>
        <extensions>
          <ns3:TrackPointExtension>
            <ns3:hr>123</ns3:hr>
            <ns3:cad>87</ns3:cad>
          </ns3:TrackPointExtension>
        </extensions>
      </trkpt>
      <trkpt lat="31.1623510904610157012939453125" lon="121.199376471340656280517578125">
        <ele>2</ele>
        <time>2025-10-05T12:14:13.000Z</time>
        <extensions>
          <ns3:TrackPointExtension>
            <ns3:hr>124</ns3:hr>
            <ns3:cad>87</ns3:cad>
          </ns3:TrackPointExtension>
        </extensions>
      </trkpt>
      <trkpt lat="31.1623574607074260711669921875" lon="121.19941058568656444549560546875">
        <ele>2</ele>
        <time>2025-10-05T12:14:14.000Z</time>
        <extensions>
          <ns3:TrackPointExtension>
            <ns3:hr>125</ns3:hr>
            <ns3:cad>87</ns3:cad>
          </ns3:TrackPointExtension>
        </extensions>
      </trkpt>
      <trkpt lat="31.1623665131628513336181640625" lon="121.199444197118282318115234375">
        <ele>2.2000000476837158203125</ele>
        <time>2025-10-05T12:14:15.000Z</time>
        <extensions>
          <ns3:TrackPointExtension>
            <ns3:hr>125</ns3:hr>
            <ns3:cad>87</ns3:cad>
          </ns3:TrackPointExtension>
        </extensions>
      </trkpt>
      <trkpt lat="31.162375397980213165283203125" lon="121.1994785629212856292724609375">
        <ele>2.2000000476837158203125</ele>
        <time>2025-10-05T12:14:16.000Z</time>
        <extensions>
          <ns3:TrackPointExtension>
            <ns3:hr>126</ns3:hr>
            <ns3:cad>87</ns3:cad>
          </ns3:TrackPointExtension>
        </extensions>
      </trkpt>
      <trkpt lat="31.16238034330308437347412109375" lon="121.1995171196758747100830078125">
        <ele>2.2000000476837158203125</ele>
        <time>2025-10-05T12:14:17.000Z</time>
        <extensions>
          <ns3:TrackPointExtension>
            <ns3:hr>127</ns3:hr>
            <ns3:cad>87</ns3:cad>
          </ns3:TrackPointExtension>
        </extensions>
      </trkpt>
      <trkpt lat="31.1623836122453212738037109375" lon="121.1995531618595123291015625">
        <ele>2.2000000476837158203125</ele>
        <time>2025-10-05T12:14:18.000Z</time>
        <extensions>
          <ns3:TrackPointExtension>
            <ns3:hr>127</ns3:hr>
            <ns3:cad>87</ns3:cad>
          </ns3:TrackPointExtension>
        </extensions>
      </trkpt>
      <trkpt lat="31.1623712070286273956298828125" lon="121.19959331117570400238037109375">
        <ele>2.2000000476837158203125</ele>
        <time>2025-10-05T12:14:19.000Z</time>
        <extensions>
          <ns3:TrackPointExtension>
            <ns3:hr>128</ns3:hr>
            <ns3:cad>87</ns3:cad>
          </ns3:TrackPointExtension>
        </extensions>
      </trkpt>
      <trkpt lat="31.16236441768705844879150390625" lon="121.19962222874164581298828125">
        <ele>2.2000000476837158203125</ele>
        <time>2025-10-05T12:14:20.000Z</time>
        <extensions>
          <ns3:TrackPointExtension>
            <ns3:hr>128</ns3:hr>
            <ns3:cad>87</ns3:cad>
          </ns3:TrackPointExtension>
        </extensions>
      </trkpt>
      <trkpt lat="31.16234145127236843109130859375" lon="121.19964578188955783843994140625">
        <ele>2.2000000476837158203125</ele>
        <time>2025-10-05T12:14:21.000Z</time>
        <extensions>
          <ns3:TrackPointExtension>
            <ns3:hr>128</ns3:hr>
            <ns3:cad>88</ns3:cad>
          </ns3:TrackPointExtension>
        </extensions>
      </trkpt>
      <trkpt lat="31.16231898777186870574951171875" lon="121.19965584017336368560791015625">
        <ele>2.2000000476837158203125</ele>
        <time>2025-10-05T12:14:22.000Z</time>
        <extensions>
          <ns3:TrackPointExtension>
            <ns3:hr>129</ns3:hr>
            <ns3:cad>88</ns3:cad>
          </ns3:TrackPointExtension>
        </extensions>
      </trkpt>
      <trkpt lat="31.16229618899524211883544921875" lon="121.19966455735266208648681640625">
        <ele>2.2000000476837158203125</ele>
        <time>2025-10-05T12:14:23.000Z</time>
        <extensions>
          <ns3:TrackPointExtension>
            <ns3:hr>130</ns3:hr>
            <ns3:cad>88</ns3:cad>
          </ns3:TrackPointExtension>
        </extensions>
      </trkpt>
      <trkpt lat="31.16227171383798122406005859375" lon="121.1996700055897235870361328125">
        <ele>2.2000000476837158203125</ele>
        <time>2025-10-05T12:14:24.000Z</time>
        <extensions>
          <ns3:TrackPointExtension>
            <ns3:hr>130</ns3:hr>
            <ns3:cad>88</ns3:cad>
          </ns3:TrackPointExtension>
        </extensions>
      </trkpt>
      <trkpt lat="31.162247322499752044677734375" lon="121.19967461563646793365478515625">
        <ele>2.2000000476837158203125</ele>
        <time>2025-10-05T12:14:25.000Z</time>
        <extensions>
          <ns3:TrackPointExtension>
            <ns3:hr>130</ns3:hr>
            <ns3:cad>87</ns3:cad>
          </ns3:TrackPointExtension>
        </extensions>
      </trkpt>
      <trkpt lat="31.16222125478088855743408203125" lon="121.19967729784548282623291015625">
        <ele>2.2000000476837158203125</ele>
        <time>2025-10-05T12:14:26.000Z</time>
        <extensions>
          <ns3:TrackPointExtension>
            <ns3:hr>130</ns3:hr>
            <ns3:cad>86</ns3:cad>
          </ns3:TrackPointExtension>
        </extensions>
      </trkpt>
      <trkpt lat="31.1621908284723758697509765625" lon="121.19968350045382976531982421875">
        <ele>2.2000000476837158203125</ele>
        <time>2025-10-05T12:14:27.000Z</time>
        <extensions>
          <ns3:TrackPointExtension>
            <ns3:hr>131</ns3:hr>
            <ns3:cad>86</ns3:cad>
          </ns3:TrackPointExtension>
        </extensions>
      </trkpt>
      <trkpt lat="31.162160150706768035888671875" lon="121.199688278138637542724609375">
        <ele>2</ele>
        <time>2025-10-05T12:14:28.000Z</time>
        <extensions>
          <ns3:TrackPointExtension>
            <ns3:hr>131</ns3:hr>
            <ns3:cad>86</ns3:cad>
          </ns3:TrackPointExtension>
        </extensions>
      </trkpt>
      <trkpt lat="31.16213492117822170257568359375" lon="121.1996931396424770355224609375">
        <ele>2.2000000476837158203125</ele>
        <time>2025-10-05T12:14:29.000Z</time>
        <extensions>
          <ns3:TrackPointExtension>
            <ns3:hr>131</ns3:hr>
            <ns3:cad>87</ns3:cad>
          </ns3:TrackPointExtension>
        </extensions>
      </trkpt>
      <trkpt lat="31.16210457868874073028564453125" lon="121.19969406165182590484619140625">
        <ele>2.2000000476837158203125</ele>
        <time>2025-10-05T12:14:30.000Z</time>
        <extensions>
          <ns3:TrackPointExtension>
            <ns3:hr>131</ns3:hr>
            <ns3:cad>87</ns3:cad>
          </ns3:TrackPointExtension>
        </extensions>
      </trkpt>
      <trkpt lat="31.16208337247371673583984375" lon="121.199696995317935943603515625">
        <ele>2.2000000476837158203125</ele>
        <time>2025-10-05T12:14:31.000Z</time>
        <extensions>
          <ns3:TrackPointExtension>
            <ns3:hr>132</ns3:hr>
            <ns3:cad>88</ns3:cad>
          </ns3:TrackPointExtension>
        </extensions>
      </trkpt>
      <trkpt lat="31.1620493419468402862548828125" lon="121.19970328174531459808349609375">
        <ele>2.2000000476837158203125</ele>
        <time>2025-10-05T12:14:32.000Z</time>
        <extensions>
          <ns3:TrackPointExtension>
            <ns3:hr>132</ns3:hr>
            <ns3:cad>88</ns3:cad>
          </ns3:TrackPointExtension>
        </extensions>
      </trkpt>
      <trkpt lat="31.16202863864600658416748046875" lon="121.1997140944004058837890625">
        <ele>2.2000000476837158203125</ele>
        <time>2025-10-05T12:14:33.000Z</time>
        <extensions>
          <ns3:TrackPointExtension>
            <ns3:hr>132</ns3:hr>
            <ns3:cad>88</ns3:cad>
          </ns3:TrackPointExtension>
        </extensions>
      </trkpt>
      <trkpt lat="31.16199553012847900390625" lon="121.19971686042845249176025390625">
        <ele>2</ele>
        <time>2025-10-05T12:14:34.000Z</time>
        <extensions>
          <ns3:TrackPointExtension>
            <ns3:hr>133</ns3:hr>
            <ns3:cad>88</ns3:cad>
          </ns3:TrackPointExtension>
        </extensions>
      </trkpt>
      <trkpt lat="31.1619728989899158477783203125" lon="121.19972105138003826141357421875">
        <ele>2</ele>
        <time>2025-10-05T12:14:35.000Z</time>
        <extensions>
          <ns3:TrackPointExtension>
            <ns3:hr>133</ns3:hr>
            <ns3:cad>88</ns3:cad>
          </ns3:TrackPointExtension>
        </extensions>
      </trkpt>
      <trkpt lat="31.16194129921495914459228515625" lon="121.19972256012260913848876953125">
        <ele>2</ele>
        <time>2025-10-05T12:14:36.000Z</time>
        <extensions>
          <ns3:TrackPointExtension>
            <ns3:hr>134</ns3:hr>
            <ns3:cad>88</ns3:cad>
          </ns3:TrackPointExtension>
        </extensions>
      </trkpt>
      <trkpt lat="31.16192051209509372711181640625" lon="121.19972725398838520050048828125">
        <ele>2.2000000476837158203125</ele>
        <time>2025-10-05T12:14:37.000Z</time>
        <extensions>
          <ns3:TrackPointExtension>
            <ns3:hr>134</ns3:hr>
            <ns3:cad>87</ns3:cad>
          </ns3:TrackPointExtension>
        </extensions>
      </trkpt>
      <trkpt lat="31.16189486347138881683349609375" lon="121.19972909800708293914794921875">
        <ele>2.2000000476837158203125</ele>
        <time>2025-10-05T12:14:38.000Z</time>
        <extensions>
          <ns3:TrackPointExtension>
            <ns3:hr>135</ns3:hr>
            <ns3:cad>87</ns3:cad>
          </ns3:TrackPointExtension>
        </extensions>
      </trkpt>
      <trkpt lat="31.16186879575252532958984375" lon="121.19973312132060527801513671875">
        <ele>2.2000000476837158203125</ele>
        <time>2025-10-05T12:14:39.000Z</time>
        <extensions>
          <ns3:TrackPointExtension>
            <ns3:hr>136</ns3:hr>
            <ns3:cad>87</ns3:cad>
          </ns3:TrackPointExtension>
        </extensions>
      </trkpt>
      <trkpt lat="31.161841638386249542236328125" lon="121.1997380666434764862060546875">
        <ele>2.2000000476837158203125</ele>
        <time>2025-10-05T12:14:40.000Z</time>
        <extensions>
          <ns3:TrackPointExtension>
            <ns3:hr>138</ns3:hr>
            <ns3:cad>87</ns3:cad>
          </ns3:TrackPointExtension>
        </extensions>
      </trkpt>
      <trkpt lat="31.16181272082030773162841796875" lon="121.19974829256534576416015625">
        <ele>2.400000095367431640625</ele>
        <time>2025-10-05T12:14:41.000Z</time>
        <extensions>
          <ns3:TrackPointExtension>
            <ns3:hr>139</ns3:hr>
            <ns3:cad>87</ns3:cad>
          </ns3:TrackPointExtension>
        </extensions>
      </trkpt>
      <trkpt lat="31.161789000034332275390625" lon="121.19975659064948558807373046875">
        <ele>2.400000095367431640625</ele>
        <time>2025-10-05T12:14:42.000Z</time>
        <extensions>
          <ns3:TrackPointExtension>
            <ns3:hr>139</ns3:hr>
            <ns3:cad>87</ns3:cad>
          </ns3:TrackPointExtension>
        </extensions>
      </trkpt>
      <trkpt lat="31.16176008246839046478271484375" lon="121.19976379908621311187744140625">
        <ele>2.400000095367431640625</ele>
        <time>2025-10-05T12:14:43.000Z</time>
        <extensions>
          <ns3:TrackPointExtension>
            <ns3:hr>140</ns3:hr>
            <ns3:cad>87</ns3:cad>
          </ns3:TrackPointExtension>
        </extensions>
      </trkpt>
      <trkpt lat="31.1617378704249858856201171875" lon="121.1997769586741924285888671875">
        <ele>2.2000000476837158203125</ele>
        <time>2025-10-05T12:14:44.000Z</time>
        <extensions>
          <ns3:TrackPointExtension>
            <ns3:hr>140</ns3:hr>
            <ns3:cad>88</ns3:cad>
          </ns3:TrackPointExtension>
        </extensions>
      </trkpt>
      <trkpt lat="31.161704175174236297607421875" lon="121.19978324510157108306884765625">
        <ele>2.2000000476837158203125</ele>
        <time>2025-10-05T12:14:45.000Z</time>
        <extensions>
          <ns3:TrackPointExtension>
            <ns3:hr>140</ns3:hr>
            <ns3:cad>88</ns3:cad>
          </ns3:TrackPointExtension>
        </extensions>
      </trkpt>
      <trkpt lat="31.161680705845355987548828125" lon="121.19979548268020153045654296875">
        <ele>2.2000000476837158203125</ele>
        <time>2025-10-05T12:14:46.000Z</time>
        <extensions>
          <ns3:TrackPointExtension>
            <ns3:hr>141</ns3:hr>
            <ns3:cad>87</ns3:cad>
          </ns3:TrackPointExtension>
        </extensions>
      </trkpt>
      <trkpt lat="31.1616455018520355224609375" lon="121.1998057924211025238037109375">
        <ele>2.400000095367431640625</ele>
        <time>2025-10-05T12:14:47.000Z</time>
        <extensions>
          <ns3:TrackPointExtension>
            <ns3:hr>141</ns3:hr>
            <ns3:cad>87</ns3:cad>
          </ns3:TrackPointExtension>
        </extensions>
      </trkpt>
      <trkpt lat="31.161619685590267181396484375" lon="121.19981844909489154815673828125">
        <ele>2.400000095367431640625</ele>
        <time>2025-10-05T12:14:48.000Z</time>
        <extensions>
          <ns3:TrackPointExtension>
            <ns3:hr>141</ns3:hr>
            <ns3:cad>88</ns3:cad>
          </ns3:TrackPointExtension>
        </extensions>
      </trkpt>
      <trkpt lat="31.1615859903395175933837890625" lon="121.19982741773128509521484375">
        <ele>2.599999904632568359375</ele>
        <time>2025-10-05T12:14:49.000Z</time>
        <extensions>
          <ns3:TrackPointExtension>
            <ns3:hr>141</ns3:hr>
            <ns3:cad>88</ns3:cad>
          </ns3:TrackPointExtension>
        </extensions>
      </trkpt>
      <trkpt lat="31.16156394593417644500732421875" lon="121.19984108023345470428466796875">
        <ele>2.599999904632568359375</ele>
        <time>2025-10-05T12:14:50.000Z</time>
        <extensions>
          <ns3:TrackPointExtension>
            <ns3:hr>141</ns3:hr>
            <ns3:cad>87</ns3:cad>
          </ns3:TrackPointExtension>
        </extensions>
      </trkpt>
      <trkpt lat="31.1615353636443614959716796875" lon="121.1998523958027362823486328125">
        <ele>2.599999904632568359375</ele>
        <time>2025-10-05T12:14:51.000Z</time>
        <extensions>
          <ns3:TrackPointExtension>
            <ns3:hr>142</ns3:hr>
            <ns3:cad>87</ns3:cad>
          </ns3:TrackPointExtension>
        </extensions>
      </trkpt>
      <trkpt lat="31.16150443442165851593017578125" lon="121.1998580954968929290771484375">
        <ele>2.599999904632568359375</ele>
        <time>2025-10-05T12:14:52.000Z</time>
        <extensions>
          <ns3:TrackPointExtension>
            <ns3:hr>142</ns3:hr>
            <ns3:cad>88</ns3:cad>
          </ns3:TrackPointExtension>
        </extensions>
      </trkpt>
      <trkpt lat="31.16147719323635101318359375" lon="121.19986069388687610626220703125">
        <ele>2.599999904632568359375</ele>
        <time>2025-10-05T12:14:53.000Z</time>
        <extensions>
          <ns3:TrackPointExtension>
            <ns3:hr>142</ns3:hr>
            <ns3:cad>88</ns3:cad>
          </ns3:TrackPointExtension>
        </extensions>
      </trkpt>
      <trkpt lat="31.16145179606974124908447265625" lon="121.19983504526317119598388671875">
        <ele>2.400000095367431640625</ele>
        <time>2025-10-05T12:14:54.000Z</time>
        <extensions>
          <ns3:TrackPointExtension>
            <ns3:hr>142</ns3:hr>
            <ns3:cad>88</ns3:cad>
          </ns3:TrackPointExtension>
        </extensions>
      </trkpt>
      <trkpt lat="31.16143469698727130889892578125" lon="121.19981425814330577850341796875">
        <ele>2.400000095367431640625</ele>
        <time>2025-10-05T12:14:55.000Z</time>
        <extensions>
          <ns3:TrackPointExtension>
            <ns3:hr>142</ns3:hr>
            <ns3:cad>87</ns3:cad>
          </ns3:TrackPointExtension>
        </extensions>
      </trkpt>
      <trkpt lat="31.16143050603568553924560546875" lon="121.1997789703309535980224609375">
        <ele>2.2000000476837158203125</ele>
        <time>2025-10-05T12:14:56.000Z</time>
        <extensions>
          <ns3:TrackPointExtension>
            <ns3:hr>142</ns3:hr>
            <ns3:cad>87</ns3:cad>
          </ns3:TrackPointExtension>
        </extensions>
      </trkpt>
      <trkpt lat="31.16141759790480136871337890625" lon="121.19975105859339237213134765625">
        <ele>2.2000000476837158203125</ele>
        <time>2025-10-05T12:14:57.000Z</time>
        <extensions>
          <ns3:TrackPointExtension>
            <ns3:hr>142</ns3:hr>
            <ns3:cad>87</ns3:cad>
          </ns3:TrackPointExtension>
        </extensions>
      </trkpt>
      <trkpt lat="31.16140871308743953704833984375" lon="121.199718452990055084228515625">
        <ele>2.2000000476837158203125</ele>
        <time>2025-10-05T12:14:58.000Z</time>
        <extensions>
          <ns3:TrackPointExtension>
            <ns3:hr>142</ns3:hr>
            <ns3:cad>87</ns3:cad>
          </ns3:TrackPointExtension>
        </extensions>
      </trkpt>
      <trkpt lat="31.16140267811715602874755859375" lon="121.19968953542411327362060546875">
        <ele>2.2000000476837158203125</ele>
        <time>2025-10-05T12:14:59.000Z</time>
        <extensions>
          <ns3:TrackPointExtension>
            <ns3:hr>142</ns3:hr>
            <ns3:cad>86</ns3:cad>
          </ns3:TrackPointExtension>
        </extensions>
      </trkpt>
      <trkpt lat="31.1613960564136505126953125" lon="121.19965936057269573211669921875">
        <ele>2.400000095367431640625</ele>
        <time>2025-10-05T12:15:00.000Z</time>
        <extensions>
          <ns3:TrackPointExtension>
            <ns3:hr>142</ns3:hr>
            <ns3:cad>86</ns3:cad>
          </ns3:TrackPointExtension>
        </extensions>
      </trkpt>
      <trkpt lat="31.161392033100128173828125" lon="121.199625916779041290283203125">
        <ele>2.400000095367431640625</ele>
        <time>2025-10-05T12:15:01.000Z</time>
        <extensions>
          <ns3:TrackPointExtension>
            <ns3:hr>142</ns3:hr>
            <ns3:cad>86</ns3:cad>
          </ns3:TrackPointExtension>
        </extensions>
      </trkpt>
      <trkpt lat="31.16138440556824207305908203125" lon="121.19959834031760692596435546875">
        <ele>2.400000095367431640625</ele>
        <time>2025-10-05T12:15:02.000Z</time>
        <extensions>
          <ns3:TrackPointExtension>
            <ns3:hr>142</ns3:hr>
            <ns3:cad>86</ns3:cad>
          </ns3:TrackPointExtension>
        </extensions>
      </trkpt>
      <trkpt lat="31.161378286778926849365234375" lon="121.1995633877813816070556640625">
        <ele>2.400000095367431640625</ele>
        <time>2025-10-05T12:15:03.000Z</time>
        <extensions>
          <ns3:TrackPointExtension>
            <ns3:hr>142</ns3:hr>
            <ns3:cad>86</ns3:cad>
          </ns3:TrackPointExtension>
        </extensions>
      </trkpt>
      <trkpt lat="31.16137015633285045623779296875" lon="121.19953648187220096588134765625">
        <ele>2.400000095367431640625</ele>
        <time>2025-10-05T12:15:04.000Z</time>
        <extensions>
          <ns3:TrackPointExtension>
            <ns3:hr>142</ns3:hr>
            <ns3:cad>86</ns3:cad>
          </ns3:TrackPointExtension>
        </extensions>
      </trkpt>
      <trkpt lat="31.1613665521144866943359375" lon="121.19949859566986560821533203125">
        <ele>2.400000095367431640625</ele>
        <time>2025-10-05T12:15:05.000Z</time>
        <extensions>
          <ns3:TrackPointExtension>
            <ns3:hr>142</ns3:hr>
            <ns3:cad>87</ns3:cad>
          </ns3:TrackPointExtension>
        </extensions>
      </trkpt>
      <trkpt lat="31.16135892458260059356689453125" lon="121.1994698457419872283935546875">
        <ele>2.400000095367431640625</ele>
        <time>2025-10-05T12:15:06.000Z</time>
        <extensions>
          <ns3:TrackPointExtension>
            <ns3:hr>143</ns3:hr>
            <ns3:cad>87</ns3:cad>
          </ns3:TrackPointExtension>
        </extensions>
      </trkpt>
      <trkpt lat="31.1613590084016323089599609375" lon="121.199430786073207855224609375">
        <ele>2.400000095367431640625</ele>
        <time>2025-10-05T12:15:07.000Z</time>
        <extensions>
          <ns3:TrackPointExtension>
            <ns3:hr>142</ns3:hr>
            <ns3:cad>87</ns3:cad>
          </ns3:TrackPointExtension>
        </extensions>
      </trkpt>
      <trkpt lat="31.1613553203642368316650390625" lon="121.199396587908267974853515625">
        <ele>2.400000095367431640625</ele>
        <time>2025-10-05T12:15:08.000Z</time>
        <extensions>
          <ns3:TrackPointExtension>
            <ns3:hr>142</ns3:hr>
            <ns3:cad>87</ns3:cad>
          </ns3:TrackPointExtension>
        </extensions>
      </trkpt>
      <trkpt lat="31.16135171614587306976318359375" lon="121.1993652395904064178466796875">
        <ele>2.400000095367431640625</ele>
        <time>2025-10-05T12:15:09.000Z</time>
        <extensions>
          <ns3:TrackPointExtension>
            <ns3:hr>142</ns3:hr>
            <ns3:cad>87</ns3:cad>
          </ns3:TrackPointExtension>
        </extensions>
      </trkpt>
      <trkpt lat="31.161348782479763031005859375" lon="121.19933045469224452972412109375">
        <ele>2.400000095367431640625</ele>
        <time>2025-10-05T12:15:10.000Z</time>
        <extensions>
          <ns3:TrackPointExtension>
            <ns3:hr>143</ns3:hr>
            <ns3:cad>87</ns3:cad>
          </ns3:TrackPointExtension>
        </extensions>
      </trkpt>
      <trkpt lat="31.16134366951882839202880859375" lon="121.19929810054600238800048828125">
        <ele>2.400000095367431640625</ele>
        <time>2025-10-05T12:15:11.000Z</time>
        <extensions>
          <ns3:TrackPointExtension>
            <ns3:hr>142</ns3:hr>
            <ns3:cad>87</ns3:cad>
          </ns3:TrackPointExtension>
        </extensions>
      </trkpt>
      <trkpt lat="31.16133612580597400665283203125" lon="121.1992649920284748077392578125">
        <ele>2.400000095367431640625</ele>
        <time>2025-10-05T12:15:12.000Z</time>
        <extensions>
          <ns3:TrackPointExtension>
            <ns3:hr>142</ns3:hr>
            <ns3:cad>87</ns3:cad>
          </ns3:TrackPointExtension>
        </extensions>
      </trkpt>
      <trkpt lat="31.161334030330181121826171875" lon="121.19923733174800872802734375">
        <ele>2.2000000476837158203125</ele>
        <time>2025-10-05T12:15:13.000Z</time>
        <extensions>
          <ns3:TrackPointExtension>
            <ns3:hr>142</ns3:hr>
            <ns3:cad>87</ns3:cad>
          </ns3:TrackPointExtension>
        </extensions>
      </trkpt>
      <trkpt lat="31.16133059374988079071044921875" lon="121.19920321740210056304931640625">
        <ele>2.2000000476837158203125</ele>
        <time>2025-10-05T12:15:14.000Z</time>
        <extensions>
          <ns3:TrackPointExtension>
            <ns3:hr>142</ns3:hr>
            <ns3:cad>87</ns3:cad>
          </ns3:TrackPointExtension>
        </extensions>
      </trkpt>
      <trkpt lat="31.161327324807643890380859375" lon="121.1991781555116176605224609375">
        <ele>2.2000000476837158203125</ele>
        <time>2025-10-05T12:15:15.000Z</time>
        <extensions>
          <ns3:TrackPointExtension>
            <ns3:hr>142</ns3:hr>
            <ns3:cad>87</ns3:cad>
          </ns3:TrackPointExtension>
        </extensions>
      </trkpt>
      <trkpt lat="31.16132296621799468994140625" lon="121.199143789708614349365234375">
        <ele>2.2000000476837158203125</ele>
        <time>2025-10-05T12:15:16.000Z</time>
        <extensions>
          <ns3:TrackPointExtension>
            <ns3:hr>142</ns3:hr>
            <ns3:cad>86</ns3:cad>
          </ns3:TrackPointExtension>
        </extensions>
      </trkpt>
      <trkpt lat="31.1613211221992969512939453125" lon="121.19911068119108676910400390625">
        <ele>2.2000000476837158203125</ele>
        <time>2025-10-05T12:15:17.000Z</time>
        <extensions>
          <ns3:TrackPointExtension>
            <ns3:hr>142</ns3:hr>
            <ns3:cad>86</ns3:cad>
          </ns3:TrackPointExtension>
        </extensions>
      </trkpt>
      <trkpt lat="31.1613124050199985504150390625" lon="121.19908302091062068939208984375">
        <ele>2.2000000476837158203125</ele>
        <time>2025-10-05T12:15:18.000Z</time>
        <extensions>
          <ns3:TrackPointExtension>
            <ns3:hr>142</ns3:hr>
            <ns3:cad>86</ns3:cad>
          </ns3:TrackPointExtension>
        </extensions>
      </trkpt>
      <trkpt lat="31.161306202411651611328125" lon="121.1990467272698879241943359375">
        <ele>2.2000000476837158203125</ele>
        <time>2025-10-05T12:15:19.000Z</time>
        <extensions>
          <ns3:TrackPointExtension>
            <ns3:hr>142</ns3:hr>
            <ns3:cad>86</ns3:cad>
          </ns3:TrackPointExtension>
        </extensions>
      </trkpt>
      <trkpt lat="31.16129622794687747955322265625" lon="121.1990242637693881988525390625">
        <ele>2.2000000476837158203125</ele>
        <time>2025-10-05T12:15:20.000Z</time>
        <extensions>
          <ns3:TrackPointExtension>
            <ns3:hr>142</ns3:hr>
            <ns3:cad>86</ns3:cad>
          </ns3:TrackPointExtension>
        </extensions>
      </trkpt>
      <trkpt lat="31.16128650493919849395751953125" lon="121.198993586003780364990234375">
        <ele>2.2000000476837158203125</ele>
        <time>2025-10-05T12:15:21.000Z</time>
        <extensions>
          <ns3:TrackPointExtension>
            <ns3:hr>142</ns3:hr>
            <ns3:cad>86</ns3:cad>
          </ns3:TrackPointExtension>
        </extensions>
      </trkpt>
      <trkpt lat="31.1612822301685810089111328125" lon="121.1989639140665531158447265625">
        <ele>2.2000000476837158203125</ele>
        <time>2025-10-05T12:15:22.000Z</time>
        <extensions>
          <ns3:TrackPointExtension>
            <ns3:hr>142</ns3:hr>
            <ns3:cad>86</ns3:cad>
          </ns3:TrackPointExtension>
        </extensions>
      </trkpt>
      <trkpt lat="31.1612795479595661163330078125" lon="121.19893684051930904388427734375">
        <ele>2.2000000476837158203125</ele>
        <time>2025-10-05T12:15:23.000Z</time>
        <extensions>
          <ns3:TrackPointExtension>
            <ns3:hr>142</ns3:hr>
            <ns3:cad>86</ns3:cad>
          </ns3:TrackPointExtension>
        </extensions>
      </trkpt>
      <trkpt lat="31.16127728484570980072021484375" lon="121.19890398345887660980224609375">
        <ele>2.2000000476837158203125</ele>
        <time>2025-10-05T12:15:24.000Z</time>
        <extensions>
          <ns3:TrackPointExtension>
            <ns3:hr>142</ns3:hr>
            <ns3:cad>86</ns3:cad>
          </ns3:TrackPointExtension>
        </extensions>
      </trkpt>
      <trkpt lat="31.1612748540937900543212890625" lon="121.19887850247323513031005859375">
        <ele>2.2000000476837158203125</ele>
        <time>2025-10-05T12:15:25.000Z</time>
        <extensions>
          <ns3:TrackPointExtension>
            <ns3:hr>141</ns3:hr>
            <ns3:cad>85</ns3:cad>
          </ns3:TrackPointExtension>
        </extensions>
      </trkpt>
      <trkpt lat="31.1612725071609020233154296875" lon="121.198846064507961273193359375">
        <ele>2.2000000476837158203125</ele>
        <time>2025-10-05T12:15:26.000Z</time>
        <extensions>
          <ns3:TrackPointExtension>
            <ns3:hr>142</ns3:hr>
            <ns3:cad>85</ns3:cad>
          </ns3:TrackPointExtension>
        </extensions>
      </trkpt>
      <trkpt lat="31.161268651485443115234375" lon="121.1988170631229877471923828125">
        <ele>2.2000000476837158203125</ele>
        <time>2025-10-05T12:15:27.000Z</time>
        <extensions>
          <ns3:TrackPointExtension>
            <ns3:hr>142</ns3:hr>
            <ns3:cad>85</ns3:cad>
          </ns3:TrackPointExtension>
        </extensions>
      </trkpt>
      <trkpt lat="31.16126672364771366119384765625" lon="121.198781020939350128173828125">
        <ele>2.2000000476837158203125</ele>
        <time>2025-10-05T12:15:28.000Z</time>
        <extensions>
          <ns3:TrackPointExtension>
            <ns3:hr>141</ns3:hr>
            <ns3:cad>85</ns3:cad>
          </ns3:TrackPointExtension>
        </extensions>
      </trkpt>
      <trkpt lat="31.16126152686774730682373046875" lon="121.19875143282115459442138671875">
        <ele>2.2000000476837158203125</ele>
        <time>2025-10-05T12:15:29.000Z</time>
        <extensions>
          <ns3:TrackPointExtension>
            <ns3:hr>142</ns3:hr>
            <ns3:cad>85</ns3:cad>
          </ns3:TrackPointExtension>
        </extensions>
      </trkpt>
      <trkpt lat="31.16125700064003467559814453125" lon="121.1987151391804218292236328125">
        <ele>2.2000000476837158203125</ele>
        <time>2025-10-05T12:15:30.000Z</time>
        <extensions>
          <ns3:TrackPointExtension>
            <ns3:hr>142</ns3:hr>
            <ns3:cad>86</ns3:cad>
          </ns3:TrackPointExtension>
        </extensions>
      </trkpt>
      <trkpt lat="31.1612493731081485748291015625" lon="121.19868672452867031097412109375">
        <ele>2.2000000476837158203125</ele>
        <time>2025-10-05T12:15:31.000Z</time>
        <extensions>
          <ns3:TrackPointExtension>
            <ns3:hr>141</ns3:hr>
            <ns3:cad>86</ns3:cad>
          </ns3:TrackPointExtension>
        </extensions>
      </trkpt>
      <trkpt lat="31.16124249994754791259765625" lon="121.19865596294403076171875">
        <ele>2.2000000476837158203125</ele>
        <time>2025-10-05T12:15:32.000Z</time>
        <extensions>
          <ns3:TrackPointExtension>
            <ns3:hr>141</ns3:hr>
            <ns3:cad>86</ns3:cad>
          </ns3:TrackPointExtension>
        </extensions>
      </trkpt>
      <trkpt lat="31.1612362973392009735107421875" lon="121.19862235151231288909912109375">
        <ele>2.2000000476837158203125</ele>
        <time>2025-10-05T12:15:33.000Z</time>
        <extensions>
          <ns3:TrackPointExtension>
            <ns3:hr>141</ns3:hr>
            <ns3:cad>87</ns3:cad>
          </ns3:TrackPointExtension>
        </extensions>
      </trkpt>
      <trkpt lat="31.16122967563569545745849609375" lon="121.198591254651546478271484375">
        <ele>2.2000000476837158203125</ele>
        <time>2025-10-05T12:15:34.000Z</time>
        <extensions>
          <ns3:TrackPointExtension>
            <ns3:hr>142</ns3:hr>
            <ns3:cad>88</ns3:cad>
          </ns3:TrackPointExtension>
        </extensions>
      </trkpt>
      <trkpt lat="31.1612212099134922027587890625" lon="121.198555044829845428466796875">
        <ele>2.2000000476837158203125</ele>
        <time>2025-10-05T12:15:35.000Z</time>
        <extensions>
          <ns3:TrackPointExtension>
            <ns3:hr>141</ns3:hr>
            <ns3:cad>87</ns3:cad>
          </ns3:TrackPointExtension>
        </extensions>
      </trkpt>
      <trkpt lat="31.1612101458013057708740234375" lon="121.19852512143552303314208984375">
        <ele>2.2000000476837158203125</ele>
        <time>2025-10-05T12:15:36.000Z</time>
        <extensions>
          <ns3:TrackPointExtension>
            <ns3:hr>142</ns3:hr>
            <ns3:cad>87</ns3:cad>
          </ns3:TrackPointExtension>
        </extensions>
      </trkpt>
      <trkpt lat="31.1612014286220073699951171875" lon="121.19848555885255336761474609375">
        <ele>2.2000000476837158203125</ele>
        <time>2025-10-05T12:15:37.000Z</time>
        <extensions>
          <ns3:TrackPointExtension>
            <ns3:hr>142</ns3:hr>
            <ns3:cad>87</ns3:cad>
          </ns3:TrackPointExtension>
        </extensions>
      </trkpt>
      <trkpt lat="31.1611933819949626922607421875" lon="121.19845303706824779510498046875">
        <ele>2.2000000476837158203125</ele>
        <time>2025-10-05T12:15:38.000Z</time>
        <extensions>
          <ns3:TrackPointExtension>
            <ns3:hr>142</ns3:hr>
            <ns3:cad>87</ns3:cad>
          </ns3:TrackPointExtension>
        </extensions>
      </trkpt>
      <trkpt lat="31.1611927114427089691162109375" lon="121.19841682724654674530029296875">
        <ele>2.2000000476837158203125</ele>
        <time>2025-10-05T12:15:39.000Z</time>
        <extensions>
          <ns3:TrackPointExtension>
            <ns3:hr>142</ns3:hr>
            <ns3:cad>87</ns3:cad>
          </ns3:TrackPointExtension>
        </extensions>
      </trkpt>
      <trkpt lat="31.16119061596691608428955078125" lon="121.1983848921954631805419921875">
        <ele>2.2000000476837158203125</ele>
        <time>2025-10-05T12:15:40.000Z</time>
        <extensions>
          <ns3:TrackPointExtension>
            <ns3:hr>141</ns3:hr>
            <ns3:cad>87</ns3:cad>
          </ns3:TrackPointExtension>
        </extensions>
      </trkpt>
      <trkpt lat="31.1611895263195037841796875" lon="121.19834952056407928466796875">
        <ele>2.2000000476837158203125</ele>
        <time>2025-10-05T12:15:41.000Z</time>
        <extensions>
          <ns3:TrackPointExtension>
            <ns3:hr>142</ns3:hr>
            <ns3:cad>87</ns3:cad>
          </ns3:TrackPointExtension>
        </extensions>
      </trkpt>
      <trkpt lat="31.161185838282108306884765625" lon="121.19831523858010768890380859375">
        <ele>2.2000000476837158203125</ele>
        <time>2025-10-05T12:15:42.000Z</time>
        <extensions>
          <ns3:TrackPointExtension>
            <ns3:hr>142</ns3:hr>
            <ns3:cad>87</ns3:cad>
          </ns3:TrackPointExtension>
        </extensions>
      </trkpt>
      <trkpt lat="31.16117921657860279083251953125" lon="121.19828456081449985504150390625">
        <ele>2.2000000476837158203125</ele>
        <time>2025-10-05T12:15:43.000Z</time>
        <extensions>
          <ns3:TrackPointExtension>
            <ns3:hr>141</ns3:hr>
            <ns3:cad>87</ns3:cad>
          </ns3:TrackPointExtension>
        </extensions>
      </trkpt>
      <trkpt lat="31.1611746065318584442138671875" lon="121.1982457526028156280517578125">
        <ele>2.2000000476837158203125</ele>
        <time>2025-10-05T12:15:44.000Z</time>
        <extensions>
          <ns3:TrackPointExtension>
            <ns3:hr>142</ns3:hr>
            <ns3:cad>87</ns3:cad>
          </ns3:TrackPointExtension>
        </extensions>
      </trkpt>
      <trkpt lat="31.16116563789546489715576171875" lon="121.19821599684655666351318359375">
        <ele>2.2000000476837158203125</ele>
        <time>2025-10-05T12:15:45.000Z</time>
        <extensions>
          <ns3:TrackPointExtension>
            <ns3:hr>142</ns3:hr>
            <ns3:cad>87</ns3:cad>
          </ns3:TrackPointExtension>
        </extensions>
      </trkpt>
      <trkpt lat="31.16115356795489788055419921875" lon="121.19818322360515594482421875">
        <ele>2.2000000476837158203125</ele>
        <time>2025-10-05T12:15:46.000Z</time>
        <extensions>
          <ns3:TrackPointExtension>
            <ns3:hr>141</ns3:hr>
            <ns3:cad>87</ns3:cad>
          </ns3:TrackPointExtension>
        </extensions>
      </trkpt>
      <trkpt lat="31.16114367730915546417236328125" lon="121.19815715588629245758056640625">
        <ele>2.2000000476837158203125</ele>
        <time>2025-10-05T12:15:47.000Z</time>
        <extensions>
          <ns3:TrackPointExtension>
            <ns3:hr>142</ns3:hr>
            <ns3:cad>87</ns3:cad>
          </ns3:TrackPointExtension>
        </extensions>
      </trkpt>
      <trkpt lat="31.161134876310825347900390625" lon="121.19812446646392345428466796875">
        <ele>2.2000000476837158203125</ele>
        <time>2025-10-05T12:15:48.000Z</time>
        <extensions>
          <ns3:TrackPointExtension>
            <ns3:hr>142</ns3:hr>
            <ns3:cad>87</ns3:cad>
          </ns3:TrackPointExtension>
        </extensions>
      </trkpt>
      <trkpt lat="31.16112448275089263916015625" lon="121.19809580035507678985595703125">
        <ele>2.2000000476837158203125</ele>
        <time>2025-10-05T12:15:49.000Z</time>
        <extensions>
          <ns3:TrackPointExtension>
            <ns3:hr>142</ns3:hr>
            <ns3:cad>87</ns3:cad>
          </ns3:TrackPointExtension>
        </extensions>
      </trkpt>
      <trkpt lat="31.161118112504482269287109375" lon="121.19805841706693172454833984375">
        <ele>2.2000000476837158203125</ele>
        <time>2025-10-05T12:15:50.000Z</time>
        <extensions>
          <ns3:TrackPointExtension>
            <ns3:hr>143</ns3:hr>
            <ns3:cad>87</ns3:cad>
          </ns3:TrackPointExtension>
        </extensions>
      </trkpt>
      <trkpt lat="31.16111350245773792266845703125" lon="121.19802824221551418304443359375">
        <ele>2.2000000476837158203125</ele>
        <time>2025-10-05T12:15:51.000Z</time>
        <extensions>
          <ns3:TrackPointExtension>
            <ns3:hr>143</ns3:hr>
            <ns3:cad>88</ns3:cad>
          </ns3:TrackPointExtension>
        </extensions>
      </trkpt>
      <trkpt lat="31.16110797040164470672607421875" lon="121.1979946307837963104248046875">
        <ele>2.2000000476837158203125</ele>
        <time>2025-10-05T12:15:52.000Z</time>
        <extensions>
          <ns3:TrackPointExtension>
            <ns3:hr>143</ns3:hr>
            <ns3:cad>88</ns3:cad>
          </ns3:TrackPointExtension>
        </extensions>
      </trkpt>
      <trkpt lat="31.16110512055456638336181640625" lon="121.1979639530181884765625">
        <ele>2.2000000476837158203125</ele>
        <time>2025-10-05T12:15:53.000Z</time>
        <extensions>
          <ns3:TrackPointExtension>
            <ns3:hr>144</ns3:hr>
            <ns3:cad>89</ns3:cad>
          </ns3:TrackPointExtension>
        </extensions>
      </trkpt>
      <trkpt lat="31.1610998399555683135986328125" lon="121.19793101213872432708740234375">
        <ele>2.2000000476837158203125</ele>
        <time>2025-10-05T12:15:54.000Z</time>
        <extensions>
          <ns3:TrackPointExtension>
            <ns3:hr>144</ns3:hr>
            <ns3:cad>89</ns3:cad>
          </ns3:TrackPointExtension>
        </extensions>
      </trkpt>
      <trkpt lat="31.16109455935657024383544921875" lon="121.19789748452603816986083984375">
        <ele>2.2000000476837158203125</ele>
        <time>2025-10-05T12:15:55.000Z</time>
        <extensions>
          <ns3:TrackPointExtension>
            <ns3:hr>145</ns3:hr>
            <ns3:cad>89</ns3:cad>
          </ns3:TrackPointExtension>
        </extensions>
      </trkpt>
      <trkpt lat="31.161087267100811004638671875" lon="121.19786814786493778228759765625">
        <ele>2.2000000476837158203125</ele>
        <time>2025-10-05T12:15:56.000Z</time>
        <extensions>
          <ns3:TrackPointExtension>
            <ns3:hr>145</ns3:hr>
            <ns3:cad>88</ns3:cad>
          </ns3:TrackPointExtension>
        </extensions>
      </trkpt>
      <trkpt lat="31.1610820703208446502685546875" lon="121.1978313513100147247314453125">
        <ele>2.2000000476837158203125</ele>
        <time>2025-10-05T12:15:57.000Z</time>
        <extensions>
          <ns3:TrackPointExtension>
            <ns3:hr>145</ns3:hr>
            <ns3:cad>88</ns3:cad>
          </ns3:TrackPointExtension>
        </extensions>
      </trkpt>
      <trkpt lat="31.161077208817005157470703125" lon="121.19780075736343860626220703125">
        <ele>2.2000000476837158203125</ele>
        <time>2025-10-05T12:15:58.000Z</time>
        <extensions>
          <ns3:TrackPointExtension>
            <ns3:hr>145</ns3:hr>
            <ns3:cad>87</ns3:cad>
          </ns3:TrackPointExtension>
        </extensions>
      </trkpt>
      <trkpt lat="31.16107159294188022613525390625" lon="121.197768151760101318359375">
        <ele>2.2000000476837158203125</ele>
        <time>2025-10-05T12:15:59.000Z</time>
        <extensions>
          <ns3:TrackPointExtension>
            <ns3:hr>145</ns3:hr>
            <ns3:cad>87</ns3:cad>
          </ns3:TrackPointExtension>
        </extensions>
      </trkpt>
      <trkpt lat="31.161066479980945587158203125" lon="121.197738312184810638427734375">
        <ele>2.2000000476837158203125</ele>
        <time>2025-10-05T12:16:00.000Z</time>
        <extensions>
          <ns3:TrackPointExtension>
            <ns3:hr>145</ns3:hr>
            <ns3:cad>87</ns3:cad>
          </ns3:TrackPointExtension>
        </extensions>
      </trkpt>
      <trkpt lat="31.16106438450515270233154296875" lon="121.19770587421953678131103515625">
        <ele>2.2000000476837158203125</ele>
        <time>2025-10-05T12:16:01.000Z</time>
        <extensions>
          <ns3:TrackPointExtension>
            <ns3:hr>145</ns3:hr>
            <ns3:cad>87</ns3:cad>
          </ns3:TrackPointExtension>
        </extensions>
      </trkpt>
      <trkpt lat="31.161061115562915802001953125" lon="121.197674274444580078125">
        <ele>2.2000000476837158203125</ele>
        <time>2025-10-05T12:16:02.000Z</time>
        <extensions>
          <ns3:TrackPointExtension>
            <ns3:hr>144</ns3:hr>
            <ns3:cad>87</ns3:cad>
          </ns3:TrackPointExtension>
        </extensions>
      </trkpt>
      <trkpt lat="31.161054410040378570556640625" lon="121.19764401577413082122802734375">
        <ele>2.2000000476837158203125</ele>
        <time>2025-10-05T12:16:03.000Z</time>
        <extensions>
          <ns3:TrackPointExtension>
            <ns3:hr>145</ns3:hr>
            <ns3:cad>87</ns3:cad>
          </ns3:TrackPointExtension>
        </extensions>
      </trkpt>
      <trkpt lat="31.1610529012978076934814453125" lon="121.1976093985140323638916015625">
        <ele>2</ele>
        <time>2025-10-05T12:16:04.000Z</time>
        <extensions>
          <ns3:TrackPointExtension>
            <ns3:hr>145</ns3:hr>
            <ns3:cad>87</ns3:cad>
          </ns3:TrackPointExtension>
        </extensions>
      </trkpt>
      <trkpt lat="31.16104594431817531585693359375" lon="121.19758266024291515350341796875">
        <ele>2.2000000476837158203125</ele>
        <time>2025-10-05T12:16:05.000Z</time>
        <extensions>
          <ns3:TrackPointExtension>
            <ns3:hr>145</ns3:hr>
            <ns3:cad>86</ns3:cad>
          </ns3:TrackPointExtension>
        </extensions>
      </trkpt>
      <trkpt lat="31.161047704517841339111328125" lon="121.1975456960499286651611328125">
        <ele>2.2000000476837158203125</ele>
        <time>2025-10-05T12:16:06.000Z</time>
        <extensions>
          <ns3:TrackPointExtension>
            <ns3:hr>144</ns3:hr>
            <ns3:cad>85</ns3:cad>
          </ns3:TrackPointExtension>
        </extensions>
      </trkpt>
      <trkpt lat="31.16104577668011188507080078125" lon="121.1975168623030185699462890625">
        <ele>2.2000000476837158203125</ele>
        <time>2025-10-05T12:16:07.000Z</time>
        <extensions>
          <ns3:TrackPointExtension>
            <ns3:hr>144</ns3:hr>
            <ns3:cad>85</ns3:cad>
          </ns3:TrackPointExtension>
        </extensions>
      </trkpt>
      <trkpt lat="31.161044351756572723388671875" lon="121.19748157449066638946533203125">
        <ele>2.2000000476837158203125</ele>
        <time>2025-10-05T12:16:08.000Z</time>
        <extensions>
          <ns3:TrackPointExtension>
            <ns3:hr>144</ns3:hr>
            <ns3:cad>85</ns3:cad>
          </ns3:TrackPointExtension>
        </extensions>
      </trkpt>
      <trkpt lat="31.16104158572852611541748046875" lon="121.19745072908699512481689453125">
        <ele>2.2000000476837158203125</ele>
        <time>2025-10-05T12:16:09.000Z</time>
        <extensions>
          <ns3:TrackPointExtension>
            <ns3:hr>144</ns3:hr>
            <ns3:cad>85</ns3:cad>
          </ns3:TrackPointExtension>
        </extensions>
      </trkpt>
      <trkpt lat="31.16103538312017917633056640625" lon="121.19741736911237239837646484375">
        <ele>2.2000000476837158203125</ele>
        <time>2025-10-05T12:16:10.000Z</time>
        <extensions>
          <ns3:TrackPointExtension>
            <ns3:hr>144</ns3:hr>
            <ns3:cad>85</ns3:cad>
          </ns3:TrackPointExtension>
        </extensions>
      </trkpt>
      <trkpt lat="31.1610290966928005218505859375" lon="121.19738199748098850250244140625">
        <ele>2.2000000476837158203125</ele>
        <time>2025-10-05T12:16:11.000Z</time>
        <extensions>
          <ns3:TrackPointExtension>
            <ns3:hr>145</ns3:hr>
            <ns3:cad>87</ns3:cad>
          </ns3:TrackPointExtension>
        </extensions>
      </trkpt>
      <trkpt lat="31.1610170267522335052490234375" lon="121.1973441950976848602294921875">
        <ele>2.2000000476837158203125</ele>
        <time>2025-10-05T12:16:12.000Z</time>
        <extensions>
          <ns3:TrackPointExtension>
            <ns3:hr>145</ns3:hr>
            <ns3:cad>87</ns3:cad>
          </ns3:TrackPointExtension>
        </extensions>
      </trkpt>
      <trkpt lat="31.161000765860080718994140625" lon="121.19731477461755275726318359375">
        <ele>2.2000000476837158203125</ele>
        <time>2025-10-05T12:16:13.000Z</time>
        <extensions>
          <ns3:TrackPointExtension>
            <ns3:hr>145</ns3:hr>
            <ns3:cad>87</ns3:cad>
          </ns3:TrackPointExtension>
        </extensions>
      </trkpt>
      <trkpt lat="31.160985343158245086669921875" lon="121.19731284677982330322265625">
        <ele>2.2000000476837158203125</ele>
        <time>2025-10-05T12:16:14.000Z</time>
        <extensions>
          <ns3:TrackPointExtension>
            <ns3:hr>144</ns3:hr>
            <ns3:cad>87</ns3:cad>
          </ns3:TrackPointExtension>
        </extensions>
      </trkpt>
      <trkpt lat="31.16097670979797840118408203125" lon="121.1973371542990207672119140625">
        <ele>2.400000095367431640625</ele>
        <time>2025-10-05T12:16:15.000Z</time>
        <extensions>
          <ns3:TrackPointExtension>
            <ns3:hr>144</ns3:hr>
            <ns3:cad>87</ns3:cad>
          </ns3:TrackPointExtension>
        </extensions>
      </trkpt>
      <trkpt lat="31.16097251884639263153076171875" lon="121.19736338965594768524169921875">
        <ele>2.400000095367431640625</ele>
        <time>2025-10-05T12:16:16.000Z</time>
        <extensions>
          <ns3:TrackPointExtension>
            <ns3:hr>144</ns3:hr>
            <ns3:cad>87</ns3:cad>
          </ns3:TrackPointExtension>
        </extensions>
      </trkpt>
      <trkpt lat="31.1609741114079952239990234375" lon="121.1973998509347438812255859375">
        <ele>2.400000095367431640625</ele>
        <time>2025-10-05T12:16:17.000Z</time>
        <extensions>
          <ns3:TrackPointExtension>
            <ns3:hr>144</ns3:hr>
            <ns3:cad>87</ns3:cad>
          </ns3:TrackPointExtension>
        </extensions>
      </trkpt>
      <trkpt lat="31.1609791405498981475830078125" lon="121.1974233202636241912841796875">
        <ele>2.400000095367431640625</ele>
        <time>2025-10-05T12:16:18.000Z</time>
        <extensions>
          <ns3:TrackPointExtension>
            <ns3:hr>145</ns3:hr>
            <ns3:cad>87</ns3:cad>
          </ns3:TrackPointExtension>
        </extensions>
      </trkpt>
      <trkpt lat="31.1609861813485622406005859375" lon="121.19745106436312198638916015625">
        <ele>2.2000000476837158203125</ele>
        <time>2025-10-05T12:16:19.000Z</time>
        <extensions>
          <ns3:TrackPointExtension>
            <ns3:hr>145</ns3:hr>
            <ns3:cad>85</ns3:cad>
          </ns3:TrackPointExtension>
        </extensions>
      </trkpt>
      <trkpt lat="31.160993389785289764404296875" lon="121.1974779702723026275634765625">
        <ele>2.2000000476837158203125</ele>
        <time>2025-10-05T12:16:20.000Z</time>
        <extensions>
          <ns3:TrackPointExtension>
            <ns3:hr>145</ns3:hr>
            <ns3:cad>85</ns3:cad>
          </ns3:TrackPointExtension>
        </extensions>
      </trkpt>
      <trkpt lat="31.16100185550749301910400390625" lon="121.1975047923624515533447265625">
        <ele>2.400000095367431640625</ele>
        <time>2025-10-05T12:16:21.000Z</time>
        <extensions>
          <ns3:TrackPointExtension>
            <ns3:hr>145</ns3:hr>
            <ns3:cad>85</ns3:cad>
          </ns3:TrackPointExtension>
        </extensions>
      </trkpt>
      <trkpt lat="31.16100537590682506561279296875" lon="121.197541169822216033935546875">
        <ele>2.400000095367431640625</ele>
        <time>2025-10-05T12:16:22.000Z</time>
        <extensions>
          <ns3:TrackPointExtension>
            <ns3:hr>145</ns3:hr>
            <ns3:cad>85</ns3:cad>
          </ns3:TrackPointExtension>
        </extensions>
      </trkpt>
      <trkpt lat="31.1610136739909648895263671875" lon="121.19756924919784069061279296875">
        <ele>2.400000095367431640625</ele>
        <time>2025-10-05T12:16:23.000Z</time>
        <extensions>
          <ns3:TrackPointExtension>
            <ns3:hr>145</ns3:hr>
            <ns3:cad>86</ns3:cad>
          </ns3:TrackPointExtension>
        </extensions>
      </trkpt>
      <trkpt lat="31.16101845167577266693115234375" lon="121.1976050399243831634521484375">
        <ele>2.400000095367431640625</ele>
        <time>2025-10-05T12:16:24.000Z</time>
        <extensions>
          <ns3:TrackPointExtension>
            <ns3:hr>145</ns3:hr>
            <ns3:cad>87</ns3:cad>
          </ns3:TrackPointExtension>
        </extensions>
      </trkpt>
      <trkpt lat="31.16102213971316814422607421875" lon="121.19763429276645183563232421875">
        <ele>2.400000095367431640625</ele>
        <time>2025-10-05T12:16:25.000Z</time>
        <extensions>
          <ns3:TrackPointExtension>
            <ns3:hr>145</ns3:hr>
            <ns3:cad>87</ns3:cad>
          </ns3:TrackPointExtension>
        </extensions>
      </trkpt>
      <trkpt lat="31.16102281026542186737060546875" lon="121.1976694129407405853271484375">
        <ele>2.400000095367431640625</ele>
        <time>2025-10-05T12:16:26.000Z</time>
        <extensions>
          <ns3:TrackPointExtension>
            <ns3:hr>145</ns3:hr>
            <ns3:cad>87</ns3:cad>
          </ns3:TrackPointExtension>
        </extensions>
      </trkpt>
      <trkpt lat="31.16102431900799274444580078125" lon="121.19769849814474582672119140625">
        <ele>2.400000095367431640625</ele>
        <time>2025-10-05T12:16:27.000Z</time>
        <extensions>
          <ns3:TrackPointExtension>
            <ns3:hr>146</ns3:hr>
            <ns3:cad>87</ns3:cad>
          </ns3:TrackPointExtension>
        </extensions>
      </trkpt>
      <trkpt lat="31.1610244028270244598388671875" lon="121.19773286394774913787841796875">
        <ele>2.400000095367431640625</ele>
        <time>2025-10-05T12:16:28.000Z</time>
        <extensions>
          <ns3:TrackPointExtension>
            <ns3:hr>146</ns3:hr>
            <ns3:cad>87</ns3:cad>
          </ns3:TrackPointExtension>
        </extensions>
      </trkpt>
      <trkpt lat="31.16102381609380245208740234375" lon="121.1977614462375640869140625">
        <ele>2.400000095367431640625</ele>
        <time>2025-10-05T12:16:29.000Z</time>
        <extensions>
          <ns3:TrackPointExtension>
            <ns3:hr>146</ns3:hr>
            <ns3:cad>88</ns3:cad>
          </ns3:TrackPointExtension>
        </extensions>
      </trkpt>
      <trkpt lat="31.16102549247443675994873046875" lon="121.197791285812854766845703125">
        <ele>2.2000000476837158203125</ele>
        <time>2025-10-05T12:16:30.000Z</time>
        <extensions>
          <ns3:TrackPointExtension>
            <ns3:hr>146</ns3:hr>
            <ns3:cad>88</ns3:cad>
          </ns3:TrackPointExtension>
        </extensions>
      </trkpt>
      <trkpt lat="31.16102716885507106781005859375" lon="121.1978196166455745697021484375">
        <ele>2.2000000476837158203125</ele>
        <time>2025-10-05T12:16:31.000Z</time>
        <extensions>
          <ns3:TrackPointExtension>
            <ns3:hr>146</ns3:hr>
            <ns3:cad>88</ns3:cad>
          </ns3:TrackPointExtension>
        </extensions>
      </trkpt>
      <trkpt lat="31.1610381491482257843017578125" lon="121.197852976620197296142578125">
        <ele>2.2000000476837158203125</ele>
        <time>2025-10-05T12:16:32.000Z</time>
        <extensions>
          <ns3:TrackPointExtension>
            <ns3:hr>146</ns3:hr>
            <ns3:cad>88</ns3:cad>
          </ns3:TrackPointExtension>
        </extensions>
      </trkpt>
      <trkpt lat="31.16104577668011188507080078125" lon="121.19788340292870998382568359375">
        <ele>2.2000000476837158203125</ele>
        <time>2025-10-05T12:16:33.000Z</time>
        <extensions>
          <ns3:TrackPointExtension>
            <ns3:hr>146</ns3:hr>
            <ns3:cad>88</ns3:cad>
          </ns3:TrackPointExtension>
        </extensions>
      </trkpt>
      <trkpt lat="31.16105684079229831695556640625" lon="121.1979077942669391632080078125">
        <ele>2.2000000476837158203125</ele>
        <time>2025-10-05T12:16:34.000Z</time>
        <extensions>
          <ns3:TrackPointExtension>
            <ns3:hr>146</ns3:hr>
            <ns3:cad>87</ns3:cad>
          </ns3:TrackPointExtension>
        </extensions>
      </trkpt>
      <trkpt lat="31.16106555797159671783447265625" lon="121.1979423277080059051513671875">
        <ele>2.2000000476837158203125</ele>
        <time>2025-10-05T12:16:35.000Z</time>
        <extensions>
          <ns3:TrackPointExtension>
            <ns3:hr>146</ns3:hr>
            <ns3:cad>87</ns3:cad>
          </ns3:TrackPointExtension>
        </extensions>
      </trkpt>
      <trkpt lat="31.16107528097927570343017578125" lon="121.1979644559323787689208984375">
        <ele>2.2000000476837158203125</ele>
        <time>2025-10-05T12:16:36.000Z</time>
        <extensions>
          <ns3:TrackPointExtension>
            <ns3:hr>146</ns3:hr>
            <ns3:cad>87</ns3:cad>
          </ns3:TrackPointExtension>
        </extensions>
      </trkpt>
      <trkpt lat="31.16108399815857410430908203125" lon="121.19799689389765262603759765625">
        <ele>2.2000000476837158203125</ele>
        <time>2025-10-05T12:16:37.000Z</time>
        <extensions>
          <ns3:TrackPointExtension>
            <ns3:hr>147</ns3:hr>
            <ns3:cad>87</ns3:cad>
          </ns3:TrackPointExtension>
        </extensions>
      </trkpt>
      <trkpt lat="31.1610914580523967742919921875" lon="121.19802723638713359832763671875">
        <ele>2.2000000476837158203125</ele>
        <time>2025-10-05T12:16:38.000Z</time>
        <extensions>
          <ns3:TrackPointExtension>
            <ns3:hr>146</ns3:hr>
            <ns3:cad>87</ns3:cad>
          </ns3:TrackPointExtension>
        </extensions>
      </trkpt>
      <trkpt lat="31.16109338589012622833251953125" lon="121.19806227274239063262939453125">
        <ele>2.2000000476837158203125</ele>
        <time>2025-10-05T12:16:39.000Z</time>
        <extensions>
          <ns3:TrackPointExtension>
            <ns3:hr>146</ns3:hr>
            <ns3:cad>87</ns3:cad>
          </ns3:TrackPointExtension>
        </extensions>
      </trkpt>
      <trkpt lat="31.16109908558428287506103515625" lon="121.19809328578412532806396484375">
        <ele>2.2000000476837158203125</ele>
        <time>2025-10-05T12:16:40.000Z</time>
        <extensions>
          <ns3:TrackPointExtension>
            <ns3:hr>146</ns3:hr>
            <ns3:cad>87</ns3:cad>
          </ns3:TrackPointExtension>
        </extensions>
      </trkpt>
      <trkpt lat="31.161105372011661529541015625" lon="121.19812413118779659271240234375">
        <ele>2.2000000476837158203125</ele>
        <time>2025-10-05T12:16:41.000Z</time>
        <extensions>
          <ns3:TrackPointExtension>
            <ns3:hr>146</ns3:hr>
            <ns3:cad>87</ns3:cad>
          </ns3:TrackPointExtension>
        </extensions>
      </trkpt>
      <trkpt lat="31.161111406981945037841796875" lon="121.1981548927724361419677734375">
        <ele>2.2000000476837158203125</ele>
        <time>2025-10-05T12:16:42.000Z</time>
        <extensions>
          <ns3:TrackPointExtension>
            <ns3:hr>146</ns3:hr>
            <ns3:cad>87</ns3:cad>
          </ns3:TrackPointExtension>
        </extensions>
      </trkpt>
      <trkpt lat="31.16111802868545055389404296875" lon="121.19818414561450481414794921875">
        <ele>2.2000000476837158203125</ele>
        <time>2025-10-05T12:16:43.000Z</time>
        <extensions>
          <ns3:TrackPointExtension>
            <ns3:hr>147</ns3:hr>
            <ns3:cad>87</ns3:cad>
          </ns3:TrackPointExtension>
        </extensions>
      </trkpt>
      <trkpt lat="31.16112188436090946197509765625" lon="121.1982196010649204254150390625">
        <ele>2.2000000476837158203125</ele>
        <time>2025-10-05T12:16:44.000Z</time>
        <extensions>
          <ns3:TrackPointExtension>
            <ns3:hr>146</ns3:hr>
            <ns3:cad>88</ns3:cad>
          </ns3:TrackPointExtension>
        </extensions>
      </trkpt>
      <trkpt lat="31.16113194264471530914306640625" lon="121.19824893772602081298828125">
        <ele>2.2000000476837158203125</ele>
        <time>2025-10-05T12:16:45.000Z</time>
        <extensions>
          <ns3:TrackPointExtension>
            <ns3:hr>146</ns3:hr>
            <ns3:cad>88</ns3:cad>
          </ns3:TrackPointExtension>
        </extensions>
      </trkpt>
      <trkpt lat="31.1611387319862842559814453125" lon="121.19828372262418270111083984375">
        <ele>2.2000000476837158203125</ele>
        <time>2025-10-05T12:16:46.000Z</time>
        <extensions>
          <ns3:TrackPointExtension>
            <ns3:hr>147</ns3:hr>
            <ns3:cad>88</ns3:cad>
          </ns3:TrackPointExtension>
        </extensions>
      </trkpt>
      <trkpt lat="31.16114937700331211090087890625" lon="121.19831104762852191925048828125">
        <ele>2.2000000476837158203125</ele>
        <time>2025-10-05T12:16:47.000Z</time>
        <extensions>
          <ns3:TrackPointExtension>
            <ns3:hr>146</ns3:hr>
            <ns3:cad>88</ns3:cad>
          </ns3:TrackPointExtension>
        </extensions>
      </trkpt>
      <trkpt lat="31.16115574724972248077392578125" lon="121.1983461678028106689453125">
        <ele>2.2000000476837158203125</ele>
        <time>2025-10-05T12:16:48.000Z</time>
        <extensions>
          <ns3:TrackPointExtension>
            <ns3:hr>146</ns3:hr>
            <ns3:cad>88</ns3:cad>
          </ns3:TrackPointExtension>
        </extensions>
      </trkpt>
      <trkpt lat="31.16115792654454708099365234375" lon="121.19837542064487934112548828125">
        <ele>2.2000000476837158203125</ele>
        <time>2025-10-05T12:16:49.000Z</time>
        <extensions>
          <ns3:TrackPointExtension>
            <ns3:hr>146</ns3:hr>
            <ns3:cad>87</ns3:cad>
          </ns3:TrackPointExtension>
        </extensions>
      </trkpt>
      <trkpt lat="31.1611618660390377044677734375" lon="121.19840945117175579071044921875">
        <ele>2.2000000476837158203125</ele>
        <time>2025-10-05T12:16:50.000Z</time>
        <extensions>
          <ns3:TrackPointExtension>
            <ns3:hr>146</ns3:hr>
            <ns3:cad>87</ns3:cad>
          </ns3:TrackPointExtension>
        </extensions>
      </trkpt>
      <trkpt lat="31.16116731427609920501708984375" lon="121.198443733155727386474609375">
        <ele>2.2000000476837158203125</ele>
        <time>2025-10-05T12:16:51.000Z</time>
        <extensions>
          <ns3:TrackPointExtension>
            <ns3:hr>147</ns3:hr>
            <ns3:cad>87</ns3:cad>
          </ns3:TrackPointExtension>
        </extensions>
      </trkpt>
      <trkpt lat="31.1611762829124927520751953125" lon="121.19847684167325496673583984375">
        <ele>2.2000000476837158203125</ele>
        <time>2025-10-05T12:16:52.000Z</time>
        <extensions>
          <ns3:TrackPointExtension>
            <ns3:hr>147</ns3:hr>
            <ns3:cad>87</ns3:cad>
          </ns3:TrackPointExtension>
        </extensions>
      </trkpt>
      <trkpt lat="31.1611833237111568450927734375" lon="121.19851305149495601654052734375">
        <ele>2.2000000476837158203125</ele>
        <time>2025-10-05T12:16:53.000Z</time>
        <extensions>
          <ns3:TrackPointExtension>
            <ns3:hr>147</ns3:hr>
            <ns3:cad>87</ns3:cad>
          </ns3:TrackPointExtension>
        </extensions>
      </trkpt>
      <trkpt lat="31.16119153797626495361328125" lon="121.19854356162250041961669921875">
        <ele>2.2000000476837158203125</ele>
        <time>2025-10-05T12:16:54.000Z</time>
        <extensions>
          <ns3:TrackPointExtension>
            <ns3:hr>147</ns3:hr>
            <ns3:cad>87</ns3:cad>
          </ns3:TrackPointExtension>
        </extensions>
      </trkpt>
      <trkpt lat="31.16119463928043842315673828125" lon="121.19858111254870891571044921875">
        <ele>2.2000000476837158203125</ele>
        <time>2025-10-05T12:16:55.000Z</time>
        <extensions>
          <ns3:TrackPointExtension>
            <ns3:hr>146</ns3:hr>
            <ns3:cad>87</ns3:cad>
          </ns3:TrackPointExtension>
        </extensions>
      </trkpt>
      <trkpt lat="31.16119899787008762359619140625" lon="121.19860609062016010284423828125">
        <ele>2.2000000476837158203125</ele>
        <time>2025-10-05T12:16:56.000Z</time>
        <extensions>
          <ns3:TrackPointExtension>
            <ns3:hr>146</ns3:hr>
            <ns3:cad>86</ns3:cad>
          </ns3:TrackPointExtension>
        </extensions>
      </trkpt>
      <trkpt lat="31.16120335645973682403564453125" lon="121.19864523410797119140625">
        <ele>2.2000000476837158203125</ele>
        <time>2025-10-05T12:16:57.000Z</time>
        <extensions>
          <ns3:TrackPointExtension>
            <ns3:hr>146</ns3:hr>
            <ns3:cad>86</ns3:cad>
          </ns3:TrackPointExtension>
        </extensions>
      </trkpt>
      <trkpt lat="31.1612077988684177398681640625" lon="121.1986733973026275634765625">
        <ele>2.2000000476837158203125</ele>
        <time>2025-10-05T12:16:58.000Z</time>
        <extensions>
          <ns3:TrackPointExtension>
            <ns3:hr>147</ns3:hr>
            <ns3:cad>86</ns3:cad>
          </ns3:TrackPointExtension>
        </extensions>
      </trkpt>
      <trkpt lat="31.16121324710547924041748046875" lon="121.1987091042101383209228515625">
        <ele>2.2000000476837158203125</ele>
        <time>2025-10-05T12:16:59.000Z</time>
        <extensions>
          <ns3:TrackPointExtension>
            <ns3:hr>147</ns3:hr>
            <ns3:cad>87</ns3:cad>
          </ns3:TrackPointExtension>
        </extensions>
      </trkpt>
      <trkpt lat="31.161215342581272125244140625" lon="121.19874087162315845489501953125">
        <ele>2.2000000476837158203125</ele>
        <time>2025-10-05T12:17:00.000Z</time>
        <extensions>
          <ns3:TrackPointExtension>
            <ns3:hr>147</ns3:hr>
            <ns3:cad>87</ns3:cad>
          </ns3:TrackPointExtension>
        </extensions>
      </trkpt>
      <trkpt lat="31.16121777333319187164306640625" lon="121.1987724713981151580810546875">
        <ele>2.2000000476837158203125</ele>
        <time>2025-10-05T12:17:01.000Z</time>
        <extensions>
          <ns3:TrackPointExtension>
            <ns3:hr>146</ns3:hr>
            <ns3:cad>87</ns3:cad>
          </ns3:TrackPointExtension>
        </extensions>
      </trkpt>
      <trkpt lat="31.161218695342540740966796875" lon="121.19880625046789646148681640625">
        <ele>2.2000000476837158203125</ele>
        <time>2025-10-05T12:17:02.000Z</time>
        <extensions>
          <ns3:TrackPointExtension>
            <ns3:hr>147</ns3:hr>
            <ns3:cad>87</ns3:cad>
          </ns3:TrackPointExtension>
        </extensions>
      </trkpt>
      <trkpt lat="31.16122028790414333343505859375" lon="121.1988371796905994415283203125">
        <ele>2.2000000476837158203125</ele>
        <time>2025-10-05T12:17:03.000Z</time>
        <extensions>
          <ns3:TrackPointExtension>
            <ns3:hr>147</ns3:hr>
            <ns3:cad>87</ns3:cad>
          </ns3:TrackPointExtension>
        </extensions>
      </trkpt>
      <trkpt lat="31.16122598759829998016357421875" lon="121.1988686956465244293212890625">
        <ele>2.2000000476837158203125</ele>
        <time>2025-10-05T12:17:04.000Z</time>
        <extensions>
          <ns3:TrackPointExtension>
            <ns3:hr>147</ns3:hr>
            <ns3:cad>87</ns3:cad>
          </ns3:TrackPointExtension>
        </extensions>
      </trkpt>
      <trkpt lat="31.16123403422534465789794921875" lon="121.19888939894735813140869140625">
        <ele>2.2000000476837158203125</ele>
        <time>2025-10-05T12:17:05.000Z</time>
        <extensions>
          <ns3:TrackPointExtension>
            <ns3:hr>147</ns3:hr>
            <ns3:cad>87</ns3:cad>
          </ns3:TrackPointExtension>
        </extensions>
      </trkpt>
      <trkpt lat="31.16123981773853302001953125" lon="121.198924519121646881103515625">
        <ele>2.2000000476837158203125</ele>
        <time>2025-10-05T12:17:06.000Z</time>
        <extensions>
          <ns3:TrackPointExtension>
            <ns3:hr>146</ns3:hr>
            <ns3:cad>88</ns3:cad>
          </ns3:TrackPointExtension>
        </extensions>
      </trkpt>
      <trkpt lat="31.16124375723302364349365234375" lon="121.19894723407924175262451171875">
        <ele>2.2000000476837158203125</ele>
        <time>2025-10-05T12:17:07.000Z</time>
        <extensions>
          <ns3:TrackPointExtension>
            <ns3:hr>146</ns3:hr>
            <ns3:cad>88</ns3:cad>
          </ns3:TrackPointExtension>
        </extensions>
      </trkpt>
      <trkpt lat="31.16124660708010196685791015625" lon="121.19898386299610137939453125">
        <ele>2.400000095367431640625</ele>
        <time>2025-10-05T12:17:08.000Z</time>
        <extensions>
          <ns3:TrackPointExtension>
            <ns3:hr>146</ns3:hr>
            <ns3:cad>88</ns3:cad>
          </ns3:TrackPointExtension>
        </extensions>
      </trkpt>
      <trkpt lat="31.16124995984137058258056640625" lon="121.199014373123645782470703125">
        <ele>2.400000095367431640625</ele>
        <time>2025-10-05T12:17:09.000Z</time>
        <extensions>
          <ns3:TrackPointExtension>
            <ns3:hr>147</ns3:hr>
            <ns3:cad>87</ns3:cad>
          </ns3:TrackPointExtension>
        </extensions>
      </trkpt>
      <trkpt lat="31.16124979220330715179443359375" lon="121.199050582945346832275390625">
        <ele>2.400000095367431640625</ele>
        <time>2025-10-05T12:17:10.000Z</time>
        <extensions>
          <ns3:TrackPointExtension>
            <ns3:hr>147</ns3:hr>
            <ns3:cad>87</ns3:cad>
          </ns3:TrackPointExtension>
        </extensions>
      </trkpt>
      <trkpt lat="31.161252558231353759765625" lon="121.199087798595428466796875">
        <ele>2.400000095367431640625</ele>
        <time>2025-10-05T12:17:11.000Z</time>
        <extensions>
          <ns3:TrackPointExtension>
            <ns3:hr>147</ns3:hr>
            <ns3:cad>87</ns3:cad>
          </ns3:TrackPointExtension>
        </extensions>
      </trkpt>
      <trkpt lat="31.16125599481165409088134765625" lon="121.19912006892263889312744140625">
        <ele>2.2000000476837158203125</ele>
        <time>2025-10-05T12:17:12.000Z</time>
        <extensions>
          <ns3:TrackPointExtension>
            <ns3:hr>146</ns3:hr>
            <ns3:cad>87</ns3:cad>
          </ns3:TrackPointExtension>
        </extensions>
      </trkpt>
      <trkpt lat="31.16126219742000102996826171875" lon="121.199153847992420196533203125">
        <ele>2.2000000476837158203125</ele>
        <time>2025-10-05T12:17:13.000Z</time>
        <extensions>
          <ns3:TrackPointExtension>
            <ns3:hr>146</ns3:hr>
            <ns3:cad>87</ns3:cad>
          </ns3:TrackPointExtension>
        </extensions>
      </trkpt>
      <trkpt lat="31.16127041168510913848876953125" lon="121.1991811729967594146728515625">
        <ele>2.2000000476837158203125</ele>
        <time>2025-10-05T12:17:14.000Z</time>
        <extensions>
          <ns3:TrackPointExtension>
            <ns3:hr>146</ns3:hr>
            <ns3:cad>87</ns3:cad>
          </ns3:TrackPointExtension>
        </extensions>
      </trkpt>
      <trkpt lat="31.1612745188176631927490234375" lon="121.19921713136136531829833984375">
        <ele>2.2000000476837158203125</ele>
        <time>2025-10-05T12:17:15.000Z</time>
        <extensions>
          <ns3:TrackPointExtension>
            <ns3:hr>146</ns3:hr>
            <ns3:cad>87</ns3:cad>
          </ns3:TrackPointExtension>
        </extensions>
      </trkpt>
      <trkpt lat="31.1612829007208347320556640625" lon="121.19924730621278285980224609375">
        <ele>2.2000000476837158203125</ele>
        <time>2025-10-05T12:17:16.000Z</time>
        <extensions>
          <ns3:TrackPointExtension>
            <ns3:hr>146</ns3:hr>
            <ns3:cad>88</ns3:cad>
          </ns3:TrackPointExtension>
        </extensions>
      </trkpt>
      <trkpt lat="31.16127845831215381622314453125" lon="121.19928561151027679443359375">
        <ele>2.2000000476837158203125</ele>
        <time>2025-10-05T12:17:17.000Z</time>
        <extensions>
          <ns3:TrackPointExtension>
            <ns3:hr>146</ns3:hr>
            <ns3:cad>88</ns3:cad>
          </ns3:TrackPointExtension>
        </extensions>
      </trkpt>
      <trkpt lat="31.16128063760697841644287109375" lon="121.1993172951042652130126953125">
        <ele>2.2000000476837158203125</ele>
        <time>2025-10-05T12:17:18.000Z</time>
        <extensions>
          <ns3:TrackPointExtension>
            <ns3:hr>147</ns3:hr>
            <ns3:cad>88</ns3:cad>
          </ns3:TrackPointExtension>
        </extensions>
      </trkpt>
      <trkpt lat="31.16128466092050075531005859375" lon="121.19935358874499797821044921875">
        <ele>2.2000000476837158203125</ele>
        <time>2025-10-05T12:17:19.000Z</time>
        <extensions>
          <ns3:TrackPointExtension>
            <ns3:hr>146</ns3:hr>
            <ns3:cad>87</ns3:cad>
          </ns3:TrackPointExtension>
        </extensions>
      </trkpt>
      <trkpt lat="31.1612899415194988250732421875" lon="121.1993853561580181121826171875">
        <ele>2.2000000476837158203125</ele>
        <time>2025-10-05T12:17:20.000Z</time>
        <extensions>
          <ns3:TrackPointExtension>
            <ns3:hr>146</ns3:hr>
            <ns3:cad>87</ns3:cad>
          </ns3:TrackPointExtension>
        </extensions>
      </trkpt>
      <trkpt lat="31.1612986586987972259521484375" lon="121.19941527955234050750732421875">
        <ele>2</ele>
        <time>2025-10-05T12:17:21.000Z</time>
        <extensions>
          <ns3:TrackPointExtension>
            <ns3:hr>146</ns3:hr>
            <ns3:cad>86</ns3:cad>
          </ns3:TrackPointExtension>
        </extensions>
      </trkpt>
      <trkpt lat="31.16130494512617588043212890625" lon="121.1994490586221218109130859375">
        <ele>2</ele>
        <time>2025-10-05T12:17:22.000Z</time>
        <extensions>
          <ns3:TrackPointExtension>
            <ns3:hr>146</ns3:hr>
            <ns3:cad>86</ns3:cad>
          </ns3:TrackPointExtension>
        </extensions>
      </trkpt>
      <trkpt lat="31.1613120697438716888427734375" lon="121.19947797618806362152099609375">
        <ele>2.2000000476837158203125</ele>
        <time>2025-10-05T12:17:23.000Z</time>
        <extensions>
          <ns3:TrackPointExtension>
            <ns3:hr>146</ns3:hr>
            <ns3:cad>86</ns3:cad>
          </ns3:TrackPointExtension>
        </extensions>
      </trkpt>
      <trkpt lat="31.16131466813385486602783203125" lon="121.1995130963623523712158203125">
        <ele>2.2000000476837158203125</ele>
        <time>2025-10-05T12:17:24.000Z</time>
        <extensions>
          <ns3:TrackPointExtension>
            <ns3:hr>146</ns3:hr>
            <ns3:cad>86</ns3:cad>
          </ns3:TrackPointExtension>
        </extensions>
      </trkpt>
      <trkpt lat="31.1613201163709163665771484375" lon="121.19954352267086505889892578125">
        <ele>2</ele>
        <time>2025-10-05T12:17:25.000Z</time>
        <extensions>
          <ns3:TrackPointExtension>
            <ns3:hr>147</ns3:hr>
            <ns3:cad>87</ns3:cad>
          </ns3:TrackPointExtension>
        </extensions>
      </trkpt>
      <trkpt lat="31.16131651215255260467529296875" lon="121.1995778046548366546630859375">
        <ele>2.2000000476837158203125</ele>
        <time>2025-10-05T12:17:26.000Z</time>
        <extensions>
          <ns3:TrackPointExtension>
            <ns3:hr>146</ns3:hr>
            <ns3:cad>87</ns3:cad>
          </ns3:TrackPointExtension>
        </extensions>
      </trkpt>
      <trkpt lat="31.1613167636096477508544921875" lon="121.1996049620211124420166015625">
        <ele>2.2000000476837158203125</ele>
        <time>2025-10-05T12:17:27.000Z</time>
        <extensions>
          <ns3:TrackPointExtension>
            <ns3:hr>146</ns3:hr>
            <ns3:cad>87</ns3:cad>
          </ns3:TrackPointExtension>
        </extensions>
      </trkpt>
      <trkpt lat="31.16130963899195194244384765625" lon="121.19963857345283031463623046875">
        <ele>2.2000000476837158203125</ele>
        <time>2025-10-05T12:17:28.000Z</time>
        <extensions>
          <ns3:TrackPointExtension>
            <ns3:hr>146</ns3:hr>
            <ns3:cad>87</ns3:cad>
          </ns3:TrackPointExtension>
        </extensions>
      </trkpt>
      <trkpt lat="31.1613100580871105194091796875" lon="121.199663467705249786376953125">
        <ele>2.2000000476837158203125</ele>
        <time>2025-10-05T12:17:29.000Z</time>
        <extensions>
          <ns3:TrackPointExtension>
            <ns3:hr>146</ns3:hr>
            <ns3:cad>88</ns3:cad>
          </ns3:TrackPointExtension>
        </extensions>
      </trkpt>
      <trkpt lat="31.16131098009645938873291015625" lon="121.199696324765682220458984375">
        <ele>2.2000000476837158203125</ele>
        <time>2025-10-05T12:17:30.000Z</time>
        <extensions>
          <ns3:TrackPointExtension>
            <ns3:hr>147</ns3:hr>
            <ns3:cad>87</ns3:cad>
          </ns3:TrackPointExtension>
        </extensions>
      </trkpt>
      <trkpt lat="31.16131533868610858917236328125" lon="121.199727170169353485107421875">
        <ele>2.2000000476837158203125</ele>
        <time>2025-10-05T12:17:31.000Z</time>
        <extensions>
          <ns3:TrackPointExtension>
            <ns3:hr>147</ns3:hr>
            <ns3:cad>87</ns3:cad>
          </ns3:TrackPointExtension>
        </extensions>
      </trkpt>
      <trkpt lat="31.1613209545612335205078125" lon="121.19975960813462734222412109375">
        <ele>2.2000000476837158203125</ele>
        <time>2025-10-05T12:17:32.000Z</time>
        <extensions>
          <ns3:TrackPointExtension>
            <ns3:hr>147</ns3:hr>
            <ns3:cad>87</ns3:cad>
          </ns3:TrackPointExtension>
        </extensions>
      </trkpt>
      <trkpt lat="31.1613134108483791351318359375" lon="121.1997964046895503997802734375">
        <ele>2.400000095367431640625</ele>
        <time>2025-10-05T12:17:33.000Z</time>
        <extensions>
          <ns3:TrackPointExtension>
            <ns3:hr>147</ns3:hr>
            <ns3:cad>87</ns3:cad>
          </ns3:TrackPointExtension>
        </extensions>
      </trkpt>
      <trkpt lat="31.16130008362233638763427734375" lon="121.1998187005519866943359375">
        <ele>2.400000095367431640625</ele>
        <time>2025-10-05T12:17:34.000Z</time>
        <extensions>
          <ns3:TrackPointExtension>
            <ns3:hr>147</ns3:hr>
            <ns3:cad>87</ns3:cad>
          </ns3:TrackPointExtension>
        </extensions>
      </trkpt>
      <trkpt lat="31.1612713336944580078125" lon="121.19982850737869739532470703125">
        <ele>2.400000095367431640625</ele>
        <time>2025-10-05T12:17:35.000Z</time>
        <extensions>
          <ns3:TrackPointExtension>
            <ns3:hr>147</ns3:hr>
            <ns3:cad>87</ns3:cad>
          </ns3:TrackPointExtension>
        </extensions>
      </trkpt>
      <trkpt lat="31.16124526597559452056884765625" lon="121.19983588345348834991455078125">
        <ele>2.400000095367431640625</ele>
        <time>2025-10-05T12:17:36.000Z</time>
        <extensions>
          <ns3:TrackPointExtension>
            <ns3:hr>148</ns3:hr>
            <ns3:cad>87</ns3:cad>
          </ns3:TrackPointExtension>
        </extensions>
      </trkpt>
      <trkpt lat="31.16121433675289154052734375" lon="121.19984149932861328125">
        <ele>2.400000095367431640625</ele>
        <time>2025-10-05T12:17:37.000Z</time>
        <extensions>
          <ns3:TrackPointExtension>
            <ns3:hr>148</ns3:hr>
            <ns3:cad>87</ns3:cad>
          </ns3:TrackPointExtension>
        </extensions>
      </trkpt>
      <trkpt lat="31.1611927114427089691162109375" lon="121.19984661228954792022705078125">
        <ele>2.400000095367431640625</ele>
        <time>2025-10-05T12:17:38.000Z</time>
        <extensions>
          <ns3:TrackPointExtension>
            <ns3:hr>148</ns3:hr>
            <ns3:cad>87</ns3:cad>
          </ns3:TrackPointExtension>
        </extensions>
      </trkpt>
      <trkpt lat="31.1611628718674182891845703125" lon="121.19985231198370456695556640625">
        <ele>2.400000095367431640625</ele>
        <time>2025-10-05T12:17:39.000Z</time>
        <extensions>
          <ns3:TrackPointExtension>
            <ns3:hr>147</ns3:hr>
            <ns3:cad>87</ns3:cad>
          </ns3:TrackPointExtension>
        </extensions>
      </trkpt>
      <trkpt lat="31.16114032454788684844970703125" lon="121.1998535692691802978515625">
        <ele>2.400000095367431640625</ele>
        <time>2025-10-05T12:17:40.000Z</time>
        <extensions>
          <ns3:TrackPointExtension>
            <ns3:hr>148</ns3:hr>
            <ns3:cad>88</ns3:cad>
          </ns3:TrackPointExtension>
        </extensions>
      </trkpt>
      <trkpt lat="31.1611125804483890533447265625" lon="121.19985532946884632110595703125">
        <ele>2.400000095367431640625</ele>
        <time>2025-10-05T12:17:41.000Z</time>
        <extensions>
          <ns3:TrackPointExtension>
            <ns3:hr>148</ns3:hr>
            <ns3:cad>88</ns3:cad>
          </ns3:TrackPointExtension>
        </extensions>
      </trkpt>
      <trkpt lat="31.1610911227762699127197265625" lon="121.1998520605266094207763671875">
        <ele>2.400000095367431640625</ele>
        <time>2025-10-05T12:17:42.000Z</time>
        <extensions>
          <ns3:TrackPointExtension>
            <ns3:hr>148</ns3:hr>
            <ns3:cad>88</ns3:cad>
          </ns3:TrackPointExtension>
        </extensions>
      </trkpt>
      <trkpt lat="31.16107352077960968017578125" lon="121.1998554132878780364990234375">
        <ele>2.400000095367431640625</ele>
        <time>2025-10-05T12:17:43.000Z</time>
        <extensions>
          <ns3:TrackPointExtension>
            <ns3:hr>147</ns3:hr>
            <ns3:cad>88</ns3:cad>
          </ns3:TrackPointExtension>
        </extensions>
      </trkpt>
      <trkpt lat="31.16105063818395137786865234375" lon="121.19985750876367092132568359375">
        <ele>2.400000095367431640625</ele>
        <time>2025-10-05T12:17:44.000Z</time>
        <extensions>
          <ns3:TrackPointExtension>
            <ns3:hr>148</ns3:hr>
            <ns3:cad>88</ns3:cad>
          </ns3:TrackPointExtension>
        </extensions>
      </trkpt>
      <trkpt lat="31.1610314436256885528564453125" lon="121.19986505247652530670166015625">
        <ele>2.400000095367431640625</ele>
        <time>2025-10-05T12:17:45.000Z</time>
        <extensions>
          <ns3:TrackPointExtension>
            <ns3:hr>148</ns3:hr>
            <ns3:cad>88</ns3:cad>
          </ns3:TrackPointExtension>
        </extensions>
      </trkpt>
      <trkpt lat="31.1609995923936367034912109375" lon="121.19986555539071559906005859375">
        <ele>2.400000095367431640625</ele>
        <time>2025-10-05T12:17:46.000Z</time>
        <extensions>
          <ns3:TrackPointExtension>
            <ns3:hr>148</ns3:hr>
            <ns3:cad>88</ns3:cad>
          </ns3:TrackPointExtension>
        </extensions>
      </trkpt>
      <trkpt lat="31.160977967083454132080078125" lon="121.19987091980874538421630859375">
        <ele>2.400000095367431640625</ele>
        <time>2025-10-05T12:17:47.000Z</time>
        <extensions>
          <ns3:TrackPointExtension>
            <ns3:hr>148</ns3:hr>
            <ns3:cad>88</ns3:cad>
          </ns3:TrackPointExtension>
        </extensions>
      </trkpt>
      <trkpt lat="31.16094687022268772125244140625" lon="121.1998758651316165924072265625">
        <ele>2.400000095367431640625</ele>
        <time>2025-10-05T12:17:48.000Z</time>
        <extensions>
          <ns3:TrackPointExtension>
            <ns3:hr>148</ns3:hr>
            <ns3:cad>88</ns3:cad>
          </ns3:TrackPointExtension>
        </extensions>
      </trkpt>
      <trkpt lat="31.16091929376125335693359375" lon="121.1998832412064075469970703125">
        <ele>2.400000095367431640625</ele>
        <time>2025-10-05T12:17:49.000Z</time>
        <extensions>
          <ns3:TrackPointExtension>
            <ns3:hr>148</ns3:hr>
            <ns3:cad>87</ns3:cad>
          </ns3:TrackPointExtension>
        </extensions>
      </trkpt>
      <trkpt lat="31.16089540533721446990966796875" lon="121.19989539496600627899169921875">
        <ele>2.400000095367431640625</ele>
        <time>2025-10-05T12:17:50.000Z</time>
        <extensions>
          <ns3:TrackPointExtension>
            <ns3:hr>148</ns3:hr>
            <ns3:cad>87</ns3:cad>
          </ns3:TrackPointExtension>
        </extensions>
      </trkpt>
      <trkpt lat="31.1608703434467315673828125" lon="121.1999087221920490264892578125">
        <ele>2.400000095367431640625</ele>
        <time>2025-10-05T12:17:51.000Z</time>
        <extensions>
          <ns3:TrackPointExtension>
            <ns3:hr>148</ns3:hr>
            <ns3:cad>87</ns3:cad>
          </ns3:TrackPointExtension>
        </extensions>
      </trkpt>
      <trkpt lat="31.160843186080455780029296875" lon="121.19992037303745746612548828125">
        <ele>2.400000095367431640625</ele>
        <time>2025-10-05T12:17:52.000Z</time>
        <extensions>
          <ns3:TrackPointExtension>
            <ns3:hr>147</ns3:hr>
            <ns3:cad>86</ns3:cad>
          </ns3:TrackPointExtension>
        </extensions>
      </trkpt>
      <trkpt lat="31.16081208921968936920166015625" lon="121.19992397725582122802734375">
        <ele>2.400000095367431640625</ele>
        <time>2025-10-05T12:17:53.000Z</time>
        <extensions>
          <ns3:TrackPointExtension>
            <ns3:hr>148</ns3:hr>
            <ns3:cad>86</ns3:cad>
          </ns3:TrackPointExtension>
        </extensions>
      </trkpt>
      <trkpt lat="31.1607880331575870513916015625" lon="121.19993026368319988250732421875">
        <ele>2.400000095367431640625</ele>
        <time>2025-10-05T12:17:54.000Z</time>
        <extensions>
          <ns3:TrackPointExtension>
            <ns3:hr>148</ns3:hr>
            <ns3:cad>86</ns3:cad>
          </ns3:TrackPointExtension>
        </extensions>
      </trkpt>
      <trkpt lat="31.160758696496486663818359375" lon="121.19993344880640506744384765625">
        <ele>2.400000095367431640625</ele>
        <time>2025-10-05T12:17:55.000Z</time>
        <extensions>
          <ns3:TrackPointExtension>
            <ns3:hr>147</ns3:hr>
            <ns3:cad>87</ns3:cad>
          </ns3:TrackPointExtension>
        </extensions>
      </trkpt>
      <trkpt lat="31.16073799319565296173095703125" lon="121.19994048960506916046142578125">
        <ele>2.400000095367431640625</ele>
        <time>2025-10-05T12:17:56.000Z</time>
        <extensions>
          <ns3:TrackPointExtension>
            <ns3:hr>148</ns3:hr>
            <ns3:cad>87</ns3:cad>
          </ns3:TrackPointExtension>
        </extensions>
      </trkpt>
      <trkpt lat="31.160706393420696258544921875" lon="121.19994434528052806854248046875">
        <ele>2.400000095367431640625</ele>
        <time>2025-10-05T12:17:57.000Z</time>
        <extensions>
          <ns3:TrackPointExtension>
            <ns3:hr>148</ns3:hr>
            <ns3:cad>87</ns3:cad>
          </ns3:TrackPointExtension>
        </extensions>
      </trkpt>
      <trkpt lat="31.160682924091815948486328125" lon="121.19995415210723876953125">
        <ele>2.400000095367431640625</ele>
        <time>2025-10-05T12:17:58.000Z</time>
        <extensions>
          <ns3:TrackPointExtension>
            <ns3:hr>148</ns3:hr>
            <ns3:cad>87</ns3:cad>
          </ns3:TrackPointExtension>
        </extensions>
      </trkpt>
      <trkpt lat="31.16065400652587413787841796875" lon="121.19995482265949249267578125">
        <ele>2.400000095367431640625</ele>
        <time>2025-10-05T12:17:59.000Z</time>
        <extensions>
          <ns3:TrackPointExtension>
            <ns3:hr>147</ns3:hr>
            <ns3:cad>87</ns3:cad>
          </ns3:TrackPointExtension>
        </extensions>
      </trkpt>
      <trkpt lat="31.1606334708631038665771484375" lon="121.19996161200106143951416015625">
        <ele>2.400000095367431640625</ele>
        <time>2025-10-05T12:18:00.000Z</time>
        <extensions>
          <ns3:TrackPointExtension>
            <ns3:hr>147</ns3:hr>
            <ns3:cad>87</ns3:cad>
          </ns3:TrackPointExtension>
        </extensions>
      </trkpt>
      <trkpt lat="31.1606061458587646484375" lon="121.1999680660665035247802734375">
        <ele>2.400000095367431640625</ele>
        <time>2025-10-05T12:18:01.000Z</time>
        <extensions>
          <ns3:TrackPointExtension>
            <ns3:hr>147</ns3:hr>
            <ns3:cad>87</ns3:cad>
          </ns3:TrackPointExtension>
        </extensions>
      </trkpt>
      <trkpt lat="31.160582005977630615234375" lon="121.19997636415064334869384765625">
        <ele>2.400000095367431640625</ele>
        <time>2025-10-05T12:18:02.000Z</time>
        <extensions>
          <ns3:TrackPointExtension>
            <ns3:hr>147</ns3:hr>
            <ns3:cad>88</ns3:cad>
          </ns3:TrackPointExtension>
        </extensions>
      </trkpt>
      <trkpt lat="31.160555183887481689453125" lon="121.19998491369187831878662109375">
        <ele>2.400000095367431640625</ele>
        <time>2025-10-05T12:18:03.000Z</time>
        <extensions>
          <ns3:TrackPointExtension>
            <ns3:hr>148</ns3:hr>
            <ns3:cad>87</ns3:cad>
          </ns3:TrackPointExtension>
        </extensions>
      </trkpt>
      <trkpt lat="31.16052743978798389434814453125" lon="121.19998809881508350372314453125">
        <ele>2.400000095367431640625</ele>
        <time>2025-10-05T12:18:04.000Z</time>
        <extensions>
          <ns3:TrackPointExtension>
            <ns3:hr>148</ns3:hr>
            <ns3:cad>87</ns3:cad>
          </ns3:TrackPointExtension>
        </extensions>
      </trkpt>
      <trkpt lat="31.1605097539722919464111328125" lon="121.199994385242462158203125">
        <ele>2.400000095367431640625</ele>
        <time>2025-10-05T12:18:05.000Z</time>
        <extensions>
          <ns3:TrackPointExtension>
            <ns3:hr>148</ns3:hr>
            <ns3:cad>87</ns3:cad>
          </ns3:TrackPointExtension>
        </extensions>
      </trkpt>
      <trkpt lat="31.1604799143970012664794921875" lon="121.1999948881566524505615234375">
        <ele>2.400000095367431640625</ele>
        <time>2025-10-05T12:18:06.000Z</time>
        <extensions>
          <ns3:TrackPointExtension>
            <ns3:hr>147</ns3:hr>
            <ns3:cad>86</ns3:cad>
          </ns3:TrackPointExtension>
        </extensions>
      </trkpt>
      <trkpt lat="31.1604581214487552642822265625" lon="121.1999985761940479278564453125">
        <ele>2.400000095367431640625</ele>
        <time>2025-10-05T12:18:07.000Z</time>
        <extensions>
          <ns3:TrackPointExtension>
            <ns3:hr>147</ns3:hr>
            <ns3:cad>86</ns3:cad>
          </ns3:TrackPointExtension>
        </extensions>
      </trkpt>
      <trkpt lat="31.16042819805443286895751953125" lon="121.200002096593379974365234375">
        <ele>2.400000095367431640625</ele>
        <time>2025-10-05T12:18:08.000Z</time>
        <extensions>
          <ns3:TrackPointExtension>
            <ns3:hr>147</ns3:hr>
            <ns3:cad>86</ns3:cad>
          </ns3:TrackPointExtension>
        </extensions>
      </trkpt>
      <trkpt lat="31.1604034714400768280029296875" lon="121.20001106522977352142333984375">
        <ele>2.400000095367431640625</ele>
        <time>2025-10-05T12:18:09.000Z</time>
        <extensions>
          <ns3:TrackPointExtension>
            <ns3:hr>147</ns3:hr>
            <ns3:cad>87</ns3:cad>
          </ns3:TrackPointExtension>
        </extensions>
      </trkpt>
      <trkpt lat="31.16037421859800815582275390625" lon="121.20001542381942272186279296875">
        <ele>2.400000095367431640625</ele>
        <time>2025-10-05T12:18:10.000Z</time>
        <extensions>
          <ns3:TrackPointExtension>
            <ns3:hr>146</ns3:hr>
            <ns3:cad>87</ns3:cad>
          </ns3:TrackPointExtension>
        </extensions>
      </trkpt>
      <trkpt lat="31.16034639067947864532470703125" lon="121.20002162642776966094970703125">
        <ele>2.400000095367431640625</ele>
        <time>2025-10-05T12:18:11.000Z</time>
        <extensions>
          <ns3:TrackPointExtension>
            <ns3:hr>146</ns3:hr>
            <ns3:cad>86</ns3:cad>
          </ns3:TrackPointExtension>
        </extensions>
      </trkpt>
      <trkpt lat="31.1603186465799808502197265625" lon="121.20002858340740203857421875">
        <ele>2.400000095367431640625</ele>
        <time>2025-10-05T12:18:12.000Z</time>
        <extensions>
          <ns3:TrackPointExtension>
            <ns3:hr>146</ns3:hr>
            <ns3:cad>86</ns3:cad>
          </ns3:TrackPointExtension>
        </extensions>
      </trkpt>
      <trkpt lat="31.16028889082372188568115234375" lon="121.2000386416912078857421875">
        <ele>2.400000095367431640625</ele>
        <time>2025-10-05T12:18:13.000Z</time>
        <extensions>
          <ns3:TrackPointExtension>
            <ns3:hr>146</ns3:hr>
            <ns3:cad>86</ns3:cad>
          </ns3:TrackPointExtension>
        </extensions>
      </trkpt>
      <trkpt lat="31.16026617586612701416015625" lon="121.20005062781274318695068359375">
        <ele>2.400000095367431640625</ele>
        <time>2025-10-05T12:18:14.000Z</time>
        <extensions>
          <ns3:TrackPointExtension>
            <ns3:hr>146</ns3:hr>
            <ns3:cad>87</ns3:cad>
          </ns3:TrackPointExtension>
        </extensions>
      </trkpt>
      <trkpt lat="31.16023625247180461883544921875" lon="121.20006638579070568084716796875">
        <ele>2.2000000476837158203125</ele>
        <time>2025-10-05T12:18:15.000Z</time>
        <extensions>
          <ns3:TrackPointExtension>
            <ns3:hr>146</ns3:hr>
            <ns3:cad>87</ns3:cad>
          </ns3:TrackPointExtension>
        </extensions>
      </trkpt>
      <trkpt lat="31.1602143757045269012451171875" lon="121.20007812045514583587646484375">
        <ele>2.2000000476837158203125</ele>
        <time>2025-10-05T12:18:16.000Z</time>
        <extensions>
          <ns3:TrackPointExtension>
            <ns3:hr>145</ns3:hr>
            <ns3:cad>87</ns3:cad>
          </ns3:TrackPointExtension>
        </extensions>
      </trkpt>
      <trkpt lat="31.16019132547080516815185546875" lon="121.2000934593379497528076171875">
        <ele>2.2000000476837158203125</ele>
        <time>2025-10-05T12:18:17.000Z</time>
        <extensions>
          <ns3:TrackPointExtension>
            <ns3:hr>145</ns3:hr>
            <ns3:cad>87</ns3:cad>
          </ns3:TrackPointExtension>
        </extensions>
      </trkpt>
      <trkpt lat="31.160166598856449127197265625" lon="121.20010142214596271514892578125">
        <ele>2.2000000476837158203125</ele>
        <time>2025-10-05T12:18:18.000Z</time>
        <extensions>
          <ns3:TrackPointExtension>
            <ns3:hr>145</ns3:hr>
            <ns3:cad>87</ns3:cad>
          </ns3:TrackPointExtension>
        </extensions>
      </trkpt>
      <trkpt lat="31.160142123699188232421875" lon="121.20010796003043651580810546875">
        <ele>2.2000000476837158203125</ele>
        <time>2025-10-05T12:18:19.000Z</time>
        <extensions>
          <ns3:TrackPointExtension>
            <ns3:hr>145</ns3:hr>
            <ns3:cad>87</ns3:cad>
          </ns3:TrackPointExtension>
        </extensions>
      </trkpt>
      <trkpt lat="31.16011320613324642181396484375" lon="121.20011248625814914703369140625">
        <ele>2.2000000476837158203125</ele>
        <time>2025-10-05T12:18:20.000Z</time>
        <extensions>
          <ns3:TrackPointExtension>
            <ns3:hr>145</ns3:hr>
            <ns3:cad>86</ns3:cad>
          </ns3:TrackPointExtension>
        </extensions>
      </trkpt>
      <trkpt lat="31.16008789278566837310791015625" lon="121.200116761028766632080078125">
        <ele>2.2000000476837158203125</ele>
        <time>2025-10-05T12:18:21.000Z</time>
        <extensions>
          <ns3:TrackPointExtension>
            <ns3:hr>145</ns3:hr>
            <ns3:cad>85</ns3:cad>
          </ns3:TrackPointExtension>
        </extensions>
      </trkpt>
      <trkpt lat="31.16005687974393367767333984375" lon="121.20011801831424236297607421875">
        <ele>2.2000000476837158203125</ele>
        <time>2025-10-05T12:18:22.000Z</time>
        <extensions>
          <ns3:TrackPointExtension>
            <ns3:hr>145</ns3:hr>
            <ns3:cad>84</ns3:cad>
          </ns3:TrackPointExtension>
        </extensions>
      </trkpt>
      <trkpt lat="31.16003827191889286041259765625" lon="121.20012355037033557891845703125">
        <ele>2.2000000476837158203125</ele>
        <time>2025-10-05T12:18:23.000Z</time>
        <extensions>
          <ns3:TrackPointExtension>
            <ns3:hr>144</ns3:hr>
            <ns3:cad>84</ns3:cad>
          </ns3:TrackPointExtension>
        </extensions>
      </trkpt>
      <trkpt lat="31.16001463495194911956787109375" lon="121.2001293338835239410400390625">
        <ele>2.2000000476837158203125</ele>
        <time>2025-10-05T12:18:24.000Z</time>
        <extensions>
          <ns3:TrackPointExtension>
            <ns3:hr>145</ns3:hr>
            <ns3:cad>85</ns3:cad>
          </ns3:TrackPointExtension>
        </extensions>
      </trkpt>
      <trkpt lat="31.159991919994354248046875" lon="121.2001336924731731414794921875">
        <ele>2.2000000476837158203125</ele>
        <time>2025-10-05T12:18:25.000Z</time>
        <extensions>
          <ns3:TrackPointExtension>
            <ns3:hr>145</ns3:hr>
            <ns3:cad>86</ns3:cad>
          </ns3:TrackPointExtension>
        </extensions>
      </trkpt>
      <trkpt lat="31.15996333770453929901123046875" lon="121.20013763196766376495361328125">
        <ele>2.2000000476837158203125</ele>
        <time>2025-10-05T12:18:26.000Z</time>
        <extensions>
          <ns3:TrackPointExtension>
            <ns3:hr>144</ns3:hr>
            <ns3:cad>87</ns3:cad>
          </ns3:TrackPointExtension>
        </extensions>
      </trkpt>
      <trkpt lat="31.15993668325245380401611328125" lon="121.20014115236699581146240234375">
        <ele>2.2000000476837158203125</ele>
        <time>2025-10-05T12:18:27.000Z</time>
        <extensions>
          <ns3:TrackPointExtension>
            <ns3:hr>145</ns3:hr>
            <ns3:cad>87</ns3:cad>
          </ns3:TrackPointExtension>
        </extensions>
      </trkpt>
      <trkpt lat="31.15991086699068546295166015625" lon="121.20014517568051815032958984375">
        <ele>2.2000000476837158203125</ele>
        <time>2025-10-05T12:18:28.000Z</time>
        <extensions>
          <ns3:TrackPointExtension>
            <ns3:hr>145</ns3:hr>
            <ns3:cad>87</ns3:cad>
          </ns3:TrackPointExtension>
        </extensions>
      </trkpt>
      <trkpt lat="31.1598851345479488372802734375" lon="121.20014701969921588897705078125">
        <ele>2.2000000476837158203125</ele>
        <time>2025-10-05T12:18:29.000Z</time>
        <extensions>
          <ns3:TrackPointExtension>
            <ns3:hr>144</ns3:hr>
            <ns3:cad>87</ns3:cad>
          </ns3:TrackPointExtension>
        </extensions>
      </trkpt>
      <trkpt lat="31.159856803715229034423828125" lon="121.2001561559736728668212890625">
        <ele>2.2000000476837158203125</ele>
        <time>2025-10-05T12:18:30.000Z</time>
        <extensions>
          <ns3:TrackPointExtension>
            <ns3:hr>145</ns3:hr>
            <ns3:cad>87</ns3:cad>
          </ns3:TrackPointExtension>
        </extensions>
      </trkpt>
      <trkpt lat="31.15982922725379467010498046875" lon="121.20016001164913177490234375">
        <ele>2.2000000476837158203125</ele>
        <time>2025-10-05T12:18:31.000Z</time>
        <extensions>
          <ns3:TrackPointExtension>
            <ns3:hr>145</ns3:hr>
            <ns3:cad>87</ns3:cad>
          </ns3:TrackPointExtension>
        </extensions>
      </trkpt>
      <trkpt lat="31.1598053388297557830810546875" lon="121.2001665495336055755615234375">
        <ele>2.2000000476837158203125</ele>
        <time>2025-10-05T12:18:32.000Z</time>
        <extensions>
          <ns3:TrackPointExtension>
            <ns3:hr>145</ns3:hr>
            <ns3:cad>88</ns3:cad>
          </ns3:TrackPointExtension>
        </extensions>
      </trkpt>
      <trkpt lat="31.15977575071156024932861328125" lon="121.20016881264746189117431640625">
        <ele>2.2000000476837158203125</ele>
        <time>2025-10-05T12:18:33.000Z</time>
        <extensions>
          <ns3:TrackPointExtension>
            <ns3:hr>145</ns3:hr>
            <ns3:cad>87</ns3:cad>
          </ns3:TrackPointExtension>
        </extensions>
      </trkpt>
      <trkpt lat="31.1597553826868534088134765625" lon="121.200167052447795867919921875">
        <ele>2.2000000476837158203125</ele>
        <time>2025-10-05T12:18:34.000Z</time>
        <extensions>
          <ns3:TrackPointExtension>
            <ns3:hr>145</ns3:hr>
            <ns3:cad>88</ns3:cad>
          </ns3:TrackPointExtension>
        </extensions>
      </trkpt>
      <trkpt lat="31.1597292311489582061767578125" lon="121.2001662142574787139892578125">
        <ele>2.2000000476837158203125</ele>
        <time>2025-10-05T12:18:35.000Z</time>
        <extensions>
          <ns3:TrackPointExtension>
            <ns3:hr>146</ns3:hr>
            <ns3:cad>88</ns3:cad>
          </ns3:TrackPointExtension>
        </extensions>
      </trkpt>
      <trkpt lat="31.15970551036298274993896484375" lon="121.20016680099070072174072265625">
        <ele>2.2000000476837158203125</ele>
        <time>2025-10-05T12:18:36.000Z</time>
        <extensions>
          <ns3:TrackPointExtension>
            <ns3:hr>146</ns3:hr>
            <ns3:cad>88</ns3:cad>
          </ns3:TrackPointExtension>
        </extensions>
      </trkpt>
      <trkpt lat="31.1596816219389438629150390625" lon="121.20017082430422306060791015625">
        <ele>2.2000000476837158203125</ele>
        <time>2025-10-05T12:18:37.000Z</time>
        <extensions>
          <ns3:TrackPointExtension>
            <ns3:hr>146</ns3:hr>
            <ns3:cad>88</ns3:cad>
          </ns3:TrackPointExtension>
        </extensions>
      </trkpt>
      <trkpt lat="31.1596541292965412139892578125" lon="121.20017300359904766082763671875">
        <ele>2.2000000476837158203125</ele>
        <time>2025-10-05T12:18:38.000Z</time>
        <extensions>
          <ns3:TrackPointExtension>
            <ns3:hr>146</ns3:hr>
            <ns3:cad>87</ns3:cad>
          </ns3:TrackPointExtension>
        </extensions>
      </trkpt>
      <trkpt lat="31.1596316657960414886474609375" lon="121.20017887093126773834228515625">
        <ele>2.2000000476837158203125</ele>
        <time>2025-10-05T12:18:39.000Z</time>
        <extensions>
          <ns3:TrackPointExtension>
            <ns3:hr>146</ns3:hr>
            <ns3:cad>86</ns3:cad>
          </ns3:TrackPointExtension>
        </extensions>
      </trkpt>
      <trkpt lat="31.1596016585826873779296875" lon="121.20018289424479007720947265625">
        <ele>2.2000000476837158203125</ele>
        <time>2025-10-05T12:18:40.000Z</time>
        <extensions>
          <ns3:TrackPointExtension>
            <ns3:hr>146</ns3:hr>
            <ns3:cad>86</ns3:cad>
          </ns3:TrackPointExtension>
        </extensions>
      </trkpt>
      <trkpt lat="31.159575842320919036865234375" lon="121.2001834809780120849609375">
        <ele>2.2000000476837158203125</ele>
        <time>2025-10-05T12:18:41.000Z</time>
        <extensions>
          <ns3:TrackPointExtension>
            <ns3:hr>146</ns3:hr>
            <ns3:cad>86</ns3:cad>
          </ns3:TrackPointExtension>
        </extensions>
      </trkpt>
      <trkpt lat="31.15955178625881671905517578125" lon="121.2001906894147396087646484375">
        <ele>2.2000000476837158203125</ele>
        <time>2025-10-05T12:18:42.000Z</time>
        <extensions>
          <ns3:TrackPointExtension>
            <ns3:hr>146</ns3:hr>
            <ns3:cad>86</ns3:cad>
          </ns3:TrackPointExtension>
        </extensions>
      </trkpt>
      <trkpt lat="31.1595263890922069549560546875" lon="121.200197227299213409423828125">
        <ele>2.2000000476837158203125</ele>
        <time>2025-10-05T12:18:43.000Z</time>
        <extensions>
          <ns3:TrackPointExtension>
            <ns3:hr>146</ns3:hr>
            <ns3:cad>87</ns3:cad>
          </ns3:TrackPointExtension>
        </extensions>
      </trkpt>
      <trkpt lat="31.1595022492110729217529296875" lon="121.20020250789821147918701171875">
        <ele>2.2000000476837158203125</ele>
        <time>2025-10-05T12:18:44.000Z</time>
        <extensions>
          <ns3:TrackPointExtension>
            <ns3:hr>146</ns3:hr>
            <ns3:cad>87</ns3:cad>
          </ns3:TrackPointExtension>
        </extensions>
      </trkpt>
      <trkpt lat="31.15948037244379520416259765625" lon="121.2002104707062244415283203125">
        <ele>2.2000000476837158203125</ele>
        <time>2025-10-05T12:18:45.000Z</time>
        <extensions>
          <ns3:TrackPointExtension>
            <ns3:hr>147</ns3:hr>
            <ns3:cad>87</ns3:cad>
          </ns3:TrackPointExtension>
        </extensions>
      </trkpt>
      <trkpt lat="31.159453131258487701416015625" lon="121.2002128176391124725341796875">
        <ele>2.2000000476837158203125</ele>
        <time>2025-10-05T12:18:46.000Z</time>
        <extensions>
          <ns3:TrackPointExtension>
            <ns3:hr>147</ns3:hr>
            <ns3:cad>87</ns3:cad>
          </ns3:TrackPointExtension>
        </extensions>
      </trkpt>
      <trkpt lat="31.159431673586368560791015625" lon="121.20021088980138301849365234375">
        <ele>2.2000000476837158203125</ele>
        <time>2025-10-05T12:18:47.000Z</time>
        <extensions>
          <ns3:TrackPointExtension>
            <ns3:hr>147</ns3:hr>
            <ns3:cad>87</ns3:cad>
          </ns3:TrackPointExtension>
        </extensions>
      </trkpt>
      <trkpt lat="31.1594053544104099273681640625" lon="121.2002161704003810882568359375">
        <ele>2.2000000476837158203125</ele>
        <time>2025-10-05T12:18:48.000Z</time>
        <extensions>
          <ns3:TrackPointExtension>
            <ns3:hr>147</ns3:hr>
            <ns3:cad>87</ns3:cad>
          </ns3:TrackPointExtension>
        </extensions>
      </trkpt>
      <trkpt lat="31.15938146598637104034423828125" lon="121.200221367180347442626953125">
        <ele>2.2000000476837158203125</ele>
        <time>2025-10-05T12:18:49.000Z</time>
        <extensions>
          <ns3:TrackPointExtension>
            <ns3:hr>147</ns3:hr>
            <ns3:cad>87</ns3:cad>
          </ns3:TrackPointExtension>
        </extensions>
      </trkpt>
      <trkpt lat="31.15935363806784152984619140625" lon="121.20022865943610668182373046875">
        <ele>2.2000000476837158203125</ele>
        <time>2025-10-05T12:18:50.000Z</time>
        <extensions>
          <ns3:TrackPointExtension>
            <ns3:hr>146</ns3:hr>
            <ns3:cad>87</ns3:cad>
          </ns3:TrackPointExtension>
        </extensions>
      </trkpt>
      <trkpt lat="31.15932849235832691192626953125" lon="121.20024056173861026763916015625">
        <ele>2.2000000476837158203125</ele>
        <time>2025-10-05T12:18:51.000Z</time>
        <extensions>
          <ns3:TrackPointExtension>
            <ns3:hr>147</ns3:hr>
            <ns3:cad>87</ns3:cad>
          </ns3:TrackPointExtension>
        </extensions>
      </trkpt>
      <trkpt lat="31.159297563135623931884765625" lon="121.200256235897541046142578125">
        <ele>2.2000000476837158203125</ele>
        <time>2025-10-05T12:18:52.000Z</time>
        <extensions>
          <ns3:TrackPointExtension>
            <ns3:hr>147</ns3:hr>
            <ns3:cad>87</ns3:cad>
          </ns3:TrackPointExtension>
        </extensions>
      </trkpt>
      <trkpt lat="31.1592692323029041290283203125" lon="121.2002664618194103240966796875">
        <ele>2.2000000476837158203125</ele>
        <time>2025-10-05T12:18:53.000Z</time>
        <extensions>
          <ns3:TrackPointExtension>
            <ns3:hr>148</ns3:hr>
            <ns3:cad>88</ns3:cad>
          </ns3:TrackPointExtension>
        </extensions>
      </trkpt>
      <trkpt lat="31.15924081765115261077880859375" lon="121.2002875842154026031494140625">
        <ele>2.400000095367431640625</ele>
        <time>2025-10-05T12:18:54.000Z</time>
        <extensions>
          <ns3:TrackPointExtension>
            <ns3:hr>148</ns3:hr>
            <ns3:cad>88</ns3:cad>
          </ns3:TrackPointExtension>
        </extensions>
      </trkpt>
      <trkpt lat="31.159213073551654815673828125" lon="121.2003026716411113739013671875">
        <ele>2.400000095367431640625</ele>
        <time>2025-10-05T12:18:55.000Z</time>
        <extensions>
          <ns3:TrackPointExtension>
            <ns3:hr>148</ns3:hr>
            <ns3:cad>88</ns3:cad>
          </ns3:TrackPointExtension>
        </extensions>
      </trkpt>
      <trkpt lat="31.15918792784214019775390625" lon="121.20031331665813922882080078125">
        <ele>2.2000000476837158203125</ele>
        <time>2025-10-05T12:18:56.000Z</time>
        <extensions>
          <ns3:TrackPointExtension>
            <ns3:hr>148</ns3:hr>
            <ns3:cad>88</ns3:cad>
          </ns3:TrackPointExtension>
        </extensions>
      </trkpt>
      <trkpt lat="31.159159429371356964111328125" lon="121.200316250324249267578125">
        <ele>2.2000000476837158203125</ele>
        <time>2025-10-05T12:18:57.000Z</time>
        <extensions>
          <ns3:TrackPointExtension>
            <ns3:hr>148</ns3:hr>
            <ns3:cad>88</ns3:cad>
          </ns3:TrackPointExtension>
        </extensions>
      </trkpt>
      <trkpt lat="31.159139312803745269775390625" lon="121.20032387785613536834716796875">
        <ele>2.2000000476837158203125</ele>
        <time>2025-10-05T12:18:58.000Z</time>
        <extensions>
          <ns3:TrackPointExtension>
            <ns3:hr>147</ns3:hr>
            <ns3:cad>88</ns3:cad>
          </ns3:TrackPointExtension>
        </extensions>
      </trkpt>
      <trkpt lat="31.159105114638805389404296875" lon="121.20032940991222858428955078125">
        <ele>2</ele>
        <time>2025-10-05T12:18:59.000Z</time>
        <extensions>
          <ns3:TrackPointExtension>
            <ns3:hr>148</ns3:hr>
            <ns3:cad>88</ns3:cad>
          </ns3:TrackPointExtension>
        </extensions>
      </trkpt>
      <trkpt lat="31.15907728672027587890625" lon="121.20033611543476581573486328125">
        <ele>2</ele>
        <time>2025-10-05T12:19:00.000Z</time>
        <extensions>
          <ns3:TrackPointExtension>
            <ns3:hr>148</ns3:hr>
            <ns3:cad>88</ns3:cad>
          </ns3:TrackPointExtension>
        </extensions>
      </trkpt>
      <trkpt lat="31.159046106040477752685546875" lon="121.20033812709152698516845703125">
        <ele>2</ele>
        <time>2025-10-05T12:19:01.000Z</time>
        <extensions>
          <ns3:TrackPointExtension>
            <ns3:hr>148</ns3:hr>
            <ns3:cad>88</ns3:cad>
          </ns3:TrackPointExtension>
        </extensions>
      </trkpt>
      <trkpt lat="31.15901819430291652679443359375" lon="121.20034650899469852447509765625">
        <ele>2</ele>
        <time>2025-10-05T12:19:02.000Z</time>
        <extensions>
          <ns3:TrackPointExtension>
            <ns3:hr>147</ns3:hr>
            <ns3:cad>88</ns3:cad>
          </ns3:TrackPointExtension>
        </extensions>
      </trkpt>
      <trkpt lat="31.1589922942221164703369140625" lon="121.20034768246114253997802734375">
        <ele>2</ele>
        <time>2025-10-05T12:19:03.000Z</time>
        <extensions>
          <ns3:TrackPointExtension>
            <ns3:hr>148</ns3:hr>
            <ns3:cad>88</ns3:cad>
          </ns3:TrackPointExtension>
        </extensions>
      </trkpt>
      <trkpt lat="31.1589661426842212677001953125" lon="121.2003492750227451324462890625">
        <ele>2</ele>
        <time>2025-10-05T12:19:04.000Z</time>
        <extensions>
          <ns3:TrackPointExtension>
            <ns3:hr>148</ns3:hr>
            <ns3:cad>88</ns3:cad>
          </ns3:TrackPointExtension>
        </extensions>
      </trkpt>
      <trkpt lat="31.15894250571727752685546875" lon="121.20035388506948947906494140625">
        <ele>2</ele>
        <time>2025-10-05T12:19:05.000Z</time>
        <extensions>
          <ns3:TrackPointExtension>
            <ns3:hr>148</ns3:hr>
            <ns3:cad>88</ns3:cad>
          </ns3:TrackPointExtension>
        </extensions>
      </trkpt>
      <trkpt lat="31.15890872664749622344970703125" lon="121.20036461390554904937744140625">
        <ele>2</ele>
        <time>2025-10-05T12:19:06.000Z</time>
        <extensions>
          <ns3:TrackPointExtension>
            <ns3:hr>148</ns3:hr>
            <ns3:cad>87</ns3:cad>
          </ns3:TrackPointExtension>
        </extensions>
      </trkpt>
      <trkpt lat="31.15888374857604503631591796875" lon="121.2003739178180694580078125">
        <ele>2</ele>
        <time>2025-10-05T12:19:07.000Z</time>
        <extensions>
          <ns3:TrackPointExtension>
            <ns3:hr>147</ns3:hr>
            <ns3:cad>87</ns3:cad>
          </ns3:TrackPointExtension>
        </extensions>
      </trkpt>
      <trkpt lat="31.1588518135249614715576171875" lon="121.20038271881639957427978515625">
        <ele>2</ele>
        <time>2025-10-05T12:19:08.000Z</time>
        <extensions>
          <ns3:TrackPointExtension>
            <ns3:hr>148</ns3:hr>
            <ns3:cad>87</ns3:cad>
          </ns3:TrackPointExtension>
        </extensions>
      </trkpt>
      <trkpt lat="31.158827506005764007568359375" lon="121.2003841437399387359619140625">
        <ele>2</ele>
        <time>2025-10-05T12:19:09.000Z</time>
        <extensions>
          <ns3:TrackPointExtension>
            <ns3:hr>148</ns3:hr>
            <ns3:cad>86</ns3:cad>
          </ns3:TrackPointExtension>
        </extensions>
      </trkpt>
      <trkpt lat="31.15879858843982219696044921875" lon="121.2003953754901885986328125">
        <ele>2</ele>
        <time>2025-10-05T12:19:10.000Z</time>
        <extensions>
          <ns3:TrackPointExtension>
            <ns3:hr>148</ns3:hr>
            <ns3:cad>86</ns3:cad>
          </ns3:TrackPointExtension>
        </extensions>
      </trkpt>
      <trkpt lat="31.15877620875835418701171875" lon="121.200403086841106414794921875">
        <ele>2</ele>
        <time>2025-10-05T12:19:11.000Z</time>
        <extensions>
          <ns3:TrackPointExtension>
            <ns3:hr>147</ns3:hr>
            <ns3:cad>86</ns3:cad>
          </ns3:TrackPointExtension>
        </extensions>
      </trkpt>
      <trkpt lat="31.15875014103949069976806640625" lon="121.200410462915897369384765625">
        <ele>2</ele>
        <time>2025-10-05T12:19:12.000Z</time>
        <extensions>
          <ns3:TrackPointExtension>
            <ns3:hr>148</ns3:hr>
            <ns3:cad>86</ns3:cad>
          </ns3:TrackPointExtension>
        </extensions>
      </trkpt>
      <trkpt lat="31.15872633643448352813720703125" lon="121.20041322894394397735595703125">
        <ele>2</ele>
        <time>2025-10-05T12:19:13.000Z</time>
        <extensions>
          <ns3:TrackPointExtension>
            <ns3:hr>148</ns3:hr>
            <ns3:cad>87</ns3:cad>
          </ns3:TrackPointExtension>
        </extensions>
      </trkpt>
      <trkpt lat="31.158702783286571502685546875" lon="121.200417838990688323974609375">
        <ele>2</ele>
        <time>2025-10-05T12:19:14.000Z</time>
        <extensions>
          <ns3:TrackPointExtension>
            <ns3:hr>147</ns3:hr>
            <ns3:cad>87</ns3:cad>
          </ns3:TrackPointExtension>
        </extensions>
      </trkpt>
      <trkpt lat="31.15867503918707370758056640625" lon="121.2004243768751621246337890625">
        <ele>2</ele>
        <time>2025-10-05T12:19:15.000Z</time>
        <extensions>
          <ns3:TrackPointExtension>
            <ns3:hr>147</ns3:hr>
            <ns3:cad>87</ns3:cad>
          </ns3:TrackPointExtension>
        </extensions>
      </trkpt>
      <trkpt lat="31.15864922292530536651611328125" lon="121.2004302442073822021484375">
        <ele>2</ele>
        <time>2025-10-05T12:19:16.000Z</time>
        <extensions>
          <ns3:TrackPointExtension>
            <ns3:hr>147</ns3:hr>
            <ns3:cad>88</ns3:cad>
          </ns3:TrackPointExtension>
        </extensions>
      </trkpt>
      <trkpt lat="31.15862173028290271759033203125" lon="121.2004354409873485565185546875">
        <ele>2</ele>
        <time>2025-10-05T12:19:17.000Z</time>
        <extensions>
          <ns3:TrackPointExtension>
            <ns3:hr>147</ns3:hr>
            <ns3:cad>88</ns3:cad>
          </ns3:TrackPointExtension>
        </extensions>
      </trkpt>
      <trkpt lat="31.15860010497272014617919921875" lon="121.200444661080837249755859375">
        <ele>2</ele>
        <time>2025-10-05T12:19:18.000Z</time>
        <extensions>
          <ns3:TrackPointExtension>
            <ns3:hr>147</ns3:hr>
            <ns3:cad>88</ns3:cad>
          </ns3:TrackPointExtension>
        </extensions>
      </trkpt>
      <trkpt lat="31.158570013940334320068359375" lon="121.200450696051120758056640625">
        <ele>2</ele>
        <time>2025-10-05T12:19:19.000Z</time>
        <extensions>
          <ns3:TrackPointExtension>
            <ns3:hr>147</ns3:hr>
            <ns3:cad>88</ns3:cad>
          </ns3:TrackPointExtension>
        </extensions>
      </trkpt>
      <trkpt lat="31.158546544611454010009765625" lon="121.20045639574527740478515625">
        <ele>2</ele>
        <time>2025-10-05T12:19:20.000Z</time>
        <extensions>
          <ns3:TrackPointExtension>
            <ns3:hr>147</ns3:hr>
            <ns3:cad>88</ns3:cad>
          </ns3:TrackPointExtension>
        </extensions>
      </trkpt>
      <trkpt lat="31.1585178785026073455810546875" lon="121.2004615925252437591552734375">
        <ele>2</ele>
        <time>2025-10-05T12:19:21.000Z</time>
        <extensions>
          <ns3:TrackPointExtension>
            <ns3:hr>146</ns3:hr>
            <ns3:cad>87</ns3:cad>
          </ns3:TrackPointExtension>
        </extensions>
      </trkpt>
      <trkpt lat="31.15849013440310955047607421875" lon="121.20046720840036869049072265625">
        <ele>2</ele>
        <time>2025-10-05T12:19:22.000Z</time>
        <extensions>
          <ns3:TrackPointExtension>
            <ns3:hr>146</ns3:hr>
            <ns3:cad>87</ns3:cad>
          </ns3:TrackPointExtension>
        </extensions>
      </trkpt>
      <trkpt lat="31.1584612168371677398681640625" lon="121.200471818447113037109375">
        <ele>2</ele>
        <time>2025-10-05T12:19:23.000Z</time>
        <extensions>
          <ns3:TrackPointExtension>
            <ns3:hr>146</ns3:hr>
            <ns3:cad>87</ns3:cad>
          </ns3:TrackPointExtension>
        </extensions>
      </trkpt>
      <trkpt lat="31.15843330509960651397705078125" lon="121.2004731595516204833984375">
        <ele>2</ele>
        <time>2025-10-05T12:19:24.000Z</time>
        <extensions>
          <ns3:TrackPointExtension>
            <ns3:hr>146</ns3:hr>
            <ns3:cad>87</ns3:cad>
          </ns3:TrackPointExtension>
        </extensions>
      </trkpt>
      <trkpt lat="31.158404052257537841796875" lon="121.2004766799509525299072265625">
        <ele>2</ele>
        <time>2025-10-05T12:19:25.000Z</time>
        <extensions>
          <ns3:TrackPointExtension>
            <ns3:hr>147</ns3:hr>
            <ns3:cad>88</ns3:cad>
          </ns3:TrackPointExtension>
        </extensions>
      </trkpt>
      <trkpt lat="31.158379577100276947021484375" lon="121.20048531331121921539306640625">
        <ele>2</ele>
        <time>2025-10-05T12:19:26.000Z</time>
        <extensions>
          <ns3:TrackPointExtension>
            <ns3:hr>146</ns3:hr>
            <ns3:cad>88</ns3:cad>
          </ns3:TrackPointExtension>
        </extensions>
      </trkpt>
      <trkpt lat="31.1583572812378406524658203125" lon="121.2004934437572956085205078125">
        <ele>2</ele>
        <time>2025-10-05T12:19:27.000Z</time>
        <extensions>
          <ns3:TrackPointExtension>
            <ns3:hr>147</ns3:hr>
            <ns3:cad>88</ns3:cad>
          </ns3:TrackPointExtension>
        </extensions>
      </trkpt>
      <trkpt lat="31.1583316326141357421875" lon="121.2004994787275791168212890625">
        <ele>2.2000000476837158203125</ele>
        <time>2025-10-05T12:19:28.000Z</time>
        <extensions>
          <ns3:TrackPointExtension>
            <ns3:hr>147</ns3:hr>
            <ns3:cad>88</ns3:cad>
          </ns3:TrackPointExtension>
        </extensions>
      </trkpt>
      <trkpt lat="31.15830757655203342437744140625" lon="121.2005048431456089019775390625">
        <ele>2</ele>
        <time>2025-10-05T12:19:29.000Z</time>
        <extensions>
          <ns3:TrackPointExtension>
            <ns3:hr>147</ns3:hr>
            <ns3:cad>88</ns3:cad>
          </ns3:TrackPointExtension>
        </extensions>
      </trkpt>
      <trkpt lat="31.15827907808125019073486328125" lon="121.2005092017352581024169921875">
        <ele>2.2000000476837158203125</ele>
        <time>2025-10-05T12:19:30.000Z</time>
        <extensions>
          <ns3:TrackPointExtension>
            <ns3:hr>147</ns3:hr>
            <ns3:cad>88</ns3:cad>
          </ns3:TrackPointExtension>
        </extensions>
      </trkpt>
      <trkpt lat="31.15825745277106761932373046875" lon="121.20051540434360504150390625">
        <ele>2.2000000476837158203125</ele>
        <time>2025-10-05T12:19:31.000Z</time>
        <extensions>
          <ns3:TrackPointExtension>
            <ns3:hr>147</ns3:hr>
            <ns3:cad>88</ns3:cad>
          </ns3:TrackPointExtension>
        </extensions>
      </trkpt>
      <trkpt lat="31.1582265235483646392822265625" lon="121.200520433485507965087890625">
        <ele>2.2000000476837158203125</ele>
        <time>2025-10-05T12:19:32.000Z</time>
        <extensions>
          <ns3:TrackPointExtension>
            <ns3:hr>148</ns3:hr>
            <ns3:cad>88</ns3:cad>
          </ns3:TrackPointExtension>
        </extensions>
      </trkpt>
      <trkpt lat="31.1582042276859283447265625" lon="121.20052420534193515777587890625">
        <ele>2.2000000476837158203125</ele>
        <time>2025-10-05T12:19:33.000Z</time>
        <extensions>
          <ns3:TrackPointExtension>
            <ns3:hr>148</ns3:hr>
            <ns3:cad>88</ns3:cad>
          </ns3:TrackPointExtension>
        </extensions>
      </trkpt>
      <trkpt lat="31.15817396901547908782958984375" lon="121.20053040795028209686279296875">
        <ele>2.2000000476837158203125</ele>
        <time>2025-10-05T12:19:34.000Z</time>
        <extensions>
          <ns3:TrackPointExtension>
            <ns3:hr>148</ns3:hr>
            <ns3:cad>88</ns3:cad>
          </ns3:TrackPointExtension>
        </extensions>
      </trkpt>
      <trkpt lat="31.15815200842916965484619140625" lon="121.20053409598767757415771484375">
        <ele>2.2000000476837158203125</ele>
        <time>2025-10-05T12:19:35.000Z</time>
        <extensions>
          <ns3:TrackPointExtension>
            <ns3:hr>148</ns3:hr>
            <ns3:cad>88</ns3:cad>
          </ns3:TrackPointExtension>
        </extensions>
      </trkpt>
      <trkpt lat="31.15812577307224273681640625" lon="121.20053845457732677459716796875">
        <ele>2.2000000476837158203125</ele>
        <time>2025-10-05T12:19:36.000Z</time>
        <extensions>
          <ns3:TrackPointExtension>
            <ns3:hr>147</ns3:hr>
            <ns3:cad>88</ns3:cad>
          </ns3:TrackPointExtension>
        </extensions>
      </trkpt>
      <trkpt lat="31.158100627362728118896484375" lon="121.20054080151021480560302734375">
        <ele>2.2000000476837158203125</ele>
        <time>2025-10-05T12:19:37.000Z</time>
        <extensions>
          <ns3:TrackPointExtension>
            <ns3:hr>148</ns3:hr>
            <ns3:cad>87</ns3:cad>
          </ns3:TrackPointExtension>
        </extensions>
      </trkpt>
      <trkpt lat="31.158073805272579193115234375" lon="121.2005454115569591522216796875">
        <ele>2.2000000476837158203125</ele>
        <time>2025-10-05T12:19:38.000Z</time>
        <extensions>
          <ns3:TrackPointExtension>
            <ns3:hr>148</ns3:hr>
            <ns3:cad>87</ns3:cad>
          </ns3:TrackPointExtension>
        </extensions>
      </trkpt>
      <trkpt lat="31.15804656408727169036865234375" lon="121.20054633356630802154541015625">
        <ele>2</ele>
        <time>2025-10-05T12:19:39.000Z</time>
        <extensions>
          <ns3:TrackPointExtension>
            <ns3:hr>147</ns3:hr>
            <ns3:cad>87</ns3:cad>
          </ns3:TrackPointExtension>
        </extensions>
      </trkpt>
      <trkpt lat="31.1580243520438671112060546875" lon="121.2005568109452724456787109375">
        <ele>2.2000000476837158203125</ele>
        <time>2025-10-05T12:19:40.000Z</time>
        <extensions>
          <ns3:TrackPointExtension>
            <ns3:hr>148</ns3:hr>
            <ns3:cad>87</ns3:cad>
          </ns3:TrackPointExtension>
        </extensions>
      </trkpt>
      <trkpt lat="31.1579928360879421234130859375" lon="121.2005628459155559539794921875">
        <ele>2</ele>
        <time>2025-10-05T12:19:41.000Z</time>
        <extensions>
          <ns3:TrackPointExtension>
            <ns3:hr>148</ns3:hr>
            <ns3:cad>87</ns3:cad>
          </ns3:TrackPointExtension>
        </extensions>
      </trkpt>
      <trkpt lat="31.15797364152967929840087890625" lon="121.2005672045052051544189453125">
        <ele>2.2000000476837158203125</ele>
        <time>2025-10-05T12:19:42.000Z</time>
        <extensions>
          <ns3:TrackPointExtension>
            <ns3:hr>147</ns3:hr>
            <ns3:cad>87</ns3:cad>
          </ns3:TrackPointExtension>
        </extensions>
      </trkpt>
      <trkpt lat="31.15794044919312000274658203125" lon="121.200574077665805816650390625">
        <ele>2.2000000476837158203125</ele>
        <time>2025-10-05T12:19:43.000Z</time>
        <extensions>
          <ns3:TrackPointExtension>
            <ns3:hr>148</ns3:hr>
            <ns3:cad>87</ns3:cad>
          </ns3:TrackPointExtension>
        </extensions>
      </trkpt>
      <trkpt lat="31.1579172313213348388671875" lon="121.20058086700737476348876953125">
        <ele>2.2000000476837158203125</ele>
        <time>2025-10-05T12:19:44.000Z</time>
        <extensions>
          <ns3:TrackPointExtension>
            <ns3:hr>148</ns3:hr>
            <ns3:cad>87</ns3:cad>
          </ns3:TrackPointExtension>
        </extensions>
      </trkpt>
      <trkpt lat="31.15788462571799755096435546875" lon="121.2005883269011974334716796875">
        <ele>2.2000000476837158203125</ele>
        <time>2025-10-05T12:19:45.000Z</time>
        <extensions>
          <ns3:TrackPointExtension>
            <ns3:hr>147</ns3:hr>
            <ns3:cad>87</ns3:cad>
          </ns3:TrackPointExtension>
        </extensions>
      </trkpt>
      <trkpt lat="31.15786065347492694854736328125" lon="121.2005923502147197723388671875">
        <ele>2</ele>
        <time>2025-10-05T12:19:46.000Z</time>
        <extensions>
          <ns3:TrackPointExtension>
            <ns3:hr>148</ns3:hr>
            <ns3:cad>88</ns3:cad>
          </ns3:TrackPointExtension>
        </extensions>
      </trkpt>
      <trkpt lat="31.15783399902284145355224609375" lon="121.200602240860462188720703125">
        <ele>2</ele>
        <time>2025-10-05T12:19:47.000Z</time>
        <extensions>
          <ns3:TrackPointExtension>
            <ns3:hr>148</ns3:hr>
            <ns3:cad>88</ns3:cad>
          </ns3:TrackPointExtension>
        </extensions>
      </trkpt>
      <trkpt lat="31.157806254923343658447265625" lon="121.2006072700023651123046875">
        <ele>2</ele>
        <time>2025-10-05T12:19:48.000Z</time>
        <extensions>
          <ns3:TrackPointExtension>
            <ns3:hr>147</ns3:hr>
            <ns3:cad>88</ns3:cad>
          </ns3:TrackPointExtension>
        </extensions>
      </trkpt>
      <trkpt lat="31.15777884609997272491455078125" lon="121.20061808265745639801025390625">
        <ele>2</ele>
        <time>2025-10-05T12:19:49.000Z</time>
        <extensions>
          <ns3:TrackPointExtension>
            <ns3:hr>148</ns3:hr>
            <ns3:cad>88</ns3:cad>
          </ns3:TrackPointExtension>
        </extensions>
      </trkpt>
      <trkpt lat="31.15775051526725292205810546875" lon="121.2006235308945178985595703125">
        <ele>2</ele>
        <time>2025-10-05T12:19:50.000Z</time>
        <extensions>
          <ns3:TrackPointExtension>
            <ns3:hr>148</ns3:hr>
            <ns3:cad>87</ns3:cad>
          </ns3:TrackPointExtension>
        </extensions>
      </trkpt>
      <trkpt lat="31.157724447548389434814453125" lon="121.20062981732189655303955078125">
        <ele>2</ele>
        <time>2025-10-05T12:19:51.000Z</time>
        <extensions>
          <ns3:TrackPointExtension>
            <ns3:hr>147</ns3:hr>
            <ns3:cad>87</ns3:cad>
          </ns3:TrackPointExtension>
        </extensions>
      </trkpt>
      <trkpt lat="31.15769117139279842376708984375" lon="121.2006278894841670989990234375">
        <ele>2</ele>
        <time>2025-10-05T12:19:52.000Z</time>
        <extensions>
          <ns3:TrackPointExtension>
            <ns3:hr>148</ns3:hr>
            <ns3:cad>87</ns3:cad>
          </ns3:TrackPointExtension>
        </extensions>
      </trkpt>
      <trkpt lat="31.15766636095941066741943359375" lon="121.2006260454654693603515625">
        <ele>2</ele>
        <time>2025-10-05T12:19:53.000Z</time>
        <extensions>
          <ns3:TrackPointExtension>
            <ns3:hr>148</ns3:hr>
            <ns3:cad>88</ns3:cad>
          </ns3:TrackPointExtension>
        </extensions>
      </trkpt>
      <trkpt lat="31.15763283334672451019287109375" lon="121.20061959140002727508544921875">
        <ele>2</ele>
        <time>2025-10-05T12:19:54.000Z</time>
        <extensions>
          <ns3:TrackPointExtension>
            <ns3:hr>147</ns3:hr>
            <ns3:cad>88</ns3:cad>
          </ns3:TrackPointExtension>
        </extensions>
      </trkpt>
      <trkpt lat="31.157610118389129638671875" lon="121.2006233632564544677734375">
        <ele>2</ele>
        <time>2025-10-05T12:19:55.000Z</time>
        <extensions>
          <ns3:TrackPointExtension>
            <ns3:hr>148</ns3:hr>
            <ns3:cad>88</ns3:cad>
          </ns3:TrackPointExtension>
        </extensions>
      </trkpt>
      <trkpt lat="31.1575841344892978668212890625" lon="121.20062897913157939910888671875">
        <ele>2.2000000476837158203125</ele>
        <time>2025-10-05T12:19:56.000Z</time>
        <extensions>
          <ns3:TrackPointExtension>
            <ns3:hr>148</ns3:hr>
            <ns3:cad>88</ns3:cad>
          </ns3:TrackPointExtension>
        </extensions>
      </trkpt>
      <trkpt lat="31.1575573123991489410400390625" lon="121.20063618756830692291259765625">
        <ele>2.400000095367431640625</ele>
        <time>2025-10-05T12:19:57.000Z</time>
        <extensions>
          <ns3:TrackPointExtension>
            <ns3:hr>147</ns3:hr>
            <ns3:cad>87</ns3:cad>
          </ns3:TrackPointExtension>
        </extensions>
      </trkpt>
      <trkpt lat="31.1575294844806194305419921875" lon="121.20064490474760532379150390625">
        <ele>2.599999904632568359375</ele>
        <time>2025-10-05T12:19:58.000Z</time>
        <extensions>
          <ns3:TrackPointExtension>
            <ns3:hr>148</ns3:hr>
            <ns3:cad>87</ns3:cad>
          </ns3:TrackPointExtension>
        </extensions>
      </trkpt>
      <trkpt lat="31.15750341676175594329833984375" lon="121.200649850070476531982421875">
        <ele>2.7999999523162841796875</ele>
        <time>2025-10-05T12:19:59.000Z</time>
        <extensions>
          <ns3:TrackPointExtension>
            <ns3:hr>148</ns3:hr>
            <ns3:cad>87</ns3:cad>
          </ns3:TrackPointExtension>
        </extensions>
      </trkpt>
      <trkpt lat="31.157479695975780487060546875" lon="121.20065948925912380218505859375">
        <ele>2.7999999523162841796875</ele>
        <time>2025-10-05T12:20:00.000Z</time>
        <extensions>
          <ns3:TrackPointExtension>
            <ns3:hr>148</ns3:hr>
            <ns3:cad>86</ns3:cad>
          </ns3:TrackPointExtension>
        </extensions>
      </trkpt>
      <trkpt lat="31.1574510298669338226318359375" lon="121.2006634287536144256591796875">
        <ele>2.7999999523162841796875</ele>
        <time>2025-10-05T12:20:01.000Z</time>
        <extensions>
          <ns3:TrackPointExtension>
            <ns3:hr>148</ns3:hr>
            <ns3:cad>86</ns3:cad>
          </ns3:TrackPointExtension>
        </extensions>
      </trkpt>
      <trkpt lat="31.1574265547096729278564453125" lon="121.2006704695522785186767578125">
        <ele>3</ele>
        <time>2025-10-05T12:20:02.000Z</time>
        <extensions>
          <ns3:TrackPointExtension>
            <ns3:hr>148</ns3:hr>
            <ns3:cad>87</ns3:cad>
          </ns3:TrackPointExtension>
        </extensions>
      </trkpt>
      <trkpt lat="31.15739218890666961669921875" lon="121.20067457668483257293701171875">
        <ele>2.7999999523162841796875</ele>
        <time>2025-10-05T12:20:03.000Z</time>
        <extensions>
          <ns3:TrackPointExtension>
            <ns3:hr>148</ns3:hr>
            <ns3:cad>87</ns3:cad>
          </ns3:TrackPointExtension>
        </extensions>
      </trkpt>
      <trkpt lat="31.1573678813874721527099609375" lon="121.20068279094994068145751953125">
        <ele>2.7999999523162841796875</ele>
        <time>2025-10-05T12:20:04.000Z</time>
        <extensions>
          <ns3:TrackPointExtension>
            <ns3:hr>148</ns3:hr>
            <ns3:cad>88</ns3:cad>
          </ns3:TrackPointExtension>
        </extensions>
      </trkpt>
      <trkpt lat="31.1573353596031665802001953125" lon="121.2006889097392559051513671875">
        <ele>3</ele>
        <time>2025-10-05T12:20:05.000Z</time>
        <extensions>
          <ns3:TrackPointExtension>
            <ns3:hr>148</ns3:hr>
            <ns3:cad>88</ns3:cad>
          </ns3:TrackPointExtension>
        </extensions>
      </trkpt>
      <trkpt lat="31.15731365047395229339599609375" lon="121.20069787837564945220947265625">
        <ele>3</ele>
        <time>2025-10-05T12:20:06.000Z</time>
        <extensions>
          <ns3:TrackPointExtension>
            <ns3:hr>148</ns3:hr>
            <ns3:cad>88</ns3:cad>
          </ns3:TrackPointExtension>
        </extensions>
      </trkpt>
      <trkpt lat="31.15728146396577358245849609375" lon="121.20070290751755237579345703125">
        <ele>3</ele>
        <time>2025-10-05T12:20:07.000Z</time>
        <extensions>
          <ns3:TrackPointExtension>
            <ns3:hr>148</ns3:hr>
            <ns3:cad>87</ns3:cad>
          </ns3:TrackPointExtension>
        </extensions>
      </trkpt>
      <trkpt lat="31.15726319141685962677001953125" lon="121.2007113732397556304931640625">
        <ele>3</ele>
        <time>2025-10-05T12:20:08.000Z</time>
        <extensions>
          <ns3:TrackPointExtension>
            <ns3:hr>149</ns3:hr>
            <ns3:cad>87</ns3:cad>
          </ns3:TrackPointExtension>
        </extensions>
      </trkpt>
      <trkpt lat="31.1572327651083469390869140625" lon="121.20071648620069026947021484375">
        <ele>3</ele>
        <time>2025-10-05T12:20:09.000Z</time>
        <extensions>
          <ns3:TrackPointExtension>
            <ns3:hr>149</ns3:hr>
            <ns3:cad>87</ns3:cad>
          </ns3:TrackPointExtension>
        </extensions>
      </trkpt>
      <trkpt lat="31.15721357055008411407470703125" lon="121.200725622475147247314453125">
        <ele>3</ele>
        <time>2025-10-05T12:20:10.000Z</time>
        <extensions>
          <ns3:TrackPointExtension>
            <ns3:hr>149</ns3:hr>
            <ns3:cad>87</ns3:cad>
          </ns3:TrackPointExtension>
        </extensions>
      </trkpt>
      <trkpt lat="31.157187335193157196044921875" lon="121.20073542930185794830322265625">
        <ele>3</ele>
        <time>2025-10-05T12:20:11.000Z</time>
        <extensions>
          <ns3:TrackPointExtension>
            <ns3:hr>149</ns3:hr>
            <ns3:cad>88</ns3:cad>
          </ns3:TrackPointExtension>
        </extensions>
      </trkpt>
      <trkpt lat="31.15715959109365940093994140625" lon="121.20073794387280941009521484375">
        <ele>3</ele>
        <time>2025-10-05T12:20:12.000Z</time>
        <extensions>
          <ns3:TrackPointExtension>
            <ns3:hr>150</ns3:hr>
            <ns3:cad>88</ns3:cad>
          </ns3:TrackPointExtension>
        </extensions>
      </trkpt>
      <trkpt lat="31.15713159553706645965576171875" lon="121.2007402069866657257080078125">
        <ele>2.7999999523162841796875</ele>
        <time>2025-10-05T12:20:13.000Z</time>
        <extensions>
          <ns3:TrackPointExtension>
            <ns3:hr>149</ns3:hr>
            <ns3:cad>87</ns3:cad>
          </ns3:TrackPointExtension>
        </extensions>
      </trkpt>
      <trkpt lat="31.15710879676043987274169921875" lon="121.2007318250834941864013671875">
        <ele>2.7999999523162841796875</ele>
        <time>2025-10-05T12:20:14.000Z</time>
        <extensions>
          <ns3:TrackPointExtension>
            <ns3:hr>149</ns3:hr>
            <ns3:cad>87</ns3:cad>
          </ns3:TrackPointExtension>
        </extensions>
      </trkpt>
      <trkpt lat="31.15709387697279453277587890625" lon="121.20071480982005596160888671875">
        <ele>2.599999904632568359375</ele>
        <time>2025-10-05T12:20:15.000Z</time>
        <extensions>
          <ns3:TrackPointExtension>
            <ns3:hr>150</ns3:hr>
            <ns3:cad>87</ns3:cad>
          </ns3:TrackPointExtension>
        </extensions>
      </trkpt>
      <trkpt lat="31.15708834491670131683349609375" lon="121.20068329386413097381591796875">
        <ele>2.599999904632568359375</ele>
        <time>2025-10-05T12:20:16.000Z</time>
        <extensions>
          <ns3:TrackPointExtension>
            <ns3:hr>149</ns3:hr>
            <ns3:cad>87</ns3:cad>
          </ns3:TrackPointExtension>
        </extensions>
      </trkpt>
      <trkpt lat="31.15708298049867153167724609375" lon="121.2006610818207263946533203125">
        <ele>2.599999904632568359375</ele>
        <time>2025-10-05T12:20:17.000Z</time>
        <extensions>
          <ns3:TrackPointExtension>
            <ns3:hr>149</ns3:hr>
            <ns3:cad>87</ns3:cad>
          </ns3:TrackPointExtension>
        </extensions>
      </trkpt>
      <trkpt lat="31.15708096884191036224365234375" lon="121.20063400827348232269287109375">
        <ele>2.599999904632568359375</ele>
        <time>2025-10-05T12:20:18.000Z</time>
        <extensions>
          <ns3:TrackPointExtension>
            <ns3:hr>149</ns3:hr>
            <ns3:cad>87</ns3:cad>
          </ns3:TrackPointExtension>
        </extensions>
      </trkpt>
      <trkpt lat="31.1570741795003414154052734375" lon="121.20060785673558712005615234375">
        <ele>2.599999904632568359375</ele>
        <time>2025-10-05T12:20:19.000Z</time>
        <extensions>
          <ns3:TrackPointExtension>
            <ns3:hr>150</ns3:hr>
            <ns3:cad>87</ns3:cad>
          </ns3:TrackPointExtension>
        </extensions>
      </trkpt>
      <trkpt lat="31.15707426331937313079833984375" lon="121.20057919062674045562744140625">
        <ele>2.599999904632568359375</ele>
        <time>2025-10-05T12:20:20.000Z</time>
        <extensions>
          <ns3:TrackPointExtension>
            <ns3:hr>150</ns3:hr>
            <ns3:cad>88</ns3:cad>
          </ns3:TrackPointExtension>
        </extensions>
      </trkpt>
      <trkpt lat="31.157068647444248199462890625" lon="121.200549267232418060302734375">
        <ele>2.599999904632568359375</ele>
        <time>2025-10-05T12:20:21.000Z</time>
        <extensions>
          <ns3:TrackPointExtension>
            <ns3:hr>150</ns3:hr>
            <ns3:cad>87</ns3:cad>
          </ns3:TrackPointExtension>
        </extensions>
      </trkpt>
      <trkpt lat="31.15705749951303005218505859375" lon="121.2005214393138885498046875">
        <ele>2.400000095367431640625</ele>
        <time>2025-10-05T12:20:22.000Z</time>
        <extensions>
          <ns3:TrackPointExtension>
            <ns3:hr>150</ns3:hr>
            <ns3:cad>87</ns3:cad>
          </ns3:TrackPointExtension>
        </extensions>
      </trkpt>
      <trkpt lat="31.15705448202788829803466796875" lon="121.20048833079636096954345703125">
        <ele>2.400000095367431640625</ele>
        <time>2025-10-05T12:20:23.000Z</time>
        <extensions>
          <ns3:TrackPointExtension>
            <ns3:hr>149</ns3:hr>
            <ns3:cad>87</ns3:cad>
          </ns3:TrackPointExtension>
        </extensions>
      </trkpt>
      <trkpt lat="31.15704559721052646636962890625" lon="121.20045882649719715118408203125">
        <ele>2.400000095367431640625</ele>
        <time>2025-10-05T12:20:24.000Z</time>
        <extensions>
          <ns3:TrackPointExtension>
            <ns3:hr>149</ns3:hr>
            <ns3:cad>87</ns3:cad>
          </ns3:TrackPointExtension>
        </extensions>
      </trkpt>
      <trkpt lat="31.15703972987830638885498046875" lon="121.200430579483509063720703125">
        <ele>2.400000095367431640625</ele>
        <time>2025-10-05T12:20:25.000Z</time>
        <extensions>
          <ns3:TrackPointExtension>
            <ns3:hr>149</ns3:hr>
            <ns3:cad>86</ns3:cad>
          </ns3:TrackPointExtension>
        </extensions>
      </trkpt>
      <trkpt lat="31.157035790383815765380859375" lon="121.20040300302207469940185546875">
        <ele>2.400000095367431640625</ele>
        <time>2025-10-05T12:20:26.000Z</time>
        <extensions>
          <ns3:TrackPointExtension>
            <ns3:hr>149</ns3:hr>
            <ns3:cad>86</ns3:cad>
          </ns3:TrackPointExtension>
        </extensions>
      </trkpt>
      <trkpt lat="31.1570305936038494110107421875" lon="121.20037198998034000396728515625">
        <ele>2.400000095367431640625</ele>
        <time>2025-10-05T12:20:27.000Z</time>
        <extensions>
          <ns3:TrackPointExtension>
            <ns3:hr>149</ns3:hr>
            <ns3:cad>85</ns3:cad>
          </ns3:TrackPointExtension>
        </extensions>
      </trkpt>
      <trkpt lat="31.15702598355710506439208984375" lon="121.200344078242778778076171875">
        <ele>2.400000095367431640625</ele>
        <time>2025-10-05T12:20:28.000Z</time>
        <extensions>
          <ns3:TrackPointExtension>
            <ns3:hr>150</ns3:hr>
            <ns3:cad>85</ns3:cad>
          </ns3:TrackPointExtension>
        </extensions>
      </trkpt>
      <trkpt lat="31.15702179260551929473876953125" lon="121.20031398721039295196533203125">
        <ele>2.400000095367431640625</ele>
        <time>2025-10-05T12:20:29.000Z</time>
        <extensions>
          <ns3:TrackPointExtension>
            <ns3:hr>149</ns3:hr>
            <ns3:cad>85</ns3:cad>
          </ns3:TrackPointExtension>
        </extensions>
      </trkpt>
      <trkpt lat="31.15701843984425067901611328125" lon="121.20027978904545307159423828125">
        <ele>2.400000095367431640625</ele>
        <time>2025-10-05T12:20:30.000Z</time>
        <extensions>
          <ns3:TrackPointExtension>
            <ns3:hr>149</ns3:hr>
            <ns3:cad>86</ns3:cad>
          </ns3:TrackPointExtension>
        </extensions>
      </trkpt>
      <trkpt lat="31.15701022557914257049560546875" lon="121.20024844072759151458740234375">
        <ele>2.400000095367431640625</ele>
        <time>2025-10-05T12:20:31.000Z</time>
        <extensions>
          <ns3:TrackPointExtension>
            <ns3:hr>149</ns3:hr>
            <ns3:cad>86</ns3:cad>
          </ns3:TrackPointExtension>
        </extensions>
      </trkpt>
      <trkpt lat="31.1570064537227153778076171875" lon="121.2002168409526348114013671875">
        <ele>2.400000095367431640625</ele>
        <time>2025-10-05T12:20:32.000Z</time>
        <extensions>
          <ns3:TrackPointExtension>
            <ns3:hr>149</ns3:hr>
            <ns3:cad>86</ns3:cad>
          </ns3:TrackPointExtension>
        </extensions>
      </trkpt>
      <trkpt lat="31.15699932910501956939697265625" lon="121.2001883424818515777587890625">
        <ele>2.400000095367431640625</ele>
        <time>2025-10-05T12:20:33.000Z</time>
        <extensions>
          <ns3:TrackPointExtension>
            <ns3:hr>149</ns3:hr>
            <ns3:cad>86</ns3:cad>
          </ns3:TrackPointExtension>
        </extensions>
      </trkpt>
      <trkpt lat="31.15699195303022861480712890625" lon="121.200156323611736297607421875">
        <ele>2.400000095367431640625</ele>
        <time>2025-10-05T12:20:34.000Z</time>
        <extensions>
          <ns3:TrackPointExtension>
            <ns3:hr>149</ns3:hr>
            <ns3:cad>86</ns3:cad>
          </ns3:TrackPointExtension>
        </extensions>
      </trkpt>
      <trkpt lat="31.15698315203189849853515625" lon="121.2001286633312702178955078125">
        <ele>2.400000095367431640625</ele>
        <time>2025-10-05T12:20:35.000Z</time>
        <extensions>
          <ns3:TrackPointExtension>
            <ns3:hr>149</ns3:hr>
            <ns3:cad>86</ns3:cad>
          </ns3:TrackPointExtension>
        </extensions>
      </trkpt>
      <trkpt lat="31.15697703324258327484130859375" lon="121.2000978179275989532470703125">
        <ele>2.400000095367431640625</ele>
        <time>2025-10-05T12:20:36.000Z</time>
        <extensions>
          <ns3:TrackPointExtension>
            <ns3:hr>149</ns3:hr>
            <ns3:cad>86</ns3:cad>
          </ns3:TrackPointExtension>
        </extensions>
      </trkpt>
      <trkpt lat="31.15697116591036319732666015625" lon="121.20006755925714969635009765625">
        <ele>2.400000095367431640625</ele>
        <time>2025-10-05T12:20:37.000Z</time>
        <extensions>
          <ns3:TrackPointExtension>
            <ns3:hr>149</ns3:hr>
            <ns3:cad>86</ns3:cad>
          </ns3:TrackPointExtension>
        </extensions>
      </trkpt>
      <trkpt lat="31.15696437656879425048828125" lon="121.200040988624095916748046875">
        <ele>2.400000095367431640625</ele>
        <time>2025-10-05T12:20:38.000Z</time>
        <extensions>
          <ns3:TrackPointExtension>
            <ns3:hr>149</ns3:hr>
            <ns3:cad>87</ns3:cad>
          </ns3:TrackPointExtension>
        </extensions>
      </trkpt>
      <trkpt lat="31.1569632031023502349853515625" lon="121.200008802115917205810546875">
        <ele>2.400000095367431640625</ele>
        <time>2025-10-05T12:20:39.000Z</time>
        <extensions>
          <ns3:TrackPointExtension>
            <ns3:hr>149</ns3:hr>
            <ns3:cad>87</ns3:cad>
          </ns3:TrackPointExtension>
        </extensions>
      </trkpt>
      <trkpt lat="31.1569543182849884033203125" lon="121.19998323731124401092529296875">
        <ele>2.400000095367431640625</ele>
        <time>2025-10-05T12:20:40.000Z</time>
        <extensions>
          <ns3:TrackPointExtension>
            <ns3:hr>149</ns3:hr>
            <ns3:cad>87</ns3:cad>
          </ns3:TrackPointExtension>
        </extensions>
      </trkpt>
      <trkpt lat="31.15694719366729259490966796875" lon="121.199949793517589569091796875">
        <ele>2.599999904632568359375</ele>
        <time>2025-10-05T12:20:41.000Z</time>
        <extensions>
          <ns3:TrackPointExtension>
            <ns3:hr>149</ns3:hr>
            <ns3:cad>87</ns3:cad>
          </ns3:TrackPointExtension>
        </extensions>
      </trkpt>
      <trkpt lat="31.15693411789834499359130859375" lon="121.199922971427440643310546875">
        <ele>2.400000095367431640625</ele>
        <time>2025-10-05T12:20:42.000Z</time>
        <extensions>
          <ns3:TrackPointExtension>
            <ns3:hr>149</ns3:hr>
            <ns3:cad>87</ns3:cad>
          </ns3:TrackPointExtension>
        </extensions>
      </trkpt>
      <trkpt lat="31.15693110041320323944091796875" lon="121.19988416321575641632080078125">
        <ele>2.400000095367431640625</ele>
        <time>2025-10-05T12:20:43.000Z</time>
        <extensions>
          <ns3:TrackPointExtension>
            <ns3:hr>149</ns3:hr>
            <ns3:cad>87</ns3:cad>
          </ns3:TrackPointExtension>
        </extensions>
      </trkpt>
      <trkpt lat="31.156931184232234954833984375" lon="121.1998517252504825592041015625">
        <ele>2.400000095367431640625</ele>
        <time>2025-10-05T12:20:44.000Z</time>
        <extensions>
          <ns3:TrackPointExtension>
            <ns3:hr>149</ns3:hr>
            <ns3:cad>87</ns3:cad>
          </ns3:TrackPointExtension>
        </extensions>
      </trkpt>
      <trkpt lat="31.15693948231637477874755859375" lon="121.1998138390481472015380859375">
        <ele>2.400000095367431640625</ele>
        <time>2025-10-05T12:20:45.000Z</time>
        <extensions>
          <ns3:TrackPointExtension>
            <ns3:hr>149</ns3:hr>
            <ns3:cad>88</ns3:cad>
          </ns3:TrackPointExtension>
        </extensions>
      </trkpt>
      <trkpt lat="31.1569457687437534332275390625" lon="121.19978056289255619049072265625">
        <ele>2.400000095367431640625</ele>
        <time>2025-10-05T12:20:46.000Z</time>
        <extensions>
          <ns3:TrackPointExtension>
            <ns3:hr>149</ns3:hr>
            <ns3:cad>88</ns3:cad>
          </ns3:TrackPointExtension>
        </extensions>
      </trkpt>
      <trkpt lat="31.15695993416011333465576171875" lon="121.19974636472761631011962890625">
        <ele>2.400000095367431640625</ele>
        <time>2025-10-05T12:20:47.000Z</time>
        <extensions>
          <ns3:TrackPointExtension>
            <ns3:hr>149</ns3:hr>
            <ns3:cad>88</ns3:cad>
          </ns3:TrackPointExtension>
        </extensions>
      </trkpt>
      <trkpt lat="31.15697870962321758270263671875" lon="121.19972256012260913848876953125">
        <ele>2.400000095367431640625</ele>
        <time>2025-10-05T12:20:48.000Z</time>
        <extensions>
          <ns3:TrackPointExtension>
            <ns3:hr>149</ns3:hr>
            <ns3:cad>87</ns3:cad>
          </ns3:TrackPointExtension>
        </extensions>
      </trkpt>
      <trkpt lat="31.15699731744825839996337890625" lon="121.19970277883112430572509765625">
        <ele>2.2000000476837158203125</ele>
        <time>2025-10-05T12:20:49.000Z</time>
        <extensions>
          <ns3:TrackPointExtension>
            <ns3:hr>149</ns3:hr>
            <ns3:cad>87</ns3:cad>
          </ns3:TrackPointExtension>
        </extensions>
      </trkpt>
      <trkpt lat="31.157021038234233856201171875" lon="121.19968819431960582733154296875">
        <ele>2.2000000476837158203125</ele>
        <time>2025-10-05T12:20:50.000Z</time>
        <extensions>
          <ns3:TrackPointExtension>
            <ns3:hr>149</ns3:hr>
            <ns3:cad>87</ns3:cad>
          </ns3:TrackPointExtension>
        </extensions>
      </trkpt>
      <trkpt lat="31.1570406518876552581787109375" lon="121.199677884578704833984375">
        <ele>2.2000000476837158203125</ele>
        <time>2025-10-05T12:20:51.000Z</time>
        <extensions>
          <ns3:TrackPointExtension>
            <ns3:hr>149</ns3:hr>
            <ns3:cad>87</ns3:cad>
          </ns3:TrackPointExtension>
        </extensions>
      </trkpt>
      <trkpt lat="31.15706655196845531463623046875" lon="121.19967159815132617950439453125">
        <ele>2.2000000476837158203125</ele>
        <time>2025-10-05T12:20:52.000Z</time>
        <extensions>
          <ns3:TrackPointExtension>
            <ns3:hr>148</ns3:hr>
            <ns3:cad>87</ns3:cad>
          </ns3:TrackPointExtension>
        </extensions>
      </trkpt>
      <trkpt lat="31.15708884783089160919189453125" lon="121.19966925121843814849853515625">
        <ele>2.400000095367431640625</ele>
        <time>2025-10-05T12:20:53.000Z</time>
        <extensions>
          <ns3:TrackPointExtension>
            <ns3:hr>148</ns3:hr>
            <ns3:cad>87</ns3:cad>
          </ns3:TrackPointExtension>
        </extensions>
      </trkpt>
      <trkpt lat="31.15712019614875316619873046875" lon="121.1996643058955669403076171875">
        <ele>2.400000095367431640625</ele>
        <time>2025-10-05T12:20:54.000Z</time>
        <extensions>
          <ns3:TrackPointExtension>
            <ns3:hr>148</ns3:hr>
            <ns3:cad>87</ns3:cad>
          </ns3:TrackPointExtension>
        </extensions>
      </trkpt>
      <trkpt lat="31.15714215673506259918212890625" lon="121.19965835474431514739990234375">
        <ele>2.400000095367431640625</ele>
        <time>2025-10-05T12:20:55.000Z</time>
        <extensions>
          <ns3:TrackPointExtension>
            <ns3:hr>149</ns3:hr>
            <ns3:cad>87</ns3:cad>
          </ns3:TrackPointExtension>
        </extensions>
      </trkpt>
      <trkpt lat="31.15716797299683094024658203125" lon="121.19965349324047565460205078125">
        <ele>2.400000095367431640625</ele>
        <time>2025-10-05T12:20:56.000Z</time>
        <extensions>
          <ns3:TrackPointExtension>
            <ns3:hr>149</ns3:hr>
            <ns3:cad>87</ns3:cad>
          </ns3:TrackPointExtension>
        </extensions>
      </trkpt>
      <trkpt lat="31.15719026885926723480224609375" lon="121.1996425129473209381103515625">
        <ele>2.400000095367431640625</ele>
        <time>2025-10-05T12:20:57.000Z</time>
        <extensions>
          <ns3:TrackPointExtension>
            <ns3:hr>149</ns3:hr>
            <ns3:cad>88</ns3:cad>
          </ns3:TrackPointExtension>
        </extensions>
      </trkpt>
      <trkpt lat="31.15721725858747959136962890625" lon="121.19963153265416622161865234375">
        <ele>2.400000095367431640625</ele>
        <time>2025-10-05T12:20:58.000Z</time>
        <extensions>
          <ns3:TrackPointExtension>
            <ns3:hr>149</ns3:hr>
            <ns3:cad>88</ns3:cad>
          </ns3:TrackPointExtension>
        </extensions>
      </trkpt>
      <trkpt lat="31.15724265575408935546875" lon="121.19962482713162899017333984375">
        <ele>2.400000095367431640625</ele>
        <time>2025-10-05T12:20:59.000Z</time>
        <extensions>
          <ns3:TrackPointExtension>
            <ns3:hr>149</ns3:hr>
            <ns3:cad>87</ns3:cad>
          </ns3:TrackPointExtension>
        </extensions>
      </trkpt>
      <trkpt lat="31.15727039985358715057373046875" lon="121.19961828924715518951416015625">
        <ele>2.400000095367431640625</ele>
        <time>2025-10-05T12:21:00.000Z</time>
        <extensions>
          <ns3:TrackPointExtension>
            <ns3:hr>148</ns3:hr>
            <ns3:cad>87</ns3:cad>
          </ns3:TrackPointExtension>
        </extensions>
      </trkpt>
      <trkpt lat="31.15729629993438720703125" lon="121.19961141608655452728271484375">
        <ele>2.400000095367431640625</ele>
        <time>2025-10-05T12:21:01.000Z</time>
        <extensions>
          <ns3:TrackPointExtension>
            <ns3:hr>148</ns3:hr>
            <ns3:cad>87</ns3:cad>
          </ns3:TrackPointExtension>
        </extensions>
      </trkpt>
      <trkpt lat="31.157318763434886932373046875" lon="121.199605464935302734375">
        <ele>2.599999904632568359375</ele>
        <time>2025-10-05T12:21:02.000Z</time>
        <extensions>
          <ns3:TrackPointExtension>
            <ns3:hr>148</ns3:hr>
            <ns3:cad>87</ns3:cad>
          </ns3:TrackPointExtension>
        </extensions>
      </trkpt>
      <trkpt lat="31.157346256077289581298828125" lon="121.19960303418338298797607421875">
        <ele>2.599999904632568359375</ele>
        <time>2025-10-05T12:21:03.000Z</time>
        <extensions>
          <ns3:TrackPointExtension>
            <ns3:hr>148</ns3:hr>
            <ns3:cad>87</ns3:cad>
          </ns3:TrackPointExtension>
        </extensions>
      </trkpt>
      <trkpt lat="31.1573705635964870452880859375" lon="121.19959766976535320281982421875">
        <ele>2.599999904632568359375</ele>
        <time>2025-10-05T12:21:04.000Z</time>
        <extensions>
          <ns3:TrackPointExtension>
            <ns3:hr>148</ns3:hr>
            <ns3:cad>87</ns3:cad>
          </ns3:TrackPointExtension>
        </extensions>
      </trkpt>
      <trkpt lat="31.15739830769598484039306640625" lon="121.19959113188087940216064453125">
        <ele>2.599999904632568359375</ele>
        <time>2025-10-05T12:21:05.000Z</time>
        <extensions>
          <ns3:TrackPointExtension>
            <ns3:hr>148</ns3:hr>
            <ns3:cad>87</ns3:cad>
          </ns3:TrackPointExtension>
        </extensions>
      </trkpt>
      <trkpt lat="31.1574215255677700042724609375" lon="121.1995861865580081939697265625">
        <ele>2.599999904632568359375</ele>
        <time>2025-10-05T12:21:06.000Z</time>
        <extensions>
          <ns3:TrackPointExtension>
            <ns3:hr>148</ns3:hr>
            <ns3:cad>86</ns3:cad>
          </ns3:TrackPointExtension>
        </extensions>
      </trkpt>
      <trkpt lat="31.15744692273437976837158203125" lon="121.1995791457593441009521484375">
        <ele>2.599999904632568359375</ele>
        <time>2025-10-05T12:21:07.000Z</time>
        <extensions>
          <ns3:TrackPointExtension>
            <ns3:hr>148</ns3:hr>
            <ns3:cad>86</ns3:cad>
          </ns3:TrackPointExtension>
        </extensions>
      </trkpt>
      <trkpt lat="31.1574719846248626708984375" lon="121.19957084767520427703857421875">
        <ele>2.7999999523162841796875</ele>
        <time>2025-10-05T12:21:08.000Z</time>
        <extensions>
          <ns3:TrackPointExtension>
            <ns3:hr>148</ns3:hr>
            <ns3:cad>86</ns3:cad>
          </ns3:TrackPointExtension>
        </extensions>
      </trkpt>
      <trkpt lat="31.15749947726726531982421875" lon="121.19956213049590587615966796875">
        <ele>2.7999999523162841796875</ele>
        <time>2025-10-05T12:21:09.000Z</time>
        <extensions>
          <ns3:TrackPointExtension>
            <ns3:hr>147</ns3:hr>
            <ns3:cad>86</ns3:cad>
          </ns3:TrackPointExtension>
        </extensions>
      </trkpt>
      <trkpt lat="31.15752621553838253021240234375" lon="121.19955961592495441436767578125">
        <ele>2.7999999523162841796875</ele>
        <time>2025-10-05T12:21:10.000Z</time>
        <extensions>
          <ns3:TrackPointExtension>
            <ns3:hr>148</ns3:hr>
            <ns3:cad>86</ns3:cad>
          </ns3:TrackPointExtension>
        </extensions>
      </trkpt>
      <trkpt lat="31.1575497686862945556640625" lon="121.19955274276435375213623046875">
        <ele>2.7999999523162841796875</ele>
        <time>2025-10-05T12:21:11.000Z</time>
        <extensions>
          <ns3:TrackPointExtension>
            <ns3:hr>148</ns3:hr>
            <ns3:cad>87</ns3:cad>
          </ns3:TrackPointExtension>
        </extensions>
      </trkpt>
      <trkpt lat="31.1575792729854583740234375" lon="121.19954712688922882080078125">
        <ele>3</ele>
        <time>2025-10-05T12:21:12.000Z</time>
        <extensions>
          <ns3:TrackPointExtension>
            <ns3:hr>147</ns3:hr>
            <ns3:cad>87</ns3:cad>
          </ns3:TrackPointExtension>
        </extensions>
      </trkpt>
      <trkpt lat="31.1576007306575775146484375" lon="121.19953933171927928924560546875">
        <ele>3.2000000476837158203125</ele>
        <time>2025-10-05T12:21:13.000Z</time>
        <extensions>
          <ns3:TrackPointExtension>
            <ns3:hr>148</ns3:hr>
            <ns3:cad>88</ns3:cad>
          </ns3:TrackPointExtension>
        </extensions>
      </trkpt>
      <trkpt lat="31.15763048641383647918701171875" lon="121.1995342187583446502685546875">
        <ele>3.2000000476837158203125</ele>
        <time>2025-10-05T12:21:14.000Z</time>
        <extensions>
          <ns3:TrackPointExtension>
            <ns3:hr>148</ns3:hr>
            <ns3:cad>88</ns3:cad>
          </ns3:TrackPointExtension>
        </extensions>
      </trkpt>
      <trkpt lat="31.1576568894088268280029296875" lon="121.1995278485119342803955078125">
        <ele>3.400000095367431640625</ele>
        <time>2025-10-05T12:21:15.000Z</time>
        <extensions>
          <ns3:TrackPointExtension>
            <ns3:hr>147</ns3:hr>
            <ns3:cad>88</ns3:cad>
          </ns3:TrackPointExtension>
        </extensions>
      </trkpt>
      <trkpt lat="31.15768589079380035400390625" lon="121.19952055625617504119873046875">
        <ele>3.400000095367431640625</ele>
        <time>2025-10-05T12:21:16.000Z</time>
        <extensions>
          <ns3:TrackPointExtension>
            <ns3:hr>148</ns3:hr>
            <ns3:cad>88</ns3:cad>
          </ns3:TrackPointExtension>
        </extensions>
      </trkpt>
      <trkpt lat="31.15771179087460041046142578125" lon="121.1995120905339717864990234375">
        <ele>3.400000095367431640625</ele>
        <time>2025-10-05T12:21:17.000Z</time>
        <extensions>
          <ns3:TrackPointExtension>
            <ns3:hr>148</ns3:hr>
            <ns3:cad>88</ns3:cad>
          </ns3:TrackPointExtension>
        </extensions>
      </trkpt>
      <trkpt lat="31.15773878060281276702880859375" lon="121.199504546821117401123046875">
        <ele>3.400000095367431640625</ele>
        <time>2025-10-05T12:21:18.000Z</time>
        <extensions>
          <ns3:TrackPointExtension>
            <ns3:hr>147</ns3:hr>
            <ns3:cad>88</ns3:cad>
          </ns3:TrackPointExtension>
        </extensions>
      </trkpt>
      <trkpt lat="31.15776903927326202392578125" lon="121.19949943386018276214599609375">
        <ele>3.400000095367431640625</ele>
        <time>2025-10-05T12:21:19.000Z</time>
        <extensions>
          <ns3:TrackPointExtension>
            <ns3:hr>148</ns3:hr>
            <ns3:cad>87</ns3:cad>
          </ns3:TrackPointExtension>
        </extensions>
      </trkpt>
      <trkpt lat="31.15779812447726726531982421875" lon="121.1994919739663600921630859375">
        <ele>3.400000095367431640625</ele>
        <time>2025-10-05T12:21:20.000Z</time>
        <extensions>
          <ns3:TrackPointExtension>
            <ns3:hr>148</ns3:hr>
            <ns3:cad>87</ns3:cad>
          </ns3:TrackPointExtension>
        </extensions>
      </trkpt>
      <trkpt lat="31.15782427601516246795654296875" lon="121.19947881437838077545166015625">
        <ele>3.599999904632568359375</ele>
        <time>2025-10-05T12:21:21.000Z</time>
        <extensions>
          <ns3:TrackPointExtension>
            <ns3:hr>148</ns3:hr>
            <ns3:cad>87</ns3:cad>
          </ns3:TrackPointExtension>
        </extensions>
      </trkpt>
      <trkpt lat="31.157847158610820770263671875" lon="121.19946791790425777435302734375">
        <ele>3.400000095367431640625</ele>
        <time>2025-10-05T12:21:22.000Z</time>
        <extensions>
          <ns3:TrackPointExtension>
            <ns3:hr>148</ns3:hr>
            <ns3:cad>88</ns3:cad>
          </ns3:TrackPointExtension>
        </extensions>
      </trkpt>
      <trkpt lat="31.15787607617676258087158203125" lon="121.199463307857513427734375">
        <ele>3.400000095367431640625</ele>
        <time>2025-10-05T12:21:23.000Z</time>
        <extensions>
          <ns3:TrackPointExtension>
            <ns3:hr>147</ns3:hr>
            <ns3:cad>88</ns3:cad>
          </ns3:TrackPointExtension>
        </extensions>
      </trkpt>
      <trkpt lat="31.15790088661015033721923828125" lon="121.19945920072495937347412109375">
        <ele>3.400000095367431640625</ele>
        <time>2025-10-05T12:21:24.000Z</time>
        <extensions>
          <ns3:TrackPointExtension>
            <ns3:hr>148</ns3:hr>
            <ns3:cad>88</ns3:cad>
          </ns3:TrackPointExtension>
        </extensions>
      </trkpt>
      <trkpt lat="31.1579341627657413482666015625" lon="121.199452914297580718994140625">
        <ele>3.400000095367431640625</ele>
        <time>2025-10-05T12:21:25.000Z</time>
        <extensions>
          <ns3:TrackPointExtension>
            <ns3:hr>148</ns3:hr>
            <ns3:cad>87</ns3:cad>
          </ns3:TrackPointExtension>
        </extensions>
      </trkpt>
      <trkpt lat="31.1579576320946216583251953125" lon="121.19944696314632892608642578125">
        <ele>3.2000000476837158203125</ele>
        <time>2025-10-05T12:21:26.000Z</time>
        <extensions>
          <ns3:TrackPointExtension>
            <ns3:hr>148</ns3:hr>
            <ns3:cad>88</ns3:cad>
          </ns3:TrackPointExtension>
        </extensions>
      </trkpt>
      <trkpt lat="31.1579874716699123382568359375" lon="121.1994390003383159637451171875">
        <ele>3.2000000476837158203125</ele>
        <time>2025-10-05T12:21:27.000Z</time>
        <extensions>
          <ns3:TrackPointExtension>
            <ns3:hr>148</ns3:hr>
            <ns3:cad>87</ns3:cad>
          </ns3:TrackPointExtension>
        </extensions>
      </trkpt>
      <trkpt lat="31.158013455569744110107421875" lon="121.19943070225417613983154296875">
        <ele>3.2000000476837158203125</ele>
        <time>2025-10-05T12:21:28.000Z</time>
        <extensions>
          <ns3:TrackPointExtension>
            <ns3:hr>148</ns3:hr>
            <ns3:cad>87</ns3:cad>
          </ns3:TrackPointExtension>
        </extensions>
      </trkpt>
      <trkpt lat="31.15803860127925872802734375" lon="121.19941829703748226165771484375">
        <ele>3</ele>
        <time>2025-10-05T12:21:29.000Z</time>
        <extensions>
          <ns3:TrackPointExtension>
            <ns3:hr>149</ns3:hr>
            <ns3:cad>87</ns3:cad>
          </ns3:TrackPointExtension>
        </extensions>
      </trkpt>
      <trkpt lat="31.1580692790448665618896484375" lon="121.1994068138301372528076171875">
        <ele>3</ele>
        <time>2025-10-05T12:21:30.000Z</time>
        <extensions>
          <ns3:TrackPointExtension>
            <ns3:hr>149</ns3:hr>
            <ns3:cad>87</ns3:cad>
          </ns3:TrackPointExtension>
        </extensions>
      </trkpt>
      <trkpt lat="31.15809517912566661834716796875" lon="121.19939432479441165924072265625">
        <ele>3</ele>
        <time>2025-10-05T12:21:31.000Z</time>
        <extensions>
          <ns3:TrackPointExtension>
            <ns3:hr>149</ns3:hr>
            <ns3:cad>87</ns3:cad>
          </ns3:TrackPointExtension>
        </extensions>
      </trkpt>
      <trkpt lat="31.15812820382416248321533203125" lon="121.19937722571194171905517578125">
        <ele>3</ele>
        <time>2025-10-05T12:21:32.000Z</time>
        <extensions>
          <ns3:TrackPointExtension>
            <ns3:hr>149</ns3:hr>
            <ns3:cad>87</ns3:cad>
          </ns3:TrackPointExtension>
        </extensions>
      </trkpt>
      <trkpt lat="31.1581505835056304931640625" lon="121.199361719191074371337890625">
        <ele>3</ele>
        <time>2025-10-05T12:21:33.000Z</time>
        <extensions>
          <ns3:TrackPointExtension>
            <ns3:hr>149</ns3:hr>
            <ns3:cad>86</ns3:cad>
          </ns3:TrackPointExtension>
        </extensions>
      </trkpt>
      <trkpt lat="31.15818344056606292724609375" lon="121.199338920414447784423828125">
        <ele>3</ele>
        <time>2025-10-05T12:21:34.000Z</time>
        <extensions>
          <ns3:TrackPointExtension>
            <ns3:hr>149</ns3:hr>
            <ns3:cad>86</ns3:cad>
          </ns3:TrackPointExtension>
        </extensions>
      </trkpt>
      <trkpt lat="31.15820565260946750640869140625" lon="121.19932509027421474456787109375">
        <ele>3</ele>
        <time>2025-10-05T12:21:35.000Z</time>
        <extensions>
          <ns3:TrackPointExtension>
            <ns3:hr>149</ns3:hr>
            <ns3:cad>86</ns3:cad>
          </ns3:TrackPointExtension>
        </extensions>
      </trkpt>
      <trkpt lat="31.15823280997574329376220703125" lon="121.1993048898875713348388671875">
        <ele>3</ele>
        <time>2025-10-05T12:21:36.000Z</time>
        <extensions>
          <ns3:TrackPointExtension>
            <ns3:hr>149</ns3:hr>
            <ns3:cad>86</ns3:cad>
          </ns3:TrackPointExtension>
        </extensions>
      </trkpt>
      <trkpt lat="31.1582543514668941497802734375" lon="121.19928804226219654083251953125">
        <ele>3</ele>
        <time>2025-10-05T12:21:37.000Z</time>
        <extensions>
          <ns3:TrackPointExtension>
            <ns3:hr>150</ns3:hr>
            <ns3:cad>87</ns3:cad>
          </ns3:TrackPointExtension>
        </extensions>
      </trkpt>
      <trkpt lat="31.1582766473293304443359375" lon="121.1992659978568553924560546875">
        <ele>2.7999999523162841796875</ele>
        <time>2025-10-05T12:21:38.000Z</time>
        <extensions>
          <ns3:TrackPointExtension>
            <ns3:hr>149</ns3:hr>
            <ns3:cad>87</ns3:cad>
          </ns3:TrackPointExtension>
        </extensions>
      </trkpt>
      <trkpt lat="31.15830204449594020843505859375" lon="121.199241690337657928466796875">
        <ele>2.7999999523162841796875</ele>
        <time>2025-10-05T12:21:39.000Z</time>
        <extensions>
          <ns3:TrackPointExtension>
            <ns3:hr>148</ns3:hr>
            <ns3:cad>86</ns3:cad>
          </ns3:TrackPointExtension>
        </extensions>
      </trkpt>
      <trkpt lat="31.1583157069981098175048828125" lon="121.19921713136136531829833984375">
        <ele>3</ele>
        <time>2025-10-05T12:21:40.000Z</time>
        <extensions>
          <ns3:TrackPointExtension>
            <ns3:hr>147</ns3:hr>
            <ns3:cad>86</ns3:cad>
          </ns3:TrackPointExtension>
        </extensions>
      </trkpt>
      <trkpt lat="31.1583475582301616668701171875" lon="121.19919517077505588531494140625">
        <ele>3</ele>
        <time>2025-10-05T12:21:41.000Z</time>
        <extensions>
          <ns3:TrackPointExtension>
            <ns3:hr>147</ns3:hr>
            <ns3:cad>86</ns3:cad>
          </ns3:TrackPointExtension>
        </extensions>
      </trkpt>
      <trkpt lat="31.15837060846388339996337890625" lon="121.199184693396091461181640625">
        <ele>3</ele>
        <time>2025-10-05T12:21:42.000Z</time>
        <extensions>
          <ns3:TrackPointExtension>
            <ns3:hr>146</ns3:hr>
            <ns3:cad>86</ns3:cad>
          </ns3:TrackPointExtension>
        </extensions>
      </trkpt>
      <trkpt lat="31.1584000289440155029296875" lon="121.199166588485240936279296875">
        <ele>3</ele>
        <time>2025-10-05T12:21:43.000Z</time>
        <extensions>
          <ns3:TrackPointExtension>
            <ns3:hr>146</ns3:hr>
            <ns3:cad>86</ns3:cad>
          </ns3:TrackPointExtension>
        </extensions>
      </trkpt>
      <trkpt lat="31.1584250070154666900634765625" lon="121.19914873503148555755615234375">
        <ele>3</ele>
        <time>2025-10-05T12:21:44.000Z</time>
        <extensions>
          <ns3:TrackPointExtension>
            <ns3:hr>146</ns3:hr>
            <ns3:cad>86</ns3:cad>
          </ns3:TrackPointExtension>
        </extensions>
      </trkpt>
      <trkpt lat="31.15845090709626674652099609375" lon="121.1991251818835735321044921875">
        <ele>2.7999999523162841796875</ele>
        <time>2025-10-05T12:21:45.000Z</time>
        <extensions>
          <ns3:TrackPointExtension>
            <ns3:hr>146</ns3:hr>
            <ns3:cad>86</ns3:cad>
          </ns3:TrackPointExtension>
        </extensions>
      </trkpt>
      <trkpt lat="31.15848116576671600341796875" lon="121.19910229928791522979736328125">
        <ele>2.7999999523162841796875</ele>
        <time>2025-10-05T12:21:46.000Z</time>
        <extensions>
          <ns3:TrackPointExtension>
            <ns3:hr>146</ns3:hr>
            <ns3:cad>86</ns3:cad>
          </ns3:TrackPointExtension>
        </extensions>
      </trkpt>
      <trkpt lat="31.15850086323916912078857421875" lon="121.19907530955970287322998046875">
        <ele>2.7999999523162841796875</ele>
        <time>2025-10-05T12:21:47.000Z</time>
        <extensions>
          <ns3:TrackPointExtension>
            <ns3:hr>146</ns3:hr>
            <ns3:cad>86</ns3:cad>
          </ns3:TrackPointExtension>
        </extensions>
      </trkpt>
      <trkpt lat="31.15852701477706432342529296875" lon="121.19904949329793453216552734375">
        <ele>2.7999999523162841796875</ele>
        <time>2025-10-05T12:21:48.000Z</time>
        <extensions>
          <ns3:TrackPointExtension>
            <ns3:hr>146</ns3:hr>
            <ns3:cad>86</ns3:cad>
          </ns3:TrackPointExtension>
        </extensions>
      </trkpt>
      <trkpt lat="31.15854595787823200225830078125" lon="121.199026443064212799072265625">
        <ele>2.599999904632568359375</ele>
        <time>2025-10-05T12:21:49.000Z</time>
        <extensions>
          <ns3:TrackPointExtension>
            <ns3:hr>146</ns3:hr>
            <ns3:cad>86</ns3:cad>
          </ns3:TrackPointExtension>
        </extensions>
      </trkpt>
      <trkpt lat="31.158570684492588043212890625" lon="121.199003644287586212158203125">
        <ele>2.599999904632568359375</ele>
        <time>2025-10-05T12:21:50.000Z</time>
        <extensions>
          <ns3:TrackPointExtension>
            <ns3:hr>146</ns3:hr>
            <ns3:cad>86</ns3:cad>
          </ns3:TrackPointExtension>
        </extensions>
      </trkpt>
      <trkpt lat="31.15859155543148517608642578125" lon="121.19898579083383083343505859375">
        <ele>2.599999904632568359375</ele>
        <time>2025-10-05T12:21:51.000Z</time>
        <extensions>
          <ns3:TrackPointExtension>
            <ns3:hr>146</ns3:hr>
            <ns3:cad>87</ns3:cad>
          </ns3:TrackPointExtension>
        </extensions>
      </trkpt>
      <trkpt lat="31.1586194671690464019775390625" lon="121.1989645846188068389892578125">
        <ele>2.599999904632568359375</ele>
        <time>2025-10-05T12:21:52.000Z</time>
        <extensions>
          <ns3:TrackPointExtension>
            <ns3:hr>147</ns3:hr>
            <ns3:cad>87</ns3:cad>
          </ns3:TrackPointExtension>
        </extensions>
      </trkpt>
      <trkpt lat="31.1586414277553558349609375" lon="121.19894723407924175262451171875">
        <ele>2.599999904632568359375</ele>
        <time>2025-10-05T12:21:53.000Z</time>
        <extensions>
          <ns3:TrackPointExtension>
            <ns3:hr>147</ns3:hr>
            <ns3:cad>87</ns3:cad>
          </ns3:TrackPointExtension>
        </extensions>
      </trkpt>
      <trkpt lat="31.1586653999984264373779296875" lon="121.19892611168324947357177734375">
        <ele>2.599999904632568359375</ele>
        <time>2025-10-05T12:21:54.000Z</time>
        <extensions>
          <ns3:TrackPointExtension>
            <ns3:hr>147</ns3:hr>
            <ns3:cad>87</ns3:cad>
          </ns3:TrackPointExtension>
        </extensions>
      </trkpt>
      <trkpt lat="31.15868794731795787811279296875" lon="121.19890532456338405609130859375">
        <ele>2.599999904632568359375</ele>
        <time>2025-10-05T12:21:55.000Z</time>
        <extensions>
          <ns3:TrackPointExtension>
            <ns3:hr>147</ns3:hr>
            <ns3:cad>87</ns3:cad>
          </ns3:TrackPointExtension>
        </extensions>
      </trkpt>
      <trkpt lat="31.158704124391078948974609375" lon="121.19888369925320148468017578125">
        <ele>2.599999904632568359375</ele>
        <time>2025-10-05T12:21:56.000Z</time>
        <extensions>
          <ns3:TrackPointExtension>
            <ns3:hr>147</ns3:hr>
            <ns3:cad>87</ns3:cad>
          </ns3:TrackPointExtension>
        </extensions>
      </trkpt>
      <trkpt lat="31.15872583352029323577880859375" lon="121.19886425323784351348876953125">
        <ele>2.400000095367431640625</ele>
        <time>2025-10-05T12:21:57.000Z</time>
        <extensions>
          <ns3:TrackPointExtension>
            <ns3:hr>148</ns3:hr>
            <ns3:cad>87</ns3:cad>
          </ns3:TrackPointExtension>
        </extensions>
      </trkpt>
      <trkpt lat="31.15874125622212886810302734375" lon="121.19884782470762729644775390625">
        <ele>2.400000095367431640625</ele>
        <time>2025-10-05T12:21:58.000Z</time>
        <extensions>
          <ns3:TrackPointExtension>
            <ns3:hr>148</ns3:hr>
            <ns3:cad>87</ns3:cad>
          </ns3:TrackPointExtension>
        </extensions>
      </trkpt>
      <trkpt lat="31.15876958705484867095947265625" lon="121.19882603175938129425048828125">
        <ele>2.400000095367431640625</ele>
        <time>2025-10-05T12:21:59.000Z</time>
        <extensions>
          <ns3:TrackPointExtension>
            <ns3:hr>148</ns3:hr>
            <ns3:cad>87</ns3:cad>
          </ns3:TrackPointExtension>
        </extensions>
      </trkpt>
      <trkpt lat="31.158784925937652587890625" lon="121.1988090164959430694580078125">
        <ele>2.400000095367431640625</ele>
        <time>2025-10-05T12:22:00.000Z</time>
        <extensions>
          <ns3:TrackPointExtension>
            <ns3:hr>148</ns3:hr>
            <ns3:cad>87</ns3:cad>
          </ns3:TrackPointExtension>
        </extensions>
      </trkpt>
      <trkpt lat="31.15880965255200862884521484375" lon="121.1987868882715702056884765625">
        <ele>2.400000095367431640625</ele>
        <time>2025-10-05T12:22:01.000Z</time>
        <extensions>
          <ns3:TrackPointExtension>
            <ns3:hr>147</ns3:hr>
            <ns3:cad>87</ns3:cad>
          </ns3:TrackPointExtension>
        </extensions>
      </trkpt>
      <trkpt lat="31.15882976911962032318115234375" lon="121.19876501150429248809814453125">
        <ele>2.400000095367431640625</ele>
        <time>2025-10-05T12:22:02.000Z</time>
        <extensions>
          <ns3:TrackPointExtension>
            <ns3:hr>148</ns3:hr>
            <ns3:cad>87</ns3:cad>
          </ns3:TrackPointExtension>
        </extensions>
      </trkpt>
      <trkpt lat="31.15884887985885143280029296875" lon="121.19873701594769954681396484375">
        <ele>2.400000095367431640625</ele>
        <time>2025-10-05T12:22:03.000Z</time>
        <extensions>
          <ns3:TrackPointExtension>
            <ns3:hr>148</ns3:hr>
            <ns3:cad>87</ns3:cad>
          </ns3:TrackPointExtension>
        </extensions>
      </trkpt>
      <trkpt lat="31.1588729359209537506103515625" lon="121.19870751164853572845458984375">
        <ele>2.400000095367431640625</ele>
        <time>2025-10-05T12:22:04.000Z</time>
        <extensions>
          <ns3:TrackPointExtension>
            <ns3:hr>148</ns3:hr>
            <ns3:cad>87</ns3:cad>
          </ns3:TrackPointExtension>
        </extensions>
      </trkpt>
      <trkpt lat="31.15889296866953372955322265625" lon="121.1986832879483699798583984375">
        <ele>2.400000095367431640625</ele>
        <time>2025-10-05T12:22:05.000Z</time>
        <extensions>
          <ns3:TrackPointExtension>
            <ns3:hr>148</ns3:hr>
            <ns3:cad>87</ns3:cad>
          </ns3:TrackPointExtension>
        </extensions>
      </trkpt>
      <trkpt lat="31.15892180241644382476806640625" lon="121.19865956716239452362060546875">
        <ele>2.400000095367431640625</ele>
        <time>2025-10-05T12:22:06.000Z</time>
        <extensions>
          <ns3:TrackPointExtension>
            <ns3:hr>148</ns3:hr>
            <ns3:cad>87</ns3:cad>
          </ns3:TrackPointExtension>
        </extensions>
      </trkpt>
      <trkpt lat="31.15894225426018238067626953125" lon="121.19864464737474918365478515625">
        <ele>2.400000095367431640625</ele>
        <time>2025-10-05T12:22:07.000Z</time>
        <extensions>
          <ns3:TrackPointExtension>
            <ns3:hr>148</ns3:hr>
            <ns3:cad>87</ns3:cad>
          </ns3:TrackPointExtension>
        </extensions>
      </trkpt>
      <trkpt lat="31.15897326730191707611083984375" lon="121.19862922467291355133056640625">
        <ele>2.400000095367431640625</ele>
        <time>2025-10-05T12:22:08.000Z</time>
        <extensions>
          <ns3:TrackPointExtension>
            <ns3:hr>149</ns3:hr>
            <ns3:cad>87</ns3:cad>
          </ns3:TrackPointExtension>
        </extensions>
      </trkpt>
      <trkpt lat="31.15899690426886081695556640625" lon="121.19860994629561901092529296875">
        <ele>2.400000095367431640625</ele>
        <time>2025-10-05T12:22:09.000Z</time>
        <extensions>
          <ns3:TrackPointExtension>
            <ns3:hr>149</ns3:hr>
            <ns3:cad>87</ns3:cad>
          </ns3:TrackPointExtension>
        </extensions>
      </trkpt>
      <trkpt lat="31.15902104414999485015869140625" lon="121.19858832098543643951416015625">
        <ele>2.400000095367431640625</ele>
        <time>2025-10-05T12:22:10.000Z</time>
        <extensions>
          <ns3:TrackPointExtension>
            <ns3:hr>149</ns3:hr>
            <ns3:cad>87</ns3:cad>
          </ns3:TrackPointExtension>
        </extensions>
      </trkpt>
      <trkpt lat="31.15903998725116252899169921875" lon="121.19857080280780792236328125">
        <ele>2.400000095367431640625</ele>
        <time>2025-10-05T12:22:11.000Z</time>
        <extensions>
          <ns3:TrackPointExtension>
            <ns3:hr>149</ns3:hr>
            <ns3:cad>87</ns3:cad>
          </ns3:TrackPointExtension>
        </extensions>
      </trkpt>
      <trkpt lat="31.1590670607984066009521484375" lon="121.198551021516323089599609375">
        <ele>2.400000095367431640625</ele>
        <time>2025-10-05T12:22:12.000Z</time>
        <extensions>
          <ns3:TrackPointExtension>
            <ns3:hr>149</ns3:hr>
            <ns3:cad>87</ns3:cad>
          </ns3:TrackPointExtension>
        </extensions>
      </trkpt>
      <trkpt lat="31.1590901948511600494384765625" lon="121.19853249751031398773193359375">
        <ele>2.2000000476837158203125</ele>
        <time>2025-10-05T12:22:13.000Z</time>
        <extensions>
          <ns3:TrackPointExtension>
            <ns3:hr>149</ns3:hr>
            <ns3:cad>87</ns3:cad>
          </ns3:TrackPointExtension>
        </extensions>
      </trkpt>
      <trkpt lat="31.15911290980875492095947265625" lon="121.19851313531398773193359375">
        <ele>2.400000095367431640625</ele>
        <time>2025-10-05T12:22:14.000Z</time>
        <extensions>
          <ns3:TrackPointExtension>
            <ns3:hr>149</ns3:hr>
            <ns3:cad>87</ns3:cad>
          </ns3:TrackPointExtension>
        </extensions>
      </trkpt>
      <trkpt lat="31.159135960042476654052734375" lon="121.19849310256540775299072265625">
        <ele>2.400000095367431640625</ele>
        <time>2025-10-05T12:22:15.000Z</time>
        <extensions>
          <ns3:TrackPointExtension>
            <ns3:hr>149</ns3:hr>
            <ns3:cad>87</ns3:cad>
          </ns3:TrackPointExtension>
        </extensions>
      </trkpt>
      <trkpt lat="31.159153394401073455810546875" lon="121.19847415946424007415771484375">
        <ele>2.400000095367431640625</ele>
        <time>2025-10-05T12:22:16.000Z</time>
        <extensions>
          <ns3:TrackPointExtension>
            <ns3:hr>149</ns3:hr>
            <ns3:cad>87</ns3:cad>
          </ns3:TrackPointExtension>
        </extensions>
      </trkpt>
      <trkpt lat="31.15917443297803401947021484375" lon="121.19845219887793064117431640625">
        <ele>2.400000095367431640625</ele>
        <time>2025-10-05T12:22:17.000Z</time>
        <extensions>
          <ns3:TrackPointExtension>
            <ns3:hr>149</ns3:hr>
            <ns3:cad>87</ns3:cad>
          </ns3:TrackPointExtension>
        </extensions>
      </trkpt>
      <trkpt lat="31.159189604222774505615234375" lon="121.19843442924320697784423828125">
        <ele>2.400000095367431640625</ele>
        <time>2025-10-05T12:22:18.000Z</time>
        <extensions>
          <ns3:TrackPointExtension>
            <ns3:hr>149</ns3:hr>
            <ns3:cad>87</ns3:cad>
          </ns3:TrackPointExtension>
        </extensions>
      </trkpt>
      <trkpt lat="31.1592108942568302154541015625" lon="121.19841523468494415283203125">
        <ele>2.400000095367431640625</ele>
        <time>2025-10-05T12:22:19.000Z</time>
        <extensions>
          <ns3:TrackPointExtension>
            <ns3:hr>149</ns3:hr>
            <ns3:cad>87</ns3:cad>
          </ns3:TrackPointExtension>
        </extensions>
      </trkpt>
      <trkpt lat="31.15922774188220500946044921875" lon="121.19839704595506191253662109375">
        <ele>2.400000095367431640625</ele>
        <time>2025-10-05T12:22:20.000Z</time>
        <extensions>
          <ns3:TrackPointExtension>
            <ns3:hr>150</ns3:hr>
            <ns3:cad>87</ns3:cad>
          </ns3:TrackPointExtension>
        </extensions>
      </trkpt>
      <trkpt lat="31.15925204940140247344970703125" lon="121.19837340898811817169189453125">
        <ele>2.400000095367431640625</ele>
        <time>2025-10-05T12:22:21.000Z</time>
        <extensions>
          <ns3:TrackPointExtension>
            <ns3:hr>149</ns3:hr>
            <ns3:cad>87</ns3:cad>
          </ns3:TrackPointExtension>
        </extensions>
      </trkpt>
      <trkpt lat="31.15927417762577533721923828125" lon="121.19835379533469676971435546875">
        <ele>2.400000095367431640625</ele>
        <time>2025-10-05T12:22:22.000Z</time>
        <extensions>
          <ns3:TrackPointExtension>
            <ns3:hr>149</ns3:hr>
            <ns3:cad>87</ns3:cad>
          </ns3:TrackPointExtension>
        </extensions>
      </trkpt>
      <trkpt lat="31.159298233687877655029296875" lon="121.198331415653228759765625">
        <ele>2.400000095367431640625</ele>
        <time>2025-10-05T12:22:23.000Z</time>
        <extensions>
          <ns3:TrackPointExtension>
            <ns3:hr>149</ns3:hr>
            <ns3:cad>87</ns3:cad>
          </ns3:TrackPointExtension>
        </extensions>
      </trkpt>
      <trkpt lat="31.15932279266417026519775390625" lon="121.19831196963787078857421875">
        <ele>2.400000095367431640625</ele>
        <time>2025-10-05T12:22:24.000Z</time>
        <extensions>
          <ns3:TrackPointExtension>
            <ns3:hr>149</ns3:hr>
            <ns3:cad>88</ns3:cad>
          </ns3:TrackPointExtension>
        </extensions>
      </trkpt>
      <trkpt lat="31.15934374742209911346435546875" lon="121.19829126633703708648681640625">
        <ele>2.400000095367431640625</ele>
        <time>2025-10-05T12:22:25.000Z</time>
        <extensions>
          <ns3:TrackPointExtension>
            <ns3:hr>150</ns3:hr>
            <ns3:cad>87</ns3:cad>
          </ns3:TrackPointExtension>
        </extensions>
      </trkpt>
      <trkpt lat="31.1593684740364551544189453125" lon="121.19826712645590305328369140625">
        <ele>2.400000095367431640625</ele>
        <time>2025-10-05T12:22:26.000Z</time>
        <extensions>
          <ns3:TrackPointExtension>
            <ns3:hr>149</ns3:hr>
            <ns3:cad>87</ns3:cad>
          </ns3:TrackPointExtension>
        </extensions>
      </trkpt>
      <trkpt lat="31.159385740756988525390625" lon="121.19824734516441822052001953125">
        <ele>2.400000095367431640625</ele>
        <time>2025-10-05T12:22:27.000Z</time>
        <extensions>
          <ns3:TrackPointExtension>
            <ns3:hr>150</ns3:hr>
            <ns3:cad>87</ns3:cad>
          </ns3:TrackPointExtension>
        </extensions>
      </trkpt>
      <trkpt lat="31.1594031751155853271484375" lon="121.19822211563587188720703125">
        <ele>2.400000095367431640625</ele>
        <time>2025-10-05T12:22:28.000Z</time>
        <extensions>
          <ns3:TrackPointExtension>
            <ns3:hr>150</ns3:hr>
            <ns3:cad>87</ns3:cad>
          </ns3:TrackPointExtension>
        </extensions>
      </trkpt>
      <trkpt lat="31.1594221182167530059814453125" lon="121.19820090942084789276123046875">
        <ele>2.400000095367431640625</ele>
        <time>2025-10-05T12:22:29.000Z</time>
        <extensions>
          <ns3:TrackPointExtension>
            <ns3:hr>150</ns3:hr>
            <ns3:cad>86</ns3:cad>
          </ns3:TrackPointExtension>
        </extensions>
      </trkpt>
      <trkpt lat="31.159443072974681854248046875" lon="121.1981790326535701751708984375">
        <ele>2.599999904632568359375</ele>
        <time>2025-10-05T12:22:30.000Z</time>
        <extensions>
          <ns3:TrackPointExtension>
            <ns3:hr>150</ns3:hr>
            <ns3:cad>86</ns3:cad>
          </ns3:TrackPointExtension>
        </extensions>
      </trkpt>
      <trkpt lat="31.15946629084646701812744140625" lon="121.19816184975206851959228515625">
        <ele>2.599999904632568359375</ele>
        <time>2025-10-05T12:22:31.000Z</time>
        <extensions>
          <ns3:TrackPointExtension>
            <ns3:hr>149</ns3:hr>
            <ns3:cad>86</ns3:cad>
          </ns3:TrackPointExtension>
        </extensions>
      </trkpt>
      <trkpt lat="31.15949026308953762054443359375" lon="121.19814190082252025604248046875">
        <ele>2.599999904632568359375</ele>
        <time>2025-10-05T12:22:32.000Z</time>
        <extensions>
          <ns3:TrackPointExtension>
            <ns3:hr>150</ns3:hr>
            <ns3:cad>86</ns3:cad>
          </ns3:TrackPointExtension>
        </extensions>
      </trkpt>
      <trkpt lat="31.1595180071890354156494140625" lon="121.19812798686325550079345703125">
        <ele>2.599999904632568359375</ele>
        <time>2025-10-05T12:22:33.000Z</time>
        <extensions>
          <ns3:TrackPointExtension>
            <ns3:hr>150</ns3:hr>
            <ns3:cad>86</ns3:cad>
          </ns3:TrackPointExtension>
        </extensions>
      </trkpt>
      <trkpt lat="31.15953602828085422515869140625" lon="121.19811692275106906890869140625">
        <ele>2.599999904632568359375</ele>
        <time>2025-10-05T12:22:34.000Z</time>
        <extensions>
          <ns3:TrackPointExtension>
            <ns3:hr>150</ns3:hr>
            <ns3:cad>86</ns3:cad>
          </ns3:TrackPointExtension>
        </extensions>
      </trkpt>
      <trkpt lat="31.15955631248652935028076171875" lon="121.1980982311069965362548828125">
        <ele>2.400000095367431640625</ele>
        <time>2025-10-05T12:22:35.000Z</time>
        <extensions>
          <ns3:TrackPointExtension>
            <ns3:hr>150</ns3:hr>
            <ns3:cad>86</ns3:cad>
          </ns3:TrackPointExtension>
        </extensions>
      </trkpt>
      <trkpt lat="31.1595748364925384521484375" lon="121.19808339513838291168212890625">
        <ele>2.400000095367431640625</ele>
        <time>2025-10-05T12:22:36.000Z</time>
        <extensions>
          <ns3:TrackPointExtension>
            <ns3:hr>150</ns3:hr>
            <ns3:cad>86</ns3:cad>
          </ns3:TrackPointExtension>
        </extensions>
      </trkpt>
      <trkpt lat="31.15959428250789642333984375" lon="121.198063194751739501953125">
        <ele>2.400000095367431640625</ele>
        <time>2025-10-05T12:22:37.000Z</time>
        <extensions>
          <ns3:TrackPointExtension>
            <ns3:hr>150</ns3:hr>
            <ns3:cad>87</ns3:cad>
          </ns3:TrackPointExtension>
        </extensions>
      </trkpt>
      <trkpt lat="31.15961029194295406341552734375" lon="121.198038719594478607177734375">
        <ele>2.400000095367431640625</ele>
        <time>2025-10-05T12:22:38.000Z</time>
        <extensions>
          <ns3:TrackPointExtension>
            <ns3:hr>150</ns3:hr>
            <ns3:cad>87</ns3:cad>
          </ns3:TrackPointExtension>
        </extensions>
      </trkpt>
      <trkpt lat="31.15963317453861236572265625" lon="121.1980167590081691741943359375">
        <ele>2.400000095367431640625</ele>
        <time>2025-10-05T12:22:39.000Z</time>
        <extensions>
          <ns3:TrackPointExtension>
            <ns3:hr>151</ns3:hr>
            <ns3:cad>87</ns3:cad>
          </ns3:TrackPointExtension>
        </extensions>
      </trkpt>
      <trkpt lat="31.159653961658477783203125" lon="121.197998821735382080078125">
        <ele>2.400000095367431640625</ele>
        <time>2025-10-05T12:22:40.000Z</time>
        <extensions>
          <ns3:TrackPointExtension>
            <ns3:hr>151</ns3:hr>
            <ns3:cad>87</ns3:cad>
          </ns3:TrackPointExtension>
        </extensions>
      </trkpt>
      <trkpt lat="31.1596712283790111541748046875" lon="121.1979839019477367401123046875">
        <ele>2.400000095367431640625</ele>
        <time>2025-10-05T12:22:41.000Z</time>
        <extensions>
          <ns3:TrackPointExtension>
            <ns3:hr>151</ns3:hr>
            <ns3:cad>87</ns3:cad>
          </ns3:TrackPointExtension>
        </extensions>
      </trkpt>
      <trkpt lat="31.1596955358982086181640625" lon="121.19796588085591793060302734375">
        <ele>2.400000095367431640625</ele>
        <time>2025-10-05T12:22:42.000Z</time>
        <extensions>
          <ns3:TrackPointExtension>
            <ns3:hr>150</ns3:hr>
            <ns3:cad>87</ns3:cad>
          </ns3:TrackPointExtension>
        </extensions>
      </trkpt>
      <trkpt lat="31.1597141437232494354248046875" lon="121.19794475845992565155029296875">
        <ele>2.400000095367431640625</ele>
        <time>2025-10-05T12:22:43.000Z</time>
        <extensions>
          <ns3:TrackPointExtension>
            <ns3:hr>151</ns3:hr>
            <ns3:cad>87</ns3:cad>
          </ns3:TrackPointExtension>
        </extensions>
      </trkpt>
      <trkpt lat="31.15973685868084430694580078125" lon="121.1979238875210285186767578125">
        <ele>2.400000095367431640625</ele>
        <time>2025-10-05T12:22:44.000Z</time>
        <extensions>
          <ns3:TrackPointExtension>
            <ns3:hr>151</ns3:hr>
            <ns3:cad>87</ns3:cad>
          </ns3:TrackPointExtension>
        </extensions>
      </trkpt>
      <trkpt lat="31.15975814871490001678466796875" lon="121.1979014240205287933349609375">
        <ele>2.400000095367431640625</ele>
        <time>2025-10-05T12:22:45.000Z</time>
        <extensions>
          <ns3:TrackPointExtension>
            <ns3:hr>150</ns3:hr>
            <ns3:cad>87</ns3:cad>
          </ns3:TrackPointExtension>
        </extensions>
      </trkpt>
      <trkpt lat="31.1597818695008754730224609375" lon="121.1978739313781261444091796875">
        <ele>2.400000095367431640625</ele>
        <time>2025-10-05T12:22:46.000Z</time>
        <extensions>
          <ns3:TrackPointExtension>
            <ns3:hr>151</ns3:hr>
            <ns3:cad>87</ns3:cad>
          </ns3:TrackPointExtension>
        </extensions>
      </trkpt>
      <trkpt lat="31.1598009802401065826416015625" lon="121.1978531442582607269287109375">
        <ele>2.400000095367431640625</ele>
        <time>2025-10-05T12:22:47.000Z</time>
        <extensions>
          <ns3:TrackPointExtension>
            <ns3:hr>151</ns3:hr>
            <ns3:cad>87</ns3:cad>
          </ns3:TrackPointExtension>
        </extensions>
      </trkpt>
      <trkpt lat="31.15982738323509693145751953125" lon="121.19783126749098300933837890625">
        <ele>2.400000095367431640625</ele>
        <time>2025-10-05T12:22:48.000Z</time>
        <extensions>
          <ns3:TrackPointExtension>
            <ns3:hr>151</ns3:hr>
            <ns3:cad>87</ns3:cad>
          </ns3:TrackPointExtension>
        </extensions>
      </trkpt>
      <trkpt lat="31.15985177457332611083984375" lon="121.19781450368463993072509765625">
        <ele>2.400000095367431640625</ele>
        <time>2025-10-05T12:22:49.000Z</time>
        <extensions>
          <ns3:TrackPointExtension>
            <ns3:hr>151</ns3:hr>
            <ns3:cad>87</ns3:cad>
          </ns3:TrackPointExtension>
        </extensions>
      </trkpt>
      <trkpt lat="31.159874238073825836181640625" lon="121.19779673404991626739501953125">
        <ele>2.400000095367431640625</ele>
        <time>2025-10-05T12:22:50.000Z</time>
        <extensions>
          <ns3:TrackPointExtension>
            <ns3:hr>152</ns3:hr>
            <ns3:cad>87</ns3:cad>
          </ns3:TrackPointExtension>
        </extensions>
      </trkpt>
      <trkpt lat="31.1598988808691501617431640625" lon="121.197779886424541473388671875">
        <ele>2.400000095367431640625</ele>
        <time>2025-10-05T12:22:51.000Z</time>
        <extensions>
          <ns3:TrackPointExtension>
            <ns3:hr>152</ns3:hr>
            <ns3:cad>87</ns3:cad>
          </ns3:TrackPointExtension>
        </extensions>
      </trkpt>
      <trkpt lat="31.15991614758968353271484375" lon="121.19776153005659580230712890625">
        <ele>2.400000095367431640625</ele>
        <time>2025-10-05T12:22:52.000Z</time>
        <extensions>
          <ns3:TrackPointExtension>
            <ns3:hr>152</ns3:hr>
            <ns3:cad>87</ns3:cad>
          </ns3:TrackPointExtension>
        </extensions>
      </trkpt>
      <trkpt lat="31.15994028747081756591796875" lon="121.1977438442409038543701171875">
        <ele>2.2000000476837158203125</ele>
        <time>2025-10-05T12:22:53.000Z</time>
        <extensions>
          <ns3:TrackPointExtension>
            <ns3:hr>151</ns3:hr>
            <ns3:cad>87</ns3:cad>
          </ns3:TrackPointExtension>
        </extensions>
      </trkpt>
      <trkpt lat="31.1599542014300823211669921875" lon="121.19772967882454395294189453125">
        <ele>2.2000000476837158203125</ele>
        <time>2025-10-05T12:22:54.000Z</time>
        <extensions>
          <ns3:TrackPointExtension>
            <ns3:hr>151</ns3:hr>
            <ns3:cad>87</ns3:cad>
          </ns3:TrackPointExtension>
        </extensions>
      </trkpt>
      <trkpt lat="31.15997607819736003875732421875" lon="121.197712160646915435791015625">
        <ele>2.2000000476837158203125</ele>
        <time>2025-10-05T12:22:55.000Z</time>
        <extensions>
          <ns3:TrackPointExtension>
            <ns3:hr>151</ns3:hr>
            <ns3:cad>87</ns3:cad>
          </ns3:TrackPointExtension>
        </extensions>
      </trkpt>
      <trkpt lat="31.15999250672757625579833984375" lon="121.19769447483122348785400390625">
        <ele>2.2000000476837158203125</ele>
        <time>2025-10-05T12:22:56.000Z</time>
        <extensions>
          <ns3:TrackPointExtension>
            <ns3:hr>151</ns3:hr>
            <ns3:cad>87</ns3:cad>
          </ns3:TrackPointExtension>
        </extensions>
      </trkpt>
      <trkpt lat="31.16001941263675689697265625" lon="121.19767402298748493194580078125">
        <ele>2.2000000476837158203125</ele>
        <time>2025-10-05T12:22:57.000Z</time>
        <extensions>
          <ns3:TrackPointExtension>
            <ns3:hr>151</ns3:hr>
            <ns3:cad>86</ns3:cad>
          </ns3:TrackPointExtension>
        </extensions>
      </trkpt>
      <trkpt lat="31.16003952920436859130859375" lon="121.197643764317035675048828125">
        <ele>2.400000095367431640625</ele>
        <time>2025-10-05T12:22:58.000Z</time>
        <extensions>
          <ns3:TrackPointExtension>
            <ns3:hr>151</ns3:hr>
            <ns3:cad>86</ns3:cad>
          </ns3:TrackPointExtension>
        </extensions>
      </trkpt>
      <trkpt lat="31.1600618250668048858642578125" lon="121.197623647749423980712890625">
        <ele>2.400000095367431640625</ele>
        <time>2025-10-05T12:22:59.000Z</time>
        <extensions>
          <ns3:TrackPointExtension>
            <ns3:hr>151</ns3:hr>
            <ns3:cad>86</ns3:cad>
          </ns3:TrackPointExtension>
        </extensions>
      </trkpt>
      <trkpt lat="31.16008646786212921142578125" lon="121.19760344736278057098388671875">
        <ele>2.400000095367431640625</ele>
        <time>2025-10-05T12:23:00.000Z</time>
        <extensions>
          <ns3:TrackPointExtension>
            <ns3:hr>151</ns3:hr>
            <ns3:cad>87</ns3:cad>
          </ns3:TrackPointExtension>
        </extensions>
      </trkpt>
      <trkpt lat="31.160100214183330535888671875" lon="121.197585761547088623046875">
        <ele>2.400000095367431640625</ele>
        <time>2025-10-05T12:23:01.000Z</time>
        <extensions>
          <ns3:TrackPointExtension>
            <ns3:hr>150</ns3:hr>
            <ns3:cad>87</ns3:cad>
          </ns3:TrackPointExtension>
        </extensions>
      </trkpt>
      <trkpt lat="31.16012393496930599212646484375" lon="121.197565980255603790283203125">
        <ele>2.400000095367431640625</ele>
        <time>2025-10-05T12:23:02.000Z</time>
        <extensions>
          <ns3:TrackPointExtension>
            <ns3:hr>150</ns3:hr>
            <ns3:cad>87</ns3:cad>
          </ns3:TrackPointExtension>
        </extensions>
      </trkpt>
      <trkpt lat="31.160139776766300201416015625" lon="121.19754628278315067291259765625">
        <ele>2.400000095367431640625</ele>
        <time>2025-10-05T12:23:03.000Z</time>
        <extensions>
          <ns3:TrackPointExtension>
            <ns3:hr>151</ns3:hr>
            <ns3:cad>87</ns3:cad>
          </ns3:TrackPointExtension>
        </extensions>
      </trkpt>
      <trkpt lat="31.16016022861003875732421875" lon="121.1975222267210483551025390625">
        <ele>2.400000095367431640625</ele>
        <time>2025-10-05T12:23:04.000Z</time>
        <extensions>
          <ns3:TrackPointExtension>
            <ns3:hr>151</ns3:hr>
            <ns3:cad>87</ns3:cad>
          </ns3:TrackPointExtension>
        </extensions>
      </trkpt>
      <trkpt lat="31.160180009901523590087890625" lon="121.197505295276641845703125">
        <ele>2.400000095367431640625</ele>
        <time>2025-10-05T12:23:05.000Z</time>
        <extensions>
          <ns3:TrackPointExtension>
            <ns3:hr>151</ns3:hr>
            <ns3:cad>85</ns3:cad>
          </ns3:TrackPointExtension>
        </extensions>
      </trkpt>
      <trkpt lat="31.1602012999355792999267578125" lon="121.19748056866228580474853515625">
        <ele>2.400000095367431640625</ele>
        <time>2025-10-05T12:23:06.000Z</time>
        <extensions>
          <ns3:TrackPointExtension>
            <ns3:hr>150</ns3:hr>
            <ns3:cad>85</ns3:cad>
          </ns3:TrackPointExtension>
        </extensions>
      </trkpt>
      <trkpt lat="31.16023004986345767974853515625" lon="121.19746129028499126434326171875">
        <ele>2.400000095367431640625</ele>
        <time>2025-10-05T12:23:07.000Z</time>
        <extensions>
          <ns3:TrackPointExtension>
            <ns3:hr>151</ns3:hr>
            <ns3:cad>85</ns3:cad>
          </ns3:TrackPointExtension>
        </extensions>
      </trkpt>
      <trkpt lat="31.16025142371654510498046875" lon="121.197444610297679901123046875">
        <ele>2.400000095367431640625</ele>
        <time>2025-10-05T12:23:08.000Z</time>
        <extensions>
          <ns3:TrackPointExtension>
            <ns3:hr>151</ns3:hr>
            <ns3:cad>87</ns3:cad>
          </ns3:TrackPointExtension>
        </extensions>
      </trkpt>
      <trkpt lat="31.1602750606834888458251953125" lon="121.197429187595844268798828125">
        <ele>2.400000095367431640625</ele>
        <time>2025-10-05T12:23:09.000Z</time>
        <extensions>
          <ns3:TrackPointExtension>
            <ns3:hr>150</ns3:hr>
            <ns3:cad>87</ns3:cad>
          </ns3:TrackPointExtension>
        </extensions>
      </trkpt>
      <trkpt lat="31.1602904833853244781494140625" lon="121.197410412132740020751953125">
        <ele>2.400000095367431640625</ele>
        <time>2025-10-05T12:23:10.000Z</time>
        <extensions>
          <ns3:TrackPointExtension>
            <ns3:hr>150</ns3:hr>
            <ns3:cad>87</ns3:cad>
          </ns3:TrackPointExtension>
        </extensions>
      </trkpt>
      <trkpt lat="31.160316132009029388427734375" lon="121.19739540852606296539306640625">
        <ele>2.400000095367431640625</ele>
        <time>2025-10-05T12:23:11.000Z</time>
        <extensions>
          <ns3:TrackPointExtension>
            <ns3:hr>150</ns3:hr>
            <ns3:cad>87</ns3:cad>
          </ns3:TrackPointExtension>
        </extensions>
      </trkpt>
      <trkpt lat="31.1603344045579433441162109375" lon="121.19737990200519561767578125">
        <ele>2.400000095367431640625</ele>
        <time>2025-10-05T12:23:12.000Z</time>
        <extensions>
          <ns3:TrackPointExtension>
            <ns3:hr>150</ns3:hr>
            <ns3:cad>87</ns3:cad>
          </ns3:TrackPointExtension>
        </extensions>
      </trkpt>
      <trkpt lat="31.16035996936261653900146484375" lon="121.19735601358115673065185546875">
        <ele>2.400000095367431640625</ele>
        <time>2025-10-05T12:23:13.000Z</time>
        <extensions>
          <ns3:TrackPointExtension>
            <ns3:hr>150</ns3:hr>
            <ns3:cad>87</ns3:cad>
          </ns3:TrackPointExtension>
        </extensions>
      </trkpt>
      <trkpt lat="31.16038025356829166412353515625" lon="121.19733673520386219024658203125">
        <ele>2.400000095367431640625</ele>
        <time>2025-10-05T12:23:14.000Z</time>
        <extensions>
          <ns3:TrackPointExtension>
            <ns3:hr>150</ns3:hr>
            <ns3:cad>87</ns3:cad>
          </ns3:TrackPointExtension>
        </extensions>
      </trkpt>
      <trkpt lat="31.160403303802013397216796875" lon="121.19731594808399677276611328125">
        <ele>2.400000095367431640625</ele>
        <time>2025-10-05T12:23:15.000Z</time>
        <extensions>
          <ns3:TrackPointExtension>
            <ns3:hr>150</ns3:hr>
            <ns3:cad>87</ns3:cad>
          </ns3:TrackPointExtension>
        </extensions>
      </trkpt>
      <trkpt lat="31.1604266054928302764892578125" lon="121.1972959153354167938232421875">
        <ele>2.400000095367431640625</ele>
        <time>2025-10-05T12:23:16.000Z</time>
        <extensions>
          <ns3:TrackPointExtension>
            <ns3:hr>150</ns3:hr>
            <ns3:cad>87</ns3:cad>
          </ns3:TrackPointExtension>
        </extensions>
      </trkpt>
      <trkpt lat="31.16044563241302967071533203125" lon="121.19727856479585170745849609375">
        <ele>2.400000095367431640625</ele>
        <time>2025-10-05T12:23:17.000Z</time>
        <extensions>
          <ns3:TrackPointExtension>
            <ns3:hr>150</ns3:hr>
            <ns3:cad>87</ns3:cad>
          </ns3:TrackPointExtension>
        </extensions>
      </trkpt>
      <trkpt lat="31.1604706943035125732421875" lon="121.1972607113420963287353515625">
        <ele>2.400000095367431640625</ele>
        <time>2025-10-05T12:23:18.000Z</time>
        <extensions>
          <ns3:TrackPointExtension>
            <ns3:hr>149</ns3:hr>
            <ns3:cad>86</ns3:cad>
          </ns3:TrackPointExtension>
        </extensions>
      </trkpt>
      <trkpt lat="31.16048905067145824432373046875" lon="121.19723581708967685699462890625">
        <ele>2.400000095367431640625</ele>
        <time>2025-10-05T12:23:19.000Z</time>
        <extensions>
          <ns3:TrackPointExtension>
            <ns3:hr>149</ns3:hr>
            <ns3:cad>86</ns3:cad>
          </ns3:TrackPointExtension>
        </extensions>
      </trkpt>
      <trkpt lat="31.160507909953594207763671875" lon="121.19721419177949428558349609375">
        <ele>2.400000095367431640625</ele>
        <time>2025-10-05T12:23:20.000Z</time>
        <extensions>
          <ns3:TrackPointExtension>
            <ns3:hr>149</ns3:hr>
            <ns3:cad>86</ns3:cad>
          </ns3:TrackPointExtension>
        </extensions>
      </trkpt>
      <trkpt lat="31.16052769124507904052734375" lon="121.19719206355512142181396484375">
        <ele>2.400000095367431640625</ele>
        <time>2025-10-05T12:23:21.000Z</time>
        <extensions>
          <ns3:TrackPointExtension>
            <ns3:hr>149</ns3:hr>
            <ns3:cad>86</ns3:cad>
          </ns3:TrackPointExtension>
        </extensions>
      </trkpt>
      <trkpt lat="31.16054990328848361968994140625" lon="121.1971742101013660430908203125">
        <ele>2.400000095367431640625</ele>
        <time>2025-10-05T12:23:22.000Z</time>
        <extensions>
          <ns3:TrackPointExtension>
            <ns3:hr>149</ns3:hr>
            <ns3:cad>87</ns3:cad>
          </ns3:TrackPointExtension>
        </extensions>
      </trkpt>
      <trkpt lat="31.160568259656429290771484375" lon="121.1971577815711498260498046875">
        <ele>2.599999904632568359375</ele>
        <time>2025-10-05T12:23:23.000Z</time>
        <extensions>
          <ns3:TrackPointExtension>
            <ns3:hr>150</ns3:hr>
            <ns3:cad>88</ns3:cad>
          </ns3:TrackPointExtension>
        </extensions>
      </trkpt>
      <trkpt lat="31.160591728985309600830078125" lon="121.19714026339352130889892578125">
        <ele>2.400000095367431640625</ele>
        <time>2025-10-05T12:23:24.000Z</time>
        <extensions>
          <ns3:TrackPointExtension>
            <ns3:hr>149</ns3:hr>
            <ns3:cad>88</ns3:cad>
          </ns3:TrackPointExtension>
        </extensions>
      </trkpt>
      <trkpt lat="31.1606076546013355255126953125" lon="121.19712433777749538421630859375">
        <ele>2.400000095367431640625</ele>
        <time>2025-10-05T12:23:25.000Z</time>
        <extensions>
          <ns3:TrackPointExtension>
            <ns3:hr>149</ns3:hr>
            <ns3:cad>88</ns3:cad>
          </ns3:TrackPointExtension>
        </extensions>
      </trkpt>
      <trkpt lat="31.160630621016025543212890625" lon="121.19710422120988368988037109375">
        <ele>2.400000095367431640625</ele>
        <time>2025-10-05T12:23:26.000Z</time>
        <extensions>
          <ns3:TrackPointExtension>
            <ns3:hr>150</ns3:hr>
            <ns3:cad>88</ns3:cad>
          </ns3:TrackPointExtension>
        </extensions>
      </trkpt>
      <trkpt lat="31.16064839065074920654296875" lon="121.1970860324800014495849609375">
        <ele>2.599999904632568359375</ele>
        <time>2025-10-05T12:23:27.000Z</time>
        <extensions>
          <ns3:TrackPointExtension>
            <ns3:hr>149</ns3:hr>
            <ns3:cad>88</ns3:cad>
          </ns3:TrackPointExtension>
        </extensions>
      </trkpt>
      <trkpt lat="31.16066641174256801605224609375" lon="121.1970667541027069091796875">
        <ele>2.400000095367431640625</ele>
        <time>2025-10-05T12:23:28.000Z</time>
        <extensions>
          <ns3:TrackPointExtension>
            <ns3:hr>149</ns3:hr>
            <ns3:cad>88</ns3:cad>
          </ns3:TrackPointExtension>
        </extensions>
      </trkpt>
      <trkpt lat="31.1606891267001628875732421875" lon="121.19704772718250751495361328125">
        <ele>2.400000095367431640625</ele>
        <time>2025-10-05T12:23:29.000Z</time>
        <extensions>
          <ns3:TrackPointExtension>
            <ns3:hr>149</ns3:hr>
            <ns3:cad>87</ns3:cad>
          </ns3:TrackPointExtension>
        </extensions>
      </trkpt>
      <trkpt lat="31.16070563904941082000732421875" lon="121.19702794589102268218994140625">
        <ele>2.599999904632568359375</ele>
        <time>2025-10-05T12:23:30.000Z</time>
        <extensions>
          <ns3:TrackPointExtension>
            <ns3:hr>149</ns3:hr>
            <ns3:cad>87</ns3:cad>
          </ns3:TrackPointExtension>
        </extensions>
      </trkpt>
      <trkpt lat="31.1607273481786251068115234375" lon="121.197008751332759857177734375">
        <ele>2.400000095367431640625</ele>
        <time>2025-10-05T12:23:31.000Z</time>
        <extensions>
          <ns3:TrackPointExtension>
            <ns3:hr>149</ns3:hr>
            <ns3:cad>87</ns3:cad>
          </ns3:TrackPointExtension>
        </extensions>
      </trkpt>
      <trkpt lat="31.1607469618320465087890625" lon="121.1969911493360996246337890625">
        <ele>2.400000095367431640625</ele>
        <time>2025-10-05T12:23:32.000Z</time>
        <extensions>
          <ns3:TrackPointExtension>
            <ns3:hr>149</ns3:hr>
            <ns3:cad>87</ns3:cad>
          </ns3:TrackPointExtension>
        </extensions>
      </trkpt>
      <trkpt lat="31.16077370010316371917724609375" lon="121.196969188749790191650390625">
        <ele>2.599999904632568359375</ele>
        <time>2025-10-05T12:23:33.000Z</time>
        <extensions>
          <ns3:TrackPointExtension>
            <ns3:hr>149</ns3:hr>
            <ns3:cad>86</ns3:cad>
          </ns3:TrackPointExtension>
        </extensions>
      </trkpt>
      <trkpt lat="31.160796247422695159912109375" lon="121.19695267640054225921630859375">
        <ele>2.599999904632568359375</ele>
        <time>2025-10-05T12:23:34.000Z</time>
        <extensions>
          <ns3:TrackPointExtension>
            <ns3:hr>150</ns3:hr>
            <ns3:cad>86</ns3:cad>
          </ns3:TrackPointExtension>
        </extensions>
      </trkpt>
      <trkpt lat="31.160817034542560577392578125" lon="121.19693188928067684173583984375">
        <ele>2.599999904632568359375</ele>
        <time>2025-10-05T12:23:35.000Z</time>
        <extensions>
          <ns3:TrackPointExtension>
            <ns3:hr>149</ns3:hr>
            <ns3:cad>86</ns3:cad>
          </ns3:TrackPointExtension>
        </extensions>
      </trkpt>
      <trkpt lat="31.16083773784339427947998046875" lon="121.19691277854144573211669921875">
        <ele>2.599999904632568359375</ele>
        <time>2025-10-05T12:23:36.000Z</time>
        <extensions>
          <ns3:TrackPointExtension>
            <ns3:hr>149</ns3:hr>
            <ns3:cad>86</ns3:cad>
          </ns3:TrackPointExtension>
        </extensions>
      </trkpt>
      <trkpt lat="31.16085500456392765045166015625" lon="121.19689702056348323822021484375">
        <ele>2.599999904632568359375</ele>
        <time>2025-10-05T12:23:37.000Z</time>
        <extensions>
          <ns3:TrackPointExtension>
            <ns3:hr>149</ns3:hr>
            <ns3:cad>85</ns3:cad>
          </ns3:TrackPointExtension>
        </extensions>
      </trkpt>
      <trkpt lat="31.16087931208312511444091796875" lon="121.196880340576171875">
        <ele>2.599999904632568359375</ele>
        <time>2025-10-05T12:23:38.000Z</time>
        <extensions>
          <ns3:TrackPointExtension>
            <ns3:hr>149</ns3:hr>
            <ns3:cad>85</ns3:cad>
          </ns3:TrackPointExtension>
        </extensions>
      </trkpt>
      <trkpt lat="31.16089490242302417755126953125" lon="121.19686500169336795806884765625">
        <ele>2.599999904632568359375</ele>
        <time>2025-10-05T12:23:39.000Z</time>
        <extensions>
          <ns3:TrackPointExtension>
            <ns3:hr>149</ns3:hr>
            <ns3:cad>85</ns3:cad>
          </ns3:TrackPointExtension>
        </extensions>
      </trkpt>
      <trkpt lat="31.1609234847128391265869140625" lon="121.1968486569821834564208984375">
        <ele>2.599999904632568359375</ele>
        <time>2025-10-05T12:23:40.000Z</time>
        <extensions>
          <ns3:TrackPointExtension>
            <ns3:hr>149</ns3:hr>
            <ns3:cad>86</ns3:cad>
          </ns3:TrackPointExtension>
        </extensions>
      </trkpt>
      <trkpt lat="31.16094469092786312103271484375" lon="121.19683717377483844757080078125">
        <ele>2.599999904632568359375</ele>
        <time>2025-10-05T12:23:41.000Z</time>
        <extensions>
          <ns3:TrackPointExtension>
            <ns3:hr>149</ns3:hr>
            <ns3:cad>86</ns3:cad>
          </ns3:TrackPointExtension>
        </extensions>
      </trkpt>
      <trkpt lat="31.16097067482769489288330078125" lon="121.1968131177127361297607421875">
        <ele>2.599999904632568359375</ele>
        <time>2025-10-05T12:23:42.000Z</time>
        <extensions>
          <ns3:TrackPointExtension>
            <ns3:hr>149</ns3:hr>
            <ns3:cad>86</ns3:cad>
          </ns3:TrackPointExtension>
        </extensions>
      </trkpt>
      <trkpt lat="31.1609908752143383026123046875" lon="121.19679777882993221282958984375">
        <ele>2.599999904632568359375</ele>
        <time>2025-10-05T12:23:43.000Z</time>
        <extensions>
          <ns3:TrackPointExtension>
            <ns3:hr>149</ns3:hr>
            <ns3:cad>87</ns3:cad>
          </ns3:TrackPointExtension>
        </extensions>
      </trkpt>
      <trkpt lat="31.16101291961967945098876953125" lon="121.1967748962342739105224609375">
        <ele>2.599999904632568359375</ele>
        <time>2025-10-05T12:23:44.000Z</time>
        <extensions>
          <ns3:TrackPointExtension>
            <ns3:hr>149</ns3:hr>
            <ns3:cad>87</ns3:cad>
          </ns3:TrackPointExtension>
        </extensions>
      </trkpt>
      <trkpt lat="31.16103488020598888397216796875" lon="121.1967544443905353546142578125">
        <ele>2.599999904632568359375</ele>
        <time>2025-10-05T12:23:45.000Z</time>
        <extensions>
          <ns3:TrackPointExtension>
            <ns3:hr>150</ns3:hr>
            <ns3:cad>87</ns3:cad>
          </ns3:TrackPointExtension>
        </extensions>
      </trkpt>
      <trkpt lat="31.1610495485365390777587890625" lon="121.19673307053744792938232421875">
        <ele>2.599999904632568359375</ele>
        <time>2025-10-05T12:23:46.000Z</time>
        <extensions>
          <ns3:TrackPointExtension>
            <ns3:hr>149</ns3:hr>
            <ns3:cad>86</ns3:cad>
          </ns3:TrackPointExtension>
        </extensions>
      </trkpt>
      <trkpt lat="31.16107578389346599578857421875" lon="121.1967118643224239349365234375">
        <ele>2.599999904632568359375</ele>
        <time>2025-10-05T12:23:47.000Z</time>
        <extensions>
          <ns3:TrackPointExtension>
            <ns3:hr>149</ns3:hr>
            <ns3:cad>86</ns3:cad>
          </ns3:TrackPointExtension>
        </extensions>
      </trkpt>
      <trkpt lat="31.16109506227076053619384765625" lon="121.1966967768967151641845703125">
        <ele>2.599999904632568359375</ele>
        <time>2025-10-05T12:23:48.000Z</time>
        <extensions>
          <ns3:TrackPointExtension>
            <ns3:hr>149</ns3:hr>
            <ns3:cad>86</ns3:cad>
          </ns3:TrackPointExtension>
        </extensions>
      </trkpt>
      <trkpt lat="31.1611152626574039459228515625" lon="121.19667406193912029266357421875">
        <ele>2.599999904632568359375</ele>
        <time>2025-10-05T12:23:49.000Z</time>
        <extensions>
          <ns3:TrackPointExtension>
            <ns3:hr>149</ns3:hr>
            <ns3:cad>86</ns3:cad>
          </ns3:TrackPointExtension>
        </extensions>
      </trkpt>
      <trkpt lat="31.16113412193953990936279296875" lon="121.1966585554182529449462890625">
        <ele>2.599999904632568359375</ele>
        <time>2025-10-05T12:23:50.000Z</time>
        <extensions>
          <ns3:TrackPointExtension>
            <ns3:hr>149</ns3:hr>
            <ns3:cad>86</ns3:cad>
          </ns3:TrackPointExtension>
        </extensions>
      </trkpt>
      <trkpt lat="31.161154992878437042236328125" lon="121.19664003141224384307861328125">
        <ele>2.599999904632568359375</ele>
        <time>2025-10-05T12:23:51.000Z</time>
        <extensions>
          <ns3:TrackPointExtension>
            <ns3:hr>149</ns3:hr>
            <ns3:cad>86</ns3:cad>
          </ns3:TrackPointExtension>
        </extensions>
      </trkpt>
      <trkpt lat="31.16117821075022220611572265625" lon="121.196627207100391387939453125">
        <ele>2.599999904632568359375</ele>
        <time>2025-10-05T12:23:52.000Z</time>
        <extensions>
          <ns3:TrackPointExtension>
            <ns3:hr>149</ns3:hr>
            <ns3:cad>86</ns3:cad>
          </ns3:TrackPointExtension>
        </extensions>
      </trkpt>
      <trkpt lat="31.16119287908077239990234375" lon="121.196603737771511077880859375">
        <ele>2.599999904632568359375</ele>
        <time>2025-10-05T12:23:53.000Z</time>
        <extensions>
          <ns3:TrackPointExtension>
            <ns3:hr>149</ns3:hr>
            <ns3:cad>86</ns3:cad>
          </ns3:TrackPointExtension>
        </extensions>
      </trkpt>
      <trkpt lat="31.16121240891516208648681640625" lon="121.19658320210874080657958984375">
        <ele>2.400000095367431640625</ele>
        <time>2025-10-05T12:23:54.000Z</time>
        <extensions>
          <ns3:TrackPointExtension>
            <ns3:hr>149</ns3:hr>
            <ns3:cad>86</ns3:cad>
          </ns3:TrackPointExtension>
        </extensions>
      </trkpt>
      <trkpt lat="31.1612289212644100189208984375" lon="121.196560822427272796630859375">
        <ele>2.400000095367431640625</ele>
        <time>2025-10-05T12:23:55.000Z</time>
        <extensions>
          <ns3:TrackPointExtension>
            <ns3:hr>148</ns3:hr>
            <ns3:cad>86</ns3:cad>
          </ns3:TrackPointExtension>
        </extensions>
      </trkpt>
      <trkpt lat="31.161250211298465728759765625" lon="121.19653827510774135589599609375">
        <ele>2.400000095367431640625</ele>
        <time>2025-10-05T12:23:56.000Z</time>
        <extensions>
          <ns3:TrackPointExtension>
            <ns3:hr>148</ns3:hr>
            <ns3:cad>86</ns3:cad>
          </ns3:TrackPointExtension>
        </extensions>
      </trkpt>
      <trkpt lat="31.1612698249518871307373046875" lon="121.196513213217258453369140625">
        <ele>2.400000095367431640625</ele>
        <time>2025-10-05T12:23:57.000Z</time>
        <extensions>
          <ns3:TrackPointExtension>
            <ns3:hr>148</ns3:hr>
            <ns3:cad>86</ns3:cad>
          </ns3:TrackPointExtension>
        </extensions>
      </trkpt>
      <trkpt lat="31.16129253990948200225830078125" lon="121.1964889056980609893798828125">
        <ele>2.400000095367431640625</ele>
        <time>2025-10-05T12:23:58.000Z</time>
        <extensions>
          <ns3:TrackPointExtension>
            <ns3:hr>148</ns3:hr>
            <ns3:cad>86</ns3:cad>
          </ns3:TrackPointExtension>
        </extensions>
      </trkpt>
      <trkpt lat="31.161317937076091766357421875" lon="121.1964711360633373260498046875">
        <ele>2.400000095367431640625</ele>
        <time>2025-10-05T12:23:59.000Z</time>
        <extensions>
          <ns3:TrackPointExtension>
            <ns3:hr>148</ns3:hr>
            <ns3:cad>86</ns3:cad>
          </ns3:TrackPointExtension>
        </extensions>
      </trkpt>
      <trkpt lat="31.16133771836757659912109375" lon="121.19645210914313793182373046875">
        <ele>2.400000095367431640625</ele>
        <time>2025-10-05T12:24:00.000Z</time>
        <extensions>
          <ns3:TrackPointExtension>
            <ns3:hr>148</ns3:hr>
            <ns3:cad>86</ns3:cad>
          </ns3:TrackPointExtension>
        </extensions>
      </trkpt>
      <trkpt lat="31.16136252880096435546875" lon="121.19643400423228740692138671875">
        <ele>2.400000095367431640625</ele>
        <time>2025-10-05T12:24:01.000Z</time>
        <extensions>
          <ns3:TrackPointExtension>
            <ns3:hr>148</ns3:hr>
            <ns3:cad>86</ns3:cad>
          </ns3:TrackPointExtension>
        </extensions>
      </trkpt>
      <trkpt lat="31.161378957331180572509765625" lon="121.19641405530273914337158203125">
        <ele>2.400000095367431640625</ele>
        <time>2025-10-05T12:24:02.000Z</time>
        <extensions>
          <ns3:TrackPointExtension>
            <ns3:hr>148</ns3:hr>
            <ns3:cad>86</ns3:cad>
          </ns3:TrackPointExtension>
        </extensions>
      </trkpt>
      <trkpt lat="31.1614056117832660675048828125" lon="121.19639058597385883331298828125">
        <ele>2.400000095367431640625</ele>
        <time>2025-10-05T12:24:03.000Z</time>
        <extensions>
          <ns3:TrackPointExtension>
            <ns3:hr>147</ns3:hr>
            <ns3:cad>86</ns3:cad>
          </ns3:TrackPointExtension>
        </extensions>
      </trkpt>
      <trkpt lat="31.1614255607128143310546875" lon="121.19636736810207366943359375">
        <ele>2.2000000476837158203125</ele>
        <time>2025-10-05T12:24:04.000Z</time>
        <extensions>
          <ns3:TrackPointExtension>
            <ns3:hr>147</ns3:hr>
            <ns3:cad>86</ns3:cad>
          </ns3:TrackPointExtension>
        </extensions>
      </trkpt>
      <trkpt lat="31.161450706422328948974609375" lon="121.1963460780680179595947265625">
        <ele>2.2000000476837158203125</ele>
        <time>2025-10-05T12:24:05.000Z</time>
        <extensions>
          <ns3:TrackPointExtension>
            <ns3:hr>147</ns3:hr>
            <ns3:cad>88</ns3:cad>
          </ns3:TrackPointExtension>
        </extensions>
      </trkpt>
      <trkpt lat="31.1614738404750823974609375" lon="121.1963276378810405731201171875">
        <ele>2.2000000476837158203125</ele>
        <time>2025-10-05T12:24:06.000Z</time>
        <extensions>
          <ns3:TrackPointExtension>
            <ns3:hr>148</ns3:hr>
            <ns3:cad>88</ns3:cad>
          </ns3:TrackPointExtension>
        </extensions>
      </trkpt>
      <trkpt lat="31.16149705834686756134033203125" lon="121.1963058449327945709228515625">
        <ele>2.2000000476837158203125</ele>
        <time>2025-10-05T12:24:07.000Z</time>
        <extensions>
          <ns3:TrackPointExtension>
            <ns3:hr>148</ns3:hr>
            <ns3:cad>88</ns3:cad>
          </ns3:TrackPointExtension>
        </extensions>
      </trkpt>
      <trkpt lat="31.16151876747608184814453125" lon="121.19627994485199451446533203125">
        <ele>2.2000000476837158203125</ele>
        <time>2025-10-05T12:24:08.000Z</time>
        <extensions>
          <ns3:TrackPointExtension>
            <ns3:hr>148</ns3:hr>
            <ns3:cad>87</ns3:cad>
          </ns3:TrackPointExtension>
        </extensions>
      </trkpt>
      <trkpt lat="31.16153880022466182708740234375" lon="121.196261756122112274169921875">
        <ele>2.2000000476837158203125</ele>
        <time>2025-10-05T12:24:09.000Z</time>
        <extensions>
          <ns3:TrackPointExtension>
            <ns3:hr>147</ns3:hr>
            <ns3:cad>87</ns3:cad>
          </ns3:TrackPointExtension>
        </extensions>
      </trkpt>
      <trkpt lat="31.16156570613384246826171875" lon="121.19624323211610317230224609375">
        <ele>2.2000000476837158203125</ele>
        <time>2025-10-05T12:24:10.000Z</time>
        <extensions>
          <ns3:TrackPointExtension>
            <ns3:hr>148</ns3:hr>
            <ns3:cad>86</ns3:cad>
          </ns3:TrackPointExtension>
        </extensions>
      </trkpt>
      <trkpt lat="31.16158540360629558563232421875" lon="121.19622730650007724761962890625">
        <ele>2.2000000476837158203125</ele>
        <time>2025-10-05T12:24:11.000Z</time>
        <extensions>
          <ns3:TrackPointExtension>
            <ns3:hr>148</ns3:hr>
            <ns3:cad>86</ns3:cad>
          </ns3:TrackPointExtension>
        </extensions>
      </trkpt>
      <trkpt lat="31.16160501725971698760986328125" lon="121.19621154852211475372314453125">
        <ele>2.400000095367431640625</ele>
        <time>2025-10-05T12:24:12.000Z</time>
        <extensions>
          <ns3:TrackPointExtension>
            <ns3:hr>147</ns3:hr>
            <ns3:cad>86</ns3:cad>
          </ns3:TrackPointExtension>
        </extensions>
      </trkpt>
      <trkpt lat="31.161625720560550689697265625" lon="121.19619444943964481353759765625">
        <ele>2.400000095367431640625</ele>
        <time>2025-10-05T12:24:13.000Z</time>
        <extensions>
          <ns3:TrackPointExtension>
            <ns3:hr>147</ns3:hr>
            <ns3:cad>86</ns3:cad>
          </ns3:TrackPointExtension>
        </extensions>
      </trkpt>
      <trkpt lat="31.16164776496589183807373046875" lon="121.196174919605255126953125">
        <ele>2.400000095367431640625</ele>
        <time>2025-10-05T12:24:14.000Z</time>
        <extensions>
          <ns3:TrackPointExtension>
            <ns3:hr>147</ns3:hr>
            <ns3:cad>86</ns3:cad>
          </ns3:TrackPointExtension>
        </extensions>
      </trkpt>
      <trkpt lat="31.16167257539927959442138671875" lon="121.19615681469440460205078125">
        <ele>2.400000095367431640625</ele>
        <time>2025-10-05T12:24:15.000Z</time>
        <extensions>
          <ns3:TrackPointExtension>
            <ns3:hr>147</ns3:hr>
            <ns3:cad>86</ns3:cad>
          </ns3:TrackPointExtension>
        </extensions>
      </trkpt>
      <trkpt lat="31.1616916023194789886474609375" lon="121.19613996706902980804443359375">
        <ele>2.400000095367431640625</ele>
        <time>2025-10-05T12:24:16.000Z</time>
        <extensions>
          <ns3:TrackPointExtension>
            <ns3:hr>148</ns3:hr>
            <ns3:cad>86</ns3:cad>
          </ns3:TrackPointExtension>
        </extensions>
      </trkpt>
      <trkpt lat="31.1617152392864227294921875" lon="121.19612420909106731414794921875">
        <ele>2.2000000476837158203125</ele>
        <time>2025-10-05T12:24:17.000Z</time>
        <extensions>
          <ns3:TrackPointExtension>
            <ns3:hr>147</ns3:hr>
            <ns3:cad>85</ns3:cad>
          </ns3:TrackPointExtension>
        </extensions>
      </trkpt>
      <trkpt lat="31.16173745132982730865478515625" lon="121.1961090378463268280029296875">
        <ele>2.2000000476837158203125</ele>
        <time>2025-10-05T12:24:18.000Z</time>
        <extensions>
          <ns3:TrackPointExtension>
            <ns3:hr>147</ns3:hr>
            <ns3:cad>85</ns3:cad>
          </ns3:TrackPointExtension>
        </extensions>
      </trkpt>
      <trkpt lat="31.161757148802280426025390625" lon="121.19609252549707889556884765625">
        <ele>2.400000095367431640625</ele>
        <time>2025-10-05T12:24:19.000Z</time>
        <extensions>
          <ns3:TrackPointExtension>
            <ns3:hr>148</ns3:hr>
            <ns3:cad>85</ns3:cad>
          </ns3:TrackPointExtension>
        </extensions>
      </trkpt>
      <trkpt lat="31.161777935922145843505859375" lon="121.19607525877654552459716796875">
        <ele>2.2000000476837158203125</ele>
        <time>2025-10-05T12:24:20.000Z</time>
        <extensions>
          <ns3:TrackPointExtension>
            <ns3:hr>148</ns3:hr>
            <ns3:cad>85</ns3:cad>
          </ns3:TrackPointExtension>
        </extensions>
      </trkpt>
      <trkpt lat="31.16179905831813812255859375" lon="121.19605715386569499969482421875">
        <ele>2.2000000476837158203125</ele>
        <time>2025-10-05T12:24:21.000Z</time>
        <extensions>
          <ns3:TrackPointExtension>
            <ns3:hr>148</ns3:hr>
            <ns3:cad>85</ns3:cad>
          </ns3:TrackPointExtension>
        </extensions>
      </trkpt>
      <trkpt lat="31.16181691177189350128173828125" lon="121.19603988714516162872314453125">
        <ele>2.400000095367431640625</ele>
        <time>2025-10-05T12:24:22.000Z</time>
        <extensions>
          <ns3:TrackPointExtension>
            <ns3:hr>148</ns3:hr>
            <ns3:cad>85</ns3:cad>
          </ns3:TrackPointExtension>
        </extensions>
      </trkpt>
      <trkpt lat="31.1618367768824100494384765625" lon="121.1960228718817234039306640625">
        <ele>2.400000095367431640625</ele>
        <time>2025-10-05T12:24:23.000Z</time>
        <extensions>
          <ns3:TrackPointExtension>
            <ns3:hr>147</ns3:hr>
            <ns3:cad>86</ns3:cad>
          </ns3:TrackPointExtension>
        </extensions>
      </trkpt>
      <trkpt lat="31.1618562228977680206298828125" lon="121.19600082747638225555419921875">
        <ele>2.400000095367431640625</ele>
        <time>2025-10-05T12:24:24.000Z</time>
        <extensions>
          <ns3:TrackPointExtension>
            <ns3:hr>148</ns3:hr>
            <ns3:cad>87</ns3:cad>
          </ns3:TrackPointExtension>
        </extensions>
      </trkpt>
      <trkpt lat="31.16187172941863536834716796875" lon="121.19597819633781909942626953125">
        <ele>2.400000095367431640625</ele>
        <time>2025-10-05T12:24:25.000Z</time>
        <extensions>
          <ns3:TrackPointExtension>
            <ns3:hr>148</ns3:hr>
            <ns3:cad>87</ns3:cad>
          </ns3:TrackPointExtension>
        </extensions>
      </trkpt>
      <trkpt lat="31.16189385764300823211669921875" lon="121.195953302085399627685546875">
        <ele>2.400000095367431640625</ele>
        <time>2025-10-05T12:24:26.000Z</time>
        <extensions>
          <ns3:TrackPointExtension>
            <ns3:hr>147</ns3:hr>
            <ns3:cad>87</ns3:cad>
          </ns3:TrackPointExtension>
        </extensions>
      </trkpt>
      <trkpt lat="31.16190760396420955657958984375" lon="121.195931173861026763916015625">
        <ele>2.599999904632568359375</ele>
        <time>2025-10-05T12:24:27.000Z</time>
        <extensions>
          <ns3:TrackPointExtension>
            <ns3:hr>148</ns3:hr>
            <ns3:cad>88</ns3:cad>
          </ns3:TrackPointExtension>
        </extensions>
      </trkpt>
      <trkpt lat="31.16193174384534358978271484375" lon="121.19590108282864093780517578125">
        <ele>2.599999904632568359375</ele>
        <time>2025-10-05T12:24:28.000Z</time>
        <extensions>
          <ns3:TrackPointExtension>
            <ns3:hr>148</ns3:hr>
            <ns3:cad>88</ns3:cad>
          </ns3:TrackPointExtension>
        </extensions>
      </trkpt>
      <trkpt lat="31.16194733418524265289306640625" lon="121.195876859128475189208984375">
        <ele>2.599999904632568359375</ele>
        <time>2025-10-05T12:24:29.000Z</time>
        <extensions>
          <ns3:TrackPointExtension>
            <ns3:hr>147</ns3:hr>
            <ns3:cad>87</ns3:cad>
          </ns3:TrackPointExtension>
        </extensions>
      </trkpt>
      <trkpt lat="31.161961667239665985107421875" lon="121.1958502046763896942138671875">
        <ele>2.599999904632568359375</ele>
        <time>2025-10-05T12:24:30.000Z</time>
        <extensions>
          <ns3:TrackPointExtension>
            <ns3:hr>148</ns3:hr>
            <ns3:cad>87</ns3:cad>
          </ns3:TrackPointExtension>
        </extensions>
      </trkpt>
      <trkpt lat="31.1619765870273113250732421875" lon="121.1958260647952556610107421875">
        <ele>2.599999904632568359375</ele>
        <time>2025-10-05T12:24:31.000Z</time>
        <extensions>
          <ns3:TrackPointExtension>
            <ns3:hr>148</ns3:hr>
            <ns3:cad>87</ns3:cad>
          </ns3:TrackPointExtension>
        </extensions>
      </trkpt>
      <trkpt lat="31.16198656149208545684814453125" lon="121.19580033235251903533935546875">
        <ele>2.599999904632568359375</ele>
        <time>2025-10-05T12:24:32.000Z</time>
        <extensions>
          <ns3:TrackPointExtension>
            <ns3:hr>147</ns3:hr>
            <ns3:cad>87</ns3:cad>
          </ns3:TrackPointExtension>
        </extensions>
      </trkpt>
      <trkpt lat="31.16199888288974761962890625" lon="121.19577719829976558685302734375">
        <ele>2.599999904632568359375</ele>
        <time>2025-10-05T12:24:33.000Z</time>
        <extensions>
          <ns3:TrackPointExtension>
            <ns3:hr>148</ns3:hr>
            <ns3:cad>87</ns3:cad>
          </ns3:TrackPointExtension>
        </extensions>
      </trkpt>
      <trkpt lat="31.162001900374889373779296875" lon="121.1957489512860774993896484375">
        <ele>2.599999904632568359375</ele>
        <time>2025-10-05T12:24:34.000Z</time>
        <extensions>
          <ns3:TrackPointExtension>
            <ns3:hr>148</ns3:hr>
            <ns3:cad>87</ns3:cad>
          </ns3:TrackPointExtension>
        </extensions>
      </trkpt>
      <trkpt lat="31.1620104499161243438720703125" lon="121.19571466930210590362548828125">
        <ele>2.599999904632568359375</ele>
        <time>2025-10-05T12:24:35.000Z</time>
        <extensions>
          <ns3:TrackPointExtension>
            <ns3:hr>148</ns3:hr>
            <ns3:cad>87</ns3:cad>
          </ns3:TrackPointExtension>
        </extensions>
      </trkpt>
      <trkpt lat="31.16201505996286869049072265625" lon="121.195684410631656646728515625">
        <ele>2.599999904632568359375</ele>
        <time>2025-10-05T12:24:36.000Z</time>
        <extensions>
          <ns3:TrackPointExtension>
            <ns3:hr>148</ns3:hr>
            <ns3:cad>87</ns3:cad>
          </ns3:TrackPointExtension>
        </extensions>
      </trkpt>
      <trkpt lat="31.1620238609611988067626953125" lon="121.19565113447606563568115234375">
        <ele>2.599999904632568359375</ele>
        <time>2025-10-05T12:24:37.000Z</time>
        <extensions>
          <ns3:TrackPointExtension>
            <ns3:hr>148</ns3:hr>
            <ns3:cad>87</ns3:cad>
          </ns3:TrackPointExtension>
        </extensions>
      </trkpt>
      <trkpt lat="31.16202562116086483001708984375" lon="121.19562573730945587158203125">
        <ele>2.599999904632568359375</ele>
        <time>2025-10-05T12:24:38.000Z</time>
        <extensions>
          <ns3:TrackPointExtension>
            <ns3:hr>149</ns3:hr>
            <ns3:cad>87</ns3:cad>
          </ns3:TrackPointExtension>
        </extensions>
      </trkpt>
      <trkpt lat="31.16203148849308490753173828125" lon="121.195592544972896575927734375">
        <ele>2.400000095367431640625</ele>
        <time>2025-10-05T12:24:39.000Z</time>
        <extensions>
          <ns3:TrackPointExtension>
            <ns3:hr>148</ns3:hr>
            <ns3:cad>87</ns3:cad>
          </ns3:TrackPointExtension>
        </extensions>
      </trkpt>
      <trkpt lat="31.1620396189391613006591796875" lon="121.19555943645536899566650390625">
        <ele>2.400000095367431640625</ele>
        <time>2025-10-05T12:24:40.000Z</time>
        <extensions>
          <ns3:TrackPointExtension>
            <ns3:hr>148</ns3:hr>
            <ns3:cad>86</ns3:cad>
          </ns3:TrackPointExtension>
        </extensions>
      </trkpt>
      <trkpt lat="31.16203802637755870819091796875" lon="121.195535548031330108642578125">
        <ele>2.400000095367431640625</ele>
        <time>2025-10-05T12:24:41.000Z</time>
        <extensions>
          <ns3:TrackPointExtension>
            <ns3:hr>149</ns3:hr>
            <ns3:cad>86</ns3:cad>
          </ns3:TrackPointExtension>
        </extensions>
      </trkpt>
      <trkpt lat="31.1620396189391613006591796875" lon="121.19550160132348537445068359375">
        <ele>2.400000095367431640625</ele>
        <time>2025-10-05T12:24:42.000Z</time>
        <extensions>
          <ns3:TrackPointExtension>
            <ns3:hr>149</ns3:hr>
            <ns3:cad>86</ns3:cad>
          </ns3:TrackPointExtension>
        </extensions>
      </trkpt>
      <trkpt lat="31.1620355956256389617919921875" lon="121.1954720132052898406982421875">
        <ele>2.400000095367431640625</ele>
        <time>2025-10-05T12:24:43.000Z</time>
        <extensions>
          <ns3:TrackPointExtension>
            <ns3:hr>149</ns3:hr>
            <ns3:cad>86</ns3:cad>
          </ns3:TrackPointExtension>
        </extensions>
      </trkpt>
      <trkpt lat="31.16203785873949527740478515625" lon="121.1954401619732379913330078125">
        <ele>2.2000000476837158203125</ele>
        <time>2025-10-05T12:24:44.000Z</time>
        <extensions>
          <ns3:TrackPointExtension>
            <ns3:hr>149</ns3:hr>
            <ns3:cad>86</ns3:cad>
          </ns3:TrackPointExtension>
        </extensions>
      </trkpt>
      <trkpt lat="31.16203802637755870819091796875" lon="121.1954106576740741729736328125">
        <ele>2.2000000476837158203125</ele>
        <time>2025-10-05T12:24:45.000Z</time>
        <extensions>
          <ns3:TrackPointExtension>
            <ns3:hr>149</ns3:hr>
            <ns3:cad>87</ns3:cad>
          </ns3:TrackPointExtension>
        </extensions>
      </trkpt>
      <trkpt lat="31.1620406247675418853759765625" lon="121.19537830352783203125">
        <ele>2.2000000476837158203125</ele>
        <time>2025-10-05T12:24:46.000Z</time>
        <extensions>
          <ns3:TrackPointExtension>
            <ns3:hr>149</ns3:hr>
            <ns3:cad>87</ns3:cad>
          </ns3:TrackPointExtension>
        </extensions>
      </trkpt>
      <trkpt lat="31.16203903220593929290771484375" lon="121.19535223580896854400634765625">
        <ele>2.2000000476837158203125</ele>
        <time>2025-10-05T12:24:47.000Z</time>
        <extensions>
          <ns3:TrackPointExtension>
            <ns3:hr>148</ns3:hr>
            <ns3:cad>87</ns3:cad>
          </ns3:TrackPointExtension>
        </extensions>
      </trkpt>
      <trkpt lat="31.16203819401562213897705078125" lon="121.19532457552850246429443359375">
        <ele>2.2000000476837158203125</ele>
        <time>2025-10-05T12:24:48.000Z</time>
        <extensions>
          <ns3:TrackPointExtension>
            <ns3:hr>148</ns3:hr>
            <ns3:cad>87</ns3:cad>
          </ns3:TrackPointExtension>
        </extensions>
      </trkpt>
      <trkpt lat="31.1620362661778926849365234375" lon="121.1953033693134784698486328125">
        <ele>2.2000000476837158203125</ele>
        <time>2025-10-05T12:24:49.000Z</time>
        <extensions>
          <ns3:TrackPointExtension>
            <ns3:hr>148</ns3:hr>
            <ns3:cad>87</ns3:cad>
          </ns3:TrackPointExtension>
        </extensions>
      </trkpt>
      <trkpt lat="31.16203450597822666168212890625" lon="121.19527839124202728271484375">
        <ele>2.2000000476837158203125</ele>
        <time>2025-10-05T12:24:50.000Z</time>
        <extensions>
          <ns3:TrackPointExtension>
            <ns3:hr>148</ns3:hr>
            <ns3:cad>87</ns3:cad>
          </ns3:TrackPointExtension>
        </extensions>
      </trkpt>
      <trkpt lat="31.16203517653048038482666015625" lon="121.1952473782002925872802734375">
        <ele>2.2000000476837158203125</ele>
        <time>2025-10-05T12:24:51.000Z</time>
        <extensions>
          <ns3:TrackPointExtension>
            <ns3:hr>148</ns3:hr>
            <ns3:cad>87</ns3:cad>
          </ns3:TrackPointExtension>
        </extensions>
      </trkpt>
      <trkpt lat="31.16202997975051403045654296875" lon="121.19522181339561939239501953125">
        <ele>2.2000000476837158203125</ele>
        <time>2025-10-05T12:24:52.000Z</time>
        <extensions>
          <ns3:TrackPointExtension>
            <ns3:hr>148</ns3:hr>
            <ns3:cad>87</ns3:cad>
          </ns3:TrackPointExtension>
        </extensions>
      </trkpt>
      <trkpt lat="31.16202763281762599945068359375" lon="121.19518853724002838134765625">
        <ele>2.2000000476837158203125</ele>
        <time>2025-10-05T12:24:53.000Z</time>
        <extensions>
          <ns3:TrackPointExtension>
            <ns3:hr>147</ns3:hr>
            <ns3:cad>87</ns3:cad>
          </ns3:TrackPointExtension>
        </extensions>
      </trkpt>
      <trkpt lat="31.16201489232480525970458984375" lon="121.1951692588627338409423828125">
        <ele>2.400000095367431640625</ele>
        <time>2025-10-05T12:24:54.000Z</time>
        <extensions>
          <ns3:TrackPointExtension>
            <ns3:hr>148</ns3:hr>
            <ns3:cad>87</ns3:cad>
          </ns3:TrackPointExtension>
        </extensions>
      </trkpt>
      <trkpt lat="31.16201019845902919769287109375" lon="121.19513765908777713775634765625">
        <ele>2.400000095367431640625</ele>
        <time>2025-10-05T12:24:55.000Z</time>
        <extensions>
          <ns3:TrackPointExtension>
            <ns3:hr>148</ns3:hr>
            <ns3:cad>87</ns3:cad>
          </ns3:TrackPointExtension>
        </extensions>
      </trkpt>
      <trkpt lat="31.162005923688411712646484375" lon="121.1951079033315181732177734375">
        <ele>2.400000095367431640625</ele>
        <time>2025-10-05T12:24:56.000Z</time>
        <extensions>
          <ns3:TrackPointExtension>
            <ns3:hr>147</ns3:hr>
            <ns3:cad>86</ns3:cad>
          </ns3:TrackPointExtension>
        </extensions>
      </trkpt>
      <trkpt lat="31.1620013974606990814208984375" lon="121.19507144205272197723388671875">
        <ele>2.400000095367431640625</ele>
        <time>2025-10-05T12:24:57.000Z</time>
        <extensions>
          <ns3:TrackPointExtension>
            <ns3:hr>148</ns3:hr>
            <ns3:cad>86</ns3:cad>
          </ns3:TrackPointExtension>
        </extensions>
      </trkpt>
      <trkpt lat="31.16199846379458904266357421875" lon="121.19504260830581188201904296875">
        <ele>2.400000095367431640625</ele>
        <time>2025-10-05T12:24:58.000Z</time>
        <extensions>
          <ns3:TrackPointExtension>
            <ns3:hr>148</ns3:hr>
            <ns3:cad>86</ns3:cad>
          </ns3:TrackPointExtension>
        </extensions>
      </trkpt>
      <trkpt lat="31.16199159063398838043212890625" lon="121.19501293636858463287353515625">
        <ele>2.400000095367431640625</ele>
        <time>2025-10-05T12:24:59.000Z</time>
        <extensions>
          <ns3:TrackPointExtension>
            <ns3:hr>147</ns3:hr>
            <ns3:cad>86</ns3:cad>
          </ns3:TrackPointExtension>
        </extensions>
      </trkpt>
      <trkpt lat="31.1619896627962589263916015625" lon="121.19498091749846935272216796875">
        <ele>2.400000095367431640625</ele>
        <time>2025-10-05T12:25:00.000Z</time>
        <extensions>
          <ns3:TrackPointExtension>
            <ns3:hr>148</ns3:hr>
            <ns3:cad>87</ns3:cad>
          </ns3:TrackPointExtension>
        </extensions>
      </trkpt>
      <trkpt lat="31.16198471747338771820068359375" lon="121.1949473060667514801025390625">
        <ele>2.400000095367431640625</ele>
        <time>2025-10-05T12:25:01.000Z</time>
        <extensions>
          <ns3:TrackPointExtension>
            <ns3:hr>148</ns3:hr>
            <ns3:cad>87</ns3:cad>
          </ns3:TrackPointExtension>
        </extensions>
      </trkpt>
      <trkpt lat="31.16197650320827960968017578125" lon="121.19491352699697017669677734375">
        <ele>2.400000095367431640625</ele>
        <time>2025-10-05T12:25:02.000Z</time>
        <extensions>
          <ns3:TrackPointExtension>
            <ns3:hr>147</ns3:hr>
            <ns3:cad>87</ns3:cad>
          </ns3:TrackPointExtension>
        </extensions>
      </trkpt>
      <trkpt lat="31.16196401417255401611328125" lon="121.19487798772752285003662109375">
        <ele>2.400000095367431640625</ele>
        <time>2025-10-05T12:25:03.000Z</time>
        <extensions>
          <ns3:TrackPointExtension>
            <ns3:hr>148</ns3:hr>
            <ns3:cad>87</ns3:cad>
          </ns3:TrackPointExtension>
        </extensions>
      </trkpt>
      <trkpt lat="31.161955632269382476806640625" lon="121.19484177790582180023193359375">
        <ele>2.400000095367431640625</ele>
        <time>2025-10-05T12:25:04.000Z</time>
        <extensions>
          <ns3:TrackPointExtension>
            <ns3:hr>148</ns3:hr>
            <ns3:cad>87</ns3:cad>
          </ns3:TrackPointExtension>
        </extensions>
      </trkpt>
      <trkpt lat="31.16194481961429119110107421875" lon="121.194807328283786773681640625">
        <ele>2.400000095367431640625</ele>
        <time>2025-10-05T12:25:05.000Z</time>
        <extensions>
          <ns3:TrackPointExtension>
            <ns3:hr>147</ns3:hr>
            <ns3:cad>87</ns3:cad>
          </ns3:TrackPointExtension>
        </extensions>
      </trkpt>
      <trkpt lat="31.16193979047238826751708984375" lon="121.1947665922343730926513671875">
        <ele>2.400000095367431640625</ele>
        <time>2025-10-05T12:25:06.000Z</time>
        <extensions>
          <ns3:TrackPointExtension>
            <ns3:hr>148</ns3:hr>
            <ns3:cad>88</ns3:cad>
          </ns3:TrackPointExtension>
        </extensions>
      </trkpt>
      <trkpt lat="31.1619319953024387359619140625" lon="121.1947337351739406585693359375">
        <ele>2.400000095367431640625</ele>
        <time>2025-10-05T12:25:07.000Z</time>
        <extensions>
          <ns3:TrackPointExtension>
            <ns3:hr>148</ns3:hr>
            <ns3:cad>87</ns3:cad>
          </ns3:TrackPointExtension>
        </extensions>
      </trkpt>
      <trkpt lat="31.161925457417964935302734375" lon="121.194699704647064208984375">
        <ele>2.400000095367431640625</ele>
        <time>2025-10-05T12:25:08.000Z</time>
        <extensions>
          <ns3:TrackPointExtension>
            <ns3:hr>147</ns3:hr>
            <ns3:cad>88</ns3:cad>
          </ns3:TrackPointExtension>
        </extensions>
      </trkpt>
      <trkpt lat="31.16191883571445941925048828125" lon="121.194667182862758636474609375">
        <ele>2.400000095367431640625</ele>
        <time>2025-10-05T12:25:09.000Z</time>
        <extensions>
          <ns3:TrackPointExtension>
            <ns3:hr>148</ns3:hr>
            <ns3:cad>87</ns3:cad>
          </ns3:TrackPointExtension>
        </extensions>
      </trkpt>
      <trkpt lat="31.1619110405445098876953125" lon="121.1946351639926433563232421875">
        <ele>2.400000095367431640625</ele>
        <time>2025-10-05T12:25:10.000Z</time>
        <extensions>
          <ns3:TrackPointExtension>
            <ns3:hr>148</ns3:hr>
            <ns3:cad>87</ns3:cad>
          </ns3:TrackPointExtension>
        </extensions>
      </trkpt>
      <trkpt lat="31.16191363893449306488037109375" lon="121.194604150950908660888671875">
        <ele>2.400000095367431640625</ele>
        <time>2025-10-05T12:25:11.000Z</time>
        <extensions>
          <ns3:TrackPointExtension>
            <ns3:hr>147</ns3:hr>
            <ns3:cad>87</ns3:cad>
          </ns3:TrackPointExtension>
        </extensions>
      </trkpt>
      <trkpt lat="31.1619115434587001800537109375" lon="121.19457833468914031982421875">
        <ele>2.400000095367431640625</ele>
        <time>2025-10-05T12:25:12.000Z</time>
        <extensions>
          <ns3:TrackPointExtension>
            <ns3:hr>148</ns3:hr>
            <ns3:cad>87</ns3:cad>
          </ns3:TrackPointExtension>
        </extensions>
      </trkpt>
      <trkpt lat="31.16191162727773189544677734375" lon="121.19454941712319850921630859375">
        <ele>2.400000095367431640625</ele>
        <time>2025-10-05T12:25:13.000Z</time>
        <extensions>
          <ns3:TrackPointExtension>
            <ns3:hr>148</ns3:hr>
            <ns3:cad>87</ns3:cad>
          </ns3:TrackPointExtension>
        </extensions>
      </trkpt>
      <trkpt lat="31.1619041673839092254638671875" lon="121.194525696337223052978515625">
        <ele>2.400000095367431640625</ele>
        <time>2025-10-05T12:25:14.000Z</time>
        <extensions>
          <ns3:TrackPointExtension>
            <ns3:hr>147</ns3:hr>
            <ns3:cad>87</ns3:cad>
          </ns3:TrackPointExtension>
        </extensions>
      </trkpt>
      <trkpt lat="31.16190140135586261749267578125" lon="121.1944946832954883575439453125">
        <ele>2.400000095367431640625</ele>
        <time>2025-10-05T12:25:15.000Z</time>
        <extensions>
          <ns3:TrackPointExtension>
            <ns3:hr>148</ns3:hr>
            <ns3:cad>87</ns3:cad>
          </ns3:TrackPointExtension>
        </extensions>
      </trkpt>
      <trkpt lat="31.1618941091001033782958984375" lon="121.19446526281535625457763671875">
        <ele>2.400000095367431640625</ele>
        <time>2025-10-05T12:25:16.000Z</time>
        <extensions>
          <ns3:TrackPointExtension>
            <ns3:hr>147</ns3:hr>
            <ns3:cad>87</ns3:cad>
          </ns3:TrackPointExtension>
        </extensions>
      </trkpt>
      <trkpt lat="31.1618890799582004547119140625" lon="121.1944339983165264129638671875">
        <ele>2.400000095367431640625</ele>
        <time>2025-10-05T12:25:17.000Z</time>
        <extensions>
          <ns3:TrackPointExtension>
            <ns3:hr>147</ns3:hr>
            <ns3:cad>87</ns3:cad>
          </ns3:TrackPointExtension>
        </extensions>
      </trkpt>
      <trkpt lat="31.161885224282741546630859375" lon="121.1944051645696163177490234375">
        <ele>2.400000095367431640625</ele>
        <time>2025-10-05T12:25:18.000Z</time>
        <extensions>
          <ns3:TrackPointExtension>
            <ns3:hr>147</ns3:hr>
            <ns3:cad>87</ns3:cad>
          </ns3:TrackPointExtension>
        </extensions>
      </trkpt>
      <trkpt lat="31.16187927313148975372314453125" lon="121.19437423534691333770751953125">
        <ele>2.400000095367431640625</ele>
        <time>2025-10-05T12:25:19.000Z</time>
        <extensions>
          <ns3:TrackPointExtension>
            <ns3:hr>148</ns3:hr>
            <ns3:cad>87</ns3:cad>
          </ns3:TrackPointExtension>
        </extensions>
      </trkpt>
      <trkpt lat="31.161874830722808837890625" lon="121.19434573687613010406494140625">
        <ele>2.400000095367431640625</ele>
        <time>2025-10-05T12:25:20.000Z</time>
        <extensions>
          <ns3:TrackPointExtension>
            <ns3:hr>147</ns3:hr>
            <ns3:cad>87</ns3:cad>
          </ns3:TrackPointExtension>
        </extensions>
      </trkpt>
      <trkpt lat="31.16187005303800106048583984375" lon="121.1943149752914905548095703125">
        <ele>2.400000095367431640625</ele>
        <time>2025-10-05T12:25:21.000Z</time>
        <extensions>
          <ns3:TrackPointExtension>
            <ns3:hr>148</ns3:hr>
            <ns3:cad>87</ns3:cad>
          </ns3:TrackPointExtension>
        </extensions>
      </trkpt>
      <trkpt lat="31.16186670027673244476318359375" lon="121.1942814476788043975830078125">
        <ele>2.400000095367431640625</ele>
        <time>2025-10-05T12:25:22.000Z</time>
        <extensions>
          <ns3:TrackPointExtension>
            <ns3:hr>148</ns3:hr>
            <ns3:cad>87</ns3:cad>
          </ns3:TrackPointExtension>
        </extensions>
      </trkpt>
      <trkpt lat="31.1618615873157978057861328125" lon="121.19425244629383087158203125">
        <ele>2.400000095367431640625</ele>
        <time>2025-10-05T12:25:23.000Z</time>
        <extensions>
          <ns3:TrackPointExtension>
            <ns3:hr>148</ns3:hr>
            <ns3:cad>87</ns3:cad>
          </ns3:TrackPointExtension>
        </extensions>
      </trkpt>
      <trkpt lat="31.1618609167635440826416015625" lon="121.19422025978565216064453125">
        <ele>2.400000095367431640625</ele>
        <time>2025-10-05T12:25:24.000Z</time>
        <extensions>
          <ns3:TrackPointExtension>
            <ns3:hr>147</ns3:hr>
            <ns3:cad>87</ns3:cad>
          </ns3:TrackPointExtension>
        </extensions>
      </trkpt>
      <trkpt lat="31.1618589051067829132080078125" lon="121.1941929347813129425048828125">
        <ele>2.400000095367431640625</ele>
        <time>2025-10-05T12:25:25.000Z</time>
        <extensions>
          <ns3:TrackPointExtension>
            <ns3:hr>148</ns3:hr>
            <ns3:cad>87</ns3:cad>
          </ns3:TrackPointExtension>
        </extensions>
      </trkpt>
      <trkpt lat="31.16185798309743404388427734375" lon="121.19416066445410251617431640625">
        <ele>2.400000095367431640625</ele>
        <time>2025-10-05T12:25:26.000Z</time>
        <extensions>
          <ns3:TrackPointExtension>
            <ns3:hr>148</ns3:hr>
            <ns3:cad>88</ns3:cad>
          </ns3:TrackPointExtension>
        </extensions>
      </trkpt>
      <trkpt lat="31.1618562228977680206298828125" lon="121.19413484819233417510986328125">
        <ele>2.400000095367431640625</ele>
        <time>2025-10-05T12:25:27.000Z</time>
        <extensions>
          <ns3:TrackPointExtension>
            <ns3:hr>147</ns3:hr>
            <ns3:cad>87</ns3:cad>
          </ns3:TrackPointExtension>
        </extensions>
      </trkpt>
      <trkpt lat="31.16185647435486316680908203125" lon="121.19410584680736064910888671875">
        <ele>2.400000095367431640625</ele>
        <time>2025-10-05T12:25:28.000Z</time>
        <extensions>
          <ns3:TrackPointExtension>
            <ns3:hr>148</ns3:hr>
            <ns3:cad>87</ns3:cad>
          </ns3:TrackPointExtension>
        </extensions>
      </trkpt>
      <trkpt lat="31.1618525348603725433349609375" lon="121.19408153928816318511962890625">
        <ele>2.400000095367431640625</ele>
        <time>2025-10-05T12:25:29.000Z</time>
        <extensions>
          <ns3:TrackPointExtension>
            <ns3:hr>148</ns3:hr>
            <ns3:cad>87</ns3:cad>
          </ns3:TrackPointExtension>
        </extensions>
      </trkpt>
      <trkpt lat="31.1618493497371673583984375" lon="121.19404935277998447418212890625">
        <ele>2.400000095367431640625</ele>
        <time>2025-10-05T12:25:30.000Z</time>
        <extensions>
          <ns3:TrackPointExtension>
            <ns3:hr>147</ns3:hr>
            <ns3:cad>87</ns3:cad>
          </ns3:TrackPointExtension>
        </extensions>
      </trkpt>
      <trkpt lat="31.16184708662331104278564453125" lon="121.1940219439566135406494140625">
        <ele>2.599999904632568359375</ele>
        <time>2025-10-05T12:25:31.000Z</time>
        <extensions>
          <ns3:TrackPointExtension>
            <ns3:hr>148</ns3:hr>
            <ns3:cad>87</ns3:cad>
          </ns3:TrackPointExtension>
        </extensions>
      </trkpt>
      <trkpt lat="31.1618444882333278656005859375" lon="121.1939927749335765838623046875">
        <ele>2.400000095367431640625</ele>
        <time>2025-10-05T12:25:32.000Z</time>
        <extensions>
          <ns3:TrackPointExtension>
            <ns3:hr>148</ns3:hr>
            <ns3:cad>87</ns3:cad>
          </ns3:TrackPointExtension>
        </extensions>
      </trkpt>
      <trkpt lat="31.1618428118526935577392578125" lon="121.19395899586379528045654296875">
        <ele>2.599999904632568359375</ele>
        <time>2025-10-05T12:25:33.000Z</time>
        <extensions>
          <ns3:TrackPointExtension>
            <ns3:hr>147</ns3:hr>
            <ns3:cad>87</ns3:cad>
          </ns3:TrackPointExtension>
        </extensions>
      </trkpt>
      <trkpt lat="31.16183501668274402618408203125" lon="121.19393418543040752410888671875">
        <ele>2.599999904632568359375</ele>
        <time>2025-10-05T12:25:34.000Z</time>
        <extensions>
          <ns3:TrackPointExtension>
            <ns3:hr>148</ns3:hr>
            <ns3:cad>87</ns3:cad>
          </ns3:TrackPointExtension>
        </extensions>
      </trkpt>
      <trkpt lat="31.1618354357779026031494140625" lon="121.193902082741260528564453125">
        <ele>2.599999904632568359375</ele>
        <time>2025-10-05T12:25:35.000Z</time>
        <extensions>
          <ns3:TrackPointExtension>
            <ns3:hr>148</ns3:hr>
            <ns3:cad>87</ns3:cad>
          </ns3:TrackPointExtension>
        </extensions>
      </trkpt>
      <trkpt lat="31.1618297360837459564208984375" lon="121.1938727460801601409912109375">
        <ele>2.599999904632568359375</ele>
        <time>2025-10-05T12:25:36.000Z</time>
        <extensions>
          <ns3:TrackPointExtension>
            <ns3:hr>147</ns3:hr>
            <ns3:cad>87</ns3:cad>
          </ns3:TrackPointExtension>
        </extensions>
      </trkpt>
      <trkpt lat="31.16182596422731876373291015625" lon="121.19383377023041248321533203125">
        <ele>2.599999904632568359375</ele>
        <time>2025-10-05T12:25:37.000Z</time>
        <extensions>
          <ns3:TrackPointExtension>
            <ns3:hr>147</ns3:hr>
            <ns3:cad>88</ns3:cad>
          </ns3:TrackPointExtension>
        </extensions>
      </trkpt>
      <trkpt lat="31.16181657649576663970947265625" lon="121.19380074553191661834716796875">
        <ele>2.599999904632568359375</ele>
        <time>2025-10-05T12:25:38.000Z</time>
        <extensions>
          <ns3:TrackPointExtension>
            <ns3:hr>147</ns3:hr>
            <ns3:cad>87</ns3:cad>
          </ns3:TrackPointExtension>
        </extensions>
      </trkpt>
      <trkpt lat="31.16179226897656917572021484375" lon="121.193777024745941162109375">
        <ele>2.599999904632568359375</ele>
        <time>2025-10-05T12:25:39.000Z</time>
        <extensions>
          <ns3:TrackPointExtension>
            <ns3:hr>147</ns3:hr>
            <ns3:cad>87</ns3:cad>
          </ns3:TrackPointExtension>
        </extensions>
      </trkpt>
      <trkpt lat="31.16176159121096134185791015625" lon="121.19375933893024921417236328125">
        <ele>2.7999999523162841796875</ele>
        <time>2025-10-05T12:25:40.000Z</time>
        <extensions>
          <ns3:TrackPointExtension>
            <ns3:hr>148</ns3:hr>
            <ns3:cad>87</ns3:cad>
          </ns3:TrackPointExtension>
        </extensions>
      </trkpt>
      <trkpt lat="31.16173057816922664642333984375" lon="121.1937493644654750823974609375">
        <ele>2.599999904632568359375</ele>
        <time>2025-10-05T12:25:41.000Z</time>
        <extensions>
          <ns3:TrackPointExtension>
            <ns3:hr>147</ns3:hr>
            <ns3:cad>87</ns3:cad>
          </ns3:TrackPointExtension>
        </extensions>
      </trkpt>
      <trkpt lat="31.16169512271881103515625" lon="121.193739138543605804443359375">
        <ele>2.599999904632568359375</ele>
        <time>2025-10-05T12:25:42.000Z</time>
        <extensions>
          <ns3:TrackPointExtension>
            <ns3:hr>147</ns3:hr>
            <ns3:cad>87</ns3:cad>
          </ns3:TrackPointExtension>
        </extensions>
      </trkpt>
      <trkpt lat="31.1616604216396808624267578125" lon="121.19374106638133525848388671875">
        <ele>2.599999904632568359375</ele>
        <time>2025-10-05T12:25:43.000Z</time>
        <extensions>
          <ns3:TrackPointExtension>
            <ns3:hr>146</ns3:hr>
            <ns3:cad>87</ns3:cad>
          </ns3:TrackPointExtension>
        </extensions>
      </trkpt>
      <trkpt lat="31.16161943413317203521728515625" lon="121.1937423236668109893798828125">
        <ele>2.599999904632568359375</ele>
        <time>2025-10-05T12:25:44.000Z</time>
        <extensions>
          <ns3:TrackPointExtension>
            <ns3:hr>146</ns3:hr>
            <ns3:cad>87</ns3:cad>
          </ns3:TrackPointExtension>
        </extensions>
      </trkpt>
      <trkpt lat="31.16159177385270595550537109375" lon="121.19375280104577541351318359375">
        <ele>2.599999904632568359375</ele>
        <time>2025-10-05T12:25:45.000Z</time>
        <extensions>
          <ns3:TrackPointExtension>
            <ns3:hr>146</ns3:hr>
            <ns3:cad>87</ns3:cad>
          </ns3:TrackPointExtension>
        </extensions>
      </trkpt>
      <trkpt lat="31.1615618504583835601806640625" lon="121.19376101531088352203369140625">
        <ele>2.599999904632568359375</ele>
        <time>2025-10-05T12:25:46.000Z</time>
        <extensions>
          <ns3:TrackPointExtension>
            <ns3:hr>147</ns3:hr>
            <ns3:cad>87</ns3:cad>
          </ns3:TrackPointExtension>
        </extensions>
      </trkpt>
      <trkpt lat="31.16153712384402751922607421875" lon="121.19377224706113338470458984375">
        <ele>2.599999904632568359375</ele>
        <time>2025-10-05T12:25:47.000Z</time>
        <extensions>
          <ns3:TrackPointExtension>
            <ns3:hr>146</ns3:hr>
            <ns3:cad>88</ns3:cad>
          </ns3:TrackPointExtension>
        </extensions>
      </trkpt>
      <trkpt lat="31.16150611080229282379150390625" lon="121.19376956485211849212646484375">
        <ele>2.599999904632568359375</ele>
        <time>2025-10-05T12:25:48.000Z</time>
        <extensions>
          <ns3:TrackPointExtension>
            <ns3:hr>147</ns3:hr>
            <ns3:cad>88</ns3:cad>
          </ns3:TrackPointExtension>
        </extensions>
      </trkpt>
      <trkpt lat="31.16148666478693485260009765625" lon="121.19377157650887966156005859375">
        <ele>2.599999904632568359375</ele>
        <time>2025-10-05T12:25:49.000Z</time>
        <extensions>
          <ns3:TrackPointExtension>
            <ns3:hr>147</ns3:hr>
            <ns3:cad>89</ns3:cad>
          </ns3:TrackPointExtension>
        </extensions>
      </trkpt>
      <trkpt lat="31.1614592559635639190673828125" lon="121.1937721632421016693115234375">
        <ele>2.7999999523162841796875</ele>
        <time>2025-10-05T12:25:50.000Z</time>
        <extensions>
          <ns3:TrackPointExtension>
            <ns3:hr>147</ns3:hr>
            <ns3:cad>89</ns3:cad>
          </ns3:TrackPointExtension>
        </extensions>
      </trkpt>
      <trkpt lat="31.16143821738660335540771484375" lon="121.193774677813053131103515625">
        <ele>2.7999999523162841796875</ele>
        <time>2025-10-05T12:25:51.000Z</time>
        <extensions>
          <ns3:TrackPointExtension>
            <ns3:hr>148</ns3:hr>
            <ns3:cad>88</ns3:cad>
          </ns3:TrackPointExtension>
        </extensions>
      </trkpt>
      <trkpt lat="31.16141290403902530670166015625" lon="121.19377895258367061614990234375">
        <ele>2.7999999523162841796875</ele>
        <time>2025-10-05T12:25:52.000Z</time>
        <extensions>
          <ns3:TrackPointExtension>
            <ns3:hr>148</ns3:hr>
            <ns3:cad>87</ns3:cad>
          </ns3:TrackPointExtension>
        </extensions>
      </trkpt>
      <trkpt lat="31.16139136254787445068359375" lon="121.19378481991589069366455078125">
        <ele>2.7999999523162841796875</ele>
        <time>2025-10-05T12:25:53.000Z</time>
        <extensions>
          <ns3:TrackPointExtension>
            <ns3:hr>148</ns3:hr>
            <ns3:cad>86</ns3:cad>
          </ns3:TrackPointExtension>
        </extensions>
      </trkpt>
      <trkpt lat="31.16136479191482067108154296875" lon="121.19378951378166675567626953125">
        <ele>2.7999999523162841796875</ele>
        <time>2025-10-05T12:25:54.000Z</time>
        <extensions>
          <ns3:TrackPointExtension>
            <ns3:hr>148</ns3:hr>
            <ns3:cad>86</ns3:cad>
          </ns3:TrackPointExtension>
        </extensions>
      </trkpt>
      <trkpt lat="31.16134040057659149169921875" lon="121.19379085488617420196533203125">
        <ele>2.7999999523162841796875</ele>
        <time>2025-10-05T12:25:55.000Z</time>
        <extensions>
          <ns3:TrackPointExtension>
            <ns3:hr>147</ns3:hr>
            <ns3:cad>86</ns3:cad>
          </ns3:TrackPointExtension>
        </extensions>
      </trkpt>
      <trkpt lat="31.1613167636096477508544921875" lon="121.1937952972948551177978515625">
        <ele>2.7999999523162841796875</ele>
        <time>2025-10-05T12:25:56.000Z</time>
        <extensions>
          <ns3:TrackPointExtension>
            <ns3:hr>147</ns3:hr>
            <ns3:cad>87</ns3:cad>
          </ns3:TrackPointExtension>
        </extensions>
      </trkpt>
      <trkpt lat="31.16128549911081790924072265625" lon="121.1937936209142208099365234375">
        <ele>3</ele>
        <time>2025-10-05T12:25:57.000Z</time>
        <extensions>
          <ns3:TrackPointExtension>
            <ns3:hr>147</ns3:hr>
            <ns3:cad>87</ns3:cad>
          </ns3:TrackPointExtension>
        </extensions>
      </trkpt>
      <trkpt lat="31.16126127541065216064453125" lon="121.1937979795038700103759765625">
        <ele>3</ele>
        <time>2025-10-05T12:25:58.000Z</time>
        <extensions>
          <ns3:TrackPointExtension>
            <ns3:hr>147</ns3:hr>
            <ns3:cad>88</ns3:cad>
          </ns3:TrackPointExtension>
        </extensions>
      </trkpt>
      <trkpt lat="31.16123135201632976531982421875" lon="121.1937983147799968719482421875">
        <ele>3</ele>
        <time>2025-10-05T12:25:59.000Z</time>
        <extensions>
          <ns3:TrackPointExtension>
            <ns3:hr>148</ns3:hr>
            <ns3:cad>87</ns3:cad>
          </ns3:TrackPointExtension>
        </extensions>
      </trkpt>
      <trkpt lat="31.161210648715496063232421875" lon="121.1938043497502803802490234375">
        <ele>3</ele>
        <time>2025-10-05T12:26:00.000Z</time>
        <extensions>
          <ns3:TrackPointExtension>
            <ns3:hr>148</ns3:hr>
            <ns3:cad>87</ns3:cad>
          </ns3:TrackPointExtension>
        </extensions>
      </trkpt>
      <trkpt lat="31.16117519326508045196533203125" lon="121.193802170455455780029296875">
        <ele>3</ele>
        <time>2025-10-05T12:26:01.000Z</time>
        <extensions>
          <ns3:TrackPointExtension>
            <ns3:hr>148</ns3:hr>
            <ns3:cad>87</ns3:cad>
          </ns3:TrackPointExtension>
        </extensions>
      </trkpt>
      <trkpt lat="31.16115055046975612640380859375" lon="121.19380426593124866485595703125">
        <ele>3</ele>
        <time>2025-10-05T12:26:02.000Z</time>
        <extensions>
          <ns3:TrackPointExtension>
            <ns3:hr>148</ns3:hr>
            <ns3:cad>88</ns3:cad>
          </ns3:TrackPointExtension>
        </extensions>
      </trkpt>
      <trkpt lat="31.1611223034560680389404296875" lon="121.1938066966831684112548828125">
        <ele>3</ele>
        <time>2025-10-05T12:26:03.000Z</time>
        <extensions>
          <ns3:TrackPointExtension>
            <ns3:hr>147</ns3:hr>
            <ns3:cad>88</ns3:cad>
          </ns3:TrackPointExtension>
        </extensions>
      </trkpt>
      <trkpt lat="31.161098666489124298095703125" lon="121.19380828924477100372314453125">
        <ele>3</ele>
        <time>2025-10-05T12:26:04.000Z</time>
        <extensions>
          <ns3:TrackPointExtension>
            <ns3:hr>148</ns3:hr>
            <ns3:cad>88</ns3:cad>
          </ns3:TrackPointExtension>
        </extensions>
      </trkpt>
      <trkpt lat="31.161077208817005157470703125" lon="121.1938174255192279815673828125">
        <ele>3</ele>
        <time>2025-10-05T12:26:05.000Z</time>
        <extensions>
          <ns3:TrackPointExtension>
            <ns3:hr>148</ns3:hr>
            <ns3:cad>87</ns3:cad>
          </ns3:TrackPointExtension>
        </extensions>
      </trkpt>
      <trkpt lat="31.1610535718500614166259765625" lon="121.19382220320403575897216796875">
        <ele>3</ele>
        <time>2025-10-05T12:26:06.000Z</time>
        <extensions>
          <ns3:TrackPointExtension>
            <ns3:hr>148</ns3:hr>
            <ns3:cad>87</ns3:cad>
          </ns3:TrackPointExtension>
        </extensions>
      </trkpt>
      <trkpt lat="31.161030270159244537353515625" lon="121.19383159093558788299560546875">
        <ele>3</ele>
        <time>2025-10-05T12:26:07.000Z</time>
        <extensions>
          <ns3:TrackPointExtension>
            <ns3:hr>147</ns3:hr>
            <ns3:cad>87</ns3:cad>
          </ns3:TrackPointExtension>
        </extensions>
      </trkpt>
      <trkpt lat="31.1610012687742710113525390625" lon="121.1938355304300785064697265625">
        <ele>3</ele>
        <time>2025-10-05T12:26:08.000Z</time>
        <extensions>
          <ns3:TrackPointExtension>
            <ns3:hr>148</ns3:hr>
            <ns3:cad>87</ns3:cad>
          </ns3:TrackPointExtension>
        </extensions>
      </trkpt>
      <trkpt lat="31.16098232567310333251953125" lon="121.19384449906647205352783203125">
        <ele>3</ele>
        <time>2025-10-05T12:26:09.000Z</time>
        <extensions>
          <ns3:TrackPointExtension>
            <ns3:hr>148</ns3:hr>
            <ns3:cad>86</ns3:cad>
          </ns3:TrackPointExtension>
        </extensions>
      </trkpt>
      <trkpt lat="31.16095441393554210662841796875" lon="121.19385019876062870025634765625">
        <ele>3</ele>
        <time>2025-10-05T12:26:10.000Z</time>
        <extensions>
          <ns3:TrackPointExtension>
            <ns3:hr>148</ns3:hr>
            <ns3:cad>86</ns3:cad>
          </ns3:TrackPointExtension>
        </extensions>
      </trkpt>
      <trkpt lat="31.16093195043504238128662109375" lon="121.19385707192122936248779296875">
        <ele>2.7999999523162841796875</ele>
        <time>2025-10-05T12:26:11.000Z</time>
        <extensions>
          <ns3:TrackPointExtension>
            <ns3:hr>149</ns3:hr>
            <ns3:cad>87</ns3:cad>
          </ns3:TrackPointExtension>
        </extensions>
      </trkpt>
      <trkpt lat="31.16091451607644557952880859375" lon="121.1938668787479400634765625">
        <ele>2.7999999523162841796875</ele>
        <time>2025-10-05T12:26:12.000Z</time>
        <extensions>
          <ns3:TrackPointExtension>
            <ns3:hr>148</ns3:hr>
            <ns3:cad>87</ns3:cad>
          </ns3:TrackPointExtension>
        </extensions>
      </trkpt>
      <trkpt lat="31.16088668815791606903076171875" lon="121.19387165643274784088134765625">
        <ele>2.7999999523162841796875</ele>
        <time>2025-10-05T12:26:13.000Z</time>
        <extensions>
          <ns3:TrackPointExtension>
            <ns3:hr>148</ns3:hr>
            <ns3:cad>87</ns3:cad>
          </ns3:TrackPointExtension>
        </extensions>
      </trkpt>
      <trkpt lat="31.16085869260132312774658203125" lon="121.19388188235461711883544921875">
        <ele>2.7999999523162841796875</ele>
        <time>2025-10-05T12:26:14.000Z</time>
        <extensions>
          <ns3:TrackPointExtension>
            <ns3:hr>148</ns3:hr>
            <ns3:cad>87</ns3:cad>
          </ns3:TrackPointExtension>
        </extensions>
      </trkpt>
      <trkpt lat="31.1608369834721088409423828125" lon="121.193889677524566650390625">
        <ele>2.7999999523162841796875</ele>
        <time>2025-10-05T12:26:15.000Z</time>
        <extensions>
          <ns3:TrackPointExtension>
            <ns3:hr>149</ns3:hr>
            <ns3:cad>87</ns3:cad>
          </ns3:TrackPointExtension>
        </extensions>
      </trkpt>
      <trkpt lat="31.16081275977194309234619140625" lon="121.1939015798270702362060546875">
        <ele>2.7999999523162841796875</ele>
        <time>2025-10-05T12:26:16.000Z</time>
        <extensions>
          <ns3:TrackPointExtension>
            <ns3:hr>149</ns3:hr>
            <ns3:cad>87</ns3:cad>
          </ns3:TrackPointExtension>
        </extensions>
      </trkpt>
      <trkpt lat="31.1607860215008258819580078125" lon="121.19391809217631816864013671875">
        <ele>2.7999999523162841796875</ele>
        <time>2025-10-05T12:26:17.000Z</time>
        <extensions>
          <ns3:TrackPointExtension>
            <ns3:hr>149</ns3:hr>
            <ns3:cad>87</ns3:cad>
          </ns3:TrackPointExtension>
        </extensions>
      </trkpt>
      <trkpt lat="31.16076146252453327178955078125" lon="121.193932592868804931640625">
        <ele>2.7999999523162841796875</ele>
        <time>2025-10-05T12:26:18.000Z</time>
        <extensions>
          <ns3:TrackPointExtension>
            <ns3:hr>149</ns3:hr>
            <ns3:cad>87</ns3:cad>
          </ns3:TrackPointExtension>
        </extensions>
      </trkpt>
      <trkpt lat="31.160731203854084014892578125" lon="121.1939455009996891021728515625">
        <ele>2.7999999523162841796875</ele>
        <time>2025-10-05T12:26:19.000Z</time>
        <extensions>
          <ns3:TrackPointExtension>
            <ns3:hr>149</ns3:hr>
            <ns3:cad>87</ns3:cad>
          </ns3:TrackPointExtension>
        </extensions>
      </trkpt>
      <trkpt lat="31.16070999763906002044677734375" lon="121.1939585767686367034912109375">
        <ele>3</ele>
        <time>2025-10-05T12:26:20.000Z</time>
        <extensions>
          <ns3:TrackPointExtension>
            <ns3:hr>149</ns3:hr>
            <ns3:cad>87</ns3:cad>
          </ns3:TrackPointExtension>
        </extensions>
      </trkpt>
      <trkpt lat="31.16067831404507160186767578125" lon="121.19397341273725032806396484375">
        <ele>3</ele>
        <time>2025-10-05T12:26:21.000Z</time>
        <extensions>
          <ns3:TrackPointExtension>
            <ns3:hr>149</ns3:hr>
            <ns3:cad>87</ns3:cad>
          </ns3:TrackPointExtension>
        </extensions>
      </trkpt>
      <trkpt lat="31.1606545932590961456298828125" lon="121.193983219563961029052734375">
        <ele>3</ele>
        <time>2025-10-05T12:26:22.000Z</time>
        <extensions>
          <ns3:TrackPointExtension>
            <ns3:hr>149</ns3:hr>
            <ns3:cad>87</ns3:cad>
          </ns3:TrackPointExtension>
        </extensions>
      </trkpt>
      <trkpt lat="31.1606281064450740814208984375" lon="121.19399922899901866912841796875">
        <ele>3</ele>
        <time>2025-10-05T12:26:23.000Z</time>
        <extensions>
          <ns3:TrackPointExtension>
            <ns3:hr>149</ns3:hr>
            <ns3:cad>87</ns3:cad>
          </ns3:TrackPointExtension>
        </extensions>
      </trkpt>
      <trkpt lat="31.16060639731585979461669921875" lon="121.19400995783507823944091796875">
        <ele>3</ele>
        <time>2025-10-05T12:26:24.000Z</time>
        <extensions>
          <ns3:TrackPointExtension>
            <ns3:hr>149</ns3:hr>
            <ns3:cad>87</ns3:cad>
          </ns3:TrackPointExtension>
        </extensions>
      </trkpt>
      <trkpt lat="31.16058527491986751556396484375" lon="121.19402705691754817962646484375">
        <ele>3</ele>
        <time>2025-10-05T12:26:25.000Z</time>
        <extensions>
          <ns3:TrackPointExtension>
            <ns3:hr>149</ns3:hr>
            <ns3:cad>87</ns3:cad>
          </ns3:TrackPointExtension>
        </extensions>
      </trkpt>
      <trkpt lat="31.160558201372623443603515625" lon="121.19404113851487636566162109375">
        <ele>3</ele>
        <time>2025-10-05T12:26:26.000Z</time>
        <extensions>
          <ns3:TrackPointExtension>
            <ns3:hr>149</ns3:hr>
            <ns3:cad>87</ns3:cad>
          </ns3:TrackPointExtension>
        </extensions>
      </trkpt>
      <trkpt lat="31.16053850390017032623291015625" lon="121.19405605830252170562744140625">
        <ele>3</ele>
        <time>2025-10-05T12:26:27.000Z</time>
        <extensions>
          <ns3:TrackPointExtension>
            <ns3:hr>149</ns3:hr>
            <ns3:cad>87</ns3:cad>
          </ns3:TrackPointExtension>
        </extensions>
      </trkpt>
      <trkpt lat="31.16050849668681621551513671875" lon="121.19406963698565959930419921875">
        <ele>3</ele>
        <time>2025-10-05T12:26:28.000Z</time>
        <extensions>
          <ns3:TrackPointExtension>
            <ns3:hr>149</ns3:hr>
            <ns3:cad>87</ns3:cad>
          </ns3:TrackPointExtension>
        </extensions>
      </trkpt>
      <trkpt lat="31.1604867875576019287109375" lon="121.194081790745258331298828125">
        <ele>3</ele>
        <time>2025-10-05T12:26:29.000Z</time>
        <extensions>
          <ns3:TrackPointExtension>
            <ns3:hr>149</ns3:hr>
            <ns3:cad>88</ns3:cad>
          </ns3:TrackPointExtension>
        </extensions>
      </trkpt>
      <trkpt lat="31.1604547686874866485595703125" lon="121.1940943636000156402587890625">
        <ele>3</ele>
        <time>2025-10-05T12:26:30.000Z</time>
        <extensions>
          <ns3:TrackPointExtension>
            <ns3:hr>149</ns3:hr>
            <ns3:cad>87</ns3:cad>
          </ns3:TrackPointExtension>
        </extensions>
      </trkpt>
      <trkpt lat="31.16043322719633579254150390625" lon="121.1941087804734706878662109375">
        <ele>3</ele>
        <time>2025-10-05T12:26:31.000Z</time>
        <extensions>
          <ns3:TrackPointExtension>
            <ns3:hr>149</ns3:hr>
            <ns3:cad>87</ns3:cad>
          </ns3:TrackPointExtension>
        </extensions>
      </trkpt>
      <trkpt lat="31.16040824912488460540771484375" lon="121.19412797503173351287841796875">
        <ele>3</ele>
        <time>2025-10-05T12:26:32.000Z</time>
        <extensions>
          <ns3:TrackPointExtension>
            <ns3:hr>149</ns3:hr>
            <ns3:cad>87</ns3:cad>
          </ns3:TrackPointExtension>
        </extensions>
      </trkpt>
      <trkpt lat="31.16038545034825801849365234375" lon="121.194138787686824798583984375">
        <ele>3.2000000476837158203125</ele>
        <time>2025-10-05T12:26:33.000Z</time>
        <extensions>
          <ns3:TrackPointExtension>
            <ns3:hr>149</ns3:hr>
            <ns3:cad>87</ns3:cad>
          </ns3:TrackPointExtension>
        </extensions>
      </trkpt>
      <trkpt lat="31.16036466322839260101318359375" lon="121.19415362365543842315673828125">
        <ele>3.2000000476837158203125</ele>
        <time>2025-10-05T12:26:34.000Z</time>
        <extensions>
          <ns3:TrackPointExtension>
            <ns3:hr>149</ns3:hr>
            <ns3:cad>88</ns3:cad>
          </ns3:TrackPointExtension>
        </extensions>
      </trkpt>
      <trkpt lat="31.16034069098532199859619140625" lon="121.194160245358943939208984375">
        <ele>3</ele>
        <time>2025-10-05T12:26:35.000Z</time>
        <extensions>
          <ns3:TrackPointExtension>
            <ns3:hr>149</ns3:hr>
            <ns3:cad>87</ns3:cad>
          </ns3:TrackPointExtension>
        </extensions>
      </trkpt>
      <trkpt lat="31.16031956858932971954345703125" lon="121.19417424313724040985107421875">
        <ele>3.2000000476837158203125</ele>
        <time>2025-10-05T12:26:36.000Z</time>
        <extensions>
          <ns3:TrackPointExtension>
            <ns3:hr>149</ns3:hr>
            <ns3:cad>87</ns3:cad>
          </ns3:TrackPointExtension>
        </extensions>
      </trkpt>
      <trkpt lat="31.16029165685176849365234375" lon="121.19418673217296600341796875">
        <ele>3</ele>
        <time>2025-10-05T12:26:37.000Z</time>
        <extensions>
          <ns3:TrackPointExtension>
            <ns3:hr>149</ns3:hr>
            <ns3:cad>87</ns3:cad>
          </ns3:TrackPointExtension>
        </extensions>
      </trkpt>
      <trkpt lat="31.1602737195789813995361328125" lon="121.19420391507446765899658203125">
        <ele>3</ele>
        <time>2025-10-05T12:26:38.000Z</time>
        <extensions>
          <ns3:TrackPointExtension>
            <ns3:hr>149</ns3:hr>
            <ns3:cad>87</ns3:cad>
          </ns3:TrackPointExtension>
        </extensions>
      </trkpt>
      <trkpt lat="31.16024798713624477386474609375" lon="121.19421749375760555267333984375">
        <ele>3</ele>
        <time>2025-10-05T12:26:39.000Z</time>
        <extensions>
          <ns3:TrackPointExtension>
            <ns3:hr>149</ns3:hr>
            <ns3:cad>87</ns3:cad>
          </ns3:TrackPointExtension>
        </extensions>
      </trkpt>
      <trkpt lat="31.1602297984063625335693359375" lon="121.194229982793331146240234375">
        <ele>3</ele>
        <time>2025-10-05T12:26:40.000Z</time>
        <extensions>
          <ns3:TrackPointExtension>
            <ns3:hr>149</ns3:hr>
            <ns3:cad>87</ns3:cad>
          </ns3:TrackPointExtension>
        </extensions>
      </trkpt>
      <trkpt lat="31.1602078378200531005859375" lon="121.1942462436854839324951171875">
        <ele>3</ele>
        <time>2025-10-05T12:26:41.000Z</time>
        <extensions>
          <ns3:TrackPointExtension>
            <ns3:hr>149</ns3:hr>
            <ns3:cad>87</ns3:cad>
          </ns3:TrackPointExtension>
        </extensions>
      </trkpt>
      <trkpt lat="31.16018311120569705963134765625" lon="121.1942569725215435028076171875">
        <ele>3.2000000476837158203125</ele>
        <time>2025-10-05T12:26:42.000Z</time>
        <extensions>
          <ns3:TrackPointExtension>
            <ns3:hr>149</ns3:hr>
            <ns3:cad>86</ns3:cad>
          </ns3:TrackPointExtension>
        </extensions>
      </trkpt>
      <trkpt lat="31.16016089916229248046875" lon="121.19427817873656749725341796875">
        <ele>3.2000000476837158203125</ele>
        <time>2025-10-05T12:26:43.000Z</time>
        <extensions>
          <ns3:TrackPointExtension>
            <ns3:hr>149</ns3:hr>
            <ns3:cad>86</ns3:cad>
          </ns3:TrackPointExtension>
        </extensions>
      </trkpt>
      <trkpt lat="31.160135753452777862548828125" lon="121.19429544545710086822509765625">
        <ele>3.2000000476837158203125</ele>
        <time>2025-10-05T12:26:44.000Z</time>
        <extensions>
          <ns3:TrackPointExtension>
            <ns3:hr>150</ns3:hr>
            <ns3:cad>86</ns3:cad>
          </ns3:TrackPointExtension>
        </extensions>
      </trkpt>
      <trkpt lat="31.16011538542807102203369140625" lon="121.1943169869482517242431640625">
        <ele>3.2000000476837158203125</ele>
        <time>2025-10-05T12:26:45.000Z</time>
        <extensions>
          <ns3:TrackPointExtension>
            <ns3:hr>149</ns3:hr>
            <ns3:cad>86</ns3:cad>
          </ns3:TrackPointExtension>
        </extensions>
      </trkpt>
      <trkpt lat="31.16008755750954151153564453125" lon="121.1943327449262142181396484375">
        <ele>3.2000000476837158203125</ele>
        <time>2025-10-05T12:26:46.000Z</time>
        <extensions>
          <ns3:TrackPointExtension>
            <ns3:hr>149</ns3:hr>
            <ns3:cad>87</ns3:cad>
          </ns3:TrackPointExtension>
        </extensions>
      </trkpt>
      <trkpt lat="31.160065345466136932373046875" lon="121.19434741325676441192626953125">
        <ele>3.2000000476837158203125</ele>
        <time>2025-10-05T12:26:47.000Z</time>
        <extensions>
          <ns3:TrackPointExtension>
            <ns3:hr>150</ns3:hr>
            <ns3:cad>87</ns3:cad>
          </ns3:TrackPointExtension>
        </extensions>
      </trkpt>
      <trkpt lat="31.160039864480495452880859375" lon="121.19436241686344146728515625">
        <ele>3.2000000476837158203125</ele>
        <time>2025-10-05T12:26:48.000Z</time>
        <extensions>
          <ns3:TrackPointExtension>
            <ns3:hr>150</ns3:hr>
            <ns3:cad>88</ns3:cad>
          </ns3:TrackPointExtension>
        </extensions>
      </trkpt>
      <trkpt lat="31.16001614369451999664306640625" lon="121.1943679489195346832275390625">
        <ele>3.2000000476837158203125</ele>
        <time>2025-10-05T12:26:49.000Z</time>
        <extensions>
          <ns3:TrackPointExtension>
            <ns3:hr>150</ns3:hr>
            <ns3:cad>87</ns3:cad>
          </ns3:TrackPointExtension>
        </extensions>
      </trkpt>
      <trkpt lat="31.1599951051175594329833984375" lon="121.19437993504106998443603515625">
        <ele>3.2000000476837158203125</ele>
        <time>2025-10-05T12:26:50.000Z</time>
        <extensions>
          <ns3:TrackPointExtension>
            <ns3:hr>150</ns3:hr>
            <ns3:cad>87</ns3:cad>
          </ns3:TrackPointExtension>
        </extensions>
      </trkpt>
      <trkpt lat="31.1599736474454402923583984375" lon="121.19439502246677875518798828125">
        <ele>3.2000000476837158203125</ele>
        <time>2025-10-05T12:26:51.000Z</time>
        <extensions>
          <ns3:TrackPointExtension>
            <ns3:hr>150</ns3:hr>
            <ns3:cad>87</ns3:cad>
          </ns3:TrackPointExtension>
        </extensions>
      </trkpt>
      <trkpt lat="31.15995596162974834442138671875" lon="121.194414384663105010986328125">
        <ele>3.2000000476837158203125</ele>
        <time>2025-10-05T12:26:52.000Z</time>
        <extensions>
          <ns3:TrackPointExtension>
            <ns3:hr>150</ns3:hr>
            <ns3:cad>86</ns3:cad>
          </ns3:TrackPointExtension>
        </extensions>
      </trkpt>
      <trkpt lat="31.15993182174861431121826171875" lon="121.1944289691746234893798828125">
        <ele>3.2000000476837158203125</ele>
        <time>2025-10-05T12:26:53.000Z</time>
        <extensions>
          <ns3:TrackPointExtension>
            <ns3:hr>150</ns3:hr>
            <ns3:cad>86</ns3:cad>
          </ns3:TrackPointExtension>
        </extensions>
      </trkpt>
      <trkpt lat="31.1599096097052097320556640625" lon="121.1944477446377277374267578125">
        <ele>3.2000000476837158203125</ele>
        <time>2025-10-05T12:26:54.000Z</time>
        <extensions>
          <ns3:TrackPointExtension>
            <ns3:hr>150</ns3:hr>
            <ns3:cad>86</ns3:cad>
          </ns3:TrackPointExtension>
        </extensions>
      </trkpt>
      <trkpt lat="31.1598871462047100067138671875" lon="121.1944624967873096466064453125">
        <ele>3.2000000476837158203125</ele>
        <time>2025-10-05T12:26:55.000Z</time>
        <extensions>
          <ns3:TrackPointExtension>
            <ns3:hr>151</ns3:hr>
            <ns3:cad>86</ns3:cad>
          </ns3:TrackPointExtension>
        </extensions>
      </trkpt>
      <trkpt lat="31.15986459888517856597900390625" lon="121.1944738961756229400634765625">
        <ele>3</ele>
        <time>2025-10-05T12:26:56.000Z</time>
        <extensions>
          <ns3:TrackPointExtension>
            <ns3:hr>151</ns3:hr>
            <ns3:cad>86</ns3:cad>
          </ns3:TrackPointExtension>
        </extensions>
      </trkpt>
      <trkpt lat="31.15983593277633190155029296875" lon="121.1944896541535854339599609375">
        <ele>3</ele>
        <time>2025-10-05T12:26:57.000Z</time>
        <extensions>
          <ns3:TrackPointExtension>
            <ns3:hr>151</ns3:hr>
            <ns3:cad>87</ns3:cad>
          </ns3:TrackPointExtension>
        </extensions>
      </trkpt>
      <trkpt lat="31.15981128998100757598876953125" lon="121.19449879042804241180419921875">
        <ele>3</ele>
        <time>2025-10-05T12:26:58.000Z</time>
        <extensions>
          <ns3:TrackPointExtension>
            <ns3:hr>150</ns3:hr>
            <ns3:cad>87</ns3:cad>
          </ns3:TrackPointExtension>
        </extensions>
      </trkpt>
      <trkpt lat="31.1597868986427783966064453125" lon="121.1945137940347194671630859375">
        <ele>3</ele>
        <time>2025-10-05T12:26:59.000Z</time>
        <extensions>
          <ns3:TrackPointExtension>
            <ns3:hr>151</ns3:hr>
            <ns3:cad>87</ns3:cad>
          </ns3:TrackPointExtension>
        </extensions>
      </trkpt>
      <trkpt lat="31.1597625911235809326171875" lon="121.1945258639752864837646484375">
        <ele>3</ele>
        <time>2025-10-05T12:27:00.000Z</time>
        <extensions>
          <ns3:TrackPointExtension>
            <ns3:hr>151</ns3:hr>
            <ns3:cad>87</ns3:cad>
          </ns3:TrackPointExtension>
        </extensions>
      </trkpt>
      <trkpt lat="31.159741468727588653564453125" lon="121.1945379339158535003662109375">
        <ele>3</ele>
        <time>2025-10-05T12:27:01.000Z</time>
        <extensions>
          <ns3:TrackPointExtension>
            <ns3:hr>150</ns3:hr>
            <ns3:cad>87</ns3:cad>
          </ns3:TrackPointExtension>
        </extensions>
      </trkpt>
      <trkpt lat="31.15971674211323261260986328125" lon="121.19455017149448394775390625">
        <ele>3</ele>
        <time>2025-10-05T12:27:02.000Z</time>
        <extensions>
          <ns3:TrackPointExtension>
            <ns3:hr>150</ns3:hr>
            <ns3:cad>87</ns3:cad>
          </ns3:TrackPointExtension>
        </extensions>
      </trkpt>
      <trkpt lat="31.1596997268497943878173828125" lon="121.1945607326924800872802734375">
        <ele>3</ele>
        <time>2025-10-05T12:27:03.000Z</time>
        <extensions>
          <ns3:TrackPointExtension>
            <ns3:hr>150</ns3:hr>
            <ns3:cad>87</ns3:cad>
          </ns3:TrackPointExtension>
        </extensions>
      </trkpt>
      <trkpt lat="31.15967131219804286956787109375" lon="121.19456802494823932647705078125">
        <ele>3</ele>
        <time>2025-10-05T12:27:04.000Z</time>
        <extensions>
          <ns3:TrackPointExtension>
            <ns3:hr>151</ns3:hr>
            <ns3:cad>87</ns3:cad>
          </ns3:TrackPointExtension>
        </extensions>
      </trkpt>
      <trkpt lat="31.1596517823636531829833984375" lon="121.19457900524139404296875">
        <ele>3</ele>
        <time>2025-10-05T12:27:05.000Z</time>
        <extensions>
          <ns3:TrackPointExtension>
            <ns3:hr>151</ns3:hr>
            <ns3:cad>87</ns3:cad>
          </ns3:TrackPointExtension>
        </extensions>
      </trkpt>
      <trkpt lat="31.159619428217411041259765625" lon="121.194591410458087921142578125">
        <ele>3</ele>
        <time>2025-10-05T12:27:06.000Z</time>
        <extensions>
          <ns3:TrackPointExtension>
            <ns3:hr>150</ns3:hr>
            <ns3:cad>87</ns3:cad>
          </ns3:TrackPointExtension>
        </extensions>
      </trkpt>
      <trkpt lat="31.15960073657333850860595703125" lon="121.19460457004606723785400390625">
        <ele>3</ele>
        <time>2025-10-05T12:27:07.000Z</time>
        <extensions>
          <ns3:TrackPointExtension>
            <ns3:hr>150</ns3:hr>
            <ns3:cad>87</ns3:cad>
          </ns3:TrackPointExtension>
        </extensions>
      </trkpt>
      <trkpt lat="31.15957257337868213653564453125" lon="121.194618232548236846923828125">
        <ele>3</ele>
        <time>2025-10-05T12:27:08.000Z</time>
        <extensions>
          <ns3:TrackPointExtension>
            <ns3:hr>150</ns3:hr>
            <ns3:cad>87</ns3:cad>
          </ns3:TrackPointExtension>
        </extensions>
      </trkpt>
      <trkpt lat="31.15955111570656299591064453125" lon="121.1946274526417255401611328125">
        <ele>3</ele>
        <time>2025-10-05T12:27:09.000Z</time>
        <extensions>
          <ns3:TrackPointExtension>
            <ns3:hr>151</ns3:hr>
            <ns3:cad>87</ns3:cad>
          </ns3:TrackPointExtension>
        </extensions>
      </trkpt>
      <trkpt lat="31.15952831692993640899658203125" lon="121.19463608600199222564697265625">
        <ele>3</ele>
        <time>2025-10-05T12:27:10.000Z</time>
        <extensions>
          <ns3:TrackPointExtension>
            <ns3:hr>150</ns3:hr>
            <ns3:cad>86</ns3:cad>
          </ns3:TrackPointExtension>
        </extensions>
      </trkpt>
      <trkpt lat="31.15950300358235836029052734375" lon="121.194649748504161834716796875">
        <ele>3</ele>
        <time>2025-10-05T12:27:11.000Z</time>
        <extensions>
          <ns3:TrackPointExtension>
            <ns3:hr>150</ns3:hr>
            <ns3:cad>86</ns3:cad>
          </ns3:TrackPointExtension>
        </extensions>
      </trkpt>
      <trkpt lat="31.15948070771992206573486328125" lon="121.1946646682918071746826171875">
        <ele>3</ele>
        <time>2025-10-05T12:27:12.000Z</time>
        <extensions>
          <ns3:TrackPointExtension>
            <ns3:hr>151</ns3:hr>
            <ns3:cad>87</ns3:cad>
          </ns3:TrackPointExtension>
        </extensions>
      </trkpt>
      <trkpt lat="31.1594529636204242706298828125" lon="121.19467087090015411376953125">
        <ele>3</ele>
        <time>2025-10-05T12:27:13.000Z</time>
        <extensions>
          <ns3:TrackPointExtension>
            <ns3:hr>150</ns3:hr>
            <ns3:cad>87</ns3:cad>
          </ns3:TrackPointExtension>
        </extensions>
      </trkpt>
      <trkpt lat="31.15942924283444881439208984375" lon="121.19468101300299167633056640625">
        <ele>3</ele>
        <time>2025-10-05T12:27:14.000Z</time>
        <extensions>
          <ns3:TrackPointExtension>
            <ns3:hr>151</ns3:hr>
            <ns3:cad>87</ns3:cad>
          </ns3:TrackPointExtension>
        </extensions>
      </trkpt>
      <trkpt lat="31.159397475421428680419921875" lon="121.19469190947711467742919921875">
        <ele>3</ele>
        <time>2025-10-05T12:27:15.000Z</time>
        <extensions>
          <ns3:TrackPointExtension>
            <ns3:hr>151</ns3:hr>
            <ns3:cad>87</ns3:cad>
          </ns3:TrackPointExtension>
        </extensions>
      </trkpt>
      <trkpt lat="31.15937476046383380889892578125" lon="121.1946961842477321624755859375">
        <ele>3</ele>
        <time>2025-10-05T12:27:16.000Z</time>
        <extensions>
          <ns3:TrackPointExtension>
            <ns3:hr>151</ns3:hr>
            <ns3:cad>86</ns3:cad>
          </ns3:TrackPointExtension>
        </extensions>
      </trkpt>
      <trkpt lat="31.159347184002399444580078125" lon="121.19470297358930110931396484375">
        <ele>3</ele>
        <time>2025-10-05T12:27:17.000Z</time>
        <extensions>
          <ns3:TrackPointExtension>
            <ns3:hr>150</ns3:hr>
            <ns3:cad>86</ns3:cad>
          </ns3:TrackPointExtension>
        </extensions>
      </trkpt>
      <trkpt lat="31.15932027809321880340576171875" lon="121.19471135549247264862060546875">
        <ele>3</ele>
        <time>2025-10-05T12:27:18.000Z</time>
        <extensions>
          <ns3:TrackPointExtension>
            <ns3:hr>151</ns3:hr>
            <ns3:cad>86</ns3:cad>
          </ns3:TrackPointExtension>
        </extensions>
      </trkpt>
      <trkpt lat="31.1592985689640045166015625" lon="121.194722168147563934326171875">
        <ele>3</ele>
        <time>2025-10-05T12:27:19.000Z</time>
        <extensions>
          <ns3:TrackPointExtension>
            <ns3:hr>151</ns3:hr>
            <ns3:cad>87</ns3:cad>
          </ns3:TrackPointExtension>
        </extensions>
      </trkpt>
      <trkpt lat="31.15926898084580898284912109375" lon="121.19472811929881572723388671875">
        <ele>3</ele>
        <time>2025-10-05T12:27:20.000Z</time>
        <extensions>
          <ns3:TrackPointExtension>
            <ns3:hr>150</ns3:hr>
            <ns3:cad>87</ns3:cad>
          </ns3:TrackPointExtension>
        </extensions>
      </trkpt>
      <trkpt lat="31.15924685262143611907958984375" lon="121.1947360821068286895751953125">
        <ele>3</ele>
        <time>2025-10-05T12:27:21.000Z</time>
        <extensions>
          <ns3:TrackPointExtension>
            <ns3:hr>151</ns3:hr>
            <ns3:cad>86</ns3:cad>
          </ns3:TrackPointExtension>
        </extensions>
      </trkpt>
      <trkpt lat="31.15921500138938426971435546875" lon="121.19474387727677822113037109375">
        <ele>3</ele>
        <time>2025-10-05T12:27:22.000Z</time>
        <extensions>
          <ns3:TrackPointExtension>
            <ns3:hr>151</ns3:hr>
            <ns3:cad>86</ns3:cad>
          </ns3:TrackPointExtension>
        </extensions>
      </trkpt>
      <trkpt lat="31.15919454954564571380615234375" lon="121.19475326500833034515380859375">
        <ele>3</ele>
        <time>2025-10-05T12:27:23.000Z</time>
        <extensions>
          <ns3:TrackPointExtension>
            <ns3:hr>150</ns3:hr>
            <ns3:cad>86</ns3:cad>
          </ns3:TrackPointExtension>
        </extensions>
      </trkpt>
      <trkpt lat="31.15916739217936992645263671875" lon="121.19475762359797954559326171875">
        <ele>3</ele>
        <time>2025-10-05T12:27:24.000Z</time>
        <extensions>
          <ns3:TrackPointExtension>
            <ns3:hr>151</ns3:hr>
            <ns3:cad>86</ns3:cad>
          </ns3:TrackPointExtension>
        </extensions>
      </trkpt>
      <trkpt lat="31.1591448448598384857177734375" lon="121.19476416148245334625244140625">
        <ele>3</ele>
        <time>2025-10-05T12:27:25.000Z</time>
        <extensions>
          <ns3:TrackPointExtension>
            <ns3:hr>151</ns3:hr>
            <ns3:cad>86</ns3:cad>
          </ns3:TrackPointExtension>
        </extensions>
      </trkpt>
      <trkpt lat="31.15911961533129215240478515625" lon="121.19476583786308765411376953125">
        <ele>2.7999999523162841796875</ele>
        <time>2025-10-05T12:27:26.000Z</time>
        <extensions>
          <ns3:TrackPointExtension>
            <ns3:hr>150</ns3:hr>
            <ns3:cad>86</ns3:cad>
          </ns3:TrackPointExtension>
        </extensions>
      </trkpt>
      <trkpt lat="31.159093379974365234375" lon="121.19477220810949802398681640625">
        <ele>2.7999999523162841796875</ele>
        <time>2025-10-05T12:27:27.000Z</time>
        <extensions>
          <ns3:TrackPointExtension>
            <ns3:hr>151</ns3:hr>
            <ns3:cad>87</ns3:cad>
          </ns3:TrackPointExtension>
        </extensions>
      </trkpt>
      <trkpt lat="31.15906915627419948577880859375" lon="121.1947769857943058013916015625">
        <ele>3</ele>
        <time>2025-10-05T12:27:28.000Z</time>
        <extensions>
          <ns3:TrackPointExtension>
            <ns3:hr>151</ns3:hr>
            <ns3:cad>87</ns3:cad>
          </ns3:TrackPointExtension>
        </extensions>
      </trkpt>
      <trkpt lat="31.1590385623276233673095703125" lon="121.1947820149362087249755859375">
        <ele>3</ele>
        <time>2025-10-05T12:27:29.000Z</time>
        <extensions>
          <ns3:TrackPointExtension>
            <ns3:hr>150</ns3:hr>
            <ns3:cad>87</ns3:cad>
          </ns3:TrackPointExtension>
        </extensions>
      </trkpt>
      <trkpt lat="31.15901702083647251129150390625" lon="121.19478880427777767181396484375">
        <ele>3</ele>
        <time>2025-10-05T12:27:30.000Z</time>
        <extensions>
          <ns3:TrackPointExtension>
            <ns3:hr>151</ns3:hr>
            <ns3:cad>87</ns3:cad>
          </ns3:TrackPointExtension>
        </extensions>
      </trkpt>
      <trkpt lat="31.15898718126118183135986328125" lon="121.19478754699230194091796875">
        <ele>3</ele>
        <time>2025-10-05T12:27:31.000Z</time>
        <extensions>
          <ns3:TrackPointExtension>
            <ns3:hr>151</ns3:hr>
            <ns3:cad>87</ns3:cad>
          </ns3:TrackPointExtension>
        </extensions>
      </trkpt>
      <trkpt lat="31.1589678190648555755615234375" lon="121.19478997774422168731689453125">
        <ele>3</ele>
        <time>2025-10-05T12:27:32.000Z</time>
        <extensions>
          <ns3:TrackPointExtension>
            <ns3:hr>150</ns3:hr>
            <ns3:cad>87</ns3:cad>
          </ns3:TrackPointExtension>
        </extensions>
      </trkpt>
      <trkpt lat="31.158938817679882049560546875" lon="121.1947927437722682952880859375">
        <ele>3</ele>
        <time>2025-10-05T12:27:33.000Z</time>
        <extensions>
          <ns3:TrackPointExtension>
            <ns3:hr>151</ns3:hr>
            <ns3:cad>87</ns3:cad>
          </ns3:TrackPointExtension>
        </extensions>
      </trkpt>
      <trkpt lat="31.15891962312161922454833984375" lon="121.19479752145707607269287109375">
        <ele>3</ele>
        <time>2025-10-05T12:27:34.000Z</time>
        <extensions>
          <ns3:TrackPointExtension>
            <ns3:hr>151</ns3:hr>
            <ns3:cad>87</ns3:cad>
          </ns3:TrackPointExtension>
        </extensions>
      </trkpt>
      <trkpt lat="31.1588930524885654449462890625" lon="121.19479802437126636505126953125">
        <ele>3</ele>
        <time>2025-10-05T12:27:35.000Z</time>
        <extensions>
          <ns3:TrackPointExtension>
            <ns3:hr>150</ns3:hr>
            <ns3:cad>87</ns3:cad>
          </ns3:TrackPointExtension>
        </extensions>
      </trkpt>
      <trkpt lat="31.15887000225484371185302734375" lon="121.19480095803737640380859375">
        <ele>3</ele>
        <time>2025-10-05T12:27:36.000Z</time>
        <extensions>
          <ns3:TrackPointExtension>
            <ns3:hr>151</ns3:hr>
            <ns3:cad>87</ns3:cad>
          </ns3:TrackPointExtension>
        </extensions>
      </trkpt>
      <trkpt lat="31.1588464491069316864013671875" lon="121.19480724446475505828857421875">
        <ele>3</ele>
        <time>2025-10-05T12:27:37.000Z</time>
        <extensions>
          <ns3:TrackPointExtension>
            <ns3:hr>151</ns3:hr>
            <ns3:cad>87</ns3:cad>
          </ns3:TrackPointExtension>
        </extensions>
      </trkpt>
      <trkpt lat="31.15881904028356075286865234375" lon="121.19481076486408710479736328125">
        <ele>3</ele>
        <time>2025-10-05T12:27:38.000Z</time>
        <extensions>
          <ns3:TrackPointExtension>
            <ns3:hr>150</ns3:hr>
            <ns3:cad>87</ns3:cad>
          </ns3:TrackPointExtension>
        </extensions>
      </trkpt>
      <trkpt lat="31.15879422985017299652099609375" lon="121.19481663219630718231201171875">
        <ele>3</ele>
        <time>2025-10-05T12:27:39.000Z</time>
        <extensions>
          <ns3:TrackPointExtension>
            <ns3:hr>151</ns3:hr>
            <ns3:cad>87</ns3:cad>
          </ns3:TrackPointExtension>
        </extensions>
      </trkpt>
      <trkpt lat="31.1587609536945819854736328125" lon="121.19481545872986316680908203125">
        <ele>3</ele>
        <time>2025-10-05T12:27:40.000Z</time>
        <extensions>
          <ns3:TrackPointExtension>
            <ns3:hr>151</ns3:hr>
            <ns3:cad>87</ns3:cad>
          </ns3:TrackPointExtension>
        </extensions>
      </trkpt>
      <trkpt lat="31.15873957984149456024169921875" lon="121.19481730274856090545654296875">
        <ele>3</ele>
        <time>2025-10-05T12:27:41.000Z</time>
        <extensions>
          <ns3:TrackPointExtension>
            <ns3:hr>150</ns3:hr>
            <ns3:cad>87</ns3:cad>
          </ns3:TrackPointExtension>
        </extensions>
      </trkpt>
      <trkpt lat="31.158707141876220703125" lon="121.19481705129146575927734375">
        <ele>3</ele>
        <time>2025-10-05T12:27:42.000Z</time>
        <extensions>
          <ns3:TrackPointExtension>
            <ns3:hr>150</ns3:hr>
            <ns3:cad>87</ns3:cad>
          </ns3:TrackPointExtension>
        </extensions>
      </trkpt>
      <trkpt lat="31.15868442691862583160400390625" lon="121.19482317008078098297119140625">
        <ele>3</ele>
        <time>2025-10-05T12:27:43.000Z</time>
        <extensions>
          <ns3:TrackPointExtension>
            <ns3:hr>150</ns3:hr>
            <ns3:cad>87</ns3:cad>
          </ns3:TrackPointExtension>
        </extensions>
      </trkpt>
      <trkpt lat="31.15865559317171573638916015625" lon="121.1948306299746036529541015625">
        <ele>3</ele>
        <time>2025-10-05T12:27:44.000Z</time>
        <extensions>
          <ns3:TrackPointExtension>
            <ns3:hr>150</ns3:hr>
            <ns3:cad>88</ns3:cad>
          </ns3:TrackPointExtension>
        </extensions>
      </trkpt>
      <trkpt lat="31.158630363643169403076171875" lon="121.19482937268912792205810546875">
        <ele>3</ele>
        <time>2025-10-05T12:27:45.000Z</time>
        <extensions>
          <ns3:TrackPointExtension>
            <ns3:hr>151</ns3:hr>
            <ns3:cad>88</ns3:cad>
          </ns3:TrackPointExtension>
        </extensions>
      </trkpt>
      <trkpt lat="31.15860320627689361572265625" lon="121.1948306299746036529541015625">
        <ele>3</ele>
        <time>2025-10-05T12:27:46.000Z</time>
        <extensions>
          <ns3:TrackPointExtension>
            <ns3:hr>150</ns3:hr>
            <ns3:cad>87</ns3:cad>
          </ns3:TrackPointExtension>
        </extensions>
      </trkpt>
      <trkpt lat="31.15857370197772979736328125" lon="121.19482937268912792205810546875">
        <ele>3</ele>
        <time>2025-10-05T12:27:47.000Z</time>
        <extensions>
          <ns3:TrackPointExtension>
            <ns3:hr>150</ns3:hr>
            <ns3:cad>87</ns3:cad>
          </ns3:TrackPointExtension>
        </extensions>
      </trkpt>
      <trkpt lat="31.15855333395302295684814453125" lon="121.19482937268912792205810546875">
        <ele>3</ele>
        <time>2025-10-05T12:27:48.000Z</time>
        <extensions>
          <ns3:TrackPointExtension>
            <ns3:hr>150</ns3:hr>
            <ns3:cad>86</ns3:cad>
          </ns3:TrackPointExtension>
        </extensions>
      </trkpt>
      <trkpt lat="31.1585252545773983001708984375" lon="121.19483071379363536834716796875">
        <ele>3</ele>
        <time>2025-10-05T12:27:49.000Z</time>
        <extensions>
          <ns3:TrackPointExtension>
            <ns3:hr>151</ns3:hr>
            <ns3:cad>86</ns3:cad>
          </ns3:TrackPointExtension>
        </extensions>
      </trkpt>
      <trkpt lat="31.15850388072431087493896484375" lon="121.19482920505106449127197265625">
        <ele>3</ele>
        <time>2025-10-05T12:27:50.000Z</time>
        <extensions>
          <ns3:TrackPointExtension>
            <ns3:hr>150</ns3:hr>
            <ns3:cad>87</ns3:cad>
          </ns3:TrackPointExtension>
        </extensions>
      </trkpt>
      <trkpt lat="31.15847890265285968780517578125" lon="121.19482702575623989105224609375">
        <ele>3</ele>
        <time>2025-10-05T12:27:51.000Z</time>
        <extensions>
          <ns3:TrackPointExtension>
            <ns3:hr>150</ns3:hr>
            <ns3:cad>87</ns3:cad>
          </ns3:TrackPointExtension>
        </extensions>
      </trkpt>
      <trkpt lat="31.15845425985753536224365234375" lon="121.19482451118528842926025390625">
        <ele>3</ele>
        <time>2025-10-05T12:27:52.000Z</time>
        <extensions>
          <ns3:TrackPointExtension>
            <ns3:hr>150</ns3:hr>
            <ns3:cad>86</ns3:cad>
          </ns3:TrackPointExtension>
        </extensions>
      </trkpt>
      <trkpt lat="31.15843045525252819061279296875" lon="121.19482920505106449127197265625">
        <ele>3</ele>
        <time>2025-10-05T12:27:53.000Z</time>
        <extensions>
          <ns3:TrackPointExtension>
            <ns3:hr>150</ns3:hr>
            <ns3:cad>86</ns3:cad>
          </ns3:TrackPointExtension>
        </extensions>
      </trkpt>
      <trkpt lat="31.15839893929660320281982421875" lon="121.1948309652507305145263671875">
        <ele>3</ele>
        <time>2025-10-05T12:27:54.000Z</time>
        <extensions>
          <ns3:TrackPointExtension>
            <ns3:hr>150</ns3:hr>
            <ns3:cad>86</ns3:cad>
          </ns3:TrackPointExtension>
        </extensions>
      </trkpt>
      <trkpt lat="31.15837597288191318511962890625" lon="121.1948376707732677459716796875">
        <ele>3</ele>
        <time>2025-10-05T12:27:55.000Z</time>
        <extensions>
          <ns3:TrackPointExtension>
            <ns3:hr>150</ns3:hr>
            <ns3:cad>86</ns3:cad>
          </ns3:TrackPointExtension>
        </extensions>
      </trkpt>
      <trkpt lat="31.1583410203456878662109375" lon="121.1948450468480587005615234375">
        <ele>3</ele>
        <time>2025-10-05T12:27:56.000Z</time>
        <extensions>
          <ns3:TrackPointExtension>
            <ns3:hr>150</ns3:hr>
            <ns3:cad>85</ns3:cad>
          </ns3:TrackPointExtension>
        </extensions>
      </trkpt>
      <trkpt lat="31.15831696428358554840087890625" lon="121.19485418312251567840576171875">
        <ele>3</ele>
        <time>2025-10-05T12:27:57.000Z</time>
        <extensions>
          <ns3:TrackPointExtension>
            <ns3:hr>150</ns3:hr>
            <ns3:cad>85</ns3:cad>
          </ns3:TrackPointExtension>
        </extensions>
      </trkpt>
      <trkpt lat="31.158287040889263153076171875" lon="121.19487044401466846466064453125">
        <ele>3</ele>
        <time>2025-10-05T12:27:58.000Z</time>
        <extensions>
          <ns3:TrackPointExtension>
            <ns3:hr>150</ns3:hr>
            <ns3:cad>86</ns3:cad>
          </ns3:TrackPointExtension>
        </extensions>
      </trkpt>
      <trkpt lat="31.15826583467423915863037109375" lon="121.19488972239196300506591796875">
        <ele>2.7999999523162841796875</ele>
        <time>2025-10-05T12:27:59.000Z</time>
        <extensions>
          <ns3:TrackPointExtension>
            <ns3:hr>150</ns3:hr>
            <ns3:cad>86</ns3:cad>
          </ns3:TrackPointExtension>
        </extensions>
      </trkpt>
      <trkpt lat="31.1582389287650585174560546875" lon="121.1948960088193416595458984375">
        <ele>2.7999999523162841796875</ele>
        <time>2025-10-05T12:28:00.000Z</time>
        <extensions>
          <ns3:TrackPointExtension>
            <ns3:hr>150</ns3:hr>
            <ns3:cad>87</ns3:cad>
          </ns3:TrackPointExtension>
        </extensions>
      </trkpt>
      <trkpt lat="31.158212609589099884033203125" lon="121.194903217256069183349609375">
        <ele>2.7999999523162841796875</ele>
        <time>2025-10-05T12:28:01.000Z</time>
        <extensions>
          <ns3:TrackPointExtension>
            <ns3:hr>150</ns3:hr>
            <ns3:cad>88</ns3:cad>
          </ns3:TrackPointExtension>
        </extensions>
      </trkpt>
      <trkpt lat="31.1581866256892681121826171875" lon="121.1949090845882892608642578125">
        <ele>2.7999999523162841796875</ele>
        <time>2025-10-05T12:28:02.000Z</time>
        <extensions>
          <ns3:TrackPointExtension>
            <ns3:hr>150</ns3:hr>
            <ns3:cad>87</ns3:cad>
          </ns3:TrackPointExtension>
        </extensions>
      </trkpt>
      <trkpt lat="31.15815787576138973236083984375" lon="121.1949137784540653228759765625">
        <ele>2.599999904632568359375</ele>
        <time>2025-10-05T12:28:03.000Z</time>
        <extensions>
          <ns3:TrackPointExtension>
            <ns3:hr>150</ns3:hr>
            <ns3:cad>87</ns3:cad>
          </ns3:TrackPointExtension>
        </extensions>
      </trkpt>
      <trkpt lat="31.15813122130930423736572265625" lon="121.1949188075959682464599609375">
        <ele>2.599999904632568359375</ele>
        <time>2025-10-05T12:28:04.000Z</time>
        <extensions>
          <ns3:TrackPointExtension>
            <ns3:hr>151</ns3:hr>
            <ns3:cad>87</ns3:cad>
          </ns3:TrackPointExtension>
        </extensions>
      </trkpt>
      <trkpt lat="31.158098615705966949462890625" lon="121.19492274709045886993408203125">
        <ele>2.7999999523162841796875</ele>
        <time>2025-10-05T12:28:05.000Z</time>
        <extensions>
          <ns3:TrackPointExtension>
            <ns3:hr>150</ns3:hr>
            <ns3:cad>87</ns3:cad>
          </ns3:TrackPointExtension>
        </extensions>
      </trkpt>
      <trkpt lat="31.158075146377086639404296875" lon="121.194926686584949493408203125">
        <ele>2.599999904632568359375</ele>
        <time>2025-10-05T12:28:06.000Z</time>
        <extensions>
          <ns3:TrackPointExtension>
            <ns3:hr>150</ns3:hr>
            <ns3:cad>87</ns3:cad>
          </ns3:TrackPointExtension>
        </extensions>
      </trkpt>
      <trkpt lat="31.15804488770663738250732421875" lon="121.1949322186410427093505859375">
        <ele>2.599999904632568359375</ele>
        <time>2025-10-05T12:28:07.000Z</time>
        <extensions>
          <ns3:TrackPointExtension>
            <ns3:hr>150</ns3:hr>
            <ns3:cad>87</ns3:cad>
          </ns3:TrackPointExtension>
        </extensions>
      </trkpt>
      <trkpt lat="31.15801982581615447998046875" lon="121.194936744868755340576171875">
        <ele>2.599999904632568359375</ele>
        <time>2025-10-05T12:28:08.000Z</time>
        <extensions>
          <ns3:TrackPointExtension>
            <ns3:hr>151</ns3:hr>
            <ns3:cad>87</ns3:cad>
          </ns3:TrackPointExtension>
        </extensions>
      </trkpt>
      <trkpt lat="31.15799224935472011566162109375" lon="121.19494353421032428741455078125">
        <ele>2.599999904632568359375</ele>
        <time>2025-10-05T12:28:09.000Z</time>
        <extensions>
          <ns3:TrackPointExtension>
            <ns3:hr>150</ns3:hr>
            <ns3:cad>87</ns3:cad>
          </ns3:TrackPointExtension>
        </extensions>
      </trkpt>
      <trkpt lat="31.15796484053134918212890625" lon="121.19494915008544921875">
        <ele>2.599999904632568359375</ele>
        <time>2025-10-05T12:28:10.000Z</time>
        <extensions>
          <ns3:TrackPointExtension>
            <ns3:hr>150</ns3:hr>
            <ns3:cad>87</ns3:cad>
          </ns3:TrackPointExtension>
        </extensions>
      </trkpt>
      <trkpt lat="31.15793994627892971038818359375" lon="121.1949593760073184967041015625">
        <ele>2.7999999523162841796875</ele>
        <time>2025-10-05T12:28:11.000Z</time>
        <extensions>
          <ns3:TrackPointExtension>
            <ns3:hr>151</ns3:hr>
            <ns3:cad>86</ns3:cad>
          </ns3:TrackPointExtension>
        </extensions>
      </trkpt>
      <trkpt lat="31.15791027434170246124267578125" lon="121.19496499188244342803955078125">
        <ele>2.7999999523162841796875</ele>
        <time>2025-10-05T12:28:12.000Z</time>
        <extensions>
          <ns3:TrackPointExtension>
            <ns3:hr>151</ns3:hr>
            <ns3:cad>86</ns3:cad>
          </ns3:TrackPointExtension>
        </extensions>
      </trkpt>
      <trkpt lat="31.15788571536540985107421875" lon="121.19496951811015605926513671875">
        <ele>2.7999999523162841796875</ele>
        <time>2025-10-05T12:28:13.000Z</time>
        <extensions>
          <ns3:TrackPointExtension>
            <ns3:hr>151</ns3:hr>
            <ns3:cad>86</ns3:cad>
          </ns3:TrackPointExtension>
        </extensions>
      </trkpt>
      <trkpt lat="31.1578547023236751556396484375" lon="121.19497437961399555206298828125">
        <ele>2.7999999523162841796875</ele>
        <time>2025-10-05T12:28:14.000Z</time>
        <extensions>
          <ns3:TrackPointExtension>
            <ns3:hr>150</ns3:hr>
            <ns3:cad>86</ns3:cad>
          </ns3:TrackPointExtension>
        </extensions>
      </trkpt>
      <trkpt lat="31.1578312329947948455810546875" lon="121.19498468935489654541015625">
        <ele>2.7999999523162841796875</ele>
        <time>2025-10-05T12:28:15.000Z</time>
        <extensions>
          <ns3:TrackPointExtension>
            <ns3:hr>151</ns3:hr>
            <ns3:cad>86</ns3:cad>
          </ns3:TrackPointExtension>
        </extensions>
      </trkpt>
      <trkpt lat="31.157800890505313873291015625" lon="121.194995082914829254150390625">
        <ele>2.7999999523162841796875</ele>
        <time>2025-10-05T12:28:16.000Z</time>
        <extensions>
          <ns3:TrackPointExtension>
            <ns3:hr>151</ns3:hr>
            <ns3:cad>86</ns3:cad>
          </ns3:TrackPointExtension>
        </extensions>
      </trkpt>
      <trkpt lat="31.15777532570064067840576171875" lon="121.1950036324560642242431640625">
        <ele>2.599999904632568359375</ele>
        <time>2025-10-05T12:28:17.000Z</time>
        <extensions>
          <ns3:TrackPointExtension>
            <ns3:hr>150</ns3:hr>
            <ns3:cad>86</ns3:cad>
          </ns3:TrackPointExtension>
        </extensions>
      </trkpt>
      <trkpt lat="31.1577427200973033905029296875" lon="121.1950086615979671478271484375">
        <ele>2.599999904632568359375</ele>
        <time>2025-10-05T12:28:18.000Z</time>
        <extensions>
          <ns3:TrackPointExtension>
            <ns3:hr>151</ns3:hr>
            <ns3:cad>86</ns3:cad>
          </ns3:TrackPointExtension>
        </extensions>
      </trkpt>
      <trkpt lat="31.15771799348294734954833984375" lon="121.19501830078661441802978515625">
        <ele>2.7999999523162841796875</ele>
        <time>2025-10-05T12:28:19.000Z</time>
        <extensions>
          <ns3:TrackPointExtension>
            <ns3:hr>151</ns3:hr>
            <ns3:cad>87</ns3:cad>
          </ns3:TrackPointExtension>
        </extensions>
      </trkpt>
      <trkpt lat="31.1576865613460540771484375" lon="121.19502265937626361846923828125">
        <ele>2.7999999523162841796875</ele>
        <time>2025-10-05T12:28:20.000Z</time>
        <extensions>
          <ns3:TrackPointExtension>
            <ns3:hr>151</ns3:hr>
            <ns3:cad>87</ns3:cad>
          </ns3:TrackPointExtension>
        </extensions>
      </trkpt>
      <trkpt lat="31.15765772759914398193359375" lon="121.195029281079769134521484375">
        <ele>2.7999999523162841796875</ele>
        <time>2025-10-05T12:28:21.000Z</time>
        <extensions>
          <ns3:TrackPointExtension>
            <ns3:hr>151</ns3:hr>
            <ns3:cad>87</ns3:cad>
          </ns3:TrackPointExtension>
        </extensions>
      </trkpt>
      <trkpt lat="31.157631240785121917724609375" lon="121.19504059664905071258544921875">
        <ele>2.7999999523162841796875</ele>
        <time>2025-10-05T12:28:22.000Z</time>
        <extensions>
          <ns3:TrackPointExtension>
            <ns3:hr>151</ns3:hr>
            <ns3:cad>88</ns3:cad>
          </ns3:TrackPointExtension>
        </extensions>
      </trkpt>
      <trkpt lat="31.15760131739079952239990234375" lon="121.1950492300093173980712890625">
        <ele>2.7999999523162841796875</ele>
        <time>2025-10-05T12:28:23.000Z</time>
        <extensions>
          <ns3:TrackPointExtension>
            <ns3:hr>151</ns3:hr>
            <ns3:cad>88</ns3:cad>
          </ns3:TrackPointExtension>
        </extensions>
      </trkpt>
      <trkpt lat="31.15757667459547519683837890625" lon="121.195062138140201568603515625">
        <ele>2.7999999523162841796875</ele>
        <time>2025-10-05T12:28:24.000Z</time>
        <extensions>
          <ns3:TrackPointExtension>
            <ns3:hr>151</ns3:hr>
            <ns3:cad>88</ns3:cad>
          </ns3:TrackPointExtension>
        </extensions>
      </trkpt>
      <trkpt lat="31.15754532627761363983154296875" lon="121.19507077150046825408935546875">
        <ele>2.7999999523162841796875</ele>
        <time>2025-10-05T12:28:25.000Z</time>
        <extensions>
          <ns3:TrackPointExtension>
            <ns3:hr>151</ns3:hr>
            <ns3:cad>87</ns3:cad>
          </ns3:TrackPointExtension>
        </extensions>
      </trkpt>
      <trkpt lat="31.1575244553387165069580078125" lon="121.1950846016407012939453125">
        <ele>2.7999999523162841796875</ele>
        <time>2025-10-05T12:28:26.000Z</time>
        <extensions>
          <ns3:TrackPointExtension>
            <ns3:hr>151</ns3:hr>
            <ns3:cad>87</ns3:cad>
          </ns3:TrackPointExtension>
        </extensions>
      </trkpt>
      <trkpt lat="31.157495118677616119384765625" lon="121.19509440846741199493408203125">
        <ele>2.7999999523162841796875</ele>
        <time>2025-10-05T12:28:27.000Z</time>
        <extensions>
          <ns3:TrackPointExtension>
            <ns3:hr>151</ns3:hr>
            <ns3:cad>87</ns3:cad>
          </ns3:TrackPointExtension>
        </extensions>
      </trkpt>
      <trkpt lat="31.15747131407260894775390625" lon="121.19510480202734470367431640625">
        <ele>3</ele>
        <time>2025-10-05T12:28:28.000Z</time>
        <extensions>
          <ns3:TrackPointExtension>
            <ns3:hr>151</ns3:hr>
            <ns3:cad>87</ns3:cad>
          </ns3:TrackPointExtension>
        </extensions>
      </trkpt>
      <trkpt lat="31.157444827258586883544921875" lon="121.1951194703578948974609375">
        <ele>3</ele>
        <time>2025-10-05T12:28:29.000Z</time>
        <extensions>
          <ns3:TrackPointExtension>
            <ns3:hr>151</ns3:hr>
            <ns3:cad>86</ns3:cad>
          </ns3:TrackPointExtension>
        </extensions>
      </trkpt>
      <trkpt lat="31.1574156582355499267578125" lon="121.19513061828911304473876953125">
        <ele>3</ele>
        <time>2025-10-05T12:28:30.000Z</time>
        <extensions>
          <ns3:TrackPointExtension>
            <ns3:hr>152</ns3:hr>
            <ns3:cad>86</ns3:cad>
          </ns3:TrackPointExtension>
        </extensions>
      </trkpt>
      <trkpt lat="31.1573906801640987396240234375" lon="121.1951431073248386383056640625">
        <ele>3</ele>
        <time>2025-10-05T12:28:31.000Z</time>
        <extensions>
          <ns3:TrackPointExtension>
            <ns3:hr>152</ns3:hr>
            <ns3:cad>86</ns3:cad>
          </ns3:TrackPointExtension>
        </extensions>
      </trkpt>
      <trkpt lat="31.1573618464171886444091796875" lon="121.19515635073184967041015625">
        <ele>3</ele>
        <time>2025-10-05T12:28:32.000Z</time>
        <extensions>
          <ns3:TrackPointExtension>
            <ns3:hr>152</ns3:hr>
            <ns3:cad>85</ns3:cad>
          </ns3:TrackPointExtension>
        </extensions>
      </trkpt>
      <trkpt lat="31.157346926629543304443359375" lon="121.19516749866306781768798828125">
        <ele>3</ele>
        <time>2025-10-05T12:28:33.000Z</time>
        <extensions>
          <ns3:TrackPointExtension>
            <ns3:hr>152</ns3:hr>
            <ns3:cad>86</ns3:cad>
          </ns3:TrackPointExtension>
        </extensions>
      </trkpt>
      <trkpt lat="31.15731532685458660125732421875" lon="121.19517571292817592620849609375">
        <ele>3.2000000476837158203125</ele>
        <time>2025-10-05T12:28:34.000Z</time>
        <extensions>
          <ns3:TrackPointExtension>
            <ns3:hr>152</ns3:hr>
            <ns3:cad>86</ns3:cad>
          </ns3:TrackPointExtension>
        </extensions>
      </trkpt>
      <trkpt lat="31.1572968028485774993896484375" lon="121.19518426246941089630126953125">
        <ele>3.2000000476837158203125</ele>
        <time>2025-10-05T12:28:35.000Z</time>
        <extensions>
          <ns3:TrackPointExtension>
            <ns3:hr>151</ns3:hr>
            <ns3:cad>86</ns3:cad>
          </ns3:TrackPointExtension>
        </extensions>
      </trkpt>
      <trkpt lat="31.15727308206260204315185546875" lon="121.19519415311515331268310546875">
        <ele>3.2000000476837158203125</ele>
        <time>2025-10-05T12:28:36.000Z</time>
        <extensions>
          <ns3:TrackPointExtension>
            <ns3:hr>152</ns3:hr>
            <ns3:cad>87</ns3:cad>
          </ns3:TrackPointExtension>
        </extensions>
      </trkpt>
      <trkpt lat="31.15725296549499034881591796875" lon="121.1952051334083080291748046875">
        <ele>3.2000000476837158203125</ele>
        <time>2025-10-05T12:28:37.000Z</time>
        <extensions>
          <ns3:TrackPointExtension>
            <ns3:hr>152</ns3:hr>
            <ns3:cad>87</ns3:cad>
          </ns3:TrackPointExtension>
        </extensions>
      </trkpt>
      <trkpt lat="31.15723167546093463897705078125" lon="121.19521804153919219970703125">
        <ele>3.2000000476837158203125</ele>
        <time>2025-10-05T12:28:38.000Z</time>
        <extensions>
          <ns3:TrackPointExtension>
            <ns3:hr>152</ns3:hr>
            <ns3:cad>87</ns3:cad>
          </ns3:TrackPointExtension>
        </extensions>
      </trkpt>
      <trkpt lat="31.15720937959849834442138671875" lon="121.19523656554520130157470703125">
        <ele>3.2000000476837158203125</ele>
        <time>2025-10-05T12:28:39.000Z</time>
        <extensions>
          <ns3:TrackPointExtension>
            <ns3:hr>152</ns3:hr>
            <ns3:cad>87</ns3:cad>
          </ns3:TrackPointExtension>
        </extensions>
      </trkpt>
      <trkpt lat="31.15718859247863292694091796875" lon="121.195253245532512664794921875">
        <ele>3.2000000476837158203125</ele>
        <time>2025-10-05T12:28:40.000Z</time>
        <extensions>
          <ns3:TrackPointExtension>
            <ns3:hr>152</ns3:hr>
            <ns3:cad>87</ns3:cad>
          </ns3:TrackPointExtension>
        </extensions>
      </trkpt>
      <trkpt lat="31.1571608483791351318359375" lon="121.19527562521398067474365234375">
        <ele>3.400000095367431640625</ele>
        <time>2025-10-05T12:28:41.000Z</time>
        <extensions>
          <ns3:TrackPointExtension>
            <ns3:hr>152</ns3:hr>
            <ns3:cad>87</ns3:cad>
          </ns3:TrackPointExtension>
        </extensions>
      </trkpt>
      <trkpt lat="31.1571407318115234375" lon="121.19529339484870433807373046875">
        <ele>3.400000095367431640625</ele>
        <time>2025-10-05T12:28:42.000Z</time>
        <extensions>
          <ns3:TrackPointExtension>
            <ns3:hr>152</ns3:hr>
            <ns3:cad>87</ns3:cad>
          </ns3:TrackPointExtension>
        </extensions>
      </trkpt>
      <trkpt lat="31.15711114369332790374755859375" lon="121.1953083984553813934326171875">
        <ele>3.400000095367431640625</ele>
        <time>2025-10-05T12:28:43.000Z</time>
        <extensions>
          <ns3:TrackPointExtension>
            <ns3:hr>152</ns3:hr>
            <ns3:cad>86</ns3:cad>
          </ns3:TrackPointExtension>
        </extensions>
      </trkpt>
      <trkpt lat="31.15708733908832073211669921875" lon="121.19532558135688304901123046875">
        <ele>3.599999904632568359375</ele>
        <time>2025-10-05T12:28:44.000Z</time>
        <extensions>
          <ns3:TrackPointExtension>
            <ns3:hr>152</ns3:hr>
            <ns3:cad>86</ns3:cad>
          </ns3:TrackPointExtension>
        </extensions>
      </trkpt>
      <trkpt lat="31.1570597626268863677978515625" lon="121.19534469209611415863037109375">
        <ele>3.599999904632568359375</ele>
        <time>2025-10-05T12:28:45.000Z</time>
        <extensions>
          <ns3:TrackPointExtension>
            <ns3:hr>152</ns3:hr>
            <ns3:cad>86</ns3:cad>
          </ns3:TrackPointExtension>
        </extensions>
      </trkpt>
      <trkpt lat="31.15703813731670379638671875" lon="121.19536212645471096038818359375">
        <ele>3.599999904632568359375</ele>
        <time>2025-10-05T12:28:46.000Z</time>
        <extensions>
          <ns3:TrackPointExtension>
            <ns3:hr>152</ns3:hr>
            <ns3:cad>86</ns3:cad>
          </ns3:TrackPointExtension>
        </extensions>
      </trkpt>
      <trkpt lat="31.15701139904558658599853515625" lon="121.19538743980228900909423828125">
        <ele>3.7999999523162841796875</ele>
        <time>2025-10-05T12:28:47.000Z</time>
        <extensions>
          <ns3:TrackPointExtension>
            <ns3:hr>152</ns3:hr>
            <ns3:cad>86</ns3:cad>
          </ns3:TrackPointExtension>
        </extensions>
      </trkpt>
      <trkpt lat="31.15698340348899364471435546875" lon="121.19540604762732982635498046875">
        <ele>3.7999999523162841796875</ele>
        <time>2025-10-05T12:28:48.000Z</time>
        <extensions>
          <ns3:TrackPointExtension>
            <ns3:hr>152</ns3:hr>
            <ns3:cad>87</ns3:cad>
          </ns3:TrackPointExtension>
        </extensions>
      </trkpt>
      <trkpt lat="31.15695892833173274993896484375" lon="121.19542499072849750518798828125">
        <ele>3.7999999523162841796875</ele>
        <time>2025-10-05T12:28:49.000Z</time>
        <extensions>
          <ns3:TrackPointExtension>
            <ns3:hr>152</ns3:hr>
            <ns3:cad>88</ns3:cad>
          </ns3:TrackPointExtension>
        </extensions>
      </trkpt>
      <trkpt lat="31.1569279991090297698974609375" lon="121.19544192217290401458740234375">
        <ele>3.599999904632568359375</ele>
        <time>2025-10-05T12:28:50.000Z</time>
        <extensions>
          <ns3:TrackPointExtension>
            <ns3:hr>152</ns3:hr>
            <ns3:cad>88</ns3:cad>
          </ns3:TrackPointExtension>
        </extensions>
      </trkpt>
      <trkpt lat="31.15690536797046661376953125" lon="121.19546052999794483184814453125">
        <ele>3.599999904632568359375</ele>
        <time>2025-10-05T12:28:51.000Z</time>
        <extensions>
          <ns3:TrackPointExtension>
            <ns3:hr>152</ns3:hr>
            <ns3:cad>88</ns3:cad>
          </ns3:TrackPointExtension>
        </extensions>
      </trkpt>
      <trkpt lat="31.1568760313093662261962890625" lon="121.19548064656555652618408203125">
        <ele>3.599999904632568359375</ele>
        <time>2025-10-05T12:28:52.000Z</time>
        <extensions>
          <ns3:TrackPointExtension>
            <ns3:hr>152</ns3:hr>
            <ns3:cad>88</ns3:cad>
          </ns3:TrackPointExtension>
        </extensions>
      </trkpt>
      <trkpt lat="31.1568539030849933624267578125" lon="121.1954971589148044586181640625">
        <ele>3.599999904632568359375</ele>
        <time>2025-10-05T12:28:53.000Z</time>
        <extensions>
          <ns3:TrackPointExtension>
            <ns3:hr>152</ns3:hr>
            <ns3:cad>87</ns3:cad>
          </ns3:TrackPointExtension>
        </extensions>
      </trkpt>
      <trkpt lat="31.15682800300419330596923828125" lon="121.195515431463718414306640625">
        <ele>3.400000095367431640625</ele>
        <time>2025-10-05T12:28:54.000Z</time>
        <extensions>
          <ns3:TrackPointExtension>
            <ns3:hr>152</ns3:hr>
            <ns3:cad>87</ns3:cad>
          </ns3:TrackPointExtension>
        </extensions>
      </trkpt>
      <trkpt lat="31.15680201910436153411865234375" lon="121.1955273337662220001220703125">
        <ele>3.400000095367431640625</ele>
        <time>2025-10-05T12:28:55.000Z</time>
        <extensions>
          <ns3:TrackPointExtension>
            <ns3:hr>152</ns3:hr>
            <ns3:cad>87</ns3:cad>
          </ns3:TrackPointExtension>
        </extensions>
      </trkpt>
      <trkpt lat="31.1567824892699718475341796875" lon="121.19554133154451847076416015625">
        <ele>3.2000000476837158203125</ele>
        <time>2025-10-05T12:28:56.000Z</time>
        <extensions>
          <ns3:TrackPointExtension>
            <ns3:hr>151</ns3:hr>
            <ns3:cad>87</ns3:cad>
          </ns3:TrackPointExtension>
        </extensions>
      </trkpt>
      <trkpt lat="31.156760193407535552978515625" lon="121.1955541558563709259033203125">
        <ele>3.2000000476837158203125</ele>
        <time>2025-10-05T12:28:57.000Z</time>
        <extensions>
          <ns3:TrackPointExtension>
            <ns3:hr>152</ns3:hr>
            <ns3:cad>87</ns3:cad>
          </ns3:TrackPointExtension>
        </extensions>
      </trkpt>
      <trkpt lat="31.1567432619631290435791015625" lon="121.19556765072047710418701171875">
        <ele>3</ele>
        <time>2025-10-05T12:28:58.000Z</time>
        <extensions>
          <ns3:TrackPointExtension>
            <ns3:hr>152</ns3:hr>
            <ns3:cad>87</ns3:cad>
          </ns3:TrackPointExtension>
        </extensions>
      </trkpt>
      <trkpt lat="31.15672004409134387969970703125" lon="121.19557754136621952056884765625">
        <ele>3</ele>
        <time>2025-10-05T12:28:59.000Z</time>
        <extensions>
          <ns3:TrackPointExtension>
            <ns3:hr>151</ns3:hr>
            <ns3:cad>86</ns3:cad>
          </ns3:TrackPointExtension>
        </extensions>
      </trkpt>
      <trkpt lat="31.15670688450336456298828125" lon="121.19559179060161113739013671875">
        <ele>2.7999999523162841796875</ele>
        <time>2025-10-05T12:29:00.000Z</time>
        <extensions>
          <ns3:TrackPointExtension>
            <ns3:hr>151</ns3:hr>
            <ns3:cad>86</ns3:cad>
          </ns3:TrackPointExtension>
        </extensions>
      </trkpt>
      <trkpt lat="31.15667729638516902923583984375" lon="121.19560318998992443084716796875">
        <ele>2.7999999523162841796875</ele>
        <time>2025-10-05T12:29:01.000Z</time>
        <extensions>
          <ns3:TrackPointExtension>
            <ns3:hr>151</ns3:hr>
            <ns3:cad>86</ns3:cad>
          </ns3:TrackPointExtension>
        </extensions>
      </trkpt>
      <trkpt lat="31.15665768273174762725830078125" lon="121.1956155113875865936279296875">
        <ele>2.7999999523162841796875</ele>
        <time>2025-10-05T12:29:02.000Z</time>
        <extensions>
          <ns3:TrackPointExtension>
            <ns3:hr>152</ns3:hr>
            <ns3:cad>86</ns3:cad>
          </ns3:TrackPointExtension>
        </extensions>
      </trkpt>
      <trkpt lat="31.15663287229835987091064453125" lon="121.19563219137489795684814453125">
        <ele>2.7999999523162841796875</ele>
        <time>2025-10-05T12:29:03.000Z</time>
        <extensions>
          <ns3:TrackPointExtension>
            <ns3:hr>152</ns3:hr>
            <ns3:cad>86</ns3:cad>
          </ns3:TrackPointExtension>
        </extensions>
      </trkpt>
      <trkpt lat="31.15660630166530609130859375" lon="121.19564644061028957366943359375">
        <ele>2.7999999523162841796875</ele>
        <time>2025-10-05T12:29:04.000Z</time>
        <extensions>
          <ns3:TrackPointExtension>
            <ns3:hr>152</ns3:hr>
            <ns3:cad>86</ns3:cad>
          </ns3:TrackPointExtension>
        </extensions>
      </trkpt>
      <trkpt lat="31.156584508717060089111328125" lon="121.19566270150244235992431640625">
        <ele>2.7999999523162841796875</ele>
        <time>2025-10-05T12:29:05.000Z</time>
        <extensions>
          <ns3:TrackPointExtension>
            <ns3:hr>152</ns3:hr>
            <ns3:cad>86</ns3:cad>
          </ns3:TrackPointExtension>
        </extensions>
      </trkpt>
      <trkpt lat="31.1565600335597991943359375" lon="121.19567946530878543853759765625">
        <ele>2.7999999523162841796875</ele>
        <time>2025-10-05T12:29:06.000Z</time>
        <extensions>
          <ns3:TrackPointExtension>
            <ns3:hr>152</ns3:hr>
            <ns3:cad>86</ns3:cad>
          </ns3:TrackPointExtension>
        </extensions>
      </trkpt>
      <trkpt lat="31.1565412580966949462890625" lon="121.19569991715252399444580078125">
        <ele>2.7999999523162841796875</ele>
        <time>2025-10-05T12:29:07.000Z</time>
        <extensions>
          <ns3:TrackPointExtension>
            <ns3:hr>152</ns3:hr>
            <ns3:cad>87</ns3:cad>
          </ns3:TrackPointExtension>
        </extensions>
      </trkpt>
      <trkpt lat="31.15651301108300685882568359375" lon="121.19571584276854991912841796875">
        <ele>2.7999999523162841796875</ele>
        <time>2025-10-05T12:29:08.000Z</time>
        <extensions>
          <ns3:TrackPointExtension>
            <ns3:hr>153</ns3:hr>
            <ns3:cad>87</ns3:cad>
          </ns3:TrackPointExtension>
        </extensions>
      </trkpt>
      <trkpt lat="31.15649188868701457977294921875" lon="121.19573126547038555145263671875">
        <ele>2.7999999523162841796875</ele>
        <time>2025-10-05T12:29:09.000Z</time>
        <extensions>
          <ns3:TrackPointExtension>
            <ns3:hr>152</ns3:hr>
            <ns3:cad>87</ns3:cad>
          </ns3:TrackPointExtension>
        </extensions>
      </trkpt>
      <trkpt lat="31.15646414458751678466796875" lon="121.19573981501162052154541015625">
        <ele>2.7999999523162841796875</ele>
        <time>2025-10-05T12:29:10.000Z</time>
        <extensions>
          <ns3:TrackPointExtension>
            <ns3:hr>152</ns3:hr>
            <ns3:cad>87</ns3:cad>
          </ns3:TrackPointExtension>
        </extensions>
      </trkpt>
      <trkpt lat="31.156449057161808013916015625" lon="121.1957512982189655303955078125">
        <ele>2.599999904632568359375</ele>
        <time>2025-10-05T12:29:11.000Z</time>
        <extensions>
          <ns3:TrackPointExtension>
            <ns3:hr>152</ns3:hr>
            <ns3:cad>87</ns3:cad>
          </ns3:TrackPointExtension>
        </extensions>
      </trkpt>
      <trkpt lat="31.15642684511840343475341796875" lon="121.19576646946370601654052734375">
        <ele>2.599999904632568359375</ele>
        <time>2025-10-05T12:29:12.000Z</time>
        <extensions>
          <ns3:TrackPointExtension>
            <ns3:hr>152</ns3:hr>
            <ns3:cad>87</ns3:cad>
          </ns3:TrackPointExtension>
        </extensions>
      </trkpt>
      <trkpt lat="31.15640672855079174041748046875" lon="121.19577904231846332550048828125">
        <ele>2.599999904632568359375</ele>
        <time>2025-10-05T12:29:13.000Z</time>
        <extensions>
          <ns3:TrackPointExtension>
            <ns3:hr>152</ns3:hr>
            <ns3:cad>87</ns3:cad>
          </ns3:TrackPointExtension>
        </extensions>
      </trkpt>
      <trkpt lat="31.15638828836381435394287109375" lon="121.19579765014350414276123046875">
        <ele>2.599999904632568359375</ele>
        <time>2025-10-05T12:29:14.000Z</time>
        <extensions>
          <ns3:TrackPointExtension>
            <ns3:hr>152</ns3:hr>
            <ns3:cad>87</ns3:cad>
          </ns3:TrackPointExtension>
        </extensions>
      </trkpt>
      <trkpt lat="31.156365238130092620849609375" lon="121.195817850530147552490234375">
        <ele>2.599999904632568359375</ele>
        <time>2025-10-05T12:29:15.000Z</time>
        <extensions>
          <ns3:TrackPointExtension>
            <ns3:hr>152</ns3:hr>
            <ns3:cad>87</ns3:cad>
          </ns3:TrackPointExtension>
        </extensions>
      </trkpt>
      <trkpt lat="31.156345792114734649658203125" lon="121.19583637453615665435791015625">
        <ele>2.599999904632568359375</ele>
        <time>2025-10-05T12:29:16.000Z</time>
        <extensions>
          <ns3:TrackPointExtension>
            <ns3:hr>151</ns3:hr>
            <ns3:cad>87</ns3:cad>
          </ns3:TrackPointExtension>
        </extensions>
      </trkpt>
      <trkpt lat="31.15631452761590480804443359375" lon="121.1958495341241359710693359375">
        <ele>2.599999904632568359375</ele>
        <time>2025-10-05T12:29:17.000Z</time>
        <extensions>
          <ns3:TrackPointExtension>
            <ns3:hr>151</ns3:hr>
            <ns3:cad>87</ns3:cad>
          </ns3:TrackPointExtension>
        </extensions>
      </trkpt>
      <trkpt lat="31.1562913097441196441650390625" lon="121.1958525516092777252197265625">
        <ele>2.599999904632568359375</ele>
        <time>2025-10-05T12:29:18.000Z</time>
        <extensions>
          <ns3:TrackPointExtension>
            <ns3:hr>151</ns3:hr>
            <ns3:cad>87</ns3:cad>
          </ns3:TrackPointExtension>
        </extensions>
      </trkpt>
      <trkpt lat="31.156258285045623779296875" lon="121.19584257714450359344482421875">
        <ele>2.599999904632568359375</ele>
        <time>2025-10-05T12:29:19.000Z</time>
        <extensions>
          <ns3:TrackPointExtension>
            <ns3:hr>151</ns3:hr>
            <ns3:cad>87</ns3:cad>
          </ns3:TrackPointExtension>
        </extensions>
      </trkpt>
      <trkpt lat="31.1562363244593143463134765625" lon="121.195831932127475738525390625">
        <ele>2.400000095367431640625</ele>
        <time>2025-10-05T12:29:20.000Z</time>
        <extensions>
          <ns3:TrackPointExtension>
            <ns3:hr>151</ns3:hr>
            <ns3:cad>87</ns3:cad>
          </ns3:TrackPointExtension>
        </extensions>
      </trkpt>
      <trkpt lat="31.15621872246265411376953125" lon="121.19581391103565692901611328125">
        <ele>2.2000000476837158203125</ele>
        <time>2025-10-05T12:29:21.000Z</time>
        <extensions>
          <ns3:TrackPointExtension>
            <ns3:hr>151</ns3:hr>
            <ns3:cad>88</ns3:cad>
          </ns3:TrackPointExtension>
        </extensions>
      </trkpt>
      <trkpt lat="31.1562091670930385589599609375" lon="121.1957962252199649810791015625">
        <ele>2.2000000476837158203125</ele>
        <time>2025-10-05T12:29:22.000Z</time>
        <extensions>
          <ns3:TrackPointExtension>
            <ns3:hr>151</ns3:hr>
            <ns3:cad>88</ns3:cad>
          </ns3:TrackPointExtension>
        </extensions>
      </trkpt>
      <trkpt lat="31.15620170719921588897705078125" lon="121.19577585719525814056396484375">
        <ele>2.2000000476837158203125</ele>
        <time>2025-10-05T12:29:23.000Z</time>
        <extensions>
          <ns3:TrackPointExtension>
            <ns3:hr>150</ns3:hr>
            <ns3:cad>87</ns3:cad>
          </ns3:TrackPointExtension>
        </extensions>
      </trkpt>
      <trkpt lat="31.15619885735213756561279296875" lon="121.19575188495218753814697265625">
        <ele>2.2000000476837158203125</ele>
        <time>2025-10-05T12:29:24.000Z</time>
        <extensions>
          <ns3:TrackPointExtension>
            <ns3:hr>150</ns3:hr>
            <ns3:cad>87</ns3:cad>
          </ns3:TrackPointExtension>
        </extensions>
      </trkpt>
      <trkpt lat="31.15619148127734661102294921875" lon="121.19573143310844898223876953125">
        <ele>2.2000000476837158203125</ele>
        <time>2025-10-05T12:29:25.000Z</time>
        <extensions>
          <ns3:TrackPointExtension>
            <ns3:hr>150</ns3:hr>
            <ns3:cad>87</ns3:cad>
          </ns3:TrackPointExtension>
        </extensions>
      </trkpt>
      <trkpt lat="31.156186200678348541259765625" lon="121.1957033537328243255615234375">
        <ele>2.2000000476837158203125</ele>
        <time>2025-10-05T12:29:26.000Z</time>
        <extensions>
          <ns3:TrackPointExtension>
            <ns3:hr>150</ns3:hr>
            <ns3:cad>87</ns3:cad>
          </ns3:TrackPointExtension>
        </extensions>
      </trkpt>
      <trkpt lat="31.156174130737781524658203125" lon="121.1956792138516902923583984375">
        <ele>2.2000000476837158203125</ele>
        <time>2025-10-05T12:29:27.000Z</time>
        <extensions>
          <ns3:TrackPointExtension>
            <ns3:hr>150</ns3:hr>
            <ns3:cad>87</ns3:cad>
          </ns3:TrackPointExtension>
        </extensions>
      </trkpt>
      <trkpt lat="31.15616566501557826995849609375" lon="121.1956460215151309967041015625">
        <ele>2.2000000476837158203125</ele>
        <time>2025-10-05T12:29:28.000Z</time>
        <extensions>
          <ns3:TrackPointExtension>
            <ns3:hr>151</ns3:hr>
            <ns3:cad>87</ns3:cad>
          </ns3:TrackPointExtension>
        </extensions>
      </trkpt>
      <trkpt lat="31.15615309216082096099853515625" lon="121.1956161819398403167724609375">
        <ele>2.2000000476837158203125</ele>
        <time>2025-10-05T12:29:29.000Z</time>
        <extensions>
          <ns3:TrackPointExtension>
            <ns3:hr>150</ns3:hr>
            <ns3:cad>87</ns3:cad>
          </ns3:TrackPointExtension>
        </extensions>
      </trkpt>
      <trkpt lat="31.15614487789571285247802734375" lon="121.1955806426703929901123046875">
        <ele>2.2000000476837158203125</ele>
        <time>2025-10-05T12:29:30.000Z</time>
        <extensions>
          <ns3:TrackPointExtension>
            <ns3:hr>151</ns3:hr>
            <ns3:cad>87</ns3:cad>
          </ns3:TrackPointExtension>
        </extensions>
      </trkpt>
      <trkpt lat="31.15614152513444423675537109375" lon="121.1955508030951023101806640625">
        <ele>2.2000000476837158203125</ele>
        <time>2025-10-05T12:29:31.000Z</time>
        <extensions>
          <ns3:TrackPointExtension>
            <ns3:hr>151</ns3:hr>
            <ns3:cad>87</ns3:cad>
          </ns3:TrackPointExtension>
        </extensions>
      </trkpt>
      <trkpt lat="31.15613699890673160552978515625" lon="121.19552247226238250732421875">
        <ele>2.2000000476837158203125</ele>
        <time>2025-10-05T12:29:32.000Z</time>
        <extensions>
          <ns3:TrackPointExtension>
            <ns3:hr>151</ns3:hr>
            <ns3:cad>87</ns3:cad>
          </ns3:TrackPointExtension>
        </extensions>
      </trkpt>
      <trkpt lat="31.15613196976482868194580078125" lon="121.1954934708774089813232421875">
        <ele>2.2000000476837158203125</ele>
        <time>2025-10-05T12:29:33.000Z</time>
        <extensions>
          <ns3:TrackPointExtension>
            <ns3:hr>150</ns3:hr>
            <ns3:cad>87</ns3:cad>
          </ns3:TrackPointExtension>
        </extensions>
      </trkpt>
      <trkpt lat="31.156124174594879150390625" lon="121.19546723552048206329345703125">
        <ele>2.2000000476837158203125</ele>
        <time>2025-10-05T12:29:34.000Z</time>
        <extensions>
          <ns3:TrackPointExtension>
            <ns3:hr>150</ns3:hr>
            <ns3:cad>87</ns3:cad>
          </ns3:TrackPointExtension>
        </extensions>
      </trkpt>
      <trkpt lat="31.15612291730940341949462890625" lon="121.19543739594519138336181640625">
        <ele>2.2000000476837158203125</ele>
        <time>2025-10-05T12:29:35.000Z</time>
        <extensions>
          <ns3:TrackPointExtension>
            <ns3:hr>150</ns3:hr>
            <ns3:cad>87</ns3:cad>
          </ns3:TrackPointExtension>
        </extensions>
      </trkpt>
      <trkpt lat="31.15611420013010501861572265625" lon="121.1954130046069622039794921875">
        <ele>2.2000000476837158203125</ele>
        <time>2025-10-05T12:29:36.000Z</time>
        <extensions>
          <ns3:TrackPointExtension>
            <ns3:hr>150</ns3:hr>
            <ns3:cad>87</ns3:cad>
          </ns3:TrackPointExtension>
        </extensions>
      </trkpt>
      <trkpt lat="31.1561105959117412567138671875" lon="121.19538123719394207000732421875">
        <ele>2.2000000476837158203125</ele>
        <time>2025-10-05T12:29:37.000Z</time>
        <extensions>
          <ns3:TrackPointExtension>
            <ns3:hr>150</ns3:hr>
            <ns3:cad>87</ns3:cad>
          </ns3:TrackPointExtension>
        </extensions>
      </trkpt>
      <trkpt lat="31.15610397420823574066162109375" lon="121.195354163646697998046875">
        <ele>2.2000000476837158203125</ele>
        <time>2025-10-05T12:29:38.000Z</time>
        <extensions>
          <ns3:TrackPointExtension>
            <ns3:hr>150</ns3:hr>
            <ns3:cad>87</ns3:cad>
          </ns3:TrackPointExtension>
        </extensions>
      </trkpt>
      <trkpt lat="31.1561028845608234405517578125" lon="121.19532004930078983306884765625">
        <ele>2.2000000476837158203125</ele>
        <time>2025-10-05T12:29:39.000Z</time>
        <extensions>
          <ns3:TrackPointExtension>
            <ns3:hr>150</ns3:hr>
            <ns3:cad>87</ns3:cad>
          </ns3:TrackPointExtension>
        </extensions>
      </trkpt>
      <trkpt lat="31.15609936416149139404296875" lon="121.19529373012483119964599609375">
        <ele>2.400000095367431640625</ele>
        <time>2025-10-05T12:29:40.000Z</time>
        <extensions>
          <ns3:TrackPointExtension>
            <ns3:hr>150</ns3:hr>
            <ns3:cad>87</ns3:cad>
          </ns3:TrackPointExtension>
        </extensions>
      </trkpt>
      <trkpt lat="31.15609559230506420135498046875" lon="121.195268332958221435546875">
        <ele>2.400000095367431640625</ele>
        <time>2025-10-05T12:29:41.000Z</time>
        <extensions>
          <ns3:TrackPointExtension>
            <ns3:hr>149</ns3:hr>
            <ns3:cad>87</ns3:cad>
          </ns3:TrackPointExtension>
        </extensions>
      </trkpt>
      <trkpt lat="31.156090311706066131591796875" lon="121.195239834487438201904296875">
        <ele>2.599999904632568359375</ele>
        <time>2025-10-05T12:29:42.000Z</time>
        <extensions>
          <ns3:TrackPointExtension>
            <ns3:hr>149</ns3:hr>
            <ns3:cad>87</ns3:cad>
          </ns3:TrackPointExtension>
        </extensions>
      </trkpt>
      <trkpt lat="31.15608100779354572296142578125" lon="121.19521376676857471466064453125">
        <ele>2.599999904632568359375</ele>
        <time>2025-10-05T12:29:43.000Z</time>
        <extensions>
          <ns3:TrackPointExtension>
            <ns3:hr>149</ns3:hr>
            <ns3:cad>87</ns3:cad>
          </ns3:TrackPointExtension>
        </extensions>
      </trkpt>
      <trkpt lat="31.1560772359371185302734375" lon="121.19518325664103031158447265625">
        <ele>2.599999904632568359375</ele>
        <time>2025-10-05T12:29:44.000Z</time>
        <extensions>
          <ns3:TrackPointExtension>
            <ns3:hr>149</ns3:hr>
            <ns3:cad>87</ns3:cad>
          </ns3:TrackPointExtension>
        </extensions>
      </trkpt>
      <trkpt lat="31.15607212297618389129638671875" lon="121.19515676982700824737548828125">
        <ele>2.7999999523162841796875</ele>
        <time>2025-10-05T12:29:45.000Z</time>
        <extensions>
          <ns3:TrackPointExtension>
            <ns3:hr>149</ns3:hr>
            <ns3:cad>87</ns3:cad>
          </ns3:TrackPointExtension>
        </extensions>
      </trkpt>
      <trkpt lat="31.15606851875782012939453125" lon="121.195121146738529205322265625">
        <ele>2.599999904632568359375</ele>
        <time>2025-10-05T12:29:46.000Z</time>
        <extensions>
          <ns3:TrackPointExtension>
            <ns3:hr>150</ns3:hr>
            <ns3:cad>87</ns3:cad>
          </ns3:TrackPointExtension>
        </extensions>
      </trkpt>
      <trkpt lat="31.1560603044927120208740234375" lon="121.19509306736290454864501953125">
        <ele>2.599999904632568359375</ele>
        <time>2025-10-05T12:29:47.000Z</time>
        <extensions>
          <ns3:TrackPointExtension>
            <ns3:hr>149</ns3:hr>
            <ns3:cad>88</ns3:cad>
          </ns3:TrackPointExtension>
        </extensions>
      </trkpt>
      <trkpt lat="31.15605670027434825897216796875" lon="121.195056103169918060302734375">
        <ele>2.599999904632568359375</ele>
        <time>2025-10-05T12:29:48.000Z</time>
        <extensions>
          <ns3:TrackPointExtension>
            <ns3:hr>149</ns3:hr>
            <ns3:cad>88</ns3:cad>
          </ns3:TrackPointExtension>
        </extensions>
      </trkpt>
      <trkpt lat="31.1560569517314434051513671875" lon="121.1950264312326908111572265625">
        <ele>2.599999904632568359375</ele>
        <time>2025-10-05T12:29:49.000Z</time>
        <extensions>
          <ns3:TrackPointExtension>
            <ns3:hr>149</ns3:hr>
            <ns3:cad>87</ns3:cad>
          </ns3:TrackPointExtension>
        </extensions>
      </trkpt>
      <trkpt lat="31.15605770610272884368896484375" lon="121.1949945800006389617919921875">
        <ele>2.400000095367431640625</ele>
        <time>2025-10-05T12:29:50.000Z</time>
        <extensions>
          <ns3:TrackPointExtension>
            <ns3:hr>149</ns3:hr>
            <ns3:cad>87</ns3:cad>
          </ns3:TrackPointExtension>
        </extensions>
      </trkpt>
      <trkpt lat="31.15605435334146022796630859375" lon="121.19496465660631656646728515625">
        <ele>2.400000095367431640625</ele>
        <time>2025-10-05T12:29:51.000Z</time>
        <extensions>
          <ns3:TrackPointExtension>
            <ns3:hr>149</ns3:hr>
            <ns3:cad>87</ns3:cad>
          </ns3:TrackPointExtension>
        </extensions>
      </trkpt>
      <trkpt lat="31.15605033002793788909912109375" lon="121.1949375830590724945068359375">
        <ele>2.400000095367431640625</ele>
        <time>2025-10-05T12:29:52.000Z</time>
        <extensions>
          <ns3:TrackPointExtension>
            <ns3:hr>149</ns3:hr>
            <ns3:cad>87</ns3:cad>
          </ns3:TrackPointExtension>
        </extensions>
      </trkpt>
      <trkpt lat="31.1560462228953838348388671875" lon="121.19490782730281352996826171875">
        <ele>2.400000095367431640625</ele>
        <time>2025-10-05T12:29:53.000Z</time>
        <extensions>
          <ns3:TrackPointExtension>
            <ns3:hr>149</ns3:hr>
            <ns3:cad>87</ns3:cad>
          </ns3:TrackPointExtension>
        </extensions>
      </trkpt>
      <trkpt lat="31.1560385115444660186767578125" lon="121.19488519616425037384033203125">
        <ele>2.400000095367431640625</ele>
        <time>2025-10-05T12:29:54.000Z</time>
        <extensions>
          <ns3:TrackPointExtension>
            <ns3:hr>149</ns3:hr>
            <ns3:cad>87</ns3:cad>
          </ns3:TrackPointExtension>
        </extensions>
      </trkpt>
      <trkpt lat="31.1560316383838653564453125" lon="121.19485317729413509368896484375">
        <ele>2.599999904632568359375</ele>
        <time>2025-10-05T12:29:55.000Z</time>
        <extensions>
          <ns3:TrackPointExtension>
            <ns3:hr>149</ns3:hr>
            <ns3:cad>87</ns3:cad>
          </ns3:TrackPointExtension>
        </extensions>
      </trkpt>
      <trkpt lat="31.156021915376186370849609375" lon="121.1948249302804470062255859375">
        <ele>2.599999904632568359375</ele>
        <time>2025-10-05T12:29:56.000Z</time>
        <extensions>
          <ns3:TrackPointExtension>
            <ns3:hr>149</ns3:hr>
            <ns3:cad>87</ns3:cad>
          </ns3:TrackPointExtension>
        </extensions>
      </trkpt>
      <trkpt lat="31.1560142040252685546875" lon="121.1947944201529026031494140625">
        <ele>2.599999904632568359375</ele>
        <time>2025-10-05T12:29:57.000Z</time>
        <extensions>
          <ns3:TrackPointExtension>
            <ns3:hr>149</ns3:hr>
            <ns3:cad>87</ns3:cad>
          </ns3:TrackPointExtension>
        </extensions>
      </trkpt>
      <trkpt lat="31.15600724704563617706298828125" lon="121.19476743042469024658203125">
        <ele>2.599999904632568359375</ele>
        <time>2025-10-05T12:29:58.000Z</time>
        <extensions>
          <ns3:TrackPointExtension>
            <ns3:hr>149</ns3:hr>
            <ns3:cad>87</ns3:cad>
          </ns3:TrackPointExtension>
        </extensions>
      </trkpt>
      <trkpt lat="31.15600154735147953033447265625" lon="121.1947344057261943817138671875">
        <ele>2.599999904632568359375</ele>
        <time>2025-10-05T12:29:59.000Z</time>
        <extensions>
          <ns3:TrackPointExtension>
            <ns3:hr>150</ns3:hr>
            <ns3:cad>87</ns3:cad>
          </ns3:TrackPointExtension>
        </extensions>
      </trkpt>
      <trkpt lat="31.1559962667524814605712890625" lon="121.19470498524606227874755859375">
        <ele>2.599999904632568359375</ele>
        <time>2025-10-05T12:30:00.000Z</time>
        <extensions>
          <ns3:TrackPointExtension>
            <ns3:hr>149</ns3:hr>
            <ns3:cad>87</ns3:cad>
          </ns3:TrackPointExtension>
        </extensions>
      </trkpt>
      <trkpt lat="31.1559959314763545989990234375" lon="121.19467246346175670623779296875">
        <ele>2.400000095367431640625</ele>
        <time>2025-10-05T12:30:01.000Z</time>
        <extensions>
          <ns3:TrackPointExtension>
            <ns3:hr>149</ns3:hr>
            <ns3:cad>87</ns3:cad>
          </ns3:TrackPointExtension>
        </extensions>
      </trkpt>
      <trkpt lat="31.15599417127668857574462890625" lon="121.194645054638385772705078125">
        <ele>2.400000095367431640625</ele>
        <time>2025-10-05T12:30:02.000Z</time>
        <extensions>
          <ns3:TrackPointExtension>
            <ns3:hr>149</ns3:hr>
            <ns3:cad>87</ns3:cad>
          </ns3:TrackPointExtension>
        </extensions>
      </trkpt>
      <trkpt lat="31.155989728868007659912109375" lon="121.1946143768727779388427734375">
        <ele>2.599999904632568359375</ele>
        <time>2025-10-05T12:30:03.000Z</time>
        <extensions>
          <ns3:TrackPointExtension>
            <ns3:hr>149</ns3:hr>
            <ns3:cad>87</ns3:cad>
          </ns3:TrackPointExtension>
        </extensions>
      </trkpt>
      <trkpt lat="31.155984699726104736328125" lon="121.19458445347845554351806640625">
        <ele>2.599999904632568359375</ele>
        <time>2025-10-05T12:30:04.000Z</time>
        <extensions>
          <ns3:TrackPointExtension>
            <ns3:hr>149</ns3:hr>
            <ns3:cad>87</ns3:cad>
          </ns3:TrackPointExtension>
        </extensions>
      </trkpt>
      <trkpt lat="31.15597589872777462005615234375" lon="121.19455746375024318695068359375">
        <ele>2.599999904632568359375</ele>
        <time>2025-10-05T12:30:05.000Z</time>
        <extensions>
          <ns3:TrackPointExtension>
            <ns3:hr>149</ns3:hr>
            <ns3:cad>87</ns3:cad>
          </ns3:TrackPointExtension>
        </extensions>
      </trkpt>
      <trkpt lat="31.1559714563190937042236328125" lon="121.194525025784969329833984375">
        <ele>2.599999904632568359375</ele>
        <time>2025-10-05T12:30:06.000Z</time>
        <extensions>
          <ns3:TrackPointExtension>
            <ns3:hr>149</ns3:hr>
            <ns3:cad>88</ns3:cad>
          </ns3:TrackPointExtension>
        </extensions>
      </trkpt>
      <trkpt lat="31.1559650860726833343505859375" lon="121.19450247846543788909912109375">
        <ele>2.599999904632568359375</ele>
        <time>2025-10-05T12:30:07.000Z</time>
        <extensions>
          <ns3:TrackPointExtension>
            <ns3:hr>149</ns3:hr>
            <ns3:cad>88</ns3:cad>
          </ns3:TrackPointExtension>
        </extensions>
      </trkpt>
      <trkpt lat="31.15596198476850986480712890625" lon="121.19446978904306888580322265625">
        <ele>2.599999904632568359375</ele>
        <time>2025-10-05T12:30:08.000Z</time>
        <extensions>
          <ns3:TrackPointExtension>
            <ns3:hr>149</ns3:hr>
            <ns3:cad>88</ns3:cad>
          </ns3:TrackPointExtension>
        </extensions>
      </trkpt>
      <trkpt lat="31.15595460869371891021728515625" lon="121.19444414041936397552490234375">
        <ele>2.599999904632568359375</ele>
        <time>2025-10-05T12:30:09.000Z</time>
        <extensions>
          <ns3:TrackPointExtension>
            <ns3:hr>149</ns3:hr>
            <ns3:cad>88</ns3:cad>
          </ns3:TrackPointExtension>
        </extensions>
      </trkpt>
      <trkpt lat="31.15595175884664058685302734375" lon="121.19441195391118526458740234375">
        <ele>2.599999904632568359375</ele>
        <time>2025-10-05T12:30:10.000Z</time>
        <extensions>
          <ns3:TrackPointExtension>
            <ns3:hr>150</ns3:hr>
            <ns3:cad>87</ns3:cad>
          </ns3:TrackPointExtension>
        </extensions>
      </trkpt>
      <trkpt lat="31.15594605915248394012451171875" lon="121.19438479654490947723388671875">
        <ele>2.599999904632568359375</ele>
        <time>2025-10-05T12:30:11.000Z</time>
        <extensions>
          <ns3:TrackPointExtension>
            <ns3:hr>149</ns3:hr>
            <ns3:cad>87</ns3:cad>
          </ns3:TrackPointExtension>
        </extensions>
      </trkpt>
      <trkpt lat="31.1559375934302806854248046875" lon="121.194352023303508758544921875">
        <ele>2.599999904632568359375</ele>
        <time>2025-10-05T12:30:12.000Z</time>
        <extensions>
          <ns3:TrackPointExtension>
            <ns3:hr>149</ns3:hr>
            <ns3:cad>87</ns3:cad>
          </ns3:TrackPointExtension>
        </extensions>
      </trkpt>
      <trkpt lat="31.15592979826033115386962890625" lon="121.194323860108852386474609375">
        <ele>2.599999904632568359375</ele>
        <time>2025-10-05T12:30:13.000Z</time>
        <extensions>
          <ns3:TrackPointExtension>
            <ns3:hr>149</ns3:hr>
            <ns3:cad>87</ns3:cad>
          </ns3:TrackPointExtension>
        </extensions>
      </trkpt>
      <trkpt lat="31.155926026403903961181640625" lon="121.19429133832454681396484375">
        <ele>2.400000095367431640625</ele>
        <time>2025-10-05T12:30:14.000Z</time>
        <extensions>
          <ns3:TrackPointExtension>
            <ns3:hr>150</ns3:hr>
            <ns3:cad>87</ns3:cad>
          </ns3:TrackPointExtension>
        </extensions>
      </trkpt>
      <trkpt lat="31.15591831505298614501953125" lon="121.19425940327346324920654296875">
        <ele>2.400000095367431640625</ele>
        <time>2025-10-05T12:30:15.000Z</time>
        <extensions>
          <ns3:TrackPointExtension>
            <ns3:hr>149</ns3:hr>
            <ns3:cad>88</ns3:cad>
          </ns3:TrackPointExtension>
        </extensions>
      </trkpt>
      <trkpt lat="31.15590984933078289031982421875" lon="121.19422989897429943084716796875">
        <ele>2.400000095367431640625</ele>
        <time>2025-10-05T12:30:16.000Z</time>
        <extensions>
          <ns3:TrackPointExtension>
            <ns3:hr>149</ns3:hr>
            <ns3:cad>87</ns3:cad>
          </ns3:TrackPointExtension>
        </extensions>
      </trkpt>
      <trkpt lat="31.1559033952653408050537109375" lon="121.19419368915259838104248046875">
        <ele>2.400000095367431640625</ele>
        <time>2025-10-05T12:30:17.000Z</time>
        <extensions>
          <ns3:TrackPointExtension>
            <ns3:hr>149</ns3:hr>
            <ns3:cad>88</ns3:cad>
          </ns3:TrackPointExtension>
        </extensions>
      </trkpt>
      <trkpt lat="31.155895181000232696533203125" lon="121.194168962538242340087890625">
        <ele>2.400000095367431640625</ele>
        <time>2025-10-05T12:30:18.000Z</time>
        <extensions>
          <ns3:TrackPointExtension>
            <ns3:hr>149</ns3:hr>
            <ns3:cad>87</ns3:cad>
          </ns3:TrackPointExtension>
        </extensions>
      </trkpt>
      <trkpt lat="31.155890487134456634521484375" lon="121.19413468055427074432373046875">
        <ele>2.400000095367431640625</ele>
        <time>2025-10-05T12:30:19.000Z</time>
        <extensions>
          <ns3:TrackPointExtension>
            <ns3:hr>149</ns3:hr>
            <ns3:cad>87</ns3:cad>
          </ns3:TrackPointExtension>
        </extensions>
      </trkpt>
      <trkpt lat="31.15588705055415630340576171875" lon="121.1941087804734706878662109375">
        <ele>2.400000095367431640625</ele>
        <time>2025-10-05T12:30:20.000Z</time>
        <extensions>
          <ns3:TrackPointExtension>
            <ns3:hr>150</ns3:hr>
            <ns3:cad>87</ns3:cad>
          </ns3:TrackPointExtension>
        </extensions>
      </trkpt>
      <trkpt lat="31.15588252432644367218017578125" lon="121.1940735764801502227783203125">
        <ele>2.400000095367431640625</ele>
        <time>2025-10-05T12:30:21.000Z</time>
        <extensions>
          <ns3:TrackPointExtension>
            <ns3:hr>149</ns3:hr>
            <ns3:cad>87</ns3:cad>
          </ns3:TrackPointExtension>
        </extensions>
      </trkpt>
      <trkpt lat="31.155879758298397064208984375" lon="121.1940450780093669891357421875">
        <ele>2.400000095367431640625</ele>
        <time>2025-10-05T12:30:22.000Z</time>
        <extensions>
          <ns3:TrackPointExtension>
            <ns3:hr>149</ns3:hr>
            <ns3:cad>87</ns3:cad>
          </ns3:TrackPointExtension>
        </extensions>
      </trkpt>
      <trkpt lat="31.1558735556900501251220703125" lon="121.1940189264714717864990234375">
        <ele>2.400000095367431640625</ele>
        <time>2025-10-05T12:30:23.000Z</time>
        <extensions>
          <ns3:TrackPointExtension>
            <ns3:hr>149</ns3:hr>
            <ns3:cad>87</ns3:cad>
          </ns3:TrackPointExtension>
        </extensions>
      </trkpt>
      <trkpt lat="31.15586894564330577850341796875" lon="121.19399000890552997589111328125">
        <ele>2.400000095367431640625</ele>
        <time>2025-10-05T12:30:24.000Z</time>
        <extensions>
          <ns3:TrackPointExtension>
            <ns3:hr>150</ns3:hr>
            <ns3:cad>87</ns3:cad>
          </ns3:TrackPointExtension>
        </extensions>
      </trkpt>
      <trkpt lat="31.1558601446449756622314453125" lon="121.19396670721471309661865234375">
        <ele>2.400000095367431640625</ele>
        <time>2025-10-05T12:30:25.000Z</time>
        <extensions>
          <ns3:TrackPointExtension>
            <ns3:hr>150</ns3:hr>
            <ns3:cad>87</ns3:cad>
          </ns3:TrackPointExtension>
        </extensions>
      </trkpt>
      <trkpt lat="31.15585017018020153045654296875" lon="121.193937957286834716796875">
        <ele>2.400000095367431640625</ele>
        <time>2025-10-05T12:30:26.000Z</time>
        <extensions>
          <ns3:TrackPointExtension>
            <ns3:hr>150</ns3:hr>
            <ns3:cad>87</ns3:cad>
          </ns3:TrackPointExtension>
        </extensions>
      </trkpt>
      <trkpt lat="31.1558400280773639678955078125" lon="121.1939163319766521453857421875">
        <ele>2.400000095367431640625</ele>
        <time>2025-10-05T12:30:27.000Z</time>
        <extensions>
          <ns3:TrackPointExtension>
            <ns3:hr>150</ns3:hr>
            <ns3:cad>87</ns3:cad>
          </ns3:TrackPointExtension>
        </extensions>
      </trkpt>
      <trkpt lat="31.15583357401192188262939453125" lon="121.1938824690878391265869140625">
        <ele>2.599999904632568359375</ele>
        <time>2025-10-05T12:30:28.000Z</time>
        <extensions>
          <ns3:TrackPointExtension>
            <ns3:hr>150</ns3:hr>
            <ns3:cad>86</ns3:cad>
          </ns3:TrackPointExtension>
        </extensions>
      </trkpt>
      <trkpt lat="31.1558279581367969512939453125" lon="121.19384885765612125396728515625">
        <ele>2.400000095367431640625</ele>
        <time>2025-10-05T12:30:29.000Z</time>
        <extensions>
          <ns3:TrackPointExtension>
            <ns3:hr>150</ns3:hr>
            <ns3:cad>86</ns3:cad>
          </ns3:TrackPointExtension>
        </extensions>
      </trkpt>
      <trkpt lat="31.15582200698554515838623046875" lon="121.1938140727579593658447265625">
        <ele>2.400000095367431640625</ele>
        <time>2025-10-05T12:30:30.000Z</time>
        <extensions>
          <ns3:TrackPointExtension>
            <ns3:hr>150</ns3:hr>
            <ns3:cad>86</ns3:cad>
          </ns3:TrackPointExtension>
        </extensions>
      </trkpt>
      <trkpt lat="31.15581865422427654266357421875" lon="121.19378574192523956298828125">
        <ele>2.400000095367431640625</ele>
        <time>2025-10-05T12:30:31.000Z</time>
        <extensions>
          <ns3:TrackPointExtension>
            <ns3:hr>150</ns3:hr>
            <ns3:cad>86</ns3:cad>
          </ns3:TrackPointExtension>
        </extensions>
      </trkpt>
      <trkpt lat="31.15581328980624675750732421875" lon="121.19375816546380519866943359375">
        <ele>2.400000095367431640625</ele>
        <time>2025-10-05T12:30:32.000Z</time>
        <extensions>
          <ns3:TrackPointExtension>
            <ns3:hr>150</ns3:hr>
            <ns3:cad>86</ns3:cad>
          </ns3:TrackPointExtension>
        </extensions>
      </trkpt>
      <trkpt lat="31.15581236779689788818359375" lon="121.19372396729886531829833984375">
        <ele>2.400000095367431640625</ele>
        <time>2025-10-05T12:30:33.000Z</time>
        <extensions>
          <ns3:TrackPointExtension>
            <ns3:hr>150</ns3:hr>
            <ns3:cad>86</ns3:cad>
          </ns3:TrackPointExtension>
        </extensions>
      </trkpt>
      <trkpt lat="31.155811361968517303466796875" lon="121.19369588792324066162109375">
        <ele>2.599999904632568359375</ele>
        <time>2025-10-05T12:30:34.000Z</time>
        <extensions>
          <ns3:TrackPointExtension>
            <ns3:hr>150</ns3:hr>
            <ns3:cad>86</ns3:cad>
          </ns3:TrackPointExtension>
        </extensions>
      </trkpt>
      <trkpt lat="31.1558170616626739501953125" lon="121.1936603486537933349609375">
        <ele>2.599999904632568359375</ele>
        <time>2025-10-05T12:30:35.000Z</time>
        <extensions>
          <ns3:TrackPointExtension>
            <ns3:hr>150</ns3:hr>
            <ns3:cad>86</ns3:cad>
          </ns3:TrackPointExtension>
        </extensions>
      </trkpt>
      <trkpt lat="31.1558252759277820587158203125" lon="121.1936283297836780548095703125">
        <ele>2.599999904632568359375</ele>
        <time>2025-10-05T12:30:36.000Z</time>
        <extensions>
          <ns3:TrackPointExtension>
            <ns3:hr>150</ns3:hr>
            <ns3:cad>85</ns3:cad>
          </ns3:TrackPointExtension>
        </extensions>
      </trkpt>
      <trkpt lat="31.15584195591509342193603515625" lon="121.193600334227085113525390625">
        <ele>2.599999904632568359375</ele>
        <time>2025-10-05T12:30:37.000Z</time>
        <extensions>
          <ns3:TrackPointExtension>
            <ns3:hr>150</ns3:hr>
            <ns3:cad>85</ns3:cad>
          </ns3:TrackPointExtension>
        </extensions>
      </trkpt>
      <trkpt lat="31.1558624915778636932373046875" lon="121.19358516298234462738037109375">
        <ele>2.599999904632568359375</ele>
        <time>2025-10-05T12:30:38.000Z</time>
        <extensions>
          <ns3:TrackPointExtension>
            <ns3:hr>149</ns3:hr>
            <ns3:cad>86</ns3:cad>
          </ns3:TrackPointExtension>
        </extensions>
      </trkpt>
      <trkpt lat="31.1558836139738559722900390625" lon="121.193573176860809326171875">
        <ele>2.599999904632568359375</ele>
        <time>2025-10-05T12:30:39.000Z</time>
        <extensions>
          <ns3:TrackPointExtension>
            <ns3:hr>150</ns3:hr>
            <ns3:cad>86</ns3:cad>
          </ns3:TrackPointExtension>
        </extensions>
      </trkpt>
      <trkpt lat="31.15591269917786121368408203125" lon="121.1935663037002086639404296875">
        <ele>2.599999904632568359375</ele>
        <time>2025-10-05T12:30:40.000Z</time>
        <extensions>
          <ns3:TrackPointExtension>
            <ns3:hr>149</ns3:hr>
            <ns3:cad>85</ns3:cad>
          </ns3:TrackPointExtension>
        </extensions>
      </trkpt>
      <trkpt lat="31.1559332348406314849853515625" lon="121.19355834089219570159912109375">
        <ele>2.599999904632568359375</ele>
        <time>2025-10-05T12:30:41.000Z</time>
        <extensions>
          <ns3:TrackPointExtension>
            <ns3:hr>149</ns3:hr>
            <ns3:cad>85</ns3:cad>
          </ns3:TrackPointExtension>
        </extensions>
      </trkpt>
      <trkpt lat="31.155962236225605010986328125" lon="121.1935471929609775543212890625">
        <ele>2.599999904632568359375</ele>
        <time>2025-10-05T12:30:42.000Z</time>
        <extensions>
          <ns3:TrackPointExtension>
            <ns3:hr>149</ns3:hr>
            <ns3:cad>85</ns3:cad>
          </ns3:TrackPointExtension>
        </extensions>
      </trkpt>
      <trkpt lat="31.15598578937351703643798828125" lon="121.19353956542909145355224609375">
        <ele>2.599999904632568359375</ele>
        <time>2025-10-05T12:30:43.000Z</time>
        <extensions>
          <ns3:TrackPointExtension>
            <ns3:hr>149</ns3:hr>
            <ns3:cad>84</ns3:cad>
          </ns3:TrackPointExtension>
        </extensions>
      </trkpt>
      <trkpt lat="31.15601043216884136199951171875" lon="121.19352833367884159088134765625">
        <ele>2.599999904632568359375</ele>
        <time>2025-10-05T12:30:44.000Z</time>
        <extensions>
          <ns3:TrackPointExtension>
            <ns3:hr>149</ns3:hr>
            <ns3:cad>84</ns3:cad>
          </ns3:TrackPointExtension>
        </extensions>
      </trkpt>
      <trkpt lat="31.1560341529548168182373046875" lon="121.19351542554795742034912109375">
        <ele>2.7999999523162841796875</ele>
        <time>2025-10-05T12:30:45.000Z</time>
        <extensions>
          <ns3:TrackPointExtension>
            <ns3:hr>149</ns3:hr>
            <ns3:cad>85</ns3:cad>
          </ns3:TrackPointExtension>
        </extensions>
      </trkpt>
      <trkpt lat="31.15605586208403110504150390625" lon="121.19350100867450237274169921875">
        <ele>2.7999999523162841796875</ele>
        <time>2025-10-05T12:30:46.000Z</time>
        <extensions>
          <ns3:TrackPointExtension>
            <ns3:hr>149</ns3:hr>
            <ns3:cad>86</ns3:cad>
          </ns3:TrackPointExtension>
        </extensions>
      </trkpt>
      <trkpt lat="31.15608301945030689239501953125" lon="121.19348877109587192535400390625">
        <ele>2.7999999523162841796875</ele>
        <time>2025-10-05T12:30:47.000Z</time>
        <extensions>
          <ns3:TrackPointExtension>
            <ns3:hr>150</ns3:hr>
            <ns3:cad>86</ns3:cad>
          </ns3:TrackPointExtension>
        </extensions>
      </trkpt>
      <trkpt lat="31.1561045609414577484130859375" lon="121.19347603060305118560791015625">
        <ele>2.7999999523162841796875</ele>
        <time>2025-10-05T12:30:48.000Z</time>
        <extensions>
          <ns3:TrackPointExtension>
            <ns3:hr>149</ns3:hr>
            <ns3:cad>86</ns3:cad>
          </ns3:TrackPointExtension>
        </extensions>
      </trkpt>
      <trkpt lat="31.15612811408936977386474609375" lon="121.19346329011023044586181640625">
        <ele>2.7999999523162841796875</ele>
        <time>2025-10-05T12:30:49.000Z</time>
        <extensions>
          <ns3:TrackPointExtension>
            <ns3:hr>149</ns3:hr>
            <ns3:cad>86</ns3:cad>
          </ns3:TrackPointExtension>
        </extensions>
      </trkpt>
      <trkpt lat="31.1561494879424571990966796875" lon="121.1934479512274265289306640625">
        <ele>3</ele>
        <time>2025-10-05T12:30:50.000Z</time>
        <extensions>
          <ns3:TrackPointExtension>
            <ns3:hr>149</ns3:hr>
            <ns3:cad>86</ns3:cad>
          </ns3:TrackPointExtension>
        </extensions>
      </trkpt>
      <trkpt lat="31.1561739630997180938720703125" lon="121.19343395344913005828857421875">
        <ele>3</ele>
        <time>2025-10-05T12:30:51.000Z</time>
        <extensions>
          <ns3:TrackPointExtension>
            <ns3:hr>149</ns3:hr>
            <ns3:cad>86</ns3:cad>
          </ns3:TrackPointExtension>
        </extensions>
      </trkpt>
      <trkpt lat="31.15620288066565990447998046875" lon="121.19342188350856304168701171875">
        <ele>3</ele>
        <time>2025-10-05T12:30:52.000Z</time>
        <extensions>
          <ns3:TrackPointExtension>
            <ns3:hr>149</ns3:hr>
            <ns3:cad>86</ns3:cad>
          </ns3:TrackPointExtension>
        </extensions>
      </trkpt>
      <trkpt lat="31.15622467361390590667724609375" lon="121.19341333396732807159423828125">
        <ele>3.2000000476837158203125</ele>
        <time>2025-10-05T12:30:53.000Z</time>
        <extensions>
          <ns3:TrackPointExtension>
            <ns3:hr>149</ns3:hr>
            <ns3:cad>86</ns3:cad>
          </ns3:TrackPointExtension>
        </extensions>
      </trkpt>
      <trkpt lat="31.1562494002282619476318359375" lon="121.193401180207729339599609375">
        <ele>3.2000000476837158203125</ele>
        <time>2025-10-05T12:30:54.000Z</time>
        <extensions>
          <ns3:TrackPointExtension>
            <ns3:hr>149</ns3:hr>
            <ns3:cad>86</ns3:cad>
          </ns3:TrackPointExtension>
        </extensions>
      </trkpt>
      <trkpt lat="31.1562708579003810882568359375" lon="121.1933934688568115234375">
        <ele>3.400000095367431640625</ele>
        <time>2025-10-05T12:30:55.000Z</time>
        <extensions>
          <ns3:TrackPointExtension>
            <ns3:hr>149</ns3:hr>
            <ns3:cad>86</ns3:cad>
          </ns3:TrackPointExtension>
        </extensions>
      </trkpt>
      <trkpt lat="31.1562944948673248291015625" lon="121.193385086953639984130859375">
        <ele>3.400000095367431640625</ele>
        <time>2025-10-05T12:30:56.000Z</time>
        <extensions>
          <ns3:TrackPointExtension>
            <ns3:hr>148</ns3:hr>
            <ns3:cad>86</ns3:cad>
          </ns3:TrackPointExtension>
        </extensions>
      </trkpt>
      <trkpt lat="31.15631335414946079254150390625" lon="121.1933785490691661834716796875">
        <ele>3.400000095367431640625</ele>
        <time>2025-10-05T12:30:57.000Z</time>
        <extensions>
          <ns3:TrackPointExtension>
            <ns3:hr>149</ns3:hr>
            <ns3:cad>87</ns3:cad>
          </ns3:TrackPointExtension>
        </extensions>
      </trkpt>
      <trkpt lat="31.156335063278675079345703125" lon="121.193371005356311798095703125">
        <ele>3.599999904632568359375</ele>
        <time>2025-10-05T12:30:58.000Z</time>
        <extensions>
          <ns3:TrackPointExtension>
            <ns3:hr>149</ns3:hr>
            <ns3:cad>87</ns3:cad>
          </ns3:TrackPointExtension>
        </extensions>
      </trkpt>
      <trkpt lat="31.15635828115046024322509765625" lon="121.193363629281520843505859375">
        <ele>3.599999904632568359375</ele>
        <time>2025-10-05T12:30:59.000Z</time>
        <extensions>
          <ns3:TrackPointExtension>
            <ns3:hr>148</ns3:hr>
            <ns3:cad>87</ns3:cad>
          </ns3:TrackPointExtension>
        </extensions>
      </trkpt>
      <trkpt lat="31.156375966966152191162109375" lon="121.1933560855686664581298828125">
        <ele>3.599999904632568359375</ele>
        <time>2025-10-05T12:31:00.000Z</time>
        <extensions>
          <ns3:TrackPointExtension>
            <ns3:hr>148</ns3:hr>
            <ns3:cad>87</ns3:cad>
          </ns3:TrackPointExtension>
        </extensions>
      </trkpt>
      <trkpt lat="31.156398765742778778076171875" lon="121.19334745220839977264404296875">
        <ele>3.599999904632568359375</ele>
        <time>2025-10-05T12:31:01.000Z</time>
        <extensions>
          <ns3:TrackPointExtension>
            <ns3:hr>148</ns3:hr>
            <ns3:cad>87</ns3:cad>
          </ns3:TrackPointExtension>
        </extensions>
      </trkpt>
      <trkpt lat="31.15642131306231021881103515625" lon="121.19334275834262371063232421875">
        <ele>3.7999999523162841796875</ele>
        <time>2025-10-05T12:31:02.000Z</time>
        <extensions>
          <ns3:TrackPointExtension>
            <ns3:hr>148</ns3:hr>
            <ns3:cad>88</ns3:cad>
          </ns3:TrackPointExtension>
        </extensions>
      </trkpt>
      <trkpt lat="31.15644645877182483673095703125" lon="121.193332113325595855712890625">
        <ele>3.7999999523162841796875</ele>
        <time>2025-10-05T12:31:03.000Z</time>
        <extensions>
          <ns3:TrackPointExtension>
            <ns3:hr>148</ns3:hr>
            <ns3:cad>88</ns3:cad>
          </ns3:TrackPointExtension>
        </extensions>
      </trkpt>
      <trkpt lat="31.1564669944345951080322265625" lon="121.193322055041790008544921875">
        <ele>4</ele>
        <time>2025-10-05T12:31:04.000Z</time>
        <extensions>
          <ns3:TrackPointExtension>
            <ns3:hr>148</ns3:hr>
            <ns3:cad>88</ns3:cad>
          </ns3:TrackPointExtension>
        </extensions>
      </trkpt>
      <trkpt lat="31.15649742074310779571533203125" lon="121.193308643996715545654296875">
        <ele>4</ele>
        <time>2025-10-05T12:31:05.000Z</time>
        <extensions>
          <ns3:TrackPointExtension>
            <ns3:hr>148</ns3:hr>
            <ns3:cad>87</ns3:cad>
          </ns3:TrackPointExtension>
        </extensions>
      </trkpt>
      <trkpt lat="31.15652172826230525970458984375" lon="121.19329615496098995208740234375">
        <ele>4</ele>
        <time>2025-10-05T12:31:06.000Z</time>
        <extensions>
          <ns3:TrackPointExtension>
            <ns3:hr>147</ns3:hr>
            <ns3:cad>87</ns3:cad>
          </ns3:TrackPointExtension>
        </extensions>
      </trkpt>
      <trkpt lat="31.1565504781901836395263671875" lon="121.19327989406883716583251953125">
        <ele>4</ele>
        <time>2025-10-05T12:31:07.000Z</time>
        <extensions>
          <ns3:TrackPointExtension>
            <ns3:hr>148</ns3:hr>
            <ns3:cad>87</ns3:cad>
          </ns3:TrackPointExtension>
        </extensions>
      </trkpt>
      <trkpt lat="31.1565749533474445343017578125" lon="121.19326681829988956451416015625">
        <ele>4</ele>
        <time>2025-10-05T12:31:08.000Z</time>
        <extensions>
          <ns3:TrackPointExtension>
            <ns3:hr>148</ns3:hr>
            <ns3:cad>87</ns3:cad>
          </ns3:TrackPointExtension>
        </extensions>
      </trkpt>
      <trkpt lat="31.15659666247665882110595703125" lon="121.1932526528835296630859375">
        <ele>4</ele>
        <time>2025-10-05T12:31:09.000Z</time>
        <extensions>
          <ns3:TrackPointExtension>
            <ns3:hr>147</ns3:hr>
            <ns3:cad>87</ns3:cad>
          </ns3:TrackPointExtension>
        </extensions>
      </trkpt>
      <trkpt lat="31.15662147291004657745361328125" lon="121.19324125349521636962890625">
        <ele>4</ele>
        <time>2025-10-05T12:31:10.000Z</time>
        <extensions>
          <ns3:TrackPointExtension>
            <ns3:hr>148</ns3:hr>
            <ns3:cad>87</ns3:cad>
          </ns3:TrackPointExtension>
        </extensions>
      </trkpt>
      <trkpt lat="31.156642176210880279541015625" lon="121.19323052465915679931640625">
        <ele>4</ele>
        <time>2025-10-05T12:31:11.000Z</time>
        <extensions>
          <ns3:TrackPointExtension>
            <ns3:hr>148</ns3:hr>
            <ns3:cad>87</ns3:cad>
          </ns3:TrackPointExtension>
        </extensions>
      </trkpt>
      <trkpt lat="31.1566681601107120513916015625" lon="121.193221472203731536865234375">
        <ele>4</ele>
        <time>2025-10-05T12:31:12.000Z</time>
        <extensions>
          <ns3:TrackPointExtension>
            <ns3:hr>147</ns3:hr>
            <ns3:cad>86</ns3:cad>
          </ns3:TrackPointExtension>
        </extensions>
      </trkpt>
      <trkpt lat="31.156691126525402069091796875" lon="121.1932132579386234283447265625">
        <ele>4</ele>
        <time>2025-10-05T12:31:13.000Z</time>
        <extensions>
          <ns3:TrackPointExtension>
            <ns3:hr>148</ns3:hr>
            <ns3:cad>86</ns3:cad>
          </ns3:TrackPointExtension>
        </extensions>
      </trkpt>
      <trkpt lat="31.156719289720058441162109375" lon="121.193206720054149627685546875">
        <ele>4</ele>
        <time>2025-10-05T12:31:14.000Z</time>
        <extensions>
          <ns3:TrackPointExtension>
            <ns3:hr>148</ns3:hr>
            <ns3:cad>86</ns3:cad>
          </ns3:TrackPointExtension>
        </extensions>
      </trkpt>
      <trkpt lat="31.15673932246863842010498046875" lon="121.19320227764546871185302734375">
        <ele>4</ele>
        <time>2025-10-05T12:31:15.000Z</time>
        <extensions>
          <ns3:TrackPointExtension>
            <ns3:hr>148</ns3:hr>
            <ns3:cad>86</ns3:cad>
          </ns3:TrackPointExtension>
        </extensions>
      </trkpt>
      <trkpt lat="31.1567663960158824920654296875" lon="121.193195991218090057373046875">
        <ele>3.7999999523162841796875</ele>
        <time>2025-10-05T12:31:16.000Z</time>
        <extensions>
          <ns3:TrackPointExtension>
            <ns3:hr>148</ns3:hr>
            <ns3:cad>86</ns3:cad>
          </ns3:TrackPointExtension>
        </extensions>
      </trkpt>
      <trkpt lat="31.156789362430572509765625" lon="121.19318819604814052581787109375">
        <ele>3.7999999523162841796875</ele>
        <time>2025-10-05T12:31:17.000Z</time>
        <extensions>
          <ns3:TrackPointExtension>
            <ns3:hr>147</ns3:hr>
            <ns3:cad>87</ns3:cad>
          </ns3:TrackPointExtension>
        </extensions>
      </trkpt>
      <trkpt lat="31.1568140052258968353271484375" lon="121.19318165816366672515869140625">
        <ele>3.599999904632568359375</ele>
        <time>2025-10-05T12:31:18.000Z</time>
        <extensions>
          <ns3:TrackPointExtension>
            <ns3:hr>148</ns3:hr>
            <ns3:cad>87</ns3:cad>
          </ns3:TrackPointExtension>
        </extensions>
      </trkpt>
      <trkpt lat="31.156842671334743499755859375" lon="121.1931706778705120086669921875">
        <ele>3.599999904632568359375</ele>
        <time>2025-10-05T12:31:19.000Z</time>
        <extensions>
          <ns3:TrackPointExtension>
            <ns3:hr>148</ns3:hr>
            <ns3:cad>87</ns3:cad>
          </ns3:TrackPointExtension>
        </extensions>
      </trkpt>
      <trkpt lat="31.15686438046395778656005859375" lon="121.19316204451024532318115234375">
        <ele>3.599999904632568359375</ele>
        <time>2025-10-05T12:31:20.000Z</time>
        <extensions>
          <ns3:TrackPointExtension>
            <ns3:hr>147</ns3:hr>
            <ns3:cad>86</ns3:cad>
          </ns3:TrackPointExtension>
        </extensions>
      </trkpt>
      <trkpt lat="31.1568958126008510589599609375" lon="121.19315274059772491455078125">
        <ele>3.400000095367431640625</ele>
        <time>2025-10-05T12:31:21.000Z</time>
        <extensions>
          <ns3:TrackPointExtension>
            <ns3:hr>148</ns3:hr>
            <ns3:cad>86</ns3:cad>
          </ns3:TrackPointExtension>
        </extensions>
      </trkpt>
      <trkpt lat="31.1569169349968433380126953125" lon="121.19314343668520450592041015625">
        <ele>3.400000095367431640625</ele>
        <time>2025-10-05T12:31:22.000Z</time>
        <extensions>
          <ns3:TrackPointExtension>
            <ns3:hr>149</ns3:hr>
            <ns3:cad>86</ns3:cad>
          </ns3:TrackPointExtension>
        </extensions>
      </trkpt>
      <trkpt lat="31.1569427512586116790771484375" lon="121.19313438422977924346923828125">
        <ele>3.400000095367431640625</ele>
        <time>2025-10-05T12:31:23.000Z</time>
        <extensions>
          <ns3:TrackPointExtension>
            <ns3:hr>149</ns3:hr>
            <ns3:cad>86</ns3:cad>
          </ns3:TrackPointExtension>
        </extensions>
      </trkpt>
      <trkpt lat="31.15696731023490428924560546875" lon="121.193127930164337158203125">
        <ele>3.400000095367431640625</ele>
        <time>2025-10-05T12:31:24.000Z</time>
        <extensions>
          <ns3:TrackPointExtension>
            <ns3:hr>149</ns3:hr>
            <ns3:cad>86</ns3:cad>
          </ns3:TrackPointExtension>
        </extensions>
      </trkpt>
      <trkpt lat="31.156993545591831207275390625" lon="121.193120218813419342041015625">
        <ele>3.400000095367431640625</ele>
        <time>2025-10-05T12:31:25.000Z</time>
        <extensions>
          <ns3:TrackPointExtension>
            <ns3:hr>149</ns3:hr>
            <ns3:cad>86</ns3:cad>
          </ns3:TrackPointExtension>
        </extensions>
      </trkpt>
      <trkpt lat="31.15701609291136264801025390625" lon="121.19311477057635784149169921875">
        <ele>3.400000095367431640625</ele>
        <time>2025-10-05T12:31:26.000Z</time>
        <extensions>
          <ns3:TrackPointExtension>
            <ns3:hr>149</ns3:hr>
            <ns3:cad>86</ns3:cad>
          </ns3:TrackPointExtension>
        </extensions>
      </trkpt>
      <trkpt lat="31.15703587420284748077392578125" lon="121.1931059695780277252197265625">
        <ele>3.2000000476837158203125</ele>
        <time>2025-10-05T12:31:27.000Z</time>
        <extensions>
          <ns3:TrackPointExtension>
            <ns3:hr>149</ns3:hr>
            <ns3:cad>86</ns3:cad>
          </ns3:TrackPointExtension>
        </extensions>
      </trkpt>
      <trkpt lat="31.15705984644591808319091796875" lon="121.1930992640554904937744140625">
        <ele>3.2000000476837158203125</ele>
        <time>2025-10-05T12:31:28.000Z</time>
        <extensions>
          <ns3:TrackPointExtension>
            <ns3:hr>149</ns3:hr>
            <ns3:cad>86</ns3:cad>
          </ns3:TrackPointExtension>
        </extensions>
      </trkpt>
      <trkpt lat="31.15708641707897186279296875" lon="121.19309239089488983154296875">
        <ele>3.2000000476837158203125</ele>
        <time>2025-10-05T12:31:29.000Z</time>
        <extensions>
          <ns3:TrackPointExtension>
            <ns3:hr>149</ns3:hr>
            <ns3:cad>86</ns3:cad>
          </ns3:TrackPointExtension>
        </extensions>
      </trkpt>
      <trkpt lat="31.15712069906294345855712890625" lon="121.1930838413536548614501953125">
        <ele>3.2000000476837158203125</ele>
        <time>2025-10-05T12:31:30.000Z</time>
        <extensions>
          <ns3:TrackPointExtension>
            <ns3:hr>149</ns3:hr>
            <ns3:cad>85</ns3:cad>
          </ns3:TrackPointExtension>
        </extensions>
      </trkpt>
      <trkpt lat="31.1571469344198703765869140625" lon="121.19307721965014934539794921875">
        <ele>3.2000000476837158203125</ele>
        <time>2025-10-05T12:31:31.000Z</time>
        <extensions>
          <ns3:TrackPointExtension>
            <ns3:hr>149</ns3:hr>
            <ns3:cad>85</ns3:cad>
          </ns3:TrackPointExtension>
        </extensions>
      </trkpt>
      <trkpt lat="31.1571730859577655792236328125" lon="121.1930724419653415679931640625">
        <ele>3.2000000476837158203125</ele>
        <time>2025-10-05T12:31:32.000Z</time>
        <extensions>
          <ns3:TrackPointExtension>
            <ns3:hr>149</ns3:hr>
            <ns3:cad>86</ns3:cad>
          </ns3:TrackPointExtension>
        </extensions>
      </trkpt>
      <trkpt lat="31.15720217116177082061767578125" lon="121.1930697597563266754150390625">
        <ele>3.2000000476837158203125</ele>
        <time>2025-10-05T12:31:33.000Z</time>
        <extensions>
          <ns3:TrackPointExtension>
            <ns3:hr>150</ns3:hr>
            <ns3:cad>86</ns3:cad>
          </ns3:TrackPointExtension>
        </extensions>
      </trkpt>
      <trkpt lat="31.1572250537574291229248046875" lon="121.19306330569088459014892578125">
        <ele>3.2000000476837158203125</ele>
        <time>2025-10-05T12:31:34.000Z</time>
        <extensions>
          <ns3:TrackPointExtension>
            <ns3:hr>149</ns3:hr>
            <ns3:cad>87</ns3:cad>
          </ns3:TrackPointExtension>
        </extensions>
      </trkpt>
      <trkpt lat="31.1572528816759586334228515625" lon="121.1930566839873790740966796875">
        <ele>3.2000000476837158203125</ele>
        <time>2025-10-05T12:31:35.000Z</time>
        <extensions>
          <ns3:TrackPointExtension>
            <ns3:hr>150</ns3:hr>
            <ns3:cad>86</ns3:cad>
          </ns3:TrackPointExtension>
        </extensions>
      </trkpt>
      <trkpt lat="31.15727827884256839752197265625" lon="121.19305291213095188140869140625">
        <ele>3.2000000476837158203125</ele>
        <time>2025-10-05T12:31:36.000Z</time>
        <extensions>
          <ns3:TrackPointExtension>
            <ns3:hr>150</ns3:hr>
            <ns3:cad>86</ns3:cad>
          </ns3:TrackPointExtension>
        </extensions>
      </trkpt>
      <trkpt lat="31.15730744786560535430908203125" lon="121.19304587133228778839111328125">
        <ele>3</ele>
        <time>2025-10-05T12:31:37.000Z</time>
        <extensions>
          <ns3:TrackPointExtension>
            <ns3:hr>150</ns3:hr>
            <ns3:cad>86</ns3:cad>
          </ns3:TrackPointExtension>
        </extensions>
      </trkpt>
      <trkpt lat="31.15733158774673938751220703125" lon="121.1930446140468120574951171875">
        <ele>3</ele>
        <time>2025-10-05T12:31:38.000Z</time>
        <extensions>
          <ns3:TrackPointExtension>
            <ns3:hr>150</ns3:hr>
            <ns3:cad>86</ns3:cad>
          </ns3:TrackPointExtension>
        </extensions>
      </trkpt>
      <trkpt lat="31.157357990741729736328125" lon="121.1930412612855434417724609375">
        <ele>3</ele>
        <time>2025-10-05T12:31:39.000Z</time>
        <extensions>
          <ns3:TrackPointExtension>
            <ns3:hr>150</ns3:hr>
            <ns3:cad>86</ns3:cad>
          </ns3:TrackPointExtension>
        </extensions>
      </trkpt>
      <trkpt lat="31.1573802866041660308837890625" lon="121.1930446140468120574951171875">
        <ele>3</ele>
        <time>2025-10-05T12:31:40.000Z</time>
        <extensions>
          <ns3:TrackPointExtension>
            <ns3:hr>150</ns3:hr>
            <ns3:cad>86</ns3:cad>
          </ns3:TrackPointExtension>
        </extensions>
      </trkpt>
      <trkpt lat="31.15740668959915637969970703125" lon="121.1930462904274463653564453125">
        <ele>3</ele>
        <time>2025-10-05T12:31:41.000Z</time>
        <extensions>
          <ns3:TrackPointExtension>
            <ns3:hr>150</ns3:hr>
            <ns3:cad>86</ns3:cad>
          </ns3:TrackPointExtension>
        </extensions>
      </trkpt>
      <trkpt lat="31.15743552334606647491455078125" lon="121.19304654188454151153564453125">
        <ele>3</ele>
        <time>2025-10-05T12:31:42.000Z</time>
        <extensions>
          <ns3:TrackPointExtension>
            <ns3:hr>150</ns3:hr>
            <ns3:cad>86</ns3:cad>
          </ns3:TrackPointExtension>
        </extensions>
      </trkpt>
      <trkpt lat="31.15745848976075649261474609375" lon="121.19304520078003406524658203125">
        <ele>3</ele>
        <time>2025-10-05T12:31:43.000Z</time>
        <extensions>
          <ns3:TrackPointExtension>
            <ns3:hr>151</ns3:hr>
            <ns3:cad>86</ns3:cad>
          </ns3:TrackPointExtension>
        </extensions>
      </trkpt>
      <trkpt lat="31.15748967044055461883544921875" lon="121.193040423095226287841796875">
        <ele>3</ele>
        <time>2025-10-05T12:31:44.000Z</time>
        <extensions>
          <ns3:TrackPointExtension>
            <ns3:hr>151</ns3:hr>
            <ns3:cad>86</ns3:cad>
          </ns3:TrackPointExtension>
        </extensions>
      </trkpt>
      <trkpt lat="31.15751481615006923675537109375" lon="121.1930382438004016876220703125">
        <ele>3</ele>
        <time>2025-10-05T12:31:45.000Z</time>
        <extensions>
          <ns3:TrackPointExtension>
            <ns3:hr>151</ns3:hr>
            <ns3:cad>86</ns3:cad>
          </ns3:TrackPointExtension>
        </extensions>
      </trkpt>
      <trkpt lat="31.1575442366302013397216796875" lon="121.1930348910391330718994140625">
        <ele>3</ele>
        <time>2025-10-05T12:31:46.000Z</time>
        <extensions>
          <ns3:TrackPointExtension>
            <ns3:hr>150</ns3:hr>
            <ns3:cad>87</ns3:cad>
          </ns3:TrackPointExtension>
        </extensions>
      </trkpt>
      <trkpt lat="31.1575653590261936187744140625" lon="121.1930353939533233642578125">
        <ele>3</ele>
        <time>2025-10-05T12:31:47.000Z</time>
        <extensions>
          <ns3:TrackPointExtension>
            <ns3:hr>151</ns3:hr>
            <ns3:cad>87</ns3:cad>
          </ns3:TrackPointExtension>
        </extensions>
      </trkpt>
      <trkpt lat="31.1575908400118350982666015625" lon="121.19303262792527675628662109375">
        <ele>3</ele>
        <time>2025-10-05T12:31:48.000Z</time>
        <extensions>
          <ns3:TrackPointExtension>
            <ns3:hr>151</ns3:hr>
            <ns3:cad>87</ns3:cad>
          </ns3:TrackPointExtension>
        </extensions>
      </trkpt>
      <trkpt lat="31.15761590190231800079345703125" lon="121.19303128682076930999755859375">
        <ele>2.7999999523162841796875</ele>
        <time>2025-10-05T12:31:49.000Z</time>
        <extensions>
          <ns3:TrackPointExtension>
            <ns3:hr>151</ns3:hr>
            <ns3:cad>87</ns3:cad>
          </ns3:TrackPointExtension>
        </extensions>
      </trkpt>
      <trkpt lat="31.1576428078114986419677734375" lon="121.1930286884307861328125">
        <ele>2.599999904632568359375</ele>
        <time>2025-10-05T12:31:50.000Z</time>
        <extensions>
          <ns3:TrackPointExtension>
            <ns3:hr>151</ns3:hr>
            <ns3:cad>87</ns3:cad>
          </ns3:TrackPointExtension>
        </extensions>
      </trkpt>
      <trkpt lat="31.15767155773937702178955078125" lon="121.193032376468181610107421875">
        <ele>2.599999904632568359375</ele>
        <time>2025-10-05T12:31:51.000Z</time>
        <extensions>
          <ns3:TrackPointExtension>
            <ns3:hr>151</ns3:hr>
            <ns3:cad>87</ns3:cad>
          </ns3:TrackPointExtension>
        </extensions>
      </trkpt>
      <trkpt lat="31.1576944403350353240966796875" lon="121.19303145445883274078369140625">
        <ele>2.599999904632568359375</ele>
        <time>2025-10-05T12:31:52.000Z</time>
        <extensions>
          <ns3:TrackPointExtension>
            <ns3:hr>151</ns3:hr>
            <ns3:cad>87</ns3:cad>
          </ns3:TrackPointExtension>
        </extensions>
      </trkpt>
      <trkpt lat="31.1577262915670871734619140625" lon="121.193032376468181610107421875">
        <ele>2.599999904632568359375</ele>
        <time>2025-10-05T12:31:53.000Z</time>
        <extensions>
          <ns3:TrackPointExtension>
            <ns3:hr>151</ns3:hr>
            <ns3:cad>87</ns3:cad>
          </ns3:TrackPointExtension>
        </extensions>
      </trkpt>
      <trkpt lat="31.1577522754669189453125" lon="121.1930308677256107330322265625">
        <ele>2.599999904632568359375</ele>
        <time>2025-10-05T12:31:54.000Z</time>
        <extensions>
          <ns3:TrackPointExtension>
            <ns3:hr>151</ns3:hr>
            <ns3:cad>86</ns3:cad>
          </ns3:TrackPointExtension>
        </extensions>
      </trkpt>
      <trkpt lat="31.15778119303286075592041015625" lon="121.19302726350724697113037109375">
        <ele>2.599999904632568359375</ele>
        <time>2025-10-05T12:31:55.000Z</time>
        <extensions>
          <ns3:TrackPointExtension>
            <ns3:hr>151</ns3:hr>
            <ns3:cad>86</ns3:cad>
          </ns3:TrackPointExtension>
        </extensions>
      </trkpt>
      <trkpt lat="31.15781019441783428192138671875" lon="121.1930285207927227020263671875">
        <ele>2.599999904632568359375</ele>
        <time>2025-10-05T12:31:56.000Z</time>
        <extensions>
          <ns3:TrackPointExtension>
            <ns3:hr>151</ns3:hr>
            <ns3:cad>85</ns3:cad>
          </ns3:TrackPointExtension>
        </extensions>
      </trkpt>
      <trkpt lat="31.15783651359379291534423828125" lon="121.19302843697369098663330078125">
        <ele>2.599999904632568359375</ele>
        <time>2025-10-05T12:31:57.000Z</time>
        <extensions>
          <ns3:TrackPointExtension>
            <ns3:hr>151</ns3:hr>
            <ns3:cad>86</ns3:cad>
          </ns3:TrackPointExtension>
        </extensions>
      </trkpt>
      <trkpt lat="31.15786266513168811798095703125" lon="121.19303799234330654144287109375">
        <ele>2.599999904632568359375</ele>
        <time>2025-10-05T12:31:58.000Z</time>
        <extensions>
          <ns3:TrackPointExtension>
            <ns3:hr>151</ns3:hr>
            <ns3:cad>85</ns3:cad>
          </ns3:TrackPointExtension>
        </extensions>
      </trkpt>
      <trkpt lat="31.15788839757442474365234375" lon="121.19304436258971691131591796875">
        <ele>2.599999904632568359375</ele>
        <time>2025-10-05T12:31:59.000Z</time>
        <extensions>
          <ns3:TrackPointExtension>
            <ns3:hr>152</ns3:hr>
            <ns3:cad>86</ns3:cad>
          </ns3:TrackPointExtension>
        </extensions>
      </trkpt>
      <trkpt lat="31.1579120345413684844970703125" lon="121.193051822483539581298828125">
        <ele>2.599999904632568359375</ele>
        <time>2025-10-05T12:32:00.000Z</time>
        <extensions>
          <ns3:TrackPointExtension>
            <ns3:hr>152</ns3:hr>
            <ns3:cad>85</ns3:cad>
          </ns3:TrackPointExtension>
        </extensions>
      </trkpt>
      <trkpt lat="31.15793240256607532501220703125" lon="121.19305215775966644287109375">
        <ele>2.599999904632568359375</ele>
        <time>2025-10-05T12:32:01.000Z</time>
        <extensions>
          <ns3:TrackPointExtension>
            <ns3:hr>152</ns3:hr>
            <ns3:cad>86</ns3:cad>
          </ns3:TrackPointExtension>
        </extensions>
      </trkpt>
      <trkpt lat="31.1579609848558902740478515625" lon="121.19305928237736225128173828125">
        <ele>2.7999999523162841796875</ele>
        <time>2025-10-05T12:32:02.000Z</time>
        <extensions>
          <ns3:TrackPointExtension>
            <ns3:hr>152</ns3:hr>
            <ns3:cad>86</ns3:cad>
          </ns3:TrackPointExtension>
        </extensions>
      </trkpt>
      <trkpt lat="31.1579800955951213836669921875" lon="121.19306213222444057464599609375">
        <ele>2.7999999523162841796875</ele>
        <time>2025-10-05T12:32:03.000Z</time>
        <extensions>
          <ns3:TrackPointExtension>
            <ns3:hr>152</ns3:hr>
            <ns3:cad>87</ns3:cad>
          </ns3:TrackPointExtension>
        </extensions>
      </trkpt>
      <trkpt lat="31.15800783969461917877197265625" lon="121.19306288659572601318359375">
        <ele>2.7999999523162841796875</ele>
        <time>2025-10-05T12:32:04.000Z</time>
        <extensions>
          <ns3:TrackPointExtension>
            <ns3:hr>152</ns3:hr>
            <ns3:cad>87</ns3:cad>
          </ns3:TrackPointExtension>
        </extensions>
      </trkpt>
      <trkpt lat="31.1580303870141506195068359375" lon="121.19306447915732860565185546875">
        <ele>2.599999904632568359375</ele>
        <time>2025-10-05T12:32:05.000Z</time>
        <extensions>
          <ns3:TrackPointExtension>
            <ns3:hr>152</ns3:hr>
            <ns3:cad>88</ns3:cad>
          </ns3:TrackPointExtension>
        </extensions>
      </trkpt>
      <trkpt lat="31.15805963985621929168701171875" lon="121.19306732900440692901611328125">
        <ele>2.599999904632568359375</ele>
        <time>2025-10-05T12:32:06.000Z</time>
        <extensions>
          <ns3:TrackPointExtension>
            <ns3:hr>152</ns3:hr>
            <ns3:cad>88</ns3:cad>
          </ns3:TrackPointExtension>
        </extensions>
      </trkpt>
      <trkpt lat="31.15808327682316303253173828125" lon="121.19307135231792926788330078125">
        <ele>2.599999904632568359375</ele>
        <time>2025-10-05T12:32:07.000Z</time>
        <extensions>
          <ns3:TrackPointExtension>
            <ns3:hr>152</ns3:hr>
            <ns3:cad>88</ns3:cad>
          </ns3:TrackPointExtension>
        </extensions>
      </trkpt>
      <trkpt lat="31.15811009891331195831298828125" lon="121.19307319633662700653076171875">
        <ele>2.599999904632568359375</ele>
        <time>2025-10-05T12:32:08.000Z</time>
        <extensions>
          <ns3:TrackPointExtension>
            <ns3:hr>152</ns3:hr>
            <ns3:cad>88</ns3:cad>
          </ns3:TrackPointExtension>
        </extensions>
      </trkpt>
      <trkpt lat="31.15813122130930423736572265625" lon="121.1930757947266101837158203125">
        <ele>2.599999904632568359375</ele>
        <time>2025-10-05T12:32:09.000Z</time>
        <extensions>
          <ns3:TrackPointExtension>
            <ns3:hr>152</ns3:hr>
            <ns3:cad>88</ns3:cad>
          </ns3:TrackPointExtension>
        </extensions>
      </trkpt>
      <trkpt lat="31.158156953752040863037109375" lon="121.19307822547852993011474609375">
        <ele>2.599999904632568359375</ele>
        <time>2025-10-05T12:32:10.000Z</time>
        <extensions>
          <ns3:TrackPointExtension>
            <ns3:hr>152</ns3:hr>
            <ns3:cad>87</ns3:cad>
          </ns3:TrackPointExtension>
        </extensions>
      </trkpt>
      <trkpt lat="31.15818184800446033477783203125" lon="121.19308174587786197662353515625">
        <ele>2.599999904632568359375</ele>
        <time>2025-10-05T12:32:11.000Z</time>
        <extensions>
          <ns3:TrackPointExtension>
            <ns3:hr>152</ns3:hr>
            <ns3:cad>88</ns3:cad>
          </ns3:TrackPointExtension>
        </extensions>
      </trkpt>
      <trkpt lat="31.158206574618816375732421875" lon="121.19308291934430599212646484375">
        <ele>2.599999904632568359375</ele>
        <time>2025-10-05T12:32:12.000Z</time>
        <extensions>
          <ns3:TrackPointExtension>
            <ns3:hr>151</ns3:hr>
            <ns3:cad>88</ns3:cad>
          </ns3:TrackPointExtension>
        </extensions>
      </trkpt>
      <trkpt lat="31.15823599509894847869873046875" lon="121.19308895431458950042724609375">
        <ele>2.599999904632568359375</ele>
        <time>2025-10-05T12:32:13.000Z</time>
        <extensions>
          <ns3:TrackPointExtension>
            <ns3:hr>151</ns3:hr>
            <ns3:cad>88</ns3:cad>
          </ns3:TrackPointExtension>
        </extensions>
      </trkpt>
      <trkpt lat="31.15825996734201908111572265625" lon="121.19308660738170146942138671875">
        <ele>2.599999904632568359375</ele>
        <time>2025-10-05T12:32:14.000Z</time>
        <extensions>
          <ns3:TrackPointExtension>
            <ns3:hr>151</ns3:hr>
            <ns3:cad>88</ns3:cad>
          </ns3:TrackPointExtension>
        </extensions>
      </trkpt>
      <trkpt lat="31.15829232148826122283935546875" lon="121.19308878667652606964111328125">
        <ele>2.599999904632568359375</ele>
        <time>2025-10-05T12:32:15.000Z</time>
        <extensions>
          <ns3:TrackPointExtension>
            <ns3:hr>151</ns3:hr>
            <ns3:cad>87</ns3:cad>
          </ns3:TrackPointExtension>
        </extensions>
      </trkpt>
      <trkpt lat="31.15831629373133182525634765625" lon="121.193088702857494354248046875">
        <ele>2.599999904632568359375</ele>
        <time>2025-10-05T12:32:16.000Z</time>
        <extensions>
          <ns3:TrackPointExtension>
            <ns3:hr>151</ns3:hr>
            <ns3:cad>87</ns3:cad>
          </ns3:TrackPointExtension>
        </extensions>
      </trkpt>
      <trkpt lat="31.15834345109760761260986328125" lon="121.19308543391525745391845703125">
        <ele>2.599999904632568359375</ele>
        <time>2025-10-05T12:32:17.000Z</time>
        <extensions>
          <ns3:TrackPointExtension>
            <ns3:hr>151</ns3:hr>
            <ns3:cad>87</ns3:cad>
          </ns3:TrackPointExtension>
        </extensions>
      </trkpt>
      <trkpt lat="31.15837027318775653839111328125" lon="121.19308426044881343841552734375">
        <ele>2.599999904632568359375</ele>
        <time>2025-10-05T12:32:18.000Z</time>
        <extensions>
          <ns3:TrackPointExtension>
            <ns3:hr>151</ns3:hr>
            <ns3:cad>87</ns3:cad>
          </ns3:TrackPointExtension>
        </extensions>
      </trkpt>
      <trkpt lat="31.1583946645259857177734375" lon="121.19308434426784515380859375">
        <ele>2.599999904632568359375</ele>
        <time>2025-10-05T12:32:19.000Z</time>
        <extensions>
          <ns3:TrackPointExtension>
            <ns3:hr>150</ns3:hr>
            <ns3:cad>87</ns3:cad>
          </ns3:TrackPointExtension>
        </extensions>
      </trkpt>
      <trkpt lat="31.158420480787754058837890625" lon="121.19308342225849628448486328125">
        <ele>2.599999904632568359375</ele>
        <time>2025-10-05T12:32:20.000Z</time>
        <extensions>
          <ns3:TrackPointExtension>
            <ns3:hr>150</ns3:hr>
            <ns3:cad>87</ns3:cad>
          </ns3:TrackPointExtension>
        </extensions>
      </trkpt>
      <trkpt lat="31.15844554267823696136474609375" lon="121.19308727793395519256591796875">
        <ele>2.599999904632568359375</ele>
        <time>2025-10-05T12:32:21.000Z</time>
        <extensions>
          <ns3:TrackPointExtension>
            <ns3:hr>150</ns3:hr>
            <ns3:cad>87</ns3:cad>
          </ns3:TrackPointExtension>
        </extensions>
      </trkpt>
      <trkpt lat="31.1584732867777347564697265625" lon="121.19309130124747753143310546875">
        <ele>2.599999904632568359375</ele>
        <time>2025-10-05T12:32:22.000Z</time>
        <extensions>
          <ns3:TrackPointExtension>
            <ns3:hr>150</ns3:hr>
            <ns3:cad>87</ns3:cad>
          </ns3:TrackPointExtension>
        </extensions>
      </trkpt>
      <trkpt lat="31.158493570983409881591796875" lon="121.19309146888554096221923828125">
        <ele>2.599999904632568359375</ele>
        <time>2025-10-05T12:32:23.000Z</time>
        <extensions>
          <ns3:TrackPointExtension>
            <ns3:hr>150</ns3:hr>
            <ns3:cad>87</ns3:cad>
          </ns3:TrackPointExtension>
        </extensions>
      </trkpt>
      <trkpt lat="31.1585225723683834075927734375" lon="121.19309197179973125457763671875">
        <ele>2.599999904632568359375</ele>
        <time>2025-10-05T12:32:24.000Z</time>
        <extensions>
          <ns3:TrackPointExtension>
            <ns3:hr>151</ns3:hr>
            <ns3:cad>86</ns3:cad>
          </ns3:TrackPointExtension>
        </extensions>
      </trkpt>
      <trkpt lat="31.15854687988758087158203125" lon="121.19308660738170146942138671875">
        <ele>2.599999904632568359375</ele>
        <time>2025-10-05T12:32:25.000Z</time>
        <extensions>
          <ns3:TrackPointExtension>
            <ns3:hr>150</ns3:hr>
            <ns3:cad>86</ns3:cad>
          </ns3:TrackPointExtension>
        </extensions>
      </trkpt>
      <trkpt lat="31.15857462398707866668701171875" lon="121.19308476336300373077392578125">
        <ele>2.599999904632568359375</ele>
        <time>2025-10-05T12:32:26.000Z</time>
        <extensions>
          <ns3:TrackPointExtension>
            <ns3:hr>150</ns3:hr>
            <ns3:cad>87</ns3:cad>
          </ns3:TrackPointExtension>
        </extensions>
      </trkpt>
      <trkpt lat="31.1585985124111175537109375" lon="121.19308258406817913055419921875">
        <ele>2.599999904632568359375</ele>
        <time>2025-10-05T12:32:27.000Z</time>
        <extensions>
          <ns3:TrackPointExtension>
            <ns3:hr>151</ns3:hr>
            <ns3:cad>88</ns3:cad>
          </ns3:TrackPointExtension>
        </extensions>
      </trkpt>
      <trkpt lat="31.158623658120632171630859375" lon="121.1930821649730205535888671875">
        <ele>2.400000095367431640625</ele>
        <time>2025-10-05T12:32:28.000Z</time>
        <extensions>
          <ns3:TrackPointExtension>
            <ns3:hr>150</ns3:hr>
            <ns3:cad>88</ns3:cad>
          </ns3:TrackPointExtension>
        </extensions>
      </trkpt>
      <trkpt lat="31.15864486433565616607666015625" lon="121.19307805784046649932861328125">
        <ele>2.599999904632568359375</ele>
        <time>2025-10-05T12:32:29.000Z</time>
        <extensions>
          <ns3:TrackPointExtension>
            <ns3:hr>150</ns3:hr>
            <ns3:cad>88</ns3:cad>
          </ns3:TrackPointExtension>
        </extensions>
      </trkpt>
      <trkpt lat="31.158672273159027099609375" lon="121.19307629764080047607421875">
        <ele>2.599999904632568359375</ele>
        <time>2025-10-05T12:32:30.000Z</time>
        <extensions>
          <ns3:TrackPointExtension>
            <ns3:hr>151</ns3:hr>
            <ns3:cad>88</ns3:cad>
          </ns3:TrackPointExtension>
        </extensions>
      </trkpt>
      <trkpt lat="31.1586972512304782867431640625" lon="121.19307386688888072967529296875">
        <ele>2.599999904632568359375</ele>
        <time>2025-10-05T12:32:31.000Z</time>
        <extensions>
          <ns3:TrackPointExtension>
            <ns3:hr>150</ns3:hr>
            <ns3:cad>88</ns3:cad>
          </ns3:TrackPointExtension>
        </extensions>
      </trkpt>
      <trkpt lat="31.1587220616638660430908203125" lon="121.1930684186518192291259765625">
        <ele>2.599999904632568359375</ele>
        <time>2025-10-05T12:32:32.000Z</time>
        <extensions>
          <ns3:TrackPointExtension>
            <ns3:hr>151</ns3:hr>
            <ns3:cad>88</ns3:cad>
          </ns3:TrackPointExtension>
        </extensions>
      </trkpt>
      <trkpt lat="31.15875114686787128448486328125" lon="121.19306548498570919036865234375">
        <ele>2.599999904632568359375</ele>
        <time>2025-10-05T12:32:33.000Z</time>
        <extensions>
          <ns3:TrackPointExtension>
            <ns3:hr>151</ns3:hr>
            <ns3:cad>87</ns3:cad>
          </ns3:TrackPointExtension>
        </extensions>
      </trkpt>
      <trkpt lat="31.1587728559970855712890625" lon="121.193061210215091705322265625">
        <ele>2.599999904632568359375</ele>
        <time>2025-10-05T12:32:34.000Z</time>
        <extensions>
          <ns3:TrackPointExtension>
            <ns3:hr>151</ns3:hr>
            <ns3:cad>87</ns3:cad>
          </ns3:TrackPointExtension>
        </extensions>
      </trkpt>
      <trkpt lat="31.15880194120109081268310546875" lon="121.19306162931025028228759765625">
        <ele>2.599999904632568359375</ele>
        <time>2025-10-05T12:32:35.000Z</time>
        <extensions>
          <ns3:TrackPointExtension>
            <ns3:hr>150</ns3:hr>
            <ns3:cad>87</ns3:cad>
          </ns3:TrackPointExtension>
        </extensions>
      </trkpt>
      <trkpt lat="31.1588223092257976531982421875" lon="121.19305660016834735870361328125">
        <ele>2.599999904632568359375</ele>
        <time>2025-10-05T12:32:36.000Z</time>
        <extensions>
          <ns3:TrackPointExtension>
            <ns3:hr>151</ns3:hr>
            <ns3:cad>86</ns3:cad>
          </ns3:TrackPointExtension>
        </extensions>
      </trkpt>
      <trkpt lat="31.15884904749691486358642578125" lon="121.19305492378771305084228515625">
        <ele>2.599999904632568359375</ele>
        <time>2025-10-05T12:32:37.000Z</time>
        <extensions>
          <ns3:TrackPointExtension>
            <ns3:hr>151</ns3:hr>
            <ns3:cad>86</ns3:cad>
          </ns3:TrackPointExtension>
        </extensions>
      </trkpt>
      <trkpt lat="31.158873774111270904541015625" lon="121.19305307976901531219482421875">
        <ele>2.599999904632568359375</ele>
        <time>2025-10-05T12:32:38.000Z</time>
        <extensions>
          <ns3:TrackPointExtension>
            <ns3:hr>151</ns3:hr>
            <ns3:cad>86</ns3:cad>
          </ns3:TrackPointExtension>
        </extensions>
      </trkpt>
      <trkpt lat="31.1588984169065952301025390625" lon="121.193047799170017242431640625">
        <ele>2.599999904632568359375</ele>
        <time>2025-10-05T12:32:39.000Z</time>
        <extensions>
          <ns3:TrackPointExtension>
            <ns3:hr>151</ns3:hr>
            <ns3:cad>87</ns3:cad>
          </ns3:TrackPointExtension>
        </extensions>
      </trkpt>
      <trkpt lat="31.15892331115901470184326171875" lon="121.19304033927619457244873046875">
        <ele>2.599999904632568359375</ele>
        <time>2025-10-05T12:32:40.000Z</time>
        <extensions>
          <ns3:TrackPointExtension>
            <ns3:hr>151</ns3:hr>
            <ns3:cad>87</ns3:cad>
          </ns3:TrackPointExtension>
        </extensions>
      </trkpt>
      <trkpt lat="31.158946864306926727294921875" lon="121.19303765706717967987060546875">
        <ele>2.599999904632568359375</ele>
        <time>2025-10-05T12:32:41.000Z</time>
        <extensions>
          <ns3:TrackPointExtension>
            <ns3:hr>152</ns3:hr>
            <ns3:cad>87</ns3:cad>
          </ns3:TrackPointExtension>
        </extensions>
      </trkpt>
      <trkpt lat="31.158975027501583099365234375" lon="121.19303665123879909515380859375">
        <ele>2.599999904632568359375</ele>
        <time>2025-10-05T12:32:42.000Z</time>
        <extensions>
          <ns3:TrackPointExtension>
            <ns3:hr>152</ns3:hr>
            <ns3:cad>87</ns3:cad>
          </ns3:TrackPointExtension>
        </extensions>
      </trkpt>
      <trkpt lat="31.1589939706027507781982421875" lon="121.1930325441062450408935546875">
        <ele>2.599999904632568359375</ele>
        <time>2025-10-05T12:32:43.000Z</time>
        <extensions>
          <ns3:TrackPointExtension>
            <ns3:hr>152</ns3:hr>
            <ns3:cad>87</ns3:cad>
          </ns3:TrackPointExtension>
        </extensions>
      </trkpt>
      <trkpt lat="31.15902054123580455780029296875" lon="121.19302893988788127899169921875">
        <ele>2.599999904632568359375</ele>
        <time>2025-10-05T12:32:44.000Z</time>
        <extensions>
          <ns3:TrackPointExtension>
            <ns3:hr>152</ns3:hr>
            <ns3:cad>87</ns3:cad>
          </ns3:TrackPointExtension>
        </extensions>
      </trkpt>
      <trkpt lat="31.15903847850859165191650390625" lon="121.19302290491759777069091796875">
        <ele>2.599999904632568359375</ele>
        <time>2025-10-05T12:32:45.000Z</time>
        <extensions>
          <ns3:TrackPointExtension>
            <ns3:hr>151</ns3:hr>
            <ns3:cad>87</ns3:cad>
          </ns3:TrackPointExtension>
        </extensions>
      </trkpt>
      <trkpt lat="31.15906161256134510040283203125" lon="121.193017624318599700927734375">
        <ele>2.599999904632568359375</ele>
        <time>2025-10-05T12:32:46.000Z</time>
        <extensions>
          <ns3:TrackPointExtension>
            <ns3:hr>152</ns3:hr>
            <ns3:cad>87</ns3:cad>
          </ns3:TrackPointExtension>
        </extensions>
      </trkpt>
      <trkpt lat="31.15908089093863964080810546875" lon="121.1930137686431407928466796875">
        <ele>2.599999904632568359375</ele>
        <time>2025-10-05T12:32:47.000Z</time>
        <extensions>
          <ns3:TrackPointExtension>
            <ns3:hr>151</ns3:hr>
            <ns3:cad>87</ns3:cad>
          </ns3:TrackPointExtension>
        </extensions>
      </trkpt>
      <trkpt lat="31.15910368971526622772216796875" lon="121.193007566034793853759765625">
        <ele>2.599999904632568359375</ele>
        <time>2025-10-05T12:32:48.000Z</time>
        <extensions>
          <ns3:TrackPointExtension>
            <ns3:hr>151</ns3:hr>
            <ns3:cad>86</ns3:cad>
          </ns3:TrackPointExtension>
        </extensions>
      </trkpt>
      <trkpt lat="31.1591287516057491302490234375" lon="121.19300278834998607635498046875">
        <ele>2.599999904632568359375</ele>
        <time>2025-10-05T12:32:49.000Z</time>
        <extensions>
          <ns3:TrackPointExtension>
            <ns3:hr>151</ns3:hr>
            <ns3:cad>86</ns3:cad>
          </ns3:TrackPointExtension>
        </extensions>
      </trkpt>
      <trkpt lat="31.1591470241546630859375" lon="121.19299449026584625244140625">
        <ele>2.599999904632568359375</ele>
        <time>2025-10-05T12:32:50.000Z</time>
        <extensions>
          <ns3:TrackPointExtension>
            <ns3:hr>151</ns3:hr>
            <ns3:cad>86</ns3:cad>
          </ns3:TrackPointExtension>
        </extensions>
      </trkpt>
      <trkpt lat="31.15917543880641460418701171875" lon="121.1929856054484844207763671875">
        <ele>2.599999904632568359375</ele>
        <time>2025-10-05T12:32:51.000Z</time>
        <extensions>
          <ns3:TrackPointExtension>
            <ns3:hr>151</ns3:hr>
            <ns3:cad>86</ns3:cad>
          </ns3:TrackPointExtension>
        </extensions>
      </trkpt>
      <trkpt lat="31.15919471718370914459228515625" lon="121.19297747500240802764892578125">
        <ele>2.599999904632568359375</ele>
        <time>2025-10-05T12:32:52.000Z</time>
        <extensions>
          <ns3:TrackPointExtension>
            <ns3:hr>150</ns3:hr>
            <ns3:cad>86</ns3:cad>
          </ns3:TrackPointExtension>
        </extensions>
      </trkpt>
      <trkpt lat="31.1592186056077480316162109375" lon="121.19296607561409473419189453125">
        <ele>2.599999904632568359375</ele>
        <time>2025-10-05T12:32:53.000Z</time>
        <extensions>
          <ns3:TrackPointExtension>
            <ns3:hr>150</ns3:hr>
            <ns3:cad>86</ns3:cad>
          </ns3:TrackPointExtension>
        </extensions>
      </trkpt>
      <trkpt lat="31.15923997946083545684814453125" lon="121.19295937009155750274658203125">
        <ele>2.599999904632568359375</ele>
        <time>2025-10-05T12:32:54.000Z</time>
        <extensions>
          <ns3:TrackPointExtension>
            <ns3:hr>150</ns3:hr>
            <ns3:cad>86</ns3:cad>
          </ns3:TrackPointExtension>
        </extensions>
      </trkpt>
      <trkpt lat="31.15926059894263744354248046875" lon="121.19294897653162479400634765625">
        <ele>2.599999904632568359375</ele>
        <time>2025-10-05T12:32:55.000Z</time>
        <extensions>
          <ns3:TrackPointExtension>
            <ns3:hr>150</ns3:hr>
            <ns3:cad>86</ns3:cad>
          </ns3:TrackPointExtension>
        </extensions>
      </trkpt>
      <trkpt lat="31.15928289480507373809814453125" lon="121.19293640367686748504638671875">
        <ele>2.599999904632568359375</ele>
        <time>2025-10-05T12:32:56.000Z</time>
        <extensions>
          <ns3:TrackPointExtension>
            <ns3:hr>150</ns3:hr>
            <ns3:cad>86</ns3:cad>
          </ns3:TrackPointExtension>
        </extensions>
      </trkpt>
      <trkpt lat="31.15930594503879547119140625" lon="121.192925088107585906982421875">
        <ele>2.599999904632568359375</ele>
        <time>2025-10-05T12:32:57.000Z</time>
        <extensions>
          <ns3:TrackPointExtension>
            <ns3:hr>149</ns3:hr>
            <ns3:cad>86</ns3:cad>
          </ns3:TrackPointExtension>
        </extensions>
      </trkpt>
      <trkpt lat="31.1593309231102466583251953125" lon="121.1929141916334629058837890625">
        <ele>2.599999904632568359375</ele>
        <time>2025-10-05T12:32:58.000Z</time>
        <extensions>
          <ns3:TrackPointExtension>
            <ns3:hr>149</ns3:hr>
            <ns3:cad>86</ns3:cad>
          </ns3:TrackPointExtension>
        </extensions>
      </trkpt>
      <trkpt lat="31.1593553982675075531005859375" lon="121.1929051391780376434326171875">
        <ele>2.599999904632568359375</ele>
        <time>2025-10-05T12:32:59.000Z</time>
        <extensions>
          <ns3:TrackPointExtension>
            <ns3:hr>149</ns3:hr>
            <ns3:cad>86</ns3:cad>
          </ns3:TrackPointExtension>
        </extensions>
      </trkpt>
      <trkpt lat="31.15938314236700534820556640625" lon="121.1928964219987392425537109375">
        <ele>2.599999904632568359375</ele>
        <time>2025-10-05T12:33:00.000Z</time>
        <extensions>
          <ns3:TrackPointExtension>
            <ns3:hr>149</ns3:hr>
            <ns3:cad>86</ns3:cad>
          </ns3:TrackPointExtension>
        </extensions>
      </trkpt>
      <trkpt lat="31.15940292365849018096923828125" lon="121.1928863637149333953857421875">
        <ele>2.599999904632568359375</ele>
        <time>2025-10-05T12:33:01.000Z</time>
        <extensions>
          <ns3:TrackPointExtension>
            <ns3:hr>149</ns3:hr>
            <ns3:cad>86</ns3:cad>
          </ns3:TrackPointExtension>
        </extensions>
      </trkpt>
      <trkpt lat="31.1594341881573200225830078125" lon="121.1928798258304595947265625">
        <ele>2.599999904632568359375</ele>
        <time>2025-10-05T12:33:02.000Z</time>
        <extensions>
          <ns3:TrackPointExtension>
            <ns3:hr>149</ns3:hr>
            <ns3:cad>87</ns3:cad>
          </ns3:TrackPointExtension>
        </extensions>
      </trkpt>
      <trkpt lat="31.1594559811055660247802734375" lon="121.19286985136568546295166015625">
        <ele>2.599999904632568359375</ele>
        <time>2025-10-05T12:33:03.000Z</time>
        <extensions>
          <ns3:TrackPointExtension>
            <ns3:hr>149</ns3:hr>
            <ns3:cad>87</ns3:cad>
          </ns3:TrackPointExtension>
        </extensions>
      </trkpt>
      <trkpt lat="31.1594814620912075042724609375" lon="121.192862056195735931396484375">
        <ele>2.599999904632568359375</ele>
        <time>2025-10-05T12:33:04.000Z</time>
        <extensions>
          <ns3:TrackPointExtension>
            <ns3:hr>149</ns3:hr>
            <ns3:cad>87</ns3:cad>
          </ns3:TrackPointExtension>
        </extensions>
      </trkpt>
      <trkpt lat="31.15950501523911952972412109375" lon="121.1928541772067546844482421875">
        <ele>2.599999904632568359375</ele>
        <time>2025-10-05T12:33:05.000Z</time>
        <extensions>
          <ns3:TrackPointExtension>
            <ns3:hr>149</ns3:hr>
            <ns3:cad>87</ns3:cad>
          </ns3:TrackPointExtension>
        </extensions>
      </trkpt>
      <trkpt lat="31.1595273949205875396728515625" lon="121.19284738786518573760986328125">
        <ele>2.599999904632568359375</ele>
        <time>2025-10-05T12:33:06.000Z</time>
        <extensions>
          <ns3:TrackPointExtension>
            <ns3:hr>149</ns3:hr>
            <ns3:cad>88</ns3:cad>
          </ns3:TrackPointExtension>
        </extensions>
      </trkpt>
      <trkpt lat="31.15954843349754810333251953125" lon="121.19283129461109638214111328125">
        <ele>2.599999904632568359375</ele>
        <time>2025-10-05T12:33:07.000Z</time>
        <extensions>
          <ns3:TrackPointExtension>
            <ns3:hr>149</ns3:hr>
            <ns3:cad>88</ns3:cad>
          </ns3:TrackPointExtension>
        </extensions>
      </trkpt>
      <trkpt lat="31.15956720896065235137939453125" lon="121.1928208172321319580078125">
        <ele>2.599999904632568359375</ele>
        <time>2025-10-05T12:33:08.000Z</time>
        <extensions>
          <ns3:TrackPointExtension>
            <ns3:hr>149</ns3:hr>
            <ns3:cad>88</ns3:cad>
          </ns3:TrackPointExtension>
        </extensions>
      </trkpt>
      <trkpt lat="31.159589588642120361328125" lon="121.192807741463184356689453125">
        <ele>2.599999904632568359375</ele>
        <time>2025-10-05T12:33:09.000Z</time>
        <extensions>
          <ns3:TrackPointExtension>
            <ns3:hr>149</ns3:hr>
            <ns3:cad>87</ns3:cad>
          </ns3:TrackPointExtension>
        </extensions>
      </trkpt>
      <trkpt lat="31.1596118845045566558837890625" lon="121.192795000970363616943359375">
        <ele>2.7999999523162841796875</ele>
        <time>2025-10-05T12:33:10.000Z</time>
        <extensions>
          <ns3:TrackPointExtension>
            <ns3:hr>150</ns3:hr>
            <ns3:cad>87</ns3:cad>
          </ns3:TrackPointExtension>
        </extensions>
      </trkpt>
      <trkpt lat="31.15963711403310298919677734375" lon="121.1927832663059234619140625">
        <ele>2.7999999523162841796875</ele>
        <time>2025-10-05T12:33:11.000Z</time>
        <extensions>
          <ns3:TrackPointExtension>
            <ns3:hr>150</ns3:hr>
            <ns3:cad>87</ns3:cad>
          </ns3:TrackPointExtension>
        </extensions>
      </trkpt>
      <trkpt lat="31.159656979143619537353515625" lon="121.19277144782245159149169921875">
        <ele>2.7999999523162841796875</ele>
        <time>2025-10-05T12:33:12.000Z</time>
        <extensions>
          <ns3:TrackPointExtension>
            <ns3:hr>150</ns3:hr>
            <ns3:cad>87</ns3:cad>
          </ns3:TrackPointExtension>
        </extensions>
      </trkpt>
      <trkpt lat="31.15968489088118076324462890625" lon="121.19275820441544055938720703125">
        <ele>2.7999999523162841796875</ele>
        <time>2025-10-05T12:33:13.000Z</time>
        <extensions>
          <ns3:TrackPointExtension>
            <ns3:hr>150</ns3:hr>
            <ns3:cad>88</ns3:cad>
          </ns3:TrackPointExtension>
        </extensions>
      </trkpt>
      <trkpt lat="31.1597062647342681884765625" lon="121.1927462182939052581787109375">
        <ele>2.7999999523162841796875</ele>
        <time>2025-10-05T12:33:14.000Z</time>
        <extensions>
          <ns3:TrackPointExtension>
            <ns3:hr>150</ns3:hr>
            <ns3:cad>88</ns3:cad>
          </ns3:TrackPointExtension>
        </extensions>
      </trkpt>
      <trkpt lat="31.15973283536732196807861328125" lon="121.19273255579173564910888671875">
        <ele>2.7999999523162841796875</ele>
        <time>2025-10-05T12:33:15.000Z</time>
        <extensions>
          <ns3:TrackPointExtension>
            <ns3:hr>150</ns3:hr>
            <ns3:cad>88</ns3:cad>
          </ns3:TrackPointExtension>
        </extensions>
      </trkpt>
      <trkpt lat="31.159756220877170562744140625" lon="121.19271612726151943206787109375">
        <ele>2.7999999523162841796875</ele>
        <time>2025-10-05T12:33:16.000Z</time>
        <extensions>
          <ns3:TrackPointExtension>
            <ns3:hr>150</ns3:hr>
            <ns3:cad>88</ns3:cad>
          </ns3:TrackPointExtension>
        </extensions>
      </trkpt>
      <trkpt lat="31.159780025482177734375" lon="121.19270003400743007659912109375">
        <ele>2.7999999523162841796875</ele>
        <time>2025-10-05T12:33:17.000Z</time>
        <extensions>
          <ns3:TrackPointExtension>
            <ns3:hr>151</ns3:hr>
            <ns3:cad>88</ns3:cad>
          </ns3:TrackPointExtension>
        </extensions>
      </trkpt>
      <trkpt lat="31.159798800945281982421875" lon="121.19268343783915042877197265625">
        <ele>2.7999999523162841796875</ele>
        <time>2025-10-05T12:33:18.000Z</time>
        <extensions>
          <ns3:TrackPointExtension>
            <ns3:hr>151</ns3:hr>
            <ns3:cad>87</ns3:cad>
          </ns3:TrackPointExtension>
        </extensions>
      </trkpt>
      <trkpt lat="31.159817911684513092041015625" lon="121.19267036207020282745361328125">
        <ele>2.7999999523162841796875</ele>
        <time>2025-10-05T12:33:19.000Z</time>
        <extensions>
          <ns3:TrackPointExtension>
            <ns3:hr>151</ns3:hr>
            <ns3:cad>88</ns3:cad>
          </ns3:TrackPointExtension>
        </extensions>
      </trkpt>
      <trkpt lat="31.1598412133753299713134765625" lon="121.1926546879112720489501953125">
        <ele>2.7999999523162841796875</ele>
        <time>2025-10-05T12:33:20.000Z</time>
        <extensions>
          <ns3:TrackPointExtension>
            <ns3:hr>150</ns3:hr>
            <ns3:cad>88</ns3:cad>
          </ns3:TrackPointExtension>
        </extensions>
      </trkpt>
      <trkpt lat="31.1598618328571319580078125" lon="121.1926412768661975860595703125">
        <ele>2.7999999523162841796875</ele>
        <time>2025-10-05T12:33:21.000Z</time>
        <extensions>
          <ns3:TrackPointExtension>
            <ns3:hr>151</ns3:hr>
            <ns3:cad>88</ns3:cad>
          </ns3:TrackPointExtension>
        </extensions>
      </trkpt>
      <trkpt lat="31.15988664329051971435546875" lon="121.192628033459186553955078125">
        <ele>2.7999999523162841796875</ele>
        <time>2025-10-05T12:33:22.000Z</time>
        <extensions>
          <ns3:TrackPointExtension>
            <ns3:hr>151</ns3:hr>
            <ns3:cad>87</ns3:cad>
          </ns3:TrackPointExtension>
        </extensions>
      </trkpt>
      <trkpt lat="31.15990784950554370880126953125" lon="121.19261520914733409881591796875">
        <ele>2.7999999523162841796875</ele>
        <time>2025-10-05T12:33:23.000Z</time>
        <extensions>
          <ns3:TrackPointExtension>
            <ns3:hr>150</ns3:hr>
            <ns3:cad>87</ns3:cad>
          </ns3:TrackPointExtension>
        </extensions>
      </trkpt>
      <trkpt lat="31.1599337495863437652587890625" lon="121.19260230101644992828369140625">
        <ele>2.7999999523162841796875</ele>
        <time>2025-10-05T12:33:24.000Z</time>
        <extensions>
          <ns3:TrackPointExtension>
            <ns3:hr>151</ns3:hr>
            <ns3:cad>87</ns3:cad>
          </ns3:TrackPointExtension>
        </extensions>
      </trkpt>
      <trkpt lat="31.1599545367062091827392578125" lon="121.1925883032381534576416015625">
        <ele>2.7999999523162841796875</ele>
        <time>2025-10-05T12:33:25.000Z</time>
        <extensions>
          <ns3:TrackPointExtension>
            <ns3:hr>151</ns3:hr>
            <ns3:cad>87</ns3:cad>
          </ns3:TrackPointExtension>
        </extensions>
      </trkpt>
      <trkpt lat="31.1599796824157238006591796875" lon="121.19257564656436443328857421875">
        <ele>2.7999999523162841796875</ele>
        <time>2025-10-05T12:33:26.000Z</time>
        <extensions>
          <ns3:TrackPointExtension>
            <ns3:hr>150</ns3:hr>
            <ns3:cad>87</ns3:cad>
          </ns3:TrackPointExtension>
        </extensions>
      </trkpt>
      <trkpt lat="31.1600041575729846954345703125" lon="121.1925621517002582550048828125">
        <ele>2.7999999523162841796875</ele>
        <time>2025-10-05T12:33:27.000Z</time>
        <extensions>
          <ns3:TrackPointExtension>
            <ns3:hr>151</ns3:hr>
            <ns3:cad>86</ns3:cad>
          </ns3:TrackPointExtension>
        </extensions>
      </trkpt>
      <trkpt lat="31.1600212566554546356201171875" lon="121.1925484053790569305419921875">
        <ele>2.7999999523162841796875</ele>
        <time>2025-10-05T12:33:28.000Z</time>
        <extensions>
          <ns3:TrackPointExtension>
            <ns3:hr>151</ns3:hr>
            <ns3:cad>86</ns3:cad>
          </ns3:TrackPointExtension>
        </extensions>
      </trkpt>
      <trkpt lat="31.16004095412790775299072265625" lon="121.1925366707146167755126953125">
        <ele>2.7999999523162841796875</ele>
        <time>2025-10-05T12:33:29.000Z</time>
        <extensions>
          <ns3:TrackPointExtension>
            <ns3:hr>150</ns3:hr>
            <ns3:cad>86</ns3:cad>
          </ns3:TrackPointExtension>
        </extensions>
      </trkpt>
      <trkpt lat="31.160061322152614593505859375" lon="121.19252217002213001251220703125">
        <ele>2.599999904632568359375</ele>
        <time>2025-10-05T12:33:30.000Z</time>
        <extensions>
          <ns3:TrackPointExtension>
            <ns3:hr>151</ns3:hr>
            <ns3:cad>87</ns3:cad>
          </ns3:TrackPointExtension>
        </extensions>
      </trkpt>
      <trkpt lat="31.160086132586002349853515625" lon="121.1925078369677066802978515625">
        <ele>2.599999904632568359375</ele>
        <time>2025-10-05T12:33:31.000Z</time>
        <extensions>
          <ns3:TrackPointExtension>
            <ns3:hr>151</ns3:hr>
            <ns3:cad>87</ns3:cad>
          </ns3:TrackPointExtension>
        </extensions>
      </trkpt>
      <trkpt lat="31.1601090990006923675537109375" lon="121.19249199517071247100830078125">
        <ele>2.599999904632568359375</ele>
        <time>2025-10-05T12:33:32.000Z</time>
        <extensions>
          <ns3:TrackPointExtension>
            <ns3:hr>150</ns3:hr>
            <ns3:cad>87</ns3:cad>
          </ns3:TrackPointExtension>
        </extensions>
      </trkpt>
      <trkpt lat="31.16013684310019016265869140625" lon="121.1924736388027667999267578125">
        <ele>2.599999904632568359375</ele>
        <time>2025-10-05T12:33:33.000Z</time>
        <extensions>
          <ns3:TrackPointExtension>
            <ns3:hr>151</ns3:hr>
            <ns3:cad>87</ns3:cad>
          </ns3:TrackPointExtension>
        </extensions>
      </trkpt>
      <trkpt lat="31.160161234438419342041015625" lon="121.19245494715869426727294921875">
        <ele>2.599999904632568359375</ele>
        <time>2025-10-05T12:33:34.000Z</time>
        <extensions>
          <ns3:TrackPointExtension>
            <ns3:hr>151</ns3:hr>
            <ns3:cad>87</ns3:cad>
          </ns3:TrackPointExtension>
        </extensions>
      </trkpt>
      <trkpt lat="31.16018210537731647491455078125" lon="121.19244254194200038909912109375">
        <ele>2.599999904632568359375</ele>
        <time>2025-10-05T12:33:35.000Z</time>
        <extensions>
          <ns3:TrackPointExtension>
            <ns3:hr>150</ns3:hr>
            <ns3:cad>87</ns3:cad>
          </ns3:TrackPointExtension>
        </extensions>
      </trkpt>
      <trkpt lat="31.16021077148616313934326171875" lon="121.19242695160210132598876953125">
        <ele>2.599999904632568359375</ele>
        <time>2025-10-05T12:33:36.000Z</time>
        <extensions>
          <ns3:TrackPointExtension>
            <ns3:hr>151</ns3:hr>
            <ns3:cad>86</ns3:cad>
          </ns3:TrackPointExtension>
        </extensions>
      </trkpt>
      <trkpt lat="31.1602308042347431182861328125" lon="121.19241270236670970916748046875">
        <ele>2.599999904632568359375</ele>
        <time>2025-10-05T12:33:37.000Z</time>
        <extensions>
          <ns3:TrackPointExtension>
            <ns3:hr>151</ns3:hr>
            <ns3:cad>86</ns3:cad>
          </ns3:TrackPointExtension>
        </extensions>
      </trkpt>
      <trkpt lat="31.16025737486779689788818359375" lon="121.19239660911262035369873046875">
        <ele>2.599999904632568359375</ele>
        <time>2025-10-05T12:33:38.000Z</time>
        <extensions>
          <ns3:TrackPointExtension>
            <ns3:hr>150</ns3:hr>
            <ns3:cad>86</ns3:cad>
          </ns3:TrackPointExtension>
        </extensions>
      </trkpt>
      <trkpt lat="31.1602790839970111846923828125" lon="121.192379929125308990478515625">
        <ele>2.599999904632568359375</ele>
        <time>2025-10-05T12:33:39.000Z</time>
        <extensions>
          <ns3:TrackPointExtension>
            <ns3:hr>150</ns3:hr>
            <ns3:cad>85</ns3:cad>
          </ns3:TrackPointExtension>
        </extensions>
      </trkpt>
      <trkpt lat="31.1603049002587795257568359375" lon="121.1923673562705516815185546875">
        <ele>2.599999904632568359375</ele>
        <time>2025-10-05T12:33:40.000Z</time>
        <extensions>
          <ns3:TrackPointExtension>
            <ns3:hr>150</ns3:hr>
            <ns3:cad>85</ns3:cad>
          </ns3:TrackPointExtension>
        </extensions>
      </trkpt>
      <trkpt lat="31.160329543054103851318359375" lon="121.19235101155936717987060546875">
        <ele>2.599999904632568359375</ele>
        <time>2025-10-05T12:33:41.000Z</time>
        <extensions>
          <ns3:TrackPointExtension>
            <ns3:hr>150</ns3:hr>
            <ns3:cad>85</ns3:cad>
          </ns3:TrackPointExtension>
        </extensions>
      </trkpt>
      <trkpt lat="31.160354353487491607666015625" lon="121.19233625940978527069091796875">
        <ele>2.599999904632568359375</ele>
        <time>2025-10-05T12:33:42.000Z</time>
        <extensions>
          <ns3:TrackPointExtension>
            <ns3:hr>151</ns3:hr>
            <ns3:cad>86</ns3:cad>
          </ns3:TrackPointExtension>
        </extensions>
      </trkpt>
      <trkpt lat="31.16037555970251560211181640625" lon="121.192324943840503692626953125">
        <ele>2.599999904632568359375</ele>
        <time>2025-10-05T12:33:43.000Z</time>
        <extensions>
          <ns3:TrackPointExtension>
            <ns3:hr>150</ns3:hr>
            <ns3:cad>86</ns3:cad>
          </ns3:TrackPointExtension>
        </extensions>
      </trkpt>
      <trkpt lat="31.1603977717459201812744140625" lon="121.1923157237470149993896484375">
        <ele>2.400000095367431640625</ele>
        <time>2025-10-05T12:33:44.000Z</time>
        <extensions>
          <ns3:TrackPointExtension>
            <ns3:hr>151</ns3:hr>
            <ns3:cad>87</ns3:cad>
          </ns3:TrackPointExtension>
        </extensions>
      </trkpt>
      <trkpt lat="31.160422749817371368408203125" lon="121.19231111370027065277099609375">
        <ele>2.400000095367431640625</ele>
        <time>2025-10-05T12:33:45.000Z</time>
        <extensions>
          <ns3:TrackPointExtension>
            <ns3:hr>151</ns3:hr>
            <ns3:cad>87</ns3:cad>
          </ns3:TrackPointExtension>
        </extensions>
      </trkpt>
      <trkpt lat="31.1604390107095241546630859375" lon="121.192296780645847320556640625">
        <ele>2.599999904632568359375</ele>
        <time>2025-10-05T12:33:46.000Z</time>
        <extensions>
          <ns3:TrackPointExtension>
            <ns3:hr>151</ns3:hr>
            <ns3:cad>87</ns3:cad>
          </ns3:TrackPointExtension>
        </extensions>
      </trkpt>
      <trkpt lat="31.1604628153145313262939453125" lon="121.19228429161012172698974609375">
        <ele>2.599999904632568359375</ele>
        <time>2025-10-05T12:33:47.000Z</time>
        <extensions>
          <ns3:TrackPointExtension>
            <ns3:hr>150</ns3:hr>
            <ns3:cad>87</ns3:cad>
          </ns3:TrackPointExtension>
        </extensions>
      </trkpt>
      <trkpt lat="31.160485111176967620849609375" lon="121.19227238930761814117431640625">
        <ele>2.599999904632568359375</ele>
        <time>2025-10-05T12:33:48.000Z</time>
        <extensions>
          <ns3:TrackPointExtension>
            <ns3:hr>150</ns3:hr>
            <ns3:cad>87</ns3:cad>
          </ns3:TrackPointExtension>
        </extensions>
      </trkpt>
      <trkpt lat="31.16050631739199161529541015625" lon="121.1922602355480194091796875">
        <ele>2.599999904632568359375</ele>
        <time>2025-10-05T12:33:49.000Z</time>
        <extensions>
          <ns3:TrackPointExtension>
            <ns3:hr>150</ns3:hr>
            <ns3:cad>86</ns3:cad>
          </ns3:TrackPointExtension>
        </extensions>
      </trkpt>
      <trkpt lat="31.1605295352637767791748046875" lon="121.19224975816905498504638671875">
        <ele>2.599999904632568359375</ele>
        <time>2025-10-05T12:33:50.000Z</time>
        <extensions>
          <ns3:TrackPointExtension>
            <ns3:hr>150</ns3:hr>
            <ns3:cad>86</ns3:cad>
          </ns3:TrackPointExtension>
        </extensions>
      </trkpt>
      <trkpt lat="31.160549819469451904296875" lon="121.192237101495265960693359375">
        <ele>2.400000095367431640625</ele>
        <time>2025-10-05T12:33:51.000Z</time>
        <extensions>
          <ns3:TrackPointExtension>
            <ns3:hr>151</ns3:hr>
            <ns3:cad>86</ns3:cad>
          </ns3:TrackPointExtension>
        </extensions>
      </trkpt>
      <trkpt lat="31.160576976835727691650390625" lon="121.19222360663115978240966796875">
        <ele>2.400000095367431640625</ele>
        <time>2025-10-05T12:33:52.000Z</time>
        <extensions>
          <ns3:TrackPointExtension>
            <ns3:hr>150</ns3:hr>
            <ns3:cad>86</ns3:cad>
          </ns3:TrackPointExtension>
        </extensions>
      </trkpt>
      <trkpt lat="31.160595752298831939697265625" lon="121.1922148056328296661376953125">
        <ele>2.400000095367431640625</ele>
        <time>2025-10-05T12:33:53.000Z</time>
        <extensions>
          <ns3:TrackPointExtension>
            <ns3:hr>150</ns3:hr>
            <ns3:cad>86</ns3:cad>
          </ns3:TrackPointExtension>
        </extensions>
      </trkpt>
      <trkpt lat="31.160618551075458526611328125" lon="121.192204244434833526611328125">
        <ele>2.400000095367431640625</ele>
        <time>2025-10-05T12:33:54.000Z</time>
        <extensions>
          <ns3:TrackPointExtension>
            <ns3:hr>150</ns3:hr>
            <ns3:cad>86</ns3:cad>
          </ns3:TrackPointExtension>
        </extensions>
      </trkpt>
      <trkpt lat="31.160638332366943359375" lon="121.1921940185129642486572265625">
        <ele>2.400000095367431640625</ele>
        <time>2025-10-05T12:33:55.000Z</time>
        <extensions>
          <ns3:TrackPointExtension>
            <ns3:hr>149</ns3:hr>
            <ns3:cad>86</ns3:cad>
          </ns3:TrackPointExtension>
        </extensions>
      </trkpt>
      <trkpt lat="31.1606599576771259307861328125" lon="121.1921863071620464324951171875">
        <ele>2.400000095367431640625</ele>
        <time>2025-10-05T12:33:56.000Z</time>
        <extensions>
          <ns3:TrackPointExtension>
            <ns3:hr>149</ns3:hr>
            <ns3:cad>86</ns3:cad>
          </ns3:TrackPointExtension>
        </extensions>
      </trkpt>
      <trkpt lat="31.16068133153021335601806640625" lon="121.19217432104051113128662109375">
        <ele>2.400000095367431640625</ele>
        <time>2025-10-05T12:33:57.000Z</time>
        <extensions>
          <ns3:TrackPointExtension>
            <ns3:hr>149</ns3:hr>
            <ns3:cad>86</ns3:cad>
          </ns3:TrackPointExtension>
        </extensions>
      </trkpt>
      <trkpt lat="31.1607040464878082275390625" lon="121.1921638436615467071533203125">
        <ele>2.400000095367431640625</ele>
        <time>2025-10-05T12:33:58.000Z</time>
        <extensions>
          <ns3:TrackPointExtension>
            <ns3:hr>149</ns3:hr>
            <ns3:cad>85</ns3:cad>
          </ns3:TrackPointExtension>
        </extensions>
      </trkpt>
      <trkpt lat="31.16073288023471832275390625" lon="121.1921588145196437835693359375">
        <ele>2.400000095367431640625</ele>
        <time>2025-10-05T12:33:59.000Z</time>
        <extensions>
          <ns3:TrackPointExtension>
            <ns3:hr>149</ns3:hr>
            <ns3:cad>85</ns3:cad>
          </ns3:TrackPointExtension>
        </extensions>
      </trkpt>
      <trkpt lat="31.16075945086777210235595703125" lon="121.19215370155870914459228515625">
        <ele>2.400000095367431640625</ele>
        <time>2025-10-05T12:34:00.000Z</time>
        <extensions>
          <ns3:TrackPointExtension>
            <ns3:hr>149</ns3:hr>
            <ns3:cad>86</ns3:cad>
          </ns3:TrackPointExtension>
        </extensions>
      </trkpt>
      <trkpt lat="31.16078359074890613555908203125" lon="121.19215001352131366729736328125">
        <ele>2.400000095367431640625</ele>
        <time>2025-10-05T12:34:01.000Z</time>
        <extensions>
          <ns3:TrackPointExtension>
            <ns3:hr>149</ns3:hr>
            <ns3:cad>86</ns3:cad>
          </ns3:TrackPointExtension>
        </extensions>
      </trkpt>
      <trkpt lat="31.160805635154247283935546875" lon="121.1921502649784088134765625">
        <ele>2.599999904632568359375</ele>
        <time>2025-10-05T12:34:02.000Z</time>
        <extensions>
          <ns3:TrackPointExtension>
            <ns3:hr>150</ns3:hr>
            <ns3:cad>86</ns3:cad>
          </ns3:TrackPointExtension>
        </extensions>
      </trkpt>
      <trkpt lat="31.1608259193599224090576171875" lon="121.19214062578976154327392578125">
        <ele>2.599999904632568359375</ele>
        <time>2025-10-05T12:34:03.000Z</time>
        <extensions>
          <ns3:TrackPointExtension>
            <ns3:hr>149</ns3:hr>
            <ns3:cad>86</ns3:cad>
          </ns3:TrackPointExtension>
        </extensions>
      </trkpt>
      <trkpt lat="31.16084829904139041900634765625" lon="121.19213995523750782012939453125">
        <ele>2.599999904632568359375</ele>
        <time>2025-10-05T12:34:04.000Z</time>
        <extensions>
          <ns3:TrackPointExtension>
            <ns3:hr>149</ns3:hr>
            <ns3:cad>86</ns3:cad>
          </ns3:TrackPointExtension>
        </extensions>
      </trkpt>
      <trkpt lat="31.16086992435157299041748046875" lon="121.19213081896305084228515625">
        <ele>2.599999904632568359375</ele>
        <time>2025-10-05T12:34:05.000Z</time>
        <extensions>
          <ns3:TrackPointExtension>
            <ns3:hr>149</ns3:hr>
            <ns3:cad>86</ns3:cad>
          </ns3:TrackPointExtension>
        </extensions>
      </trkpt>
      <trkpt lat="31.1608919687569141387939453125" lon="121.192124783992767333984375">
        <ele>2.599999904632568359375</ele>
        <time>2025-10-05T12:34:06.000Z</time>
        <extensions>
          <ns3:TrackPointExtension>
            <ns3:hr>149</ns3:hr>
            <ns3:cad>87</ns3:cad>
          </ns3:TrackPointExtension>
        </extensions>
      </trkpt>
      <trkpt lat="31.1609127558767795562744140625" lon="121.1921209283173084259033203125">
        <ele>2.599999904632568359375</ele>
        <time>2025-10-05T12:34:07.000Z</time>
        <extensions>
          <ns3:TrackPointExtension>
            <ns3:hr>149</ns3:hr>
            <ns3:cad>87</ns3:cad>
          </ns3:TrackPointExtension>
        </extensions>
      </trkpt>
      <trkpt lat="31.1609412543475627899169921875" lon="121.19211883284151554107666015625">
        <ele>2.599999904632568359375</ele>
        <time>2025-10-05T12:34:08.000Z</time>
        <extensions>
          <ns3:TrackPointExtension>
            <ns3:hr>149</ns3:hr>
            <ns3:cad>87</ns3:cad>
          </ns3:TrackPointExtension>
        </extensions>
      </trkpt>
      <trkpt lat="31.16096162237226963043212890625" lon="121.19211179204285144805908203125">
        <ele>2.599999904632568359375</ele>
        <time>2025-10-05T12:34:09.000Z</time>
        <extensions>
          <ns3:TrackPointExtension>
            <ns3:hr>150</ns3:hr>
            <ns3:cad>86</ns3:cad>
          </ns3:TrackPointExtension>
        </extensions>
      </trkpt>
      <trkpt lat="31.16098291240632534027099609375" lon="121.192105002701282501220703125">
        <ele>2.599999904632568359375</ele>
        <time>2025-10-05T12:34:10.000Z</time>
        <extensions>
          <ns3:TrackPointExtension>
            <ns3:hr>149</ns3:hr>
            <ns3:cad>85</ns3:cad>
          </ns3:TrackPointExtension>
        </extensions>
      </trkpt>
      <trkpt lat="31.161006130278110504150390625" lon="121.1921011470258235931396484375">
        <ele>2.599999904632568359375</ele>
        <time>2025-10-05T12:34:11.000Z</time>
        <extensions>
          <ns3:TrackPointExtension>
            <ns3:hr>149</ns3:hr>
            <ns3:cad>85</ns3:cad>
          </ns3:TrackPointExtension>
        </extensions>
      </trkpt>
      <trkpt lat="31.16102465428411960601806640625" lon="121.19209435768425464630126953125">
        <ele>2.599999904632568359375</ele>
        <time>2025-10-05T12:34:12.000Z</time>
        <extensions>
          <ns3:TrackPointExtension>
            <ns3:hr>149</ns3:hr>
            <ns3:cad>85</ns3:cad>
          </ns3:TrackPointExtension>
        </extensions>
      </trkpt>
      <trkpt lat="31.16105365566909313201904296875" lon="121.19208932854235172271728515625">
        <ele>2.599999904632568359375</ele>
        <time>2025-10-05T12:34:13.000Z</time>
        <extensions>
          <ns3:TrackPointExtension>
            <ns3:hr>149</ns3:hr>
            <ns3:cad>85</ns3:cad>
          </ns3:TrackPointExtension>
        </extensions>
      </trkpt>
      <trkpt lat="31.161071844398975372314453125" lon="121.1920817010104656219482421875">
        <ele>2.599999904632568359375</ele>
        <time>2025-10-05T12:34:14.000Z</time>
        <extensions>
          <ns3:TrackPointExtension>
            <ns3:hr>149</ns3:hr>
            <ns3:cad>85</ns3:cad>
          </ns3:TrackPointExtension>
        </extensions>
      </trkpt>
      <trkpt lat="31.1611021868884563446044921875" lon="121.19207725860178470611572265625">
        <ele>2.599999904632568359375</ele>
        <time>2025-10-05T12:34:15.000Z</time>
        <extensions>
          <ns3:TrackPointExtension>
            <ns3:hr>149</ns3:hr>
            <ns3:cad>85</ns3:cad>
          </ns3:TrackPointExtension>
        </extensions>
      </trkpt>
      <trkpt lat="31.161121465265750885009765625" lon="121.1920679546892642974853515625">
        <ele>2.599999904632568359375</ele>
        <time>2025-10-05T12:34:16.000Z</time>
        <extensions>
          <ns3:TrackPointExtension>
            <ns3:hr>149</ns3:hr>
            <ns3:cad>85</ns3:cad>
          </ns3:TrackPointExtension>
        </extensions>
      </trkpt>
      <trkpt lat="31.16114317439496517181396484375" lon="121.1920630931854248046875">
        <ele>2.599999904632568359375</ele>
        <time>2025-10-05T12:34:17.000Z</time>
        <extensions>
          <ns3:TrackPointExtension>
            <ns3:hr>149</ns3:hr>
            <ns3:cad>85</ns3:cad>
          </ns3:TrackPointExtension>
        </extensions>
      </trkpt>
      <trkpt lat="31.1611695773899555206298828125" lon="121.19205831550061702728271484375">
        <ele>2.599999904632568359375</ele>
        <time>2025-10-05T12:34:18.000Z</time>
        <extensions>
          <ns3:TrackPointExtension>
            <ns3:hr>149</ns3:hr>
            <ns3:cad>85</ns3:cad>
          </ns3:TrackPointExtension>
        </extensions>
      </trkpt>
      <trkpt lat="31.16119556128978729248046875" lon="121.19205772876739501953125">
        <ele>2.599999904632568359375</ele>
        <time>2025-10-05T12:34:19.000Z</time>
        <extensions>
          <ns3:TrackPointExtension>
            <ns3:hr>149</ns3:hr>
            <ns3:cad>86</ns3:cad>
          </ns3:TrackPointExtension>
        </extensions>
      </trkpt>
      <trkpt lat="31.16122548468410968780517578125" lon="121.19206108152866363525390625">
        <ele>2.599999904632568359375</ele>
        <time>2025-10-05T12:34:20.000Z</time>
        <extensions>
          <ns3:TrackPointExtension>
            <ns3:hr>150</ns3:hr>
            <ns3:cad>86</ns3:cad>
          </ns3:TrackPointExtension>
        </extensions>
      </trkpt>
      <trkpt lat="31.16124576888978481292724609375" lon="121.19207608513534069061279296875">
        <ele>2.599999904632568359375</ele>
        <time>2025-10-05T12:34:21.000Z</time>
        <extensions>
          <ns3:TrackPointExtension>
            <ns3:hr>149</ns3:hr>
            <ns3:cad>86</ns3:cad>
          </ns3:TrackPointExtension>
        </extensions>
      </trkpt>
      <trkpt lat="31.16126395761966705322265625" lon="121.19210542179644107818603515625">
        <ele>2.599999904632568359375</ele>
        <time>2025-10-05T12:34:22.000Z</time>
        <extensions>
          <ns3:TrackPointExtension>
            <ns3:hr>149</ns3:hr>
            <ns3:cad>86</ns3:cad>
          </ns3:TrackPointExtension>
        </extensions>
      </trkpt>
      <trkpt lat="31.16127175278961658477783203125" lon="121.19212813675403594970703125">
        <ele>2.599999904632568359375</ele>
        <time>2025-10-05T12:34:23.000Z</time>
        <extensions>
          <ns3:TrackPointExtension>
            <ns3:hr>150</ns3:hr>
            <ns3:cad>86</ns3:cad>
          </ns3:TrackPointExtension>
        </extensions>
      </trkpt>
      <trkpt lat="31.161275021731853485107421875" lon="121.1921544559299945831298828125">
        <ele>2.599999904632568359375</ele>
        <time>2025-10-05T12:34:24.000Z</time>
        <extensions>
          <ns3:TrackPointExtension>
            <ns3:hr>150</ns3:hr>
            <ns3:cad>86</ns3:cad>
          </ns3:TrackPointExtension>
        </extensions>
      </trkpt>
      <trkpt lat="31.16127678193151950836181640625" lon="121.1921792663633823394775390625">
        <ele>2.599999904632568359375</ele>
        <time>2025-10-05T12:34:25.000Z</time>
        <extensions>
          <ns3:TrackPointExtension>
            <ns3:hr>150</ns3:hr>
            <ns3:cad>86</ns3:cad>
          </ns3:TrackPointExtension>
        </extensions>
      </trkpt>
      <trkpt lat="31.1612802185118198394775390625" lon="121.19220516644418239593505859375">
        <ele>2.400000095367431640625</ele>
        <time>2025-10-05T12:34:26.000Z</time>
        <extensions>
          <ns3:TrackPointExtension>
            <ns3:hr>150</ns3:hr>
            <ns3:cad>86</ns3:cad>
          </ns3:TrackPointExtension>
        </extensions>
      </trkpt>
      <trkpt lat="31.16127879358828067779541015625" lon="121.192238442599773406982421875">
        <ele>2.400000095367431640625</ele>
        <time>2025-10-05T12:34:27.000Z</time>
        <extensions>
          <ns3:TrackPointExtension>
            <ns3:hr>151</ns3:hr>
            <ns3:cad>86</ns3:cad>
          </ns3:TrackPointExtension>
        </extensions>
      </trkpt>
      <trkpt lat="31.1612815596163272857666015625" lon="121.1922610737383365631103515625">
        <ele>2.400000095367431640625</ele>
        <time>2025-10-05T12:34:28.000Z</time>
        <extensions>
          <ns3:TrackPointExtension>
            <ns3:hr>150</ns3:hr>
            <ns3:cad>86</ns3:cad>
          </ns3:TrackPointExtension>
        </extensions>
      </trkpt>
      <trkpt lat="31.16128600202500820159912109375" lon="121.1922949366271495819091796875">
        <ele>2.400000095367431640625</ele>
        <time>2025-10-05T12:34:29.000Z</time>
        <extensions>
          <ns3:TrackPointExtension>
            <ns3:hr>150</ns3:hr>
            <ns3:cad>86</ns3:cad>
          </ns3:TrackPointExtension>
        </extensions>
      </trkpt>
      <trkpt lat="31.1612936295568943023681640625" lon="121.1923205852508544921875">
        <ele>2.400000095367431640625</ele>
        <time>2025-10-05T12:34:30.000Z</time>
        <extensions>
          <ns3:TrackPointExtension>
            <ns3:hr>151</ns3:hr>
            <ns3:cad>87</ns3:cad>
          </ns3:TrackPointExtension>
        </extensions>
      </trkpt>
      <trkpt lat="31.16130226291716098785400390625" lon="121.19235335849225521087646484375">
        <ele>2.400000095367431640625</ele>
        <time>2025-10-05T12:34:31.000Z</time>
        <extensions>
          <ns3:TrackPointExtension>
            <ns3:hr>150</ns3:hr>
            <ns3:cad>87</ns3:cad>
          </ns3:TrackPointExtension>
        </extensions>
      </trkpt>
      <trkpt lat="31.16130611859261989593505859375" lon="121.192374564707279205322265625">
        <ele>2.400000095367431640625</ele>
        <time>2025-10-05T12:34:32.000Z</time>
        <extensions>
          <ns3:TrackPointExtension>
            <ns3:hr>151</ns3:hr>
            <ns3:cad>86</ns3:cad>
          </ns3:TrackPointExtension>
        </extensions>
      </trkpt>
      <trkpt lat="31.16130963899195194244384765625" lon="121.1924025602638721466064453125">
        <ele>2.2000000476837158203125</ele>
        <time>2025-10-05T12:34:33.000Z</time>
        <extensions>
          <ns3:TrackPointExtension>
            <ns3:hr>151</ns3:hr>
            <ns3:cad>86</ns3:cad>
          </ns3:TrackPointExtension>
        </extensions>
      </trkpt>
      <trkpt lat="31.1613134108483791351318359375" lon="121.19242812506854534149169921875">
        <ele>2.2000000476837158203125</ele>
        <time>2025-10-05T12:34:34.000Z</time>
        <extensions>
          <ns3:TrackPointExtension>
            <ns3:hr>150</ns3:hr>
            <ns3:cad>86</ns3:cad>
          </ns3:TrackPointExtension>
        </extensions>
      </trkpt>
      <trkpt lat="31.16132053546607494354248046875" lon="121.192453689873218536376953125">
        <ele>2.2000000476837158203125</ele>
        <time>2025-10-05T12:34:35.000Z</time>
        <extensions>
          <ns3:TrackPointExtension>
            <ns3:hr>150</ns3:hr>
            <ns3:cad>86</ns3:cad>
          </ns3:TrackPointExtension>
        </extensions>
      </trkpt>
      <trkpt lat="31.161322295665740966796875" lon="121.19248629547655582427978515625">
        <ele>2.2000000476837158203125</ele>
        <time>2025-10-05T12:34:36.000Z</time>
        <extensions>
          <ns3:TrackPointExtension>
            <ns3:hr>150</ns3:hr>
            <ns3:cad>86</ns3:cad>
          </ns3:TrackPointExtension>
        </extensions>
      </trkpt>
      <trkpt lat="31.161323972046375274658203125" lon="121.192513369023799896240234375">
        <ele>2.2000000476837158203125</ele>
        <time>2025-10-05T12:34:37.000Z</time>
        <extensions>
          <ns3:TrackPointExtension>
            <ns3:hr>150</ns3:hr>
            <ns3:cad>85</ns3:cad>
          </ns3:TrackPointExtension>
        </extensions>
      </trkpt>
      <trkpt lat="31.16132606752216815948486328125" lon="121.192547567188739776611328125">
        <ele>2.2000000476837158203125</ele>
        <time>2025-10-05T12:34:38.000Z</time>
        <extensions>
          <ns3:TrackPointExtension>
            <ns3:hr>149</ns3:hr>
            <ns3:cad>84</ns3:cad>
          </ns3:TrackPointExtension>
        </extensions>
      </trkpt>
      <trkpt lat="31.1613254807889461517333984375" lon="121.19257497601211071014404296875">
        <ele>2.400000095367431640625</ele>
        <time>2025-10-05T12:34:39.000Z</time>
        <extensions>
          <ns3:TrackPointExtension>
            <ns3:hr>149</ns3:hr>
            <ns3:cad>84</ns3:cad>
          </ns3:TrackPointExtension>
        </extensions>
      </trkpt>
      <trkpt lat="31.161328665912151336669921875" lon="121.192599199712276458740234375">
        <ele>2.400000095367431640625</ele>
        <time>2025-10-05T12:34:40.000Z</time>
        <extensions>
          <ns3:TrackPointExtension>
            <ns3:hr>149</ns3:hr>
            <ns3:cad>85</ns3:cad>
          </ns3:TrackPointExtension>
        </extensions>
      </trkpt>
      <trkpt lat="31.1613321863114833831787109375" lon="121.19262970983982086181640625">
        <ele>2.400000095367431640625</ele>
        <time>2025-10-05T12:34:41.000Z</time>
        <extensions>
          <ns3:TrackPointExtension>
            <ns3:hr>149</ns3:hr>
            <ns3:cad>85</ns3:cad>
          </ns3:TrackPointExtension>
        </extensions>
      </trkpt>
      <trkpt lat="31.1613375507295131683349609375" lon="121.19264974258840084075927734375">
        <ele>2.2000000476837158203125</ele>
        <time>2025-10-05T12:34:42.000Z</time>
        <extensions>
          <ns3:TrackPointExtension>
            <ns3:hr>149</ns3:hr>
            <ns3:cad>85</ns3:cad>
          </ns3:TrackPointExtension>
        </extensions>
      </trkpt>
      <trkpt lat="31.16134199313819408416748046875" lon="121.19267974980175495147705078125">
        <ele>2.2000000476837158203125</ele>
        <time>2025-10-05T12:34:43.000Z</time>
        <extensions>
          <ns3:TrackPointExtension>
            <ns3:hr>149</ns3:hr>
            <ns3:cad>85</ns3:cad>
          </ns3:TrackPointExtension>
        </extensions>
      </trkpt>
      <trkpt lat="31.16134710609912872314453125" lon="121.1927049793303012847900390625">
        <ele>2.2000000476837158203125</ele>
        <time>2025-10-05T12:34:44.000Z</time>
        <extensions>
          <ns3:TrackPointExtension>
            <ns3:hr>149</ns3:hr>
            <ns3:cad>85</ns3:cad>
          </ns3:TrackPointExtension>
        </extensions>
      </trkpt>
      <trkpt lat="31.16135179996490478515625" lon="121.1927287839353084564208984375">
        <ele>2.2000000476837158203125</ele>
        <time>2025-10-05T12:34:45.000Z</time>
        <extensions>
          <ns3:TrackPointExtension>
            <ns3:hr>149</ns3:hr>
            <ns3:cad>85</ns3:cad>
          </ns3:TrackPointExtension>
        </extensions>
      </trkpt>
      <trkpt lat="31.161355488002300262451171875" lon="121.192758120596408843994140625">
        <ele>2.2000000476837158203125</ele>
        <time>2025-10-05T12:34:46.000Z</time>
        <extensions>
          <ns3:TrackPointExtension>
            <ns3:hr>149</ns3:hr>
            <ns3:cad>85</ns3:cad>
          </ns3:TrackPointExtension>
        </extensions>
      </trkpt>
      <trkpt lat="31.1613593436777591705322265625" lon="121.19278519414365291595458984375">
        <ele>2.2000000476837158203125</ele>
        <time>2025-10-05T12:34:47.000Z</time>
        <extensions>
          <ns3:TrackPointExtension>
            <ns3:hr>149</ns3:hr>
            <ns3:cad>85</ns3:cad>
          </ns3:TrackPointExtension>
        </extensions>
      </trkpt>
      <trkpt lat="31.1613643728196620941162109375" lon="121.1928189732134342193603515625">
        <ele>2.2000000476837158203125</ele>
        <time>2025-10-05T12:34:48.000Z</time>
        <extensions>
          <ns3:TrackPointExtension>
            <ns3:hr>149</ns3:hr>
            <ns3:cad>85</ns3:cad>
          </ns3:TrackPointExtension>
        </extensions>
      </trkpt>
      <trkpt lat="31.1613673903048038482666015625" lon="121.1928414367139339447021484375">
        <ele>2.2000000476837158203125</ele>
        <time>2025-10-05T12:34:49.000Z</time>
        <extensions>
          <ns3:TrackPointExtension>
            <ns3:hr>149</ns3:hr>
            <ns3:cad>85</ns3:cad>
          </ns3:TrackPointExtension>
        </extensions>
      </trkpt>
      <trkpt lat="31.1613692343235015869140625" lon="121.19287136010825634002685546875">
        <ele>2.2000000476837158203125</ele>
        <time>2025-10-05T12:34:50.000Z</time>
        <extensions>
          <ns3:TrackPointExtension>
            <ns3:hr>149</ns3:hr>
            <ns3:cad>85</ns3:cad>
          </ns3:TrackPointExtension>
        </extensions>
      </trkpt>
      <trkpt lat="31.16136931814253330230712890625" lon="121.1928967572748661041259765625">
        <ele>2.2000000476837158203125</ele>
        <time>2025-10-05T12:34:51.000Z</time>
        <extensions>
          <ns3:TrackPointExtension>
            <ns3:hr>148</ns3:hr>
            <ns3:cad>86</ns3:cad>
          </ns3:TrackPointExtension>
        </extensions>
      </trkpt>
      <trkpt lat="31.16137099452316761016845703125" lon="121.19292248971760272979736328125">
        <ele>2.2000000476837158203125</ele>
        <time>2025-10-05T12:34:52.000Z</time>
        <extensions>
          <ns3:TrackPointExtension>
            <ns3:hr>149</ns3:hr>
            <ns3:cad>86</ns3:cad>
          </ns3:TrackPointExtension>
        </extensions>
      </trkpt>
      <trkpt lat="31.1613751016557216644287109375" lon="121.1929483897984027862548828125">
        <ele>2.2000000476837158203125</ele>
        <time>2025-10-05T12:34:53.000Z</time>
        <extensions>
          <ns3:TrackPointExtension>
            <ns3:hr>148</ns3:hr>
            <ns3:cad>85</ns3:cad>
          </ns3:TrackPointExtension>
        </extensions>
      </trkpt>
      <trkpt lat="31.16137929260730743408203125" lon="121.19297009892761707305908203125">
        <ele>2.2000000476837158203125</ele>
        <time>2025-10-05T12:34:54.000Z</time>
        <extensions>
          <ns3:TrackPointExtension>
            <ns3:hr>148</ns3:hr>
            <ns3:cad>85</ns3:cad>
          </ns3:TrackPointExtension>
        </extensions>
      </trkpt>
      <trkpt lat="31.1613818071782588958740234375" lon="121.192999184131622314453125">
        <ele>2.2000000476837158203125</ele>
        <time>2025-10-05T12:34:55.000Z</time>
        <extensions>
          <ns3:TrackPointExtension>
            <ns3:hr>148</ns3:hr>
            <ns3:cad>85</ns3:cad>
          </ns3:TrackPointExtension>
        </extensions>
      </trkpt>
      <trkpt lat="31.161379627883434295654296875" lon="121.19302474893629550933837890625">
        <ele>2.2000000476837158203125</ele>
        <time>2025-10-05T12:34:56.000Z</time>
        <extensions>
          <ns3:TrackPointExtension>
            <ns3:hr>148</ns3:hr>
            <ns3:cad>84</ns3:cad>
          </ns3:TrackPointExtension>
        </extensions>
      </trkpt>
      <trkpt lat="31.161376275122165679931640625" lon="121.19304947555065155029296875">
        <ele>2.2000000476837158203125</ele>
        <time>2025-10-05T12:34:57.000Z</time>
        <extensions>
          <ns3:TrackPointExtension>
            <ns3:hr>149</ns3:hr>
            <ns3:cad>84</ns3:cad>
          </ns3:TrackPointExtension>
        </extensions>
      </trkpt>
      <trkpt lat="31.16137686185538768768310546875" lon="121.19307319633662700653076171875">
        <ele>2.2000000476837158203125</ele>
        <time>2025-10-05T12:34:58.000Z</time>
        <extensions>
          <ns3:TrackPointExtension>
            <ns3:hr>148</ns3:hr>
            <ns3:cad>86</ns3:cad>
          </ns3:TrackPointExtension>
        </extensions>
      </trkpt>
      <trkpt lat="31.16138440556824207305908203125" lon="121.19309683330357074737548828125">
        <ele>2.2000000476837158203125</ele>
        <time>2025-10-05T12:34:59.000Z</time>
        <extensions>
          <ns3:TrackPointExtension>
            <ns3:hr>148</ns3:hr>
            <ns3:cad>86</ns3:cad>
          </ns3:TrackPointExtension>
        </extensions>
      </trkpt>
      <trkpt lat="31.16139345802366733551025390625" lon="121.19312725961208343505859375">
        <ele>2.2000000476837158203125</ele>
        <time>2025-10-05T12:35:00.000Z</time>
        <extensions>
          <ns3:TrackPointExtension>
            <ns3:hr>148</ns3:hr>
            <ns3:cad>86</ns3:cad>
          </ns3:TrackPointExtension>
        </extensions>
      </trkpt>
      <trkpt lat="31.16140334866940975189208984375" lon="121.193151734769344329833984375">
        <ele>2.2000000476837158203125</ele>
        <time>2025-10-05T12:35:01.000Z</time>
        <extensions>
          <ns3:TrackPointExtension>
            <ns3:hr>148</ns3:hr>
            <ns3:cad>86</ns3:cad>
          </ns3:TrackPointExtension>
        </extensions>
      </trkpt>
      <trkpt lat="31.1614109762012958526611328125" lon="121.1931882798671722412109375">
        <ele>2.2000000476837158203125</ele>
        <time>2025-10-05T12:35:02.000Z</time>
        <extensions>
          <ns3:TrackPointExtension>
            <ns3:hr>148</ns3:hr>
            <ns3:cad>85</ns3:cad>
          </ns3:TrackPointExtension>
        </extensions>
      </trkpt>
      <trkpt lat="31.16141525097191333770751953125" lon="121.1932152695953845977783203125">
        <ele>2.2000000476837158203125</ele>
        <time>2025-10-05T12:35:03.000Z</time>
        <extensions>
          <ns3:TrackPointExtension>
            <ns3:hr>148</ns3:hr>
            <ns3:cad>85</ns3:cad>
          </ns3:TrackPointExtension>
        </extensions>
      </trkpt>
      <trkpt lat="31.16142086684703826904296875" lon="121.19324653409421443939208984375">
        <ele>2.2000000476837158203125</ele>
        <time>2025-10-05T12:35:04.000Z</time>
        <extensions>
          <ns3:TrackPointExtension>
            <ns3:hr>147</ns3:hr>
            <ns3:cad>85</ns3:cad>
          </ns3:TrackPointExtension>
        </extensions>
      </trkpt>
      <trkpt lat="31.1614250577986240386962890625" lon="121.19327553547918796539306640625">
        <ele>2.2000000476837158203125</ele>
        <time>2025-10-05T12:35:05.000Z</time>
        <extensions>
          <ns3:TrackPointExtension>
            <ns3:hr>148</ns3:hr>
            <ns3:cad>85</ns3:cad>
          </ns3:TrackPointExtension>
        </extensions>
      </trkpt>
      <trkpt lat="31.1614317633211612701416015625" lon="121.1933044530451297760009765625">
        <ele>2.2000000476837158203125</ele>
        <time>2025-10-05T12:35:06.000Z</time>
        <extensions>
          <ns3:TrackPointExtension>
            <ns3:hr>148</ns3:hr>
            <ns3:cad>85</ns3:cad>
          </ns3:TrackPointExtension>
        </extensions>
      </trkpt>
      <trkpt lat="31.161433942615985870361328125" lon="121.193336807191371917724609375">
        <ele>2.2000000476837158203125</ele>
        <time>2025-10-05T12:35:07.000Z</time>
        <extensions>
          <ns3:TrackPointExtension>
            <ns3:hr>148</ns3:hr>
            <ns3:cad>85</ns3:cad>
          </ns3:TrackPointExtension>
        </extensions>
      </trkpt>
      <trkpt lat="31.161441989243030548095703125" lon="121.19336170144379138946533203125">
        <ele>2</ele>
        <time>2025-10-05T12:35:08.000Z</time>
        <extensions>
          <ns3:TrackPointExtension>
            <ns3:hr>147</ns3:hr>
            <ns3:cad>86</ns3:cad>
          </ns3:TrackPointExtension>
        </extensions>
      </trkpt>
      <trkpt lat="31.16144861094653606414794921875" lon="121.19339204393327236175537109375">
        <ele>2</ele>
        <time>2025-10-05T12:35:09.000Z</time>
        <extensions>
          <ns3:TrackPointExtension>
            <ns3:hr>148</ns3:hr>
            <ns3:cad>86</ns3:cad>
          </ns3:TrackPointExtension>
        </extensions>
      </trkpt>
      <trkpt lat="31.16145632229745388031005859375" lon="121.1934150941669940948486328125">
        <ele>2.2000000476837158203125</ele>
        <time>2025-10-05T12:35:10.000Z</time>
        <extensions>
          <ns3:TrackPointExtension>
            <ns3:hr>148</ns3:hr>
            <ns3:cad>86</ns3:cad>
          </ns3:TrackPointExtension>
        </extensions>
      </trkpt>
      <trkpt lat="31.1614605970680713653564453125" lon="121.19344065897166728973388671875">
        <ele>2</ele>
        <time>2025-10-05T12:35:11.000Z</time>
        <extensions>
          <ns3:TrackPointExtension>
            <ns3:hr>147</ns3:hr>
            <ns3:cad>86</ns3:cad>
          </ns3:TrackPointExtension>
        </extensions>
      </trkpt>
      <trkpt lat="31.1614636145532131195068359375" lon="121.1934667266905307769775390625">
        <ele>2.2000000476837158203125</ele>
        <time>2025-10-05T12:35:12.000Z</time>
        <extensions>
          <ns3:TrackPointExtension>
            <ns3:hr>148</ns3:hr>
            <ns3:cad>86</ns3:cad>
          </ns3:TrackPointExtension>
        </extensions>
      </trkpt>
      <trkpt lat="31.16146889515221118927001953125" lon="121.19348910637199878692626953125">
        <ele>2.2000000476837158203125</ele>
        <time>2025-10-05T12:35:13.000Z</time>
        <extensions>
          <ns3:TrackPointExtension>
            <ns3:hr>148</ns3:hr>
            <ns3:cad>85</ns3:cad>
          </ns3:TrackPointExtension>
        </extensions>
      </trkpt>
      <trkpt lat="31.1614740081131458282470703125" lon="121.193519867956638336181640625">
        <ele>2.2000000476837158203125</ele>
        <time>2025-10-05T12:35:14.000Z</time>
        <extensions>
          <ns3:TrackPointExtension>
            <ns3:hr>147</ns3:hr>
            <ns3:cad>85</ns3:cad>
          </ns3:TrackPointExtension>
        </extensions>
      </trkpt>
      <trkpt lat="31.16148029454052448272705078125" lon="121.19354208000004291534423828125">
        <ele>2.2000000476837158203125</ele>
        <time>2025-10-05T12:35:15.000Z</time>
        <extensions>
          <ns3:TrackPointExtension>
            <ns3:hr>148</ns3:hr>
            <ns3:cad>85</ns3:cad>
          </ns3:TrackPointExtension>
        </extensions>
      </trkpt>
      <trkpt lat="31.16148448549211025238037109375" lon="121.1935753561556339263916015625">
        <ele>2.2000000476837158203125</ele>
        <time>2025-10-05T12:35:16.000Z</time>
        <extensions>
          <ns3:TrackPointExtension>
            <ns3:hr>148</ns3:hr>
            <ns3:cad>85</ns3:cad>
          </ns3:TrackPointExtension>
        </extensions>
      </trkpt>
      <trkpt lat="31.16148984991014003753662109375" lon="121.19360066950321197509765625">
        <ele>2.2000000476837158203125</ele>
        <time>2025-10-05T12:35:17.000Z</time>
        <extensions>
          <ns3:TrackPointExtension>
            <ns3:hr>147</ns3:hr>
            <ns3:cad>85</ns3:cad>
          </ns3:TrackPointExtension>
        </extensions>
      </trkpt>
      <trkpt lat="31.16149370558559894561767578125" lon="121.1936353705823421478271484375">
        <ele>2.2000000476837158203125</ele>
        <time>2025-10-05T12:35:18.000Z</time>
        <extensions>
          <ns3:TrackPointExtension>
            <ns3:hr>148</ns3:hr>
            <ns3:cad>85</ns3:cad>
          </ns3:TrackPointExtension>
        </extensions>
      </trkpt>
      <trkpt lat="31.1614934541285037994384765625" lon="121.19366562925279140472412109375">
        <ele>2.2000000476837158203125</ele>
        <time>2025-10-05T12:35:19.000Z</time>
        <extensions>
          <ns3:TrackPointExtension>
            <ns3:hr>148</ns3:hr>
            <ns3:cad>85</ns3:cad>
          </ns3:TrackPointExtension>
        </extensions>
      </trkpt>
      <trkpt lat="31.1614988185465335845947265625" lon="121.193690858781337738037109375">
        <ele>2.2000000476837158203125</ele>
        <time>2025-10-05T12:35:20.000Z</time>
        <extensions>
          <ns3:TrackPointExtension>
            <ns3:hr>147</ns3:hr>
            <ns3:cad>85</ns3:cad>
          </ns3:TrackPointExtension>
        </extensions>
      </trkpt>
      <trkpt lat="31.1615102179348468780517578125" lon="121.1937185190618038177490234375">
        <ele>2.2000000476837158203125</ele>
        <time>2025-10-05T12:35:21.000Z</time>
        <extensions>
          <ns3:TrackPointExtension>
            <ns3:hr>148</ns3:hr>
            <ns3:cad>86</ns3:cad>
          </ns3:TrackPointExtension>
        </extensions>
      </trkpt>
      <trkpt lat="31.16152890957891941070556640625" lon="121.19373804889619350433349609375">
        <ele>2.2000000476837158203125</ele>
        <time>2025-10-05T12:35:22.000Z</time>
        <extensions>
          <ns3:TrackPointExtension>
            <ns3:hr>148</ns3:hr>
            <ns3:cad>86</ns3:cad>
          </ns3:TrackPointExtension>
        </extensions>
      </trkpt>
      <trkpt lat="31.1615410633385181427001953125" lon="121.1937708221375942230224609375">
        <ele>2.2000000476837158203125</ele>
        <time>2025-10-05T12:35:23.000Z</time>
        <extensions>
          <ns3:TrackPointExtension>
            <ns3:hr>147</ns3:hr>
            <ns3:cad>87</ns3:cad>
          </ns3:TrackPointExtension>
        </extensions>
      </trkpt>
      <trkpt lat="31.16155439056456089019775390625" lon="121.1937932856380939483642578125">
        <ele>2</ele>
        <time>2025-10-05T12:35:24.000Z</time>
        <extensions>
          <ns3:TrackPointExtension>
            <ns3:hr>148</ns3:hr>
            <ns3:cad>87</ns3:cad>
          </ns3:TrackPointExtension>
        </extensions>
      </trkpt>
      <trkpt lat="31.16156528703868389129638671875" lon="121.1938264779746532440185546875">
        <ele>2</ele>
        <time>2025-10-05T12:35:25.000Z</time>
        <extensions>
          <ns3:TrackPointExtension>
            <ns3:hr>148</ns3:hr>
            <ns3:cad>87</ns3:cad>
          </ns3:TrackPointExtension>
        </extensions>
      </trkpt>
      <trkpt lat="31.161568053066730499267578125" lon="121.1938516236841678619384765625">
        <ele>2</ele>
        <time>2025-10-05T12:35:26.000Z</time>
        <extensions>
          <ns3:TrackPointExtension>
            <ns3:hr>148</ns3:hr>
            <ns3:cad>86</ns3:cad>
          </ns3:TrackPointExtension>
        </extensions>
      </trkpt>
      <trkpt lat="31.1615705676376819610595703125" lon="121.193885318934917449951171875">
        <ele>2</ele>
        <time>2025-10-05T12:35:27.000Z</time>
        <extensions>
          <ns3:TrackPointExtension>
            <ns3:hr>149</ns3:hr>
            <ns3:cad>86</ns3:cad>
          </ns3:TrackPointExtension>
        </extensions>
      </trkpt>
      <trkpt lat="31.16156763397157192230224609375" lon="121.19391591288149356842041015625">
        <ele>2</ele>
        <time>2025-10-05T12:35:28.000Z</time>
        <extensions>
          <ns3:TrackPointExtension>
            <ns3:hr>149</ns3:hr>
            <ns3:cad>87</ns3:cad>
          </ns3:TrackPointExtension>
        </extensions>
      </trkpt>
      <trkpt lat="31.16157115437090396881103515625" lon="121.19394642300903797149658203125">
        <ele>2</ele>
        <time>2025-10-05T12:35:29.000Z</time>
        <extensions>
          <ns3:TrackPointExtension>
            <ns3:hr>149</ns3:hr>
            <ns3:cad>88</ns3:cad>
          </ns3:TrackPointExtension>
        </extensions>
      </trkpt>
      <trkpt lat="31.16157132200896739959716796875" lon="121.1939756758511066436767578125">
        <ele>2</ele>
        <time>2025-10-05T12:35:30.000Z</time>
        <extensions>
          <ns3:TrackPointExtension>
            <ns3:hr>149</ns3:hr>
            <ns3:cad>87</ns3:cad>
          </ns3:TrackPointExtension>
        </extensions>
      </trkpt>
      <trkpt lat="31.16157484240829944610595703125" lon="121.1940014921128749847412109375">
        <ele>2</ele>
        <time>2025-10-05T12:35:31.000Z</time>
        <extensions>
          <ns3:TrackPointExtension>
            <ns3:hr>149</ns3:hr>
            <ns3:cad>88</ns3:cad>
          </ns3:TrackPointExtension>
        </extensions>
      </trkpt>
      <trkpt lat="31.161576770246028900146484375" lon="121.19403393007814884185791015625">
        <ele>2</ele>
        <time>2025-10-05T12:35:32.000Z</time>
        <extensions>
          <ns3:TrackPointExtension>
            <ns3:hr>149</ns3:hr>
            <ns3:cad>88</ns3:cad>
          </ns3:TrackPointExtension>
        </extensions>
      </trkpt>
      <trkpt lat="31.161582469940185546875" lon="121.19405530393123626708984375">
        <ele>2</ele>
        <time>2025-10-05T12:35:33.000Z</time>
        <extensions>
          <ns3:TrackPointExtension>
            <ns3:hr>149</ns3:hr>
            <ns3:cad>88</ns3:cad>
          </ns3:TrackPointExtension>
        </extensions>
      </trkpt>
      <trkpt lat="31.161584816873073577880859375" lon="121.19409293867647647857666015625">
        <ele>2</ele>
        <time>2025-10-05T12:35:34.000Z</time>
        <extensions>
          <ns3:TrackPointExtension>
            <ns3:hr>149</ns3:hr>
            <ns3:cad>88</ns3:cad>
          </ns3:TrackPointExtension>
        </extensions>
      </trkpt>
      <trkpt lat="31.16158456541597843170166015625" lon="121.1941205151379108428955078125">
        <ele>2</ele>
        <time>2025-10-05T12:35:35.000Z</time>
        <extensions>
          <ns3:TrackPointExtension>
            <ns3:hr>149</ns3:hr>
            <ns3:cad>87</ns3:cad>
          </ns3:TrackPointExtension>
        </extensions>
      </trkpt>
      <trkpt lat="31.1615826375782489776611328125" lon="121.19415362365543842315673828125">
        <ele>2</ele>
        <time>2025-10-05T12:35:36.000Z</time>
        <extensions>
          <ns3:TrackPointExtension>
            <ns3:hr>149</ns3:hr>
            <ns3:cad>86</ns3:cad>
          </ns3:TrackPointExtension>
        </extensions>
      </trkpt>
      <trkpt lat="31.16158758290112018585205078125" lon="121.19418094865977764129638671875">
        <ele>2</ele>
        <time>2025-10-05T12:35:37.000Z</time>
        <extensions>
          <ns3:TrackPointExtension>
            <ns3:hr>149</ns3:hr>
            <ns3:cad>86</ns3:cad>
          </ns3:TrackPointExtension>
        </extensions>
      </trkpt>
      <trkpt lat="31.16159294731914997100830078125" lon="121.194211542606353759765625">
        <ele>2</ele>
        <time>2025-10-05T12:35:38.000Z</time>
        <extensions>
          <ns3:TrackPointExtension>
            <ns3:hr>149</ns3:hr>
            <ns3:cad>86</ns3:cad>
          </ns3:TrackPointExtension>
        </extensions>
      </trkpt>
      <trkpt lat="31.16159713827073574066162109375" lon="121.1942422203719615936279296875">
        <ele>2</ele>
        <time>2025-10-05T12:35:39.000Z</time>
        <extensions>
          <ns3:TrackPointExtension>
            <ns3:hr>149</ns3:hr>
            <ns3:cad>86</ns3:cad>
          </ns3:TrackPointExtension>
        </extensions>
      </trkpt>
      <trkpt lat="31.16160719655454158782958984375" lon="121.19426644407212734222412109375">
        <ele>2</ele>
        <time>2025-10-05T12:35:40.000Z</time>
        <extensions>
          <ns3:TrackPointExtension>
            <ns3:hr>149</ns3:hr>
            <ns3:cad>86</ns3:cad>
          </ns3:TrackPointExtension>
        </extensions>
      </trkpt>
      <trkpt lat="31.16161641664803028106689453125" lon="121.19430131278932094573974609375">
        <ele>2</ele>
        <time>2025-10-05T12:35:41.000Z</time>
        <extensions>
          <ns3:TrackPointExtension>
            <ns3:hr>149</ns3:hr>
            <ns3:cad>86</ns3:cad>
          </ns3:TrackPointExtension>
        </extensions>
      </trkpt>
      <trkpt lat="31.161622367799282073974609375" lon="121.194323860108852386474609375">
        <ele>2</ele>
        <time>2025-10-05T12:35:42.000Z</time>
        <extensions>
          <ns3:TrackPointExtension>
            <ns3:hr>150</ns3:hr>
            <ns3:cad>86</ns3:cad>
          </ns3:TrackPointExtension>
        </extensions>
      </trkpt>
      <trkpt lat="31.161621697247028350830078125" lon="121.19435713626444339752197265625">
        <ele>2</ele>
        <time>2025-10-05T12:35:43.000Z</time>
        <extensions>
          <ns3:TrackPointExtension>
            <ns3:hr>150</ns3:hr>
            <ns3:cad>86</ns3:cad>
          </ns3:TrackPointExtension>
        </extensions>
      </trkpt>
      <trkpt lat="31.16162479855120182037353515625" lon="121.19438295252621173858642578125">
        <ele>2</ele>
        <time>2025-10-05T12:35:44.000Z</time>
        <extensions>
          <ns3:TrackPointExtension>
            <ns3:hr>150</ns3:hr>
            <ns3:cad>86</ns3:cad>
          </ns3:TrackPointExtension>
        </extensions>
      </trkpt>
      <trkpt lat="31.16162748076021671295166015625" lon="121.19440977461636066436767578125">
        <ele>2</ele>
        <time>2025-10-05T12:35:45.000Z</time>
        <extensions>
          <ns3:TrackPointExtension>
            <ns3:hr>150</ns3:hr>
            <ns3:cad>86</ns3:cad>
          </ns3:TrackPointExtension>
        </extensions>
      </trkpt>
      <trkpt lat="31.16163150407373905181884765625" lon="121.19444062002003192901611328125">
        <ele>2</ele>
        <time>2025-10-05T12:35:46.000Z</time>
        <extensions>
          <ns3:TrackPointExtension>
            <ns3:hr>151</ns3:hr>
            <ns3:cad>86</ns3:cad>
          </ns3:TrackPointExtension>
        </extensions>
      </trkpt>
      <trkpt lat="31.1616396345198154449462890625" lon="121.194465346634387969970703125">
        <ele>2</ele>
        <time>2025-10-05T12:35:47.000Z</time>
        <extensions>
          <ns3:TrackPointExtension>
            <ns3:hr>151</ns3:hr>
            <ns3:cad>86</ns3:cad>
          </ns3:TrackPointExtension>
        </extensions>
      </trkpt>
      <trkpt lat="31.1616446636617183685302734375" lon="121.1945010535418987274169921875">
        <ele>2</ele>
        <time>2025-10-05T12:35:48.000Z</time>
        <extensions>
          <ns3:TrackPointExtension>
            <ns3:hr>151</ns3:hr>
            <ns3:cad>86</ns3:cad>
          </ns3:TrackPointExtension>
        </extensions>
      </trkpt>
      <trkpt lat="31.1616500280797481536865234375" lon="121.19452578015625476837158203125">
        <ele>2</ele>
        <time>2025-10-05T12:35:49.000Z</time>
        <extensions>
          <ns3:TrackPointExtension>
            <ns3:hr>151</ns3:hr>
            <ns3:cad>86</ns3:cad>
          </ns3:TrackPointExtension>
        </extensions>
      </trkpt>
      <trkpt lat="31.1616517044603824615478515625" lon="121.19455645792186260223388671875">
        <ele>2</ele>
        <time>2025-10-05T12:35:50.000Z</time>
        <extensions>
          <ns3:TrackPointExtension>
            <ns3:hr>150</ns3:hr>
            <ns3:cad>86</ns3:cad>
          </ns3:TrackPointExtension>
        </extensions>
      </trkpt>
      <trkpt lat="31.16165312938392162322998046875" lon="121.194581687450408935546875">
        <ele>2</ele>
        <time>2025-10-05T12:35:51.000Z</time>
        <extensions>
          <ns3:TrackPointExtension>
            <ns3:hr>151</ns3:hr>
            <ns3:cad>86</ns3:cad>
          </ns3:TrackPointExtension>
        </extensions>
      </trkpt>
      <trkpt lat="31.16165413521230220794677734375" lon="121.19461161084473133087158203125">
        <ele>2</ele>
        <time>2025-10-05T12:35:52.000Z</time>
        <extensions>
          <ns3:TrackPointExtension>
            <ns3:hr>151</ns3:hr>
            <ns3:cad>86</ns3:cad>
          </ns3:TrackPointExtension>
        </extensions>
      </trkpt>
      <trkpt lat="31.16165732033550739288330078125" lon="121.1946398578584194183349609375">
        <ele>2</ele>
        <time>2025-10-05T12:35:53.000Z</time>
        <extensions>
          <ns3:TrackPointExtension>
            <ns3:hr>150</ns3:hr>
            <ns3:cad>86</ns3:cad>
          </ns3:TrackPointExtension>
        </extensions>
      </trkpt>
      <trkpt lat="31.16166620515286922454833984375" lon="121.19466944597661495208740234375">
        <ele>2</ele>
        <time>2025-10-05T12:35:54.000Z</time>
        <extensions>
          <ns3:TrackPointExtension>
            <ns3:hr>151</ns3:hr>
            <ns3:cad>86</ns3:cad>
          </ns3:TrackPointExtension>
        </extensions>
      </trkpt>
      <trkpt lat="31.161665618419647216796875" lon="121.19469861499965190887451171875">
        <ele>2</ele>
        <time>2025-10-05T12:35:55.000Z</time>
        <extensions>
          <ns3:TrackPointExtension>
            <ns3:hr>151</ns3:hr>
            <ns3:cad>86</ns3:cad>
          </ns3:TrackPointExtension>
        </extensions>
      </trkpt>
      <trkpt lat="31.16167240776121616363525390625" lon="121.1947240121662616729736328125">
        <ele>2</ele>
        <time>2025-10-05T12:35:56.000Z</time>
        <extensions>
          <ns3:TrackPointExtension>
            <ns3:hr>150</ns3:hr>
            <ns3:cad>86</ns3:cad>
          </ns3:TrackPointExtension>
        </extensions>
      </trkpt>
      <trkpt lat="31.16167324595153331756591796875" lon="121.1947592161595821380615234375">
        <ele>2</ele>
        <time>2025-10-05T12:35:57.000Z</time>
        <extensions>
          <ns3:TrackPointExtension>
            <ns3:hr>151</ns3:hr>
            <ns3:cad>86</ns3:cad>
          </ns3:TrackPointExtension>
        </extensions>
      </trkpt>
      <trkpt lat="31.16167961619794368743896484375" lon="121.19478645734488964080810546875">
        <ele>2</ele>
        <time>2025-10-05T12:35:58.000Z</time>
        <extensions>
          <ns3:TrackPointExtension>
            <ns3:hr>151</ns3:hr>
            <ns3:cad>86</ns3:cad>
          </ns3:TrackPointExtension>
        </extensions>
      </trkpt>
      <trkpt lat="31.1616818793118000030517578125" lon="121.1948162131011486053466796875">
        <ele>2</ele>
        <time>2025-10-05T12:35:59.000Z</time>
        <extensions>
          <ns3:TrackPointExtension>
            <ns3:hr>150</ns3:hr>
            <ns3:cad>86</ns3:cad>
          </ns3:TrackPointExtension>
        </extensions>
      </trkpt>
      <trkpt lat="31.161684058606624603271484375" lon="121.1948447115719318389892578125">
        <ele>2</ele>
        <time>2025-10-05T12:36:00.000Z</time>
        <extensions>
          <ns3:TrackPointExtension>
            <ns3:hr>151</ns3:hr>
            <ns3:cad>86</ns3:cad>
          </ns3:TrackPointExtension>
        </extensions>
      </trkpt>
      <trkpt lat="31.16168732754886150360107421875" lon="121.1948789097368717193603515625">
        <ele>2</ele>
        <time>2025-10-05T12:36:01.000Z</time>
        <extensions>
          <ns3:TrackPointExtension>
            <ns3:hr>151</ns3:hr>
            <ns3:cad>86</ns3:cad>
          </ns3:TrackPointExtension>
        </extensions>
      </trkpt>
      <trkpt lat="31.16169084794819355010986328125" lon="121.1949048936367034912109375">
        <ele>2</ele>
        <time>2025-10-05T12:36:02.000Z</time>
        <extensions>
          <ns3:TrackPointExtension>
            <ns3:hr>150</ns3:hr>
            <ns3:cad>86</ns3:cad>
          </ns3:TrackPointExtension>
        </extensions>
      </trkpt>
      <trkpt lat="31.161692775785923004150390625" lon="121.19492995552718639373779296875">
        <ele>2</ele>
        <time>2025-10-05T12:36:03.000Z</time>
        <extensions>
          <ns3:TrackPointExtension>
            <ns3:hr>151</ns3:hr>
            <ns3:cad>87</ns3:cad>
          </ns3:TrackPointExtension>
        </extensions>
      </trkpt>
      <trkpt lat="31.1616966314613819122314453125" lon="121.1949613876640796661376953125">
        <ele>1.7999999523162841796875</ele>
        <time>2025-10-05T12:36:04.000Z</time>
        <extensions>
          <ns3:TrackPointExtension>
            <ns3:hr>151</ns3:hr>
            <ns3:cad>87</ns3:cad>
          </ns3:TrackPointExtension>
        </extensions>
      </trkpt>
      <trkpt lat="31.161699481308460235595703125" lon="121.194984018802642822265625">
        <ele>1.7999999523162841796875</ele>
        <time>2025-10-05T12:36:05.000Z</time>
        <extensions>
          <ns3:TrackPointExtension>
            <ns3:hr>150</ns3:hr>
            <ns3:cad>88</ns3:cad>
          </ns3:TrackPointExtension>
        </extensions>
      </trkpt>
      <trkpt lat="31.16170710884034633636474609375" lon="121.19502148590981960296630859375">
        <ele>1.7999999523162841796875</ele>
        <time>2025-10-05T12:36:06.000Z</time>
        <extensions>
          <ns3:TrackPointExtension>
            <ns3:hr>151</ns3:hr>
            <ns3:cad>88</ns3:cad>
          </ns3:TrackPointExtension>
        </extensions>
      </trkpt>
      <trkpt lat="31.161715574562549591064453125" lon="121.195046044886112213134765625">
        <ele>1.7999999523162841796875</ele>
        <time>2025-10-05T12:36:07.000Z</time>
        <extensions>
          <ns3:TrackPointExtension>
            <ns3:hr>151</ns3:hr>
            <ns3:cad>88</ns3:cad>
          </ns3:TrackPointExtension>
        </extensions>
      </trkpt>
      <trkpt lat="31.16171465255320072174072265625" lon="121.19508326053619384765625">
        <ele>1.7999999523162841796875</ele>
        <time>2025-10-05T12:36:08.000Z</time>
        <extensions>
          <ns3:TrackPointExtension>
            <ns3:hr>151</ns3:hr>
            <ns3:cad>87</ns3:cad>
          </ns3:TrackPointExtension>
        </extensions>
      </trkpt>
      <trkpt lat="31.161720268428325653076171875" lon="121.195109076797962188720703125">
        <ele>1.7999999523162841796875</ele>
        <time>2025-10-05T12:36:09.000Z</time>
        <extensions>
          <ns3:TrackPointExtension>
            <ns3:hr>150</ns3:hr>
            <ns3:cad>87</ns3:cad>
          </ns3:TrackPointExtension>
        </extensions>
      </trkpt>
      <trkpt lat="31.16172772832214832305908203125" lon="121.1951380781829357147216796875">
        <ele>2</ele>
        <time>2025-10-05T12:36:10.000Z</time>
        <extensions>
          <ns3:TrackPointExtension>
            <ns3:hr>150</ns3:hr>
            <ns3:cad>87</ns3:cad>
          </ns3:TrackPointExtension>
        </extensions>
      </trkpt>
      <trkpt lat="31.16173376329243183135986328125" lon="121.19517110288143157958984375">
        <ele>2</ele>
        <time>2025-10-05T12:36:11.000Z</time>
        <extensions>
          <ns3:TrackPointExtension>
            <ns3:hr>150</ns3:hr>
            <ns3:cad>87</ns3:cad>
          </ns3:TrackPointExtension>
        </extensions>
      </trkpt>
      <trkpt lat="31.16173979826271533966064453125" lon="121.1951947398483753204345703125">
        <ele>2</ele>
        <time>2025-10-05T12:36:12.000Z</time>
        <extensions>
          <ns3:TrackPointExtension>
            <ns3:hr>150</ns3:hr>
            <ns3:cad>86</ns3:cad>
          </ns3:TrackPointExtension>
        </extensions>
      </trkpt>
      <trkpt lat="31.1617428995668888092041015625" lon="121.1952332966029644012451171875">
        <ele>2</ele>
        <time>2025-10-05T12:36:13.000Z</time>
        <extensions>
          <ns3:TrackPointExtension>
            <ns3:hr>150</ns3:hr>
            <ns3:cad>86</ns3:cad>
          </ns3:TrackPointExtension>
        </extensions>
      </trkpt>
      <trkpt lat="31.16174901835620403289794921875" lon="121.1952614597976207733154296875">
        <ele>2</ele>
        <time>2025-10-05T12:36:14.000Z</time>
        <extensions>
          <ns3:TrackPointExtension>
            <ns3:hr>150</ns3:hr>
            <ns3:cad>85</ns3:cad>
          </ns3:TrackPointExtension>
        </extensions>
      </trkpt>
      <trkpt lat="31.1617553047835826873779296875" lon="121.19529582560062408447265625">
        <ele>2</ele>
        <time>2025-10-05T12:36:15.000Z</time>
        <extensions>
          <ns3:TrackPointExtension>
            <ns3:hr>149</ns3:hr>
            <ns3:cad>85</ns3:cad>
          </ns3:TrackPointExtension>
        </extensions>
      </trkpt>
      <trkpt lat="31.1617581546306610107421875" lon="121.195335052907466888427734375">
        <ele>1.7999999523162841796875</ele>
        <time>2025-10-05T12:36:16.000Z</time>
        <extensions>
          <ns3:TrackPointExtension>
            <ns3:hr>149</ns3:hr>
            <ns3:cad>84</ns3:cad>
          </ns3:TrackPointExtension>
        </extensions>
      </trkpt>
      <trkpt lat="31.1617636866867542266845703125" lon="121.195361874997615814208984375">
        <ele>1.7999999523162841796875</ele>
        <time>2025-10-05T12:36:17.000Z</time>
        <extensions>
          <ns3:TrackPointExtension>
            <ns3:hr>149</ns3:hr>
            <ns3:cad>84</ns3:cad>
          </ns3:TrackPointExtension>
        </extensions>
      </trkpt>
      <trkpt lat="31.16176561452448368072509765625" lon="121.19539598934352397918701171875">
        <ele>1.7999999523162841796875</ele>
        <time>2025-10-05T12:36:18.000Z</time>
        <extensions>
          <ns3:TrackPointExtension>
            <ns3:hr>149</ns3:hr>
            <ns3:cad>84</ns3:cad>
          </ns3:TrackPointExtension>
        </extensions>
      </trkpt>
      <trkpt lat="31.1617663688957691192626953125" lon="121.19542054831981658935546875">
        <ele>1.7999999523162841796875</ele>
        <time>2025-10-05T12:36:19.000Z</time>
        <extensions>
          <ns3:TrackPointExtension>
            <ns3:hr>149</ns3:hr>
            <ns3:cad>84</ns3:cad>
          </ns3:TrackPointExtension>
        </extensions>
      </trkpt>
      <trkpt lat="31.16176762618124485015869140625" lon="121.1954522319138050079345703125">
        <ele>1.7999999523162841796875</ele>
        <time>2025-10-05T12:36:20.000Z</time>
        <extensions>
          <ns3:TrackPointExtension>
            <ns3:hr>149</ns3:hr>
            <ns3:cad>84</ns3:cad>
          </ns3:TrackPointExtension>
        </extensions>
      </trkpt>
      <trkpt lat="31.16176377050578594207763671875" lon="121.1954810656607151031494140625">
        <ele>1.7999999523162841796875</ele>
        <time>2025-10-05T12:36:21.000Z</time>
        <extensions>
          <ns3:TrackPointExtension>
            <ns3:hr>149</ns3:hr>
            <ns3:cad>85</ns3:cad>
          </ns3:TrackPointExtension>
        </extensions>
      </trkpt>
      <trkpt lat="31.16176846437156200408935546875" lon="121.19551216252148151397705078125">
        <ele>1.7999999523162841796875</ele>
        <time>2025-10-05T12:36:22.000Z</time>
        <extensions>
          <ns3:TrackPointExtension>
            <ns3:hr>149</ns3:hr>
            <ns3:cad>85</ns3:cad>
          </ns3:TrackPointExtension>
        </extensions>
      </trkpt>
      <trkpt lat="31.16176745854318141937255859375" lon="121.195549629628658294677734375">
        <ele>1.60000002384185791015625</ele>
        <time>2025-10-05T12:36:23.000Z</time>
        <extensions>
          <ns3:TrackPointExtension>
            <ns3:hr>149</ns3:hr>
            <ns3:cad>84</ns3:cad>
          </ns3:TrackPointExtension>
        </extensions>
      </trkpt>
      <trkpt lat="31.1617710627615451812744140625" lon="121.19557837955653667449951171875">
        <ele>1.7999999523162841796875</ele>
        <time>2025-10-05T12:36:24.000Z</time>
        <extensions>
          <ns3:TrackPointExtension>
            <ns3:hr>149</ns3:hr>
            <ns3:cad>84</ns3:cad>
          </ns3:TrackPointExtension>
        </extensions>
      </trkpt>
      <trkpt lat="31.16176242940127849578857421875" lon="121.1956074647605419158935546875">
        <ele>1.7999999523162841796875</ele>
        <time>2025-10-05T12:36:25.000Z</time>
        <extensions>
          <ns3:TrackPointExtension>
            <ns3:hr>148</ns3:hr>
            <ns3:cad>84</ns3:cad>
          </ns3:TrackPointExtension>
        </extensions>
      </trkpt>
      <trkpt lat="31.16175320930778980255126953125" lon="121.19563244283199310302734375">
        <ele>1.7999999523162841796875</ele>
        <time>2025-10-05T12:36:26.000Z</time>
        <extensions>
          <ns3:TrackPointExtension>
            <ns3:hr>149</ns3:hr>
            <ns3:cad>84</ns3:cad>
          </ns3:TrackPointExtension>
        </extensions>
      </trkpt>
      <trkpt lat="31.16174331866204738616943359375" lon="121.19565599597990512847900390625">
        <ele>1.7999999523162841796875</ele>
        <time>2025-10-05T12:36:27.000Z</time>
        <extensions>
          <ns3:TrackPointExtension>
            <ns3:hr>149</ns3:hr>
            <ns3:cad>84</ns3:cad>
          </ns3:TrackPointExtension>
        </extensions>
      </trkpt>
      <trkpt lat="31.16172663867473602294921875" lon="121.19568214751780033111572265625">
        <ele>1.7999999523162841796875</ele>
        <time>2025-10-05T12:36:28.000Z</time>
        <extensions>
          <ns3:TrackPointExtension>
            <ns3:hr>148</ns3:hr>
            <ns3:cad>84</ns3:cad>
          </ns3:TrackPointExtension>
        </extensions>
      </trkpt>
      <trkpt lat="31.16172152571380138397216796875" lon="121.19570888578891754150390625">
        <ele>1.7999999523162841796875</ele>
        <time>2025-10-05T12:36:29.000Z</time>
        <extensions>
          <ns3:TrackPointExtension>
            <ns3:hr>149</ns3:hr>
            <ns3:cad>84</ns3:cad>
          </ns3:TrackPointExtension>
        </extensions>
      </trkpt>
      <trkpt lat="31.16170786321163177490234375" lon="121.19573428295552730560302734375">
        <ele>1.7999999523162841796875</ele>
        <time>2025-10-05T12:36:30.000Z</time>
        <extensions>
          <ns3:TrackPointExtension>
            <ns3:hr>149</ns3:hr>
            <ns3:cad>85</ns3:cad>
          </ns3:TrackPointExtension>
        </extensions>
      </trkpt>
      <trkpt lat="31.16170090623199939727783203125" lon="121.1957580037415027618408203125">
        <ele>1.7999999523162841796875</ele>
        <time>2025-10-05T12:36:31.000Z</time>
        <extensions>
          <ns3:TrackPointExtension>
            <ns3:hr>149</ns3:hr>
            <ns3:cad>85</ns3:cad>
          </ns3:TrackPointExtension>
        </extensions>
      </trkpt>
      <trkpt lat="31.16168464533984661102294921875" lon="121.19578532874584197998046875">
        <ele>1.7999999523162841796875</ele>
        <time>2025-10-05T12:36:32.000Z</time>
        <extensions>
          <ns3:TrackPointExtension>
            <ns3:hr>149</ns3:hr>
            <ns3:cad>86</ns3:cad>
          </ns3:TrackPointExtension>
        </extensions>
      </trkpt>
      <trkpt lat="31.1616731621325016021728515625" lon="121.1958069540560245513916015625">
        <ele>1.7999999523162841796875</ele>
        <time>2025-10-05T12:36:33.000Z</time>
        <extensions>
          <ns3:TrackPointExtension>
            <ns3:hr>149</ns3:hr>
            <ns3:cad>87</ns3:cad>
          </ns3:TrackPointExtension>
        </extensions>
      </trkpt>
      <trkpt lat="31.16165195591747760772705078125" lon="121.1958280764520168304443359375">
        <ele>1.7999999523162841796875</ele>
        <time>2025-10-05T12:36:34.000Z</time>
        <extensions>
          <ns3:TrackPointExtension>
            <ns3:hr>149</ns3:hr>
            <ns3:cad>87</ns3:cad>
          </ns3:TrackPointExtension>
        </extensions>
      </trkpt>
      <trkpt lat="31.16164080798625946044921875" lon="121.19584106840193271636962890625">
        <ele>1.7999999523162841796875</ele>
        <time>2025-10-05T12:36:35.000Z</time>
        <extensions>
          <ns3:TrackPointExtension>
            <ns3:hr>150</ns3:hr>
            <ns3:cad>87</ns3:cad>
          </ns3:TrackPointExtension>
        </extensions>
      </trkpt>
      <trkpt lat="31.1616185121238231658935546875" lon="121.1958589218556880950927734375">
        <ele>1.7999999523162841796875</ele>
        <time>2025-10-05T12:36:36.000Z</time>
        <extensions>
          <ns3:TrackPointExtension>
            <ns3:hr>150</ns3:hr>
            <ns3:cad>87</ns3:cad>
          </ns3:TrackPointExtension>
        </extensions>
      </trkpt>
      <trkpt lat="31.16159864701330661773681640625" lon="121.19587359018623828887939453125">
        <ele>1.7999999523162841796875</ele>
        <time>2025-10-05T12:36:37.000Z</time>
        <extensions>
          <ns3:TrackPointExtension>
            <ns3:hr>150</ns3:hr>
            <ns3:cad>87</ns3:cad>
          </ns3:TrackPointExtension>
        </extensions>
      </trkpt>
      <trkpt lat="31.16158154793083667755126953125" lon="121.1958937905728816986083984375">
        <ele>1.7999999523162841796875</ele>
        <time>2025-10-05T12:36:38.000Z</time>
        <extensions>
          <ns3:TrackPointExtension>
            <ns3:hr>150</ns3:hr>
            <ns3:cad>86</ns3:cad>
          </ns3:TrackPointExtension>
        </extensions>
      </trkpt>
      <trkpt lat="31.16156092844903469085693359375" lon="121.19591399095952510833740234375">
        <ele>1.7999999523162841796875</ele>
        <time>2025-10-05T12:36:39.000Z</time>
        <extensions>
          <ns3:TrackPointExtension>
            <ns3:hr>151</ns3:hr>
            <ns3:cad>87</ns3:cad>
          </ns3:TrackPointExtension>
        </extensions>
      </trkpt>
      <trkpt lat="31.16154382936656475067138671875" lon="121.19593293406069278717041015625">
        <ele>1.7999999523162841796875</ele>
        <time>2025-10-05T12:36:40.000Z</time>
        <extensions>
          <ns3:TrackPointExtension>
            <ns3:hr>151</ns3:hr>
            <ns3:cad>87</ns3:cad>
          </ns3:TrackPointExtension>
        </extensions>
      </trkpt>
      <trkpt lat="31.1615222878754138946533203125" lon="121.1959507875144481658935546875">
        <ele>1.7999999523162841796875</ele>
        <time>2025-10-05T12:36:41.000Z</time>
        <extensions>
          <ns3:TrackPointExtension>
            <ns3:hr>151</ns3:hr>
            <ns3:cad>87</ns3:cad>
          </ns3:TrackPointExtension>
        </extensions>
      </trkpt>
      <trkpt lat="31.161505691707134246826171875" lon="121.19596428237855434417724609375">
        <ele>1.7999999523162841796875</ele>
        <time>2025-10-05T12:36:42.000Z</time>
        <extensions>
          <ns3:TrackPointExtension>
            <ns3:hr>151</ns3:hr>
            <ns3:cad>87</ns3:cad>
          </ns3:TrackPointExtension>
        </extensions>
      </trkpt>
      <trkpt lat="31.16148733533918857574462890625" lon="121.1959819681942462921142578125">
        <ele>1.7999999523162841796875</ele>
        <time>2025-10-05T12:36:43.000Z</time>
        <extensions>
          <ns3:TrackPointExtension>
            <ns3:hr>150</ns3:hr>
            <ns3:cad>87</ns3:cad>
          </ns3:TrackPointExtension>
        </extensions>
      </trkpt>
      <trkpt lat="31.1614676378667354583740234375" lon="121.19600015692412853240966796875">
        <ele>1.7999999523162841796875</ele>
        <time>2025-10-05T12:36:44.000Z</time>
        <extensions>
          <ns3:TrackPointExtension>
            <ns3:hr>151</ns3:hr>
            <ns3:cad>86</ns3:cad>
          </ns3:TrackPointExtension>
        </extensions>
      </trkpt>
      <trkpt lat="31.161448694765567779541015625" lon="121.19601692073047161102294921875">
        <ele>1.7999999523162841796875</ele>
        <time>2025-10-05T12:36:45.000Z</time>
        <extensions>
          <ns3:TrackPointExtension>
            <ns3:hr>151</ns3:hr>
            <ns3:cad>86</ns3:cad>
          </ns3:TrackPointExtension>
        </extensions>
      </trkpt>
      <trkpt lat="31.16142933256924152374267578125" lon="121.1960312537848949432373046875">
        <ele>1.60000002384185791015625</ele>
        <time>2025-10-05T12:36:46.000Z</time>
        <extensions>
          <ns3:TrackPointExtension>
            <ns3:hr>151</ns3:hr>
            <ns3:cad>86</ns3:cad>
          </ns3:TrackPointExtension>
        </extensions>
      </trkpt>
      <trkpt lat="31.1614116467535495758056640625" lon="121.1960523761808872222900390625">
        <ele>1.60000002384185791015625</ele>
        <time>2025-10-05T12:36:47.000Z</time>
        <extensions>
          <ns3:TrackPointExtension>
            <ns3:hr>151</ns3:hr>
            <ns3:cad>87</ns3:cad>
          </ns3:TrackPointExtension>
        </extensions>
      </trkpt>
      <trkpt lat="31.161394380033016204833984375" lon="121.19606419466435909271240234375">
        <ele>1.60000002384185791015625</ele>
        <time>2025-10-05T12:36:48.000Z</time>
        <extensions>
          <ns3:TrackPointExtension>
            <ns3:hr>152</ns3:hr>
            <ns3:cad>87</ns3:cad>
          </ns3:TrackPointExtension>
        </extensions>
      </trkpt>
      <trkpt lat="31.16137451492249965667724609375" lon="121.19608380831778049468994140625">
        <ele>1.7999999523162841796875</ele>
        <time>2025-10-05T12:36:49.000Z</time>
        <extensions>
          <ns3:TrackPointExtension>
            <ns3:hr>151</ns3:hr>
            <ns3:cad>87</ns3:cad>
          </ns3:TrackPointExtension>
        </extensions>
      </trkpt>
      <trkpt lat="31.16135121323168277740478515625" lon="121.19610308669507503509521484375">
        <ele>1.7999999523162841796875</ele>
        <time>2025-10-05T12:36:50.000Z</time>
        <extensions>
          <ns3:TrackPointExtension>
            <ns3:hr>151</ns3:hr>
            <ns3:cad>87</ns3:cad>
          </ns3:TrackPointExtension>
        </extensions>
      </trkpt>
      <trkpt lat="31.1613345332443714141845703125" lon="121.19611767120659351348876953125">
        <ele>1.7999999523162841796875</ele>
        <time>2025-10-05T12:36:51.000Z</time>
        <extensions>
          <ns3:TrackPointExtension>
            <ns3:hr>151</ns3:hr>
            <ns3:cad>87</ns3:cad>
          </ns3:TrackPointExtension>
        </extensions>
      </trkpt>
      <trkpt lat="31.16131148301064968109130859375" lon="121.19613560847938060760498046875">
        <ele>1.60000002384185791015625</ele>
        <time>2025-10-05T12:36:52.000Z</time>
        <extensions>
          <ns3:TrackPointExtension>
            <ns3:hr>151</ns3:hr>
            <ns3:cad>87</ns3:cad>
          </ns3:TrackPointExtension>
        </extensions>
      </trkpt>
      <trkpt lat="31.1612949706614017486572265625" lon="121.19615010917186737060546875">
        <ele>1.60000002384185791015625</ele>
        <time>2025-10-05T12:36:53.000Z</time>
        <extensions>
          <ns3:TrackPointExtension>
            <ns3:hr>151</ns3:hr>
            <ns3:cad>87</ns3:cad>
          </ns3:TrackPointExtension>
        </extensions>
      </trkpt>
      <trkpt lat="31.161279380321502685546875" lon="121.19616796262562274932861328125">
        <ele>1.60000002384185791015625</ele>
        <time>2025-10-05T12:36:54.000Z</time>
        <extensions>
          <ns3:TrackPointExtension>
            <ns3:hr>151</ns3:hr>
            <ns3:cad>87</ns3:cad>
          </ns3:TrackPointExtension>
        </extensions>
      </trkpt>
      <trkpt lat="31.1612574197351932525634765625" lon="121.19618573226034641265869140625">
        <ele>1.7999999523162841796875</ele>
        <time>2025-10-05T12:36:55.000Z</time>
        <extensions>
          <ns3:TrackPointExtension>
            <ns3:hr>151</ns3:hr>
            <ns3:cad>87</ns3:cad>
          </ns3:TrackPointExtension>
        </extensions>
      </trkpt>
      <trkpt lat="31.161241829395294189453125" lon="121.19620299898087978363037109375">
        <ele>1.60000002384185791015625</ele>
        <time>2025-10-05T12:36:56.000Z</time>
        <extensions>
          <ns3:TrackPointExtension>
            <ns3:hr>151</ns3:hr>
            <ns3:cad>87</ns3:cad>
          </ns3:TrackPointExtension>
        </extensions>
      </trkpt>
      <trkpt lat="31.16121643222868442535400390625" lon="121.1962213553488254547119140625">
        <ele>1.7999999523162841796875</ele>
        <time>2025-10-05T12:36:57.000Z</time>
        <extensions>
          <ns3:TrackPointExtension>
            <ns3:hr>151</ns3:hr>
            <ns3:cad>86</ns3:cad>
          </ns3:TrackPointExtension>
        </extensions>
      </trkpt>
      <trkpt lat="31.16119958460330963134765625" lon="121.19623669423162937164306640625">
        <ele>1.7999999523162841796875</ele>
        <time>2025-10-05T12:36:58.000Z</time>
        <extensions>
          <ns3:TrackPointExtension>
            <ns3:hr>150</ns3:hr>
            <ns3:cad>86</ns3:cad>
          </ns3:TrackPointExtension>
        </extensions>
      </trkpt>
      <trkpt lat="31.161178462207317352294921875" lon="121.196255050599575042724609375">
        <ele>1.7999999523162841796875</ele>
        <time>2025-10-05T12:36:59.000Z</time>
        <extensions>
          <ns3:TrackPointExtension>
            <ns3:hr>151</ns3:hr>
            <ns3:cad>86</ns3:cad>
          </ns3:TrackPointExtension>
        </extensions>
      </trkpt>
      <trkpt lat="31.16115977056324481964111328125" lon="121.19626955129206180572509765625">
        <ele>1.7999999523162841796875</ele>
        <time>2025-10-05T12:37:00.000Z</time>
        <extensions>
          <ns3:TrackPointExtension>
            <ns3:hr>151</ns3:hr>
            <ns3:cad>85</ns3:cad>
          </ns3:TrackPointExtension>
        </extensions>
      </trkpt>
      <trkpt lat="31.16113789379596710205078125" lon="121.19628229178488254547119140625">
        <ele>1.7999999523162841796875</ele>
        <time>2025-10-05T12:37:01.000Z</time>
        <extensions>
          <ns3:TrackPointExtension>
            <ns3:hr>150</ns3:hr>
            <ns3:cad>85</ns3:cad>
          </ns3:TrackPointExtension>
        </extensions>
      </trkpt>
      <trkpt lat="31.16111534647643566131591796875" lon="121.196295954287052154541015625">
        <ele>1.7999999523162841796875</ele>
        <time>2025-10-05T12:37:02.000Z</time>
        <extensions>
          <ns3:TrackPointExtension>
            <ns3:hr>151</ns3:hr>
            <ns3:cad>86</ns3:cad>
          </ns3:TrackPointExtension>
        </extensions>
      </trkpt>
      <trkpt lat="31.1611005105078220367431640625" lon="121.19631431065499782562255859375">
        <ele>1.7999999523162841796875</ele>
        <time>2025-10-05T12:37:03.000Z</time>
        <extensions>
          <ns3:TrackPointExtension>
            <ns3:hr>151</ns3:hr>
            <ns3:cad>86</ns3:cad>
          </ns3:TrackPointExtension>
        </extensions>
      </trkpt>
      <trkpt lat="31.16108114831149578094482421875" lon="121.1963330022990703582763671875">
        <ele>1.7999999523162841796875</ele>
        <time>2025-10-05T12:37:04.000Z</time>
        <extensions>
          <ns3:TrackPointExtension>
            <ns3:hr>150</ns3:hr>
            <ns3:cad>86</ns3:cad>
          </ns3:TrackPointExtension>
        </extensions>
      </trkpt>
      <trkpt lat="31.16106555797159671783447265625" lon="121.19634867645800113677978515625">
        <ele>1.7999999523162841796875</ele>
        <time>2025-10-05T12:37:05.000Z</time>
        <extensions>
          <ns3:TrackPointExtension>
            <ns3:hr>151</ns3:hr>
            <ns3:cad>86</ns3:cad>
          </ns3:TrackPointExtension>
        </extensions>
      </trkpt>
      <trkpt lat="31.161045692861080169677734375" lon="121.19636678136885166168212890625">
        <ele>1.7999999523162841796875</ele>
        <time>2025-10-05T12:37:06.000Z</time>
        <extensions>
          <ns3:TrackPointExtension>
            <ns3:hr>151</ns3:hr>
            <ns3:cad>86</ns3:cad>
          </ns3:TrackPointExtension>
        </extensions>
      </trkpt>
      <trkpt lat="31.16103169508278369903564453125" lon="121.19638186879456043243408203125">
        <ele>1.7999999523162841796875</ele>
        <time>2025-10-05T12:37:07.000Z</time>
        <extensions>
          <ns3:TrackPointExtension>
            <ns3:hr>150</ns3:hr>
            <ns3:cad>86</ns3:cad>
          </ns3:TrackPointExtension>
        </extensions>
      </trkpt>
      <trkpt lat="31.1610151827335357666015625" lon="121.1963975429534912109375">
        <ele>1.7999999523162841796875</ele>
        <time>2025-10-05T12:37:08.000Z</time>
        <extensions>
          <ns3:TrackPointExtension>
            <ns3:hr>151</ns3:hr>
            <ns3:cad>86</ns3:cad>
          </ns3:TrackPointExtension>
        </extensions>
      </trkpt>
      <trkpt lat="31.16099749691784381866455078125" lon="121.19641019962728023529052734375">
        <ele>1.7999999523162841796875</ele>
        <time>2025-10-05T12:37:09.000Z</time>
        <extensions>
          <ns3:TrackPointExtension>
            <ns3:hr>151</ns3:hr>
            <ns3:cad>86</ns3:cad>
          </ns3:TrackPointExtension>
        </extensions>
      </trkpt>
      <trkpt lat="31.1609814874827861785888671875" lon="121.1964272148907184600830078125">
        <ele>1.7999999523162841796875</ele>
        <time>2025-10-05T12:37:10.000Z</time>
        <extensions>
          <ns3:TrackPointExtension>
            <ns3:hr>150</ns3:hr>
            <ns3:cad>86</ns3:cad>
          </ns3:TrackPointExtension>
        </extensions>
      </trkpt>
      <trkpt lat="31.16095743142068386077880859375" lon="121.1964483372867107391357421875">
        <ele>1.7999999523162841796875</ele>
        <time>2025-10-05T12:37:11.000Z</time>
        <extensions>
          <ns3:TrackPointExtension>
            <ns3:hr>151</ns3:hr>
            <ns3:cad>86</ns3:cad>
          </ns3:TrackPointExtension>
        </extensions>
      </trkpt>
      <trkpt lat="31.160937733948230743408203125" lon="121.19646820239722728729248046875">
        <ele>1.7999999523162841796875</ele>
        <time>2025-10-05T12:37:12.000Z</time>
        <extensions>
          <ns3:TrackPointExtension>
            <ns3:hr>151</ns3:hr>
            <ns3:cad>86</ns3:cad>
          </ns3:TrackPointExtension>
        </extensions>
      </trkpt>
      <trkpt lat="31.16091451607644557952880859375" lon="121.19648940861225128173828125">
        <ele>1.7999999523162841796875</ele>
        <time>2025-10-05T12:37:13.000Z</time>
        <extensions>
          <ns3:TrackPointExtension>
            <ns3:hr>150</ns3:hr>
            <ns3:cad>86</ns3:cad>
          </ns3:TrackPointExtension>
        </extensions>
      </trkpt>
      <trkpt lat="31.160896159708499908447265625" lon="121.19650659151375293731689453125">
        <ele>1.7999999523162841796875</ele>
        <time>2025-10-05T12:37:14.000Z</time>
        <extensions>
          <ns3:TrackPointExtension>
            <ns3:hr>151</ns3:hr>
            <ns3:cad>86</ns3:cad>
          </ns3:TrackPointExtension>
        </extensions>
      </trkpt>
      <trkpt lat="31.16087679751217365264892578125" lon="121.19653123430907726287841796875">
        <ele>1.7999999523162841796875</ele>
        <time>2025-10-05T12:37:15.000Z</time>
        <extensions>
          <ns3:TrackPointExtension>
            <ns3:hr>151</ns3:hr>
            <ns3:cad>86</ns3:cad>
          </ns3:TrackPointExtension>
        </extensions>
      </trkpt>
      <trkpt lat="31.1608567647635936737060546875" lon="121.19655252434313297271728515625">
        <ele>1.7999999523162841796875</ele>
        <time>2025-10-05T12:37:16.000Z</time>
        <extensions>
          <ns3:TrackPointExtension>
            <ns3:hr>150</ns3:hr>
            <ns3:cad>86</ns3:cad>
          </ns3:TrackPointExtension>
        </extensions>
      </trkpt>
      <trkpt lat="31.160839833319187164306640625" lon="121.19657532311975955963134765625">
        <ele>2</ele>
        <time>2025-10-05T12:37:17.000Z</time>
        <extensions>
          <ns3:TrackPointExtension>
            <ns3:hr>151</ns3:hr>
            <ns3:cad>85</ns3:cad>
          </ns3:TrackPointExtension>
        </extensions>
      </trkpt>
      <trkpt lat="31.16081468760967254638671875" lon="121.196597702801227569580078125">
        <ele>2</ele>
        <time>2025-10-05T12:37:18.000Z</time>
        <extensions>
          <ns3:TrackPointExtension>
            <ns3:hr>151</ns3:hr>
            <ns3:cad>85</ns3:cad>
          </ns3:TrackPointExtension>
        </extensions>
      </trkpt>
      <trkpt lat="31.16079390048980712890625" lon="121.1966176517307758331298828125">
        <ele>2</ele>
        <time>2025-10-05T12:37:19.000Z</time>
        <extensions>
          <ns3:TrackPointExtension>
            <ns3:hr>150</ns3:hr>
            <ns3:cad>86</ns3:cad>
          </ns3:TrackPointExtension>
        </extensions>
      </trkpt>
      <trkpt lat="31.16077017970383167266845703125" lon="121.19664187543094158172607421875">
        <ele>2</ele>
        <time>2025-10-05T12:37:20.000Z</time>
        <extensions>
          <ns3:TrackPointExtension>
            <ns3:hr>151</ns3:hr>
            <ns3:cad>86</ns3:cad>
          </ns3:TrackPointExtension>
        </extensions>
      </trkpt>
      <trkpt lat="31.1607523262500762939453125" lon="121.19665545411407947540283203125">
        <ele>2</ele>
        <time>2025-10-05T12:37:21.000Z</time>
        <extensions>
          <ns3:TrackPointExtension>
            <ns3:hr>151</ns3:hr>
            <ns3:cad>86</ns3:cad>
          </ns3:TrackPointExtension>
        </extensions>
      </trkpt>
      <trkpt lat="31.16073279641568660736083984375" lon="121.19667372666299343109130859375">
        <ele>2</ele>
        <time>2025-10-05T12:37:22.000Z</time>
        <extensions>
          <ns3:TrackPointExtension>
            <ns3:hr>150</ns3:hr>
            <ns3:cad>85</ns3:cad>
          </ns3:TrackPointExtension>
        </extensions>
      </trkpt>
      <trkpt lat="31.1607119254767894744873046875" lon="121.19668965227901935577392578125">
        <ele>2</ele>
        <time>2025-10-05T12:37:23.000Z</time>
        <extensions>
          <ns3:TrackPointExtension>
            <ns3:hr>151</ns3:hr>
            <ns3:cad>85</ns3:cad>
          </ns3:TrackPointExtension>
        </extensions>
      </trkpt>
      <trkpt lat="31.16069859825074672698974609375" lon="121.1967071704566478729248046875">
        <ele>2</ele>
        <time>2025-10-05T12:37:24.000Z</time>
        <extensions>
          <ns3:TrackPointExtension>
            <ns3:hr>150</ns3:hr>
            <ns3:cad>86</ns3:cad>
          </ns3:TrackPointExtension>
        </extensions>
      </trkpt>
      <trkpt lat="31.16067479364573955535888671875" lon="121.19672133587300777435302734375">
        <ele>2</ele>
        <time>2025-10-05T12:37:25.000Z</time>
        <extensions>
          <ns3:TrackPointExtension>
            <ns3:hr>150</ns3:hr>
            <ns3:cad>86</ns3:cad>
          </ns3:TrackPointExtension>
        </extensions>
      </trkpt>
      <trkpt lat="31.16065953858196735382080078125" lon="121.19673575274646282196044921875">
        <ele>2</ele>
        <time>2025-10-05T12:37:26.000Z</time>
        <extensions>
          <ns3:TrackPointExtension>
            <ns3:hr>150</ns3:hr>
            <ns3:cad>86</ns3:cad>
          </ns3:TrackPointExtension>
        </extensions>
      </trkpt>
      <trkpt lat="31.16063757799565792083740234375" lon="121.19675436057150363922119140625">
        <ele>2</ele>
        <time>2025-10-05T12:37:27.000Z</time>
        <extensions>
          <ns3:TrackPointExtension>
            <ns3:hr>150</ns3:hr>
            <ns3:cad>86</ns3:cad>
          </ns3:TrackPointExtension>
        </extensions>
      </trkpt>
      <trkpt lat="31.16062198765575885772705078125" lon="121.19676659815013408660888671875">
        <ele>2</ele>
        <time>2025-10-05T12:37:28.000Z</time>
        <extensions>
          <ns3:TrackPointExtension>
            <ns3:hr>150</ns3:hr>
            <ns3:cad>85</ns3:cad>
          </ns3:TrackPointExtension>
        </extensions>
      </trkpt>
      <trkpt lat="31.16060220636427402496337890625" lon="121.19678604416549205780029296875">
        <ele>2</ele>
        <time>2025-10-05T12:37:29.000Z</time>
        <extensions>
          <ns3:TrackPointExtension>
            <ns3:hr>149</ns3:hr>
            <ns3:cad>85</ns3:cad>
          </ns3:TrackPointExtension>
        </extensions>
      </trkpt>
      <trkpt lat="31.1605831794440746307373046875" lon="121.196800880134105682373046875">
        <ele>1.7999999523162841796875</ele>
        <time>2025-10-05T12:37:30.000Z</time>
        <extensions>
          <ns3:TrackPointExtension>
            <ns3:hr>149</ns3:hr>
            <ns3:cad>86</ns3:cad>
          </ns3:TrackPointExtension>
        </extensions>
      </trkpt>
      <trkpt lat="31.16056800819933414459228515625" lon="121.19681839831173419952392578125">
        <ele>1.7999999523162841796875</ele>
        <time>2025-10-05T12:37:31.000Z</time>
        <extensions>
          <ns3:TrackPointExtension>
            <ns3:hr>150</ns3:hr>
            <ns3:cad>86</ns3:cad>
          </ns3:TrackPointExtension>
        </extensions>
      </trkpt>
      <trkpt lat="31.16054101847112178802490234375" lon="121.19683298282325267791748046875">
        <ele>1.7999999523162841796875</ele>
        <time>2025-10-05T12:37:32.000Z</time>
        <extensions>
          <ns3:TrackPointExtension>
            <ns3:hr>149</ns3:hr>
            <ns3:cad>87</ns3:cad>
          </ns3:TrackPointExtension>
        </extensions>
      </trkpt>
      <trkpt lat="31.1605255119502544403076171875" lon="121.196848489344120025634765625">
        <ele>1.7999999523162841796875</ele>
        <time>2025-10-05T12:37:33.000Z</time>
        <extensions>
          <ns3:TrackPointExtension>
            <ns3:hr>149</ns3:hr>
            <ns3:cad>87</ns3:cad>
          </ns3:TrackPointExtension>
        </extensions>
      </trkpt>
      <trkpt lat="31.16050112061202526092529296875" lon="121.19686751626431941986083984375">
        <ele>1.7999999523162841796875</ele>
        <time>2025-10-05T12:37:34.000Z</time>
        <extensions>
          <ns3:TrackPointExtension>
            <ns3:hr>149</ns3:hr>
            <ns3:cad>86</ns3:cad>
          </ns3:TrackPointExtension>
        </extensions>
      </trkpt>
      <trkpt lat="31.16048335097730159759521484375" lon="121.1968862079083919525146484375">
        <ele>1.7999999523162841796875</ele>
        <time>2025-10-05T12:37:35.000Z</time>
        <extensions>
          <ns3:TrackPointExtension>
            <ns3:hr>149</ns3:hr>
            <ns3:cad>86</ns3:cad>
          </ns3:TrackPointExtension>
        </extensions>
      </trkpt>
      <trkpt lat="31.1604648269712924957275390625" lon="121.19690305553376674652099609375">
        <ele>1.7999999523162841796875</ele>
        <time>2025-10-05T12:37:36.000Z</time>
        <extensions>
          <ns3:TrackPointExtension>
            <ns3:hr>149</ns3:hr>
            <ns3:cad>86</ns3:cad>
          </ns3:TrackPointExtension>
        </extensions>
      </trkpt>
      <trkpt lat="31.1604480631649494171142578125" lon="121.1969143711030483245849609375">
        <ele>1.7999999523162841796875</ele>
        <time>2025-10-05T12:37:37.000Z</time>
        <extensions>
          <ns3:TrackPointExtension>
            <ns3:hr>149</ns3:hr>
            <ns3:cad>86</ns3:cad>
          </ns3:TrackPointExtension>
        </extensions>
      </trkpt>
      <trkpt lat="31.16043037734925746917724609375" lon="121.19693465530872344970703125">
        <ele>1.7999999523162841796875</ele>
        <time>2025-10-05T12:37:38.000Z</time>
        <extensions>
          <ns3:TrackPointExtension>
            <ns3:hr>149</ns3:hr>
            <ns3:cad>86</ns3:cad>
          </ns3:TrackPointExtension>
        </extensions>
      </trkpt>
      <trkpt lat="31.1604116857051849365234375" lon="121.19695686735212802886962890625">
        <ele>1.7999999523162841796875</ele>
        <time>2025-10-05T12:37:39.000Z</time>
        <extensions>
          <ns3:TrackPointExtension>
            <ns3:hr>149</ns3:hr>
            <ns3:cad>86</ns3:cad>
          </ns3:TrackPointExtension>
        </extensions>
      </trkpt>
      <trkpt lat="31.16039693355560302734375" lon="121.1969767324626445770263671875">
        <ele>1.7999999523162841796875</ele>
        <time>2025-10-05T12:37:40.000Z</time>
        <extensions>
          <ns3:TrackPointExtension>
            <ns3:hr>148</ns3:hr>
            <ns3:cad>86</ns3:cad>
          </ns3:TrackPointExtension>
        </extensions>
      </trkpt>
      <trkpt lat="31.16037346422672271728515625" lon="121.1969970166683197021484375">
        <ele>1.7999999523162841796875</ele>
        <time>2025-10-05T12:37:41.000Z</time>
        <extensions>
          <ns3:TrackPointExtension>
            <ns3:hr>148</ns3:hr>
            <ns3:cad>86</ns3:cad>
          </ns3:TrackPointExtension>
        </extensions>
      </trkpt>
      <trkpt lat="31.16035477258265018463134765625" lon="121.19701587595045566558837890625">
        <ele>1.7999999523162841796875</ele>
        <time>2025-10-05T12:37:42.000Z</time>
        <extensions>
          <ns3:TrackPointExtension>
            <ns3:hr>148</ns3:hr>
            <ns3:cad>86</ns3:cad>
          </ns3:TrackPointExtension>
        </extensions>
      </trkpt>
      <trkpt lat="31.16033264435827732086181640625" lon="121.1970364116132259368896484375">
        <ele>1.7999999523162841796875</ele>
        <time>2025-10-05T12:37:43.000Z</time>
        <extensions>
          <ns3:TrackPointExtension>
            <ns3:hr>148</ns3:hr>
            <ns3:cad>86</ns3:cad>
          </ns3:TrackPointExtension>
        </extensions>
      </trkpt>
      <trkpt lat="31.160312779247760772705078125" lon="121.19705325923860073089599609375">
        <ele>1.7999999523162841796875</ele>
        <time>2025-10-05T12:37:44.000Z</time>
        <extensions>
          <ns3:TrackPointExtension>
            <ns3:hr>147</ns3:hr>
            <ns3:cad>86</ns3:cad>
          </ns3:TrackPointExtension>
        </extensions>
      </trkpt>
      <trkpt lat="31.16029576398432254791259765625" lon="121.19707354344427585601806640625">
        <ele>1.7999999523162841796875</ele>
        <time>2025-10-05T12:37:45.000Z</time>
        <extensions>
          <ns3:TrackPointExtension>
            <ns3:hr>147</ns3:hr>
            <ns3:cad>86</ns3:cad>
          </ns3:TrackPointExtension>
        </extensions>
      </trkpt>
      <trkpt lat="31.1602757312357425689697265625" lon="121.19709198363125324249267578125">
        <ele>1.7999999523162841796875</ele>
        <time>2025-10-05T12:37:46.000Z</time>
        <extensions>
          <ns3:TrackPointExtension>
            <ns3:hr>147</ns3:hr>
            <ns3:cad>85</ns3:cad>
          </ns3:TrackPointExtension>
        </extensions>
      </trkpt>
      <trkpt lat="31.160259805619716644287109375" lon="121.19711092673242092132568359375">
        <ele>1.7999999523162841796875</ele>
        <time>2025-10-05T12:37:47.000Z</time>
        <extensions>
          <ns3:TrackPointExtension>
            <ns3:hr>147</ns3:hr>
            <ns3:cad>85</ns3:cad>
          </ns3:TrackPointExtension>
        </extensions>
      </trkpt>
      <trkpt lat="31.1602334864437580108642578125" lon="121.1971235834062099456787109375">
        <ele>1.7999999523162841796875</ele>
        <time>2025-10-05T12:37:48.000Z</time>
        <extensions>
          <ns3:TrackPointExtension>
            <ns3:hr>147</ns3:hr>
            <ns3:cad>85</ns3:cad>
          </ns3:TrackPointExtension>
        </extensions>
      </trkpt>
      <trkpt lat="31.16021831519901752471923828125" lon="121.197136156260967254638671875">
        <ele>1.7999999523162841796875</ele>
        <time>2025-10-05T12:37:49.000Z</time>
        <extensions>
          <ns3:TrackPointExtension>
            <ns3:hr>147</ns3:hr>
            <ns3:cad>86</ns3:cad>
          </ns3:TrackPointExtension>
        </extensions>
      </trkpt>
      <trkpt lat="31.16019937209784984588623046875" lon="121.1971517466008663177490234375">
        <ele>1.60000002384185791015625</ele>
        <time>2025-10-05T12:37:50.000Z</time>
        <extensions>
          <ns3:TrackPointExtension>
            <ns3:hr>148</ns3:hr>
            <ns3:cad>86</ns3:cad>
          </ns3:TrackPointExtension>
        </extensions>
      </trkpt>
      <trkpt lat="31.16018093191087245941162109375" lon="121.19716306217014789581298828125">
        <ele>1.60000002384185791015625</ele>
        <time>2025-10-05T12:37:51.000Z</time>
        <extensions>
          <ns3:TrackPointExtension>
            <ns3:hr>148</ns3:hr>
            <ns3:cad>86</ns3:cad>
          </ns3:TrackPointExtension>
        </extensions>
      </trkpt>
      <trkpt lat="31.16016601212322711944580078125" lon="121.19717848487198352813720703125">
        <ele>1.60000002384185791015625</ele>
        <time>2025-10-05T12:37:52.000Z</time>
        <extensions>
          <ns3:TrackPointExtension>
            <ns3:hr>148</ns3:hr>
            <ns3:cad>86</ns3:cad>
          </ns3:TrackPointExtension>
        </extensions>
      </trkpt>
      <trkpt lat="31.1601389385759830474853515625" lon="121.197197176516056060791015625">
        <ele>1.60000002384185791015625</ele>
        <time>2025-10-05T12:37:53.000Z</time>
        <extensions>
          <ns3:TrackPointExtension>
            <ns3:hr>148</ns3:hr>
            <ns3:cad>85</ns3:cad>
          </ns3:TrackPointExtension>
        </extensions>
      </trkpt>
      <trkpt lat="31.160123348236083984375" lon="121.1972167901694774627685546875">
        <ele>1.60000002384185791015625</ele>
        <time>2025-10-05T12:37:54.000Z</time>
        <extensions>
          <ns3:TrackPointExtension>
            <ns3:hr>147</ns3:hr>
            <ns3:cad>85</ns3:cad>
          </ns3:TrackPointExtension>
        </extensions>
      </trkpt>
      <trkpt lat="31.16010230965912342071533203125" lon="121.1972359009087085723876953125">
        <ele>1.60000002384185791015625</ele>
        <time>2025-10-05T12:37:55.000Z</time>
        <extensions>
          <ns3:TrackPointExtension>
            <ns3:hr>148</ns3:hr>
            <ns3:cad>85</ns3:cad>
          </ns3:TrackPointExtension>
        </extensions>
      </trkpt>
      <trkpt lat="31.160080432891845703125" lon="121.19725576601922512054443359375">
        <ele>1.60000002384185791015625</ele>
        <time>2025-10-05T12:37:56.000Z</time>
        <extensions>
          <ns3:TrackPointExtension>
            <ns3:hr>148</ns3:hr>
            <ns3:cad>84</ns3:cad>
          </ns3:TrackPointExtension>
        </extensions>
      </trkpt>
      <trkpt lat="31.1600628308951854705810546875" lon="121.1972771398723125457763671875">
        <ele>1.60000002384185791015625</ele>
        <time>2025-10-05T12:37:57.000Z</time>
        <extensions>
          <ns3:TrackPointExtension>
            <ns3:hr>148</ns3:hr>
            <ns3:cad>84</ns3:cad>
          </ns3:TrackPointExtension>
        </extensions>
      </trkpt>
      <trkpt lat="31.16003743372857570648193359375" lon="121.197295077145099639892578125">
        <ele>1.39999997615814208984375</ele>
        <time>2025-10-05T12:37:58.000Z</time>
        <extensions>
          <ns3:TrackPointExtension>
            <ns3:hr>148</ns3:hr>
            <ns3:cad>84</ns3:cad>
          </ns3:TrackPointExtension>
        </extensions>
      </trkpt>
      <trkpt lat="31.16001832298934459686279296875" lon="121.19730723090469837188720703125">
        <ele>1.39999997615814208984375</ele>
        <time>2025-10-05T12:37:59.000Z</time>
        <extensions>
          <ns3:TrackPointExtension>
            <ns3:hr>149</ns3:hr>
            <ns3:cad>84</ns3:cad>
          </ns3:TrackPointExtension>
        </extensions>
      </trkpt>
      <trkpt lat="31.15998999215662479400634765625" lon="121.197323240339756011962890625">
        <ele>1.39999997615814208984375</ele>
        <time>2025-10-05T12:38:00.000Z</time>
        <extensions>
          <ns3:TrackPointExtension>
            <ns3:hr>149</ns3:hr>
            <ns3:cad>84</ns3:cad>
          </ns3:TrackPointExtension>
        </extensions>
      </trkpt>
      <trkpt lat="31.159970462322235107421875" lon="121.197335310280323028564453125">
        <ele>1.39999997615814208984375</ele>
        <time>2025-10-05T12:38:01.000Z</time>
        <extensions>
          <ns3:TrackPointExtension>
            <ns3:hr>149</ns3:hr>
            <ns3:cad>84</ns3:cad>
          </ns3:TrackPointExtension>
        </extensions>
      </trkpt>
      <trkpt lat="31.15994607098400592803955078125" lon="121.1973564326763153076171875">
        <ele>1.39999997615814208984375</ele>
        <time>2025-10-05T12:38:02.000Z</time>
        <extensions>
          <ns3:TrackPointExtension>
            <ns3:hr>150</ns3:hr>
            <ns3:cad>84</ns3:cad>
          </ns3:TrackPointExtension>
        </extensions>
      </trkpt>
      <trkpt lat="31.15992360748350620269775390625" lon="121.1973733641207218170166015625">
        <ele>1.39999997615814208984375</ele>
        <time>2025-10-05T12:38:03.000Z</time>
        <extensions>
          <ns3:TrackPointExtension>
            <ns3:hr>150</ns3:hr>
            <ns3:cad>84</ns3:cad>
          </ns3:TrackPointExtension>
        </extensions>
      </trkpt>
      <trkpt lat="31.1599099449813365936279296875" lon="121.19739239104092121124267578125">
        <ele>1.39999997615814208984375</ele>
        <time>2025-10-05T12:38:04.000Z</time>
        <extensions>
          <ns3:TrackPointExtension>
            <ns3:hr>150</ns3:hr>
            <ns3:cad>84</ns3:cad>
          </ns3:TrackPointExtension>
        </extensions>
      </trkpt>
      <trkpt lat="31.15988957695662975311279296875" lon="121.1974119208753108978271484375">
        <ele>1.39999997615814208984375</ele>
        <time>2025-10-05T12:38:05.000Z</time>
        <extensions>
          <ns3:TrackPointExtension>
            <ns3:hr>150</ns3:hr>
            <ns3:cad>85</ns3:cad>
          </ns3:TrackPointExtension>
        </extensions>
      </trkpt>
      <trkpt lat="31.1598780937492847442626953125" lon="121.1974343843758106231689453125">
        <ele>1.39999997615814208984375</ele>
        <time>2025-10-05T12:38:06.000Z</time>
        <extensions>
          <ns3:TrackPointExtension>
            <ns3:hr>150</ns3:hr>
            <ns3:cad>86</ns3:cad>
          </ns3:TrackPointExtension>
        </extensions>
      </trkpt>
      <trkpt lat="31.15985269658267498016357421875" lon="121.19745760224759578704833984375">
        <ele>1.39999997615814208984375</ele>
        <time>2025-10-05T12:38:07.000Z</time>
        <extensions>
          <ns3:TrackPointExtension>
            <ns3:hr>150</ns3:hr>
            <ns3:cad>86</ns3:cad>
          </ns3:TrackPointExtension>
        </extensions>
      </trkpt>
      <trkpt lat="31.1598341725766658782958984375" lon="121.19747939519584178924560546875">
        <ele>1.39999997615814208984375</ele>
        <time>2025-10-05T12:38:08.000Z</time>
        <extensions>
          <ns3:TrackPointExtension>
            <ns3:hr>151</ns3:hr>
            <ns3:cad>87</ns3:cad>
          </ns3:TrackPointExtension>
        </extensions>
      </trkpt>
      <trkpt lat="31.15981028415262699127197265625" lon="121.1974947340786457061767578125">
        <ele>1.39999997615814208984375</ele>
        <time>2025-10-05T12:38:09.000Z</time>
        <extensions>
          <ns3:TrackPointExtension>
            <ns3:hr>151</ns3:hr>
            <ns3:cad>87</ns3:cad>
          </ns3:TrackPointExtension>
        </extensions>
      </trkpt>
      <trkpt lat="31.15978748537600040435791015625" lon="121.197512336075305938720703125">
        <ele>1.39999997615814208984375</ele>
        <time>2025-10-05T12:38:10.000Z</time>
        <extensions>
          <ns3:TrackPointExtension>
            <ns3:hr>151</ns3:hr>
            <ns3:cad>87</ns3:cad>
          </ns3:TrackPointExtension>
        </extensions>
      </trkpt>
      <trkpt lat="31.15976921282708644866943359375" lon="121.19753815233707427978515625">
        <ele>1.60000002384185791015625</ele>
        <time>2025-10-05T12:38:11.000Z</time>
        <extensions>
          <ns3:TrackPointExtension>
            <ns3:hr>150</ns3:hr>
            <ns3:cad>86</ns3:cad>
          </ns3:TrackPointExtension>
        </extensions>
      </trkpt>
      <trkpt lat="31.15974574349820613861083984375" lon="121.1975651420652866363525390625">
        <ele>1.60000002384185791015625</ele>
        <time>2025-10-05T12:38:12.000Z</time>
        <extensions>
          <ns3:TrackPointExtension>
            <ns3:hr>151</ns3:hr>
            <ns3:cad>86</ns3:cad>
          </ns3:TrackPointExtension>
        </extensions>
      </trkpt>
      <trkpt lat="31.15973266772925853729248046875" lon="121.19759389199316501617431640625">
        <ele>1.60000002384185791015625</ele>
        <time>2025-10-05T12:38:13.000Z</time>
        <extensions>
          <ns3:TrackPointExtension>
            <ns3:hr>151</ns3:hr>
            <ns3:cad>86</ns3:cad>
          </ns3:TrackPointExtension>
        </extensions>
      </trkpt>
      <trkpt lat="31.15970232523977756500244140625" lon="121.19762264192104339599609375">
        <ele>1.60000002384185791015625</ele>
        <time>2025-10-05T12:38:14.000Z</time>
        <extensions>
          <ns3:TrackPointExtension>
            <ns3:hr>151</ns3:hr>
            <ns3:cad>86</ns3:cad>
          </ns3:TrackPointExtension>
        </extensions>
      </trkpt>
      <trkpt lat="31.15968388505280017852783203125" lon="121.19764016009867191314697265625">
        <ele>1.60000002384185791015625</ele>
        <time>2025-10-05T12:38:15.000Z</time>
        <extensions>
          <ns3:TrackPointExtension>
            <ns3:hr>150</ns3:hr>
            <ns3:cad>85</ns3:cad>
          </ns3:TrackPointExtension>
        </extensions>
      </trkpt>
      <trkpt lat="31.15965555422008037567138671875" lon="121.197662539780139923095703125">
        <ele>1.60000002384185791015625</ele>
        <time>2025-10-05T12:38:16.000Z</time>
        <extensions>
          <ns3:TrackPointExtension>
            <ns3:hr>151</ns3:hr>
            <ns3:cad>85</ns3:cad>
          </ns3:TrackPointExtension>
        </extensions>
      </trkpt>
      <trkpt lat="31.15963459946215152740478515625" lon="121.19767921976745128631591796875">
        <ele>1.60000002384185791015625</ele>
        <time>2025-10-05T12:38:17.000Z</time>
        <extensions>
          <ns3:TrackPointExtension>
            <ns3:hr>151</ns3:hr>
            <ns3:cad>85</ns3:cad>
          </ns3:TrackPointExtension>
        </extensions>
      </trkpt>
      <trkpt lat="31.15961163304746150970458984375" lon="121.19770000688731670379638671875">
        <ele>1.60000002384185791015625</ele>
        <time>2025-10-05T12:38:18.000Z</time>
        <extensions>
          <ns3:TrackPointExtension>
            <ns3:hr>151</ns3:hr>
            <ns3:cad>85</ns3:cad>
          </ns3:TrackPointExtension>
        </extensions>
      </trkpt>
      <trkpt lat="31.15959419868886470794677734375" lon="121.19772045873105525970458984375">
        <ele>1.60000002384185791015625</ele>
        <time>2025-10-05T12:38:19.000Z</time>
        <extensions>
          <ns3:TrackPointExtension>
            <ns3:hr>151</ns3:hr>
            <ns3:cad>85</ns3:cad>
          </ns3:TrackPointExtension>
        </extensions>
      </trkpt>
      <trkpt lat="31.1595803685486316680908203125" lon="121.19773856364190578460693359375">
        <ele>1.60000002384185791015625</ele>
        <time>2025-10-05T12:38:20.000Z</time>
        <extensions>
          <ns3:TrackPointExtension>
            <ns3:hr>151</ns3:hr>
            <ns3:cad>86</ns3:cad>
          </ns3:TrackPointExtension>
        </extensions>
      </trkpt>
      <trkpt lat="31.15955748595297336578369140625" lon="121.19775650091469287872314453125">
        <ele>1.60000002384185791015625</ele>
        <time>2025-10-05T12:38:21.000Z</time>
        <extensions>
          <ns3:TrackPointExtension>
            <ns3:hr>151</ns3:hr>
            <ns3:cad>86</ns3:cad>
          </ns3:TrackPointExtension>
        </extensions>
      </trkpt>
      <trkpt lat="31.1595418117940425872802734375" lon="121.19777376763522624969482421875">
        <ele>1.60000002384185791015625</ele>
        <time>2025-10-05T12:38:22.000Z</time>
        <extensions>
          <ns3:TrackPointExtension>
            <ns3:hr>152</ns3:hr>
            <ns3:cad>86</ns3:cad>
          </ns3:TrackPointExtension>
        </extensions>
      </trkpt>
      <trkpt lat="31.15951725281774997711181640625" lon="121.1977914534509181976318359375">
        <ele>1.60000002384185791015625</ele>
        <time>2025-10-05T12:38:23.000Z</time>
        <extensions>
          <ns3:TrackPointExtension>
            <ns3:hr>152</ns3:hr>
            <ns3:cad>86</ns3:cad>
          </ns3:TrackPointExtension>
        </extensions>
      </trkpt>
      <trkpt lat="31.15950199775397777557373046875" lon="121.1978065408766269683837890625">
        <ele>1.60000002384185791015625</ele>
        <time>2025-10-05T12:38:24.000Z</time>
        <extensions>
          <ns3:TrackPointExtension>
            <ns3:hr>152</ns3:hr>
            <ns3:cad>87</ns3:cad>
          </ns3:TrackPointExtension>
        </extensions>
      </trkpt>
      <trkpt lat="31.15948271937668323516845703125" lon="121.1978231370449066162109375">
        <ele>1.60000002384185791015625</ele>
        <time>2025-10-05T12:38:25.000Z</time>
        <extensions>
          <ns3:TrackPointExtension>
            <ns3:hr>152</ns3:hr>
            <ns3:cad>87</ns3:cad>
          </ns3:TrackPointExtension>
        </extensions>
      </trkpt>
      <trkpt lat="31.15946461446583271026611328125" lon="121.19783864356577396392822265625">
        <ele>1.60000002384185791015625</ele>
        <time>2025-10-05T12:38:26.000Z</time>
        <extensions>
          <ns3:TrackPointExtension>
            <ns3:hr>152</ns3:hr>
            <ns3:cad>87</ns3:cad>
          </ns3:TrackPointExtension>
        </extensions>
      </trkpt>
      <trkpt lat="31.15944902412593364715576171875" lon="121.1978575028479099273681640625">
        <ele>1.60000002384185791015625</ele>
        <time>2025-10-05T12:38:27.000Z</time>
        <extensions>
          <ns3:TrackPointExtension>
            <ns3:hr>152</ns3:hr>
            <ns3:cad>87</ns3:cad>
          </ns3:TrackPointExtension>
        </extensions>
      </trkpt>
      <trkpt lat="31.1594246327877044677734375" lon="121.19787351228296756744384765625">
        <ele>1.60000002384185791015625</ele>
        <time>2025-10-05T12:38:28.000Z</time>
        <extensions>
          <ns3:TrackPointExtension>
            <ns3:hr>152</ns3:hr>
            <ns3:cad>87</ns3:cad>
          </ns3:TrackPointExtension>
        </extensions>
      </trkpt>
      <trkpt lat="31.15940627641975879669189453125" lon="121.19788818061351776123046875">
        <ele>1.60000002384185791015625</ele>
        <time>2025-10-05T12:38:29.000Z</time>
        <extensions>
          <ns3:TrackPointExtension>
            <ns3:hr>152</ns3:hr>
            <ns3:cad>87</ns3:cad>
          </ns3:TrackPointExtension>
        </extensions>
      </trkpt>
      <trkpt lat="31.15938247181475162506103515625" lon="121.19789999909698963165283203125">
        <ele>1.60000002384185791015625</ele>
        <time>2025-10-05T12:38:30.000Z</time>
        <extensions>
          <ns3:TrackPointExtension>
            <ns3:hr>152</ns3:hr>
            <ns3:cad>86</ns3:cad>
          </ns3:TrackPointExtension>
        </extensions>
      </trkpt>
      <trkpt lat="31.15936227142810821533203125" lon="121.1979111470282077789306640625">
        <ele>1.60000002384185791015625</ele>
        <time>2025-10-05T12:38:31.000Z</time>
        <extensions>
          <ns3:TrackPointExtension>
            <ns3:hr>152</ns3:hr>
            <ns3:cad>86</ns3:cad>
          </ns3:TrackPointExtension>
        </extensions>
      </trkpt>
      <trkpt lat="31.15934156812727451324462890625" lon="121.1979232169687747955322265625">
        <ele>1.60000002384185791015625</ele>
        <time>2025-10-05T12:38:32.000Z</time>
        <extensions>
          <ns3:TrackPointExtension>
            <ns3:hr>152</ns3:hr>
            <ns3:cad>86</ns3:cad>
          </ns3:TrackPointExtension>
        </extensions>
      </trkpt>
      <trkpt lat="31.15932379849255084991455078125" lon="121.19793620891869068145751953125">
        <ele>1.60000002384185791015625</ele>
        <time>2025-10-05T12:38:33.000Z</time>
        <extensions>
          <ns3:TrackPointExtension>
            <ns3:hr>152</ns3:hr>
            <ns3:cad>85</ns3:cad>
          </ns3:TrackPointExtension>
        </extensions>
      </trkpt>
      <trkpt lat="31.15930586121976375579833984375" lon="121.19795330800116062164306640625">
        <ele>1.7999999523162841796875</ele>
        <time>2025-10-05T12:38:34.000Z</time>
        <extensions>
          <ns3:TrackPointExtension>
            <ns3:hr>152</ns3:hr>
            <ns3:cad>85</ns3:cad>
          </ns3:TrackPointExtension>
        </extensions>
      </trkpt>
      <trkpt lat="31.15928742103278636932373046875" lon="121.1979751847684383392333984375">
        <ele>1.7999999523162841796875</ele>
        <time>2025-10-05T12:38:35.000Z</time>
        <extensions>
          <ns3:TrackPointExtension>
            <ns3:hr>152</ns3:hr>
            <ns3:cad>86</ns3:cad>
          </ns3:TrackPointExtension>
        </extensions>
      </trkpt>
      <trkpt lat="31.1592715792357921600341796875" lon="121.1979949660599231719970703125">
        <ele>1.60000002384185791015625</ele>
        <time>2025-10-05T12:38:36.000Z</time>
        <extensions>
          <ns3:TrackPointExtension>
            <ns3:hr>152</ns3:hr>
            <ns3:cad>86</ns3:cad>
          </ns3:TrackPointExtension>
        </extensions>
      </trkpt>
      <trkpt lat="31.159246265888214111328125" lon="121.198017932474613189697265625">
        <ele>1.60000002384185791015625</ele>
        <time>2025-10-05T12:38:37.000Z</time>
        <extensions>
          <ns3:TrackPointExtension>
            <ns3:hr>152</ns3:hr>
            <ns3:cad>87</ns3:cad>
          </ns3:TrackPointExtension>
        </extensions>
      </trkpt>
      <trkpt lat="31.159231178462505340576171875" lon="121.19803662411868572235107421875">
        <ele>1.60000002384185791015625</ele>
        <time>2025-10-05T12:38:38.000Z</time>
        <extensions>
          <ns3:TrackPointExtension>
            <ns3:hr>152</ns3:hr>
            <ns3:cad>87</ns3:cad>
          </ns3:TrackPointExtension>
        </extensions>
      </trkpt>
      <trkpt lat="31.15920343436300754547119140625" lon="121.1980579979717731475830078125">
        <ele>1.60000002384185791015625</ele>
        <time>2025-10-05T12:38:39.000Z</time>
        <extensions>
          <ns3:TrackPointExtension>
            <ns3:hr>152</ns3:hr>
            <ns3:cad>87</ns3:cad>
          </ns3:TrackPointExtension>
        </extensions>
      </trkpt>
      <trkpt lat="31.159181892871856689453125" lon="121.198072917759418487548828125">
        <ele>1.60000002384185791015625</ele>
        <time>2025-10-05T12:38:40.000Z</time>
        <extensions>
          <ns3:TrackPointExtension>
            <ns3:hr>152</ns3:hr>
            <ns3:cad>87</ns3:cad>
          </ns3:TrackPointExtension>
        </extensions>
      </trkpt>
      <trkpt lat="31.159163452684879302978515625" lon="121.19809068739414215087890625">
        <ele>1.60000002384185791015625</ele>
        <time>2025-10-05T12:38:41.000Z</time>
        <extensions>
          <ns3:TrackPointExtension>
            <ns3:hr>152</ns3:hr>
            <ns3:cad>87</ns3:cad>
          </ns3:TrackPointExtension>
        </extensions>
      </trkpt>
      <trkpt lat="31.15914274938404560089111328125" lon="121.19810753501951694488525390625">
        <ele>1.60000002384185791015625</ele>
        <time>2025-10-05T12:38:42.000Z</time>
        <extensions>
          <ns3:TrackPointExtension>
            <ns3:hr>152</ns3:hr>
            <ns3:cad>87</ns3:cad>
          </ns3:TrackPointExtension>
        </extensions>
      </trkpt>
      <trkpt lat="31.15912531502544879913330078125" lon="121.19812731631100177764892578125">
        <ele>1.60000002384185791015625</ele>
        <time>2025-10-05T12:38:43.000Z</time>
        <extensions>
          <ns3:TrackPointExtension>
            <ns3:hr>153</ns3:hr>
            <ns3:cad>87</ns3:cad>
          </ns3:TrackPointExtension>
        </extensions>
      </trkpt>
      <trkpt lat="31.15910670720040798187255859375" lon="121.19814357720315456390380859375">
        <ele>1.60000002384185791015625</ele>
        <time>2025-10-05T12:38:44.000Z</time>
        <extensions>
          <ns3:TrackPointExtension>
            <ns3:hr>152</ns3:hr>
            <ns3:cad>87</ns3:cad>
          </ns3:TrackPointExtension>
        </extensions>
      </trkpt>
      <trkpt lat="31.1590972356498241424560546875" lon="121.19815908372402191162109375">
        <ele>1.60000002384185791015625</ele>
        <time>2025-10-05T12:38:45.000Z</time>
        <extensions>
          <ns3:TrackPointExtension>
            <ns3:hr>152</ns3:hr>
            <ns3:cad>87</ns3:cad>
          </ns3:TrackPointExtension>
        </extensions>
      </trkpt>
      <trkpt lat="31.15907167084515094757080078125" lon="121.1981733329594135284423828125">
        <ele>1.60000002384185791015625</ele>
        <time>2025-10-05T12:38:46.000Z</time>
        <extensions>
          <ns3:TrackPointExtension>
            <ns3:hr>152</ns3:hr>
            <ns3:cad>86</ns3:cad>
          </ns3:TrackPointExtension>
        </extensions>
      </trkpt>
      <trkpt lat="31.15905658341944217681884765625" lon="121.198186241090297698974609375">
        <ele>1.60000002384185791015625</ele>
        <time>2025-10-05T12:38:47.000Z</time>
        <extensions>
          <ns3:TrackPointExtension>
            <ns3:hr>152</ns3:hr>
            <ns3:cad>86</ns3:cad>
          </ns3:TrackPointExtension>
        </extensions>
      </trkpt>
      <trkpt lat="31.1590372212231159210205078125" lon="121.19820543564856052398681640625">
        <ele>1.60000002384185791015625</ele>
        <time>2025-10-05T12:38:48.000Z</time>
        <extensions>
          <ns3:TrackPointExtension>
            <ns3:hr>152</ns3:hr>
            <ns3:cad>85</ns3:cad>
          </ns3:TrackPointExtension>
        </extensions>
      </trkpt>
      <trkpt lat="31.1590182781219482421875" lon="121.198218762874603271484375">
        <ele>1.60000002384185791015625</ele>
        <time>2025-10-05T12:38:49.000Z</time>
        <extensions>
          <ns3:TrackPointExtension>
            <ns3:hr>152</ns3:hr>
            <ns3:cad>86</ns3:cad>
          </ns3:TrackPointExtension>
        </extensions>
      </trkpt>
      <trkpt lat="31.1589979939162731170654296875" lon="121.19823795743286609649658203125">
        <ele>1.60000002384185791015625</ele>
        <time>2025-10-05T12:38:50.000Z</time>
        <extensions>
          <ns3:TrackPointExtension>
            <ns3:hr>152</ns3:hr>
            <ns3:cad>86</ns3:cad>
          </ns3:TrackPointExtension>
        </extensions>
      </trkpt>
      <trkpt lat="31.158978044986724853515625" lon="121.19825405068695545196533203125">
        <ele>1.60000002384185791015625</ele>
        <time>2025-10-05T12:38:51.000Z</time>
        <extensions>
          <ns3:TrackPointExtension>
            <ns3:hr>152</ns3:hr>
            <ns3:cad>86</ns3:cad>
          </ns3:TrackPointExtension>
        </extensions>
      </trkpt>
      <trkpt lat="31.15896237082779407501220703125" lon="121.198274083435535430908203125">
        <ele>1.60000002384185791015625</ele>
        <time>2025-10-05T12:38:52.000Z</time>
        <extensions>
          <ns3:TrackPointExtension>
            <ns3:hr>152</ns3:hr>
            <ns3:cad>86</ns3:cad>
          </ns3:TrackPointExtension>
        </extensions>
      </trkpt>
      <trkpt lat="31.15894476883113384246826171875" lon="121.1982950381934642791748046875">
        <ele>1.60000002384185791015625</ele>
        <time>2025-10-05T12:38:53.000Z</time>
        <extensions>
          <ns3:TrackPointExtension>
            <ns3:hr>152</ns3:hr>
            <ns3:cad>86</ns3:cad>
          </ns3:TrackPointExtension>
        </extensions>
      </trkpt>
      <trkpt lat="31.1589257419109344482421875" lon="121.1983111314475536346435546875">
        <ele>1.60000002384185791015625</ele>
        <time>2025-10-05T12:38:54.000Z</time>
        <extensions>
          <ns3:TrackPointExtension>
            <ns3:hr>152</ns3:hr>
            <ns3:cad>86</ns3:cad>
          </ns3:TrackPointExtension>
        </extensions>
      </trkpt>
      <trkpt lat="31.1589000932872295379638671875" lon="121.19833267293870449066162109375">
        <ele>1.60000002384185791015625</ele>
        <time>2025-10-05T12:38:55.000Z</time>
        <extensions>
          <ns3:TrackPointExtension>
            <ns3:hr>153</ns3:hr>
            <ns3:cad>86</ns3:cad>
          </ns3:TrackPointExtension>
        </extensions>
      </trkpt>
      <trkpt lat="31.1588789708912372589111328125" lon="121.19835061021149158477783203125">
        <ele>1.7999999523162841796875</ele>
        <time>2025-10-05T12:38:56.000Z</time>
        <extensions>
          <ns3:TrackPointExtension>
            <ns3:hr>152</ns3:hr>
            <ns3:cad>86</ns3:cad>
          </ns3:TrackPointExtension>
        </extensions>
      </trkpt>
      <trkpt lat="31.15885474719107151031494140625" lon="121.19836871512234210968017578125">
        <ele>1.7999999523162841796875</ele>
        <time>2025-10-05T12:38:57.000Z</time>
        <extensions>
          <ns3:TrackPointExtension>
            <ns3:hr>152</ns3:hr>
            <ns3:cad>86</ns3:cad>
          </ns3:TrackPointExtension>
        </extensions>
      </trkpt>
      <trkpt lat="31.15882993675768375396728515625" lon="121.1983922682702541351318359375">
        <ele>1.60000002384185791015625</ele>
        <time>2025-10-05T12:38:58.000Z</time>
        <extensions>
          <ns3:TrackPointExtension>
            <ns3:hr>152</ns3:hr>
            <ns3:cad>86</ns3:cad>
          </ns3:TrackPointExtension>
        </extensions>
      </trkpt>
      <trkpt lat="31.15881317295134067535400390625" lon="121.19841313920915126800537109375">
        <ele>1.7999999523162841796875</ele>
        <time>2025-10-05T12:38:59.000Z</time>
        <extensions>
          <ns3:TrackPointExtension>
            <ns3:hr>152</ns3:hr>
            <ns3:cad>86</ns3:cad>
          </ns3:TrackPointExtension>
        </extensions>
      </trkpt>
      <trkpt lat="31.15878785960376262664794921875" lon="121.19843535125255584716796875">
        <ele>1.7999999523162841796875</ele>
        <time>2025-10-05T12:39:00.000Z</time>
        <extensions>
          <ns3:TrackPointExtension>
            <ns3:hr>152</ns3:hr>
            <ns3:cad>86</ns3:cad>
          </ns3:TrackPointExtension>
        </extensions>
      </trkpt>
      <trkpt lat="31.15877143107354640960693359375" lon="121.198455132544040679931640625">
        <ele>1.60000002384185791015625</ele>
        <time>2025-10-05T12:39:01.000Z</time>
        <extensions>
          <ns3:TrackPointExtension>
            <ns3:hr>152</ns3:hr>
            <ns3:cad>86</ns3:cad>
          </ns3:TrackPointExtension>
        </extensions>
      </trkpt>
      <trkpt lat="31.15875265561044216156005859375" lon="121.19847281835973262786865234375">
        <ele>1.60000002384185791015625</ele>
        <time>2025-10-05T12:39:02.000Z</time>
        <extensions>
          <ns3:TrackPointExtension>
            <ns3:hr>151</ns3:hr>
            <ns3:cad>86</ns3:cad>
          </ns3:TrackPointExtension>
        </extensions>
      </trkpt>
      <trkpt lat="31.158734969794750213623046875" lon="121.19848807342350482940673828125">
        <ele>1.60000002384185791015625</ele>
        <time>2025-10-05T12:39:03.000Z</time>
        <extensions>
          <ns3:TrackPointExtension>
            <ns3:hr>151</ns3:hr>
            <ns3:cad>86</ns3:cad>
          </ns3:TrackPointExtension>
        </extensions>
      </trkpt>
      <trkpt lat="31.15871912799775600433349609375" lon="121.1985072679817676544189453125">
        <ele>1.60000002384185791015625</ele>
        <time>2025-10-05T12:39:04.000Z</time>
        <extensions>
          <ns3:TrackPointExtension>
            <ns3:hr>151</ns3:hr>
            <ns3:cad>85</ns3:cad>
          </ns3:TrackPointExtension>
        </extensions>
      </trkpt>
      <trkpt lat="31.15869448520243167877197265625" lon="121.1985243670642375946044921875">
        <ele>1.60000002384185791015625</ele>
        <time>2025-10-05T12:39:05.000Z</time>
        <extensions>
          <ns3:TrackPointExtension>
            <ns3:hr>151</ns3:hr>
            <ns3:cad>85</ns3:cad>
          </ns3:TrackPointExtension>
        </extensions>
      </trkpt>
      <trkpt lat="31.1586843430995941162109375" lon="121.1985421366989612579345703125">
        <ele>1.60000002384185791015625</ele>
        <time>2025-10-05T12:39:06.000Z</time>
        <extensions>
          <ns3:TrackPointExtension>
            <ns3:hr>151</ns3:hr>
            <ns3:cad>85</ns3:cad>
          </ns3:TrackPointExtension>
        </extensions>
      </trkpt>
      <trkpt lat="31.15866313688457012176513671875" lon="121.1985589005053043365478515625">
        <ele>1.60000002384185791015625</ele>
        <time>2025-10-05T12:39:07.000Z</time>
        <extensions>
          <ns3:TrackPointExtension>
            <ns3:hr>151</ns3:hr>
            <ns3:cad>85</ns3:cad>
          </ns3:TrackPointExtension>
        </extensions>
      </trkpt>
      <trkpt lat="31.158645786345005035400390625" lon="121.19857541285455226898193359375">
        <ele>1.60000002384185791015625</ele>
        <time>2025-10-05T12:39:08.000Z</time>
        <extensions>
          <ns3:TrackPointExtension>
            <ns3:hr>151</ns3:hr>
            <ns3:cad>85</ns3:cad>
          </ns3:TrackPointExtension>
        </extensions>
      </trkpt>
      <trkpt lat="31.1586288549005985260009765625" lon="121.1985917575657367706298828125">
        <ele>1.60000002384185791015625</ele>
        <time>2025-10-05T12:39:09.000Z</time>
        <extensions>
          <ns3:TrackPointExtension>
            <ns3:hr>150</ns3:hr>
            <ns3:cad>85</ns3:cad>
          </ns3:TrackPointExtension>
        </extensions>
      </trkpt>
      <trkpt lat="31.15860681049525737762451171875" lon="121.19860458187758922576904296875">
        <ele>1.60000002384185791015625</ele>
        <time>2025-10-05T12:39:10.000Z</time>
        <extensions>
          <ns3:TrackPointExtension>
            <ns3:hr>151</ns3:hr>
            <ns3:cad>86</ns3:cad>
          </ns3:TrackPointExtension>
        </extensions>
      </trkpt>
      <trkpt lat="31.15859306417405605316162109375" lon="121.19861832819879055023193359375">
        <ele>1.60000002384185791015625</ele>
        <time>2025-10-05T12:39:11.000Z</time>
        <extensions>
          <ns3:TrackPointExtension>
            <ns3:hr>151</ns3:hr>
            <ns3:cad>86</ns3:cad>
          </ns3:TrackPointExtension>
        </extensions>
      </trkpt>
      <trkpt lat="31.15856808610260486602783203125" lon="121.19863375090062618255615234375">
        <ele>1.60000002384185791015625</ele>
        <time>2025-10-05T12:39:12.000Z</time>
        <extensions>
          <ns3:TrackPointExtension>
            <ns3:hr>150</ns3:hr>
            <ns3:cad>86</ns3:cad>
          </ns3:TrackPointExtension>
        </extensions>
      </trkpt>
      <trkpt lat="31.15855450741946697235107421875" lon="121.1986492574214935302734375">
        <ele>1.7999999523162841796875</ele>
        <time>2025-10-05T12:39:13.000Z</time>
        <extensions>
          <ns3:TrackPointExtension>
            <ns3:hr>151</ns3:hr>
            <ns3:cad>85</ns3:cad>
          </ns3:TrackPointExtension>
        </extensions>
      </trkpt>
      <trkpt lat="31.15853304974734783172607421875" lon="121.19866602122783660888671875">
        <ele>1.7999999523162841796875</ele>
        <time>2025-10-05T12:39:14.000Z</time>
        <extensions>
          <ns3:TrackPointExtension>
            <ns3:hr>151</ns3:hr>
            <ns3:cad>85</ns3:cad>
          </ns3:TrackPointExtension>
        </extensions>
      </trkpt>
      <trkpt lat="31.15851645357906818389892578125" lon="121.198680102825164794921875">
        <ele>1.7999999523162841796875</ele>
        <time>2025-10-05T12:39:15.000Z</time>
        <extensions>
          <ns3:TrackPointExtension>
            <ns3:hr>150</ns3:hr>
            <ns3:cad>85</ns3:cad>
          </ns3:TrackPointExtension>
        </extensions>
      </trkpt>
      <trkpt lat="31.158496253192424774169921875" lon="121.1986916698515415191650390625">
        <ele>1.7999999523162841796875</ele>
        <time>2025-10-05T12:39:16.000Z</time>
        <extensions>
          <ns3:TrackPointExtension>
            <ns3:hr>151</ns3:hr>
            <ns3:cad>85</ns3:cad>
          </ns3:TrackPointExtension>
        </extensions>
      </trkpt>
      <trkpt lat="31.15847705863416194915771484375" lon="121.19870600290596485137939453125">
        <ele>1.7999999523162841796875</ele>
        <time>2025-10-05T12:39:17.000Z</time>
        <extensions>
          <ns3:TrackPointExtension>
            <ns3:hr>151</ns3:hr>
            <ns3:cad>85</ns3:cad>
          </ns3:TrackPointExtension>
        </extensions>
      </trkpt>
      <trkpt lat="31.1584635637700557708740234375" lon="121.19872025214135646820068359375">
        <ele>1.7999999523162841796875</ele>
        <time>2025-10-05T12:39:18.000Z</time>
        <extensions>
          <ns3:TrackPointExtension>
            <ns3:hr>150</ns3:hr>
            <ns3:cad>85</ns3:cad>
          </ns3:TrackPointExtension>
        </extensions>
      </trkpt>
      <trkpt lat="31.15844084881246089935302734375" lon="121.1987386085093021392822265625">
        <ele>1.7999999523162841796875</ele>
        <time>2025-10-05T12:39:19.000Z</time>
        <extensions>
          <ns3:TrackPointExtension>
            <ns3:hr>151</ns3:hr>
            <ns3:cad>86</ns3:cad>
          </ns3:TrackPointExtension>
        </extensions>
      </trkpt>
      <trkpt lat="31.158424504101276397705078125" lon="121.19876015000045299530029296875">
        <ele>2</ele>
        <time>2025-10-05T12:39:20.000Z</time>
        <extensions>
          <ns3:TrackPointExtension>
            <ns3:hr>151</ns3:hr>
            <ns3:cad>86</ns3:cad>
          </ns3:TrackPointExtension>
        </extensions>
      </trkpt>
      <trkpt lat="31.15840204060077667236328125" lon="121.19878227822482585906982421875">
        <ele>2</ele>
        <time>2025-10-05T12:39:21.000Z</time>
        <extensions>
          <ns3:TrackPointExtension>
            <ns3:hr>150</ns3:hr>
            <ns3:cad>86</ns3:cad>
          </ns3:TrackPointExtension>
        </extensions>
      </trkpt>
      <trkpt lat="31.15838326513767242431640625" lon="121.19879686273634433746337890625">
        <ele>2</ele>
        <time>2025-10-05T12:39:22.000Z</time>
        <extensions>
          <ns3:TrackPointExtension>
            <ns3:hr>151</ns3:hr>
            <ns3:cad>86</ns3:cad>
          </ns3:TrackPointExtension>
        </extensions>
      </trkpt>
      <trkpt lat="31.15835954435169696807861328125" lon="121.198815889656543731689453125">
        <ele>2</ele>
        <time>2025-10-05T12:39:23.000Z</time>
        <extensions>
          <ns3:TrackPointExtension>
            <ns3:hr>151</ns3:hr>
            <ns3:cad>86</ns3:cad>
          </ns3:TrackPointExtension>
        </extensions>
      </trkpt>
      <trkpt lat="31.15833900868892669677734375" lon="121.1988368444144725799560546875">
        <ele>2</ele>
        <time>2025-10-05T12:39:24.000Z</time>
        <extensions>
          <ns3:TrackPointExtension>
            <ns3:hr>150</ns3:hr>
            <ns3:cad>86</ns3:cad>
          </ns3:TrackPointExtension>
        </extensions>
      </trkpt>
      <trkpt lat="31.15832023322582244873046875" lon="121.19885721243917942047119140625">
        <ele>2</ele>
        <time>2025-10-05T12:39:25.000Z</time>
        <extensions>
          <ns3:TrackPointExtension>
            <ns3:hr>151</ns3:hr>
            <ns3:cad>86</ns3:cad>
          </ns3:TrackPointExtension>
        </extensions>
      </trkpt>
      <trkpt lat="31.15829500369727611541748046875" lon="121.19887766428291797637939453125">
        <ele>2.2000000476837158203125</ele>
        <time>2025-10-05T12:39:26.000Z</time>
        <extensions>
          <ns3:TrackPointExtension>
            <ns3:hr>151</ns3:hr>
            <ns3:cad>86</ns3:cad>
          </ns3:TrackPointExtension>
        </extensions>
      </trkpt>
      <trkpt lat="31.1582768149673938751220703125" lon="121.1989015527069568634033203125">
        <ele>2.2000000476837158203125</ele>
        <time>2025-10-05T12:39:27.000Z</time>
        <extensions>
          <ns3:TrackPointExtension>
            <ns3:hr>150</ns3:hr>
            <ns3:cad>86</ns3:cad>
          </ns3:TrackPointExtension>
        </extensions>
      </trkpt>
      <trkpt lat="31.15825116634368896484375" lon="121.1989266984164714813232421875">
        <ele>2.2000000476837158203125</ele>
        <time>2025-10-05T12:39:28.000Z</time>
        <extensions>
          <ns3:TrackPointExtension>
            <ns3:hr>151</ns3:hr>
            <ns3:cad>86</ns3:cad>
          </ns3:TrackPointExtension>
        </extensions>
      </trkpt>
      <trkpt lat="31.158230714499950408935546875" lon="121.19894539006054401397705078125">
        <ele>2.2000000476837158203125</ele>
        <time>2025-10-05T12:39:29.000Z</time>
        <extensions>
          <ns3:TrackPointExtension>
            <ns3:hr>151</ns3:hr>
            <ns3:cad>86</ns3:cad>
          </ns3:TrackPointExtension>
        </extensions>
      </trkpt>
      <trkpt lat="31.1582107655704021453857421875" lon="121.19896735064685344696044921875">
        <ele>2.2000000476837158203125</ele>
        <time>2025-10-05T12:39:30.000Z</time>
        <extensions>
          <ns3:TrackPointExtension>
            <ns3:hr>150</ns3:hr>
            <ns3:cad>85</ns3:cad>
          </ns3:TrackPointExtension>
        </extensions>
      </trkpt>
      <trkpt lat="31.1581908166408538818359375" lon="121.19898394681513309478759765625">
        <ele>2.2000000476837158203125</ele>
        <time>2025-10-05T12:39:31.000Z</time>
        <extensions>
          <ns3:TrackPointExtension>
            <ns3:hr>151</ns3:hr>
            <ns3:cad>85</ns3:cad>
          </ns3:TrackPointExtension>
        </extensions>
      </trkpt>
      <trkpt lat="31.15817011334002017974853515625" lon="121.19900305755436420440673828125">
        <ele>2.2000000476837158203125</ele>
        <time>2025-10-05T12:39:32.000Z</time>
        <extensions>
          <ns3:TrackPointExtension>
            <ns3:hr>151</ns3:hr>
            <ns3:cad>85</ns3:cad>
          </ns3:TrackPointExtension>
        </extensions>
      </trkpt>
      <trkpt lat="31.15814513526856899261474609375" lon="121.1990135349333286285400390625">
        <ele>2.2000000476837158203125</ele>
        <time>2025-10-05T12:39:33.000Z</time>
        <extensions>
          <ns3:TrackPointExtension>
            <ns3:hr>150</ns3:hr>
            <ns3:cad>87</ns3:cad>
          </ns3:TrackPointExtension>
        </extensions>
      </trkpt>
      <trkpt lat="31.1581329815089702606201171875" lon="121.19902602396905422210693359375">
        <ele>2.2000000476837158203125</ele>
        <time>2025-10-05T12:39:34.000Z</time>
        <extensions>
          <ns3:TrackPointExtension>
            <ns3:hr>151</ns3:hr>
            <ns3:cad>87</ns3:cad>
          </ns3:TrackPointExtension>
        </extensions>
      </trkpt>
      <trkpt lat="31.15810607559978961944580078125" lon="121.199044547975063323974609375">
        <ele>2.2000000476837158203125</ele>
        <time>2025-10-05T12:39:35.000Z</time>
        <extensions>
          <ns3:TrackPointExtension>
            <ns3:hr>151</ns3:hr>
            <ns3:cad>86</ns3:cad>
          </ns3:TrackPointExtension>
        </extensions>
      </trkpt>
      <trkpt lat="31.158089227974414825439453125" lon="121.19905988685786724090576171875">
        <ele>2.2000000476837158203125</ele>
        <time>2025-10-05T12:39:36.000Z</time>
        <extensions>
          <ns3:TrackPointExtension>
            <ns3:hr>150</ns3:hr>
            <ns3:cad>86</ns3:cad>
          </ns3:TrackPointExtension>
        </extensions>
      </trkpt>
      <trkpt lat="31.15806617774069309234619140625" lon="121.19907237589359283447265625">
        <ele>2.2000000476837158203125</ele>
        <time>2025-10-05T12:39:37.000Z</time>
        <extensions>
          <ns3:TrackPointExtension>
            <ns3:hr>151</ns3:hr>
            <ns3:cad>86</ns3:cad>
          </ns3:TrackPointExtension>
        </extensions>
      </trkpt>
      <trkpt lat="31.158046983182430267333984375" lon="121.1990784108638763427734375">
        <ele>2.2000000476837158203125</ele>
        <time>2025-10-05T12:39:38.000Z</time>
        <extensions>
          <ns3:TrackPointExtension>
            <ns3:hr>151</ns3:hr>
            <ns3:cad>85</ns3:cad>
          </ns3:TrackPointExtension>
        </extensions>
      </trkpt>
      <trkpt lat="31.15802393294870853424072265625" lon="121.19909584522247314453125">
        <ele>2.2000000476837158203125</ele>
        <time>2025-10-05T12:39:39.000Z</time>
        <extensions>
          <ns3:TrackPointExtension>
            <ns3:hr>151</ns3:hr>
            <ns3:cad>85</ns3:cad>
          </ns3:TrackPointExtension>
        </extensions>
      </trkpt>
      <trkpt lat="31.15799979306757450103759765625" lon="121.19910866953432559967041015625">
        <ele>2.400000095367431640625</ele>
        <time>2025-10-05T12:39:40.000Z</time>
        <extensions>
          <ns3:TrackPointExtension>
            <ns3:hr>151</ns3:hr>
            <ns3:cad>85</ns3:cad>
          </ns3:TrackPointExtension>
        </extensions>
      </trkpt>
      <trkpt lat="31.15798152051866054534912109375" lon="121.1991226673126220703125">
        <ele>2.400000095367431640625</ele>
        <time>2025-10-05T12:39:41.000Z</time>
        <extensions>
          <ns3:TrackPointExtension>
            <ns3:hr>151</ns3:hr>
            <ns3:cad>85</ns3:cad>
          </ns3:TrackPointExtension>
        </extensions>
      </trkpt>
      <trkpt lat="31.157955117523670196533203125" lon="121.1991318874061107635498046875">
        <ele>2.599999904632568359375</ele>
        <time>2025-10-05T12:39:42.000Z</time>
        <extensions>
          <ns3:TrackPointExtension>
            <ns3:hr>151</ns3:hr>
            <ns3:cad>86</ns3:cad>
          </ns3:TrackPointExtension>
        </extensions>
      </trkpt>
      <trkpt lat="31.15793625824153423309326171875" lon="121.19914454407989978790283203125">
        <ele>2.400000095367431640625</ele>
        <time>2025-10-05T12:39:43.000Z</time>
        <extensions>
          <ns3:TrackPointExtension>
            <ns3:hr>151</ns3:hr>
            <ns3:cad>86</ns3:cad>
          </ns3:TrackPointExtension>
        </extensions>
      </trkpt>
      <trkpt lat="31.15790775977075099945068359375" lon="121.19915393181145191192626953125">
        <ele>2.400000095367431640625</ele>
        <time>2025-10-05T12:39:44.000Z</time>
        <extensions>
          <ns3:TrackPointExtension>
            <ns3:hr>152</ns3:hr>
            <ns3:cad>86</ns3:cad>
          </ns3:TrackPointExtension>
        </extensions>
      </trkpt>
      <trkpt lat="31.1578878946602344512939453125" lon="121.19915812276303768157958984375">
        <ele>2.400000095367431640625</ele>
        <time>2025-10-05T12:39:45.000Z</time>
        <extensions>
          <ns3:TrackPointExtension>
            <ns3:hr>152</ns3:hr>
            <ns3:cad>86</ns3:cad>
          </ns3:TrackPointExtension>
        </extensions>
      </trkpt>
      <trkpt lat="31.15786417387425899505615234375" lon="121.19916248135268688201904296875">
        <ele>2.400000095367431640625</ele>
        <time>2025-10-05T12:39:46.000Z</time>
        <extensions>
          <ns3:TrackPointExtension>
            <ns3:hr>152</ns3:hr>
            <ns3:cad>86</ns3:cad>
          </ns3:TrackPointExtension>
        </extensions>
      </trkpt>
      <trkpt lat="31.157844476401805877685546875" lon="121.1991701088845729827880859375">
        <ele>2.400000095367431640625</ele>
        <time>2025-10-05T12:39:47.000Z</time>
        <extensions>
          <ns3:TrackPointExtension>
            <ns3:hr>152</ns3:hr>
            <ns3:cad>86</ns3:cad>
          </ns3:TrackPointExtension>
        </extensions>
      </trkpt>
      <trkpt lat="31.15782829932868480682373046875" lon="121.19918846525251865386962890625">
        <ele>2.599999904632568359375</ele>
        <time>2025-10-05T12:39:48.000Z</time>
        <extensions>
          <ns3:TrackPointExtension>
            <ns3:hr>152</ns3:hr>
            <ns3:cad>87</ns3:cad>
          </ns3:TrackPointExtension>
        </extensions>
      </trkpt>
      <trkpt lat="31.15781195461750030517578125" lon="121.19921847246587276458740234375">
        <ele>2.599999904632568359375</ele>
        <time>2025-10-05T12:39:49.000Z</time>
        <extensions>
          <ns3:TrackPointExtension>
            <ns3:hr>152</ns3:hr>
            <ns3:cad>87</ns3:cad>
          </ns3:TrackPointExtension>
        </extensions>
      </trkpt>
      <trkpt lat="31.15780214779078960418701171875" lon="121.1992445401847362518310546875">
        <ele>2.7999999523162841796875</ele>
        <time>2025-10-05T12:39:50.000Z</time>
        <extensions>
          <ns3:TrackPointExtension>
            <ns3:hr>152</ns3:hr>
            <ns3:cad>87</ns3:cad>
          </ns3:TrackPointExtension>
        </extensions>
      </trkpt>
      <trkpt lat="31.15778974257409572601318359375" lon="121.199281252920627593994140625">
        <ele>2.7999999523162841796875</ele>
        <time>2025-10-05T12:39:51.000Z</time>
        <extensions>
          <ns3:TrackPointExtension>
            <ns3:hr>152</ns3:hr>
            <ns3:cad>87</ns3:cad>
          </ns3:TrackPointExtension>
        </extensions>
      </trkpt>
      <trkpt lat="31.15778571926057338714599609375" lon="121.1993112601339817047119140625">
        <ele>3</ele>
        <time>2025-10-05T12:39:52.000Z</time>
        <extensions>
          <ns3:TrackPointExtension>
            <ns3:hr>152</ns3:hr>
            <ns3:cad>87</ns3:cad>
          </ns3:TrackPointExtension>
        </extensions>
      </trkpt>
      <trkpt lat="31.15777348168194293975830078125" lon="121.19934386573731899261474609375">
        <ele>3</ele>
        <time>2025-10-05T12:39:53.000Z</time>
        <extensions>
          <ns3:TrackPointExtension>
            <ns3:hr>152</ns3:hr>
            <ns3:cad>86</ns3:cad>
          </ns3:TrackPointExtension>
        </extensions>
      </trkpt>
      <trkpt lat="31.157763004302978515625" lon="121.199371106922626495361328125">
        <ele>3</ele>
        <time>2025-10-05T12:39:54.000Z</time>
        <extensions>
          <ns3:TrackPointExtension>
            <ns3:hr>152</ns3:hr>
            <ns3:cad>86</ns3:cad>
          </ns3:TrackPointExtension>
        </extensions>
      </trkpt>
      <trkpt lat="31.1577536165714263916015625" lon="121.1994014494121074676513671875">
        <ele>3</ele>
        <time>2025-10-05T12:39:55.000Z</time>
        <extensions>
          <ns3:TrackPointExtension>
            <ns3:hr>152</ns3:hr>
            <ns3:cad>87</ns3:cad>
          </ns3:TrackPointExtension>
        </extensions>
      </trkpt>
      <trkpt lat="31.15774079225957393646240234375" lon="121.19943137280642986297607421875">
        <ele>3</ele>
        <time>2025-10-05T12:39:56.000Z</time>
        <extensions>
          <ns3:TrackPointExtension>
            <ns3:hr>152</ns3:hr>
            <ns3:cad>87</ns3:cad>
          </ns3:TrackPointExtension>
        </extensions>
      </trkpt>
      <trkpt lat="31.15772486664354801177978515625" lon="121.19945903308689594268798828125">
        <ele>3</ele>
        <time>2025-10-05T12:39:57.000Z</time>
        <extensions>
          <ns3:TrackPointExtension>
            <ns3:hr>152</ns3:hr>
            <ns3:cad>87</ns3:cad>
          </ns3:TrackPointExtension>
        </extensions>
      </trkpt>
      <trkpt lat="31.157697625458240509033203125" lon="121.199479401111602783203125">
        <ele>3</ele>
        <time>2025-10-05T12:39:58.000Z</time>
        <extensions>
          <ns3:TrackPointExtension>
            <ns3:hr>152</ns3:hr>
            <ns3:cad>87</ns3:cad>
          </ns3:TrackPointExtension>
        </extensions>
      </trkpt>
      <trkpt lat="31.15767776034772396087646484375" lon="121.1994943208992481231689453125">
        <ele>2.7999999523162841796875</ele>
        <time>2025-10-05T12:39:59.000Z</time>
        <extensions>
          <ns3:TrackPointExtension>
            <ns3:hr>152</ns3:hr>
            <ns3:cad>86</ns3:cad>
          </ns3:TrackPointExtension>
        </extensions>
      </trkpt>
      <trkpt lat="31.15764657966792583465576171875" lon="121.1994996853172779083251953125">
        <ele>2.7999999523162841796875</ele>
        <time>2025-10-05T12:40:00.000Z</time>
        <extensions>
          <ns3:TrackPointExtension>
            <ns3:hr>152</ns3:hr>
            <ns3:cad>86</ns3:cad>
          </ns3:TrackPointExtension>
        </extensions>
      </trkpt>
      <trkpt lat="31.15762344561517238616943359375" lon="121.19950597174465656280517578125">
        <ele>2.7999999523162841796875</ele>
        <time>2025-10-05T12:40:01.000Z</time>
        <extensions>
          <ns3:TrackPointExtension>
            <ns3:hr>153</ns3:hr>
            <ns3:cad>87</ns3:cad>
          </ns3:TrackPointExtension>
        </extensions>
      </trkpt>
      <trkpt lat="31.15759058855473995208740234375" lon="121.1995107494294643402099609375">
        <ele>2.7999999523162841796875</ele>
        <time>2025-10-05T12:40:02.000Z</time>
        <extensions>
          <ns3:TrackPointExtension>
            <ns3:hr>152</ns3:hr>
            <ns3:cad>87</ns3:cad>
          </ns3:TrackPointExtension>
        </extensions>
      </trkpt>
      <trkpt lat="31.1575697176158428192138671875" lon="121.19951653294265270233154296875">
        <ele>2.599999904632568359375</ele>
        <time>2025-10-05T12:40:03.000Z</time>
        <extensions>
          <ns3:TrackPointExtension>
            <ns3:hr>152</ns3:hr>
            <ns3:cad>88</ns3:cad>
          </ns3:TrackPointExtension>
        </extensions>
      </trkpt>
      <trkpt lat="31.15754247643053531646728515625" lon="121.1995236575603485107421875">
        <ele>2.599999904632568359375</ele>
        <time>2025-10-05T12:40:04.000Z</time>
        <extensions>
          <ns3:TrackPointExtension>
            <ns3:hr>152</ns3:hr>
            <ns3:cad>87</ns3:cad>
          </ns3:TrackPointExtension>
        </extensions>
      </trkpt>
      <trkpt lat="31.1575194261968135833740234375" lon="121.1995288543403148651123046875">
        <ele>2.599999904632568359375</ele>
        <time>2025-10-05T12:40:05.000Z</time>
        <extensions>
          <ns3:TrackPointExtension>
            <ns3:hr>152</ns3:hr>
            <ns3:cad>88</ns3:cad>
          </ns3:TrackPointExtension>
        </extensions>
      </trkpt>
      <trkpt lat="31.15749838761985301971435546875" lon="121.199536733329296112060546875">
        <ele>2.599999904632568359375</ele>
        <time>2025-10-05T12:40:06.000Z</time>
        <extensions>
          <ns3:TrackPointExtension>
            <ns3:hr>152</ns3:hr>
            <ns3:cad>87</ns3:cad>
          </ns3:TrackPointExtension>
        </extensions>
      </trkpt>
      <trkpt lat="31.1574704758822917938232421875" lon="121.19953899644315242767333984375">
        <ele>2.599999904632568359375</ele>
        <time>2025-10-05T12:40:07.000Z</time>
        <extensions>
          <ns3:TrackPointExtension>
            <ns3:hr>153</ns3:hr>
            <ns3:cad>87</ns3:cad>
          </ns3:TrackPointExtension>
        </extensions>
      </trkpt>
      <trkpt lat="31.157449521124362945556640625" lon="121.1995442770421504974365234375">
        <ele>2.400000095367431640625</ele>
        <time>2025-10-05T12:40:08.000Z</time>
        <extensions>
          <ns3:TrackPointExtension>
            <ns3:hr>152</ns3:hr>
            <ns3:cad>86</ns3:cad>
          </ns3:TrackPointExtension>
        </extensions>
      </trkpt>
      <trkpt lat="31.1574221961200237274169921875" lon="121.19954980909824371337890625">
        <ele>2.400000095367431640625</ele>
        <time>2025-10-05T12:40:09.000Z</time>
        <extensions>
          <ns3:TrackPointExtension>
            <ns3:hr>152</ns3:hr>
            <ns3:cad>85</ns3:cad>
          </ns3:TrackPointExtension>
        </extensions>
      </trkpt>
      <trkpt lat="31.15739679895341396331787109375" lon="121.1995506472885608673095703125">
        <ele>2.2000000476837158203125</ele>
        <time>2025-10-05T12:40:10.000Z</time>
        <extensions>
          <ns3:TrackPointExtension>
            <ns3:hr>152</ns3:hr>
            <ns3:cad>85</ns3:cad>
          </ns3:TrackPointExtension>
        </extensions>
      </trkpt>
      <trkpt lat="31.1573735810816287994384765625" lon="121.19955995120108127593994140625">
        <ele>2.2000000476837158203125</ele>
        <time>2025-10-05T12:40:11.000Z</time>
        <extensions>
          <ns3:TrackPointExtension>
            <ns3:hr>152</ns3:hr>
            <ns3:cad>84</ns3:cad>
          </ns3:TrackPointExtension>
        </extensions>
      </trkpt>
      <trkpt lat="31.15734265185892581939697265625" lon="121.19956581853330135345458984375">
        <ele>2.2000000476837158203125</ele>
        <time>2025-10-05T12:40:12.000Z</time>
        <extensions>
          <ns3:TrackPointExtension>
            <ns3:hr>152</ns3:hr>
            <ns3:cad>84</ns3:cad>
          </ns3:TrackPointExtension>
        </extensions>
      </trkpt>
      <trkpt lat="31.1573190987110137939453125" lon="121.199576966464519500732421875">
        <ele>2</ele>
        <time>2025-10-05T12:40:13.000Z</time>
        <extensions>
          <ns3:TrackPointExtension>
            <ns3:hr>152</ns3:hr>
            <ns3:cad>84</ns3:cad>
          </ns3:TrackPointExtension>
        </extensions>
      </trkpt>
      <trkpt lat="31.15729236043989658355712890625" lon="121.19958291761577129364013671875">
        <ele>2</ele>
        <time>2025-10-05T12:40:14.000Z</time>
        <extensions>
          <ns3:TrackPointExtension>
            <ns3:hr>153</ns3:hr>
            <ns3:cad>84</ns3:cad>
          </ns3:TrackPointExtension>
        </extensions>
      </trkpt>
      <trkpt lat="31.1572662927210330963134765625" lon="121.19958995841443538665771484375">
        <ele>2</ele>
        <time>2025-10-05T12:40:15.000Z</time>
        <extensions>
          <ns3:TrackPointExtension>
            <ns3:hr>153</ns3:hr>
            <ns3:cad>85</ns3:cad>
          </ns3:TrackPointExtension>
        </extensions>
      </trkpt>
      <trkpt lat="31.15723804570734500885009765625" lon="121.19959666393697261810302734375">
        <ele>2</ele>
        <time>2025-10-05T12:40:16.000Z</time>
        <extensions>
          <ns3:TrackPointExtension>
            <ns3:hr>153</ns3:hr>
            <ns3:cad>86</ns3:cad>
          </ns3:TrackPointExtension>
        </extensions>
      </trkpt>
      <trkpt lat="31.15721340291202068328857421875" lon="121.1995982564985752105712890625">
        <ele>2</ele>
        <time>2025-10-05T12:40:17.000Z</time>
        <extensions>
          <ns3:TrackPointExtension>
            <ns3:hr>153</ns3:hr>
            <ns3:cad>87</ns3:cad>
          </ns3:TrackPointExtension>
        </extensions>
      </trkpt>
      <trkpt lat="31.1571851558983325958251953125" lon="121.19959766976535320281982421875">
        <ele>2</ele>
        <time>2025-10-05T12:40:18.000Z</time>
        <extensions>
          <ns3:TrackPointExtension>
            <ns3:hr>153</ns3:hr>
            <ns3:cad>87</ns3:cad>
          </ns3:TrackPointExtension>
        </extensions>
      </trkpt>
      <trkpt lat="31.15716059692203998565673828125" lon="121.19959884323179721832275390625">
        <ele>1.7999999523162841796875</ele>
        <time>2025-10-05T12:40:19.000Z</time>
        <extensions>
          <ns3:TrackPointExtension>
            <ns3:hr>153</ns3:hr>
            <ns3:cad>87</ns3:cad>
          </ns3:TrackPointExtension>
        </extensions>
      </trkpt>
      <trkpt lat="31.15713679231703281402587890625" lon="121.1996009387075901031494140625">
        <ele>1.7999999523162841796875</ele>
        <time>2025-10-05T12:40:20.000Z</time>
        <extensions>
          <ns3:TrackPointExtension>
            <ns3:hr>154</ns3:hr>
            <ns3:cad>87</ns3:cad>
          </ns3:TrackPointExtension>
        </extensions>
      </trkpt>
      <trkpt lat="31.15710862912237644195556640625" lon="121.19960387237370014190673828125">
        <ele>2</ele>
        <time>2025-10-05T12:40:21.000Z</time>
        <extensions>
          <ns3:TrackPointExtension>
            <ns3:hr>153</ns3:hr>
            <ns3:cad>87</ns3:cad>
          </ns3:TrackPointExtension>
        </extensions>
      </trkpt>
      <trkpt lat="31.1570872552692890167236328125" lon="121.19961476884782314300537109375">
        <ele>1.7999999523162841796875</ele>
        <time>2025-10-05T12:40:22.000Z</time>
        <extensions>
          <ns3:TrackPointExtension>
            <ns3:hr>154</ns3:hr>
            <ns3:cad>86</ns3:cad>
          </ns3:TrackPointExtension>
        </extensions>
      </trkpt>
      <trkpt lat="31.15706118755042552947998046875" lon="121.19961963035166263580322265625">
        <ele>2</ele>
        <time>2025-10-05T12:40:23.000Z</time>
        <extensions>
          <ns3:TrackPointExtension>
            <ns3:hr>153</ns3:hr>
            <ns3:cad>86</ns3:cad>
          </ns3:TrackPointExtension>
        </extensions>
      </trkpt>
      <trkpt lat="31.15703805349767208099365234375" lon="121.19963027536869049072265625">
        <ele>1.7999999523162841796875</ele>
        <time>2025-10-05T12:40:24.000Z</time>
        <extensions>
          <ns3:TrackPointExtension>
            <ns3:hr>153</ns3:hr>
            <ns3:cad>86</ns3:cad>
          </ns3:TrackPointExtension>
        </extensions>
      </trkpt>
      <trkpt lat="31.15701131522655487060546875" lon="121.1996401660144329071044921875">
        <ele>1.7999999523162841796875</ele>
        <time>2025-10-05T12:40:25.000Z</time>
        <extensions>
          <ns3:TrackPointExtension>
            <ns3:hr>153</ns3:hr>
            <ns3:cad>86</ns3:cad>
          </ns3:TrackPointExtension>
        </extensions>
      </trkpt>
      <trkpt lat="31.15699119865894317626953125" lon="121.19965718127787113189697265625">
        <ele>1.7999999523162841796875</ele>
        <time>2025-10-05T12:40:26.000Z</time>
        <extensions>
          <ns3:TrackPointExtension>
            <ns3:hr>154</ns3:hr>
            <ns3:cad>86</ns3:cad>
          </ns3:TrackPointExtension>
        </extensions>
      </trkpt>
      <trkpt lat="31.156972758471965789794921875" lon="121.19967444799840450286865234375">
        <ele>1.7999999523162841796875</ele>
        <time>2025-10-05T12:40:27.000Z</time>
        <extensions>
          <ns3:TrackPointExtension>
            <ns3:hr>153</ns3:hr>
            <ns3:cad>86</ns3:cad>
          </ns3:TrackPointExtension>
        </extensions>
      </trkpt>
      <trkpt lat="31.1569489538669586181640625" lon="121.1996968276798725128173828125">
        <ele>1.7999999523162841796875</ele>
        <time>2025-10-05T12:40:28.000Z</time>
        <extensions>
          <ns3:TrackPointExtension>
            <ns3:hr>153</ns3:hr>
            <ns3:cad>86</ns3:cad>
          </ns3:TrackPointExtension>
        </extensions>
      </trkpt>
      <trkpt lat="31.1569400690495967864990234375" lon="121.19972205720841884613037109375">
        <ele>1.7999999523162841796875</ele>
        <time>2025-10-05T12:40:29.000Z</time>
        <extensions>
          <ns3:TrackPointExtension>
            <ns3:hr>153</ns3:hr>
            <ns3:cad>86</ns3:cad>
          </ns3:TrackPointExtension>
        </extensions>
      </trkpt>
      <trkpt lat="31.1569249816238880157470703125" lon="121.19974988512694835662841796875">
        <ele>1.7999999523162841796875</ele>
        <time>2025-10-05T12:40:30.000Z</time>
        <extensions>
          <ns3:TrackPointExtension>
            <ns3:hr>153</ns3:hr>
            <ns3:cad>86</ns3:cad>
          </ns3:TrackPointExtension>
        </extensions>
      </trkpt>
      <trkpt lat="31.15691701881587505340576171875" lon="121.1997776292264461517333984375">
        <ele>1.7999999523162841796875</ele>
        <time>2025-10-05T12:40:31.000Z</time>
        <extensions>
          <ns3:TrackPointExtension>
            <ns3:hr>154</ns3:hr>
            <ns3:cad>85</ns3:cad>
          </ns3:TrackPointExtension>
        </extensions>
      </trkpt>
      <trkpt lat="31.1569135822355747222900390625" lon="121.19980855844914913177490234375">
        <ele>1.7999999523162841796875</ele>
        <time>2025-10-05T12:40:32.000Z</time>
        <extensions>
          <ns3:TrackPointExtension>
            <ns3:hr>153</ns3:hr>
            <ns3:cad>85</ns3:cad>
          </ns3:TrackPointExtension>
        </extensions>
      </trkpt>
      <trkpt lat="31.15691551007330417633056640625" lon="121.1998428404331207275390625">
        <ele>1.7999999523162841796875</ele>
        <time>2025-10-05T12:40:33.000Z</time>
        <extensions>
          <ns3:TrackPointExtension>
            <ns3:hr>153</ns3:hr>
            <ns3:cad>84</ns3:cad>
          </ns3:TrackPointExtension>
        </extensions>
      </trkpt>
      <trkpt lat="31.15691903047263622283935546875" lon="121.1998664774000644683837890625">
        <ele>1.7999999523162841796875</ele>
        <time>2025-10-05T12:40:34.000Z</time>
        <extensions>
          <ns3:TrackPointExtension>
            <ns3:hr>153</ns3:hr>
            <ns3:cad>84</ns3:cad>
          </ns3:TrackPointExtension>
        </extensions>
      </trkpt>
      <trkpt lat="31.1569221317768096923828125" lon="121.1999006755650043487548828125">
        <ele>1.7999999523162841796875</ele>
        <time>2025-10-05T12:40:35.000Z</time>
        <extensions>
          <ns3:TrackPointExtension>
            <ns3:hr>152</ns3:hr>
            <ns3:cad>84</ns3:cad>
          </ns3:TrackPointExtension>
        </extensions>
      </trkpt>
      <trkpt lat="31.15692640654742717742919921875" lon="121.19992489926517009735107421875">
        <ele>2</ele>
        <time>2025-10-05T12:40:36.000Z</time>
        <extensions>
          <ns3:TrackPointExtension>
            <ns3:hr>152</ns3:hr>
            <ns3:cad>84</ns3:cad>
          </ns3:TrackPointExtension>
        </extensions>
      </trkpt>
      <trkpt lat="31.15693042986094951629638671875" lon="121.19995473884046077728271484375">
        <ele>2</ele>
        <time>2025-10-05T12:40:37.000Z</time>
        <extensions>
          <ns3:TrackPointExtension>
            <ns3:hr>152</ns3:hr>
            <ns3:cad>84</ns3:cad>
          </ns3:TrackPointExtension>
        </extensions>
      </trkpt>
      <trkpt lat="31.15693260915577411651611328125" lon="121.19998306967318058013916015625">
        <ele>2</ele>
        <time>2025-10-05T12:40:38.000Z</time>
        <extensions>
          <ns3:TrackPointExtension>
            <ns3:hr>152</ns3:hr>
            <ns3:cad>84</ns3:cad>
          </ns3:TrackPointExtension>
        </extensions>
      </trkpt>
      <trkpt lat="31.1569357104599475860595703125" lon="121.20001383125782012939453125">
        <ele>2</ele>
        <time>2025-10-05T12:40:39.000Z</time>
        <extensions>
          <ns3:TrackPointExtension>
            <ns3:hr>152</ns3:hr>
            <ns3:cad>84</ns3:cad>
          </ns3:TrackPointExtension>
        </extensions>
      </trkpt>
      <trkpt lat="31.15694023668766021728515625" lon="121.2000413239002227783203125">
        <ele>2</ele>
        <time>2025-10-05T12:40:40.000Z</time>
        <extensions>
          <ns3:TrackPointExtension>
            <ns3:hr>153</ns3:hr>
            <ns3:cad>85</ns3:cad>
          </ns3:TrackPointExtension>
        </extensions>
      </trkpt>
      <trkpt lat="31.15694652311503887176513671875" lon="121.20006605051457881927490234375">
        <ele>2</ele>
        <time>2025-10-05T12:40:41.000Z</time>
        <extensions>
          <ns3:TrackPointExtension>
            <ns3:hr>152</ns3:hr>
            <ns3:cad>86</ns3:cad>
          </ns3:TrackPointExtension>
        </extensions>
      </trkpt>
      <trkpt lat="31.1569511331617832183837890625" lon="121.20009320788085460662841796875">
        <ele>2</ele>
        <time>2025-10-05T12:40:42.000Z</time>
        <extensions>
          <ns3:TrackPointExtension>
            <ns3:hr>152</ns3:hr>
            <ns3:cad>86</ns3:cad>
          </ns3:TrackPointExtension>
        </extensions>
      </trkpt>
      <trkpt lat="31.1569575034081935882568359375" lon="121.20011433027684688568115234375">
        <ele>2</ele>
        <time>2025-10-05T12:40:43.000Z</time>
        <extensions>
          <ns3:TrackPointExtension>
            <ns3:hr>152</ns3:hr>
            <ns3:cad>86</ns3:cad>
          </ns3:TrackPointExtension>
        </extensions>
      </trkpt>
      <trkpt lat="31.1569605208933353424072265625" lon="121.20014500804245471954345703125">
        <ele>2</ele>
        <time>2025-10-05T12:40:44.000Z</time>
        <extensions>
          <ns3:TrackPointExtension>
            <ns3:hr>152</ns3:hr>
            <ns3:cad>87</ns3:cad>
          </ns3:TrackPointExtension>
        </extensions>
      </trkpt>
      <trkpt lat="31.156965382397174835205078125" lon="121.20016671717166900634765625">
        <ele>2</ele>
        <time>2025-10-05T12:40:45.000Z</time>
        <extensions>
          <ns3:TrackPointExtension>
            <ns3:hr>152</ns3:hr>
            <ns3:cad>87</ns3:cad>
          </ns3:TrackPointExtension>
        </extensions>
      </trkpt>
      <trkpt lat="31.15696898661553859710693359375" lon="121.20020317845046520233154296875">
        <ele>2</ele>
        <time>2025-10-05T12:40:46.000Z</time>
        <extensions>
          <ns3:TrackPointExtension>
            <ns3:hr>152</ns3:hr>
            <ns3:cad>87</ns3:cad>
          </ns3:TrackPointExtension>
        </extensions>
      </trkpt>
      <trkpt lat="31.1569752730429172515869140625" lon="121.20022715069353580474853515625">
        <ele>2</ele>
        <time>2025-10-05T12:40:47.000Z</time>
        <extensions>
          <ns3:TrackPointExtension>
            <ns3:hr>152</ns3:hr>
            <ns3:cad>87</ns3:cad>
          </ns3:TrackPointExtension>
        </extensions>
      </trkpt>
      <trkpt lat="31.1569756083190441131591796875" lon="121.20026302523910999298095703125">
        <ele>2</ele>
        <time>2025-10-05T12:40:48.000Z</time>
        <extensions>
          <ns3:TrackPointExtension>
            <ns3:hr>152</ns3:hr>
            <ns3:cad>88</ns3:cad>
          </ns3:TrackPointExtension>
        </extensions>
      </trkpt>
      <trkpt lat="31.1569757759571075439453125" lon="121.20028750039637088775634765625">
        <ele>2</ele>
        <time>2025-10-05T12:40:49.000Z</time>
        <extensions>
          <ns3:TrackPointExtension>
            <ns3:hr>151</ns3:hr>
            <ns3:cad>88</ns3:cad>
          </ns3:TrackPointExtension>
        </extensions>
      </trkpt>
      <trkpt lat="31.15697820670902729034423828125" lon="121.20031700469553470611572265625">
        <ele>2</ele>
        <time>2025-10-05T12:40:50.000Z</time>
        <extensions>
          <ns3:TrackPointExtension>
            <ns3:hr>151</ns3:hr>
            <ns3:cad>88</ns3:cad>
          </ns3:TrackPointExtension>
        </extensions>
      </trkpt>
      <trkpt lat="31.15698206238448619842529296875" lon="121.2003418989479541778564453125">
        <ele>2</ele>
        <time>2025-10-05T12:40:51.000Z</time>
        <extensions>
          <ns3:TrackPointExtension>
            <ns3:hr>151</ns3:hr>
            <ns3:cad>88</ns3:cad>
          </ns3:TrackPointExtension>
        </extensions>
      </trkpt>
      <trkpt lat="31.15698759444057941436767578125" lon="121.2003697268664836883544921875">
        <ele>2</ele>
        <time>2025-10-05T12:40:52.000Z</time>
        <extensions>
          <ns3:TrackPointExtension>
            <ns3:hr>151</ns3:hr>
            <ns3:cad>88</ns3:cad>
          </ns3:TrackPointExtension>
        </extensions>
      </trkpt>
      <trkpt lat="31.15699379704892635345458984375" lon="121.20040543377399444580078125">
        <ele>2</ele>
        <time>2025-10-05T12:40:53.000Z</time>
        <extensions>
          <ns3:TrackPointExtension>
            <ns3:hr>151</ns3:hr>
            <ns3:cad>88</ns3:cad>
          </ns3:TrackPointExtension>
        </extensions>
      </trkpt>
      <trkpt lat="31.1570025980472564697265625" lon="121.200431920588016510009765625">
        <ele>2</ele>
        <time>2025-10-05T12:40:54.000Z</time>
        <extensions>
          <ns3:TrackPointExtension>
            <ns3:hr>151</ns3:hr>
            <ns3:cad>87</ns3:cad>
          </ns3:TrackPointExtension>
        </extensions>
      </trkpt>
      <trkpt lat="31.15700595080852508544921875" lon="121.2004666216671466827392578125">
        <ele>2</ele>
        <time>2025-10-05T12:40:55.000Z</time>
        <extensions>
          <ns3:TrackPointExtension>
            <ns3:hr>151</ns3:hr>
            <ns3:cad>87</ns3:cad>
          </ns3:TrackPointExtension>
        </extensions>
      </trkpt>
      <trkpt lat="31.157010309398174285888671875" lon="121.2004919350147247314453125">
        <ele>2</ele>
        <time>2025-10-05T12:40:56.000Z</time>
        <extensions>
          <ns3:TrackPointExtension>
            <ns3:hr>151</ns3:hr>
            <ns3:cad>86</ns3:cad>
          </ns3:TrackPointExtension>
        </extensions>
      </trkpt>
      <trkpt lat="31.15701139904558658599853515625" lon="121.2005246244370937347412109375">
        <ele>2</ele>
        <time>2025-10-05T12:40:57.000Z</time>
        <extensions>
          <ns3:TrackPointExtension>
            <ns3:hr>151</ns3:hr>
            <ns3:cad>85</ns3:cad>
          </ns3:TrackPointExtension>
        </extensions>
      </trkpt>
      <trkpt lat="31.15700955502688884735107421875" lon="121.20055563747882843017578125">
        <ele>2</ele>
        <time>2025-10-05T12:40:58.000Z</time>
        <extensions>
          <ns3:TrackPointExtension>
            <ns3:hr>150</ns3:hr>
            <ns3:cad>85</ns3:cad>
          </ns3:TrackPointExtension>
        </extensions>
      </trkpt>
      <trkpt lat="31.15701659582555294036865234375" lon="121.20058204047381877899169921875">
        <ele>2.2000000476837158203125</ele>
        <time>2025-10-05T12:40:59.000Z</time>
        <extensions>
          <ns3:TrackPointExtension>
            <ns3:hr>151</ns3:hr>
            <ns3:cad>85</ns3:cad>
          </ns3:TrackPointExtension>
        </extensions>
      </trkpt>
      <trkpt lat="31.1570227146148681640625" lon="121.2006154842674732208251953125">
        <ele>2.2000000476837158203125</ele>
        <time>2025-10-05T12:41:00.000Z</time>
        <extensions>
          <ns3:TrackPointExtension>
            <ns3:hr>151</ns3:hr>
            <ns3:cad>86</ns3:cad>
          </ns3:TrackPointExtension>
        </extensions>
      </trkpt>
      <trkpt lat="31.15702816285192966461181640625" lon="121.20064415037631988525390625">
        <ele>2.2000000476837158203125</ele>
        <time>2025-10-05T12:41:01.000Z</time>
        <extensions>
          <ns3:TrackPointExtension>
            <ns3:hr>150</ns3:hr>
            <ns3:cad>86</ns3:cad>
          </ns3:TrackPointExtension>
        </extensions>
      </trkpt>
      <trkpt lat="31.15703419782221317291259765625" lon="121.200680024921894073486328125">
        <ele>2.2000000476837158203125</ele>
        <time>2025-10-05T12:41:02.000Z</time>
        <extensions>
          <ns3:TrackPointExtension>
            <ns3:hr>151</ns3:hr>
            <ns3:cad>86</ns3:cad>
          </ns3:TrackPointExtension>
        </extensions>
      </trkpt>
      <trkpt lat="31.157045178115367889404296875" lon="121.2007038295269012451171875">
        <ele>2.2000000476837158203125</ele>
        <time>2025-10-05T12:41:03.000Z</time>
        <extensions>
          <ns3:TrackPointExtension>
            <ns3:hr>151</ns3:hr>
            <ns3:cad>86</ns3:cad>
          </ns3:TrackPointExtension>
        </extensions>
      </trkpt>
      <trkpt lat="31.15705414675176143646240234375" lon="121.20073257945477962493896484375">
        <ele>2</ele>
        <time>2025-10-05T12:41:04.000Z</time>
        <extensions>
          <ns3:TrackPointExtension>
            <ns3:hr>150</ns3:hr>
            <ns3:cad>86</ns3:cad>
          </ns3:TrackPointExtension>
        </extensions>
      </trkpt>
      <trkpt lat="31.15706454031169414520263671875" lon="121.2007573060691356658935546875">
        <ele>2</ele>
        <time>2025-10-05T12:41:05.000Z</time>
        <extensions>
          <ns3:TrackPointExtension>
            <ns3:hr>151</ns3:hr>
            <ns3:cad>87</ns3:cad>
          </ns3:TrackPointExtension>
        </extensions>
      </trkpt>
      <trkpt lat="31.1570805497467517852783203125" lon="121.2007794342935085296630859375">
        <ele>2.2000000476837158203125</ele>
        <time>2025-10-05T12:41:06.000Z</time>
        <extensions>
          <ns3:TrackPointExtension>
            <ns3:hr>151</ns3:hr>
            <ns3:cad>87</ns3:cad>
          </ns3:TrackPointExtension>
        </extensions>
      </trkpt>
      <trkpt lat="31.15709370933473110198974609375" lon="121.200811453163623809814453125">
        <ele>2.2000000476837158203125</ele>
        <time>2025-10-05T12:41:07.000Z</time>
        <extensions>
          <ns3:TrackPointExtension>
            <ns3:hr>150</ns3:hr>
            <ns3:cad>86</ns3:cad>
          </ns3:TrackPointExtension>
        </extensions>
      </trkpt>
      <trkpt lat="31.1571107245981693267822265625" lon="121.20083316229283809661865234375">
        <ele>2.2000000476837158203125</ele>
        <time>2025-10-05T12:41:08.000Z</time>
        <extensions>
          <ns3:TrackPointExtension>
            <ns3:hr>151</ns3:hr>
            <ns3:cad>85</ns3:cad>
          </ns3:TrackPointExtension>
        </extensions>
      </trkpt>
      <trkpt lat="31.1571281589567661285400390625" lon="121.20085964910686016082763671875">
        <ele>2.2000000476837158203125</ele>
        <time>2025-10-05T12:41:09.000Z</time>
        <extensions>
          <ns3:TrackPointExtension>
            <ns3:hr>151</ns3:hr>
            <ns3:cad>85</ns3:cad>
          </ns3:TrackPointExtension>
        </extensions>
      </trkpt>
      <trkpt lat="31.157147772610187530517578125" lon="121.20087079703807830810546875">
        <ele>2.400000095367431640625</ele>
        <time>2025-10-05T12:41:10.000Z</time>
        <extensions>
          <ns3:TrackPointExtension>
            <ns3:hr>151</ns3:hr>
            <ns3:cad>85</ns3:cad>
          </ns3:TrackPointExtension>
        </extensions>
      </trkpt>
      <trkpt lat="31.15717031992971897125244140625" lon="121.2008736468851566314697265625">
        <ele>2.400000095367431640625</ele>
        <time>2025-10-05T12:41:11.000Z</time>
        <extensions>
          <ns3:TrackPointExtension>
            <ns3:hr>151</ns3:hr>
            <ns3:cad>86</ns3:cad>
          </ns3:TrackPointExtension>
        </extensions>
      </trkpt>
      <trkpt lat="31.1571958847343921661376953125" lon="121.2008719705045223236083984375">
        <ele>2.599999904632568359375</ele>
        <time>2025-10-05T12:41:12.000Z</time>
        <extensions>
          <ns3:TrackPointExtension>
            <ns3:hr>151</ns3:hr>
            <ns3:cad>86</ns3:cad>
          </ns3:TrackPointExtension>
        </extensions>
      </trkpt>
      <trkpt lat="31.15721574984490871429443359375" lon="121.20086920447647571563720703125">
        <ele>2.7999999523162841796875</ele>
        <time>2025-10-05T12:41:13.000Z</time>
        <extensions>
          <ns3:TrackPointExtension>
            <ns3:hr>151</ns3:hr>
            <ns3:cad>85</ns3:cad>
          </ns3:TrackPointExtension>
        </extensions>
      </trkpt>
      <trkpt lat="31.1572434939444065093994140625" lon="121.20086300186812877655029296875">
        <ele>2.7999999523162841796875</ele>
        <time>2025-10-05T12:41:14.000Z</time>
        <extensions>
          <ns3:TrackPointExtension>
            <ns3:hr>151</ns3:hr>
            <ns3:cad>84</ns3:cad>
          </ns3:TrackPointExtension>
        </extensions>
      </trkpt>
      <trkpt lat="31.157267130911350250244140625" lon="121.20085604488849639892578125">
        <ele>2.7999999523162841796875</ele>
        <time>2025-10-05T12:41:15.000Z</time>
        <extensions>
          <ns3:TrackPointExtension>
            <ns3:hr>152</ns3:hr>
            <ns3:cad>84</ns3:cad>
          </ns3:TrackPointExtension>
        </extensions>
      </trkpt>
      <trkpt lat="31.1572944559156894683837890625" lon="121.200848333537578582763671875">
        <ele>2.7999999523162841796875</ele>
        <time>2025-10-05T12:41:16.000Z</time>
        <extensions>
          <ns3:TrackPointExtension>
            <ns3:hr>152</ns3:hr>
            <ns3:cad>83</ns3:cad>
          </ns3:TrackPointExtension>
        </extensions>
      </trkpt>
      <trkpt lat="31.15732136182487010955810546875" lon="121.2008434720337390899658203125">
        <ele>2.7999999523162841796875</ele>
        <time>2025-10-05T12:41:17.000Z</time>
        <extensions>
          <ns3:TrackPointExtension>
            <ns3:hr>152</ns3:hr>
            <ns3:cad>83</ns3:cad>
          </ns3:TrackPointExtension>
        </extensions>
      </trkpt>
      <trkpt lat="31.15734902210533618927001953125" lon="121.20083701796829700469970703125">
        <ele>2.7999999523162841796875</ele>
        <time>2025-10-05T12:41:18.000Z</time>
        <extensions>
          <ns3:TrackPointExtension>
            <ns3:hr>152</ns3:hr>
            <ns3:cad>83</ns3:cad>
          </ns3:TrackPointExtension>
        </extensions>
      </trkpt>
      <trkpt lat="31.1573799513280391693115234375" lon="121.2008314020931720733642578125">
        <ele>2.7999999523162841796875</ele>
        <time>2025-10-05T12:41:19.000Z</time>
        <extensions>
          <ns3:TrackPointExtension>
            <ns3:hr>152</ns3:hr>
            <ns3:cad>86</ns3:cad>
          </ns3:TrackPointExtension>
        </extensions>
      </trkpt>
      <trkpt lat="31.15740585140883922576904296875" lon="121.200825870037078857421875">
        <ele>2.7999999523162841796875</ele>
        <time>2025-10-05T12:41:20.000Z</time>
        <extensions>
          <ns3:TrackPointExtension>
            <ns3:hr>153</ns3:hr>
            <ns3:cad>86</ns3:cad>
          </ns3:TrackPointExtension>
        </extensions>
      </trkpt>
      <trkpt lat="31.15743108093738555908203125" lon="121.20081723667681217193603515625">
        <ele>2.7999999523162841796875</ele>
        <time>2025-10-05T12:41:21.000Z</time>
        <extensions>
          <ns3:TrackPointExtension>
            <ns3:hr>153</ns3:hr>
            <ns3:cad>86</ns3:cad>
          </ns3:TrackPointExtension>
        </extensions>
      </trkpt>
      <trkpt lat="31.157456226646900177001953125" lon="121.20081044733524322509765625">
        <ele>2.7999999523162841796875</ele>
        <time>2025-10-05T12:41:22.000Z</time>
        <extensions>
          <ns3:TrackPointExtension>
            <ns3:hr>153</ns3:hr>
            <ns3:cad>86</ns3:cad>
          </ns3:TrackPointExtension>
        </extensions>
      </trkpt>
      <trkpt lat="31.15748983807861804962158203125" lon="121.20080483146011829376220703125">
        <ele>2.7999999523162841796875</ele>
        <time>2025-10-05T12:41:23.000Z</time>
        <extensions>
          <ns3:TrackPointExtension>
            <ns3:hr>153</ns3:hr>
            <ns3:cad>87</ns3:cad>
          </ns3:TrackPointExtension>
        </extensions>
      </trkpt>
      <trkpt lat="31.1575127206742763519287109375" lon="121.2007968686521053314208984375">
        <ele>2.599999904632568359375</ele>
        <time>2025-10-05T12:41:24.000Z</time>
        <extensions>
          <ns3:TrackPointExtension>
            <ns3:hr>153</ns3:hr>
            <ns3:cad>87</ns3:cad>
          </ns3:TrackPointExtension>
        </extensions>
      </trkpt>
      <trkpt lat="31.15753828547894954681396484375" lon="121.20079033076763153076171875">
        <ele>2.599999904632568359375</ele>
        <time>2025-10-05T12:41:25.000Z</time>
        <extensions>
          <ns3:TrackPointExtension>
            <ns3:hr>153</ns3:hr>
            <ns3:cad>87</ns3:cad>
          </ns3:TrackPointExtension>
        </extensions>
      </trkpt>
      <trkpt lat="31.1575663648545742034912109375" lon="121.20078387670218944549560546875">
        <ele>2.400000095367431640625</ele>
        <time>2025-10-05T12:41:26.000Z</time>
        <extensions>
          <ns3:TrackPointExtension>
            <ns3:hr>154</ns3:hr>
            <ns3:cad>87</ns3:cad>
          </ns3:TrackPointExtension>
        </extensions>
      </trkpt>
      <trkpt lat="31.15758874453604221343994140625" lon="121.20077867992222309112548828125">
        <ele>2.400000095367431640625</ele>
        <time>2025-10-05T12:41:27.000Z</time>
        <extensions>
          <ns3:TrackPointExtension>
            <ns3:hr>154</ns3:hr>
            <ns3:cad>87</ns3:cad>
          </ns3:TrackPointExtension>
        </extensions>
      </trkpt>
      <trkpt lat="31.15761707536876201629638671875" lon="121.20077155530452728271484375">
        <ele>2.2000000476837158203125</ele>
        <time>2025-10-05T12:41:28.000Z</time>
        <extensions>
          <ns3:TrackPointExtension>
            <ns3:hr>154</ns3:hr>
            <ns3:cad>86</ns3:cad>
          </ns3:TrackPointExtension>
        </extensions>
      </trkpt>
      <trkpt lat="31.15764121524989604949951171875" lon="121.20076484978199005126953125">
        <ele>2.2000000476837158203125</ele>
        <time>2025-10-05T12:41:29.000Z</time>
        <extensions>
          <ns3:TrackPointExtension>
            <ns3:hr>154</ns3:hr>
            <ns3:cad>86</ns3:cad>
          </ns3:TrackPointExtension>
        </extensions>
      </trkpt>
      <trkpt lat="31.1576719768345355987548828125" lon="121.2007566355168819427490234375">
        <ele>2</ele>
        <time>2025-10-05T12:41:30.000Z</time>
        <extensions>
          <ns3:TrackPointExtension>
            <ns3:hr>154</ns3:hr>
            <ns3:cad>86</ns3:cad>
          </ns3:TrackPointExtension>
        </extensions>
      </trkpt>
      <trkpt lat="31.157695949077606201171875" lon="121.20074833743274211883544921875">
        <ele>2</ele>
        <time>2025-10-05T12:41:31.000Z</time>
        <extensions>
          <ns3:TrackPointExtension>
            <ns3:hr>154</ns3:hr>
            <ns3:cad>87</ns3:cad>
          </ns3:TrackPointExtension>
        </extensions>
      </trkpt>
      <trkpt lat="31.157723776996135711669921875" lon="121.20073911733925342559814453125">
        <ele>2</ele>
        <time>2025-10-05T12:41:32.000Z</time>
        <extensions>
          <ns3:TrackPointExtension>
            <ns3:hr>154</ns3:hr>
            <ns3:cad>87</ns3:cad>
          </ns3:TrackPointExtension>
        </extensions>
      </trkpt>
      <trkpt lat="31.157749257981777191162109375" lon="121.2007321603596210479736328125">
        <ele>2</ele>
        <time>2025-10-05T12:41:33.000Z</time>
        <extensions>
          <ns3:TrackPointExtension>
            <ns3:hr>154</ns3:hr>
            <ns3:cad>86</ns3:cad>
          </ns3:TrackPointExtension>
        </extensions>
      </trkpt>
      <trkpt lat="31.1577737331390380859375" lon="121.20072520337998867034912109375">
        <ele>2</ele>
        <time>2025-10-05T12:41:34.000Z</time>
        <extensions>
          <ns3:TrackPointExtension>
            <ns3:hr>154</ns3:hr>
            <ns3:cad>86</ns3:cad>
          </ns3:TrackPointExtension>
        </extensions>
      </trkpt>
      <trkpt lat="31.15779762156307697296142578125" lon="121.2007214315235614776611328125">
        <ele>1.7999999523162841796875</ele>
        <time>2025-10-05T12:41:35.000Z</time>
        <extensions>
          <ns3:TrackPointExtension>
            <ns3:hr>155</ns3:hr>
            <ns3:cad>86</ns3:cad>
          </ns3:TrackPointExtension>
        </extensions>
      </trkpt>
      <trkpt lat="31.15782058797776699066162109375" lon="121.2007150612771511077880859375">
        <ele>2</ele>
        <time>2025-10-05T12:41:36.000Z</time>
        <extensions>
          <ns3:TrackPointExtension>
            <ns3:hr>155</ns3:hr>
            <ns3:cad>86</ns3:cad>
          </ns3:TrackPointExtension>
        </extensions>
      </trkpt>
      <trkpt lat="31.15784414112567901611328125" lon="121.20070986449718475341796875">
        <ele>2</ele>
        <time>2025-10-05T12:41:37.000Z</time>
        <extensions>
          <ns3:TrackPointExtension>
            <ns3:hr>155</ns3:hr>
            <ns3:cad>86</ns3:cad>
          </ns3:TrackPointExtension>
        </extensions>
      </trkpt>
      <trkpt lat="31.1578624136745929718017578125" lon="121.20070450007915496826171875">
        <ele>1.7999999523162841796875</ele>
        <time>2025-10-05T12:41:38.000Z</time>
        <extensions>
          <ns3:TrackPointExtension>
            <ns3:hr>155</ns3:hr>
            <ns3:cad>86</ns3:cad>
          </ns3:TrackPointExtension>
        </extensions>
      </trkpt>
      <trkpt lat="31.157887391746044158935546875" lon="121.20070139877498149871826171875">
        <ele>2</ele>
        <time>2025-10-05T12:41:39.000Z</time>
        <extensions>
          <ns3:TrackPointExtension>
            <ns3:hr>155</ns3:hr>
            <ns3:cad>86</ns3:cad>
          </ns3:TrackPointExtension>
        </extensions>
      </trkpt>
      <trkpt lat="31.15790423937141895294189453125" lon="121.20069435797631740570068359375">
        <ele>2</ele>
        <time>2025-10-05T12:41:40.000Z</time>
        <extensions>
          <ns3:TrackPointExtension>
            <ns3:hr>155</ns3:hr>
            <ns3:cad>86</ns3:cad>
          </ns3:TrackPointExtension>
        </extensions>
      </trkpt>
      <trkpt lat="31.15792485885322093963623046875" lon="121.20069066993892192840576171875">
        <ele>2</ele>
        <time>2025-10-05T12:41:41.000Z</time>
        <extensions>
          <ns3:TrackPointExtension>
            <ns3:hr>155</ns3:hr>
            <ns3:cad>87</ns3:cad>
          </ns3:TrackPointExtension>
        </extensions>
      </trkpt>
      <trkpt lat="31.15794514305889606475830078125" lon="121.2006875686347484588623046875">
        <ele>2</ele>
        <time>2025-10-05T12:41:42.000Z</time>
        <extensions>
          <ns3:TrackPointExtension>
            <ns3:hr>155</ns3:hr>
            <ns3:cad>87</ns3:cad>
          </ns3:TrackPointExtension>
        </extensions>
      </trkpt>
      <trkpt lat="31.15796173922717571258544921875" lon="121.200679354369640350341796875">
        <ele>2</ele>
        <time>2025-10-05T12:41:43.000Z</time>
        <extensions>
          <ns3:TrackPointExtension>
            <ns3:hr>155</ns3:hr>
            <ns3:cad>86</ns3:cad>
          </ns3:TrackPointExtension>
        </extensions>
      </trkpt>
      <trkpt lat="31.15798386745154857635498046875" lon="121.20067172683775424957275390625">
        <ele>2</ele>
        <time>2025-10-05T12:41:44.000Z</time>
        <extensions>
          <ns3:TrackPointExtension>
            <ns3:hr>155</ns3:hr>
            <ns3:cad>86</ns3:cad>
          </ns3:TrackPointExtension>
        </extensions>
      </trkpt>
      <trkpt lat="31.15800666622817516326904296875" lon="121.20066653005778789520263671875">
        <ele>2</ele>
        <time>2025-10-05T12:41:45.000Z</time>
        <extensions>
          <ns3:TrackPointExtension>
            <ns3:hr>155</ns3:hr>
            <ns3:cad>85</ns3:cad>
          </ns3:TrackPointExtension>
        </extensions>
      </trkpt>
      <trkpt lat="31.1580350808799266815185546875" lon="121.2006590701639652252197265625">
        <ele>2</ele>
        <time>2025-10-05T12:41:46.000Z</time>
        <extensions>
          <ns3:TrackPointExtension>
            <ns3:hr>155</ns3:hr>
            <ns3:cad>85</ns3:cad>
          </ns3:TrackPointExtension>
        </extensions>
      </trkpt>
      <trkpt lat="31.15805779583752155303955078125" lon="121.2006577290594577789306640625">
        <ele>2</ele>
        <time>2025-10-05T12:41:47.000Z</time>
        <extensions>
          <ns3:TrackPointExtension>
            <ns3:hr>155</ns3:hr>
            <ns3:cad>86</ns3:cad>
          </ns3:TrackPointExtension>
        </extensions>
      </trkpt>
      <trkpt lat="31.1580796726047992706298828125" lon="121.20065462775528430938720703125">
        <ele>2</ele>
        <time>2025-10-05T12:41:48.000Z</time>
        <extensions>
          <ns3:TrackPointExtension>
            <ns3:hr>155</ns3:hr>
            <ns3:cad>86</ns3:cad>
          </ns3:TrackPointExtension>
        </extensions>
      </trkpt>
      <trkpt lat="31.15810456685721874237060546875" lon="121.200654208660125732421875">
        <ele>2</ele>
        <time>2025-10-05T12:41:49.000Z</time>
        <extensions>
          <ns3:TrackPointExtension>
            <ns3:hr>155</ns3:hr>
            <ns3:cad>86</ns3:cad>
          </ns3:TrackPointExtension>
        </extensions>
      </trkpt>
      <trkpt lat="31.15812535397708415985107421875" lon="121.20064775459468364715576171875">
        <ele>2</ele>
        <time>2025-10-05T12:41:50.000Z</time>
        <extensions>
          <ns3:TrackPointExtension>
            <ns3:hr>154</ns3:hr>
            <ns3:cad>86</ns3:cad>
          </ns3:TrackPointExtension>
        </extensions>
      </trkpt>
      <trkpt lat="31.1581452190876007080078125" lon="121.20063987560570240020751953125">
        <ele>2</ele>
        <time>2025-10-05T12:41:51.000Z</time>
        <extensions>
          <ns3:TrackPointExtension>
            <ns3:hr>155</ns3:hr>
            <ns3:cad>86</ns3:cad>
          </ns3:TrackPointExtension>
        </extensions>
      </trkpt>
      <trkpt lat="31.158165670931339263916015625" lon="121.20063350535929203033447265625">
        <ele>2</ele>
        <time>2025-10-05T12:41:52.000Z</time>
        <extensions>
          <ns3:TrackPointExtension>
            <ns3:hr>154</ns3:hr>
            <ns3:cad>86</ns3:cad>
          </ns3:TrackPointExtension>
        </extensions>
      </trkpt>
      <trkpt lat="31.1581943370401859283447265625" lon="121.20062881149351596832275390625">
        <ele>2</ele>
        <time>2025-10-05T12:41:53.000Z</time>
        <extensions>
          <ns3:TrackPointExtension>
            <ns3:hr>154</ns3:hr>
            <ns3:cad>86</ns3:cad>
          </ns3:TrackPointExtension>
        </extensions>
      </trkpt>
      <trkpt lat="31.1582111008465290069580078125" lon="121.20061607100069522857666015625">
        <ele>2</ele>
        <time>2025-10-05T12:41:54.000Z</time>
        <extensions>
          <ns3:TrackPointExtension>
            <ns3:hr>154</ns3:hr>
            <ns3:cad>86</ns3:cad>
          </ns3:TrackPointExtension>
        </extensions>
      </trkpt>
      <trkpt lat="31.1582389287650585174560546875" lon="121.2006032466888427734375">
        <ele>2</ele>
        <time>2025-10-05T12:41:55.000Z</time>
        <extensions>
          <ns3:TrackPointExtension>
            <ns3:hr>154</ns3:hr>
            <ns3:cad>86</ns3:cad>
          </ns3:TrackPointExtension>
        </extensions>
      </trkpt>
      <trkpt lat="31.15826415829360485076904296875" lon="121.200595535337924957275390625">
        <ele>2</ele>
        <time>2025-10-05T12:41:56.000Z</time>
        <extensions>
          <ns3:TrackPointExtension>
            <ns3:hr>154</ns3:hr>
            <ns3:cad>86</ns3:cad>
          </ns3:TrackPointExtension>
        </extensions>
      </trkpt>
      <trkpt lat="31.1582892201840877532958984375" lon="121.20059209875762462615966796875">
        <ele>2</ele>
        <time>2025-10-05T12:41:57.000Z</time>
        <extensions>
          <ns3:TrackPointExtension>
            <ns3:hr>154</ns3:hr>
            <ns3:cad>86</ns3:cad>
          </ns3:TrackPointExtension>
        </extensions>
      </trkpt>
      <trkpt lat="31.1583160422742366790771484375" lon="121.2005853094160556793212890625">
        <ele>2</ele>
        <time>2025-10-05T12:41:58.000Z</time>
        <extensions>
          <ns3:TrackPointExtension>
            <ns3:hr>153</ns3:hr>
            <ns3:cad>87</ns3:cad>
          </ns3:TrackPointExtension>
        </extensions>
      </trkpt>
      <trkpt lat="31.1583383381366729736328125" lon="121.2005817890167236328125">
        <ele>2</ele>
        <time>2025-10-05T12:41:59.000Z</time>
        <extensions>
          <ns3:TrackPointExtension>
            <ns3:hr>153</ns3:hr>
            <ns3:cad>87</ns3:cad>
          </ns3:TrackPointExtension>
        </extensions>
      </trkpt>
      <trkpt lat="31.15836448967456817626953125" lon="121.2005836330354213714599609375">
        <ele>2</ele>
        <time>2025-10-05T12:42:00.000Z</time>
        <extensions>
          <ns3:TrackPointExtension>
            <ns3:hr>153</ns3:hr>
            <ns3:cad>87</ns3:cad>
          </ns3:TrackPointExtension>
        </extensions>
      </trkpt>
      <trkpt lat="31.15838536061346530914306640625" lon="121.20058338157832622528076171875">
        <ele>2</ele>
        <time>2025-10-05T12:42:01.000Z</time>
        <extensions>
          <ns3:TrackPointExtension>
            <ns3:hr>154</ns3:hr>
            <ns3:cad>87</ns3:cad>
          </ns3:TrackPointExtension>
        </extensions>
      </trkpt>
      <trkpt lat="31.158413775265216827392578125" lon="121.200579106807708740234375">
        <ele>2</ele>
        <time>2025-10-05T12:42:02.000Z</time>
        <extensions>
          <ns3:TrackPointExtension>
            <ns3:hr>153</ns3:hr>
            <ns3:cad>87</ns3:cad>
          </ns3:TrackPointExtension>
        </extensions>
      </trkpt>
      <trkpt lat="31.158435903489589691162109375" lon="121.2005705572664737701416015625">
        <ele>2</ele>
        <time>2025-10-05T12:42:03.000Z</time>
        <extensions>
          <ns3:TrackPointExtension>
            <ns3:hr>153</ns3:hr>
            <ns3:cad>87</ns3:cad>
          </ns3:TrackPointExtension>
        </extensions>
      </trkpt>
      <trkpt lat="31.15846180357038974761962890625" lon="121.20056561194360256195068359375">
        <ele>2</ele>
        <time>2025-10-05T12:42:04.000Z</time>
        <extensions>
          <ns3:TrackPointExtension>
            <ns3:hr>154</ns3:hr>
            <ns3:cad>87</ns3:cad>
          </ns3:TrackPointExtension>
        </extensions>
      </trkpt>
      <trkpt lat="31.15848443470895290374755859375" lon="121.20056158863008022308349609375">
        <ele>2</ele>
        <time>2025-10-05T12:42:05.000Z</time>
        <extensions>
          <ns3:TrackPointExtension>
            <ns3:hr>153</ns3:hr>
            <ns3:cad>87</ns3:cad>
          </ns3:TrackPointExtension>
        </extensions>
      </trkpt>
      <trkpt lat="31.1585094965994358062744140625" lon="121.20055723004043102264404296875">
        <ele>2</ele>
        <time>2025-10-05T12:42:06.000Z</time>
        <extensions>
          <ns3:TrackPointExtension>
            <ns3:hr>154</ns3:hr>
            <ns3:cad>87</ns3:cad>
          </ns3:TrackPointExtension>
        </extensions>
      </trkpt>
      <trkpt lat="31.15853405557572841644287109375" lon="121.200551278889179229736328125">
        <ele>2</ele>
        <time>2025-10-05T12:42:07.000Z</time>
        <extensions>
          <ns3:TrackPointExtension>
            <ns3:hr>154</ns3:hr>
            <ns3:cad>87</ns3:cad>
          </ns3:TrackPointExtension>
        </extensions>
      </trkpt>
      <trkpt lat="31.1585594527423381805419921875" lon="121.2005482614040374755859375">
        <ele>2</ele>
        <time>2025-10-05T12:42:08.000Z</time>
        <extensions>
          <ns3:TrackPointExtension>
            <ns3:hr>154</ns3:hr>
            <ns3:cad>87</ns3:cad>
          </ns3:TrackPointExtension>
        </extensions>
      </trkpt>
      <trkpt lat="31.15858434699475765228271484375" lon="121.20054784230887889862060546875">
        <ele>2.2000000476837158203125</ele>
        <time>2025-10-05T12:42:09.000Z</time>
        <extensions>
          <ns3:TrackPointExtension>
            <ns3:hr>153</ns3:hr>
            <ns3:cad>87</ns3:cad>
          </ns3:TrackPointExtension>
        </extensions>
      </trkpt>
      <trkpt lat="31.15860496647655963897705078125" lon="121.20054624974727630615234375">
        <ele>2.2000000476837158203125</ele>
        <time>2025-10-05T12:42:10.000Z</time>
        <extensions>
          <ns3:TrackPointExtension>
            <ns3:hr>154</ns3:hr>
            <ns3:cad>87</ns3:cad>
          </ns3:TrackPointExtension>
        </extensions>
      </trkpt>
      <trkpt lat="31.15862793289124965667724609375" lon="121.2005417235195636749267578125">
        <ele>2.2000000476837158203125</ele>
        <time>2025-10-05T12:42:11.000Z</time>
        <extensions>
          <ns3:TrackPointExtension>
            <ns3:hr>154</ns3:hr>
            <ns3:cad>87</ns3:cad>
          </ns3:TrackPointExtension>
        </extensions>
      </trkpt>
      <trkpt lat="31.15864821709692478179931640625" lon="121.2005388736724853515625">
        <ele>2.2000000476837158203125</ele>
        <time>2025-10-05T12:42:12.000Z</time>
        <extensions>
          <ns3:TrackPointExtension>
            <ns3:hr>153</ns3:hr>
            <ns3:cad>87</ns3:cad>
          </ns3:TrackPointExtension>
        </extensions>
      </trkpt>
      <trkpt lat="31.15866984240710735321044921875" lon="121.20053007267415523529052734375">
        <ele>2.2000000476837158203125</ele>
        <time>2025-10-05T12:42:13.000Z</time>
        <extensions>
          <ns3:TrackPointExtension>
            <ns3:hr>154</ns3:hr>
            <ns3:cad>88</ns3:cad>
          </ns3:TrackPointExtension>
        </extensions>
      </trkpt>
      <trkpt lat="31.1586938984692096710205078125" lon="121.20052169077098369598388671875">
        <ele>2.2000000476837158203125</ele>
        <time>2025-10-05T12:42:14.000Z</time>
        <extensions>
          <ns3:TrackPointExtension>
            <ns3:hr>154</ns3:hr>
            <ns3:cad>88</ns3:cad>
          </ns3:TrackPointExtension>
        </extensions>
      </trkpt>
      <trkpt lat="31.15872113965451717376708984375" lon="121.20051314122974872589111328125">
        <ele>2.2000000476837158203125</ele>
        <time>2025-10-05T12:42:15.000Z</time>
        <extensions>
          <ns3:TrackPointExtension>
            <ns3:hr>153</ns3:hr>
            <ns3:cad>88</ns3:cad>
          </ns3:TrackPointExtension>
        </extensions>
      </trkpt>
      <trkpt lat="31.1587428487837314605712890625" lon="121.20050626806914806365966796875">
        <ele>2</ele>
        <time>2025-10-05T12:42:16.000Z</time>
        <extensions>
          <ns3:TrackPointExtension>
            <ns3:hr>153</ns3:hr>
            <ns3:cad>87</ns3:cad>
          </ns3:TrackPointExtension>
        </extensions>
      </trkpt>
      <trkpt lat="31.15876439027488231658935546875" lon="121.20049553923308849334716796875">
        <ele>2</ele>
        <time>2025-10-05T12:42:17.000Z</time>
        <extensions>
          <ns3:TrackPointExtension>
            <ns3:hr>153</ns3:hr>
            <ns3:cad>88</ns3:cad>
          </ns3:TrackPointExtension>
        </extensions>
      </trkpt>
      <trkpt lat="31.15878903307020664215087890625" lon="121.200486905872821807861328125">
        <ele>2</ele>
        <time>2025-10-05T12:42:18.000Z</time>
        <extensions>
          <ns3:TrackPointExtension>
            <ns3:hr>153</ns3:hr>
            <ns3:cad>87</ns3:cad>
          </ns3:TrackPointExtension>
        </extensions>
      </trkpt>
      <trkpt lat="31.15881166420876979827880859375" lon="121.20047919452190399169921875">
        <ele>2</ele>
        <time>2025-10-05T12:42:19.000Z</time>
        <extensions>
          <ns3:TrackPointExtension>
            <ns3:hr>153</ns3:hr>
            <ns3:cad>87</ns3:cad>
          </ns3:TrackPointExtension>
        </extensions>
      </trkpt>
      <trkpt lat="31.1588372290134429931640625" lon="121.2004719860851764678955078125">
        <ele>2</ele>
        <time>2025-10-05T12:42:20.000Z</time>
        <extensions>
          <ns3:TrackPointExtension>
            <ns3:hr>154</ns3:hr>
            <ns3:cad>87</ns3:cad>
          </ns3:TrackPointExtension>
        </extensions>
      </trkpt>
      <trkpt lat="31.1588598601520061492919921875" lon="121.20047072879970073699951171875">
        <ele>2</ele>
        <time>2025-10-05T12:42:21.000Z</time>
        <extensions>
          <ns3:TrackPointExtension>
            <ns3:hr>153</ns3:hr>
            <ns3:cad>86</ns3:cad>
          </ns3:TrackPointExtension>
        </extensions>
      </trkpt>
      <trkpt lat="31.158885844051837921142578125" lon="121.200465448200702667236328125">
        <ele>2</ele>
        <time>2025-10-05T12:42:22.000Z</time>
        <extensions>
          <ns3:TrackPointExtension>
            <ns3:hr>154</ns3:hr>
            <ns3:cad>85</ns3:cad>
          </ns3:TrackPointExtension>
        </extensions>
      </trkpt>
      <trkpt lat="31.158885844051837921142578125" lon="121.200465448200702667236328125">
        <ele>2</ele>
        <time>2025-10-05T12:42:23.000Z</time>
        <extensions>
          <ns3:TrackPointExtension>
            <ns3:hr>154</ns3:hr>
            <ns3:cad>84</ns3:cad>
          </ns3:TrackPointExtension>
        </extensions>
      </trkpt>
      <trkpt lat="31.15893756039440631866455078125" lon="121.20045446790754795074462890625">
        <ele>1.7999999523162841796875</ele>
        <time>2025-10-05T12:42:24.000Z</time>
        <extensions>
          <ns3:TrackPointExtension>
            <ns3:hr>154</ns3:hr>
            <ns3:cad>84</ns3:cad>
          </ns3:TrackPointExtension>
        </extensions>
      </trkpt>
      <trkpt lat="31.158958934247493743896484375" lon="121.2004463374614715576171875">
        <ele>2</ele>
        <time>2025-10-05T12:42:25.000Z</time>
        <extensions>
          <ns3:TrackPointExtension>
            <ns3:hr>153</ns3:hr>
            <ns3:cad>86</ns3:cad>
          </ns3:TrackPointExtension>
        </extensions>
      </trkpt>
      <trkpt lat="31.15897829644381999969482421875" lon="121.20044139213860034942626953125">
        <ele>2</ele>
        <time>2025-10-05T12:42:26.000Z</time>
        <extensions>
          <ns3:TrackPointExtension>
            <ns3:hr>154</ns3:hr>
            <ns3:cad>87</ns3:cad>
          </ns3:TrackPointExtension>
        </extensions>
      </trkpt>
      <trkpt lat="31.15900310687720775604248046875" lon="121.20043820701539516448974609375">
        <ele>2</ele>
        <time>2025-10-05T12:42:27.000Z</time>
        <extensions>
          <ns3:TrackPointExtension>
            <ns3:hr>154</ns3:hr>
            <ns3:cad>87</ns3:cad>
          </ns3:TrackPointExtension>
        </extensions>
      </trkpt>
      <trkpt lat="31.15902456454932689666748046875" lon="121.2004347704350948333740234375">
        <ele>2</ele>
        <time>2025-10-05T12:42:28.000Z</time>
        <extensions>
          <ns3:TrackPointExtension>
            <ns3:hr>154</ns3:hr>
            <ns3:cad>87</ns3:cad>
          </ns3:TrackPointExtension>
        </extensions>
      </trkpt>
      <trkpt lat="31.1590489558875560760498046875" lon="121.20043091475963592529296875">
        <ele>2</ele>
        <time>2025-10-05T12:42:29.000Z</time>
        <extensions>
          <ns3:TrackPointExtension>
            <ns3:hr>154</ns3:hr>
            <ns3:cad>87</ns3:cad>
          </ns3:TrackPointExtension>
        </extensions>
      </trkpt>
      <trkpt lat="31.1590759456157684326171875" lon="121.2004263885319232940673828125">
        <ele>2</ele>
        <time>2025-10-05T12:42:30.000Z</time>
        <extensions>
          <ns3:TrackPointExtension>
            <ns3:hr>153</ns3:hr>
            <ns3:cad>87</ns3:cad>
          </ns3:TrackPointExtension>
        </extensions>
      </trkpt>
      <trkpt lat="31.15910343825817108154296875" lon="121.2004213593900203704833984375">
        <ele>2</ele>
        <time>2025-10-05T12:42:31.000Z</time>
        <extensions>
          <ns3:TrackPointExtension>
            <ns3:hr>154</ns3:hr>
            <ns3:cad>87</ns3:cad>
          </ns3:TrackPointExtension>
        </extensions>
      </trkpt>
      <trkpt lat="31.15912917070090770721435546875" lon="121.20041607879102230072021484375">
        <ele>2</ele>
        <time>2025-10-05T12:42:32.000Z</time>
        <extensions>
          <ns3:TrackPointExtension>
            <ns3:hr>154</ns3:hr>
            <ns3:cad>87</ns3:cad>
          </ns3:TrackPointExtension>
        </extensions>
      </trkpt>
      <trkpt lat="31.15915230475366115570068359375" lon="121.2004101276397705078125">
        <ele>2</ele>
        <time>2025-10-05T12:42:33.000Z</time>
        <extensions>
          <ns3:TrackPointExtension>
            <ns3:hr>154</ns3:hr>
            <ns3:cad>87</ns3:cad>
          </ns3:TrackPointExtension>
        </extensions>
      </trkpt>
      <trkpt lat="31.1591780371963977813720703125" lon="121.20040635578334331512451171875">
        <ele>1.7999999523162841796875</ele>
        <time>2025-10-05T12:42:34.000Z</time>
        <extensions>
          <ns3:TrackPointExtension>
            <ns3:hr>153</ns3:hr>
            <ns3:cad>87</ns3:cad>
          </ns3:TrackPointExtension>
        </extensions>
      </trkpt>
      <trkpt lat="31.1591993272304534912109375" lon="121.20039998553693294525146484375">
        <ele>1.7999999523162841796875</ele>
        <time>2025-10-05T12:42:35.000Z</time>
        <extensions>
          <ns3:TrackPointExtension>
            <ns3:hr>154</ns3:hr>
            <ns3:cad>86</ns3:cad>
          </ns3:TrackPointExtension>
        </extensions>
      </trkpt>
      <trkpt lat="31.15922707132995128631591796875" lon="121.20039629749953746795654296875">
        <ele>1.7999999523162841796875</ele>
        <time>2025-10-05T12:42:36.000Z</time>
        <extensions>
          <ns3:TrackPointExtension>
            <ns3:hr>154</ns3:hr>
            <ns3:cad>86</ns3:cad>
          </ns3:TrackPointExtension>
        </extensions>
      </trkpt>
      <trkpt lat="31.159247942268848419189453125" lon="121.20039965026080608367919921875">
        <ele>2</ele>
        <time>2025-10-05T12:42:37.000Z</time>
        <extensions>
          <ns3:TrackPointExtension>
            <ns3:hr>153</ns3:hr>
            <ns3:cad>86</ns3:cad>
          </ns3:TrackPointExtension>
        </extensions>
      </trkpt>
      <trkpt lat="31.15927535109221935272216796875" lon="121.200394369661808013916015625">
        <ele>2</ele>
        <time>2025-10-05T12:42:38.000Z</time>
        <extensions>
          <ns3:TrackPointExtension>
            <ns3:hr>154</ns3:hr>
            <ns3:cad>86</ns3:cad>
          </ns3:TrackPointExtension>
        </extensions>
      </trkpt>
      <trkpt lat="31.15929714404046535491943359375" lon="121.20038456283509731292724609375">
        <ele>2</ele>
        <time>2025-10-05T12:42:39.000Z</time>
        <extensions>
          <ns3:TrackPointExtension>
            <ns3:hr>154</ns3:hr>
            <ns3:cad>86</ns3:cad>
          </ns3:TrackPointExtension>
        </extensions>
      </trkpt>
      <trkpt lat="31.15932061336934566497802734375" lon="121.200380958616733551025390625">
        <ele>2</ele>
        <time>2025-10-05T12:42:40.000Z</time>
        <extensions>
          <ns3:TrackPointExtension>
            <ns3:hr>154</ns3:hr>
            <ns3:cad>87</ns3:cad>
          </ns3:TrackPointExtension>
        </extensions>
      </trkpt>
      <trkpt lat="31.15934693254530429840087890625" lon="121.2003767676651477813720703125">
        <ele>2</ele>
        <time>2025-10-05T12:42:41.000Z</time>
        <extensions>
          <ns3:TrackPointExtension>
            <ns3:hr>154</ns3:hr>
            <ns3:cad>87</ns3:cad>
          </ns3:TrackPointExtension>
        </extensions>
      </trkpt>
      <trkpt lat="31.159368641674518585205078125" lon="121.2003683857619762420654296875">
        <ele>1.7999999523162841796875</ele>
        <time>2025-10-05T12:42:42.000Z</time>
        <extensions>
          <ns3:TrackPointExtension>
            <ns3:hr>154</ns3:hr>
            <ns3:cad>86</ns3:cad>
          </ns3:TrackPointExtension>
        </extensions>
      </trkpt>
      <trkpt lat="31.15939169190824031829833984375" lon="121.20036126114428043365478515625">
        <ele>1.7999999523162841796875</ele>
        <time>2025-10-05T12:42:43.000Z</time>
        <extensions>
          <ns3:TrackPointExtension>
            <ns3:hr>153</ns3:hr>
            <ns3:cad>86</ns3:cad>
          </ns3:TrackPointExtension>
        </extensions>
      </trkpt>
      <trkpt lat="31.15941314958035945892333984375" lon="121.2003569863736629486083984375">
        <ele>2</ele>
        <time>2025-10-05T12:42:44.000Z</time>
        <extensions>
          <ns3:TrackPointExtension>
            <ns3:hr>154</ns3:hr>
            <ns3:cad>86</ns3:cad>
          </ns3:TrackPointExtension>
        </extensions>
      </trkpt>
      <trkpt lat="31.15943762473762035369873046875" lon="121.20035178959369659423828125">
        <ele>2</ele>
        <time>2025-10-05T12:42:45.000Z</time>
        <extensions>
          <ns3:TrackPointExtension>
            <ns3:hr>154</ns3:hr>
            <ns3:cad>86</ns3:cad>
          </ns3:TrackPointExtension>
        </extensions>
      </trkpt>
      <trkpt lat="31.1594633571803569793701171875" lon="121.200350113213062286376953125">
        <ele>2</ele>
        <time>2025-10-05T12:42:46.000Z</time>
        <extensions>
          <ns3:TrackPointExtension>
            <ns3:hr>153</ns3:hr>
            <ns3:cad>86</ns3:cad>
          </ns3:TrackPointExtension>
        </extensions>
      </trkpt>
      <trkpt lat="31.1594890058040618896484375" lon="121.20034483261406421661376953125">
        <ele>2</ele>
        <time>2025-10-05T12:42:47.000Z</time>
        <extensions>
          <ns3:TrackPointExtension>
            <ns3:hr>153</ns3:hr>
            <ns3:cad>86</ns3:cad>
          </ns3:TrackPointExtension>
        </extensions>
      </trkpt>
      <trkpt lat="31.15951113402843475341796875" lon="121.20033443905413150787353515625">
        <ele>2</ele>
        <time>2025-10-05T12:42:48.000Z</time>
        <extensions>
          <ns3:TrackPointExtension>
            <ns3:hr>153</ns3:hr>
            <ns3:cad>86</ns3:cad>
          </ns3:TrackPointExtension>
        </extensions>
      </trkpt>
      <trkpt lat="31.1595341004431247711181640625" lon="121.200329326093196868896484375">
        <ele>2</ele>
        <time>2025-10-05T12:42:49.000Z</time>
        <extensions>
          <ns3:TrackPointExtension>
            <ns3:hr>153</ns3:hr>
            <ns3:cad>86</ns3:cad>
          </ns3:TrackPointExtension>
        </extensions>
      </trkpt>
      <trkpt lat="31.15955673158168792724609375" lon="121.2003242969512939453125">
        <ele>1.7999999523162841796875</ele>
        <time>2025-10-05T12:42:50.000Z</time>
        <extensions>
          <ns3:TrackPointExtension>
            <ns3:hr>154</ns3:hr>
            <ns3:cad>86</ns3:cad>
          </ns3:TrackPointExtension>
        </extensions>
      </trkpt>
      <trkpt lat="31.1595813743770122528076171875" lon="121.200321950018405914306640625">
        <ele>1.7999999523162841796875</ele>
        <time>2025-10-05T12:42:51.000Z</time>
        <extensions>
          <ns3:TrackPointExtension>
            <ns3:hr>153</ns3:hr>
            <ns3:cad>86</ns3:cad>
          </ns3:TrackPointExtension>
        </extensions>
      </trkpt>
      <trkpt lat="31.1596081964671611785888671875" lon="121.20031784288585186004638671875">
        <ele>1.7999999523162841796875</ele>
        <time>2025-10-05T12:42:52.000Z</time>
        <extensions>
          <ns3:TrackPointExtension>
            <ns3:hr>154</ns3:hr>
            <ns3:cad>86</ns3:cad>
          </ns3:TrackPointExtension>
        </extensions>
      </trkpt>
      <trkpt lat="31.15963091142475605010986328125" lon="121.200313568115234375">
        <ele>1.7999999523162841796875</ele>
        <time>2025-10-05T12:42:53.000Z</time>
        <extensions>
          <ns3:TrackPointExtension>
            <ns3:hr>153</ns3:hr>
            <ns3:cad>86</ns3:cad>
          </ns3:TrackPointExtension>
        </extensions>
      </trkpt>
      <trkpt lat="31.1596526205539703369140625" lon="121.20030946098268032073974609375">
        <ele>1.7999999523162841796875</ele>
        <time>2025-10-05T12:42:54.000Z</time>
        <extensions>
          <ns3:TrackPointExtension>
            <ns3:hr>154</ns3:hr>
            <ns3:cad>86</ns3:cad>
          </ns3:TrackPointExtension>
        </extensions>
      </trkpt>
      <trkpt lat="31.1596765927970409393310546875" lon="121.20030208490788936614990234375">
        <ele>1.7999999523162841796875</ele>
        <time>2025-10-05T12:42:55.000Z</time>
        <extensions>
          <ns3:TrackPointExtension>
            <ns3:hr>153</ns3:hr>
            <ns3:cad>86</ns3:cad>
          </ns3:TrackPointExtension>
        </extensions>
      </trkpt>
      <trkpt lat="31.15969947539269924163818359375" lon="121.20029755868017673492431640625">
        <ele>1.7999999523162841796875</ele>
        <time>2025-10-05T12:42:56.000Z</time>
        <extensions>
          <ns3:TrackPointExtension>
            <ns3:hr>153</ns3:hr>
            <ns3:cad>86</ns3:cad>
          </ns3:TrackPointExtension>
        </extensions>
      </trkpt>
      <trkpt lat="31.1597201786935329437255859375" lon="121.200292445719242095947265625">
        <ele>1.7999999523162841796875</ele>
        <time>2025-10-05T12:42:57.000Z</time>
        <extensions>
          <ns3:TrackPointExtension>
            <ns3:hr>153</ns3:hr>
            <ns3:cad>86</ns3:cad>
          </ns3:TrackPointExtension>
        </extensions>
      </trkpt>
      <trkpt lat="31.159739792346954345703125" lon="121.200284063816070556640625">
        <ele>1.7999999523162841796875</ele>
        <time>2025-10-05T12:42:58.000Z</time>
        <extensions>
          <ns3:TrackPointExtension>
            <ns3:hr>154</ns3:hr>
            <ns3:cad>86</ns3:cad>
          </ns3:TrackPointExtension>
        </extensions>
      </trkpt>
      <trkpt lat="31.159766949713230133056640625" lon="121.20027668774127960205078125">
        <ele>1.7999999523162841796875</ele>
        <time>2025-10-05T12:42:59.000Z</time>
        <extensions>
          <ns3:TrackPointExtension>
            <ns3:hr>153</ns3:hr>
            <ns3:cad>86</ns3:cad>
          </ns3:TrackPointExtension>
        </extensions>
      </trkpt>
      <trkpt lat="31.1597899161279201507568359375" lon="121.200269646942615509033203125">
        <ele>1.7999999523162841796875</ele>
        <time>2025-10-05T12:43:00.000Z</time>
        <extensions>
          <ns3:TrackPointExtension>
            <ns3:hr>153</ns3:hr>
            <ns3:cad>86</ns3:cad>
          </ns3:TrackPointExtension>
        </extensions>
      </trkpt>
      <trkpt lat="31.15981514565646648406982421875" lon="121.20026000775396823883056640625">
        <ele>2</ele>
        <time>2025-10-05T12:43:01.000Z</time>
        <extensions>
          <ns3:TrackPointExtension>
            <ns3:hr>154</ns3:hr>
            <ns3:cad>86</ns3:cad>
          </ns3:TrackPointExtension>
        </extensions>
      </trkpt>
      <trkpt lat="31.15984062664210796356201171875" lon="121.20026000775396823883056640625">
        <ele>1.7999999523162841796875</ele>
        <time>2025-10-05T12:43:02.000Z</time>
        <extensions>
          <ns3:TrackPointExtension>
            <ns3:hr>153</ns3:hr>
            <ns3:cad>86</ns3:cad>
          </ns3:TrackPointExtension>
        </extensions>
      </trkpt>
      <trkpt lat="31.1598643474280834197998046875" lon="121.2002560682594776153564453125">
        <ele>1.7999999523162841796875</ele>
        <time>2025-10-05T12:43:03.000Z</time>
        <extensions>
          <ns3:TrackPointExtension>
            <ns3:hr>153</ns3:hr>
            <ns3:cad>86</ns3:cad>
          </ns3:TrackPointExtension>
        </extensions>
      </trkpt>
      <trkpt lat="31.15989125333726406097412109375" lon="121.200250871479511260986328125">
        <ele>1.7999999523162841796875</ele>
        <time>2025-10-05T12:43:04.000Z</time>
        <extensions>
          <ns3:TrackPointExtension>
            <ns3:hr>154</ns3:hr>
            <ns3:cad>87</ns3:cad>
          </ns3:TrackPointExtension>
        </extensions>
      </trkpt>
      <trkpt lat="31.1599143035709857940673828125" lon="121.20024424977600574493408203125">
        <ele>1.7999999523162841796875</ele>
        <time>2025-10-05T12:43:05.000Z</time>
        <extensions>
          <ns3:TrackPointExtension>
            <ns3:hr>154</ns3:hr>
            <ns3:cad>87</ns3:cad>
          </ns3:TrackPointExtension>
        </extensions>
      </trkpt>
      <trkpt lat="31.159941293299198150634765625" lon="121.200239472091197967529296875">
        <ele>1.7999999523162841796875</ele>
        <time>2025-10-05T12:43:06.000Z</time>
        <extensions>
          <ns3:TrackPointExtension>
            <ns3:hr>154</ns3:hr>
            <ns3:cad>86</ns3:cad>
          </ns3:TrackPointExtension>
        </extensions>
      </trkpt>
      <trkpt lat="31.1599649302661418914794921875" lon="121.20023217983543872833251953125">
        <ele>1.7999999523162841796875</ele>
        <time>2025-10-05T12:43:07.000Z</time>
        <extensions>
          <ns3:TrackPointExtension>
            <ns3:hr>154</ns3:hr>
            <ns3:cad>85</ns3:cad>
          </ns3:TrackPointExtension>
        </extensions>
      </trkpt>
      <trkpt lat="31.15999259054660797119140625" lon="121.200227402150630950927734375">
        <ele>1.7999999523162841796875</ele>
        <time>2025-10-05T12:43:08.000Z</time>
        <extensions>
          <ns3:TrackPointExtension>
            <ns3:hr>153</ns3:hr>
            <ns3:cad>85</ns3:cad>
          </ns3:TrackPointExtension>
        </extensions>
      </trkpt>
      <trkpt lat="31.16002284921705722808837890625" lon="121.20022228918969631195068359375">
        <ele>1.7999999523162841796875</ele>
        <time>2025-10-05T12:43:09.000Z</time>
        <extensions>
          <ns3:TrackPointExtension>
            <ns3:hr>154</ns3:hr>
            <ns3:cad>85</ns3:cad>
          </ns3:TrackPointExtension>
        </extensions>
      </trkpt>
      <trkpt lat="31.1600470729172229766845703125" lon="121.2002201937139034271240234375">
        <ele>1.7999999523162841796875</ele>
        <time>2025-10-05T12:43:10.000Z</time>
        <extensions>
          <ns3:TrackPointExtension>
            <ns3:hr>154</ns3:hr>
            <ns3:cad>86</ns3:cad>
          </ns3:TrackPointExtension>
        </extensions>
      </trkpt>
      <trkpt lat="31.16007364355027675628662109375" lon="121.200212650001049041748046875">
        <ele>1.7999999523162841796875</ele>
        <time>2025-10-05T12:43:11.000Z</time>
        <extensions>
          <ns3:TrackPointExtension>
            <ns3:hr>153</ns3:hr>
            <ns3:cad>85</ns3:cad>
          </ns3:TrackPointExtension>
        </extensions>
      </trkpt>
      <trkpt lat="31.160097531974315643310546875" lon="121.20020971633493900299072265625">
        <ele>1.7999999523162841796875</ele>
        <time>2025-10-05T12:43:12.000Z</time>
        <extensions>
          <ns3:TrackPointExtension>
            <ns3:hr>154</ns3:hr>
            <ns3:cad>85</ns3:cad>
          </ns3:TrackPointExtension>
        </extensions>
      </trkpt>
      <trkpt lat="31.16012561134994029998779296875" lon="121.20020602829754352569580078125">
        <ele>2</ele>
        <time>2025-10-05T12:43:13.000Z</time>
        <extensions>
          <ns3:TrackPointExtension>
            <ns3:hr>154</ns3:hr>
            <ns3:cad>85</ns3:cad>
          </ns3:TrackPointExtension>
        </extensions>
      </trkpt>
      <trkpt lat="31.16015310399234294891357421875" lon="121.20020250789821147918701171875">
        <ele>2</ele>
        <time>2025-10-05T12:43:14.000Z</time>
        <extensions>
          <ns3:TrackPointExtension>
            <ns3:hr>153</ns3:hr>
            <ns3:cad>85</ns3:cad>
          </ns3:TrackPointExtension>
        </extensions>
      </trkpt>
      <trkpt lat="31.160180009901523590087890625" lon="121.20019613765180110931396484375">
        <ele>1.7999999523162841796875</ele>
        <time>2025-10-05T12:43:15.000Z</time>
        <extensions>
          <ns3:TrackPointExtension>
            <ns3:hr>154</ns3:hr>
            <ns3:cad>85</ns3:cad>
          </ns3:TrackPointExtension>
        </extensions>
      </trkpt>
      <trkpt lat="31.16020523943006992340087890625" lon="121.200188510119915008544921875">
        <ele>1.7999999523162841796875</ele>
        <time>2025-10-05T12:43:16.000Z</time>
        <extensions>
          <ns3:TrackPointExtension>
            <ns3:hr>154</ns3:hr>
            <ns3:cad>85</ns3:cad>
          </ns3:TrackPointExtension>
        </extensions>
      </trkpt>
      <trkpt lat="31.16022602654993534088134765625" lon="121.20018222369253635406494140625">
        <ele>1.7999999523162841796875</ele>
        <time>2025-10-05T12:43:17.000Z</time>
        <extensions>
          <ns3:TrackPointExtension>
            <ns3:hr>153</ns3:hr>
            <ns3:cad>85</ns3:cad>
          </ns3:TrackPointExtension>
        </extensions>
      </trkpt>
      <trkpt lat="31.1602482385933399200439453125" lon="121.20017208158969879150390625">
        <ele>1.7999999523162841796875</ele>
        <time>2025-10-05T12:43:18.000Z</time>
        <extensions>
          <ns3:TrackPointExtension>
            <ns3:hr>154</ns3:hr>
            <ns3:cad>86</ns3:cad>
          </ns3:TrackPointExtension>
        </extensions>
      </trkpt>
      <trkpt lat="31.1602656729519367218017578125" lon="121.2001658789813518524169921875">
        <ele>1.7999999523162841796875</ele>
        <time>2025-10-05T12:43:19.000Z</time>
        <extensions>
          <ns3:TrackPointExtension>
            <ns3:hr>154</ns3:hr>
            <ns3:cad>86</ns3:cad>
          </ns3:TrackPointExtension>
        </extensions>
      </trkpt>
      <trkpt lat="31.16028822027146816253662109375" lon="121.200160682201385498046875">
        <ele>1.7999999523162841796875</ele>
        <time>2025-10-05T12:43:20.000Z</time>
        <extensions>
          <ns3:TrackPointExtension>
            <ns3:hr>153</ns3:hr>
            <ns3:cad>87</ns3:cad>
          </ns3:TrackPointExtension>
        </extensions>
      </trkpt>
      <trkpt lat="31.1603112705051898956298828125" lon="121.200156323611736297607421875">
        <ele>1.7999999523162841796875</ele>
        <time>2025-10-05T12:43:21.000Z</time>
        <extensions>
          <ns3:TrackPointExtension>
            <ns3:hr>154</ns3:hr>
            <ns3:cad>87</ns3:cad>
          </ns3:TrackPointExtension>
        </extensions>
      </trkpt>
      <trkpt lat="31.16033415310084819793701171875" lon="121.20015121065080165863037109375">
        <ele>1.7999999523162841796875</ele>
        <time>2025-10-05T12:43:22.000Z</time>
        <extensions>
          <ns3:TrackPointExtension>
            <ns3:hr>154</ns3:hr>
            <ns3:cad>87</ns3:cad>
          </ns3:TrackPointExtension>
        </extensions>
      </trkpt>
      <trkpt lat="31.16035426966845989227294921875" lon="121.2001424096524715423583984375">
        <ele>1.7999999523162841796875</ele>
        <time>2025-10-05T12:43:23.000Z</time>
        <extensions>
          <ns3:TrackPointExtension>
            <ns3:hr>153</ns3:hr>
            <ns3:cad>87</ns3:cad>
          </ns3:TrackPointExtension>
        </extensions>
      </trkpt>
      <trkpt lat="31.1603766493499279022216796875" lon="121.20013494975864887237548828125">
        <ele>1.7999999523162841796875</ele>
        <time>2025-10-05T12:43:24.000Z</time>
        <extensions>
          <ns3:TrackPointExtension>
            <ns3:hr>154</ns3:hr>
            <ns3:cad>86</ns3:cad>
          </ns3:TrackPointExtension>
        </extensions>
      </trkpt>
      <trkpt lat="31.1604022979736328125" lon="121.20013008825480937957763671875">
        <ele>1.7999999523162841796875</ele>
        <time>2025-10-05T12:43:25.000Z</time>
        <extensions>
          <ns3:TrackPointExtension>
            <ns3:hr>154</ns3:hr>
            <ns3:cad>86</ns3:cad>
          </ns3:TrackPointExtension>
        </extensions>
      </trkpt>
      <trkpt lat="31.160424761474132537841796875" lon="121.20012556202709674835205078125">
        <ele>1.7999999523162841796875</ele>
        <time>2025-10-05T12:43:26.000Z</time>
        <extensions>
          <ns3:TrackPointExtension>
            <ns3:hr>153</ns3:hr>
            <ns3:cad>86</ns3:cad>
          </ns3:TrackPointExtension>
        </extensions>
      </trkpt>
      <trkpt lat="31.16044965572655200958251953125" lon="121.2001162581145763397216796875">
        <ele>2</ele>
        <time>2025-10-05T12:43:27.000Z</time>
        <extensions>
          <ns3:TrackPointExtension>
            <ns3:hr>154</ns3:hr>
            <ns3:cad>87</ns3:cad>
          </ns3:TrackPointExtension>
        </extensions>
      </trkpt>
      <trkpt lat="31.16047295741736888885498046875" lon="121.2001105584204196929931640625">
        <ele>1.7999999523162841796875</ele>
        <time>2025-10-05T12:43:28.000Z</time>
        <extensions>
          <ns3:TrackPointExtension>
            <ns3:hr>154</ns3:hr>
            <ns3:cad>87</ns3:cad>
          </ns3:TrackPointExtension>
        </extensions>
      </trkpt>
      <trkpt lat="31.16050028242170810699462890625" lon="121.2001018412411212921142578125">
        <ele>1.7999999523162841796875</ele>
        <time>2025-10-05T12:43:29.000Z</time>
        <extensions>
          <ns3:TrackPointExtension>
            <ns3:hr>153</ns3:hr>
            <ns3:cad>87</ns3:cad>
          </ns3:TrackPointExtension>
        </extensions>
      </trkpt>
      <trkpt lat="31.16052526049315929412841796875" lon="121.20010125450789928436279296875">
        <ele>2</ele>
        <time>2025-10-05T12:43:30.000Z</time>
        <extensions>
          <ns3:TrackPointExtension>
            <ns3:hr>154</ns3:hr>
            <ns3:cad>87</ns3:cad>
          </ns3:TrackPointExtension>
        </extensions>
      </trkpt>
      <trkpt lat="31.16055442951619625091552734375" lon="121.20009907521307468414306640625">
        <ele>2</ele>
        <time>2025-10-05T12:43:31.000Z</time>
        <extensions>
          <ns3:TrackPointExtension>
            <ns3:hr>154</ns3:hr>
            <ns3:cad>87</ns3:cad>
          </ns3:TrackPointExtension>
        </extensions>
      </trkpt>
      <trkpt lat="31.16057672537863254547119140625" lon="121.2000934593379497528076171875">
        <ele>2</ele>
        <time>2025-10-05T12:43:32.000Z</time>
        <extensions>
          <ns3:TrackPointExtension>
            <ns3:hr>153</ns3:hr>
            <ns3:cad>88</ns3:cad>
          </ns3:TrackPointExtension>
        </extensions>
      </trkpt>
      <trkpt lat="31.16060103289783000946044921875" lon="121.20009203441441059112548828125">
        <ele>2</ele>
        <time>2025-10-05T12:43:33.000Z</time>
        <extensions>
          <ns3:TrackPointExtension>
            <ns3:hr>154</ns3:hr>
            <ns3:cad>88</ns3:cad>
          </ns3:TrackPointExtension>
        </extensions>
      </trkpt>
      <trkpt lat="31.16062517277896404266357421875" lon="121.20008750818669795989990234375">
        <ele>2</ele>
        <time>2025-10-05T12:43:34.000Z</time>
        <extensions>
          <ns3:TrackPointExtension>
            <ns3:hr>154</ns3:hr>
            <ns3:cad>88</ns3:cad>
          </ns3:TrackPointExtension>
        </extensions>
      </trkpt>
      <trkpt lat="31.16064880974590778350830078125" lon="121.20007862336933612823486328125">
        <ele>1.7999999523162841796875</ele>
        <time>2025-10-05T12:43:35.000Z</time>
        <extensions>
          <ns3:TrackPointExtension>
            <ns3:hr>153</ns3:hr>
            <ns3:cad>87</ns3:cad>
          </ns3:TrackPointExtension>
        </extensions>
      </trkpt>
      <trkpt lat="31.1606780625879764556884765625" lon="121.20006881654262542724609375">
        <ele>1.7999999523162841796875</ele>
        <time>2025-10-05T12:43:36.000Z</time>
        <extensions>
          <ns3:TrackPointExtension>
            <ns3:hr>154</ns3:hr>
            <ns3:cad>87</ns3:cad>
          </ns3:TrackPointExtension>
        </extensions>
      </trkpt>
      <trkpt lat="31.160699017345905303955078125" lon="121.2000579200685024261474609375">
        <ele>1.7999999523162841796875</ele>
        <time>2025-10-05T12:43:37.000Z</time>
        <extensions>
          <ns3:TrackPointExtension>
            <ns3:hr>154</ns3:hr>
            <ns3:cad>87</ns3:cad>
          </ns3:TrackPointExtension>
        </extensions>
      </trkpt>
      <trkpt lat="31.1607286892831325531005859375" lon="121.20004895143210887908935546875">
        <ele>1.7999999523162841796875</ele>
        <time>2025-10-05T12:43:38.000Z</time>
        <extensions>
          <ns3:TrackPointExtension>
            <ns3:hr>153</ns3:hr>
            <ns3:cad>87</ns3:cad>
          </ns3:TrackPointExtension>
        </extensions>
      </trkpt>
      <trkpt lat="31.1607508175075054168701171875" lon="121.20004325173795223236083984375">
        <ele>1.7999999523162841796875</ele>
        <time>2025-10-05T12:43:39.000Z</time>
        <extensions>
          <ns3:TrackPointExtension>
            <ns3:hr>154</ns3:hr>
            <ns3:cad>87</ns3:cad>
          </ns3:TrackPointExtension>
        </extensions>
      </trkpt>
      <trkpt lat="31.160778142511844635009765625" lon="121.2000354565680027008056640625">
        <ele>1.7999999523162841796875</ele>
        <time>2025-10-05T12:43:40.000Z</time>
        <extensions>
          <ns3:TrackPointExtension>
            <ns3:hr>154</ns3:hr>
            <ns3:cad>87</ns3:cad>
          </ns3:TrackPointExtension>
        </extensions>
      </trkpt>
      <trkpt lat="31.160805635154247283935546875" lon="121.20003369636833667755126953125">
        <ele>1.7999999523162841796875</ele>
        <time>2025-10-05T12:43:41.000Z</time>
        <extensions>
          <ns3:TrackPointExtension>
            <ns3:hr>153</ns3:hr>
            <ns3:cad>87</ns3:cad>
          </ns3:TrackPointExtension>
        </extensions>
      </trkpt>
      <trkpt lat="31.16083321161568164825439453125" lon="121.20003126561641693115234375">
        <ele>1.7999999523162841796875</ele>
        <time>2025-10-05T12:43:42.000Z</time>
        <extensions>
          <ns3:TrackPointExtension>
            <ns3:hr>154</ns3:hr>
            <ns3:cad>86</ns3:cad>
          </ns3:TrackPointExtension>
        </extensions>
      </trkpt>
      <trkpt lat="31.16085735149681568145751953125" lon="121.2000401504337787628173828125">
        <ele>1.7999999523162841796875</ele>
        <time>2025-10-05T12:43:43.000Z</time>
        <extensions>
          <ns3:TrackPointExtension>
            <ns3:hr>154</ns3:hr>
            <ns3:cad>86</ns3:cad>
          </ns3:TrackPointExtension>
        </extensions>
      </trkpt>
      <trkpt lat="31.16088300012052059173583984375" lon="121.20004576630890369415283203125">
        <ele>1.7999999523162841796875</ele>
        <time>2025-10-05T12:43:44.000Z</time>
        <extensions>
          <ns3:TrackPointExtension>
            <ns3:hr>153</ns3:hr>
            <ns3:cad>86</ns3:cad>
          </ns3:TrackPointExtension>
        </extensions>
      </trkpt>
      <trkpt lat="31.16090965457260608673095703125" lon="121.2000481970608234405517578125">
        <ele>1.7999999523162841796875</ele>
        <time>2025-10-05T12:43:45.000Z</time>
        <extensions>
          <ns3:TrackPointExtension>
            <ns3:hr>154</ns3:hr>
            <ns3:cad>86</ns3:cad>
          </ns3:TrackPointExtension>
        </extensions>
      </trkpt>
      <trkpt lat="31.16093496792018413543701171875" lon="121.20004727505147457122802734375">
        <ele>1.7999999523162841796875</ele>
        <time>2025-10-05T12:43:46.000Z</time>
        <extensions>
          <ns3:TrackPointExtension>
            <ns3:hr>154</ns3:hr>
            <ns3:cad>86</ns3:cad>
          </ns3:TrackPointExtension>
        </extensions>
      </trkpt>
      <trkpt lat="31.1609642207622528076171875" lon="121.2000461854040622711181640625">
        <ele>1.7999999523162841796875</ele>
        <time>2025-10-05T12:43:47.000Z</time>
        <extensions>
          <ns3:TrackPointExtension>
            <ns3:hr>154</ns3:hr>
            <ns3:cad>86</ns3:cad>
          </ns3:TrackPointExtension>
        </extensions>
      </trkpt>
      <trkpt lat="31.160989701747894287109375" lon="121.20004258118569850921630859375">
        <ele>1.7999999523162841796875</ele>
        <time>2025-10-05T12:43:48.000Z</time>
        <extensions>
          <ns3:TrackPointExtension>
            <ns3:hr>153</ns3:hr>
            <ns3:cad>86</ns3:cad>
          </ns3:TrackPointExtension>
        </extensions>
      </trkpt>
      <trkpt lat="31.1610136739909648895263671875" lon="121.2000374682247638702392578125">
        <ele>1.7999999523162841796875</ele>
        <time>2025-10-05T12:43:49.000Z</time>
        <extensions>
          <ns3:TrackPointExtension>
            <ns3:hr>154</ns3:hr>
            <ns3:cad>86</ns3:cad>
          </ns3:TrackPointExtension>
        </extensions>
      </trkpt>
      <trkpt lat="31.16103990934789180755615234375" lon="121.200034953653812408447265625">
        <ele>1.7999999523162841796875</ele>
        <time>2025-10-05T12:43:50.000Z</time>
        <extensions>
          <ns3:TrackPointExtension>
            <ns3:hr>154</ns3:hr>
            <ns3:cad>86</ns3:cad>
          </ns3:TrackPointExtension>
        </extensions>
      </trkpt>
      <trkpt lat="31.16106371395289897918701171875" lon="121.200031600892543792724609375">
        <ele>2</ele>
        <time>2025-10-05T12:43:51.000Z</time>
        <extensions>
          <ns3:TrackPointExtension>
            <ns3:hr>153</ns3:hr>
            <ns3:cad>86</ns3:cad>
          </ns3:TrackPointExtension>
        </extensions>
      </trkpt>
      <trkpt lat="31.16109271533787250518798828125" lon="121.20003168471157550811767578125">
        <ele>2</ele>
        <time>2025-10-05T12:43:52.000Z</time>
        <extensions>
          <ns3:TrackPointExtension>
            <ns3:hr>154</ns3:hr>
            <ns3:cad>86</ns3:cad>
          </ns3:TrackPointExtension>
        </extensions>
      </trkpt>
      <trkpt lat="31.16111509501934051513671875" lon="121.200031600892543792724609375">
        <ele>1.7999999523162841796875</ele>
        <time>2025-10-05T12:43:53.000Z</time>
        <extensions>
          <ns3:TrackPointExtension>
            <ns3:hr>154</ns3:hr>
            <ns3:cad>86</ns3:cad>
          </ns3:TrackPointExtension>
        </extensions>
      </trkpt>
      <trkpt lat="31.1611387319862842559814453125" lon="121.20004341937601566314697265625">
        <ele>1.7999999523162841796875</ele>
        <time>2025-10-05T12:43:54.000Z</time>
        <extensions>
          <ns3:TrackPointExtension>
            <ns3:hr>153</ns3:hr>
            <ns3:cad>86</ns3:cad>
          </ns3:TrackPointExtension>
        </extensions>
      </trkpt>
      <trkpt lat="31.161159686744213104248046875" lon="121.2000547349452972412109375">
        <ele>1.7999999523162841796875</ele>
        <time>2025-10-05T12:43:55.000Z</time>
        <extensions>
          <ns3:TrackPointExtension>
            <ns3:hr>154</ns3:hr>
            <ns3:cad>86</ns3:cad>
          </ns3:TrackPointExtension>
        </extensions>
      </trkpt>
      <trkpt lat="31.161184497177600860595703125" lon="121.20007091201841831207275390625">
        <ele>1.7999999523162841796875</ele>
        <time>2025-10-05T12:43:56.000Z</time>
        <extensions>
          <ns3:TrackPointExtension>
            <ns3:hr>154</ns3:hr>
            <ns3:cad>86</ns3:cad>
          </ns3:TrackPointExtension>
        </extensions>
      </trkpt>
      <trkpt lat="31.16120570339262485504150390625" lon="121.2000770308077335357666015625">
        <ele>1.7999999523162841796875</ele>
        <time>2025-10-05T12:43:57.000Z</time>
        <extensions>
          <ns3:TrackPointExtension>
            <ns3:hr>154</ns3:hr>
            <ns3:cad>87</ns3:cad>
          </ns3:TrackPointExtension>
        </extensions>
      </trkpt>
      <trkpt lat="31.16123336367309093475341796875" lon="121.20008717291057109832763671875">
        <ele>1.7999999523162841796875</ele>
        <time>2025-10-05T12:43:58.000Z</time>
        <extensions>
          <ns3:TrackPointExtension>
            <ns3:hr>153</ns3:hr>
            <ns3:cad>88</ns3:cad>
          </ns3:TrackPointExtension>
        </extensions>
      </trkpt>
      <trkpt lat="31.16125834174454212188720703125" lon="121.200096309185028076171875">
        <ele>1.60000002384185791015625</ele>
        <time>2025-10-05T12:43:59.000Z</time>
        <extensions>
          <ns3:TrackPointExtension>
            <ns3:hr>154</ns3:hr>
            <ns3:cad>88</ns3:cad>
          </ns3:TrackPointExtension>
        </extensions>
      </trkpt>
      <trkpt lat="31.16128834895789623260498046875" lon="121.2001030147075653076171875">
        <ele>1.60000002384185791015625</ele>
        <time>2025-10-05T12:44:00.000Z</time>
        <extensions>
          <ns3:TrackPointExtension>
            <ns3:hr>154</ns3:hr>
            <ns3:cad>88</ns3:cad>
          </ns3:TrackPointExtension>
        </extensions>
      </trkpt>
      <trkpt lat="31.1613184399902820587158203125" lon="121.20011097751557826995849609375">
        <ele>1.60000002384185791015625</ele>
        <time>2025-10-05T12:44:01.000Z</time>
        <extensions>
          <ns3:TrackPointExtension>
            <ns3:hr>153</ns3:hr>
            <ns3:cad>87</ns3:cad>
          </ns3:TrackPointExtension>
        </extensions>
      </trkpt>
      <trkpt lat="31.16134434007108211517333984375" lon="121.2001142464578151702880859375">
        <ele>1.60000002384185791015625</ele>
        <time>2025-10-05T12:44:02.000Z</time>
        <extensions>
          <ns3:TrackPointExtension>
            <ns3:hr>154</ns3:hr>
            <ns3:cad>87</ns3:cad>
          </ns3:TrackPointExtension>
        </extensions>
      </trkpt>
      <trkpt lat="31.16137082688510417938232421875" lon="121.20014014653861522674560546875">
        <ele>1.60000002384185791015625</ele>
        <time>2025-10-05T12:44:03.000Z</time>
        <extensions>
          <ns3:TrackPointExtension>
            <ns3:hr>154</ns3:hr>
            <ns3:cad>87</ns3:cad>
          </ns3:TrackPointExtension>
        </extensions>
      </trkpt>
      <trkpt lat="31.16138909943401813507080078125" lon="121.200150288641452789306640625">
        <ele>1.60000002384185791015625</ele>
        <time>2025-10-05T12:44:04.000Z</time>
        <extensions>
          <ns3:TrackPointExtension>
            <ns3:hr>153</ns3:hr>
            <ns3:cad>87</ns3:cad>
          </ns3:TrackPointExtension>
        </extensions>
      </trkpt>
      <trkpt lat="31.161401756107807159423828125" lon="121.20017786510288715362548828125">
        <ele>1.60000002384185791015625</ele>
        <time>2025-10-05T12:44:05.000Z</time>
        <extensions>
          <ns3:TrackPointExtension>
            <ns3:hr>154</ns3:hr>
            <ns3:cad>87</ns3:cad>
          </ns3:TrackPointExtension>
        </extensions>
      </trkpt>
      <trkpt lat="31.16141407750546932220458984375" lon="121.2001973949372768402099609375">
        <ele>1.60000002384185791015625</ele>
        <time>2025-10-05T12:44:06.000Z</time>
        <extensions>
          <ns3:TrackPointExtension>
            <ns3:hr>154</ns3:hr>
            <ns3:cad>87</ns3:cad>
          </ns3:TrackPointExtension>
        </extensions>
      </trkpt>
      <trkpt lat="31.16142597980797290802001953125" lon="121.200226731598377227783203125">
        <ele>1.60000002384185791015625</ele>
        <time>2025-10-05T12:44:07.000Z</time>
        <extensions>
          <ns3:TrackPointExtension>
            <ns3:hr>154</ns3:hr>
            <ns3:cad>87</ns3:cad>
          </ns3:TrackPointExtension>
        </extensions>
      </trkpt>
      <trkpt lat="31.1614334397017955780029296875" lon="121.20025162585079669952392578125">
        <ele>1.60000002384185791015625</ele>
        <time>2025-10-05T12:44:08.000Z</time>
        <extensions>
          <ns3:TrackPointExtension>
            <ns3:hr>154</ns3:hr>
            <ns3:cad>87</ns3:cad>
          </ns3:TrackPointExtension>
        </extensions>
      </trkpt>
      <trkpt lat="31.16143964231014251708984375" lon="121.200281716883182525634765625">
        <ele>1.60000002384185791015625</ele>
        <time>2025-10-05T12:44:09.000Z</time>
        <extensions>
          <ns3:TrackPointExtension>
            <ns3:hr>154</ns3:hr>
            <ns3:cad>88</ns3:cad>
          </ns3:TrackPointExtension>
        </extensions>
      </trkpt>
      <trkpt lat="31.16144475527107715606689453125" lon="121.20031264610588550567626953125">
        <ele>1.60000002384185791015625</ele>
        <time>2025-10-05T12:44:10.000Z</time>
        <extensions>
          <ns3:TrackPointExtension>
            <ns3:hr>153</ns3:hr>
            <ns3:cad>88</ns3:cad>
          </ns3:TrackPointExtension>
        </extensions>
      </trkpt>
      <trkpt lat="31.16145196370780467987060546875" lon="121.20033963583409786224365234375">
        <ele>1.60000002384185791015625</ele>
        <time>2025-10-05T12:44:11.000Z</time>
        <extensions>
          <ns3:TrackPointExtension>
            <ns3:hr>154</ns3:hr>
            <ns3:cad>88</ns3:cad>
          </ns3:TrackPointExtension>
        </extensions>
      </trkpt>
      <trkpt lat="31.1614565737545490264892578125" lon="121.2003693915903568267822265625">
        <ele>1.60000002384185791015625</ele>
        <time>2025-10-05T12:44:12.000Z</time>
        <extensions>
          <ns3:TrackPointExtension>
            <ns3:hr>154</ns3:hr>
            <ns3:cad>88</ns3:cad>
          </ns3:TrackPointExtension>
        </extensions>
      </trkpt>
      <trkpt lat="31.16146151907742023468017578125" lon="121.20039227418601512908935546875">
        <ele>1.60000002384185791015625</ele>
        <time>2025-10-05T12:44:13.000Z</time>
        <extensions>
          <ns3:TrackPointExtension>
            <ns3:hr>154</ns3:hr>
            <ns3:cad>87</ns3:cad>
          </ns3:TrackPointExtension>
        </extensions>
      </trkpt>
      <trkpt lat="31.16146453656256198883056640625" lon="121.20042211376130580902099609375">
        <ele>1.39999997615814208984375</ele>
        <time>2025-10-05T12:44:14.000Z</time>
        <extensions>
          <ns3:TrackPointExtension>
            <ns3:hr>155</ns3:hr>
            <ns3:cad>87</ns3:cad>
          </ns3:TrackPointExtension>
        </extensions>
      </trkpt>
      <trkpt lat="31.1614686436951160430908203125" lon="121.20044742710888385772705078125">
        <ele>1.39999997615814208984375</ele>
        <time>2025-10-05T12:44:15.000Z</time>
        <extensions>
          <ns3:TrackPointExtension>
            <ns3:hr>155</ns3:hr>
            <ns3:cad>87</ns3:cad>
          </ns3:TrackPointExtension>
        </extensions>
      </trkpt>
      <trkpt lat="31.1614711582660675048828125" lon="121.2004785239696502685546875">
        <ele>1.39999997615814208984375</ele>
        <time>2025-10-05T12:44:16.000Z</time>
        <extensions>
          <ns3:TrackPointExtension>
            <ns3:hr>155</ns3:hr>
            <ns3:cad>87</ns3:cad>
          </ns3:TrackPointExtension>
        </extensions>
      </trkpt>
      <trkpt lat="31.16147425957024097442626953125" lon="121.20050274766981601715087890625">
        <ele>1.39999997615814208984375</ele>
        <time>2025-10-05T12:44:17.000Z</time>
        <extensions>
          <ns3:TrackPointExtension>
            <ns3:hr>154</ns3:hr>
            <ns3:cad>87</ns3:cad>
          </ns3:TrackPointExtension>
        </extensions>
      </trkpt>
      <trkpt lat="31.1614743433892726898193359375" lon="121.20053795166313648223876953125">
        <ele>1.39999997615814208984375</ele>
        <time>2025-10-05T12:44:18.000Z</time>
        <extensions>
          <ns3:TrackPointExtension>
            <ns3:hr>155</ns3:hr>
            <ns3:cad>87</ns3:cad>
          </ns3:TrackPointExtension>
        </extensions>
      </trkpt>
      <trkpt lat="31.161478199064731597900390625" lon="121.20056695304811000823974609375">
        <ele>1.39999997615814208984375</ele>
        <time>2025-10-05T12:44:19.000Z</time>
        <extensions>
          <ns3:TrackPointExtension>
            <ns3:hr>155</ns3:hr>
            <ns3:cad>87</ns3:cad>
          </ns3:TrackPointExtension>
        </extensions>
      </trkpt>
      <trkpt lat="31.161482892930507659912109375" lon="121.200597546994686126708984375">
        <ele>1.39999997615814208984375</ele>
        <time>2025-10-05T12:44:20.000Z</time>
        <extensions>
          <ns3:TrackPointExtension>
            <ns3:hr>154</ns3:hr>
            <ns3:cad>87</ns3:cad>
          </ns3:TrackPointExtension>
        </extensions>
      </trkpt>
      <trkpt lat="31.16148716770112514495849609375" lon="121.2006302364170551300048828125">
        <ele>1.39999997615814208984375</ele>
        <time>2025-10-05T12:44:21.000Z</time>
        <extensions>
          <ns3:TrackPointExtension>
            <ns3:hr>154</ns3:hr>
            <ns3:cad>87</ns3:cad>
          </ns3:TrackPointExtension>
        </extensions>
      </trkpt>
      <trkpt lat="31.16149622015655040740966796875" lon="121.20065412484109401702880859375">
        <ele>1.39999997615814208984375</ele>
        <time>2025-10-05T12:44:22.000Z</time>
        <extensions>
          <ns3:TrackPointExtension>
            <ns3:hr>154</ns3:hr>
            <ns3:cad>87</ns3:cad>
          </ns3:TrackPointExtension>
        </extensions>
      </trkpt>
      <trkpt lat="31.161500327289104461669921875" lon="121.2006862275302410125732421875">
        <ele>1.39999997615814208984375</ele>
        <time>2025-10-05T12:44:23.000Z</time>
        <extensions>
          <ns3:TrackPointExtension>
            <ns3:hr>154</ns3:hr>
            <ns3:cad>87</ns3:cad>
          </ns3:TrackPointExtension>
        </extensions>
      </trkpt>
      <trkpt lat="31.161507703363895416259765625" lon="121.20070944540202617645263671875">
        <ele>1.39999997615814208984375</ele>
        <time>2025-10-05T12:44:24.000Z</time>
        <extensions>
          <ns3:TrackPointExtension>
            <ns3:hr>154</ns3:hr>
            <ns3:cad>87</ns3:cad>
          </ns3:TrackPointExtension>
        </extensions>
      </trkpt>
      <trkpt lat="31.1615140736103057861328125" lon="121.2007427215576171875">
        <ele>1.39999997615814208984375</ele>
        <time>2025-10-05T12:44:25.000Z</time>
        <extensions>
          <ns3:TrackPointExtension>
            <ns3:hr>154</ns3:hr>
            <ns3:cad>87</ns3:cad>
          </ns3:TrackPointExtension>
        </extensions>
      </trkpt>
      <trkpt lat="31.16152388043701648712158203125" lon="121.2007682025432586669921875">
        <ele>1.39999997615814208984375</ele>
        <time>2025-10-05T12:44:26.000Z</time>
        <extensions>
          <ns3:TrackPointExtension>
            <ns3:hr>154</ns3:hr>
            <ns3:cad>87</ns3:cad>
          </ns3:TrackPointExtension>
        </extensions>
      </trkpt>
      <trkpt lat="31.16153125651180744171142578125" lon="121.20080114342272281646728515625">
        <ele>1.39999997615814208984375</ele>
        <time>2025-10-05T12:44:27.000Z</time>
        <extensions>
          <ns3:TrackPointExtension>
            <ns3:hr>155</ns3:hr>
            <ns3:cad>87</ns3:cad>
          </ns3:TrackPointExtension>
        </extensions>
      </trkpt>
      <trkpt lat="31.1615367047488689422607421875" lon="121.2008307315409183502197265625">
        <ele>1.39999997615814208984375</ele>
        <time>2025-10-05T12:44:28.000Z</time>
        <extensions>
          <ns3:TrackPointExtension>
            <ns3:hr>154</ns3:hr>
            <ns3:cad>87</ns3:cad>
          </ns3:TrackPointExtension>
        </extensions>
      </trkpt>
      <trkpt lat="31.16154165007174015045166015625" lon="121.20085998438298702239990234375">
        <ele>1.39999997615814208984375</ele>
        <time>2025-10-05T12:44:29.000Z</time>
        <extensions>
          <ns3:TrackPointExtension>
            <ns3:hr>155</ns3:hr>
            <ns3:cad>87</ns3:cad>
          </ns3:TrackPointExtension>
        </extensions>
      </trkpt>
      <trkpt lat="31.16154064424335956573486328125" lon="121.200888566672801971435546875">
        <ele>1.39999997615814208984375</ele>
        <time>2025-10-05T12:44:30.000Z</time>
        <extensions>
          <ns3:TrackPointExtension>
            <ns3:hr>154</ns3:hr>
            <ns3:cad>87</ns3:cad>
          </ns3:TrackPointExtension>
        </extensions>
      </trkpt>
      <trkpt lat="31.1615434102714061737060546875" lon="121.20091371238231658935546875">
        <ele>1.39999997615814208984375</ele>
        <time>2025-10-05T12:44:31.000Z</time>
        <extensions>
          <ns3:TrackPointExtension>
            <ns3:hr>154</ns3:hr>
            <ns3:cad>87</ns3:cad>
          </ns3:TrackPointExtension>
        </extensions>
      </trkpt>
      <trkpt lat="31.16154282353818416595458984375" lon="121.20094723999500274658203125">
        <ele>1.39999997615814208984375</ele>
        <time>2025-10-05T12:44:32.000Z</time>
        <extensions>
          <ns3:TrackPointExtension>
            <ns3:hr>154</ns3:hr>
            <ns3:cad>87</ns3:cad>
          </ns3:TrackPointExtension>
        </extensions>
      </trkpt>
      <trkpt lat="31.1615474335849285125732421875" lon="121.20097364298999309539794921875">
        <ele>1.39999997615814208984375</ele>
        <time>2025-10-05T12:44:33.000Z</time>
        <extensions>
          <ns3:TrackPointExtension>
            <ns3:hr>155</ns3:hr>
            <ns3:cad>87</ns3:cad>
          </ns3:TrackPointExtension>
        </extensions>
      </trkpt>
      <trkpt lat="31.161551959812641143798828125" lon="121.2010124512016773223876953125">
        <ele>1.39999997615814208984375</ele>
        <time>2025-10-05T12:44:34.000Z</time>
        <extensions>
          <ns3:TrackPointExtension>
            <ns3:hr>154</ns3:hr>
            <ns3:cad>87</ns3:cad>
          </ns3:TrackPointExtension>
        </extensions>
      </trkpt>
      <trkpt lat="31.16156092844903469085693359375" lon="121.2010369263589382171630859375">
        <ele>1.2000000476837158203125</ele>
        <time>2025-10-05T12:44:35.000Z</time>
        <extensions>
          <ns3:TrackPointExtension>
            <ns3:hr>155</ns3:hr>
            <ns3:cad>87</ns3:cad>
          </ns3:TrackPointExtension>
        </extensions>
      </trkpt>
      <trkpt lat="31.16156713105738162994384765625" lon="121.20106928050518035888671875">
        <ele>1.2000000476837158203125</ele>
        <time>2025-10-05T12:44:36.000Z</time>
        <extensions>
          <ns3:TrackPointExtension>
            <ns3:hr>155</ns3:hr>
            <ns3:cad>87</ns3:cad>
          </ns3:TrackPointExtension>
        </extensions>
      </trkpt>
      <trkpt lat="31.16157299838960170745849609375" lon="121.20109316892921924591064453125">
        <ele>1.39999997615814208984375</ele>
        <time>2025-10-05T12:44:37.000Z</time>
        <extensions>
          <ns3:TrackPointExtension>
            <ns3:hr>155</ns3:hr>
            <ns3:cad>87</ns3:cad>
          </ns3:TrackPointExtension>
        </extensions>
      </trkpt>
      <trkpt lat="31.1615762673318386077880859375" lon="121.20111965574324131011962890625">
        <ele>1.39999997615814208984375</ele>
        <time>2025-10-05T12:44:38.000Z</time>
        <extensions>
          <ns3:TrackPointExtension>
            <ns3:hr>155</ns3:hr>
            <ns3:cad>87</ns3:cad>
          </ns3:TrackPointExtension>
        </extensions>
      </trkpt>
      <trkpt lat="31.16157283075153827667236328125" lon="121.2011515907943248748779296875">
        <ele>1.39999997615814208984375</ele>
        <time>2025-10-05T12:44:39.000Z</time>
        <extensions>
          <ns3:TrackPointExtension>
            <ns3:hr>155</ns3:hr>
            <ns3:cad>86</ns3:cad>
          </ns3:TrackPointExtension>
        </extensions>
      </trkpt>
      <trkpt lat="31.16157433949410915374755859375" lon="121.20117631740868091583251953125">
        <ele>1.39999997615814208984375</ele>
        <time>2025-10-05T12:44:40.000Z</time>
        <extensions>
          <ns3:TrackPointExtension>
            <ns3:hr>155</ns3:hr>
            <ns3:cad>86</ns3:cad>
          </ns3:TrackPointExtension>
        </extensions>
      </trkpt>
      <trkpt lat="31.16157484240829944610595703125" lon="121.201211772859096527099609375">
        <ele>1.39999997615814208984375</ele>
        <time>2025-10-05T12:44:41.000Z</time>
        <extensions>
          <ns3:TrackPointExtension>
            <ns3:hr>155</ns3:hr>
            <ns3:cad>86</ns3:cad>
          </ns3:TrackPointExtension>
        </extensions>
      </trkpt>
      <trkpt lat="31.16158188320696353912353515625" lon="121.20123297907412052154541015625">
        <ele>1.39999997615814208984375</ele>
        <time>2025-10-05T12:44:42.000Z</time>
        <extensions>
          <ns3:TrackPointExtension>
            <ns3:hr>155</ns3:hr>
            <ns3:cad>86</ns3:cad>
          </ns3:TrackPointExtension>
        </extensions>
      </trkpt>
      <trkpt lat="31.16158758290112018585205078125" lon="121.20126583613455295562744140625">
        <ele>1.39999997615814208984375</ele>
        <time>2025-10-05T12:44:43.000Z</time>
        <extensions>
          <ns3:TrackPointExtension>
            <ns3:hr>155</ns3:hr>
            <ns3:cad>86</ns3:cad>
          </ns3:TrackPointExtension>
        </extensions>
      </trkpt>
      <trkpt lat="31.16159118711948394775390625" lon="121.2012917362153530120849609375">
        <ele>1.60000002384185791015625</ele>
        <time>2025-10-05T12:44:44.000Z</time>
        <extensions>
          <ns3:TrackPointExtension>
            <ns3:hr>155</ns3:hr>
            <ns3:cad>86</ns3:cad>
          </ns3:TrackPointExtension>
        </extensions>
      </trkpt>
      <trkpt lat="31.16159227676689624786376953125" lon="121.20131746865808963775634765625">
        <ele>1.60000002384185791015625</ele>
        <time>2025-10-05T12:44:45.000Z</time>
        <extensions>
          <ns3:TrackPointExtension>
            <ns3:hr>155</ns3:hr>
            <ns3:cad>86</ns3:cad>
          </ns3:TrackPointExtension>
        </extensions>
      </trkpt>
      <trkpt lat="31.1615943722426891326904296875" lon="121.2013450451195240020751953125">
        <ele>1.60000002384185791015625</ele>
        <time>2025-10-05T12:44:46.000Z</time>
        <extensions>
          <ns3:TrackPointExtension>
            <ns3:hr>155</ns3:hr>
            <ns3:cad>86</ns3:cad>
          </ns3:TrackPointExtension>
        </extensions>
      </trkpt>
      <trkpt lat="31.16160015575587749481201171875" lon="121.2013716995716094970703125">
        <ele>1.60000002384185791015625</ele>
        <time>2025-10-05T12:44:47.000Z</time>
        <extensions>
          <ns3:TrackPointExtension>
            <ns3:hr>155</ns3:hr>
            <ns3:cad>86</ns3:cad>
          </ns3:TrackPointExtension>
        </extensions>
      </trkpt>
      <trkpt lat="31.16160719655454158782958984375" lon="121.20140899904072284698486328125">
        <ele>1.60000002384185791015625</ele>
        <time>2025-10-05T12:44:48.000Z</time>
        <extensions>
          <ns3:TrackPointExtension>
            <ns3:hr>155</ns3:hr>
            <ns3:cad>86</ns3:cad>
          </ns3:TrackPointExtension>
        </extensions>
      </trkpt>
      <trkpt lat="31.16161406971514225006103515625" lon="121.2014345638453960418701171875">
        <ele>1.60000002384185791015625</ele>
        <time>2025-10-05T12:44:49.000Z</time>
        <extensions>
          <ns3:TrackPointExtension>
            <ns3:hr>155</ns3:hr>
            <ns3:cad>86</ns3:cad>
          </ns3:TrackPointExtension>
        </extensions>
      </trkpt>
      <trkpt lat="31.16162161342799663543701171875" lon="121.20146834291517734527587890625">
        <ele>1.39999997615814208984375</ele>
        <time>2025-10-05T12:44:50.000Z</time>
        <extensions>
          <ns3:TrackPointExtension>
            <ns3:hr>155</ns3:hr>
            <ns3:cad>86</ns3:cad>
          </ns3:TrackPointExtension>
        </extensions>
      </trkpt>
      <trkpt lat="31.16162630729377269744873046875" lon="121.20149399153888225555419921875">
        <ele>1.39999997615814208984375</ele>
        <time>2025-10-05T12:44:51.000Z</time>
        <extensions>
          <ns3:TrackPointExtension>
            <ns3:hr>155</ns3:hr>
            <ns3:cad>86</ns3:cad>
          </ns3:TrackPointExtension>
        </extensions>
      </trkpt>
      <trkpt lat="31.16163100115954875946044921875" lon="121.20152282528579235076904296875">
        <ele>1.39999997615814208984375</ele>
        <time>2025-10-05T12:44:52.000Z</time>
        <extensions>
          <ns3:TrackPointExtension>
            <ns3:hr>155</ns3:hr>
            <ns3:cad>85</ns3:cad>
          </ns3:TrackPointExtension>
        </extensions>
      </trkpt>
      <trkpt lat="31.16163544356822967529296875" lon="121.201551072299480438232421875">
        <ele>1.39999997615814208984375</ele>
        <time>2025-10-05T12:44:53.000Z</time>
        <extensions>
          <ns3:TrackPointExtension>
            <ns3:hr>155</ns3:hr>
            <ns3:cad>85</ns3:cad>
          </ns3:TrackPointExtension>
        </extensions>
      </trkpt>
      <trkpt lat="31.161640472710132598876953125" lon="121.20157730765640735626220703125">
        <ele>1.39999997615814208984375</ele>
        <time>2025-10-05T12:44:54.000Z</time>
        <extensions>
          <ns3:TrackPointExtension>
            <ns3:hr>155</ns3:hr>
            <ns3:cad>85</ns3:cad>
          </ns3:TrackPointExtension>
        </extensions>
      </trkpt>
      <trkpt lat="31.1616416461765766143798828125" lon="121.20161083526909351348876953125">
        <ele>1.39999997615814208984375</ele>
        <time>2025-10-05T12:44:55.000Z</time>
        <extensions>
          <ns3:TrackPointExtension>
            <ns3:hr>155</ns3:hr>
            <ns3:cad>85</ns3:cad>
          </ns3:TrackPointExtension>
        </extensions>
      </trkpt>
      <trkpt lat="31.161645837128162384033203125" lon="121.2016377411782741546630859375">
        <ele>1.39999997615814208984375</ele>
        <time>2025-10-05T12:44:56.000Z</time>
        <extensions>
          <ns3:TrackPointExtension>
            <ns3:hr>155</ns3:hr>
            <ns3:cad>86</ns3:cad>
          </ns3:TrackPointExtension>
        </extensions>
      </trkpt>
      <trkpt lat="31.16164374165236949920654296875" lon="121.20167386718094348907470703125">
        <ele>1.60000002384185791015625</ele>
        <time>2025-10-05T12:44:57.000Z</time>
        <extensions>
          <ns3:TrackPointExtension>
            <ns3:hr>155</ns3:hr>
            <ns3:cad>87</ns3:cad>
          </ns3:TrackPointExtension>
        </extensions>
      </trkpt>
      <trkpt lat="31.16164424456655979156494140625" lon="121.20169985108077526092529296875">
        <ele>1.60000002384185791015625</ele>
        <time>2025-10-05T12:44:58.000Z</time>
        <extensions>
          <ns3:TrackPointExtension>
            <ns3:hr>154</ns3:hr>
            <ns3:cad>87</ns3:cad>
          </ns3:TrackPointExtension>
        </extensions>
      </trkpt>
      <trkpt lat="31.16164290346205234527587890625" lon="121.2017336301505565643310546875">
        <ele>1.60000002384185791015625</ele>
        <time>2025-10-05T12:44:59.000Z</time>
        <extensions>
          <ns3:TrackPointExtension>
            <ns3:hr>155</ns3:hr>
            <ns3:cad>87</ns3:cad>
          </ns3:TrackPointExtension>
        </extensions>
      </trkpt>
      <trkpt lat="31.1616453342139720916748046875" lon="121.20176321826875209808349609375">
        <ele>1.60000002384185791015625</ele>
        <time>2025-10-05T12:45:00.000Z</time>
        <extensions>
          <ns3:TrackPointExtension>
            <ns3:hr>155</ns3:hr>
            <ns3:cad>87</ns3:cad>
          </ns3:TrackPointExtension>
        </extensions>
      </trkpt>
      <trkpt lat="31.161649525165557861328125" lon="121.20179439894855022430419921875">
        <ele>1.60000002384185791015625</ele>
        <time>2025-10-05T12:45:01.000Z</time>
        <extensions>
          <ns3:TrackPointExtension>
            <ns3:hr>154</ns3:hr>
            <ns3:cad>87</ns3:cad>
          </ns3:TrackPointExtension>
        </extensions>
      </trkpt>
      <trkpt lat="31.161655895411968231201171875" lon="121.20182943530380725860595703125">
        <ele>1.39999997615814208984375</ele>
        <time>2025-10-05T12:45:02.000Z</time>
        <extensions>
          <ns3:TrackPointExtension>
            <ns3:hr>154</ns3:hr>
            <ns3:cad>86</ns3:cad>
          </ns3:TrackPointExtension>
        </extensions>
      </trkpt>
      <trkpt lat="31.16167525760829448699951171875" lon="121.20185022242367267608642578125">
        <ele>1.39999997615814208984375</ele>
        <time>2025-10-05T12:45:03.000Z</time>
        <extensions>
          <ns3:TrackPointExtension>
            <ns3:hr>154</ns3:hr>
            <ns3:cad>86</ns3:cad>
          </ns3:TrackPointExtension>
        </extensions>
      </trkpt>
      <trkpt lat="31.16170677356421947479248046875" lon="121.2018707580864429473876953125">
        <ele>1.60000002384185791015625</ele>
        <time>2025-10-05T12:45:04.000Z</time>
        <extensions>
          <ns3:TrackPointExtension>
            <ns3:hr>154</ns3:hr>
            <ns3:cad>86</ns3:cad>
          </ns3:TrackPointExtension>
        </extensions>
      </trkpt>
      <trkpt lat="31.1617281474173069000244140625" lon="121.20186815969645977020263671875">
        <ele>1.60000002384185791015625</ele>
        <time>2025-10-05T12:45:05.000Z</time>
        <extensions>
          <ns3:TrackPointExtension>
            <ns3:hr>154</ns3:hr>
            <ns3:cad>86</ns3:cad>
          </ns3:TrackPointExtension>
        </extensions>
      </trkpt>
      <trkpt lat="31.1617489345371723175048828125" lon="121.20186044834554195404052734375">
        <ele>1.60000002384185791015625</ele>
        <time>2025-10-05T12:45:06.000Z</time>
        <extensions>
          <ns3:TrackPointExtension>
            <ns3:hr>155</ns3:hr>
            <ns3:cad>86</ns3:cad>
          </ns3:TrackPointExtension>
        </extensions>
      </trkpt>
      <trkpt lat="31.16175957955420017242431640625" lon="121.20183329097926616668701171875">
        <ele>1.39999997615814208984375</ele>
        <time>2025-10-05T12:45:07.000Z</time>
        <extensions>
          <ns3:TrackPointExtension>
            <ns3:hr>154</ns3:hr>
            <ns3:cad>86</ns3:cad>
          </ns3:TrackPointExtension>
        </extensions>
      </trkpt>
      <trkpt lat="31.161757148802280426025390625" lon="121.20180697180330753326416015625">
        <ele>1.39999997615814208984375</ele>
        <time>2025-10-05T12:45:08.000Z</time>
        <extensions>
          <ns3:TrackPointExtension>
            <ns3:hr>154</ns3:hr>
            <ns3:cad>85</ns3:cad>
          </ns3:TrackPointExtension>
        </extensions>
      </trkpt>
      <trkpt lat="31.16175103001296520233154296875" lon="121.2017752043902873992919921875">
        <ele>1.39999997615814208984375</ele>
        <time>2025-10-05T12:45:09.000Z</time>
        <extensions>
          <ns3:TrackPointExtension>
            <ns3:hr>154</ns3:hr>
            <ns3:cad>85</ns3:cad>
          </ns3:TrackPointExtension>
        </extensions>
      </trkpt>
      <trkpt lat="31.16174214519560337066650390625" lon="121.2017503939568996429443359375">
        <ele>1.60000002384185791015625</ele>
        <time>2025-10-05T12:45:10.000Z</time>
        <extensions>
          <ns3:TrackPointExtension>
            <ns3:hr>155</ns3:hr>
            <ns3:cad>84</ns3:cad>
          </ns3:TrackPointExtension>
        </extensions>
      </trkpt>
      <trkpt lat="31.161732338368892669677734375" lon="121.20171829126775264739990234375">
        <ele>1.39999997615814208984375</ele>
        <time>2025-10-05T12:45:11.000Z</time>
        <extensions>
          <ns3:TrackPointExtension>
            <ns3:hr>154</ns3:hr>
            <ns3:cad>84</ns3:cad>
          </ns3:TrackPointExtension>
        </extensions>
      </trkpt>
      <trkpt lat="31.1617234535515308380126953125" lon="121.20169281028211116790771484375">
        <ele>1.39999997615814208984375</ele>
        <time>2025-10-05T12:45:12.000Z</time>
        <extensions>
          <ns3:TrackPointExtension>
            <ns3:hr>154</ns3:hr>
            <ns3:cad>84</ns3:cad>
          </ns3:TrackPointExtension>
        </extensions>
      </trkpt>
      <trkpt lat="31.161716915667057037353515625" lon="121.2016689218580722808837890625">
        <ele>1.39999997615814208984375</ele>
        <time>2025-10-05T12:45:13.000Z</time>
        <extensions>
          <ns3:TrackPointExtension>
            <ns3:hr>154</ns3:hr>
            <ns3:cad>84</ns3:cad>
          </ns3:TrackPointExtension>
        </extensions>
      </trkpt>
      <trkpt lat="31.161708198487758636474609375" lon="121.2016417644917964935302734375">
        <ele>1.39999997615814208984375</ele>
        <time>2025-10-05T12:45:14.000Z</time>
        <extensions>
          <ns3:TrackPointExtension>
            <ns3:hr>154</ns3:hr>
            <ns3:cad>84</ns3:cad>
          </ns3:TrackPointExtension>
        </extensions>
      </trkpt>
      <trkpt lat="31.1616996489465236663818359375" lon="121.2016189657151699066162109375">
        <ele>1.39999997615814208984375</ele>
        <time>2025-10-05T12:45:15.000Z</time>
        <extensions>
          <ns3:TrackPointExtension>
            <ns3:hr>155</ns3:hr>
            <ns3:cad>84</ns3:cad>
          </ns3:TrackPointExtension>
        </extensions>
      </trkpt>
      <trkpt lat="31.16169185377657413482666015625" lon="121.201586611568927764892578125">
        <ele>1.39999997615814208984375</ele>
        <time>2025-10-05T12:45:16.000Z</time>
        <extensions>
          <ns3:TrackPointExtension>
            <ns3:hr>154</ns3:hr>
            <ns3:cad>85</ns3:cad>
          </ns3:TrackPointExtension>
        </extensions>
      </trkpt>
      <trkpt lat="31.1616812087595462799072265625" lon="121.20156037621200084686279296875">
        <ele>1.39999997615814208984375</ele>
        <time>2025-10-05T12:45:17.000Z</time>
        <extensions>
          <ns3:TrackPointExtension>
            <ns3:hr>154</ns3:hr>
            <ns3:cad>86</ns3:cad>
          </ns3:TrackPointExtension>
        </extensions>
      </trkpt>
      <trkpt lat="31.16167341358959674835205078125" lon="121.20152986608445644378662109375">
        <ele>1.39999997615814208984375</ele>
        <time>2025-10-05T12:45:18.000Z</time>
        <extensions>
          <ns3:TrackPointExtension>
            <ns3:hr>154</ns3:hr>
            <ns3:cad>86</ns3:cad>
          </ns3:TrackPointExtension>
        </extensions>
      </trkpt>
      <trkpt lat="31.16166888736188411712646484375" lon="121.20150354690849781036376953125">
        <ele>1.39999997615814208984375</ele>
        <time>2025-10-05T12:45:19.000Z</time>
        <extensions>
          <ns3:TrackPointExtension>
            <ns3:hr>155</ns3:hr>
            <ns3:cad>86</ns3:cad>
          </ns3:TrackPointExtension>
        </extensions>
      </trkpt>
      <trkpt lat="31.16166469641029834747314453125" lon="121.20147571898996829986572265625">
        <ele>1.39999997615814208984375</ele>
        <time>2025-10-05T12:45:20.000Z</time>
        <extensions>
          <ns3:TrackPointExtension>
            <ns3:hr>155</ns3:hr>
            <ns3:cad>86</ns3:cad>
          </ns3:TrackPointExtension>
        </extensions>
      </trkpt>
      <trkpt lat="31.16166151128709316253662109375" lon="121.2014506570994853973388671875">
        <ele>1.39999997615814208984375</ele>
        <time>2025-10-05T12:45:21.000Z</time>
        <extensions>
          <ns3:TrackPointExtension>
            <ns3:hr>155</ns3:hr>
            <ns3:cad>86</ns3:cad>
          </ns3:TrackPointExtension>
        </extensions>
      </trkpt>
      <trkpt lat="31.16165262646973133087158203125" lon="121.20142542757093906402587890625">
        <ele>1.39999997615814208984375</ele>
        <time>2025-10-05T12:45:22.000Z</time>
        <extensions>
          <ns3:TrackPointExtension>
            <ns3:hr>154</ns3:hr>
            <ns3:cad>84</ns3:cad>
          </ns3:TrackPointExtension>
        </extensions>
      </trkpt>
      <trkpt lat="31.16164893843233585357666015625" lon="121.20139542035758495330810546875">
        <ele>1.39999997615814208984375</ele>
        <time>2025-10-05T12:45:23.000Z</time>
        <extensions>
          <ns3:TrackPointExtension>
            <ns3:hr>154</ns3:hr>
            <ns3:cad>84</ns3:cad>
          </ns3:TrackPointExtension>
        </extensions>
      </trkpt>
      <trkpt lat="31.16164189763367176055908203125" lon="121.20137111283838748931884765625">
        <ele>1.39999997615814208984375</ele>
        <time>2025-10-05T12:45:24.000Z</time>
        <extensions>
          <ns3:TrackPointExtension>
            <ns3:hr>154</ns3:hr>
            <ns3:cad>85</ns3:cad>
          </ns3:TrackPointExtension>
        </extensions>
      </trkpt>
      <trkpt lat="31.16163519211113452911376953125" lon="121.20133775286376476287841796875">
        <ele>1.39999997615814208984375</ele>
        <time>2025-10-05T12:45:25.000Z</time>
        <extensions>
          <ns3:TrackPointExtension>
            <ns3:hr>154</ns3:hr>
            <ns3:cad>86</ns3:cad>
          </ns3:TrackPointExtension>
        </extensions>
      </trkpt>
      <trkpt lat="31.161633767187595367431640625" lon="121.20131394825875759124755859375">
        <ele>1.60000002384185791015625</ele>
        <time>2025-10-05T12:45:26.000Z</time>
        <extensions>
          <ns3:TrackPointExtension>
            <ns3:hr>154</ns3:hr>
            <ns3:cad>86</ns3:cad>
          </ns3:TrackPointExtension>
        </extensions>
      </trkpt>
      <trkpt lat="31.161635108292102813720703125" lon="121.2012883834540843963623046875">
        <ele>1.60000002384185791015625</ele>
        <time>2025-10-05T12:45:27.000Z</time>
        <extensions>
          <ns3:TrackPointExtension>
            <ns3:hr>154</ns3:hr>
            <ns3:cad>86</ns3:cad>
          </ns3:TrackPointExtension>
        </extensions>
      </trkpt>
      <trkpt lat="31.16163670085370540618896484375" lon="121.20126315392553806304931640625">
        <ele>1.60000002384185791015625</ele>
        <time>2025-10-05T12:45:28.000Z</time>
        <extensions>
          <ns3:TrackPointExtension>
            <ns3:hr>154</ns3:hr>
            <ns3:cad>86</ns3:cad>
          </ns3:TrackPointExtension>
        </extensions>
      </trkpt>
      <trkpt lat="31.16163544356822967529296875" lon="121.20123784057796001434326171875">
        <ele>1.60000002384185791015625</ele>
        <time>2025-10-05T12:45:29.000Z</time>
        <extensions>
          <ns3:TrackPointExtension>
            <ns3:hr>154</ns3:hr>
            <ns3:cad>87</ns3:cad>
          </ns3:TrackPointExtension>
        </extensions>
      </trkpt>
      <trkpt lat="31.1616347730159759521484375" lon="121.20120381005108356475830078125">
        <ele>1.60000002384185791015625</ele>
        <time>2025-10-05T12:45:30.000Z</time>
        <extensions>
          <ns3:TrackPointExtension>
            <ns3:hr>153</ns3:hr>
            <ns3:cad>87</ns3:cad>
          </ns3:TrackPointExtension>
        </extensions>
      </trkpt>
      <trkpt lat="31.16162714548408985137939453125" lon="121.20117665268480777740478515625">
        <ele>1.39999997615814208984375</ele>
        <time>2025-10-05T12:45:31.000Z</time>
        <extensions>
          <ns3:TrackPointExtension>
            <ns3:hr>154</ns3:hr>
            <ns3:cad>86</ns3:cad>
          </ns3:TrackPointExtension>
        </extensions>
      </trkpt>
      <trkpt lat="31.1616282351315021514892578125" lon="121.20114798657596111297607421875">
        <ele>1.39999997615814208984375</ele>
        <time>2025-10-05T12:45:32.000Z</time>
        <extensions>
          <ns3:TrackPointExtension>
            <ns3:hr>154</ns3:hr>
            <ns3:cad>86</ns3:cad>
          </ns3:TrackPointExtension>
        </extensions>
      </trkpt>
      <trkpt lat="31.16162396036088466644287109375" lon="121.2011234275996685028076171875">
        <ele>1.39999997615814208984375</ele>
        <time>2025-10-05T12:45:33.000Z</time>
        <extensions>
          <ns3:TrackPointExtension>
            <ns3:hr>153</ns3:hr>
            <ns3:cad>86</ns3:cad>
          </ns3:TrackPointExtension>
        </extensions>
      </trkpt>
      <trkpt lat="31.1616208590567111968994140625" lon="121.20109350420534610748291015625">
        <ele>1.39999997615814208984375</ele>
        <time>2025-10-05T12:45:34.000Z</time>
        <extensions>
          <ns3:TrackPointExtension>
            <ns3:hr>153</ns3:hr>
            <ns3:cad>86</ns3:cad>
          </ns3:TrackPointExtension>
        </extensions>
      </trkpt>
      <trkpt lat="31.1616146564483642578125" lon="121.20106701739132404327392578125">
        <ele>1.60000002384185791015625</ele>
        <time>2025-10-05T12:45:35.000Z</time>
        <extensions>
          <ns3:TrackPointExtension>
            <ns3:hr>153</ns3:hr>
            <ns3:cad>86</ns3:cad>
          </ns3:TrackPointExtension>
        </extensions>
      </trkpt>
      <trkpt lat="31.161606274545192718505859375" lon="121.20104438625276088714599609375">
        <ele>1.60000002384185791015625</ele>
        <time>2025-10-05T12:45:36.000Z</time>
        <extensions>
          <ns3:TrackPointExtension>
            <ns3:hr>154</ns3:hr>
            <ns3:cad>86</ns3:cad>
          </ns3:TrackPointExtension>
        </extensions>
      </trkpt>
      <trkpt lat="31.1615980602800846099853515625" lon="121.20101639069616794586181640625">
        <ele>1.60000002384185791015625</ele>
        <time>2025-10-05T12:45:37.000Z</time>
        <extensions>
          <ns3:TrackPointExtension>
            <ns3:hr>154</ns3:hr>
            <ns3:cad>86</ns3:cad>
          </ns3:TrackPointExtension>
        </extensions>
      </trkpt>
      <trkpt lat="31.16158624179661273956298828125" lon="121.20099409483373165130615234375">
        <ele>1.60000002384185791015625</ele>
        <time>2025-10-05T12:45:38.000Z</time>
        <extensions>
          <ns3:TrackPointExtension>
            <ns3:hr>154</ns3:hr>
            <ns3:cad>86</ns3:cad>
          </ns3:TrackPointExtension>
        </extensions>
      </trkpt>
      <trkpt lat="31.16157987155020236968994140625" lon="121.2009604834020137786865234375">
        <ele>1.60000002384185791015625</ele>
        <time>2025-10-05T12:45:39.000Z</time>
        <extensions>
          <ns3:TrackPointExtension>
            <ns3:hr>153</ns3:hr>
            <ns3:cad>86</ns3:cad>
          </ns3:TrackPointExtension>
        </extensions>
      </trkpt>
      <trkpt lat="31.16157132200896739959716796875" lon="121.20093558914959430694580078125">
        <ele>1.60000002384185791015625</ele>
        <time>2025-10-05T12:45:40.000Z</time>
        <extensions>
          <ns3:TrackPointExtension>
            <ns3:hr>153</ns3:hr>
            <ns3:cad>86</ns3:cad>
          </ns3:TrackPointExtension>
        </extensions>
      </trkpt>
      <trkpt lat="31.1615672148764133453369140625" lon="121.20090776123106479644775390625">
        <ele>1.60000002384185791015625</ele>
        <time>2025-10-05T12:45:41.000Z</time>
        <extensions>
          <ns3:TrackPointExtension>
            <ns3:hr>153</ns3:hr>
            <ns3:cad>86</ns3:cad>
          </ns3:TrackPointExtension>
        </extensions>
      </trkpt>
      <trkpt lat="31.1615641973912715911865234375" lon="121.20087909512221813201904296875">
        <ele>1.60000002384185791015625</ele>
        <time>2025-10-05T12:45:42.000Z</time>
        <extensions>
          <ns3:TrackPointExtension>
            <ns3:hr>154</ns3:hr>
            <ns3:cad>86</ns3:cad>
          </ns3:TrackPointExtension>
        </extensions>
      </trkpt>
      <trkpt lat="31.16155631840229034423828125" lon="121.200852692127227783203125">
        <ele>1.60000002384185791015625</ele>
        <time>2025-10-05T12:45:43.000Z</time>
        <extensions>
          <ns3:TrackPointExtension>
            <ns3:hr>153</ns3:hr>
            <ns3:cad>86</ns3:cad>
          </ns3:TrackPointExtension>
        </extensions>
      </trkpt>
      <trkpt lat="31.16155304946005344390869140625" lon="121.20082561857998371124267578125">
        <ele>1.60000002384185791015625</ele>
        <time>2025-10-05T12:45:44.000Z</time>
        <extensions>
          <ns3:TrackPointExtension>
            <ns3:hr>153</ns3:hr>
            <ns3:cad>86</ns3:cad>
          </ns3:TrackPointExtension>
        </extensions>
      </trkpt>
      <trkpt lat="31.16154734976589679718017578125" lon="121.2008025683462619781494140625">
        <ele>1.60000002384185791015625</ele>
        <time>2025-10-05T12:45:45.000Z</time>
        <extensions>
          <ns3:TrackPointExtension>
            <ns3:hr>154</ns3:hr>
            <ns3:cad>86</ns3:cad>
          </ns3:TrackPointExtension>
        </extensions>
      </trkpt>
      <trkpt lat="31.16154433228075504302978515625" lon="121.2007707171142101287841796875">
        <ele>1.60000002384185791015625</ele>
        <time>2025-10-05T12:45:46.000Z</time>
        <extensions>
          <ns3:TrackPointExtension>
            <ns3:hr>154</ns3:hr>
            <ns3:cad>86</ns3:cad>
          </ns3:TrackPointExtension>
        </extensions>
      </trkpt>
      <trkpt lat="31.16153863258659839630126953125" lon="121.20074381120502948760986328125">
        <ele>1.60000002384185791015625</ele>
        <time>2025-10-05T12:45:47.000Z</time>
        <extensions>
          <ns3:TrackPointExtension>
            <ns3:hr>154</ns3:hr>
            <ns3:cad>87</ns3:cad>
          </ns3:TrackPointExtension>
        </extensions>
      </trkpt>
      <trkpt lat="31.16153796203434467315673828125" lon="121.2007083557546138763427734375">
        <ele>1.60000002384185791015625</ele>
        <time>2025-10-05T12:45:48.000Z</time>
        <extensions>
          <ns3:TrackPointExtension>
            <ns3:hr>153</ns3:hr>
            <ns3:cad>87</ns3:cad>
          </ns3:TrackPointExtension>
        </extensions>
      </trkpt>
      <trkpt lat="31.16153377108275890350341796875" lon="121.20067776180803775787353515625">
        <ele>1.60000002384185791015625</ele>
        <time>2025-10-05T12:45:49.000Z</time>
        <extensions>
          <ns3:TrackPointExtension>
            <ns3:hr>154</ns3:hr>
            <ns3:cad>87</ns3:cad>
          </ns3:TrackPointExtension>
        </extensions>
      </trkpt>
      <trkpt lat="31.1615326814353466033935546875" lon="121.20064658112823963165283203125">
        <ele>1.60000002384185791015625</ele>
        <time>2025-10-05T12:45:50.000Z</time>
        <extensions>
          <ns3:TrackPointExtension>
            <ns3:hr>154</ns3:hr>
            <ns3:cad>87</ns3:cad>
          </ns3:TrackPointExtension>
        </extensions>
      </trkpt>
      <trkpt lat="31.161529831588268280029296875" lon="121.2006179988384246826171875">
        <ele>1.60000002384185791015625</ele>
        <time>2025-10-05T12:45:51.000Z</time>
        <extensions>
          <ns3:TrackPointExtension>
            <ns3:hr>153</ns3:hr>
            <ns3:cad>87</ns3:cad>
          </ns3:TrackPointExtension>
        </extensions>
      </trkpt>
      <trkpt lat="31.1615242995321750640869140625" lon="121.20059059001505374908447265625">
        <ele>1.60000002384185791015625</ele>
        <time>2025-10-05T12:45:52.000Z</time>
        <extensions>
          <ns3:TrackPointExtension>
            <ns3:hr>154</ns3:hr>
            <ns3:cad>87</ns3:cad>
          </ns3:TrackPointExtension>
        </extensions>
      </trkpt>
      <trkpt lat="31.16152036003768444061279296875" lon="121.20056443847715854644775390625">
        <ele>1.60000002384185791015625</ele>
        <time>2025-10-05T12:45:53.000Z</time>
        <extensions>
          <ns3:TrackPointExtension>
            <ns3:hr>154</ns3:hr>
            <ns3:cad>86</ns3:cad>
          </ns3:TrackPointExtension>
        </extensions>
      </trkpt>
      <trkpt lat="31.1615152470767498016357421875" lon="121.20054499246180057525634765625">
        <ele>1.60000002384185791015625</ele>
        <time>2025-10-05T12:45:54.000Z</time>
        <extensions>
          <ns3:TrackPointExtension>
            <ns3:hr>153</ns3:hr>
            <ns3:cad>86</ns3:cad>
          </ns3:TrackPointExtension>
        </extensions>
      </trkpt>
      <trkpt lat="31.16151398979127407073974609375" lon="121.2005155719816684722900390625">
        <ele>1.60000002384185791015625</ele>
        <time>2025-10-05T12:45:55.000Z</time>
        <extensions>
          <ns3:TrackPointExtension>
            <ns3:hr>154</ns3:hr>
            <ns3:cad>86</ns3:cad>
          </ns3:TrackPointExtension>
        </extensions>
      </trkpt>
      <trkpt lat="31.1615112237632274627685546875" lon="121.20049260556697845458984375">
        <ele>1.60000002384185791015625</ele>
        <time>2025-10-05T12:45:56.000Z</time>
        <extensions>
          <ns3:TrackPointExtension>
            <ns3:hr>154</ns3:hr>
            <ns3:cad>86</ns3:cad>
          </ns3:TrackPointExtension>
        </extensions>
      </trkpt>
      <trkpt lat="31.16150996647775173187255859375" lon="121.200460083782672882080078125">
        <ele>1.60000002384185791015625</ele>
        <time>2025-10-05T12:45:57.000Z</time>
        <extensions>
          <ns3:TrackPointExtension>
            <ns3:hr>153</ns3:hr>
            <ns3:cad>86</ns3:cad>
          </ns3:TrackPointExtension>
        </extensions>
      </trkpt>
      <trkpt lat="31.16150577552616596221923828125" lon="121.20043368078768253326416015625">
        <ele>1.60000002384185791015625</ele>
        <time>2025-10-05T12:45:58.000Z</time>
        <extensions>
          <ns3:TrackPointExtension>
            <ns3:hr>154</ns3:hr>
            <ns3:cad>86</ns3:cad>
          </ns3:TrackPointExtension>
        </extensions>
      </trkpt>
      <trkpt lat="31.1615033447742462158203125" lon="121.20040568523108959197998046875">
        <ele>1.39999997615814208984375</ele>
        <time>2025-10-05T12:45:59.000Z</time>
        <extensions>
          <ns3:TrackPointExtension>
            <ns3:hr>154</ns3:hr>
            <ns3:cad>85</ns3:cad>
          </ns3:TrackPointExtension>
        </extensions>
      </trkpt>
      <trkpt lat="31.161501668393611907958984375" lon="121.2003747560083866119384765625">
        <ele>1.39999997615814208984375</ele>
        <time>2025-10-05T12:46:00.000Z</time>
        <extensions>
          <ns3:TrackPointExtension>
            <ns3:hr>154</ns3:hr>
            <ns3:cad>85</ns3:cad>
          </ns3:TrackPointExtension>
        </extensions>
      </trkpt>
      <trkpt lat="31.1614981479942798614501953125" lon="121.200350783765316009521484375">
        <ele>1.39999997615814208984375</ele>
        <time>2025-10-05T12:46:01.000Z</time>
        <extensions>
          <ns3:TrackPointExtension>
            <ns3:hr>154</ns3:hr>
            <ns3:cad>85</ns3:cad>
          </ns3:TrackPointExtension>
        </extensions>
      </trkpt>
      <trkpt lat="31.16149705834686756134033203125" lon="121.2003160826861858367919921875">
        <ele>1.39999997615814208984375</ele>
        <time>2025-10-05T12:46:02.000Z</time>
        <extensions>
          <ns3:TrackPointExtension>
            <ns3:hr>154</ns3:hr>
            <ns3:cad>86</ns3:cad>
          </ns3:TrackPointExtension>
        </extensions>
      </trkpt>
      <trkpt lat="31.16149001754820346832275390625" lon="121.20029085315763950347900390625">
        <ele>1.39999997615814208984375</ele>
        <time>2025-10-05T12:46:03.000Z</time>
        <extensions>
          <ns3:TrackPointExtension>
            <ns3:hr>154</ns3:hr>
            <ns3:cad>86</ns3:cad>
          </ns3:TrackPointExtension>
        </extensions>
      </trkpt>
      <trkpt lat="31.1614887602627277374267578125" lon="121.2002570740878582000732421875">
        <ele>1.60000002384185791015625</ele>
        <time>2025-10-05T12:46:04.000Z</time>
        <extensions>
          <ns3:TrackPointExtension>
            <ns3:hr>155</ns3:hr>
            <ns3:cad>86</ns3:cad>
          </ns3:TrackPointExtension>
        </extensions>
      </trkpt>
      <trkpt lat="31.1614827252924442291259765625" lon="121.2002277374267578125">
        <ele>1.60000002384185791015625</ele>
        <time>2025-10-05T12:46:05.000Z</time>
        <extensions>
          <ns3:TrackPointExtension>
            <ns3:hr>154</ns3:hr>
            <ns3:cad>87</ns3:cad>
          </ns3:TrackPointExtension>
        </extensions>
      </trkpt>
      <trkpt lat="31.16148113273084163665771484375" lon="121.2001930363476276397705078125">
        <ele>1.60000002384185791015625</ele>
        <time>2025-10-05T12:46:06.000Z</time>
        <extensions>
          <ns3:TrackPointExtension>
            <ns3:hr>154</ns3:hr>
            <ns3:cad>87</ns3:cad>
          </ns3:TrackPointExtension>
        </extensions>
      </trkpt>
      <trkpt lat="31.16148867644369602203369140625" lon="121.20015732944011688232421875">
        <ele>1.60000002384185791015625</ele>
        <time>2025-10-05T12:46:07.000Z</time>
        <extensions>
          <ns3:TrackPointExtension>
            <ns3:hr>155</ns3:hr>
            <ns3:cad>86</ns3:cad>
          </ns3:TrackPointExtension>
        </extensions>
      </trkpt>
      <trkpt lat="31.16149487905204296112060546875" lon="121.2001279927790164947509765625">
        <ele>1.60000002384185791015625</ele>
        <time>2025-10-05T12:46:08.000Z</time>
        <extensions>
          <ns3:TrackPointExtension>
            <ns3:hr>155</ns3:hr>
            <ns3:cad>86</ns3:cad>
          </ns3:TrackPointExtension>
        </extensions>
      </trkpt>
      <trkpt lat="31.16150560788810253143310546875" lon="121.20009832084178924560546875">
        <ele>1.60000002384185791015625</ele>
        <time>2025-10-05T12:46:09.000Z</time>
        <extensions>
          <ns3:TrackPointExtension>
            <ns3:hr>155</ns3:hr>
            <ns3:cad>86</ns3:cad>
          </ns3:TrackPointExtension>
        </extensions>
      </trkpt>
      <trkpt lat="31.16151348687708377838134765625" lon="121.200074851512908935546875">
        <ele>1.60000002384185791015625</ele>
        <time>2025-10-05T12:46:10.000Z</time>
        <extensions>
          <ns3:TrackPointExtension>
            <ns3:hr>155</ns3:hr>
            <ns3:cad>86</ns3:cad>
          </ns3:TrackPointExtension>
        </extensions>
      </trkpt>
      <trkpt lat="31.1615301668643951416015625" lon="121.20004559867084026336669921875">
        <ele>1.60000002384185791015625</ele>
        <time>2025-10-05T12:46:11.000Z</time>
        <extensions>
          <ns3:TrackPointExtension>
            <ns3:hr>155</ns3:hr>
            <ns3:cad>86</ns3:cad>
          </ns3:TrackPointExtension>
        </extensions>
      </trkpt>
      <trkpt lat="31.16154215298593044281005859375" lon="121.20002062059938907623291015625">
        <ele>1.7999999523162841796875</ele>
        <time>2025-10-05T12:46:12.000Z</time>
        <extensions>
          <ns3:TrackPointExtension>
            <ns3:hr>155</ns3:hr>
            <ns3:cad>87</ns3:cad>
          </ns3:TrackPointExtension>
        </extensions>
      </trkpt>
      <trkpt lat="31.1615574918687343597412109375" lon="121.19999430142343044281005859375">
        <ele>1.7999999523162841796875</ele>
        <time>2025-10-05T12:46:13.000Z</time>
        <extensions>
          <ns3:TrackPointExtension>
            <ns3:hr>155</ns3:hr>
            <ns3:cad>87</ns3:cad>
          </ns3:TrackPointExtension>
        </extensions>
      </trkpt>
      <trkpt lat="31.16157534532248973846435546875" lon="121.19997200556099414825439453125">
        <ele>1.7999999523162841796875</ele>
        <time>2025-10-05T12:46:14.000Z</time>
        <extensions>
          <ns3:TrackPointExtension>
            <ns3:hr>155</ns3:hr>
            <ns3:cad>86</ns3:cad>
          </ns3:TrackPointExtension>
        </extensions>
      </trkpt>
      <trkpt lat="31.16159244440495967864990234375" lon="121.19995289482176303863525390625">
        <ele>1.7999999523162841796875</ele>
        <time>2025-10-05T12:46:15.000Z</time>
        <extensions>
          <ns3:TrackPointExtension>
            <ns3:hr>155</ns3:hr>
            <ns3:cad>86</ns3:cad>
          </ns3:TrackPointExtension>
        </extensions>
      </trkpt>
      <trkpt lat="31.1616186797618865966796875" lon="121.1999393999576568603515625">
        <ele>1.7999999523162841796875</ele>
        <time>2025-10-05T12:46:16.000Z</time>
        <extensions>
          <ns3:TrackPointExtension>
            <ns3:hr>155</ns3:hr>
            <ns3:cad>85</ns3:cad>
          </ns3:TrackPointExtension>
        </extensions>
      </trkpt>
      <trkpt lat="31.161638796329498291015625" lon="121.1999259889125823974609375">
        <ele>1.7999999523162841796875</ele>
        <time>2025-10-05T12:46:17.000Z</time>
        <extensions>
          <ns3:TrackPointExtension>
            <ns3:hr>154</ns3:hr>
            <ns3:cad>85</ns3:cad>
          </ns3:TrackPointExtension>
        </extensions>
      </trkpt>
      <trkpt lat="31.1616681329905986785888671875" lon="121.1999224685132503509521484375">
        <ele>1.7999999523162841796875</ele>
        <time>2025-10-05T12:46:18.000Z</time>
        <extensions>
          <ns3:TrackPointExtension>
            <ns3:hr>155</ns3:hr>
            <ns3:cad>86</ns3:cad>
          </ns3:TrackPointExtension>
        </extensions>
      </trkpt>
      <trkpt lat="31.16168749518692493438720703125" lon="121.19992054067552089691162109375">
        <ele>1.7999999523162841796875</ele>
        <time>2025-10-05T12:46:19.000Z</time>
        <extensions>
          <ns3:TrackPointExtension>
            <ns3:hr>155</ns3:hr>
            <ns3:cad>86</ns3:cad>
          </ns3:TrackPointExtension>
        </extensions>
      </trkpt>
      <trkpt lat="31.1617117188870906829833984375" lon="121.19991702027618885040283203125">
        <ele>1.7999999523162841796875</ele>
        <time>2025-10-05T12:46:20.000Z</time>
        <extensions>
          <ns3:TrackPointExtension>
            <ns3:hr>155</ns3:hr>
            <ns3:cad>86</ns3:cad>
          </ns3:TrackPointExtension>
        </extensions>
      </trkpt>
      <trkpt lat="31.16173091344535350799560546875" lon="121.1999067105352878570556640625">
        <ele>1.7999999523162841796875</ele>
        <time>2025-10-05T12:46:21.000Z</time>
        <extensions>
          <ns3:TrackPointExtension>
            <ns3:hr>154</ns3:hr>
            <ns3:cad>86</ns3:cad>
          </ns3:TrackPointExtension>
        </extensions>
      </trkpt>
      <trkpt lat="31.16175153292715549468994140625" lon="121.19989757426083087921142578125">
        <ele>1.7999999523162841796875</ele>
        <time>2025-10-05T12:46:22.000Z</time>
        <extensions>
          <ns3:TrackPointExtension>
            <ns3:hr>155</ns3:hr>
            <ns3:cad>86</ns3:cad>
          </ns3:TrackPointExtension>
        </extensions>
      </trkpt>
      <trkpt lat="31.161775924265384674072265625" lon="121.19988776743412017822265625">
        <ele>1.7999999523162841796875</ele>
        <time>2025-10-05T12:46:23.000Z</time>
        <extensions>
          <ns3:TrackPointExtension>
            <ns3:hr>154</ns3:hr>
            <ns3:cad>86</ns3:cad>
          </ns3:TrackPointExtension>
        </extensions>
      </trkpt>
      <trkpt lat="31.16179168224334716796875" lon="121.19987569749355316162109375">
        <ele>1.60000002384185791015625</ele>
        <time>2025-10-05T12:46:24.000Z</time>
        <extensions>
          <ns3:TrackPointExtension>
            <ns3:hr>154</ns3:hr>
            <ns3:cad>86</ns3:cad>
          </ns3:TrackPointExtension>
        </extensions>
      </trkpt>
      <trkpt lat="31.16181540302932262420654296875" lon="121.199862621724605560302734375">
        <ele>1.60000002384185791015625</ele>
        <time>2025-10-05T12:46:25.000Z</time>
        <extensions>
          <ns3:TrackPointExtension>
            <ns3:hr>154</ns3:hr>
            <ns3:cad>85</ns3:cad>
          </ns3:TrackPointExtension>
        </extensions>
      </trkpt>
      <trkpt lat="31.16183535195887088775634765625" lon="121.19985583238303661346435546875">
        <ele>1.60000002384185791015625</ele>
        <time>2025-10-05T12:46:26.000Z</time>
        <extensions>
          <ns3:TrackPointExtension>
            <ns3:hr>154</ns3:hr>
            <ns3:cad>85</ns3:cad>
          </ns3:TrackPointExtension>
        </extensions>
      </trkpt>
      <trkpt lat="31.16185865364968776702880859375" lon="121.19984879158437252044677734375">
        <ele>1.60000002384185791015625</ele>
        <time>2025-10-05T12:46:27.000Z</time>
        <extensions>
          <ns3:TrackPointExtension>
            <ns3:hr>154</ns3:hr>
            <ns3:cad>86</ns3:cad>
          </ns3:TrackPointExtension>
        </extensions>
      </trkpt>
      <trkpt lat="31.1618817038834095001220703125" lon="121.19984007440507411956787109375">
        <ele>1.60000002384185791015625</ele>
        <time>2025-10-05T12:46:28.000Z</time>
        <extensions>
          <ns3:TrackPointExtension>
            <ns3:hr>154</ns3:hr>
            <ns3:cad>86</ns3:cad>
          </ns3:TrackPointExtension>
        </extensions>
      </trkpt>
      <trkpt lat="31.16190743632614612579345703125" lon="121.19982875883579254150390625">
        <ele>1.60000002384185791015625</ele>
        <time>2025-10-05T12:46:29.000Z</time>
        <extensions>
          <ns3:TrackPointExtension>
            <ns3:hr>154</ns3:hr>
            <ns3:cad>86</ns3:cad>
          </ns3:TrackPointExtension>
        </extensions>
      </trkpt>
      <trkpt lat="31.161930151283740997314453125" lon="121.199816353619098663330078125">
        <ele>1.60000002384185791015625</ele>
        <time>2025-10-05T12:46:30.000Z</time>
        <extensions>
          <ns3:TrackPointExtension>
            <ns3:hr>154</ns3:hr>
            <ns3:cad>86</ns3:cad>
          </ns3:TrackPointExtension>
        </extensions>
      </trkpt>
      <trkpt lat="31.16194884292781352996826171875" lon="121.1998054571449756622314453125">
        <ele>1.60000002384185791015625</ele>
        <time>2025-10-05T12:46:31.000Z</time>
        <extensions>
          <ns3:TrackPointExtension>
            <ns3:hr>154</ns3:hr>
            <ns3:cad>86</ns3:cad>
          </ns3:TrackPointExtension>
        </extensions>
      </trkpt>
      <trkpt lat="31.16197968833148479461669921875" lon="121.199795566499233245849609375">
        <ele>1.60000002384185791015625</ele>
        <time>2025-10-05T12:46:32.000Z</time>
        <extensions>
          <ns3:TrackPointExtension>
            <ns3:hr>154</ns3:hr>
            <ns3:cad>87</ns3:cad>
          </ns3:TrackPointExtension>
        </extensions>
      </trkpt>
      <trkpt lat="31.162001229822635650634765625" lon="121.1997865140438079833984375">
        <ele>1.39999997615814208984375</ele>
        <time>2025-10-05T12:46:33.000Z</time>
        <extensions>
          <ns3:TrackPointExtension>
            <ns3:hr>153</ns3:hr>
            <ns3:cad>87</ns3:cad>
          </ns3:TrackPointExtension>
        </extensions>
      </trkpt>
      <trkpt lat="31.1620290577411651611328125" lon="121.19978005997836589813232421875">
        <ele>1.39999997615814208984375</ele>
        <time>2025-10-05T12:46:34.000Z</time>
        <extensions>
          <ns3:TrackPointExtension>
            <ns3:hr>154</ns3:hr>
            <ns3:cad>86</ns3:cad>
          </ns3:TrackPointExtension>
        </extensions>
      </trkpt>
      <trkpt lat="31.1620493419468402862548828125" lon="121.19977972470223903656005859375">
        <ele>1.39999997615814208984375</ele>
        <time>2025-10-05T12:46:35.000Z</time>
        <extensions>
          <ns3:TrackPointExtension>
            <ns3:hr>154</ns3:hr>
            <ns3:cad>86</ns3:cad>
          </ns3:TrackPointExtension>
        </extensions>
      </trkpt>
      <trkpt lat="31.1620738171041011810302734375" lon="121.19977511465549468994140625">
        <ele>1.39999997615814208984375</ele>
        <time>2025-10-05T12:46:36.000Z</time>
        <extensions>
          <ns3:TrackPointExtension>
            <ns3:hr>154</ns3:hr>
            <ns3:cad>86</ns3:cad>
          </ns3:TrackPointExtension>
        </extensions>
      </trkpt>
      <trkpt lat="31.1620989628136157989501953125" lon="121.199771426618099212646484375">
        <ele>1.39999997615814208984375</ele>
        <time>2025-10-05T12:46:37.000Z</time>
        <extensions>
          <ns3:TrackPointExtension>
            <ns3:hr>154</ns3:hr>
            <ns3:cad>86</ns3:cad>
          </ns3:TrackPointExtension>
        </extensions>
      </trkpt>
      <trkpt lat="31.16211933083832263946533203125" lon="121.199763715267181396484375">
        <ele>1.39999997615814208984375</ele>
        <time>2025-10-05T12:46:38.000Z</time>
        <extensions>
          <ns3:TrackPointExtension>
            <ns3:hr>154</ns3:hr>
            <ns3:cad>86</ns3:cad>
          </ns3:TrackPointExtension>
        </extensions>
      </trkpt>
      <trkpt lat="31.162141375243663787841796875" lon="121.1997543275356292724609375">
        <ele>1.39999997615814208984375</ele>
        <time>2025-10-05T12:46:39.000Z</time>
        <extensions>
          <ns3:TrackPointExtension>
            <ns3:hr>154</ns3:hr>
            <ns3:cad>85</ns3:cad>
          </ns3:TrackPointExtension>
        </extensions>
      </trkpt>
      <trkpt lat="31.16215981543064117431640625" lon="121.19975030422210693359375">
        <ele>1.39999997615814208984375</ele>
        <time>2025-10-05T12:46:40.000Z</time>
        <extensions>
          <ns3:TrackPointExtension>
            <ns3:hr>154</ns3:hr>
            <ns3:cad>85</ns3:cad>
          </ns3:TrackPointExtension>
        </extensions>
      </trkpt>
      <trkpt lat="31.1621864698827266693115234375" lon="121.19974535889923572540283203125">
        <ele>1.39999997615814208984375</ele>
        <time>2025-10-05T12:46:41.000Z</time>
        <extensions>
          <ns3:TrackPointExtension>
            <ns3:hr>154</ns3:hr>
            <ns3:cad>86</ns3:cad>
          </ns3:TrackPointExtension>
        </extensions>
      </trkpt>
      <trkpt lat="31.16220675408840179443359375" lon="121.1997437663376331329345703125">
        <ele>1.39999997615814208984375</ele>
        <time>2025-10-05T12:46:42.000Z</time>
        <extensions>
          <ns3:TrackPointExtension>
            <ns3:hr>154</ns3:hr>
            <ns3:cad>86</ns3:cad>
          </ns3:TrackPointExtension>
        </extensions>
      </trkpt>
      <trkpt lat="31.16223583929240703582763671875" lon="121.19973949156701564788818359375">
        <ele>1.39999997615814208984375</ele>
        <time>2025-10-05T12:46:43.000Z</time>
        <extensions>
          <ns3:TrackPointExtension>
            <ns3:hr>154</ns3:hr>
            <ns3:cad>86</ns3:cad>
          </ns3:TrackPointExtension>
        </extensions>
      </trkpt>
      <trkpt lat="31.162260062992572784423828125" lon="121.19973379187285900115966796875">
        <ele>1.39999997615814208984375</ele>
        <time>2025-10-05T12:46:44.000Z</time>
        <extensions>
          <ns3:TrackPointExtension>
            <ns3:hr>154</ns3:hr>
            <ns3:cad>86</ns3:cad>
          </ns3:TrackPointExtension>
        </extensions>
      </trkpt>
      <trkpt lat="31.16228495724499225616455078125" lon="121.1997276730835437774658203125">
        <ele>1.39999997615814208984375</ele>
        <time>2025-10-05T12:46:45.000Z</time>
        <extensions>
          <ns3:TrackPointExtension>
            <ns3:hr>154</ns3:hr>
            <ns3:cad>86</ns3:cad>
          </ns3:TrackPointExtension>
        </extensions>
      </trkpt>
      <trkpt lat="31.1623125337064266204833984375" lon="121.1997221410274505615234375">
        <ele>1.39999997615814208984375</ele>
        <time>2025-10-05T12:46:46.000Z</time>
        <extensions>
          <ns3:TrackPointExtension>
            <ns3:hr>155</ns3:hr>
            <ns3:cad>86</ns3:cad>
          </ns3:TrackPointExtension>
        </extensions>
      </trkpt>
      <trkpt lat="31.16233306936919689178466796875" lon="121.19971686042845249176025390625">
        <ele>1.39999997615814208984375</ele>
        <time>2025-10-05T12:46:47.000Z</time>
        <extensions>
          <ns3:TrackPointExtension>
            <ns3:hr>155</ns3:hr>
            <ns3:cad>86</ns3:cad>
          </ns3:TrackPointExtension>
        </extensions>
      </trkpt>
      <trkpt lat="31.1623611487448215484619140625" lon="121.19971476495265960693359375">
        <ele>1.39999997615814208984375</ele>
        <time>2025-10-05T12:46:48.000Z</time>
        <extensions>
          <ns3:TrackPointExtension>
            <ns3:hr>155</ns3:hr>
            <ns3:cad>86</ns3:cad>
          </ns3:TrackPointExtension>
        </extensions>
      </trkpt>
      <trkpt lat="31.1623819358646869659423828125" lon="121.1997105740010738372802734375">
        <ele>1.39999997615814208984375</ele>
        <time>2025-10-05T12:46:49.000Z</time>
        <extensions>
          <ns3:TrackPointExtension>
            <ns3:hr>155</ns3:hr>
            <ns3:cad>86</ns3:cad>
          </ns3:TrackPointExtension>
        </extensions>
      </trkpt>
      <trkpt lat="31.16240926086902618408203125" lon="121.19970462284982204437255859375">
        <ele>1.39999997615814208984375</ele>
        <time>2025-10-05T12:46:50.000Z</time>
        <extensions>
          <ns3:TrackPointExtension>
            <ns3:hr>155</ns3:hr>
            <ns3:cad>85</ns3:cad>
          </ns3:TrackPointExtension>
        </extensions>
      </trkpt>
      <trkpt lat="31.16242912597954273223876953125" lon="121.19969808496534824371337890625">
        <ele>1.60000002384185791015625</ele>
        <time>2025-10-05T12:46:51.000Z</time>
        <extensions>
          <ns3:TrackPointExtension>
            <ns3:hr>155</ns3:hr>
            <ns3:cad>85</ns3:cad>
          </ns3:TrackPointExtension>
        </extensions>
      </trkpt>
      <trkpt lat="31.16244873963296413421630859375" lon="121.19969204999506473541259765625">
        <ele>1.60000002384185791015625</ele>
        <time>2025-10-05T12:46:52.000Z</time>
        <extensions>
          <ns3:TrackPointExtension>
            <ns3:hr>155</ns3:hr>
            <ns3:cad>85</ns3:cad>
          </ns3:TrackPointExtension>
        </extensions>
      </trkpt>
      <trkpt lat="31.162470616400241851806640625" lon="121.19968794286251068115234375">
        <ele>1.60000002384185791015625</ele>
        <time>2025-10-05T12:46:53.000Z</time>
        <extensions>
          <ns3:TrackPointExtension>
            <ns3:hr>155</ns3:hr>
            <ns3:cad>85</ns3:cad>
          </ns3:TrackPointExtension>
        </extensions>
      </trkpt>
      <trkpt lat="31.16248779930174350738525390625" lon="121.19967981241643428802490234375">
        <ele>1.60000002384185791015625</ele>
        <time>2025-10-05T12:46:54.000Z</time>
        <extensions>
          <ns3:TrackPointExtension>
            <ns3:hr>155</ns3:hr>
            <ns3:cad>86</ns3:cad>
          </ns3:TrackPointExtension>
        </extensions>
      </trkpt>
      <trkpt lat="31.16251143626868724822998046875" lon="121.19967327453196048736572265625">
        <ele>1.60000002384185791015625</ele>
        <time>2025-10-05T12:46:55.000Z</time>
        <extensions>
          <ns3:TrackPointExtension>
            <ns3:hr>155</ns3:hr>
            <ns3:cad>86</ns3:cad>
          </ns3:TrackPointExtension>
        </extensions>
      </trkpt>
      <trkpt lat="31.16253138519823551177978515625" lon="121.19967025704681873321533203125">
        <ele>1.60000002384185791015625</ele>
        <time>2025-10-05T12:46:56.000Z</time>
        <extensions>
          <ns3:TrackPointExtension>
            <ns3:hr>155</ns3:hr>
            <ns3:cad>86</ns3:cad>
          </ns3:TrackPointExtension>
        </extensions>
      </trkpt>
      <trkpt lat="31.16255485452711582183837890625" lon="121.199666820466518402099609375">
        <ele>1.60000002384185791015625</ele>
        <time>2025-10-05T12:46:57.000Z</time>
        <extensions>
          <ns3:TrackPointExtension>
            <ns3:hr>155</ns3:hr>
            <ns3:cad>86</ns3:cad>
          </ns3:TrackPointExtension>
        </extensions>
      </trkpt>
      <trkpt lat="31.16257396526634693145751953125" lon="121.19966271333396434783935546875">
        <ele>1.60000002384185791015625</ele>
        <time>2025-10-05T12:46:58.000Z</time>
        <extensions>
          <ns3:TrackPointExtension>
            <ns3:hr>156</ns3:hr>
            <ns3:cad>86</ns3:cad>
          </ns3:TrackPointExtension>
        </extensions>
      </trkpt>
      <trkpt lat="31.1625968478620052337646484375" lon="121.19965869002044200897216796875">
        <ele>1.60000002384185791015625</ele>
        <time>2025-10-05T12:46:59.000Z</time>
        <extensions>
          <ns3:TrackPointExtension>
            <ns3:hr>155</ns3:hr>
            <ns3:cad>87</ns3:cad>
          </ns3:TrackPointExtension>
        </extensions>
      </trkpt>
      <trkpt lat="31.16261780261993408203125" lon="121.19965684600174427032470703125">
        <ele>1.60000002384185791015625</ele>
        <time>2025-10-05T12:47:00.000Z</time>
        <extensions>
          <ns3:TrackPointExtension>
            <ns3:hr>155</ns3:hr>
            <ns3:cad>87</ns3:cad>
          </ns3:TrackPointExtension>
        </extensions>
      </trkpt>
      <trkpt lat="31.16264102049171924591064453125" lon="121.19965399615466594696044921875">
        <ele>1.60000002384185791015625</ele>
        <time>2025-10-05T12:47:01.000Z</time>
        <extensions>
          <ns3:TrackPointExtension>
            <ns3:hr>155</ns3:hr>
            <ns3:cad>87</ns3:cad>
          </ns3:TrackPointExtension>
        </extensions>
      </trkpt>
      <trkpt lat="31.16266566328704357147216796875" lon="121.1996495537459850311279296875">
        <ele>1.60000002384185791015625</ele>
        <time>2025-10-05T12:47:02.000Z</time>
        <extensions>
          <ns3:TrackPointExtension>
            <ns3:hr>155</ns3:hr>
            <ns3:cad>87</ns3:cad>
          </ns3:TrackPointExtension>
        </extensions>
      </trkpt>
      <trkpt lat="31.162685863673686981201171875" lon="121.19963823817670345306396484375">
        <ele>1.60000002384185791015625</ele>
        <time>2025-10-05T12:47:03.000Z</time>
        <extensions>
          <ns3:TrackPointExtension>
            <ns3:hr>156</ns3:hr>
            <ns3:cad>87</ns3:cad>
          </ns3:TrackPointExtension>
        </extensions>
      </trkpt>
      <trkpt lat="31.16271411068737506866455078125" lon="121.1996287666261196136474609375">
        <ele>1.60000002384185791015625</ele>
        <time>2025-10-05T12:47:04.000Z</time>
        <extensions>
          <ns3:TrackPointExtension>
            <ns3:hr>155</ns3:hr>
            <ns3:cad>87</ns3:cad>
          </ns3:TrackPointExtension>
        </extensions>
      </trkpt>
      <trkpt lat="31.162737496197223663330078125" lon="121.1996230669319629669189453125">
        <ele>1.60000002384185791015625</ele>
        <time>2025-10-05T12:47:05.000Z</time>
        <extensions>
          <ns3:TrackPointExtension>
            <ns3:hr>155</ns3:hr>
            <ns3:cad>87</ns3:cad>
          </ns3:TrackPointExtension>
        </extensions>
      </trkpt>
      <trkpt lat="31.16276809014379978179931640625" lon="121.19962097145617008209228515625">
        <ele>1.60000002384185791015625</ele>
        <time>2025-10-05T12:47:06.000Z</time>
        <extensions>
          <ns3:TrackPointExtension>
            <ns3:hr>155</ns3:hr>
            <ns3:cad>87</ns3:cad>
          </ns3:TrackPointExtension>
        </extensions>
      </trkpt>
      <trkpt lat="31.16279575042426586151123046875" lon="121.1996160261332988739013671875">
        <ele>1.60000002384185791015625</ele>
        <time>2025-10-05T12:47:07.000Z</time>
        <extensions>
          <ns3:TrackPointExtension>
            <ns3:hr>155</ns3:hr>
            <ns3:cad>87</ns3:cad>
          </ns3:TrackPointExtension>
        </extensions>
      </trkpt>
      <trkpt lat="31.1628203094005584716796875" lon="121.1996143497526645660400390625">
        <ele>1.60000002384185791015625</ele>
        <time>2025-10-05T12:47:08.000Z</time>
        <extensions>
          <ns3:TrackPointExtension>
            <ns3:hr>156</ns3:hr>
            <ns3:cad>86</ns3:cad>
          </ns3:TrackPointExtension>
        </extensions>
      </trkpt>
      <trkpt lat="31.162847466766834259033203125" lon="121.19961594231426715850830078125">
        <ele>1.60000002384185791015625</ele>
        <time>2025-10-05T12:47:09.000Z</time>
        <extensions>
          <ns3:TrackPointExtension>
            <ns3:hr>155</ns3:hr>
            <ns3:cad>85</ns3:cad>
          </ns3:TrackPointExtension>
        </extensions>
      </trkpt>
      <trkpt lat="31.16286682896316051483154296875" lon="121.1996069736778736114501953125">
        <ele>1.60000002384185791015625</ele>
        <time>2025-10-05T12:47:10.000Z</time>
        <extensions>
          <ns3:TrackPointExtension>
            <ns3:hr>155</ns3:hr>
            <ns3:cad>85</ns3:cad>
          </ns3:TrackPointExtension>
        </extensions>
      </trkpt>
      <trkpt lat="31.16289666853845119476318359375" lon="121.1996032856404781341552734375">
        <ele>1.60000002384185791015625</ele>
        <time>2025-10-05T12:47:11.000Z</time>
        <extensions>
          <ns3:TrackPointExtension>
            <ns3:hr>155</ns3:hr>
            <ns3:cad>86</ns3:cad>
          </ns3:TrackPointExtension>
        </extensions>
      </trkpt>
      <trkpt lat="31.162918545305728912353515625" lon="121.19959674775600433349609375">
        <ele>1.60000002384185791015625</ele>
        <time>2025-10-05T12:47:12.000Z</time>
        <extensions>
          <ns3:TrackPointExtension>
            <ns3:hr>155</ns3:hr>
            <ns3:cad>86</ns3:cad>
          </ns3:TrackPointExtension>
        </extensions>
      </trkpt>
      <trkpt lat="31.1629411764442920684814453125" lon="121.199589706957340240478515625">
        <ele>1.60000002384185791015625</ele>
        <time>2025-10-05T12:47:13.000Z</time>
        <extensions>
          <ns3:TrackPointExtension>
            <ns3:hr>155</ns3:hr>
            <ns3:cad>86</ns3:cad>
          </ns3:TrackPointExtension>
        </extensions>
      </trkpt>
      <trkpt lat="31.16296447813510894775390625" lon="121.1995824985206127166748046875">
        <ele>1.60000002384185791015625</ele>
        <time>2025-10-05T12:47:14.000Z</time>
        <extensions>
          <ns3:TrackPointExtension>
            <ns3:hr>155</ns3:hr>
            <ns3:cad>85</ns3:cad>
          </ns3:TrackPointExtension>
        </extensions>
      </trkpt>
      <trkpt lat="31.1629854328930377960205078125" lon="121.199574284255504608154296875">
        <ele>1.60000002384185791015625</ele>
        <time>2025-10-05T12:47:15.000Z</time>
        <extensions>
          <ns3:TrackPointExtension>
            <ns3:hr>155</ns3:hr>
            <ns3:cad>85</ns3:cad>
          </ns3:TrackPointExtension>
        </extensions>
      </trkpt>
      <trkpt lat="31.1630102433264255523681640625" lon="121.19956816546618938446044921875">
        <ele>1.60000002384185791015625</ele>
        <time>2025-10-05T12:47:16.000Z</time>
        <extensions>
          <ns3:TrackPointExtension>
            <ns3:hr>155</ns3:hr>
            <ns3:cad>85</ns3:cad>
          </ns3:TrackPointExtension>
        </extensions>
      </trkpt>
      <trkpt lat="31.16303279064595699310302734375" lon="121.19956229813396930694580078125">
        <ele>1.60000002384185791015625</ele>
        <time>2025-10-05T12:47:17.000Z</time>
        <extensions>
          <ns3:TrackPointExtension>
            <ns3:hr>156</ns3:hr>
            <ns3:cad>85</ns3:cad>
          </ns3:TrackPointExtension>
        </extensions>
      </trkpt>
      <trkpt lat="31.16306078620254993438720703125" lon="121.19955760426819324493408203125">
        <ele>1.60000002384185791015625</ele>
        <time>2025-10-05T12:47:18.000Z</time>
        <extensions>
          <ns3:TrackPointExtension>
            <ns3:hr>155</ns3:hr>
            <ns3:cad>86</ns3:cad>
          </ns3:TrackPointExtension>
        </extensions>
      </trkpt>
      <trkpt lat="31.163082830607891082763671875" lon="121.1995529942214488983154296875">
        <ele>1.60000002384185791015625</ele>
        <time>2025-10-05T12:47:19.000Z</time>
        <extensions>
          <ns3:TrackPointExtension>
            <ns3:hr>155</ns3:hr>
            <ns3:cad>86</ns3:cad>
          </ns3:TrackPointExtension>
        </extensions>
      </trkpt>
      <trkpt lat="31.16310990415513515472412109375" lon="121.199550144374370574951171875">
        <ele>1.7999999523162841796875</ele>
        <time>2025-10-05T12:47:20.000Z</time>
        <extensions>
          <ns3:TrackPointExtension>
            <ns3:hr>155</ns3:hr>
            <ns3:cad>86</ns3:cad>
          </ns3:TrackPointExtension>
        </extensions>
      </trkpt>
      <trkpt lat="31.16313203237950801849365234375" lon="121.19954721070826053619384765625">
        <ele>1.7999999523162841796875</ele>
        <time>2025-10-05T12:47:21.000Z</time>
        <extensions>
          <ns3:TrackPointExtension>
            <ns3:hr>155</ns3:hr>
            <ns3:cad>86</ns3:cad>
          </ns3:TrackPointExtension>
        </extensions>
      </trkpt>
      <trkpt lat="31.1631564237177371978759765625" lon="121.1995456181466579437255859375">
        <ele>1.7999999523162841796875</ele>
        <time>2025-10-05T12:47:22.000Z</time>
        <extensions>
          <ns3:TrackPointExtension>
            <ns3:hr>154</ns3:hr>
            <ns3:cad>86</ns3:cad>
          </ns3:TrackPointExtension>
        </extensions>
      </trkpt>
      <trkpt lat="31.163180060684680938720703125" lon="121.19954067282378673553466796875">
        <ele>1.7999999523162841796875</ele>
        <time>2025-10-05T12:47:23.000Z</time>
        <extensions>
          <ns3:TrackPointExtension>
            <ns3:hr>154</ns3:hr>
            <ns3:cad>86</ns3:cad>
          </ns3:TrackPointExtension>
        </extensions>
      </trkpt>
      <trkpt lat="31.16320344619452953338623046875" lon="121.19953815825283527374267578125">
        <ele>1.7999999523162841796875</ele>
        <time>2025-10-05T12:47:24.000Z</time>
        <extensions>
          <ns3:TrackPointExtension>
            <ns3:hr>154</ns3:hr>
            <ns3:cad>86</ns3:cad>
          </ns3:TrackPointExtension>
        </extensions>
      </trkpt>
      <trkpt lat="31.16322758607566356658935546875" lon="121.19952877052128314971923828125">
        <ele>1.7999999523162841796875</ele>
        <time>2025-10-05T12:47:25.000Z</time>
        <extensions>
          <ns3:TrackPointExtension>
            <ns3:hr>155</ns3:hr>
            <ns3:cad>86</ns3:cad>
          </ns3:TrackPointExtension>
        </extensions>
      </trkpt>
      <trkpt lat="31.16324971430003643035888671875" lon="121.19952491484582424163818359375">
        <ele>1.7999999523162841796875</ele>
        <time>2025-10-05T12:47:26.000Z</time>
        <extensions>
          <ns3:TrackPointExtension>
            <ns3:hr>154</ns3:hr>
            <ns3:cad>86</ns3:cad>
          </ns3:TrackPointExtension>
        </extensions>
      </trkpt>
      <trkpt lat="31.1632736027240753173828125" lon="121.1995209753513336181640625">
        <ele>1.7999999523162841796875</ele>
        <time>2025-10-05T12:47:27.000Z</time>
        <extensions>
          <ns3:TrackPointExtension>
            <ns3:hr>154</ns3:hr>
            <ns3:cad>86</ns3:cad>
          </ns3:TrackPointExtension>
        </extensions>
      </trkpt>
      <trkpt lat="31.1632950603961944580078125" lon="121.1995167843997478485107421875">
        <ele>1.7999999523162841796875</ele>
        <time>2025-10-05T12:47:28.000Z</time>
        <extensions>
          <ns3:TrackPointExtension>
            <ns3:hr>154</ns3:hr>
            <ns3:cad>86</ns3:cad>
          </ns3:TrackPointExtension>
        </extensions>
      </trkpt>
      <trkpt lat="31.16331450641155242919921875" lon="121.1995097436010837554931640625">
        <ele>1.7999999523162841796875</ele>
        <time>2025-10-05T12:47:29.000Z</time>
        <extensions>
          <ns3:TrackPointExtension>
            <ns3:hr>154</ns3:hr>
            <ns3:cad>87</ns3:cad>
          </ns3:TrackPointExtension>
        </extensions>
      </trkpt>
      <trkpt lat="31.1633438430726528167724609375" lon="121.19950429536402225494384765625">
        <ele>1.7999999523162841796875</ele>
        <time>2025-10-05T12:47:30.000Z</time>
        <extensions>
          <ns3:TrackPointExtension>
            <ns3:hr>155</ns3:hr>
            <ns3:cad>87</ns3:cad>
          </ns3:TrackPointExtension>
        </extensions>
      </trkpt>
      <trkpt lat="31.16336655803024768829345703125" lon="121.19949641637504100799560546875">
        <ele>1.7999999523162841796875</ele>
        <time>2025-10-05T12:47:31.000Z</time>
        <extensions>
          <ns3:TrackPointExtension>
            <ns3:hr>154</ns3:hr>
            <ns3:cad>87</ns3:cad>
          </ns3:TrackPointExtension>
        </extensions>
      </trkpt>
      <trkpt lat="31.1633948050439357757568359375" lon="121.1994882859289646148681640625">
        <ele>1.7999999523162841796875</ele>
        <time>2025-10-05T12:47:32.000Z</time>
        <extensions>
          <ns3:TrackPointExtension>
            <ns3:hr>154</ns3:hr>
            <ns3:cad>85</ns3:cad>
          </ns3:TrackPointExtension>
        </extensions>
      </trkpt>
      <trkpt lat="31.163414753973484039306640625" lon="121.19948015548288822174072265625">
        <ele>1.7999999523162841796875</ele>
        <time>2025-10-05T12:47:33.000Z</time>
        <extensions>
          <ns3:TrackPointExtension>
            <ns3:hr>155</ns3:hr>
            <ns3:cad>85</ns3:cad>
          </ns3:TrackPointExtension>
        </extensions>
      </trkpt>
      <trkpt lat="31.16343881003558635711669921875" lon="121.19947579689323902130126953125">
        <ele>1.7999999523162841796875</ele>
        <time>2025-10-05T12:47:34.000Z</time>
        <extensions>
          <ns3:TrackPointExtension>
            <ns3:hr>155</ns3:hr>
            <ns3:cad>85</ns3:cad>
          </ns3:TrackPointExtension>
        </extensions>
      </trkpt>
      <trkpt lat="31.163461022078990936279296875" lon="121.19946707971394062042236328125">
        <ele>1.60000002384185791015625</ele>
        <time>2025-10-05T12:47:35.000Z</time>
        <extensions>
          <ns3:TrackPointExtension>
            <ns3:hr>155</ns3:hr>
            <ns3:cad>85</ns3:cad>
          </ns3:TrackPointExtension>
        </extensions>
      </trkpt>
      <trkpt lat="31.1634843237698078155517578125" lon="121.199461631476879119873046875">
        <ele>1.60000002384185791015625</ele>
        <time>2025-10-05T12:47:36.000Z</time>
        <extensions>
          <ns3:TrackPointExtension>
            <ns3:hr>155</ns3:hr>
            <ns3:cad>86</ns3:cad>
          </ns3:TrackPointExtension>
        </extensions>
      </trkpt>
      <trkpt lat="31.16351005621254444122314453125" lon="121.199454925954341888427734375">
        <ele>1.60000002384185791015625</ele>
        <time>2025-10-05T12:47:37.000Z</time>
        <extensions>
          <ns3:TrackPointExtension>
            <ns3:hr>155</ns3:hr>
            <ns3:cad>86</ns3:cad>
          </ns3:TrackPointExtension>
        </extensions>
      </trkpt>
      <trkpt lat="31.16353176534175872802734375" lon="121.19944931007921695709228515625">
        <ele>1.60000002384185791015625</ele>
        <time>2025-10-05T12:47:38.000Z</time>
        <extensions>
          <ns3:TrackPointExtension>
            <ns3:hr>155</ns3:hr>
            <ns3:cad>86</ns3:cad>
          </ns3:TrackPointExtension>
        </extensions>
      </trkpt>
      <trkpt lat="31.1635579168796539306640625" lon="121.19944310747087001800537109375">
        <ele>1.60000002384185791015625</ele>
        <time>2025-10-05T12:47:39.000Z</time>
        <extensions>
          <ns3:TrackPointExtension>
            <ns3:hr>155</ns3:hr>
            <ns3:cad>86</ns3:cad>
          </ns3:TrackPointExtension>
        </extensions>
      </trkpt>
      <trkpt lat="31.1635775305330753326416015625" lon="121.19943690486252307891845703125">
        <ele>1.60000002384185791015625</ele>
        <time>2025-10-05T12:47:40.000Z</time>
        <extensions>
          <ns3:TrackPointExtension>
            <ns3:hr>154</ns3:hr>
            <ns3:cad>86</ns3:cad>
          </ns3:TrackPointExtension>
        </extensions>
      </trkpt>
      <trkpt lat="31.16360393352806568145751953125" lon="121.1994346417486667633056640625">
        <ele>1.60000002384185791015625</ele>
        <time>2025-10-05T12:47:41.000Z</time>
        <extensions>
          <ns3:TrackPointExtension>
            <ns3:hr>155</ns3:hr>
            <ns3:cad>85</ns3:cad>
          </ns3:TrackPointExtension>
        </extensions>
      </trkpt>
      <trkpt lat="31.16362698376178741455078125" lon="121.1994296126067638397216796875">
        <ele>1.60000002384185791015625</ele>
        <time>2025-10-05T12:47:42.000Z</time>
        <extensions>
          <ns3:TrackPointExtension>
            <ns3:hr>155</ns3:hr>
            <ns3:cad>85</ns3:cad>
          </ns3:TrackPointExtension>
        </extensions>
      </trkpt>
      <trkpt lat="31.1636496149003505706787109375" lon="121.1994269303977489471435546875">
        <ele>1.60000002384185791015625</ele>
        <time>2025-10-05T12:47:43.000Z</time>
        <extensions>
          <ns3:TrackPointExtension>
            <ns3:hr>155</ns3:hr>
            <ns3:cad>85</ns3:cad>
          </ns3:TrackPointExtension>
        </extensions>
      </trkpt>
      <trkpt lat="31.1636740900576114654541015625" lon="121.19942533783614635467529296875">
        <ele>1.60000002384185791015625</ele>
        <time>2025-10-05T12:47:44.000Z</time>
        <extensions>
          <ns3:TrackPointExtension>
            <ns3:hr>155</ns3:hr>
            <ns3:cad>86</ns3:cad>
          </ns3:TrackPointExtension>
        </extensions>
      </trkpt>
      <trkpt lat="31.16369546391069889068603515625" lon="121.19941729120910167694091796875">
        <ele>1.60000002384185791015625</ele>
        <time>2025-10-05T12:47:45.000Z</time>
        <extensions>
          <ns3:TrackPointExtension>
            <ns3:hr>155</ns3:hr>
            <ns3:cad>86</ns3:cad>
          </ns3:TrackPointExtension>
        </extensions>
      </trkpt>
      <trkpt lat="31.16372245363891124725341796875" lon="121.199410669505596160888671875">
        <ele>1.60000002384185791015625</ele>
        <time>2025-10-05T12:47:46.000Z</time>
        <extensions>
          <ns3:TrackPointExtension>
            <ns3:hr>155</ns3:hr>
            <ns3:cad>86</ns3:cad>
          </ns3:TrackPointExtension>
        </extensions>
      </trkpt>
      <trkpt lat="31.16374072618782520294189453125" lon="121.1994048021733760833740234375">
        <ele>1.60000002384185791015625</ele>
        <time>2025-10-05T12:47:47.000Z</time>
        <extensions>
          <ns3:TrackPointExtension>
            <ns3:hr>155</ns3:hr>
            <ns3:cad>86</ns3:cad>
          </ns3:TrackPointExtension>
        </extensions>
      </trkpt>
      <trkpt lat="31.16376704536378383636474609375" lon="121.19939784519374370574951171875">
        <ele>1.60000002384185791015625</ele>
        <time>2025-10-05T12:47:48.000Z</time>
        <extensions>
          <ns3:TrackPointExtension>
            <ns3:hr>155</ns3:hr>
            <ns3:cad>86</ns3:cad>
          </ns3:TrackPointExtension>
        </extensions>
      </trkpt>
      <trkpt lat="31.16378665901720523834228515625" lon="121.19939549826085567474365234375">
        <ele>1.60000002384185791015625</ele>
        <time>2025-10-05T12:47:49.000Z</time>
        <extensions>
          <ns3:TrackPointExtension>
            <ns3:hr>155</ns3:hr>
            <ns3:cad>86</ns3:cad>
          </ns3:TrackPointExtension>
        </extensions>
      </trkpt>
      <trkpt lat="31.1638112179934978485107421875" lon="121.19939113967120647430419921875">
        <ele>1.60000002384185791015625</ele>
        <time>2025-10-05T12:47:50.000Z</time>
        <extensions>
          <ns3:TrackPointExtension>
            <ns3:hr>155</ns3:hr>
            <ns3:cad>86</ns3:cad>
          </ns3:TrackPointExtension>
        </extensions>
      </trkpt>
      <trkpt lat="31.163836531341075897216796875" lon="121.199388206005096435546875">
        <ele>1.39999997615814208984375</ele>
        <time>2025-10-05T12:47:51.000Z</time>
        <extensions>
          <ns3:TrackPointExtension>
            <ns3:hr>155</ns3:hr>
            <ns3:cad>86</ns3:cad>
          </ns3:TrackPointExtension>
        </extensions>
      </trkpt>
      <trkpt lat="31.163862682878971099853515625" lon="121.19938476942479610443115234375">
        <ele>1.39999997615814208984375</ele>
        <time>2025-10-05T12:47:52.000Z</time>
        <extensions>
          <ns3:TrackPointExtension>
            <ns3:hr>155</ns3:hr>
            <ns3:cad>86</ns3:cad>
          </ns3:TrackPointExtension>
        </extensions>
      </trkpt>
      <trkpt lat="31.16388858295977115631103515625" lon="121.19937957264482975006103515625">
        <ele>1.39999997615814208984375</ele>
        <time>2025-10-05T12:47:53.000Z</time>
        <extensions>
          <ns3:TrackPointExtension>
            <ns3:hr>155</ns3:hr>
            <ns3:cad>86</ns3:cad>
          </ns3:TrackPointExtension>
        </extensions>
      </trkpt>
      <trkpt lat="31.1639104597270488739013671875" lon="121.1993749625980854034423828125">
        <ele>1.60000002384185791015625</ele>
        <time>2025-10-05T12:47:54.000Z</time>
        <extensions>
          <ns3:TrackPointExtension>
            <ns3:hr>155</ns3:hr>
            <ns3:cad>86</ns3:cad>
          </ns3:TrackPointExtension>
        </extensions>
      </trkpt>
      <trkpt lat="31.1639387905597686767578125" lon="121.19937269948422908782958984375">
        <ele>1.60000002384185791015625</ele>
        <time>2025-10-05T12:47:55.000Z</time>
        <extensions>
          <ns3:TrackPointExtension>
            <ns3:hr>155</ns3:hr>
            <ns3:cad>86</ns3:cad>
          </ns3:TrackPointExtension>
        </extensions>
      </trkpt>
      <trkpt lat="31.1639600805938243865966796875" lon="121.1993662454187870025634765625">
        <ele>1.60000002384185791015625</ele>
        <time>2025-10-05T12:47:56.000Z</time>
        <extensions>
          <ns3:TrackPointExtension>
            <ns3:hr>155</ns3:hr>
            <ns3:cad>86</ns3:cad>
          </ns3:TrackPointExtension>
        </extensions>
      </trkpt>
      <trkpt lat="31.163982041180133819580078125" lon="121.1993622221052646636962890625">
        <ele>1.60000002384185791015625</ele>
        <time>2025-10-05T12:47:57.000Z</time>
        <extensions>
          <ns3:TrackPointExtension>
            <ns3:hr>155</ns3:hr>
            <ns3:cad>86</ns3:cad>
          </ns3:TrackPointExtension>
        </extensions>
      </trkpt>
      <trkpt lat="31.164010204374790191650390625" lon="121.19935342110693454742431640625">
        <ele>1.60000002384185791015625</ele>
        <time>2025-10-05T12:47:58.000Z</time>
        <extensions>
          <ns3:TrackPointExtension>
            <ns3:hr>156</ns3:hr>
            <ns3:cad>86</ns3:cad>
          </ns3:TrackPointExtension>
        </extensions>
      </trkpt>
      <trkpt lat="31.16403459571301937103271484375" lon="121.19934319518506526947021484375">
        <ele>1.39999997615814208984375</ele>
        <time>2025-10-05T12:47:59.000Z</time>
        <extensions>
          <ns3:TrackPointExtension>
            <ns3:hr>155</ns3:hr>
            <ns3:cad>86</ns3:cad>
          </ns3:TrackPointExtension>
        </extensions>
      </trkpt>
      <trkpt lat="31.164062507450580596923828125" lon="121.199340261518955230712890625">
        <ele>1.39999997615814208984375</ele>
        <time>2025-10-05T12:48:00.000Z</time>
        <extensions>
          <ns3:TrackPointExtension>
            <ns3:hr>155</ns3:hr>
            <ns3:cad>87</ns3:cad>
          </ns3:TrackPointExtension>
        </extensions>
      </trkpt>
      <trkpt lat="31.16408430039882659912109375" lon="121.1993367411196231842041015625">
        <ele>1.39999997615814208984375</ele>
        <time>2025-10-05T12:48:01.000Z</time>
        <extensions>
          <ns3:TrackPointExtension>
            <ns3:hr>155</ns3:hr>
            <ns3:cad>87</ns3:cad>
          </ns3:TrackPointExtension>
        </extensions>
      </trkpt>
      <trkpt lat="31.16410844027996063232421875" lon="121.1993307061493396759033203125">
        <ele>1.39999997615814208984375</ele>
        <time>2025-10-05T12:48:02.000Z</time>
        <extensions>
          <ns3:TrackPointExtension>
            <ns3:hr>155</ns3:hr>
            <ns3:cad>86</ns3:cad>
          </ns3:TrackPointExtension>
        </extensions>
      </trkpt>
      <trkpt lat="31.16413501091301441192626953125" lon="121.19932777248322963714599609375">
        <ele>1.60000002384185791015625</ele>
        <time>2025-10-05T12:48:03.000Z</time>
        <extensions>
          <ns3:TrackPointExtension>
            <ns3:hr>155</ns3:hr>
            <ns3:cad>86</ns3:cad>
          </ns3:TrackPointExtension>
        </extensions>
      </trkpt>
      <trkpt lat="31.1641629226505756378173828125" lon="121.19931972585618495941162109375">
        <ele>1.39999997615814208984375</ele>
        <time>2025-10-05T12:48:04.000Z</time>
        <extensions>
          <ns3:TrackPointExtension>
            <ns3:hr>155</ns3:hr>
            <ns3:cad>86</ns3:cad>
          </ns3:TrackPointExtension>
        </extensions>
      </trkpt>
      <trkpt lat="31.16419024765491485595703125" lon="121.19931234978139400482177734375">
        <ele>1.39999997615814208984375</ele>
        <time>2025-10-05T12:48:05.000Z</time>
        <extensions>
          <ns3:TrackPointExtension>
            <ns3:hr>155</ns3:hr>
            <ns3:cad>86</ns3:cad>
          </ns3:TrackPointExtension>
        </extensions>
      </trkpt>
      <trkpt lat="31.164216734468936920166015625" lon="121.19930514134466648101806640625">
        <ele>1.39999997615814208984375</ele>
        <time>2025-10-05T12:48:06.000Z</time>
        <extensions>
          <ns3:TrackPointExtension>
            <ns3:hr>154</ns3:hr>
            <ns3:cad>87</ns3:cad>
          </ns3:TrackPointExtension>
        </extensions>
      </trkpt>
      <trkpt lat="31.16424431093037128448486328125" lon="121.19930363260209560394287109375">
        <ele>1.2000000476837158203125</ele>
        <time>2025-10-05T12:48:07.000Z</time>
        <extensions>
          <ns3:TrackPointExtension>
            <ns3:hr>154</ns3:hr>
            <ns3:cad>87</ns3:cad>
          </ns3:TrackPointExtension>
        </extensions>
      </trkpt>
      <trkpt lat="31.16426660679280757904052734375" lon="121.1993001960217952728271484375">
        <ele>1.2000000476837158203125</ele>
        <time>2025-10-05T12:48:08.000Z</time>
        <extensions>
          <ns3:TrackPointExtension>
            <ns3:hr>154</ns3:hr>
            <ns3:cad>86</ns3:cad>
          </ns3:TrackPointExtension>
        </extensions>
      </trkpt>
      <trkpt lat="31.16429326124489307403564453125" lon="121.19929458014667034149169921875">
        <ele>1.2000000476837158203125</ele>
        <time>2025-10-05T12:48:09.000Z</time>
        <extensions>
          <ns3:TrackPointExtension>
            <ns3:hr>154</ns3:hr>
            <ns3:cad>86</ns3:cad>
          </ns3:TrackPointExtension>
        </extensions>
      </trkpt>
      <trkpt lat="31.16431589238345623016357421875" lon="121.199288628995418548583984375">
        <ele>1.39999997615814208984375</ele>
        <time>2025-10-05T12:48:10.000Z</time>
        <extensions>
          <ns3:TrackPointExtension>
            <ns3:hr>154</ns3:hr>
            <ns3:cad>86</ns3:cad>
          </ns3:TrackPointExtension>
        </extensions>
      </trkpt>
      <trkpt lat="31.16434573195874691009521484375" lon="121.1992854438722133636474609375">
        <ele>1.39999997615814208984375</ele>
        <time>2025-10-05T12:48:11.000Z</time>
        <extensions>
          <ns3:TrackPointExtension>
            <ns3:hr>154</ns3:hr>
            <ns3:cad>86</ns3:cad>
          </ns3:TrackPointExtension>
        </extensions>
      </trkpt>
      <trkpt lat="31.1643652617931365966796875" lon="121.1992814205586910247802734375">
        <ele>1.39999997615814208984375</ele>
        <time>2025-10-05T12:48:12.000Z</time>
        <extensions>
          <ns3:TrackPointExtension>
            <ns3:hr>154</ns3:hr>
            <ns3:cad>87</ns3:cad>
          </ns3:TrackPointExtension>
        </extensions>
      </trkpt>
      <trkpt lat="31.16438915021717548370361328125" lon="121.19927823543548583984375">
        <ele>1.39999997615814208984375</ele>
        <time>2025-10-05T12:48:13.000Z</time>
        <extensions>
          <ns3:TrackPointExtension>
            <ns3:hr>154</ns3:hr>
            <ns3:cad>87</ns3:cad>
          </ns3:TrackPointExtension>
        </extensions>
      </trkpt>
      <trkpt lat="31.16441027261316776275634765625" lon="121.199278570711612701416015625">
        <ele>1.39999997615814208984375</ele>
        <time>2025-10-05T12:48:14.000Z</time>
        <extensions>
          <ns3:TrackPointExtension>
            <ns3:hr>154</ns3:hr>
            <ns3:cad>87</ns3:cad>
          </ns3:TrackPointExtension>
        </extensions>
      </trkpt>
      <trkpt lat="31.1644358374178409576416015625" lon="121.1992757208645343780517578125">
        <ele>1.39999997615814208984375</ele>
        <time>2025-10-05T12:48:15.000Z</time>
        <extensions>
          <ns3:TrackPointExtension>
            <ns3:hr>154</ns3:hr>
            <ns3:cad>87</ns3:cad>
          </ns3:TrackPointExtension>
        </extensions>
      </trkpt>
      <trkpt lat="31.16445469669997692108154296875" lon="121.19926541112363338470458984375">
        <ele>1.39999997615814208984375</ele>
        <time>2025-10-05T12:48:16.000Z</time>
        <extensions>
          <ns3:TrackPointExtension>
            <ns3:hr>154</ns3:hr>
            <ns3:cad>87</ns3:cad>
          </ns3:TrackPointExtension>
        </extensions>
      </trkpt>
      <trkpt lat="31.164476238191127777099609375" lon="121.1992572806775569915771484375">
        <ele>1.39999997615814208984375</ele>
        <time>2025-10-05T12:48:17.000Z</time>
        <extensions>
          <ns3:TrackPointExtension>
            <ns3:hr>154</ns3:hr>
            <ns3:cad>87</ns3:cad>
          </ns3:TrackPointExtension>
        </extensions>
      </trkpt>
      <trkpt lat="31.1644998751580715179443359375" lon="121.19924806058406829833984375">
        <ele>1.39999997615814208984375</ele>
        <time>2025-10-05T12:48:18.000Z</time>
        <extensions>
          <ns3:TrackPointExtension>
            <ns3:hr>153</ns3:hr>
            <ns3:cad>86</ns3:cad>
          </ns3:TrackPointExtension>
        </extensions>
      </trkpt>
      <trkpt lat="31.16451940499246120452880859375" lon="121.1992408521473407745361328125">
        <ele>1.39999997615814208984375</ele>
        <time>2025-10-05T12:48:19.000Z</time>
        <extensions>
          <ns3:TrackPointExtension>
            <ns3:hr>154</ns3:hr>
            <ns3:cad>86</ns3:cad>
          </ns3:TrackPointExtension>
        </extensions>
      </trkpt>
      <trkpt lat="31.16454354487359523773193359375" lon="121.19923439808189868927001953125">
        <ele>1.39999997615814208984375</ele>
        <time>2025-10-05T12:48:20.000Z</time>
        <extensions>
          <ns3:TrackPointExtension>
            <ns3:hr>154</ns3:hr>
            <ns3:cad>86</ns3:cad>
          </ns3:TrackPointExtension>
        </extensions>
      </trkpt>
      <trkpt lat="31.16456131450831890106201171875" lon="121.19922551326453685760498046875">
        <ele>1.39999997615814208984375</ele>
        <time>2025-10-05T12:48:21.000Z</time>
        <extensions>
          <ns3:TrackPointExtension>
            <ns3:hr>153</ns3:hr>
            <ns3:cad>87</ns3:cad>
          </ns3:TrackPointExtension>
        </extensions>
      </trkpt>
      <trkpt lat="31.16458562202751636505126953125" lon="121.19922182522714138031005859375">
        <ele>1.39999997615814208984375</ele>
        <time>2025-10-05T12:48:22.000Z</time>
        <extensions>
          <ns3:TrackPointExtension>
            <ns3:hr>154</ns3:hr>
            <ns3:cad>87</ns3:cad>
          </ns3:TrackPointExtension>
        </extensions>
      </trkpt>
      <trkpt lat="31.164608001708984375" lon="121.1992204003036022186279296875">
        <ele>1.39999997615814208984375</ele>
        <time>2025-10-05T12:48:23.000Z</time>
        <extensions>
          <ns3:TrackPointExtension>
            <ns3:hr>154</ns3:hr>
            <ns3:cad>86</ns3:cad>
          </ns3:TrackPointExtension>
        </extensions>
      </trkpt>
      <trkpt lat="31.1646309681236743927001953125" lon="121.1992183886468410491943359375">
        <ele>1.39999997615814208984375</ele>
        <time>2025-10-05T12:48:24.000Z</time>
        <extensions>
          <ns3:TrackPointExtension>
            <ns3:hr>153</ns3:hr>
            <ns3:cad>86</ns3:cad>
          </ns3:TrackPointExtension>
        </extensions>
      </trkpt>
      <trkpt lat="31.16465921513736248016357421875" lon="121.19921226985752582550048828125">
        <ele>1.39999997615814208984375</ele>
        <time>2025-10-05T12:48:25.000Z</time>
        <extensions>
          <ns3:TrackPointExtension>
            <ns3:hr>154</ns3:hr>
            <ns3:cad>86</ns3:cad>
          </ns3:TrackPointExtension>
        </extensions>
      </trkpt>
      <trkpt lat="31.16467966698110103607177734375" lon="121.199206151068210601806640625">
        <ele>1.39999997615814208984375</ele>
        <time>2025-10-05T12:48:26.000Z</time>
        <extensions>
          <ns3:TrackPointExtension>
            <ns3:hr>154</ns3:hr>
            <ns3:cad>86</ns3:cad>
          </ns3:TrackPointExtension>
        </extensions>
      </trkpt>
      <trkpt lat="31.1647064052522182464599609375" lon="121.19920154102146625518798828125">
        <ele>1.39999997615814208984375</ele>
        <time>2025-10-05T12:48:27.000Z</time>
        <extensions>
          <ns3:TrackPointExtension>
            <ns3:hr>153</ns3:hr>
            <ns3:cad>86</ns3:cad>
          </ns3:TrackPointExtension>
        </extensions>
      </trkpt>
      <trkpt lat="31.16472694091498851776123046875" lon="121.19920070283114910125732421875">
        <ele>1.39999997615814208984375</ele>
        <time>2025-10-05T12:48:28.000Z</time>
        <extensions>
          <ns3:TrackPointExtension>
            <ns3:hr>154</ns3:hr>
            <ns3:cad>85</ns3:cad>
          </ns3:TrackPointExtension>
        </extensions>
      </trkpt>
      <trkpt lat="31.1647541821002960205078125" lon="121.19919709861278533935546875">
        <ele>1.39999997615814208984375</ele>
        <time>2025-10-05T12:48:29.000Z</time>
        <extensions>
          <ns3:TrackPointExtension>
            <ns3:hr>154</ns3:hr>
            <ns3:cad>85</ns3:cad>
          </ns3:TrackPointExtension>
        </extensions>
      </trkpt>
      <trkpt lat="31.1647761426866054534912109375" lon="121.199194751679897308349609375">
        <ele>1.39999997615814208984375</ele>
        <time>2025-10-05T12:48:30.000Z</time>
        <extensions>
          <ns3:TrackPointExtension>
            <ns3:hr>153</ns3:hr>
            <ns3:cad>85</ns3:cad>
          </ns3:TrackPointExtension>
        </extensions>
      </trkpt>
      <trkpt lat="31.16480221040546894073486328125" lon="121.19919399730861186981201171875">
        <ele>1.39999997615814208984375</ele>
        <time>2025-10-05T12:48:31.000Z</time>
        <extensions>
          <ns3:TrackPointExtension>
            <ns3:hr>154</ns3:hr>
            <ns3:cad>85</ns3:cad>
          </ns3:TrackPointExtension>
        </extensions>
      </trkpt>
      <trkpt lat="31.164828948676586151123046875" lon="121.199191398918628692626953125">
        <ele>1.39999997615814208984375</ele>
        <time>2025-10-05T12:48:32.000Z</time>
        <extensions>
          <ns3:TrackPointExtension>
            <ns3:hr>154</ns3:hr>
            <ns3:cad>86</ns3:cad>
          </ns3:TrackPointExtension>
        </extensions>
      </trkpt>
      <trkpt lat="31.16485183127224445343017578125" lon="121.199188716709613800048828125">
        <ele>1.39999997615814208984375</ele>
        <time>2025-10-05T12:48:33.000Z</time>
        <extensions>
          <ns3:TrackPointExtension>
            <ns3:hr>154</ns3:hr>
            <ns3:cad>86</ns3:cad>
          </ns3:TrackPointExtension>
        </extensions>
      </trkpt>
      <trkpt lat="31.16488225758075714111328125" lon="121.1991851963102817535400390625">
        <ele>1.39999997615814208984375</ele>
        <time>2025-10-05T12:48:34.000Z</time>
        <extensions>
          <ns3:TrackPointExtension>
            <ns3:hr>153</ns3:hr>
            <ns3:cad>86</ns3:cad>
          </ns3:TrackPointExtension>
        </extensions>
      </trkpt>
      <trkpt lat="31.1649038828909397125244140625" lon="121.19918293319642543792724609375">
        <ele>1.39999997615814208984375</ele>
        <time>2025-10-05T12:48:35.000Z</time>
        <extensions>
          <ns3:TrackPointExtension>
            <ns3:hr>154</ns3:hr>
            <ns3:cad>86</ns3:cad>
          </ns3:TrackPointExtension>
        </extensions>
      </trkpt>
      <trkpt lat="31.1649330519139766693115234375" lon="121.199182681739330291748046875">
        <ele>1.39999997615814208984375</ele>
        <time>2025-10-05T12:48:36.000Z</time>
        <extensions>
          <ns3:TrackPointExtension>
            <ns3:hr>154</ns3:hr>
            <ns3:cad>86</ns3:cad>
          </ns3:TrackPointExtension>
        </extensions>
      </trkpt>
      <trkpt lat="31.16495744325220584869384765625" lon="121.19918125681579113006591796875">
        <ele>1.39999997615814208984375</ele>
        <time>2025-10-05T12:48:37.000Z</time>
        <extensions>
          <ns3:TrackPointExtension>
            <ns3:hr>153</ns3:hr>
            <ns3:cad>86</ns3:cad>
          </ns3:TrackPointExtension>
        </extensions>
      </trkpt>
      <trkpt lat="31.16498225368559360504150390625" lon="121.19917572475969791412353515625">
        <ele>1.39999997615814208984375</ele>
        <time>2025-10-05T12:48:38.000Z</time>
        <extensions>
          <ns3:TrackPointExtension>
            <ns3:hr>154</ns3:hr>
            <ns3:cad>87</ns3:cad>
          </ns3:TrackPointExtension>
        </extensions>
      </trkpt>
      <trkpt lat="31.16501075215637683868408203125" lon="121.19917455129325389862060546875">
        <ele>1.39999997615814208984375</ele>
        <time>2025-10-05T12:48:39.000Z</time>
        <extensions>
          <ns3:TrackPointExtension>
            <ns3:hr>154</ns3:hr>
            <ns3:cad>87</ns3:cad>
          </ns3:TrackPointExtension>
        </extensions>
      </trkpt>
      <trkpt lat="31.16503774188458919525146484375" lon="121.19917203672230243682861328125">
        <ele>1.39999997615814208984375</ele>
        <time>2025-10-05T12:48:40.000Z</time>
        <extensions>
          <ns3:TrackPointExtension>
            <ns3:hr>153</ns3:hr>
            <ns3:cad>87</ns3:cad>
          </ns3:TrackPointExtension>
        </extensions>
      </trkpt>
      <trkpt lat="31.16506841965019702911376953125" lon="121.19916650466620922088623046875">
        <ele>1.39999997615814208984375</ele>
        <time>2025-10-05T12:48:41.000Z</time>
        <extensions>
          <ns3:TrackPointExtension>
            <ns3:hr>154</ns3:hr>
            <ns3:cad>87</ns3:cad>
          </ns3:TrackPointExtension>
        </extensions>
      </trkpt>
      <trkpt lat="31.16509121842682361602783203125" lon="121.19916499592363834381103515625">
        <ele>1.39999997615814208984375</ele>
        <time>2025-10-05T12:48:42.000Z</time>
        <extensions>
          <ns3:TrackPointExtension>
            <ns3:hr>154</ns3:hr>
            <ns3:cad>86</ns3:cad>
          </ns3:TrackPointExtension>
        </extensions>
      </trkpt>
      <trkpt lat="31.1651194654405117034912109375" lon="121.1991561949253082275390625">
        <ele>1.39999997615814208984375</ele>
        <time>2025-10-05T12:48:43.000Z</time>
        <extensions>
          <ns3:TrackPointExtension>
            <ns3:hr>153</ns3:hr>
            <ns3:cad>86</ns3:cad>
          </ns3:TrackPointExtension>
        </extensions>
      </trkpt>
      <trkpt lat="31.16514218039810657501220703125" lon="121.19913934729993343353271484375">
        <ele>1.39999997615814208984375</ele>
        <time>2025-10-05T12:48:44.000Z</time>
        <extensions>
          <ns3:TrackPointExtension>
            <ns3:hr>154</ns3:hr>
            <ns3:cad>86</ns3:cad>
          </ns3:TrackPointExtension>
        </extensions>
      </trkpt>
      <trkpt lat="31.16515927948057651519775390625" lon="121.1991201527416706085205078125">
        <ele>1.39999997615814208984375</ele>
        <time>2025-10-05T12:48:45.000Z</time>
        <extensions>
          <ns3:TrackPointExtension>
            <ns3:hr>154</ns3:hr>
            <ns3:cad>86</ns3:cad>
          </ns3:TrackPointExtension>
        </extensions>
      </trkpt>
      <trkpt lat="31.16517235524952411651611328125" lon="121.19909517467021942138671875">
        <ele>1.39999997615814208984375</ele>
        <time>2025-10-05T12:48:46.000Z</time>
        <extensions>
          <ns3:TrackPointExtension>
            <ns3:hr>153</ns3:hr>
            <ns3:cad>86</ns3:cad>
          </ns3:TrackPointExtension>
        </extensions>
      </trkpt>
      <trkpt lat="31.165173947811126708984375" lon="121.1990708671510219573974609375">
        <ele>1.39999997615814208984375</ele>
        <time>2025-10-05T12:48:47.000Z</time>
        <extensions>
          <ns3:TrackPointExtension>
            <ns3:hr>153</ns3:hr>
            <ns3:cad>86</ns3:cad>
          </ns3:TrackPointExtension>
        </extensions>
      </trkpt>
      <trkpt lat="31.16515693254768848419189453125" lon="121.19904831983149051666259765625">
        <ele>1.2000000476837158203125</ele>
        <time>2025-10-05T12:48:48.000Z</time>
        <extensions>
          <ns3:TrackPointExtension>
            <ns3:hr>153</ns3:hr>
            <ns3:cad>85</ns3:cad>
          </ns3:TrackPointExtension>
        </extensions>
      </trkpt>
      <trkpt lat="31.16513949818909168243408203125" lon="121.19903641752898693084716796875">
        <ele>1.2000000476837158203125</ele>
        <time>2025-10-05T12:48:49.000Z</time>
        <extensions>
          <ns3:TrackPointExtension>
            <ns3:hr>153</ns3:hr>
            <ns3:cad>84</ns3:cad>
          </ns3:TrackPointExtension>
        </extensions>
      </trkpt>
      <trkpt lat="31.16512038744986057281494140625" lon="121.19902409613132476806640625">
        <ele>1.2000000476837158203125</ele>
        <time>2025-10-05T12:48:50.000Z</time>
        <extensions>
          <ns3:TrackPointExtension>
            <ns3:hr>154</ns3:hr>
            <ns3:cad>84</ns3:cad>
          </ns3:TrackPointExtension>
        </extensions>
      </trkpt>
      <trkpt lat="31.1651027016341686248779296875" lon="121.19901797734200954437255859375">
        <ele>1.2000000476837158203125</ele>
        <time>2025-10-05T12:48:51.000Z</time>
        <extensions>
          <ns3:TrackPointExtension>
            <ns3:hr>153</ns3:hr>
            <ns3:cad>84</ns3:cad>
          </ns3:TrackPointExtension>
        </extensions>
      </trkpt>
      <trkpt lat="31.16508250124752521514892578125" lon="121.19901428930461406707763671875">
        <ele>1.2000000476837158203125</ele>
        <time>2025-10-05T12:48:52.000Z</time>
        <extensions>
          <ns3:TrackPointExtension>
            <ns3:hr>153</ns3:hr>
            <ns3:cad>84</ns3:cad>
          </ns3:TrackPointExtension>
        </extensions>
      </trkpt>
      <trkpt lat="31.16506473161280155181884765625" lon="121.19901336729526519775390625">
        <ele>1.2000000476837158203125</ele>
        <time>2025-10-05T12:48:53.000Z</time>
        <extensions>
          <ns3:TrackPointExtension>
            <ns3:hr>154</ns3:hr>
            <ns3:cad>84</ns3:cad>
          </ns3:TrackPointExtension>
        </extensions>
      </trkpt>
      <trkpt lat="31.165045537054538726806640625" lon="121.1990118585526943206787109375">
        <ele>1.39999997615814208984375</ele>
        <time>2025-10-05T12:48:54.000Z</time>
        <extensions>
          <ns3:TrackPointExtension>
            <ns3:hr>154</ns3:hr>
            <ns3:cad>83</ns3:cad>
          </ns3:TrackPointExtension>
        </extensions>
      </trkpt>
      <trkpt lat="31.16502801887691020965576171875" lon="121.19901043362915515899658203125">
        <ele>1.39999997615814208984375</ele>
        <time>2025-10-05T12:48:55.000Z</time>
        <extensions>
          <ns3:TrackPointExtension>
            <ns3:hr>154</ns3:hr>
            <ns3:cad>82</ns3:cad>
          </ns3:TrackPointExtension>
        </extensions>
      </trkpt>
      <trkpt lat="31.16500698029994964599609375" lon="121.199009679257869720458984375">
        <ele>1.39999997615814208984375</ele>
        <time>2025-10-05T12:48:56.000Z</time>
        <extensions>
          <ns3:TrackPointExtension>
            <ns3:hr>153</ns3:hr>
            <ns3:cad>81</ns3:cad>
          </ns3:TrackPointExtension>
        </extensions>
      </trkpt>
      <trkpt lat="31.16499080322682857513427734375" lon="121.19901311583817005157470703125">
        <ele>1.39999997615814208984375</ele>
        <time>2025-10-05T12:48:57.000Z</time>
        <extensions>
          <ns3:TrackPointExtension>
            <ns3:hr>154</ns3:hr>
            <ns3:cad>81</ns3:cad>
          </ns3:TrackPointExtension>
        </extensions>
      </trkpt>
      <trkpt lat="31.1649739556014537811279296875" lon="121.1990165524184703826904296875">
        <ele>1.39999997615814208984375</ele>
        <time>2025-10-05T12:48:58.000Z</time>
        <extensions>
          <ns3:TrackPointExtension>
            <ns3:hr>154</ns3:hr>
            <ns3:cad>82</ns3:cad>
          </ns3:TrackPointExtension>
        </extensions>
      </trkpt>
      <trkpt lat="31.16494663059711456298828125" lon="121.1990145407617092132568359375">
        <ele>1.39999997615814208984375</ele>
        <time>2025-10-05T12:48:59.000Z</time>
        <extensions>
          <ns3:TrackPointExtension>
            <ns3:hr>154</ns3:hr>
            <ns3:cad>82</ns3:cad>
          </ns3:TrackPointExtension>
        </extensions>
      </trkpt>
      <trkpt lat="31.164923496544361114501953125" lon="121.19901831261813640594482421875">
        <ele>1.39999997615814208984375</ele>
        <time>2025-10-05T12:49:00.000Z</time>
        <extensions>
          <ns3:TrackPointExtension>
            <ns3:hr>153</ns3:hr>
            <ns3:cad>82</ns3:cad>
          </ns3:TrackPointExtension>
        </extensions>
      </trkpt>
      <trkpt lat="31.16489994339644908905029296875" lon="121.19901915080845355987548828125">
        <ele>1.39999997615814208984375</ele>
        <time>2025-10-05T12:49:01.000Z</time>
        <extensions>
          <ns3:TrackPointExtension>
            <ns3:hr>154</ns3:hr>
            <ns3:cad>83</ns3:cad>
          </ns3:TrackPointExtension>
        </extensions>
      </trkpt>
      <trkpt lat="31.1648763902485370635986328125" lon="121.19902149774134159088134765625">
        <ele>1.39999997615814208984375</ele>
        <time>2025-10-05T12:49:02.000Z</time>
        <extensions>
          <ns3:TrackPointExtension>
            <ns3:hr>154</ns3:hr>
            <ns3:cad>84</ns3:cad>
          </ns3:TrackPointExtension>
        </extensions>
      </trkpt>
      <trkpt lat="31.164853088557720184326171875" lon="121.19902619160711765289306640625">
        <ele>1.39999997615814208984375</ele>
        <time>2025-10-05T12:49:03.000Z</time>
        <extensions>
          <ns3:TrackPointExtension>
            <ns3:hr>154</ns3:hr>
            <ns3:cad>84</ns3:cad>
          </ns3:TrackPointExtension>
        </extensions>
      </trkpt>
      <trkpt lat="31.16482869721949100494384765625" lon="121.19902568869292736053466796875">
        <ele>1.39999997615814208984375</ele>
        <time>2025-10-05T12:49:04.000Z</time>
        <extensions>
          <ns3:TrackPointExtension>
            <ns3:hr>154</ns3:hr>
            <ns3:cad>85</ns3:cad>
          </ns3:TrackPointExtension>
        </extensions>
      </trkpt>
      <trkpt lat="31.16480455733835697174072265625" lon="121.19903088547289371490478515625">
        <ele>1.39999997615814208984375</ele>
        <time>2025-10-05T12:49:05.000Z</time>
        <extensions>
          <ns3:TrackPointExtension>
            <ns3:hr>153</ns3:hr>
            <ns3:cad>85</ns3:cad>
          </ns3:TrackPointExtension>
        </extensions>
      </trkpt>
      <trkpt lat="31.164775975048542022705078125" lon="121.19903138838708400726318359375">
        <ele>1.60000002384185791015625</ele>
        <time>2025-10-05T12:49:06.000Z</time>
        <extensions>
          <ns3:TrackPointExtension>
            <ns3:hr>154</ns3:hr>
            <ns3:cad>84</ns3:cad>
          </ns3:TrackPointExtension>
        </extensions>
      </trkpt>
      <trkpt lat="31.16475476883351802825927734375" lon="121.199031807482242584228515625">
        <ele>1.60000002384185791015625</ele>
        <time>2025-10-05T12:49:07.000Z</time>
        <extensions>
          <ns3:TrackPointExtension>
            <ns3:hr>154</ns3:hr>
            <ns3:cad>84</ns3:cad>
          </ns3:TrackPointExtension>
        </extensions>
      </trkpt>
      <trkpt lat="31.1647335626184940338134765625" lon="121.19903340004384517669677734375">
        <ele>1.60000002384185791015625</ele>
        <time>2025-10-05T12:49:08.000Z</time>
        <extensions>
          <ns3:TrackPointExtension>
            <ns3:hr>153</ns3:hr>
            <ns3:cad>84</ns3:cad>
          </ns3:TrackPointExtension>
        </extensions>
      </trkpt>
      <trkpt lat="31.16470791399478912353515625" lon="121.1990380100905895233154296875">
        <ele>1.39999997615814208984375</ele>
        <time>2025-10-05T12:49:09.000Z</time>
        <extensions>
          <ns3:TrackPointExtension>
            <ns3:hr>154</ns3:hr>
            <ns3:cad>84</ns3:cad>
          </ns3:TrackPointExtension>
        </extensions>
      </trkpt>
      <trkpt lat="31.16469182074069976806640625" lon="121.19904412887990474700927734375">
        <ele>1.39999997615814208984375</ele>
        <time>2025-10-05T12:49:10.000Z</time>
        <extensions>
          <ns3:TrackPointExtension>
            <ns3:hr>154</ns3:hr>
            <ns3:cad>84</ns3:cad>
          </ns3:TrackPointExtension>
        </extensions>
      </trkpt>
      <trkpt lat="31.16466692648828029632568359375" lon="121.199043877422809600830078125">
        <ele>1.39999997615814208984375</ele>
        <time>2025-10-05T12:49:11.000Z</time>
        <extensions>
          <ns3:TrackPointExtension>
            <ns3:hr>153</ns3:hr>
            <ns3:cad>84</ns3:cad>
          </ns3:TrackPointExtension>
        </extensions>
      </trkpt>
      <trkpt lat="31.16465234197676181793212890625" lon="121.19904781691730022430419921875">
        <ele>1.39999997615814208984375</ele>
        <time>2025-10-05T12:49:12.000Z</time>
        <extensions>
          <ns3:TrackPointExtension>
            <ns3:hr>154</ns3:hr>
            <ns3:cad>84</ns3:cad>
          </ns3:TrackPointExtension>
        </extensions>
      </trkpt>
      <trkpt lat="31.1646272800862789154052734375" lon="121.199045889079570770263671875">
        <ele>1.39999997615814208984375</ele>
        <time>2025-10-05T12:49:13.000Z</time>
        <extensions>
          <ns3:TrackPointExtension>
            <ns3:hr>154</ns3:hr>
            <ns3:cad>84</ns3:cad>
          </ns3:TrackPointExtension>
        </extensions>
      </trkpt>
      <trkpt lat="31.16460892371833324432373046875" lon="121.1990473978221416473388671875">
        <ele>1.39999997615814208984375</ele>
        <time>2025-10-05T12:49:14.000Z</time>
        <extensions>
          <ns3:TrackPointExtension>
            <ns3:hr>153</ns3:hr>
            <ns3:cad>84</ns3:cad>
          </ns3:TrackPointExtension>
        </extensions>
      </trkpt>
      <trkpt lat="31.164590232074260711669921875" lon="121.19905385188758373260498046875">
        <ele>1.39999997615814208984375</ele>
        <time>2025-10-05T12:49:15.000Z</time>
        <extensions>
          <ns3:TrackPointExtension>
            <ns3:hr>154</ns3:hr>
            <ns3:cad>84</ns3:cad>
          </ns3:TrackPointExtension>
        </extensions>
      </trkpt>
      <trkpt lat="31.16457154043018817901611328125" lon="121.199057959020137786865234375">
        <ele>1.39999997615814208984375</ele>
        <time>2025-10-05T12:49:16.000Z</time>
        <extensions>
          <ns3:TrackPointExtension>
            <ns3:hr>153</ns3:hr>
            <ns3:cad>84</ns3:cad>
          </ns3:TrackPointExtension>
        </extensions>
      </trkpt>
      <trkpt lat="31.1645565368235111236572265625" lon="121.19906692765653133392333984375">
        <ele>1.39999997615814208984375</ele>
        <time>2025-10-05T12:49:17.000Z</time>
        <extensions>
          <ns3:TrackPointExtension>
            <ns3:hr>153</ns3:hr>
            <ns3:cad>85</ns3:cad>
          </ns3:TrackPointExtension>
        </extensions>
      </trkpt>
      <trkpt lat="31.16453013382852077484130859375" lon="121.199075393378734588623046875">
        <ele>1.39999997615814208984375</ele>
        <time>2025-10-05T12:49:18.000Z</time>
        <extensions>
          <ns3:TrackPointExtension>
            <ns3:hr>153</ns3:hr>
            <ns3:cad>85</ns3:cad>
          </ns3:TrackPointExtension>
        </extensions>
      </trkpt>
      <trkpt lat="31.1645089276134967803955078125" lon="121.1990819312632083892822265625">
        <ele>1.60000002384185791015625</ele>
        <time>2025-10-05T12:49:19.000Z</time>
        <extensions>
          <ns3:TrackPointExtension>
            <ns3:hr>154</ns3:hr>
            <ns3:cad>84</ns3:cad>
          </ns3:TrackPointExtension>
        </extensions>
      </trkpt>
      <trkpt lat="31.16448956541717052459716796875" lon="121.19908838532865047454833984375">
        <ele>1.39999997615814208984375</ele>
        <time>2025-10-05T12:49:20.000Z</time>
        <extensions>
          <ns3:TrackPointExtension>
            <ns3:hr>153</ns3:hr>
            <ns3:cad>84</ns3:cad>
          </ns3:TrackPointExtension>
        </extensions>
      </trkpt>
      <trkpt lat="31.164466850459575653076171875" lon="121.19909341447055339813232421875">
        <ele>1.39999997615814208984375</ele>
        <time>2025-10-05T12:49:21.000Z</time>
        <extensions>
          <ns3:TrackPointExtension>
            <ns3:hr>153</ns3:hr>
            <ns3:cad>85</ns3:cad>
          </ns3:TrackPointExtension>
        </extensions>
      </trkpt>
      <trkpt lat="31.1644452251493930816650390625" lon="121.19909777306020259857177734375">
        <ele>1.39999997615814208984375</ele>
        <time>2025-10-05T12:49:22.000Z</time>
        <extensions>
          <ns3:TrackPointExtension>
            <ns3:hr>153</ns3:hr>
            <ns3:cad>85</ns3:cad>
          </ns3:TrackPointExtension>
        </extensions>
      </trkpt>
      <trkpt lat="31.164423264563083648681640625" lon="121.1991025507450103759765625">
        <ele>1.39999997615814208984375</ele>
        <time>2025-10-05T12:49:23.000Z</time>
        <extensions>
          <ns3:TrackPointExtension>
            <ns3:hr>153</ns3:hr>
            <ns3:cad>85</ns3:cad>
          </ns3:TrackPointExtension>
        </extensions>
      </trkpt>
      <trkpt lat="31.16440482437610626220703125" lon="121.19909877888858318328857421875">
        <ele>1.39999997615814208984375</ele>
        <time>2025-10-05T12:49:24.000Z</time>
        <extensions>
          <ns3:TrackPointExtension>
            <ns3:hr>153</ns3:hr>
            <ns3:cad>84</ns3:cad>
          </ns3:TrackPointExtension>
        </extensions>
      </trkpt>
      <trkpt lat="31.1643848754465579986572265625" lon="121.19910053908824920654296875">
        <ele>1.39999997615814208984375</ele>
        <time>2025-10-05T12:49:25.000Z</time>
        <extensions>
          <ns3:TrackPointExtension>
            <ns3:hr>153</ns3:hr>
            <ns3:cad>84</ns3:cad>
          </ns3:TrackPointExtension>
        </extensions>
      </trkpt>
      <trkpt lat="31.164366267621517181396484375" lon="121.1991090886294841766357421875">
        <ele>1.39999997615814208984375</ele>
        <time>2025-10-05T12:49:26.000Z</time>
        <extensions>
          <ns3:TrackPointExtension>
            <ns3:hr>153</ns3:hr>
            <ns3:cad>84</ns3:cad>
          </ns3:TrackPointExtension>
        </extensions>
      </trkpt>
      <trkpt lat="31.16434640251100063323974609375" lon="121.1991248466074466705322265625">
        <ele>1.39999997615814208984375</ele>
        <time>2025-10-05T12:49:27.000Z</time>
        <extensions>
          <ns3:TrackPointExtension>
            <ns3:hr>152</ns3:hr>
            <ns3:cad>84</ns3:cad>
          </ns3:TrackPointExtension>
        </extensions>
      </trkpt>
      <trkpt lat="31.16432033479213714599609375" lon="121.1991318874061107635498046875">
        <ele>1.39999997615814208984375</ele>
        <time>2025-10-05T12:49:28.000Z</time>
        <extensions>
          <ns3:TrackPointExtension>
            <ns3:hr>152</ns3:hr>
            <ns3:cad>85</ns3:cad>
          </ns3:TrackPointExtension>
        </extensions>
      </trkpt>
      <trkpt lat="31.164294183254241943359375" lon="121.1991365812718868255615234375">
        <ele>1.39999997615814208984375</ele>
        <time>2025-10-05T12:49:29.000Z</time>
        <extensions>
          <ns3:TrackPointExtension>
            <ns3:hr>152</ns3:hr>
            <ns3:cad>84</ns3:cad>
          </ns3:TrackPointExtension>
        </extensions>
      </trkpt>
      <trkpt lat="31.16427046246826648712158203125" lon="121.1991469748318195343017578125">
        <ele>1.2000000476837158203125</ele>
        <time>2025-10-05T12:49:30.000Z</time>
        <extensions>
          <ns3:TrackPointExtension>
            <ns3:hr>152</ns3:hr>
            <ns3:cad>84</ns3:cad>
          </ns3:TrackPointExtension>
        </extensions>
      </trkpt>
      <trkpt lat="31.16424514912068843841552734375" lon="121.199155189096927642822265625">
        <ele>1.2000000476837158203125</ele>
        <time>2025-10-05T12:49:31.000Z</time>
        <extensions>
          <ns3:TrackPointExtension>
            <ns3:hr>152</ns3:hr>
            <ns3:cad>84</ns3:cad>
          </ns3:TrackPointExtension>
        </extensions>
      </trkpt>
      <trkpt lat="31.1642175726592540740966796875" lon="121.1991714499890804290771484375">
        <ele>1.2000000476837158203125</ele>
        <time>2025-10-05T12:49:32.000Z</time>
        <extensions>
          <ns3:TrackPointExtension>
            <ns3:hr>152</ns3:hr>
            <ns3:cad>84</ns3:cad>
          </ns3:TrackPointExtension>
        </extensions>
      </trkpt>
      <trkpt lat="31.16418899036943912506103515625" lon="121.19918544776737689971923828125">
        <ele>1.2000000476837158203125</ele>
        <time>2025-10-05T12:49:33.000Z</time>
        <extensions>
          <ns3:TrackPointExtension>
            <ns3:hr>152</ns3:hr>
            <ns3:cad>84</ns3:cad>
          </ns3:TrackPointExtension>
        </extensions>
      </trkpt>
      <trkpt lat="31.1641649343073368072509765625" lon="121.199192740023136138916015625">
        <ele>1.2000000476837158203125</ele>
        <time>2025-10-05T12:49:34.000Z</time>
        <extensions>
          <ns3:TrackPointExtension>
            <ns3:hr>153</ns3:hr>
            <ns3:cad>84</ns3:cad>
          </ns3:TrackPointExtension>
        </extensions>
      </trkpt>
      <trkpt lat="31.1641404591500759124755859375" lon="121.199202127754688262939453125">
        <ele>1.2000000476837158203125</ele>
        <time>2025-10-05T12:49:35.000Z</time>
        <extensions>
          <ns3:TrackPointExtension>
            <ns3:hr>153</ns3:hr>
            <ns3:cad>84</ns3:cad>
          </ns3:TrackPointExtension>
        </extensions>
      </trkpt>
      <trkpt lat="31.1641176603734493255615234375" lon="121.199205815792083740234375">
        <ele>1.2000000476837158203125</ele>
        <time>2025-10-05T12:49:36.000Z</time>
        <extensions>
          <ns3:TrackPointExtension>
            <ns3:hr>153</ns3:hr>
            <ns3:cad>83</ns3:cad>
          </ns3:TrackPointExtension>
        </extensions>
      </trkpt>
      <trkpt lat="31.1640978790819644927978515625" lon="121.19920908473432064056396484375">
        <ele>1.2000000476837158203125</ele>
        <time>2025-10-05T12:49:37.000Z</time>
        <extensions>
          <ns3:TrackPointExtension>
            <ns3:hr>153</ns3:hr>
            <ns3:cad>84</ns3:cad>
          </ns3:TrackPointExtension>
        </extensions>
      </trkpt>
      <trkpt lat="31.1640727333724498748779296875" lon="121.19920992292463779449462890625">
        <ele>1.2000000476837158203125</ele>
        <time>2025-10-05T12:49:38.000Z</time>
        <extensions>
          <ns3:TrackPointExtension>
            <ns3:hr>153</ns3:hr>
            <ns3:cad>85</ns3:cad>
          </ns3:TrackPointExtension>
        </extensions>
      </trkpt>
      <trkpt lat="31.16405613720417022705078125" lon="121.1992120184004306793212890625">
        <ele>1.2000000476837158203125</ele>
        <time>2025-10-05T12:49:39.000Z</time>
        <extensions>
          <ns3:TrackPointExtension>
            <ns3:hr>153</ns3:hr>
            <ns3:cad>85</ns3:cad>
          </ns3:TrackPointExtension>
        </extensions>
      </trkpt>
      <trkpt lat="31.16403467953205108642578125" lon="121.19921344332396984100341796875">
        <ele>1.2000000476837158203125</ele>
        <time>2025-10-05T12:49:40.000Z</time>
        <extensions>
          <ns3:TrackPointExtension>
            <ns3:hr>153</ns3:hr>
            <ns3:cad>85</ns3:cad>
          </ns3:TrackPointExtension>
        </extensions>
      </trkpt>
      <trkpt lat="31.16401732899248600006103515625" lon="121.199212186038494110107421875">
        <ele>1.2000000476837158203125</ele>
        <time>2025-10-05T12:49:41.000Z</time>
        <extensions>
          <ns3:TrackPointExtension>
            <ns3:hr>153</ns3:hr>
            <ns3:cad>85</ns3:cad>
          </ns3:TrackPointExtension>
        </extensions>
      </trkpt>
      <trkpt lat="31.163994111120700836181640625" lon="121.19920958764851093292236328125">
        <ele>1.2000000476837158203125</ele>
        <time>2025-10-05T12:49:42.000Z</time>
        <extensions>
          <ns3:TrackPointExtension>
            <ns3:hr>153</ns3:hr>
            <ns3:cad>85</ns3:cad>
          </ns3:TrackPointExtension>
        </extensions>
      </trkpt>
      <trkpt lat="31.16397122852504253387451171875" lon="121.19920841418206691741943359375">
        <ele>1.2000000476837158203125</ele>
        <time>2025-10-05T12:49:43.000Z</time>
        <extensions>
          <ns3:TrackPointExtension>
            <ns3:hr>153</ns3:hr>
            <ns3:cad>85</ns3:cad>
          </ns3:TrackPointExtension>
        </extensions>
      </trkpt>
      <trkpt lat="31.16395496763288974761962890625" lon="121.19921092875301837921142578125">
        <ele>1.2000000476837158203125</ele>
        <time>2025-10-05T12:49:44.000Z</time>
        <extensions>
          <ns3:TrackPointExtension>
            <ns3:hr>153</ns3:hr>
            <ns3:cad>85</ns3:cad>
          </ns3:TrackPointExtension>
        </extensions>
      </trkpt>
      <trkpt lat="31.16393250413239002227783203125" lon="121.19921176694333553314208984375">
        <ele>1.39999997615814208984375</ele>
        <time>2025-10-05T12:49:45.000Z</time>
        <extensions>
          <ns3:TrackPointExtension>
            <ns3:hr>153</ns3:hr>
            <ns3:cad>85</ns3:cad>
          </ns3:TrackPointExtension>
        </extensions>
      </trkpt>
      <trkpt lat="31.16391473449766635894775390625" lon="121.19921143166720867156982421875">
        <ele>1.39999997615814208984375</ele>
        <time>2025-10-05T12:49:46.000Z</time>
        <extensions>
          <ns3:TrackPointExtension>
            <ns3:hr>154</ns3:hr>
            <ns3:cad>85</ns3:cad>
          </ns3:TrackPointExtension>
        </extensions>
      </trkpt>
      <trkpt lat="31.16389428265392780303955078125" lon="121.1992147006094455718994140625">
        <ele>1.39999997615814208984375</ele>
        <time>2025-10-05T12:49:47.000Z</time>
        <extensions>
          <ns3:TrackPointExtension>
            <ns3:hr>153</ns3:hr>
            <ns3:cad>85</ns3:cad>
          </ns3:TrackPointExtension>
        </extensions>
      </trkpt>
      <trkpt lat="31.16387332789599895477294921875" lon="121.19921612553298473358154296875">
        <ele>1.39999997615814208984375</ele>
        <time>2025-10-05T12:49:48.000Z</time>
        <extensions>
          <ns3:TrackPointExtension>
            <ns3:hr>153</ns3:hr>
            <ns3:cad>83</ns3:cad>
          </ns3:TrackPointExtension>
        </extensions>
      </trkpt>
      <trkpt lat="31.16384985856711864471435546875" lon="121.19921813718974590301513671875">
        <ele>1.39999997615814208984375</ele>
        <time>2025-10-05T12:49:49.000Z</time>
        <extensions>
          <ns3:TrackPointExtension>
            <ns3:hr>153</ns3:hr>
            <ns3:cad>82</ns3:cad>
          </ns3:TrackPointExtension>
        </extensions>
      </trkpt>
      <trkpt lat="31.16382680833339691162109375" lon="121.19921713136136531829833984375">
        <ele>1.39999997615814208984375</ele>
        <time>2025-10-05T12:49:50.000Z</time>
        <extensions>
          <ns3:TrackPointExtension>
            <ns3:hr>154</ns3:hr>
            <ns3:cad>82</ns3:cad>
          </ns3:TrackPointExtension>
        </extensions>
      </trkpt>
      <trkpt lat="31.1638025008141994476318359375" lon="121.19922199286520481109619140625">
        <ele>1.39999997615814208984375</ele>
        <time>2025-10-05T12:49:51.000Z</time>
        <extensions>
          <ns3:TrackPointExtension>
            <ns3:hr>153</ns3:hr>
            <ns3:cad>83</ns3:cad>
          </ns3:TrackPointExtension>
        </extensions>
      </trkpt>
      <trkpt lat="31.16378380917012691497802734375" lon="121.19923196732997894287109375">
        <ele>1.39999997615814208984375</ele>
        <time>2025-10-05T12:49:52.000Z</time>
        <extensions>
          <ns3:TrackPointExtension>
            <ns3:hr>153</ns3:hr>
            <ns3:cad>83</ns3:cad>
          </ns3:TrackPointExtension>
        </extensions>
      </trkpt>
      <trkpt lat="31.16375899873673915863037109375" lon="121.19923624210059642791748046875">
        <ele>1.39999997615814208984375</ele>
        <time>2025-10-05T12:49:53.000Z</time>
        <extensions>
          <ns3:TrackPointExtension>
            <ns3:hr>154</ns3:hr>
            <ns3:cad>84</ns3:cad>
          </ns3:TrackPointExtension>
        </extensions>
      </trkpt>
      <trkpt lat="31.163735277950763702392578125" lon="121.19924177415668964385986328125">
        <ele>1.39999997615814208984375</ele>
        <time>2025-10-05T12:49:54.000Z</time>
        <extensions>
          <ns3:TrackPointExtension>
            <ns3:hr>154</ns3:hr>
            <ns3:cad>84</ns3:cad>
          </ns3:TrackPointExtension>
        </extensions>
      </trkpt>
      <trkpt lat="31.1637079529464244842529296875" lon="121.19924562983214855194091796875">
        <ele>1.39999997615814208984375</ele>
        <time>2025-10-05T12:49:55.000Z</time>
        <extensions>
          <ns3:TrackPointExtension>
            <ns3:hr>154</ns3:hr>
            <ns3:cad>84</ns3:cad>
          </ns3:TrackPointExtension>
        </extensions>
      </trkpt>
      <trkpt lat="31.16368674673140048980712890625" lon="121.19925099425017833709716796875">
        <ele>1.39999997615814208984375</ele>
        <time>2025-10-05T12:49:56.000Z</time>
        <extensions>
          <ns3:TrackPointExtension>
            <ns3:hr>153</ns3:hr>
            <ns3:cad>84</ns3:cad>
          </ns3:TrackPointExtension>
        </extensions>
      </trkpt>
      <trkpt lat="31.16366545669734477996826171875" lon="121.1992552690207958221435546875">
        <ele>1.39999997615814208984375</ele>
        <time>2025-10-05T12:49:57.000Z</time>
        <extensions>
          <ns3:TrackPointExtension>
            <ns3:hr>154</ns3:hr>
            <ns3:cad>84</ns3:cad>
          </ns3:TrackPointExtension>
        </extensions>
      </trkpt>
      <trkpt lat="31.16364039480686187744140625" lon="121.199256442487239837646484375">
        <ele>1.39999997615814208984375</ele>
        <time>2025-10-05T12:49:58.000Z</time>
        <extensions>
          <ns3:TrackPointExtension>
            <ns3:hr>154</ns3:hr>
            <ns3:cad>84</ns3:cad>
          </ns3:TrackPointExtension>
        </extensions>
      </trkpt>
      <trkpt lat="31.1636211164295673370361328125" lon="121.1992649920284748077392578125">
        <ele>1.39999997615814208984375</ele>
        <time>2025-10-05T12:49:59.000Z</time>
        <extensions>
          <ns3:TrackPointExtension>
            <ns3:hr>153</ns3:hr>
            <ns3:cad>84</ns3:cad>
          </ns3:TrackPointExtension>
        </extensions>
      </trkpt>
      <trkpt lat="31.16359471343457698822021484375" lon="121.19926239363849163055419921875">
        <ele>1.60000002384185791015625</ele>
        <time>2025-10-05T12:50:00.000Z</time>
        <extensions>
          <ns3:TrackPointExtension>
            <ns3:hr>154</ns3:hr>
            <ns3:cad>85</ns3:cad>
          </ns3:TrackPointExtension>
        </extensions>
      </trkpt>
      <trkpt lat="31.16357275284826755523681640625" lon="121.1992649920284748077392578125">
        <ele>1.60000002384185791015625</ele>
        <time>2025-10-05T12:50:01.000Z</time>
        <extensions>
          <ns3:TrackPointExtension>
            <ns3:hr>154</ns3:hr>
            <ns3:cad>85</ns3:cad>
          </ns3:TrackPointExtension>
        </extensions>
      </trkpt>
      <trkpt lat="31.16355313919484615325927734375" lon="121.1992696858942508697509765625">
        <ele>1.60000002384185791015625</ele>
        <time>2025-10-05T12:50:02.000Z</time>
        <extensions>
          <ns3:TrackPointExtension>
            <ns3:hr>153</ns3:hr>
            <ns3:cad>84</ns3:cad>
          </ns3:TrackPointExtension>
        </extensions>
      </trkpt>
      <trkpt lat="31.16353201679885387420654296875" lon="121.19927446357905864715576171875">
        <ele>1.60000002384185791015625</ele>
        <time>2025-10-05T12:50:03.000Z</time>
        <extensions>
          <ns3:TrackPointExtension>
            <ns3:hr>154</ns3:hr>
            <ns3:cad>84</ns3:cad>
          </ns3:TrackPointExtension>
        </extensions>
      </trkpt>
      <trkpt lat="31.1635134927928447723388671875" lon="121.19927915744483470916748046875">
        <ele>1.39999997615814208984375</ele>
        <time>2025-10-05T12:50:04.000Z</time>
        <extensions>
          <ns3:TrackPointExtension>
            <ns3:hr>154</ns3:hr>
            <ns3:cad>85</ns3:cad>
          </ns3:TrackPointExtension>
        </extensions>
      </trkpt>
      <trkpt lat="31.16348608396947383880615234375" lon="121.1992834322154521942138671875">
        <ele>1.39999997615814208984375</ele>
        <time>2025-10-05T12:50:05.000Z</time>
        <extensions>
          <ns3:TrackPointExtension>
            <ns3:hr>153</ns3:hr>
            <ns3:cad>85</ns3:cad>
          </ns3:TrackPointExtension>
        </extensions>
      </trkpt>
      <trkpt lat="31.16346336901187896728515625" lon="121.1992822587490081787109375">
        <ele>1.60000002384185791015625</ele>
        <time>2025-10-05T12:50:06.000Z</time>
        <extensions>
          <ns3:TrackPointExtension>
            <ns3:hr>154</ns3:hr>
            <ns3:cad>85</ns3:cad>
          </ns3:TrackPointExtension>
        </extensions>
      </trkpt>
      <trkpt lat="31.16343730129301548004150390625" lon="121.199284605681896209716796875">
        <ele>1.60000002384185791015625</ele>
        <time>2025-10-05T12:50:07.000Z</time>
        <extensions>
          <ns3:TrackPointExtension>
            <ns3:hr>154</ns3:hr>
            <ns3:cad>86</ns3:cad>
          </ns3:TrackPointExtension>
        </extensions>
      </trkpt>
      <trkpt lat="31.16341332904994487762451171875" lon="121.1992861144244670867919921875">
        <ele>1.60000002384185791015625</ele>
        <time>2025-10-05T12:50:08.000Z</time>
        <extensions>
          <ns3:TrackPointExtension>
            <ns3:hr>153</ns3:hr>
            <ns3:cad>86</ns3:cad>
          </ns3:TrackPointExtension>
        </extensions>
      </trkpt>
      <trkpt lat="31.16338902153074741363525390625" lon="121.1992911435663700103759765625">
        <ele>1.60000002384185791015625</ele>
        <time>2025-10-05T12:50:09.000Z</time>
        <extensions>
          <ns3:TrackPointExtension>
            <ns3:hr>154</ns3:hr>
            <ns3:cad>85</ns3:cad>
          </ns3:TrackPointExtension>
        </extensions>
      </trkpt>
      <trkpt lat="31.16336840204894542694091796875" lon="121.19929877109825611114501953125">
        <ele>1.60000002384185791015625</ele>
        <time>2025-10-05T12:50:10.000Z</time>
        <extensions>
          <ns3:TrackPointExtension>
            <ns3:hr>154</ns3:hr>
            <ns3:cad>85</ns3:cad>
          </ns3:TrackPointExtension>
        </extensions>
      </trkpt>
      <trkpt lat="31.16334803402423858642578125" lon="121.199304722249507904052734375">
        <ele>1.7999999523162841796875</ele>
        <time>2025-10-05T12:50:11.000Z</time>
        <extensions>
          <ns3:TrackPointExtension>
            <ns3:hr>153</ns3:hr>
            <ns3:cad>85</ns3:cad>
          </ns3:TrackPointExtension>
        </extensions>
      </trkpt>
      <trkpt lat="31.16332548670470714569091796875" lon="121.19930681772530078887939453125">
        <ele>1.60000002384185791015625</ele>
        <time>2025-10-05T12:50:12.000Z</time>
        <extensions>
          <ns3:TrackPointExtension>
            <ns3:hr>154</ns3:hr>
            <ns3:cad>86</ns3:cad>
          </ns3:TrackPointExtension>
        </extensions>
      </trkpt>
      <trkpt lat="31.1633036099374294281005859375" lon="121.19931687600910663604736328125">
        <ele>1.60000002384185791015625</ele>
        <time>2025-10-05T12:50:13.000Z</time>
        <extensions>
          <ns3:TrackPointExtension>
            <ns3:hr>154</ns3:hr>
            <ns3:cad>86</ns3:cad>
          </ns3:TrackPointExtension>
        </extensions>
      </trkpt>
      <trkpt lat="31.16328173317015171051025390625" lon="121.199325509369373321533203125">
        <ele>1.60000002384185791015625</ele>
        <time>2025-10-05T12:50:14.000Z</time>
        <extensions>
          <ns3:TrackPointExtension>
            <ns3:hr>153</ns3:hr>
            <ns3:cad>87</ns3:cad>
          </ns3:TrackPointExtension>
        </extensions>
      </trkpt>
      <trkpt lat="31.16326211951673030853271484375" lon="121.1993372440338134765625">
        <ele>1.60000002384185791015625</ele>
        <time>2025-10-05T12:50:15.000Z</time>
        <extensions>
          <ns3:TrackPointExtension>
            <ns3:hr>154</ns3:hr>
            <ns3:cad>87</ns3:cad>
          </ns3:TrackPointExtension>
        </extensions>
      </trkpt>
      <trkpt lat="31.16323328576982021331787109375" lon="121.19934202171862125396728515625">
        <ele>1.60000002384185791015625</ele>
        <time>2025-10-05T12:50:16.000Z</time>
        <extensions>
          <ns3:TrackPointExtension>
            <ns3:hr>154</ns3:hr>
            <ns3:cad>87</ns3:cad>
          </ns3:TrackPointExtension>
        </extensions>
      </trkpt>
      <trkpt lat="31.16321249864995479583740234375" lon="121.1993494816124439239501953125">
        <ele>1.60000002384185791015625</ele>
        <time>2025-10-05T12:50:17.000Z</time>
        <extensions>
          <ns3:TrackPointExtension>
            <ns3:hr>153</ns3:hr>
            <ns3:cad>87</ns3:cad>
          </ns3:TrackPointExtension>
        </extensions>
      </trkpt>
      <trkpt lat="31.16318869404494762420654296875" lon="121.19935669004917144775390625">
        <ele>1.60000002384185791015625</ele>
        <time>2025-10-05T12:50:18.000Z</time>
        <extensions>
          <ns3:TrackPointExtension>
            <ns3:hr>154</ns3:hr>
            <ns3:cad>87</ns3:cad>
          </ns3:TrackPointExtension>
        </extensions>
      </trkpt>
      <trkpt lat="31.163161285221576690673828125" lon="121.19936280883848667144775390625">
        <ele>1.60000002384185791015625</ele>
        <time>2025-10-05T12:50:19.000Z</time>
        <extensions>
          <ns3:TrackPointExtension>
            <ns3:hr>154</ns3:hr>
            <ns3:cad>86</ns3:cad>
          </ns3:TrackPointExtension>
        </extensions>
      </trkpt>
      <trkpt lat="31.1631353013217449188232421875" lon="121.19937001727521419525146484375">
        <ele>1.60000002384185791015625</ele>
        <time>2025-10-05T12:50:20.000Z</time>
        <extensions>
          <ns3:TrackPointExtension>
            <ns3:hr>153</ns3:hr>
            <ns3:cad>86</ns3:cad>
          </ns3:TrackPointExtension>
        </extensions>
      </trkpt>
      <trkpt lat="31.16310772486031055450439453125" lon="121.19937546551227569580078125">
        <ele>1.39999997615814208984375</ele>
        <time>2025-10-05T12:50:21.000Z</time>
        <extensions>
          <ns3:TrackPointExtension>
            <ns3:hr>154</ns3:hr>
            <ns3:cad>86</ns3:cad>
          </ns3:TrackPointExtension>
        </extensions>
      </trkpt>
      <trkpt lat="31.16308073513209819793701171875" lon="121.1993833445012569427490234375">
        <ele>1.39999997615814208984375</ele>
        <time>2025-10-05T12:50:22.000Z</time>
        <extensions>
          <ns3:TrackPointExtension>
            <ns3:hr>154</ns3:hr>
            <ns3:cad>86</ns3:cad>
          </ns3:TrackPointExtension>
        </extensions>
      </trkpt>
      <trkpt lat="31.1630504764616489410400390625" lon="121.199385188519954681396484375">
        <ele>1.39999997615814208984375</ele>
        <time>2025-10-05T12:50:23.000Z</time>
        <extensions>
          <ns3:TrackPointExtension>
            <ns3:hr>153</ns3:hr>
            <ns3:cad>85</ns3:cad>
          </ns3:TrackPointExtension>
        </extensions>
      </trkpt>
      <trkpt lat="31.16302910260856151580810546875" lon="121.1993895471096038818359375">
        <ele>1.39999997615814208984375</ele>
        <time>2025-10-05T12:50:24.000Z</time>
        <extensions>
          <ns3:TrackPointExtension>
            <ns3:hr>154</ns3:hr>
            <ns3:cad>85</ns3:cad>
          </ns3:TrackPointExtension>
        </extensions>
      </trkpt>
      <trkpt lat="31.163007728755474090576171875" lon="121.19939482770860195159912109375">
        <ele>1.39999997615814208984375</ele>
        <time>2025-10-05T12:50:25.000Z</time>
        <extensions>
          <ns3:TrackPointExtension>
            <ns3:hr>154</ns3:hr>
            <ns3:cad>85</ns3:cad>
          </ns3:TrackPointExtension>
        </extensions>
      </trkpt>
      <trkpt lat="31.16298417560756206512451171875" lon="121.19940035976469516754150390625">
        <ele>1.39999997615814208984375</ele>
        <time>2025-10-05T12:50:26.000Z</time>
        <extensions>
          <ns3:TrackPointExtension>
            <ns3:hr>153</ns3:hr>
            <ns3:cad>85</ns3:cad>
          </ns3:TrackPointExtension>
        </extensions>
      </trkpt>
      <trkpt lat="31.16296489723026752471923828125" lon="121.199408657848834991455078125">
        <ele>1.39999997615814208984375</ele>
        <time>2025-10-05T12:50:27.000Z</time>
        <extensions>
          <ns3:TrackPointExtension>
            <ns3:hr>154</ns3:hr>
            <ns3:cad>85</ns3:cad>
          </ns3:TrackPointExtension>
        </extensions>
      </trkpt>
      <trkpt lat="31.16293723694980144500732421875" lon="121.19941812939941883087158203125">
        <ele>1.39999997615814208984375</ele>
        <time>2025-10-05T12:50:28.000Z</time>
        <extensions>
          <ns3:TrackPointExtension>
            <ns3:hr>154</ns3:hr>
            <ns3:cad>86</ns3:cad>
          </ns3:TrackPointExtension>
        </extensions>
      </trkpt>
      <trkpt lat="31.16291343234479427337646484375" lon="121.1994286067783832550048828125">
        <ele>1.39999997615814208984375</ele>
        <time>2025-10-05T12:50:29.000Z</time>
        <extensions>
          <ns3:TrackPointExtension>
            <ns3:hr>153</ns3:hr>
            <ns3:cad>86</ns3:cad>
          </ns3:TrackPointExtension>
        </extensions>
      </trkpt>
      <trkpt lat="31.1628835089504718780517578125" lon="121.1994403414428234100341796875">
        <ele>1.39999997615814208984375</ele>
        <time>2025-10-05T12:50:30.000Z</time>
        <extensions>
          <ns3:TrackPointExtension>
            <ns3:hr>154</ns3:hr>
            <ns3:cad>86</ns3:cad>
          </ns3:TrackPointExtension>
        </extensions>
      </trkpt>
      <trkpt lat="31.16286163218319416046142578125" lon="121.199450232088565826416015625">
        <ele>1.39999997615814208984375</ele>
        <time>2025-10-05T12:50:31.000Z</time>
        <extensions>
          <ns3:TrackPointExtension>
            <ns3:hr>154</ns3:hr>
            <ns3:cad>85</ns3:cad>
          </ns3:TrackPointExtension>
        </extensions>
      </trkpt>
      <trkpt lat="31.1628325469791889190673828125" lon="121.19945702143013477325439453125">
        <ele>1.39999997615814208984375</ele>
        <time>2025-10-05T12:50:32.000Z</time>
        <extensions>
          <ns3:TrackPointExtension>
            <ns3:hr>154</ns3:hr>
            <ns3:cad>85</ns3:cad>
          </ns3:TrackPointExtension>
        </extensions>
      </trkpt>
      <trkpt lat="31.1628090776503086090087890625" lon="121.19945886544883251190185546875">
        <ele>1.39999997615814208984375</ele>
        <time>2025-10-05T12:50:33.000Z</time>
        <extensions>
          <ns3:TrackPointExtension>
            <ns3:hr>154</ns3:hr>
            <ns3:cad>85</ns3:cad>
          </ns3:TrackPointExtension>
        </extensions>
      </trkpt>
      <trkpt lat="31.1627872847020626068115234375" lon="121.19946305640041828155517578125">
        <ele>1.39999997615814208984375</ele>
        <time>2025-10-05T12:50:34.000Z</time>
        <extensions>
          <ns3:TrackPointExtension>
            <ns3:hr>154</ns3:hr>
            <ns3:cad>85</ns3:cad>
          </ns3:TrackPointExtension>
        </extensions>
      </trkpt>
      <trkpt lat="31.16276088170707225799560546875" lon="121.19946531951427459716796875">
        <ele>1.39999997615814208984375</ele>
        <time>2025-10-05T12:50:35.000Z</time>
        <extensions>
          <ns3:TrackPointExtension>
            <ns3:hr>154</ns3:hr>
            <ns3:cad>85</ns3:cad>
          </ns3:TrackPointExtension>
        </extensions>
      </trkpt>
      <trkpt lat="31.16273758001625537872314453125" lon="121.19946523569524288177490234375">
        <ele>1.39999997615814208984375</ele>
        <time>2025-10-05T12:50:36.000Z</time>
        <extensions>
          <ns3:TrackPointExtension>
            <ns3:hr>154</ns3:hr>
            <ns3:cad>85</ns3:cad>
          </ns3:TrackPointExtension>
        </extensions>
      </trkpt>
      <trkpt lat="31.1627148650586605072021484375" lon="121.199468672275543212890625">
        <ele>1.39999997615814208984375</ele>
        <time>2025-10-05T12:50:37.000Z</time>
        <extensions>
          <ns3:TrackPointExtension>
            <ns3:hr>154</ns3:hr>
            <ns3:cad>84</ns3:cad>
          </ns3:TrackPointExtension>
        </extensions>
      </trkpt>
      <trkpt lat="31.1626954190433025360107421875" lon="121.1994711868464946746826171875">
        <ele>1.39999997615814208984375</ele>
        <time>2025-10-05T12:50:38.000Z</time>
        <extensions>
          <ns3:TrackPointExtension>
            <ns3:hr>154</ns3:hr>
            <ns3:cad>84</ns3:cad>
          </ns3:TrackPointExtension>
        </extensions>
      </trkpt>
      <trkpt lat="31.16267186589539051055908203125" lon="121.1994742043316364288330078125">
        <ele>1.39999997615814208984375</ele>
        <time>2025-10-05T12:50:39.000Z</time>
        <extensions>
          <ns3:TrackPointExtension>
            <ns3:hr>154</ns3:hr>
            <ns3:cad>85</ns3:cad>
          </ns3:TrackPointExtension>
        </extensions>
      </trkpt>
      <trkpt lat="31.1626521684229373931884765625" lon="121.19947546161711215972900390625">
        <ele>1.39999997615814208984375</ele>
        <time>2025-10-05T12:50:40.000Z</time>
        <extensions>
          <ns3:TrackPointExtension>
            <ns3:hr>154</ns3:hr>
            <ns3:cad>85</ns3:cad>
          </ns3:TrackPointExtension>
        </extensions>
      </trkpt>
      <trkpt lat="31.16263330914080142974853515625" lon="121.19947680272161960601806640625">
        <ele>1.39999997615814208984375</ele>
        <time>2025-10-05T12:50:41.000Z</time>
        <extensions>
          <ns3:TrackPointExtension>
            <ns3:hr>154</ns3:hr>
            <ns3:cad>86</ns3:cad>
          </ns3:TrackPointExtension>
        </extensions>
      </trkpt>
      <trkpt lat="31.1626082472503185272216796875" lon="121.19947914965450763702392578125">
        <ele>1.39999997615814208984375</ele>
        <time>2025-10-05T12:50:42.000Z</time>
        <extensions>
          <ns3:TrackPointExtension>
            <ns3:hr>155</ns3:hr>
            <ns3:cad>86</ns3:cad>
          </ns3:TrackPointExtension>
        </extensions>
      </trkpt>
      <trkpt lat="31.16259098052978515625" lon="121.199484430253505706787109375">
        <ele>1.39999997615814208984375</ele>
        <time>2025-10-05T12:50:43.000Z</time>
        <extensions>
          <ns3:TrackPointExtension>
            <ns3:hr>154</ns3:hr>
            <ns3:cad>86</ns3:cad>
          </ns3:TrackPointExtension>
        </extensions>
      </trkpt>
      <trkpt lat="31.1625660024583339691162109375" lon="121.19949348270893096923828125">
        <ele>1.39999997615814208984375</ele>
        <time>2025-10-05T12:50:44.000Z</time>
        <extensions>
          <ns3:TrackPointExtension>
            <ns3:hr>154</ns3:hr>
            <ns3:cad>85</ns3:cad>
          </ns3:TrackPointExtension>
        </extensions>
      </trkpt>
      <trkpt lat="31.1625482328236103057861328125" lon="121.19950396008789539337158203125">
        <ele>1.39999997615814208984375</ele>
        <time>2025-10-05T12:50:45.000Z</time>
        <extensions>
          <ns3:TrackPointExtension>
            <ns3:hr>154</ns3:hr>
            <ns3:cad>85</ns3:cad>
          </ns3:TrackPointExtension>
        </extensions>
      </trkpt>
      <trkpt lat="31.162526272237300872802734375" lon="121.1995127610862255096435546875">
        <ele>1.2000000476837158203125</ele>
        <time>2025-10-05T12:50:46.000Z</time>
        <extensions>
          <ns3:TrackPointExtension>
            <ns3:hr>154</ns3:hr>
            <ns3:cad>85</ns3:cad>
          </ns3:TrackPointExtension>
        </extensions>
      </trkpt>
      <trkpt lat="31.16249903105199337005615234375" lon="121.1995198018848896026611328125">
        <ele>1.2000000476837158203125</ele>
        <time>2025-10-05T12:50:47.000Z</time>
        <extensions>
          <ns3:TrackPointExtension>
            <ns3:hr>155</ns3:hr>
            <ns3:cad>85</ns3:cad>
          </ns3:TrackPointExtension>
        </extensions>
      </trkpt>
      <trkpt lat="31.162477992475032806396484375" lon="121.1995271779596805572509765625">
        <ele>1.2000000476837158203125</ele>
        <time>2025-10-05T12:50:48.000Z</time>
        <extensions>
          <ns3:TrackPointExtension>
            <ns3:hr>155</ns3:hr>
            <ns3:cad>85</ns3:cad>
          </ns3:TrackPointExtension>
        </extensions>
      </trkpt>
      <trkpt lat="31.1624489910900592803955078125" lon="121.19953346438705921173095703125">
        <ele>1.2000000476837158203125</ele>
        <time>2025-10-05T12:50:49.000Z</time>
        <extensions>
          <ns3:TrackPointExtension>
            <ns3:hr>155</ns3:hr>
            <ns3:cad>86</ns3:cad>
          </ns3:TrackPointExtension>
        </extensions>
      </trkpt>
      <trkpt lat="31.16242510266602039337158203125" lon="121.19954712688922882080078125">
        <ele>1.39999997615814208984375</ele>
        <time>2025-10-05T12:50:50.000Z</time>
        <extensions>
          <ns3:TrackPointExtension>
            <ns3:hr>155</ns3:hr>
            <ns3:cad>86</ns3:cad>
          </ns3:TrackPointExtension>
        </extensions>
      </trkpt>
      <trkpt lat="31.1624003760516643524169921875" lon="121.1995638906955718994140625">
        <ele>1.2000000476837158203125</ele>
        <time>2025-10-05T12:50:51.000Z</time>
        <extensions>
          <ns3:TrackPointExtension>
            <ns3:hr>155</ns3:hr>
            <ns3:cad>86</ns3:cad>
          </ns3:TrackPointExtension>
        </extensions>
      </trkpt>
      <trkpt lat="31.16237330250442028045654296875" lon="121.19957839138805866241455078125">
        <ele>1.2000000476837158203125</ele>
        <time>2025-10-05T12:50:52.000Z</time>
        <extensions>
          <ns3:TrackPointExtension>
            <ns3:hr>154</ns3:hr>
            <ns3:cad>87</ns3:cad>
          </ns3:TrackPointExtension>
        </extensions>
      </trkpt>
      <trkpt lat="31.1623514257371425628662109375" lon="121.199587695300579071044921875">
        <ele>1.2000000476837158203125</ele>
        <time>2025-10-05T12:50:53.000Z</time>
        <extensions>
          <ns3:TrackPointExtension>
            <ns3:hr>155</ns3:hr>
            <ns3:cad>87</ns3:cad>
          </ns3:TrackPointExtension>
        </extensions>
      </trkpt>
      <trkpt lat="31.1623269505798816680908203125" lon="121.1995908804237842559814453125">
        <ele>1.2000000476837158203125</ele>
        <time>2025-10-05T12:50:54.000Z</time>
        <extensions>
          <ns3:TrackPointExtension>
            <ns3:hr>155</ns3:hr>
            <ns3:cad>86</ns3:cad>
          </ns3:TrackPointExtension>
        </extensions>
      </trkpt>
      <trkpt lat="31.1623044870793819427490234375" lon="121.1995960772037506103515625">
        <ele>1</ele>
        <time>2025-10-05T12:50:55.000Z</time>
        <extensions>
          <ns3:TrackPointExtension>
            <ns3:hr>154</ns3:hr>
            <ns3:cad>85</ns3:cad>
          </ns3:TrackPointExtension>
        </extensions>
      </trkpt>
      <trkpt lat="31.16227791644632816314697265625" lon="121.1996014416217803955078125">
        <ele>1.2000000476837158203125</ele>
        <time>2025-10-05T12:50:56.000Z</time>
        <extensions>
          <ns3:TrackPointExtension>
            <ns3:hr>155</ns3:hr>
            <ns3:cad>85</ns3:cad>
          </ns3:TrackPointExtension>
        </extensions>
      </trkpt>
      <trkpt lat="31.162250675261020660400390625" lon="121.19960789568722248077392578125">
        <ele>1</ele>
        <time>2025-10-05T12:50:57.000Z</time>
        <extensions>
          <ns3:TrackPointExtension>
            <ns3:hr>155</ns3:hr>
            <ns3:cad>85</ns3:cad>
          </ns3:TrackPointExtension>
        </extensions>
      </trkpt>
      <trkpt lat="31.16222418844699859619140625" lon="121.199607811868190765380859375">
        <ele>1</ele>
        <time>2025-10-05T12:50:58.000Z</time>
        <extensions>
          <ns3:TrackPointExtension>
            <ns3:hr>155</ns3:hr>
            <ns3:cad>86</ns3:cad>
          </ns3:TrackPointExtension>
        </extensions>
      </trkpt>
      <trkpt lat="31.16220130585134029388427734375" lon="121.199608147144317626953125">
        <ele>1</ele>
        <time>2025-10-05T12:50:59.000Z</time>
        <extensions>
          <ns3:TrackPointExtension>
            <ns3:hr>155</ns3:hr>
            <ns3:cad>86</ns3:cad>
          </ns3:TrackPointExtension>
        </extensions>
      </trkpt>
      <trkpt lat="31.1621804349124431610107421875" lon="121.19961015880107879638671875">
        <ele>1</ele>
        <time>2025-10-05T12:51:00.000Z</time>
        <extensions>
          <ns3:TrackPointExtension>
            <ns3:hr>155</ns3:hr>
            <ns3:cad>86</ns3:cad>
          </ns3:TrackPointExtension>
        </extensions>
      </trkpt>
      <trkpt lat="31.1621559597551822662353515625" lon="121.199612505733966827392578125">
        <ele>1</ele>
        <time>2025-10-05T12:51:01.000Z</time>
        <extensions>
          <ns3:TrackPointExtension>
            <ns3:hr>155</ns3:hr>
            <ns3:cad>86</ns3:cad>
          </ns3:TrackPointExtension>
        </extensions>
      </trkpt>
      <trkpt lat="31.16213542409241199493408203125" lon="121.199615187942981719970703125">
        <ele>1</ele>
        <time>2025-10-05T12:51:02.000Z</time>
        <extensions>
          <ns3:TrackPointExtension>
            <ns3:hr>155</ns3:hr>
            <ns3:cad>86</ns3:cad>
          </ns3:TrackPointExtension>
        </extensions>
      </trkpt>
      <trkpt lat="31.1621095240116119384765625" lon="121.19962080381810665130615234375">
        <ele>1</ele>
        <time>2025-10-05T12:51:03.000Z</time>
        <extensions>
          <ns3:TrackPointExtension>
            <ns3:hr>155</ns3:hr>
            <ns3:cad>86</ns3:cad>
          </ns3:TrackPointExtension>
        </extensions>
      </trkpt>
      <trkpt lat="31.1620919220149517059326171875" lon="121.19963027536869049072265625">
        <ele>1</ele>
        <time>2025-10-05T12:51:04.000Z</time>
        <extensions>
          <ns3:TrackPointExtension>
            <ns3:hr>155</ns3:hr>
            <ns3:cad>85</ns3:cad>
          </ns3:TrackPointExtension>
        </extensions>
      </trkpt>
      <trkpt lat="31.162064932286739349365234375" lon="121.19963555596768856048583984375">
        <ele>1</ele>
        <time>2025-10-05T12:51:05.000Z</time>
        <extensions>
          <ns3:TrackPointExtension>
            <ns3:hr>156</ns3:hr>
            <ns3:cad>85</ns3:cad>
          </ns3:TrackPointExtension>
        </extensions>
      </trkpt>
      <trkpt lat="31.1620438098907470703125" lon="121.19964343495666980743408203125">
        <ele>1</ele>
        <time>2025-10-05T12:51:06.000Z</time>
        <extensions>
          <ns3:TrackPointExtension>
            <ns3:hr>155</ns3:hr>
            <ns3:cad>85</ns3:cad>
          </ns3:TrackPointExtension>
        </extensions>
      </trkpt>
      <trkpt lat="31.16202034056186676025390625" lon="121.19965382851660251617431640625">
        <ele>1</ele>
        <time>2025-10-05T12:51:07.000Z</time>
        <extensions>
          <ns3:TrackPointExtension>
            <ns3:hr>155</ns3:hr>
            <ns3:cad>86</ns3:cad>
          </ns3:TrackPointExtension>
        </extensions>
      </trkpt>
      <trkpt lat="31.16199712269008159637451171875" lon="121.19965818710625171661376953125">
        <ele>1</ele>
        <time>2025-10-05T12:51:08.000Z</time>
        <extensions>
          <ns3:TrackPointExtension>
            <ns3:hr>155</ns3:hr>
            <ns3:cad>86</ns3:cad>
          </ns3:TrackPointExtension>
        </extensions>
      </trkpt>
      <trkpt lat="31.16197465918958187103271484375" lon="121.1996619589626789093017578125">
        <ele>1</ele>
        <time>2025-10-05T12:51:09.000Z</time>
        <extensions>
          <ns3:TrackPointExtension>
            <ns3:hr>155</ns3:hr>
            <ns3:cad>87</ns3:cad>
          </ns3:TrackPointExtension>
        </extensions>
      </trkpt>
      <trkpt lat="31.1619460768997669219970703125" lon="121.1996599473059177398681640625">
        <ele>1.2000000476837158203125</ele>
        <time>2025-10-05T12:51:10.000Z</time>
        <extensions>
          <ns3:TrackPointExtension>
            <ns3:hr>155</ns3:hr>
            <ns3:cad>86</ns3:cad>
          </ns3:TrackPointExtension>
        </extensions>
      </trkpt>
      <trkpt lat="31.1619202606379985809326171875" lon="121.1996604502201080322265625">
        <ele>1.2000000476837158203125</ele>
        <time>2025-10-05T12:51:11.000Z</time>
        <extensions>
          <ns3:TrackPointExtension>
            <ns3:hr>155</ns3:hr>
            <ns3:cad>86</ns3:cad>
          </ns3:TrackPointExtension>
        </extensions>
      </trkpt>
      <trkpt lat="31.16189285181462764739990234375" lon="121.19965332560241222381591796875">
        <ele>1.2000000476837158203125</ele>
        <time>2025-10-05T12:51:12.000Z</time>
        <extensions>
          <ns3:TrackPointExtension>
            <ns3:hr>155</ns3:hr>
            <ns3:cad>86</ns3:cad>
          </ns3:TrackPointExtension>
        </extensions>
      </trkpt>
      <trkpt lat="31.16187122650444507598876953125" lon="121.19965751655399799346923828125">
        <ele>1.2000000476837158203125</ele>
        <time>2025-10-05T12:51:13.000Z</time>
        <extensions>
          <ns3:TrackPointExtension>
            <ns3:hr>156</ns3:hr>
            <ns3:cad>87</ns3:cad>
          </ns3:TrackPointExtension>
        </extensions>
      </trkpt>
      <trkpt lat="31.1618488468229770660400390625" lon="121.1996606178581714630126953125">
        <ele>1.2000000476837158203125</ele>
        <time>2025-10-05T12:51:14.000Z</time>
        <extensions>
          <ns3:TrackPointExtension>
            <ns3:hr>155</ns3:hr>
            <ns3:cad>87</ns3:cad>
          </ns3:TrackPointExtension>
        </extensions>
      </trkpt>
      <trkpt lat="31.1618273891508579254150390625" lon="121.19966514408588409423828125">
        <ele>1.2000000476837158203125</ele>
        <time>2025-10-05T12:51:15.000Z</time>
        <extensions>
          <ns3:TrackPointExtension>
            <ns3:hr>155</ns3:hr>
            <ns3:cad>87</ns3:cad>
          </ns3:TrackPointExtension>
        </extensions>
      </trkpt>
      <trkpt lat="31.16180065087974071502685546875" lon="121.19967260397970676422119140625">
        <ele>1.39999997615814208984375</ele>
        <time>2025-10-05T12:51:16.000Z</time>
        <extensions>
          <ns3:TrackPointExtension>
            <ns3:hr>155</ns3:hr>
            <ns3:cad>87</ns3:cad>
          </ns3:TrackPointExtension>
        </extensions>
      </trkpt>
      <trkpt lat="31.161774583160877227783203125" lon="121.1996797285974025726318359375">
        <ele>1.39999997615814208984375</ele>
        <time>2025-10-05T12:51:17.000Z</time>
        <extensions>
          <ns3:TrackPointExtension>
            <ns3:hr>156</ns3:hr>
            <ns3:cad>87</ns3:cad>
          </ns3:TrackPointExtension>
        </extensions>
      </trkpt>
      <trkpt lat="31.1617519520223140716552734375" lon="121.19968819431960582733154296875">
        <ele>1.39999997615814208984375</ele>
        <time>2025-10-05T12:51:18.000Z</time>
        <extensions>
          <ns3:TrackPointExtension>
            <ns3:hr>155</ns3:hr>
            <ns3:cad>87</ns3:cad>
          </ns3:TrackPointExtension>
        </extensions>
      </trkpt>
      <trkpt lat="31.161724291741847991943359375" lon="121.19969204999506473541259765625">
        <ele>1.39999997615814208984375</ele>
        <time>2025-10-05T12:51:19.000Z</time>
        <extensions>
          <ns3:TrackPointExtension>
            <ns3:hr>155</ns3:hr>
            <ns3:cad>87</ns3:cad>
          </ns3:TrackPointExtension>
        </extensions>
      </trkpt>
      <trkpt lat="31.1616993136703968048095703125" lon="121.19970043189823627471923828125">
        <ele>1.2000000476837158203125</ele>
        <time>2025-10-05T12:51:20.000Z</time>
        <extensions>
          <ns3:TrackPointExtension>
            <ns3:hr>155</ns3:hr>
            <ns3:cad>86</ns3:cad>
          </ns3:TrackPointExtension>
        </extensions>
      </trkpt>
      <trkpt lat="31.1616651155054569244384765625" lon="121.19970814324915409088134765625">
        <ele>1.2000000476837158203125</ele>
        <time>2025-10-05T12:51:21.000Z</time>
        <extensions>
          <ns3:TrackPointExtension>
            <ns3:hr>156</ns3:hr>
            <ns3:cad>86</ns3:cad>
          </ns3:TrackPointExtension>
        </extensions>
      </trkpt>
      <trkpt lat="31.16164240054786205291748046875" lon="121.1997179500758647918701171875">
        <ele>1.2000000476837158203125</ele>
        <time>2025-10-05T12:51:22.000Z</time>
        <extensions>
          <ns3:TrackPointExtension>
            <ns3:hr>155</ns3:hr>
            <ns3:cad>86</ns3:cad>
          </ns3:TrackPointExtension>
        </extensions>
      </trkpt>
      <trkpt lat="31.1616108007729053497314453125" lon="121.19972859509289264678955078125">
        <ele>1.2000000476837158203125</ele>
        <time>2025-10-05T12:51:23.000Z</time>
        <extensions>
          <ns3:TrackPointExtension>
            <ns3:hr>155</ns3:hr>
            <ns3:cad>87</ns3:cad>
          </ns3:TrackPointExtension>
        </extensions>
      </trkpt>
      <trkpt lat="31.16158557124435901641845703125" lon="121.19974561035633087158203125">
        <ele>1.2000000476837158203125</ele>
        <time>2025-10-05T12:51:24.000Z</time>
        <extensions>
          <ns3:TrackPointExtension>
            <ns3:hr>155</ns3:hr>
            <ns3:cad>87</ns3:cad>
          </ns3:TrackPointExtension>
        </extensions>
      </trkpt>
      <trkpt lat="31.16155589930713176727294921875" lon="121.19976279325783252716064453125">
        <ele>1.2000000476837158203125</ele>
        <time>2025-10-05T12:51:25.000Z</time>
        <extensions>
          <ns3:TrackPointExtension>
            <ns3:hr>155</ns3:hr>
            <ns3:cad>87</ns3:cad>
          </ns3:TrackPointExtension>
        </extensions>
      </trkpt>
      <trkpt lat="31.161529831588268280029296875" lon="121.19977335445582866668701171875">
        <ele>1.2000000476837158203125</ele>
        <time>2025-10-05T12:51:26.000Z</time>
        <extensions>
          <ns3:TrackPointExtension>
            <ns3:hr>156</ns3:hr>
            <ns3:cad>87</ns3:cad>
          </ns3:TrackPointExtension>
        </extensions>
      </trkpt>
      <trkpt lat="31.16150309331715106964111328125" lon="121.19978408329188823699951171875">
        <ele>1.2000000476837158203125</ele>
        <time>2025-10-05T12:51:27.000Z</time>
        <extensions>
          <ns3:TrackPointExtension>
            <ns3:hr>155</ns3:hr>
            <ns3:cad>87</ns3:cad>
          </ns3:TrackPointExtension>
        </extensions>
      </trkpt>
      <trkpt lat="31.1614765226840972900390625" lon="121.19978450238704681396484375">
        <ele>1.2000000476837158203125</ele>
        <time>2025-10-05T12:51:28.000Z</time>
        <extensions>
          <ns3:TrackPointExtension>
            <ns3:hr>155</ns3:hr>
            <ns3:cad>87</ns3:cad>
          </ns3:TrackPointExtension>
        </extensions>
      </trkpt>
      <trkpt lat="31.16145573556423187255859375" lon="121.1997813172638416290283203125">
        <ele>1.2000000476837158203125</ele>
        <time>2025-10-05T12:51:29.000Z</time>
        <extensions>
          <ns3:TrackPointExtension>
            <ns3:hr>155</ns3:hr>
            <ns3:cad>87</ns3:cad>
          </ns3:TrackPointExtension>
        </extensions>
      </trkpt>
      <trkpt lat="31.16144106723368167877197265625" lon="121.199756674468517303466796875">
        <ele>1.2000000476837158203125</ele>
        <time>2025-10-05T12:51:30.000Z</time>
        <extensions>
          <ns3:TrackPointExtension>
            <ns3:hr>155</ns3:hr>
            <ns3:cad>88</ns3:cad>
          </ns3:TrackPointExtension>
        </extensions>
      </trkpt>
      <trkpt lat="31.161427907645702362060546875" lon="121.19973882101476192474365234375">
        <ele>1.2000000476837158203125</ele>
        <time>2025-10-05T12:51:31.000Z</time>
        <extensions>
          <ns3:TrackPointExtension>
            <ns3:hr>155</ns3:hr>
            <ns3:cad>88</ns3:cad>
          </ns3:TrackPointExtension>
        </extensions>
      </trkpt>
      <trkpt lat="31.16142614744603633880615234375" lon="121.19971870444715023040771484375">
        <ele>1.2000000476837158203125</ele>
        <time>2025-10-05T12:51:32.000Z</time>
        <extensions>
          <ns3:TrackPointExtension>
            <ns3:hr>156</ns3:hr>
            <ns3:cad>87</ns3:cad>
          </ns3:TrackPointExtension>
        </extensions>
      </trkpt>
      <trkpt lat="31.1614186875522136688232421875" lon="121.19970127008855342864990234375">
        <ele>1.2000000476837158203125</ele>
        <time>2025-10-05T12:51:33.000Z</time>
        <extensions>
          <ns3:TrackPointExtension>
            <ns3:hr>155</ns3:hr>
            <ns3:cad>87</ns3:cad>
          </ns3:TrackPointExtension>
        </extensions>
      </trkpt>
      <trkpt lat="31.16140619851648807525634765625" lon="121.19967696256935596466064453125">
        <ele>1.2000000476837158203125</ele>
        <time>2025-10-05T12:51:34.000Z</time>
        <extensions>
          <ns3:TrackPointExtension>
            <ns3:hr>155</ns3:hr>
            <ns3:cad>87</ns3:cad>
          </ns3:TrackPointExtension>
        </extensions>
      </trkpt>
      <trkpt lat="31.1613948829472064971923828125" lon="121.199651062488555908203125">
        <ele>1.2000000476837158203125</ele>
        <time>2025-10-05T12:51:35.000Z</time>
        <extensions>
          <ns3:TrackPointExtension>
            <ns3:hr>155</ns3:hr>
            <ns3:cad>87</ns3:cad>
          </ns3:TrackPointExtension>
        </extensions>
      </trkpt>
      <trkpt lat="31.1613787896931171417236328125" lon="121.19963161647319793701171875">
        <ele>1.2000000476837158203125</ele>
        <time>2025-10-05T12:51:36.000Z</time>
        <extensions>
          <ns3:TrackPointExtension>
            <ns3:hr>156</ns3:hr>
            <ns3:cad>86</ns3:cad>
          </ns3:TrackPointExtension>
        </extensions>
      </trkpt>
      <trkpt lat="31.16136378608644008636474609375" lon="121.1996019445359706878662109375">
        <ele>1.2000000476837158203125</ele>
        <time>2025-10-05T12:51:37.000Z</time>
        <extensions>
          <ns3:TrackPointExtension>
            <ns3:hr>155</ns3:hr>
            <ns3:cad>86</ns3:cad>
          </ns3:TrackPointExtension>
        </extensions>
      </trkpt>
      <trkpt lat="31.1613529734313488006591796875" lon="121.19958224706351757049560546875">
        <ele>1.2000000476837158203125</ele>
        <time>2025-10-05T12:51:38.000Z</time>
        <extensions>
          <ns3:TrackPointExtension>
            <ns3:hr>155</ns3:hr>
            <ns3:cad>86</ns3:cad>
          </ns3:TrackPointExtension>
        </extensions>
      </trkpt>
      <trkpt lat="31.16134107112884521484375" lon="121.199554838240146636962890625">
        <ele>1.2000000476837158203125</ele>
        <time>2025-10-05T12:51:39.000Z</time>
        <extensions>
          <ns3:TrackPointExtension>
            <ns3:hr>155</ns3:hr>
            <ns3:cad>86</ns3:cad>
          </ns3:TrackPointExtension>
        </extensions>
      </trkpt>
      <trkpt lat="31.16133009083569049835205078125" lon="121.1995332129299640655517578125">
        <ele>1.39999997615814208984375</ele>
        <time>2025-10-05T12:51:40.000Z</time>
        <extensions>
          <ns3:TrackPointExtension>
            <ns3:hr>155</ns3:hr>
            <ns3:cad>86</ns3:cad>
          </ns3:TrackPointExtension>
        </extensions>
      </trkpt>
      <trkpt lat="31.16131919436156749725341796875" lon="121.19950965978205204010009765625">
        <ele>1.39999997615814208984375</ele>
        <time>2025-10-05T12:51:41.000Z</time>
        <extensions>
          <ns3:TrackPointExtension>
            <ns3:hr>155</ns3:hr>
            <ns3:cad>85</ns3:cad>
          </ns3:TrackPointExtension>
        </extensions>
      </trkpt>
      <trkpt lat="31.161311902105808258056640625" lon="121.19948049075901508331298828125">
        <ele>1.39999997615814208984375</ele>
        <time>2025-10-05T12:51:42.000Z</time>
        <extensions>
          <ns3:TrackPointExtension>
            <ns3:hr>156</ns3:hr>
            <ns3:cad>85</ns3:cad>
          </ns3:TrackPointExtension>
        </extensions>
      </trkpt>
      <trkpt lat="31.16129756905138492584228515625" lon="121.19945584796369075775146484375">
        <ele>1.39999997615814208984375</ele>
        <time>2025-10-05T12:51:43.000Z</time>
        <extensions>
          <ns3:TrackPointExtension>
            <ns3:hr>155</ns3:hr>
            <ns3:cad>85</ns3:cad>
          </ns3:TrackPointExtension>
        </extensions>
      </trkpt>
      <trkpt lat="31.1612859182059764862060546875" lon="121.1994244158267974853515625">
        <ele>1.39999997615814208984375</ele>
        <time>2025-10-05T12:51:44.000Z</time>
        <extensions>
          <ns3:TrackPointExtension>
            <ns3:hr>155</ns3:hr>
            <ns3:cad>85</ns3:cad>
          </ns3:TrackPointExtension>
        </extensions>
      </trkpt>
      <trkpt lat="31.1612805537879467010498046875" lon="121.199399940669536590576171875">
        <ele>1.39999997615814208984375</ele>
        <time>2025-10-05T12:51:45.000Z</time>
        <extensions>
          <ns3:TrackPointExtension>
            <ns3:hr>155</ns3:hr>
            <ns3:cad>85</ns3:cad>
          </ns3:TrackPointExtension>
        </extensions>
      </trkpt>
      <trkpt lat="31.16127393208444118499755859375" lon="121.19936951436102390289306640625">
        <ele>1.39999997615814208984375</ele>
        <time>2025-10-05T12:51:46.000Z</time>
        <extensions>
          <ns3:TrackPointExtension>
            <ns3:hr>155</ns3:hr>
            <ns3:cad>85</ns3:cad>
          </ns3:TrackPointExtension>
        </extensions>
      </trkpt>
      <trkpt lat="31.161268651485443115234375" lon="121.19934369809925556182861328125">
        <ele>1.39999997615814208984375</ele>
        <time>2025-10-05T12:51:47.000Z</time>
        <extensions>
          <ns3:TrackPointExtension>
            <ns3:hr>155</ns3:hr>
            <ns3:cad>85</ns3:cad>
          </ns3:TrackPointExtension>
        </extensions>
      </trkpt>
      <trkpt lat="31.1612607724964618682861328125" lon="121.19931603781878948211669921875">
        <ele>1.39999997615814208984375</ele>
        <time>2025-10-05T12:51:48.000Z</time>
        <extensions>
          <ns3:TrackPointExtension>
            <ns3:hr>155</ns3:hr>
            <ns3:cad>85</ns3:cad>
          </ns3:TrackPointExtension>
        </extensions>
      </trkpt>
      <trkpt lat="31.16125482134521007537841796875" lon="121.19928234256803989410400390625">
        <ele>1.39999997615814208984375</ele>
        <time>2025-10-05T12:51:49.000Z</time>
        <extensions>
          <ns3:TrackPointExtension>
            <ns3:hr>155</ns3:hr>
            <ns3:cad>86</ns3:cad>
          </ns3:TrackPointExtension>
        </extensions>
      </trkpt>
      <trkpt lat="31.1612503789365291595458984375" lon="121.1992554366588592529296875">
        <ele>1.39999997615814208984375</ele>
        <time>2025-10-05T12:51:50.000Z</time>
        <extensions>
          <ns3:TrackPointExtension>
            <ns3:hr>155</ns3:hr>
            <ns3:cad>85</ns3:cad>
          </ns3:TrackPointExtension>
        </extensions>
      </trkpt>
      <trkpt lat="31.16124794818460941314697265625" lon="121.19922417216002941131591796875">
        <ele>1.39999997615814208984375</ele>
        <time>2025-10-05T12:51:51.000Z</time>
        <extensions>
          <ns3:TrackPointExtension>
            <ns3:hr>155</ns3:hr>
            <ns3:cad>86</ns3:cad>
          </ns3:TrackPointExtension>
        </extensions>
      </trkpt>
      <trkpt lat="31.16124786436557769775390625" lon="121.19919768534600734710693359375">
        <ele>1.39999997615814208984375</ele>
        <time>2025-10-05T12:51:52.000Z</time>
        <extensions>
          <ns3:TrackPointExtension>
            <ns3:hr>155</ns3:hr>
            <ns3:cad>85</ns3:cad>
          </ns3:TrackPointExtension>
        </extensions>
      </trkpt>
      <trkpt lat="31.1612466908991336822509765625" lon="121.1991667561233043670654296875">
        <ele>1.39999997615814208984375</ele>
        <time>2025-10-05T12:51:53.000Z</time>
        <extensions>
          <ns3:TrackPointExtension>
            <ns3:hr>155</ns3:hr>
            <ns3:cad>86</ns3:cad>
          </ns3:TrackPointExtension>
        </extensions>
      </trkpt>
      <trkpt lat="31.16124560125172138214111328125" lon="121.19913901202380657196044921875">
        <ele>1.39999997615814208984375</ele>
        <time>2025-10-05T12:51:54.000Z</time>
        <extensions>
          <ns3:TrackPointExtension>
            <ns3:hr>155</ns3:hr>
            <ns3:cad>86</ns3:cad>
          </ns3:TrackPointExtension>
        </extensions>
      </trkpt>
      <trkpt lat="31.161243505775928497314453125" lon="121.1991105973720550537109375">
        <ele>1.39999997615814208984375</ele>
        <time>2025-10-05T12:51:55.000Z</time>
        <extensions>
          <ns3:TrackPointExtension>
            <ns3:hr>155</ns3:hr>
            <ns3:cad>86</ns3:cad>
          </ns3:TrackPointExtension>
        </extensions>
      </trkpt>
      <trkpt lat="31.161242835223674774169921875" lon="121.19907799176871776580810546875">
        <ele>1.39999997615814208984375</ele>
        <time>2025-10-05T12:51:56.000Z</time>
        <extensions>
          <ns3:TrackPointExtension>
            <ns3:hr>155</ns3:hr>
            <ns3:cad>86</ns3:cad>
          </ns3:TrackPointExtension>
        </extensions>
      </trkpt>
      <trkpt lat="31.1612383089959621429443359375" lon="121.199053265154361724853515625">
        <ele>1.60000002384185791015625</ele>
        <time>2025-10-05T12:51:57.000Z</time>
        <extensions>
          <ns3:TrackPointExtension>
            <ns3:hr>155</ns3:hr>
            <ns3:cad>86</ns3:cad>
          </ns3:TrackPointExtension>
        </extensions>
      </trkpt>
      <trkpt lat="31.16123436950147151947021484375" lon="121.19902451522648334503173828125">
        <ele>1.60000002384185791015625</ele>
        <time>2025-10-05T12:51:58.000Z</time>
        <extensions>
          <ns3:TrackPointExtension>
            <ns3:hr>155</ns3:hr>
            <ns3:cad>86</ns3:cad>
          </ns3:TrackPointExtension>
        </extensions>
      </trkpt>
      <trkpt lat="31.161232776939868927001953125" lon="121.19899727404117584228515625">
        <ele>1.39999997615814208984375</ele>
        <time>2025-10-05T12:51:59.000Z</time>
        <extensions>
          <ns3:TrackPointExtension>
            <ns3:hr>155</ns3:hr>
            <ns3:cad>86</ns3:cad>
          </ns3:TrackPointExtension>
        </extensions>
      </trkpt>
      <trkpt lat="31.1612289212644100189208984375" lon="121.19896416552364826202392578125">
        <ele>1.39999997615814208984375</ele>
        <time>2025-10-05T12:52:00.000Z</time>
        <extensions>
          <ns3:TrackPointExtension>
            <ns3:hr>155</ns3:hr>
            <ns3:cad>86</ns3:cad>
          </ns3:TrackPointExtension>
        </extensions>
      </trkpt>
      <trkpt lat="31.16122229956090450286865234375" lon="121.198934577405452728271484375">
        <ele>1.39999997615814208984375</ele>
        <time>2025-10-05T12:52:01.000Z</time>
        <extensions>
          <ns3:TrackPointExtension>
            <ns3:hr>154</ns3:hr>
            <ns3:cad>86</ns3:cad>
          </ns3:TrackPointExtension>
        </extensions>
      </trkpt>
      <trkpt lat="31.161216683685779571533203125" lon="121.198906414210796356201171875">
        <ele>1.39999997615814208984375</ele>
        <time>2025-10-05T12:52:02.000Z</time>
        <extensions>
          <ns3:TrackPointExtension>
            <ns3:hr>155</ns3:hr>
            <ns3:cad>87</ns3:cad>
          </ns3:TrackPointExtension>
        </extensions>
      </trkpt>
      <trkpt lat="31.16121324710547924041748046875" lon="121.19887498207390308380126953125">
        <ele>1.60000002384185791015625</ele>
        <time>2025-10-05T12:52:03.000Z</time>
        <extensions>
          <ns3:TrackPointExtension>
            <ns3:hr>155</ns3:hr>
            <ns3:cad>87</ns3:cad>
          </ns3:TrackPointExtension>
        </extensions>
      </trkpt>
      <trkpt lat="31.161208637058734893798828125" lon="121.19885033927857875823974609375">
        <ele>1.60000002384185791015625</ele>
        <time>2025-10-05T12:52:04.000Z</time>
        <extensions>
          <ns3:TrackPointExtension>
            <ns3:hr>154</ns3:hr>
            <ns3:cad>87</ns3:cad>
          </ns3:TrackPointExtension>
        </extensions>
      </trkpt>
      <trkpt lat="31.1612041108310222625732421875" lon="121.19882234372198581695556640625">
        <ele>1.60000002384185791015625</ele>
        <time>2025-10-05T12:52:05.000Z</time>
        <extensions>
          <ns3:TrackPointExtension>
            <ns3:hr>155</ns3:hr>
            <ns3:cad>87</ns3:cad>
          </ns3:TrackPointExtension>
        </extensions>
      </trkpt>
      <trkpt lat="31.1611957289278507232666015625" lon="121.19879920966923236846923828125">
        <ele>1.60000002384185791015625</ele>
        <time>2025-10-05T12:52:06.000Z</time>
        <extensions>
          <ns3:TrackPointExtension>
            <ns3:hr>155</ns3:hr>
            <ns3:cad>87</ns3:cad>
          </ns3:TrackPointExtension>
        </extensions>
      </trkpt>
      <trkpt lat="31.161190532147884368896484375" lon="121.19877188466489315032958984375">
        <ele>1.39999997615814208984375</ele>
        <time>2025-10-05T12:52:07.000Z</time>
        <extensions>
          <ns3:TrackPointExtension>
            <ns3:hr>154</ns3:hr>
            <ns3:cad>87</ns3:cad>
          </ns3:TrackPointExtension>
        </extensions>
      </trkpt>
      <trkpt lat="31.161185838282108306884765625" lon="121.19874757714569568634033203125">
        <ele>1.39999997615814208984375</ele>
        <time>2025-10-05T12:52:08.000Z</time>
        <extensions>
          <ns3:TrackPointExtension>
            <ns3:hr>154</ns3:hr>
            <ns3:cad>87</ns3:cad>
          </ns3:TrackPointExtension>
        </extensions>
      </trkpt>
      <trkpt lat="31.161181814968585968017578125" lon="121.19872092269361019134521484375">
        <ele>1.39999997615814208984375</ele>
        <time>2025-10-05T12:52:09.000Z</time>
        <extensions>
          <ns3:TrackPointExtension>
            <ns3:hr>154</ns3:hr>
            <ns3:cad>87</ns3:cad>
          </ns3:TrackPointExtension>
        </extensions>
      </trkpt>
      <trkpt lat="31.1611756123602390289306640625" lon="121.1986920051276683807373046875">
        <ele>1.39999997615814208984375</ele>
        <time>2025-10-05T12:52:10.000Z</time>
        <extensions>
          <ns3:TrackPointExtension>
            <ns3:hr>154</ns3:hr>
            <ns3:cad>87</ns3:cad>
          </ns3:TrackPointExtension>
        </extensions>
      </trkpt>
      <trkpt lat="31.16116873919963836669921875" lon="121.19867272675037384033203125">
        <ele>1.39999997615814208984375</ele>
        <time>2025-10-05T12:52:11.000Z</time>
        <extensions>
          <ns3:TrackPointExtension>
            <ns3:hr>154</ns3:hr>
            <ns3:cad>87</ns3:cad>
          </ns3:TrackPointExtension>
        </extensions>
      </trkpt>
      <trkpt lat="31.161165051162242889404296875" lon="121.1986443959176540374755859375">
        <ele>1.39999997615814208984375</ele>
        <time>2025-10-05T12:52:12.000Z</time>
        <extensions>
          <ns3:TrackPointExtension>
            <ns3:hr>154</ns3:hr>
            <ns3:cad>87</ns3:cad>
          </ns3:TrackPointExtension>
        </extensions>
      </trkpt>
      <trkpt lat="31.161157675087451934814453125" lon="121.19862084276974201202392578125">
        <ele>1.39999997615814208984375</ele>
        <time>2025-10-05T12:52:13.000Z</time>
        <extensions>
          <ns3:TrackPointExtension>
            <ns3:hr>154</ns3:hr>
            <ns3:cad>87</ns3:cad>
          </ns3:TrackPointExtension>
        </extensions>
      </trkpt>
      <trkpt lat="31.16115256212651729583740234375" lon="121.19859284721314907073974609375">
        <ele>1.39999997615814208984375</ele>
        <time>2025-10-05T12:52:14.000Z</time>
        <extensions>
          <ns3:TrackPointExtension>
            <ns3:hr>154</ns3:hr>
            <ns3:cad>87</ns3:cad>
          </ns3:TrackPointExtension>
        </extensions>
      </trkpt>
      <trkpt lat="31.161146946251392364501953125" lon="121.1985656060278415679931640625">
        <ele>1.39999997615814208984375</ele>
        <time>2025-10-05T12:52:15.000Z</time>
        <extensions>
          <ns3:TrackPointExtension>
            <ns3:hr>154</ns3:hr>
            <ns3:cad>87</ns3:cad>
          </ns3:TrackPointExtension>
        </extensions>
      </trkpt>
      <trkpt lat="31.16114082746207714080810546875" lon="121.19852847419679164886474609375">
        <ele>1.39999997615814208984375</ele>
        <time>2025-10-05T12:52:16.000Z</time>
        <extensions>
          <ns3:TrackPointExtension>
            <ns3:hr>154</ns3:hr>
            <ns3:cad>87</ns3:cad>
          </ns3:TrackPointExtension>
        </extensions>
      </trkpt>
      <trkpt lat="31.16113646887242794036865234375" lon="121.19850265793502330780029296875">
        <ele>1.39999997615814208984375</ele>
        <time>2025-10-05T12:52:17.000Z</time>
        <extensions>
          <ns3:TrackPointExtension>
            <ns3:hr>154</ns3:hr>
            <ns3:cad>87</ns3:cad>
          </ns3:TrackPointExtension>
        </extensions>
      </trkpt>
      <trkpt lat="31.1611296795308589935302734375" lon="121.19847432710230350494384765625">
        <ele>1.39999997615814208984375</ele>
        <time>2025-10-05T12:52:18.000Z</time>
        <extensions>
          <ns3:TrackPointExtension>
            <ns3:hr>154</ns3:hr>
            <ns3:cad>86</ns3:cad>
          </ns3:TrackPointExtension>
        </extensions>
      </trkpt>
      <trkpt lat="31.16112314164638519287109375" lon="121.198446415364742279052734375">
        <ele>1.39999997615814208984375</ele>
        <time>2025-10-05T12:52:19.000Z</time>
        <extensions>
          <ns3:TrackPointExtension>
            <ns3:hr>154</ns3:hr>
            <ns3:cad>87</ns3:cad>
          </ns3:TrackPointExtension>
        </extensions>
      </trkpt>
      <trkpt lat="31.1611162684857845306396484375" lon="121.19841934181749820709228515625">
        <ele>1.39999997615814208984375</ele>
        <time>2025-10-05T12:52:20.000Z</time>
        <extensions>
          <ns3:TrackPointExtension>
            <ns3:hr>154</ns3:hr>
            <ns3:cad>86</ns3:cad>
          </ns3:TrackPointExtension>
        </extensions>
      </trkpt>
      <trkpt lat="31.16111299954354763031005859375" lon="121.1983882449567317962646484375">
        <ele>1.39999997615814208984375</ele>
        <time>2025-10-05T12:52:21.000Z</time>
        <extensions>
          <ns3:TrackPointExtension>
            <ns3:hr>153</ns3:hr>
            <ns3:cad>86</ns3:cad>
          </ns3:TrackPointExtension>
        </extensions>
      </trkpt>
      <trkpt lat="31.16110847331583499908447265625" lon="121.19836159050464630126953125">
        <ele>1.39999997615814208984375</ele>
        <time>2025-10-05T12:52:22.000Z</time>
        <extensions>
          <ns3:TrackPointExtension>
            <ns3:hr>154</ns3:hr>
            <ns3:cad>86</ns3:cad>
          </ns3:TrackPointExtension>
        </extensions>
      </trkpt>
      <trkpt lat="31.1611078865826129913330078125" lon="121.198331415653228759765625">
        <ele>1.39999997615814208984375</ele>
        <time>2025-10-05T12:52:23.000Z</time>
        <extensions>
          <ns3:TrackPointExtension>
            <ns3:hr>154</ns3:hr>
            <ns3:cad>86</ns3:cad>
          </ns3:TrackPointExtension>
        </extensions>
      </trkpt>
      <trkpt lat="31.1611045338213443756103515625" lon="121.19830819778144359588623046875">
        <ele>1.39999997615814208984375</ele>
        <time>2025-10-05T12:52:24.000Z</time>
        <extensions>
          <ns3:TrackPointExtension>
            <ns3:hr>154</ns3:hr>
            <ns3:cad>86</ns3:cad>
          </ns3:TrackPointExtension>
        </extensions>
      </trkpt>
      <trkpt lat="31.16110076196491718292236328125" lon="121.1982806213200092315673828125">
        <ele>1.39999997615814208984375</ele>
        <time>2025-10-05T12:52:25.000Z</time>
        <extensions>
          <ns3:TrackPointExtension>
            <ns3:hr>154</ns3:hr>
            <ns3:cad>86</ns3:cad>
          </ns3:TrackPointExtension>
        </extensions>
      </trkpt>
      <trkpt lat="31.16109757684171199798583984375" lon="121.19825430214405059814453125">
        <ele>1.39999997615814208984375</ele>
        <time>2025-10-05T12:52:26.000Z</time>
        <extensions>
          <ns3:TrackPointExtension>
            <ns3:hr>154</ns3:hr>
            <ns3:cad>86</ns3:cad>
          </ns3:TrackPointExtension>
        </extensions>
      </trkpt>
      <trkpt lat="31.16109321825206279754638671875" lon="121.19822974316775798797607421875">
        <ele>1.39999997615814208984375</ele>
        <time>2025-10-05T12:52:27.000Z</time>
        <extensions>
          <ns3:TrackPointExtension>
            <ns3:hr>154</ns3:hr>
            <ns3:cad>86</ns3:cad>
          </ns3:TrackPointExtension>
        </extensions>
      </trkpt>
      <trkpt lat="31.16109087131917476654052734375" lon="121.19819990359246730804443359375">
        <ele>1.39999997615814208984375</ele>
        <time>2025-10-05T12:52:28.000Z</time>
        <extensions>
          <ns3:TrackPointExtension>
            <ns3:hr>154</ns3:hr>
            <ns3:cad>87</ns3:cad>
          </ns3:TrackPointExtension>
        </extensions>
      </trkpt>
      <trkpt lat="31.1610830761492252349853515625" lon="121.19817140512168407440185546875">
        <ele>1.39999997615814208984375</ele>
        <time>2025-10-05T12:52:29.000Z</time>
        <extensions>
          <ns3:TrackPointExtension>
            <ns3:hr>154</ns3:hr>
            <ns3:cad>87</ns3:cad>
          </ns3:TrackPointExtension>
        </extensions>
      </trkpt>
      <trkpt lat="31.16108131594955921173095703125" lon="121.19814273901283740997314453125">
        <ele>1.39999997615814208984375</ele>
        <time>2025-10-05T12:52:30.000Z</time>
        <extensions>
          <ns3:TrackPointExtension>
            <ns3:hr>154</ns3:hr>
            <ns3:cad>86</ns3:cad>
          </ns3:TrackPointExtension>
        </extensions>
      </trkpt>
      <trkpt lat="31.16107754409313201904296875" lon="121.19811675511300563812255859375">
        <ele>1.39999997615814208984375</ele>
        <time>2025-10-05T12:52:31.000Z</time>
        <extensions>
          <ns3:TrackPointExtension>
            <ns3:hr>153</ns3:hr>
            <ns3:cad>86</ns3:cad>
          </ns3:TrackPointExtension>
        </extensions>
      </trkpt>
      <trkpt lat="31.1610741913318634033203125" lon="121.19808859191834926605224609375">
        <ele>1.39999997615814208984375</ele>
        <time>2025-10-05T12:52:32.000Z</time>
        <extensions>
          <ns3:TrackPointExtension>
            <ns3:hr>154</ns3:hr>
            <ns3:cad>86</ns3:cad>
          </ns3:TrackPointExtension>
        </extensions>
      </trkpt>
      <trkpt lat="31.1610666476190090179443359375" lon="121.19806093163788318634033203125">
        <ele>1.39999997615814208984375</ele>
        <time>2025-10-05T12:52:33.000Z</time>
        <extensions>
          <ns3:TrackPointExtension>
            <ns3:hr>154</ns3:hr>
            <ns3:cad>86</ns3:cad>
          </ns3:TrackPointExtension>
        </extensions>
      </trkpt>
      <trkpt lat="31.1610607802867889404296875" lon="121.19803260080516338348388671875">
        <ele>1.39999997615814208984375</ele>
        <time>2025-10-05T12:52:34.000Z</time>
        <extensions>
          <ns3:TrackPointExtension>
            <ns3:hr>154</ns3:hr>
            <ns3:cad>86</ns3:cad>
          </ns3:TrackPointExtension>
        </extensions>
      </trkpt>
      <trkpt lat="31.16105734370648860931396484375" lon="121.1980028450489044189453125">
        <ele>1.39999997615814208984375</ele>
        <time>2025-10-05T12:52:35.000Z</time>
        <extensions>
          <ns3:TrackPointExtension>
            <ns3:hr>154</ns3:hr>
            <ns3:cad>87</ns3:cad>
          </ns3:TrackPointExtension>
        </extensions>
      </trkpt>
      <trkpt lat="31.1610522307455539703369140625" lon="121.19797694496810436248779296875">
        <ele>1.39999997615814208984375</ele>
        <time>2025-10-05T12:52:36.000Z</time>
        <extensions>
          <ns3:TrackPointExtension>
            <ns3:hr>153</ns3:hr>
            <ns3:cad>87</ns3:cad>
          </ns3:TrackPointExtension>
        </extensions>
      </trkpt>
      <trkpt lat="31.161045692861080169677734375" lon="121.19794827885925769805908203125">
        <ele>1.39999997615814208984375</ele>
        <time>2025-10-05T12:52:37.000Z</time>
        <extensions>
          <ns3:TrackPointExtension>
            <ns3:hr>154</ns3:hr>
            <ns3:cad>87</ns3:cad>
          </ns3:TrackPointExtension>
        </extensions>
      </trkpt>
      <trkpt lat="31.16104007698595523834228515625" lon="121.19792011566460132598876953125">
        <ele>1.39999997615814208984375</ele>
        <time>2025-10-05T12:52:38.000Z</time>
        <extensions>
          <ns3:TrackPointExtension>
            <ns3:hr>154</ns3:hr>
            <ns3:cad>87</ns3:cad>
          </ns3:TrackPointExtension>
        </extensions>
      </trkpt>
      <trkpt lat="31.16103462874889373779296875" lon="121.19788608513772487640380859375">
        <ele>1.39999997615814208984375</ele>
        <time>2025-10-05T12:52:39.000Z</time>
        <extensions>
          <ns3:TrackPointExtension>
            <ns3:hr>153</ns3:hr>
            <ns3:cad>87</ns3:cad>
          </ns3:TrackPointExtension>
        </extensions>
      </trkpt>
      <trkpt lat="31.16102716885507106781005859375" lon="121.19786060415208339691162109375">
        <ele>1.39999997615814208984375</ele>
        <time>2025-10-05T12:52:40.000Z</time>
        <extensions>
          <ns3:TrackPointExtension>
            <ns3:hr>154</ns3:hr>
            <ns3:cad>87</ns3:cad>
          </ns3:TrackPointExtension>
        </extensions>
      </trkpt>
      <trkpt lat="31.161020211875438690185546875" lon="121.19783177040517330169677734375">
        <ele>1.39999997615814208984375</ele>
        <time>2025-10-05T12:52:41.000Z</time>
        <extensions>
          <ns3:TrackPointExtension>
            <ns3:hr>154</ns3:hr>
            <ns3:cad>87</ns3:cad>
          </ns3:TrackPointExtension>
        </extensions>
      </trkpt>
      <trkpt lat="31.16101928986608982086181640625" lon="121.197804026305675506591796875">
        <ele>1.39999997615814208984375</ele>
        <time>2025-10-05T12:52:42.000Z</time>
        <extensions>
          <ns3:TrackPointExtension>
            <ns3:hr>154</ns3:hr>
            <ns3:cad>87</ns3:cad>
          </ns3:TrackPointExtension>
        </extensions>
      </trkpt>
      <trkpt lat="31.16101719439029693603515625" lon="121.197779886424541473388671875">
        <ele>1.39999997615814208984375</ele>
        <time>2025-10-05T12:52:43.000Z</time>
        <extensions>
          <ns3:TrackPointExtension>
            <ns3:hr>153</ns3:hr>
            <ns3:cad>86</ns3:cad>
          </ns3:TrackPointExtension>
        </extensions>
      </trkpt>
      <trkpt lat="31.1610143445432186126708984375" lon="121.19775147177278995513916015625">
        <ele>1.39999997615814208984375</ele>
        <time>2025-10-05T12:52:44.000Z</time>
        <extensions>
          <ns3:TrackPointExtension>
            <ns3:hr>154</ns3:hr>
            <ns3:cad>86</ns3:cad>
          </ns3:TrackPointExtension>
        </extensions>
      </trkpt>
      <trkpt lat="31.1610103212296962738037109375" lon="121.19772724807262420654296875">
        <ele>1.39999997615814208984375</ele>
        <time>2025-10-05T12:52:45.000Z</time>
        <extensions>
          <ns3:TrackPointExtension>
            <ns3:hr>154</ns3:hr>
            <ns3:cad>86</ns3:cad>
          </ns3:TrackPointExtension>
        </extensions>
      </trkpt>
      <trkpt lat="31.16100789047777652740478515625" lon="121.197696737945079803466796875">
        <ele>1.39999997615814208984375</ele>
        <time>2025-10-05T12:52:46.000Z</time>
        <extensions>
          <ns3:TrackPointExtension>
            <ns3:hr>154</ns3:hr>
            <ns3:cad>86</ns3:cad>
          </ns3:TrackPointExtension>
        </extensions>
      </trkpt>
      <trkpt lat="31.16100353188812732696533203125" lon="121.19767033495008945465087890625">
        <ele>1.39999997615814208984375</ele>
        <time>2025-10-05T12:52:47.000Z</time>
        <extensions>
          <ns3:TrackPointExtension>
            <ns3:hr>154</ns3:hr>
            <ns3:cad>86</ns3:cad>
          </ns3:TrackPointExtension>
        </extensions>
      </trkpt>
      <trkpt lat="31.160999424755573272705078125" lon="121.19763999246060848236083984375">
        <ele>1.60000002384185791015625</ele>
        <time>2025-10-05T12:52:48.000Z</time>
        <extensions>
          <ns3:TrackPointExtension>
            <ns3:hr>155</ns3:hr>
            <ns3:cad>86</ns3:cad>
          </ns3:TrackPointExtension>
        </extensions>
      </trkpt>
      <trkpt lat="31.16099439561367034912109375" lon="121.19760990142822265625">
        <ele>1.39999997615814208984375</ele>
        <time>2025-10-05T12:52:49.000Z</time>
        <extensions>
          <ns3:TrackPointExtension>
            <ns3:hr>155</ns3:hr>
            <ns3:cad>86</ns3:cad>
          </ns3:TrackPointExtension>
        </extensions>
      </trkpt>
      <trkpt lat="31.1609918810427188873291015625" lon="121.19758198969066143035888671875">
        <ele>1.39999997615814208984375</ele>
        <time>2025-10-05T12:52:50.000Z</time>
        <extensions>
          <ns3:TrackPointExtension>
            <ns3:hr>155</ns3:hr>
            <ns3:cad>86</ns3:cad>
          </ns3:TrackPointExtension>
        </extensions>
      </trkpt>
      <trkpt lat="31.16098911501467227935791015625" lon="121.19755416177213191986083984375">
        <ele>1.39999997615814208984375</ele>
        <time>2025-10-05T12:52:51.000Z</time>
        <extensions>
          <ns3:TrackPointExtension>
            <ns3:hr>155</ns3:hr>
            <ns3:cad>86</ns3:cad>
          </ns3:TrackPointExtension>
        </extensions>
      </trkpt>
      <trkpt lat="31.16098366677761077880859375" lon="121.19752784259617328643798828125">
        <ele>1.60000002384185791015625</ele>
        <time>2025-10-05T12:52:52.000Z</time>
        <extensions>
          <ns3:TrackPointExtension>
            <ns3:hr>155</ns3:hr>
            <ns3:cad>86</ns3:cad>
          </ns3:TrackPointExtension>
        </extensions>
      </trkpt>
      <trkpt lat="31.160978637635707855224609375" lon="121.19749515317380428314208984375">
        <ele>1.60000002384185791015625</ele>
        <time>2025-10-05T12:52:53.000Z</time>
        <extensions>
          <ns3:TrackPointExtension>
            <ns3:hr>155</ns3:hr>
            <ns3:cad>86</ns3:cad>
          </ns3:TrackPointExtension>
        </extensions>
      </trkpt>
      <trkpt lat="31.16097335703670978546142578125" lon="121.19746506214141845703125">
        <ele>1.60000002384185791015625</ele>
        <time>2025-10-05T12:52:54.000Z</time>
        <extensions>
          <ns3:TrackPointExtension>
            <ns3:hr>155</ns3:hr>
            <ns3:cad>86</ns3:cad>
          </ns3:TrackPointExtension>
        </extensions>
      </trkpt>
      <trkpt lat="31.160970591008663177490234375" lon="121.1974315345287322998046875">
        <ele>1.60000002384185791015625</ele>
        <time>2025-10-05T12:52:55.000Z</time>
        <extensions>
          <ns3:TrackPointExtension>
            <ns3:hr>155</ns3:hr>
            <ns3:cad>86</ns3:cad>
          </ns3:TrackPointExtension>
        </extensions>
      </trkpt>
      <trkpt lat="31.160964556038379669189453125" lon="121.19740135967731475830078125">
        <ele>1.60000002384185791015625</ele>
        <time>2025-10-05T12:52:56.000Z</time>
        <extensions>
          <ns3:TrackPointExtension>
            <ns3:hr>155</ns3:hr>
            <ns3:cad>86</ns3:cad>
          </ns3:TrackPointExtension>
        </extensions>
      </trkpt>
      <trkpt lat="31.16095726378262042999267578125" lon="121.1973683349788188934326171875">
        <ele>1.60000002384185791015625</ele>
        <time>2025-10-05T12:52:57.000Z</time>
        <extensions>
          <ns3:TrackPointExtension>
            <ns3:hr>155</ns3:hr>
            <ns3:cad>86</ns3:cad>
          </ns3:TrackPointExtension>
        </extensions>
      </trkpt>
      <trkpt lat="31.16095642559230327606201171875" lon="121.19733556173741817474365234375">
        <ele>1.60000002384185791015625</ele>
        <time>2025-10-05T12:52:58.000Z</time>
        <extensions>
          <ns3:TrackPointExtension>
            <ns3:hr>155</ns3:hr>
            <ns3:cad>86</ns3:cad>
          </ns3:TrackPointExtension>
        </extensions>
      </trkpt>
      <trkpt lat="31.16095055826008319854736328125" lon="121.19730672799050807952880859375">
        <ele>1.60000002384185791015625</ele>
        <time>2025-10-05T12:52:59.000Z</time>
        <extensions>
          <ns3:TrackPointExtension>
            <ns3:hr>155</ns3:hr>
            <ns3:cad>86</ns3:cad>
          </ns3:TrackPointExtension>
        </extensions>
      </trkpt>
      <trkpt lat="31.16094519384205341339111328125" lon="121.1972821690142154693603515625">
        <ele>1.60000002384185791015625</ele>
        <time>2025-10-05T12:53:00.000Z</time>
        <extensions>
          <ns3:TrackPointExtension>
            <ns3:hr>155</ns3:hr>
            <ns3:cad>85</ns3:cad>
          </ns3:TrackPointExtension>
        </extensions>
      </trkpt>
      <trkpt lat="31.16094016470015048980712890625" lon="121.19724671356379985809326171875">
        <ele>1.60000002384185791015625</ele>
        <time>2025-10-05T12:53:16.000Z</time>
        <extensions>
          <ns3:TrackPointExtension>
            <ns3:hr>153</ns3:hr>
            <ns3:cad>71</ns3:cad>
          </ns3:TrackPointExtension>
        </extensions>
      </trkpt>
      <trkpt lat="31.16094318218529224395751953125" lon="121.19726431556046009063720703125">
        <ele>1.60000002384185791015625</ele>
        <time>2025-10-05T12:53:17.000Z</time>
        <extensions>
          <ns3:TrackPointExtension>
            <ns3:hr>153</ns3:hr>
            <ns3:cad>71</ns3:cad>
          </ns3:TrackPointExtension>
        </extensions>
      </trkpt>
      <trkpt lat="31.1609494686126708984375" lon="121.19729180820286273956298828125">
        <ele>1.7999999523162841796875</ele>
        <time>2025-10-05T12:53:18.000Z</time>
        <extensions>
          <ns3:TrackPointExtension>
            <ns3:hr>153</ns3:hr>
            <ns3:cad>71</ns3:cad>
          </ns3:TrackPointExtension>
        </extensions>
      </trkpt>
      <trkpt lat="31.16095483303070068359375" lon="121.19732751511037349700927734375">
        <ele>1.7999999523162841796875</ele>
        <time>2025-10-05T12:53:19.000Z</time>
        <extensions>
          <ns3:TrackPointExtension>
            <ns3:hr>153</ns3:hr>
            <ns3:cad>71</ns3:cad>
          </ns3:TrackPointExtension>
        </extensions>
      </trkpt>
      <trkpt lat="31.160961203277111053466796875" lon="121.19735165499150753021240234375">
        <ele>1.7999999523162841796875</ele>
        <time>2025-10-05T12:53:20.000Z</time>
        <extensions>
          <ns3:TrackPointExtension>
            <ns3:hr>153</ns3:hr>
            <ns3:cad>71</ns3:cad>
          </ns3:TrackPointExtension>
        </extensions>
      </trkpt>
      <trkpt lat="31.160959862172603607177734375" lon="121.1973928101360797882080078125">
        <ele>1.7999999523162841796875</ele>
        <time>2025-10-05T12:53:21.000Z</time>
        <extensions>
          <ns3:TrackPointExtension>
            <ns3:hr>153</ns3:hr>
            <ns3:cad>0</ns3:cad>
          </ns3:TrackPointExtension>
        </extensions>
      </trkpt>
      <trkpt lat="31.16096832789480686187744140625" lon="121.19742474518716335296630859375">
        <ele>1.7999999523162841796875</ele>
        <time>2025-10-05T12:53:22.000Z</time>
        <extensions>
          <ns3:TrackPointExtension>
            <ns3:hr>152</ns3:hr>
            <ns3:cad>0</ns3:cad>
          </ns3:TrackPointExtension>
        </extensions>
      </trkpt>
      <trkpt lat="31.16097235120832920074462890625" lon="121.1974638886749744415283203125">
        <ele>1.7999999523162841796875</ele>
        <time>2025-10-05T12:53:23.000Z</time>
        <extensions>
          <ns3:TrackPointExtension>
            <ns3:hr>152</ns3:hr>
            <ns3:cad>86</ns3:cad>
          </ns3:TrackPointExtension>
        </extensions>
      </trkpt>
      <trkpt lat="31.1609791405498981475830078125" lon="121.19749548844993114471435546875">
        <ele>1.7999999523162841796875</ele>
        <time>2025-10-05T12:53:24.000Z</time>
        <extensions>
          <ns3:TrackPointExtension>
            <ns3:hr>152</ns3:hr>
            <ns3:cad>86</ns3:cad>
          </ns3:TrackPointExtension>
        </extensions>
      </trkpt>
      <trkpt lat="31.1609828285872936248779296875" lon="121.19752876460552215576171875">
        <ele>1.7999999523162841796875</ele>
        <time>2025-10-05T12:53:25.000Z</time>
        <extensions>
          <ns3:TrackPointExtension>
            <ns3:hr>152</ns3:hr>
            <ns3:cad>87</ns3:cad>
          </ns3:TrackPointExtension>
        </extensions>
      </trkpt>
      <trkpt lat="31.1609865166246891021728515625" lon="121.19755961000919342041015625">
        <ele>1.7999999523162841796875</ele>
        <time>2025-10-05T12:53:26.000Z</time>
        <extensions>
          <ns3:TrackPointExtension>
            <ns3:hr>153</ns3:hr>
            <ns3:cad>87</ns3:cad>
          </ns3:TrackPointExtension>
        </extensions>
      </trkpt>
      <trkpt lat="31.16099548526108264923095703125" lon="121.1975859291851520538330078125">
        <ele>2</ele>
        <time>2025-10-05T12:53:27.000Z</time>
        <extensions>
          <ns3:TrackPointExtension>
            <ns3:hr>153</ns3:hr>
            <ns3:cad>87</ns3:cad>
          </ns3:TrackPointExtension>
        </extensions>
      </trkpt>
      <trkpt lat="31.16100168786942958831787109375" lon="121.19761736132204532623291015625">
        <ele>1.7999999523162841796875</ele>
        <time>2025-10-05T12:53:28.000Z</time>
        <extensions>
          <ns3:TrackPointExtension>
            <ns3:hr>153</ns3:hr>
            <ns3:cad>86</ns3:cad>
          </ns3:TrackPointExtension>
        </extensions>
      </trkpt>
      <trkpt lat="31.16101090796291828155517578125" lon="121.19764141738414764404296875">
        <ele>1.7999999523162841796875</ele>
        <time>2025-10-05T12:53:29.000Z</time>
        <extensions>
          <ns3:TrackPointExtension>
            <ns3:hr>153</ns3:hr>
            <ns3:cad>86</ns3:cad>
          </ns3:TrackPointExtension>
        </extensions>
      </trkpt>
      <trkpt lat="31.1610146798193454742431640625" lon="121.1976729333400726318359375">
        <ele>1.7999999523162841796875</ele>
        <time>2025-10-05T12:53:30.000Z</time>
        <extensions>
          <ns3:TrackPointExtension>
            <ns3:hr>153</ns3:hr>
            <ns3:cad>86</ns3:cad>
          </ns3:TrackPointExtension>
        </extensions>
      </trkpt>
      <trkpt lat="31.1610210500657558441162109375" lon="121.19769682176411151885986328125">
        <ele>1.7999999523162841796875</ele>
        <time>2025-10-05T12:53:31.000Z</time>
        <extensions>
          <ns3:TrackPointExtension>
            <ns3:hr>153</ns3:hr>
            <ns3:cad>85</ns3:cad>
          </ns3:TrackPointExtension>
        </extensions>
      </trkpt>
      <trkpt lat="31.16102733649313449859619140625" lon="121.19773068465292453765869140625">
        <ele>1.7999999523162841796875</ele>
        <time>2025-10-05T12:53:32.000Z</time>
        <extensions>
          <ns3:TrackPointExtension>
            <ns3:hr>153</ns3:hr>
            <ns3:cad>85</ns3:cad>
          </ns3:TrackPointExtension>
        </extensions>
      </trkpt>
      <trkpt lat="31.16103152744472026824951171875" lon="121.19776287116110324859619140625">
        <ele>1.7999999523162841796875</ele>
        <time>2025-10-05T12:53:33.000Z</time>
        <extensions>
          <ns3:TrackPointExtension>
            <ns3:hr>152</ns3:hr>
            <ns3:cad>85</ns3:cad>
          </ns3:TrackPointExtension>
        </extensions>
      </trkpt>
      <trkpt lat="31.16103605367243289947509765625" lon="121.1977948062121868133544921875">
        <ele>1.7999999523162841796875</ele>
        <time>2025-10-05T12:53:34.000Z</time>
        <extensions>
          <ns3:TrackPointExtension>
            <ns3:hr>152</ns3:hr>
            <ns3:cad>86</ns3:cad>
          </ns3:TrackPointExtension>
        </extensions>
      </trkpt>
      <trkpt lat="31.16103588603436946868896484375" lon="121.1978323571383953094482421875">
        <ele>1.7999999523162841796875</ele>
        <time>2025-10-05T12:53:35.000Z</time>
        <extensions>
          <ns3:TrackPointExtension>
            <ns3:hr>153</ns3:hr>
            <ns3:cad>86</ns3:cad>
          </ns3:TrackPointExtension>
        </extensions>
      </trkpt>
      <trkpt lat="31.1610381491482257843017578125" lon="121.19785943068563938140869140625">
        <ele>1.7999999523162841796875</ele>
        <time>2025-10-05T12:53:36.000Z</time>
        <extensions>
          <ns3:TrackPointExtension>
            <ns3:hr>152</ns3:hr>
            <ns3:cad>86</ns3:cad>
          </ns3:TrackPointExtension>
        </extensions>
      </trkpt>
      <trkpt lat="31.1610351316630840301513671875" lon="121.19790025055408477783203125">
        <ele>1.7999999523162841796875</ele>
        <time>2025-10-05T12:53:37.000Z</time>
        <extensions>
          <ns3:TrackPointExtension>
            <ns3:hr>152</ns3:hr>
            <ns3:cad>86</ns3:cad>
          </ns3:TrackPointExtension>
        </extensions>
      </trkpt>
      <trkpt lat="31.1610361374914646148681640625" lon="121.19793000631034374237060546875">
        <ele>1.7999999523162841796875</ele>
        <time>2025-10-05T12:53:38.000Z</time>
        <extensions>
          <ns3:TrackPointExtension>
            <ns3:hr>152</ns3:hr>
            <ns3:cad>86</ns3:cad>
          </ns3:TrackPointExtension>
        </extensions>
      </trkpt>
      <trkpt lat="31.16103538312017917633056640625" lon="121.19796462357044219970703125">
        <ele>1.7999999523162841796875</ele>
        <time>2025-10-05T12:53:39.000Z</time>
        <extensions>
          <ns3:TrackPointExtension>
            <ns3:hr>152</ns3:hr>
            <ns3:cad>86</ns3:cad>
          </ns3:TrackPointExtension>
        </extensions>
      </trkpt>
      <trkpt lat="31.161040328443050384521484375" lon="121.197994463145732879638671875">
        <ele>1.7999999523162841796875</ele>
        <time>2025-10-05T12:53:40.000Z</time>
        <extensions>
          <ns3:TrackPointExtension>
            <ns3:hr>151</ns3:hr>
            <ns3:cad>87</ns3:cad>
          </ns3:TrackPointExtension>
        </extensions>
      </trkpt>
      <trkpt lat="31.16104577668011188507080078125" lon="121.198023967444896697998046875">
        <ele>1.7999999523162841796875</ele>
        <time>2025-10-05T12:53:41.000Z</time>
        <extensions>
          <ns3:TrackPointExtension>
            <ns3:hr>151</ns3:hr>
            <ns3:cad>87</ns3:cad>
          </ns3:TrackPointExtension>
        </extensions>
      </trkpt>
      <trkpt lat="31.16104946471750736236572265625" lon="121.19805707596242427825927734375">
        <ele>1.7999999523162841796875</ele>
        <time>2025-10-05T12:53:42.000Z</time>
        <extensions>
          <ns3:TrackPointExtension>
            <ns3:hr>151</ns3:hr>
            <ns3:cad>87</ns3:cad>
          </ns3:TrackPointExtension>
        </extensions>
      </trkpt>
      <trkpt lat="31.16105902008712291717529296875" lon="121.198082305490970611572265625">
        <ele>1.7999999523162841796875</ele>
        <time>2025-10-05T12:53:43.000Z</time>
        <extensions>
          <ns3:TrackPointExtension>
            <ns3:hr>151</ns3:hr>
            <ns3:cad>87</ns3:cad>
          </ns3:TrackPointExtension>
        </extensions>
      </trkpt>
      <trkpt lat="31.16106413304805755615234375" lon="121.198122203350067138671875">
        <ele>1.7999999523162841796875</ele>
        <time>2025-10-05T12:53:44.000Z</time>
        <extensions>
          <ns3:TrackPointExtension>
            <ns3:hr>151</ns3:hr>
            <ns3:cad>86</ns3:cad>
          </ns3:TrackPointExtension>
        </extensions>
      </trkpt>
      <trkpt lat="31.1610666476190090179443359375" lon="121.1981465108692646026611328125">
        <ele>1.7999999523162841796875</ele>
        <time>2025-10-05T12:53:45.000Z</time>
        <extensions>
          <ns3:TrackPointExtension>
            <ns3:hr>151</ns3:hr>
            <ns3:cad>85</ns3:cad>
          </ns3:TrackPointExtension>
        </extensions>
      </trkpt>
      <trkpt lat="31.16106958128511905670166015625" lon="121.19817861355841159820556640625">
        <ele>1.7999999523162841796875</ele>
        <time>2025-10-05T12:53:46.000Z</time>
        <extensions>
          <ns3:TrackPointExtension>
            <ns3:hr>151</ns3:hr>
            <ns3:cad>85</ns3:cad>
          </ns3:TrackPointExtension>
        </extensions>
      </trkpt>
      <trkpt lat="31.1610720120370388031005859375" lon="121.19820392690598964691162109375">
        <ele>1.7999999523162841796875</ele>
        <time>2025-10-05T12:53:47.000Z</time>
        <extensions>
          <ns3:TrackPointExtension>
            <ns3:hr>152</ns3:hr>
            <ns3:cad>85</ns3:cad>
          </ns3:TrackPointExtension>
        </extensions>
      </trkpt>
      <trkpt lat="31.1610741913318634033203125" lon="121.19823577813804149627685546875">
        <ele>1.7999999523162841796875</ele>
        <time>2025-10-05T12:53:48.000Z</time>
        <extensions>
          <ns3:TrackPointExtension>
            <ns3:hr>152</ns3:hr>
            <ns3:cad>86</ns3:cad>
          </ns3:TrackPointExtension>
        </extensions>
      </trkpt>
      <trkpt lat="31.161072514951229095458984375" lon="121.19826897047460079193115234375">
        <ele>1.7999999523162841796875</ele>
        <time>2025-10-05T12:53:49.000Z</time>
        <extensions>
          <ns3:TrackPointExtension>
            <ns3:hr>151</ns3:hr>
            <ns3:cad>86</ns3:cad>
          </ns3:TrackPointExtension>
        </extensions>
      </trkpt>
      <trkpt lat="31.16107863374054431915283203125" lon="121.198294870555400848388671875">
        <ele>1.7999999523162841796875</ele>
        <time>2025-10-05T12:53:50.000Z</time>
        <extensions>
          <ns3:TrackPointExtension>
            <ns3:hr>152</ns3:hr>
            <ns3:cad>86</ns3:cad>
          </ns3:TrackPointExtension>
        </extensions>
      </trkpt>
      <trkpt lat="31.16108936257660388946533203125" lon="121.198323704302310943603515625">
        <ele>1.7999999523162841796875</ele>
        <time>2025-10-05T12:53:51.000Z</time>
        <extensions>
          <ns3:TrackPointExtension>
            <ns3:hr>151</ns3:hr>
            <ns3:cad>86</ns3:cad>
          </ns3:TrackPointExtension>
        </extensions>
      </trkpt>
      <trkpt lat="31.16109740920364856719970703125" lon="121.19835555553436279296875">
        <ele>1.7999999523162841796875</ele>
        <time>2025-10-05T12:53:52.000Z</time>
        <extensions>
          <ns3:TrackPointExtension>
            <ns3:hr>151</ns3:hr>
            <ns3:cad>86</ns3:cad>
          </ns3:TrackPointExtension>
        </extensions>
      </trkpt>
      <trkpt lat="31.16110696457326412200927734375" lon="121.198390088975429534912109375">
        <ele>1.7999999523162841796875</ele>
        <time>2025-10-05T12:53:53.000Z</time>
        <extensions>
          <ns3:TrackPointExtension>
            <ns3:hr>151</ns3:hr>
            <ns3:cad>86</ns3:cad>
          </ns3:TrackPointExtension>
        </extensions>
      </trkpt>
      <trkpt lat="31.1611125804483890533447265625" lon="121.1984254606068134307861328125">
        <ele>1.7999999523162841796875</ele>
        <time>2025-10-05T12:53:54.000Z</time>
        <extensions>
          <ns3:TrackPointExtension>
            <ns3:hr>152</ns3:hr>
            <ns3:cad>86</ns3:cad>
          </ns3:TrackPointExtension>
        </extensions>
      </trkpt>
      <trkpt lat="31.16112004034221172332763671875" lon="121.198455803096294403076171875">
        <ele>1.7999999523162841796875</ele>
        <time>2025-10-05T12:53:55.000Z</time>
        <extensions>
          <ns3:TrackPointExtension>
            <ns3:hr>152</ns3:hr>
            <ns3:cad>86</ns3:cad>
          </ns3:TrackPointExtension>
        </extensions>
      </trkpt>
      <trkpt lat="31.161122806370258331298828125" lon="121.19849394075572490692138671875">
        <ele>1.7999999523162841796875</ele>
        <time>2025-10-05T12:53:56.000Z</time>
        <extensions>
          <ns3:TrackPointExtension>
            <ns3:hr>153</ns3:hr>
            <ns3:cad>86</ns3:cad>
          </ns3:TrackPointExtension>
        </extensions>
      </trkpt>
      <trkpt lat="31.1611306853592395782470703125" lon="121.19852428324520587921142578125">
        <ele>2</ele>
        <time>2025-10-05T12:53:57.000Z</time>
        <extensions>
          <ns3:TrackPointExtension>
            <ns3:hr>152</ns3:hr>
            <ns3:cad>86</ns3:cad>
          </ns3:TrackPointExtension>
        </extensions>
      </trkpt>
      <trkpt lat="31.16114250384271144866943359375" lon="121.1985599063336849212646484375">
        <ele>2</ele>
        <time>2025-10-05T12:53:58.000Z</time>
        <extensions>
          <ns3:TrackPointExtension>
            <ns3:hr>153</ns3:hr>
            <ns3:cad>86</ns3:cad>
          </ns3:TrackPointExtension>
        </extensions>
      </trkpt>
      <trkpt lat="31.1611627042293548583984375" lon="121.19858530350029468536376953125">
        <ele>1.7999999523162841796875</ele>
        <time>2025-10-05T12:53:59.000Z</time>
        <extensions>
          <ns3:TrackPointExtension>
            <ns3:hr>153</ns3:hr>
            <ns3:cad>85</ns3:cad>
          </ns3:TrackPointExtension>
        </extensions>
      </trkpt>
      <trkpt lat="31.16118751466274261474609375" lon="121.19858798570930957794189453125">
        <ele>1.7999999523162841796875</ele>
        <time>2025-10-05T12:54:00.000Z</time>
        <extensions>
          <ns3:TrackPointExtension>
            <ns3:hr>153</ns3:hr>
            <ns3:cad>84</ns3:cad>
          </ns3:TrackPointExtension>
        </extensions>
      </trkpt>
      <trkpt lat="31.1612091399729251861572265625" lon="121.1985733173787593841552734375">
        <ele>1.7999999523162841796875</ele>
        <time>2025-10-05T12:54:01.000Z</time>
        <extensions>
          <ns3:TrackPointExtension>
            <ns3:hr>153</ns3:hr>
            <ns3:cad>84</ns3:cad>
          </ns3:TrackPointExtension>
        </extensions>
      </trkpt>
      <trkpt lat="31.161217354238033294677734375" lon="121.19855328463017940521240234375">
        <ele>1.7999999523162841796875</ele>
        <time>2025-10-05T12:54:02.000Z</time>
        <extensions>
          <ns3:TrackPointExtension>
            <ns3:hr>154</ns3:hr>
            <ns3:cad>84</ns3:cad>
          </ns3:TrackPointExtension>
        </extensions>
      </trkpt>
      <trkpt lat="31.16121509112417697906494140625" lon="121.19851858355104923248291015625">
        <ele>1.7999999523162841796875</ele>
        <time>2025-10-05T12:54:03.000Z</time>
        <extensions>
          <ns3:TrackPointExtension>
            <ns3:hr>153</ns3:hr>
            <ns3:cad>84</ns3:cad>
          </ns3:TrackPointExtension>
        </extensions>
      </trkpt>
      <trkpt lat="31.1612098105251789093017578125" lon="121.19849092327058315277099609375">
        <ele>1.7999999523162841796875</ele>
        <time>2025-10-05T12:54:04.000Z</time>
        <extensions>
          <ns3:TrackPointExtension>
            <ns3:hr>153</ns3:hr>
            <ns3:cad>84</ns3:cad>
          </ns3:TrackPointExtension>
        </extensions>
      </trkpt>
      <trkpt lat="31.16120033897459506988525390625" lon="121.198456473648548126220703125">
        <ele>1.7999999523162841796875</ele>
        <time>2025-10-05T12:54:05.000Z</time>
        <extensions>
          <ns3:TrackPointExtension>
            <ns3:hr>153</ns3:hr>
            <ns3:cad>83</ns3:cad>
          </ns3:TrackPointExtension>
        </extensions>
      </trkpt>
      <trkpt lat="31.16119422018527984619140625" lon="121.198429651558399200439453125">
        <ele>1.7999999523162841796875</ele>
        <time>2025-10-05T12:54:06.000Z</time>
        <extensions>
          <ns3:TrackPointExtension>
            <ns3:hr>153</ns3:hr>
            <ns3:cad>83</ns3:cad>
          </ns3:TrackPointExtension>
        </extensions>
      </trkpt>
      <trkpt lat="31.16118843667209148406982421875" lon="121.1984016560018062591552734375">
        <ele>2</ele>
        <time>2025-10-05T12:54:07.000Z</time>
        <extensions>
          <ns3:TrackPointExtension>
            <ns3:hr>153</ns3:hr>
            <ns3:cad>83</ns3:cad>
          </ns3:TrackPointExtension>
        </extensions>
      </trkpt>
      <trkpt lat="31.16118508391082286834716796875" lon="121.19836427271366119384765625">
        <ele>2</ele>
        <time>2025-10-05T12:54:08.000Z</time>
        <extensions>
          <ns3:TrackPointExtension>
            <ns3:hr>153</ns3:hr>
            <ns3:cad>85</ns3:cad>
          </ns3:TrackPointExtension>
        </extensions>
      </trkpt>
      <trkpt lat="31.1611787974834442138671875" lon="121.19833518750965595245361328125">
        <ele>1.7999999523162841796875</ele>
        <time>2025-10-05T12:54:09.000Z</time>
        <extensions>
          <ns3:TrackPointExtension>
            <ns3:hr>153</ns3:hr>
            <ns3:cad>86</ns3:cad>
          </ns3:TrackPointExtension>
        </extensions>
      </trkpt>
      <trkpt lat="31.1611712537705898284912109375" lon="121.19829813949763774871826171875">
        <ele>1.7999999523162841796875</ele>
        <time>2025-10-05T12:54:10.000Z</time>
        <extensions>
          <ns3:TrackPointExtension>
            <ns3:hr>153</ns3:hr>
            <ns3:cad>86</ns3:cad>
          </ns3:TrackPointExtension>
        </extensions>
      </trkpt>
      <trkpt lat="31.16116077639162540435791015625" lon="121.1982737481594085693359375">
        <ele>1.7999999523162841796875</ele>
        <time>2025-10-05T12:54:11.000Z</time>
        <extensions>
          <ns3:TrackPointExtension>
            <ns3:hr>154</ns3:hr>
            <ns3:cad>86</ns3:cad>
          </ns3:TrackPointExtension>
        </extensions>
      </trkpt>
      <trkpt lat="31.1611528135836124420166015625" lon="121.19823410175740718841552734375">
        <ele>1.60000002384185791015625</ele>
        <time>2025-10-05T12:54:12.000Z</time>
        <extensions>
          <ns3:TrackPointExtension>
            <ns3:hr>154</ns3:hr>
            <ns3:cad>86</ns3:cad>
          </ns3:TrackPointExtension>
        </extensions>
      </trkpt>
      <trkpt lat="31.16114786826074123382568359375" lon="121.19820828549563884735107421875">
        <ele>1.60000002384185791015625</ele>
        <time>2025-10-05T12:54:13.000Z</time>
        <extensions>
          <ns3:TrackPointExtension>
            <ns3:hr>154</ns3:hr>
            <ns3:cad>86</ns3:cad>
          </ns3:TrackPointExtension>
        </extensions>
      </trkpt>
      <trkpt lat="31.16114418022334575653076171875" lon="121.1981729976832866668701171875">
        <ele>1.7999999523162841796875</ele>
        <time>2025-10-05T12:54:14.000Z</time>
        <extensions>
          <ns3:TrackPointExtension>
            <ns3:hr>154</ns3:hr>
            <ns3:cad>86</ns3:cad>
          </ns3:TrackPointExtension>
        </extensions>
      </trkpt>
      <trkpt lat="31.1611387319862842559814453125" lon="121.198141984641551971435546875">
        <ele>1.7999999523162841796875</ele>
        <time>2025-10-05T12:54:15.000Z</time>
        <extensions>
          <ns3:TrackPointExtension>
            <ns3:hr>154</ns3:hr>
            <ns3:cad>87</ns3:cad>
          </ns3:TrackPointExtension>
        </extensions>
      </trkpt>
      <trkpt lat="31.1611300148069858551025390625" lon="121.1981101334095001220703125">
        <ele>1.7999999523162841796875</ele>
        <time>2025-10-05T12:54:16.000Z</time>
        <extensions>
          <ns3:TrackPointExtension>
            <ns3:hr>154</ns3:hr>
            <ns3:cad>87</ns3:cad>
          </ns3:TrackPointExtension>
        </extensions>
      </trkpt>
      <trkpt lat="31.161121465265750885009765625" lon="121.1980851553380489349365234375">
        <ele>1.7999999523162841796875</ele>
        <time>2025-10-05T12:54:17.000Z</time>
        <extensions>
          <ns3:TrackPointExtension>
            <ns3:hr>154</ns3:hr>
            <ns3:cad>87</ns3:cad>
          </ns3:TrackPointExtension>
        </extensions>
      </trkpt>
      <trkpt lat="31.16110503673553466796875" lon="121.1980603449046611785888671875">
        <ele>1.7999999523162841796875</ele>
        <time>2025-10-05T12:54:18.000Z</time>
        <extensions>
          <ns3:TrackPointExtension>
            <ns3:hr>154</ns3:hr>
            <ns3:cad>87</ns3:cad>
          </ns3:TrackPointExtension>
        </extensions>
      </trkpt>
      <trkpt lat="31.16109539754688739776611328125" lon="121.198026649653911590576171875">
        <ele>1.60000002384185791015625</ele>
        <time>2025-10-05T12:54:19.000Z</time>
        <extensions>
          <ns3:TrackPointExtension>
            <ns3:hr>154</ns3:hr>
            <ns3:cad>87</ns3:cad>
          </ns3:TrackPointExtension>
        </extensions>
      </trkpt>
      <trkpt lat="31.16108693182468414306640625" lon="121.19800242595374584197998046875">
        <ele>1.60000002384185791015625</ele>
        <time>2025-10-05T12:54:20.000Z</time>
        <extensions>
          <ns3:TrackPointExtension>
            <ns3:hr>154</ns3:hr>
            <ns3:cad>87</ns3:cad>
          </ns3:TrackPointExtension>
        </extensions>
      </trkpt>
      <trkpt lat="31.16107880137860774993896484375" lon="121.1979725025594234466552734375">
        <ele>1.60000002384185791015625</ele>
        <time>2025-10-05T12:54:21.000Z</time>
        <extensions>
          <ns3:TrackPointExtension>
            <ns3:hr>155</ns3:hr>
            <ns3:cad>87</ns3:cad>
          </ns3:TrackPointExtension>
        </extensions>
      </trkpt>
      <trkpt lat="31.16107176057994365692138671875" lon="121.197953559458255767822265625">
        <ele>1.60000002384185791015625</ele>
        <time>2025-10-05T12:54:22.000Z</time>
        <extensions>
          <ns3:TrackPointExtension>
            <ns3:hr>155</ns3:hr>
            <ns3:cad>87</ns3:cad>
          </ns3:TrackPointExtension>
        </extensions>
      </trkpt>
      <trkpt lat="31.16106388159096240997314453125" lon="121.19792078621685504913330078125">
        <ele>1.60000002384185791015625</ele>
        <time>2025-10-05T12:54:23.000Z</time>
        <extensions>
          <ns3:TrackPointExtension>
            <ns3:hr>155</ns3:hr>
            <ns3:cad>87</ns3:cad>
          </ns3:TrackPointExtension>
        </extensions>
      </trkpt>
      <trkpt lat="31.161059774458408355712890625" lon="121.19788952171802520751953125">
        <ele>1.7999999523162841796875</ele>
        <time>2025-10-05T12:54:24.000Z</time>
        <extensions>
          <ns3:TrackPointExtension>
            <ns3:hr>155</ns3:hr>
            <ns3:cad>87</ns3:cad>
          </ns3:TrackPointExtension>
        </extensions>
      </trkpt>
      <trkpt lat="31.16105650551617145538330078125" lon="121.19786311872303485870361328125">
        <ele>1.7999999523162841796875</ele>
        <time>2025-10-05T12:54:25.000Z</time>
        <extensions>
          <ns3:TrackPointExtension>
            <ns3:hr>155</ns3:hr>
            <ns3:cad>86</ns3:cad>
          </ns3:TrackPointExtension>
        </extensions>
      </trkpt>
      <trkpt lat="31.16105516441166400909423828125" lon="121.19783009402453899383544921875">
        <ele>1.60000002384185791015625</ele>
        <time>2025-10-05T12:54:26.000Z</time>
        <extensions>
          <ns3:TrackPointExtension>
            <ns3:hr>155</ns3:hr>
            <ns3:cad>86</ns3:cad>
          </ns3:TrackPointExtension>
        </extensions>
      </trkpt>
      <trkpt lat="31.16105332039296627044677734375" lon="121.19779824279248714447021484375">
        <ele>1.60000002384185791015625</ele>
        <time>2025-10-05T12:54:27.000Z</time>
        <extensions>
          <ns3:TrackPointExtension>
            <ns3:hr>155</ns3:hr>
            <ns3:cad>86</ns3:cad>
          </ns3:TrackPointExtension>
        </extensions>
      </trkpt>
      <trkpt lat="31.1610542424023151397705078125" lon="121.19776253588497638702392578125">
        <ele>1.60000002384185791015625</ele>
        <time>2025-10-05T12:54:28.000Z</time>
        <extensions>
          <ns3:TrackPointExtension>
            <ns3:hr>155</ns3:hr>
            <ns3:cad>86</ns3:cad>
          </ns3:TrackPointExtension>
        </extensions>
      </trkpt>
      <trkpt lat="31.1610653065145015716552734375" lon="121.19773185811936855316162109375">
        <ele>1.60000002384185791015625</ele>
        <time>2025-10-05T12:54:29.000Z</time>
        <extensions>
          <ns3:TrackPointExtension>
            <ns3:hr>155</ns3:hr>
            <ns3:cad>86</ns3:cad>
          </ns3:TrackPointExtension>
        </extensions>
      </trkpt>
      <trkpt lat="31.16107159294188022613525390625" lon="121.197705455124378204345703125">
        <ele>1.7999999523162841796875</ele>
        <time>2025-10-05T12:54:30.000Z</time>
        <extensions>
          <ns3:TrackPointExtension>
            <ns3:hr>156</ns3:hr>
            <ns3:cad>87</ns3:cad>
          </ns3:TrackPointExtension>
        </extensions>
      </trkpt>
      <trkpt lat="31.161078549921512603759765625" lon="121.19768458418548107147216796875">
        <ele>1.7999999523162841796875</ele>
        <time>2025-10-05T12:54:31.000Z</time>
        <extensions>
          <ns3:TrackPointExtension>
            <ns3:hr>155</ns3:hr>
            <ns3:cad>87</ns3:cad>
          </ns3:TrackPointExtension>
        </extensions>
      </trkpt>
    </trkseg>
  </trk>
</gpx>
