<gpx xmlns:ns3="http://www.garmin.com/xmlschemas/TrackPointExtension/v1" xmlns="http://www.topografix.com/GPX/1/1" xmlns:xsi="http://www.w3.org/2001/XMLSchema-instance" xmlns:ns2="http://www.garmin.com/xmlschemas/GpxExtensions/v3" creator="Garmin Connect" version="1.1" xsi:schemaLocation="http://www.topografix.com/GPX/1/1 http://www.topografix.com/GPX/11.xsd">
  <extensions>
<distance>7308.12</distance>
<average_hr>155.0</average_hr>
<average_speed>2.8970000743865967</average_speed>
<start_time>2026-02-27T11:54:07+00:00</start_time>
<end_time>2026-02-27T12:36:09.601000+00:00</end_time>
<moving_time>2519.818</moving_time>
<elapsed_time>2558.647</elapsed_time>
</extensions>
<metadata>
    <link href="connect.garmin.com">
      <text>Garmin Connect</text>
    </link>
    <time>2026-02-27T11:54:07.000Z</time>
  </metadata>
  <trk>
    <name>Chengdu Running</name>
    <type>running</type>
    <trkseg>
      <trkpt lat="30.622902698814868927001953125" lon="103.98378328420221805572509765625">
        <ele>495.79998779296875</ele>
        <time>2026-02-27T11:54:07.000Z</time>
        <extensions>
          <ns3:TrackPointExtension>
            <ns3:hr>90</ns3:hr>
            <ns3:cad>58</ns3:cad>
          </ns3:TrackPointExtension>
        </extensions>
      </trkpt>
      <trkpt lat="30.6228824146091938018798828125" lon="103.9837344177067279815673828125">
        <ele>496</ele>
        <time>2026-02-27T11:54:08.000Z</time>
        <extensions>
          <ns3:TrackPointExtension>
            <ns3:hr>90</ns3:hr>
            <ns3:cad>58</ns3:cad>
          </ns3:TrackPointExtension>
        </extensions>
      </trkpt>
      <trkpt lat="30.6228921376168727874755859375" lon="103.98370969109237194061279296875">
        <ele>496</ele>
        <time>2026-02-27T11:54:09.000Z</time>
        <extensions>
          <ns3:TrackPointExtension>
            <ns3:hr>90</ns3:hr>
            <ns3:cad>58</ns3:cad>
          </ns3:TrackPointExtension>
        </extensions>
      </trkpt>
      <trkpt lat="30.6228958256542682647705078125" lon="103.98368890397250652313232421875">
        <ele>496.20001220703125</ele>
        <time>2026-02-27T11:54:10.000Z</time>
        <extensions>
          <ns3:TrackPointExtension>
            <ns3:hr>91</ns3:hr>
            <ns3:cad>57</ns3:cad>
          </ns3:TrackPointExtension>
        </extensions>
      </trkpt>
      <trkpt lat="30.6228951551020145416259765625" lon="103.98365889675915241241455078125">
        <ele>496.20001220703125</ele>
        <time>2026-02-27T11:54:11.000Z</time>
        <extensions>
          <ns3:TrackPointExtension>
            <ns3:hr>90</ns3:hr>
            <ns3:cad>57</ns3:cad>
          </ns3:TrackPointExtension>
        </extensions>
      </trkpt>
      <trkpt lat="30.62289758585393428802490234375" lon="103.98362629115581512451171875">
        <ele>496.20001220703125</ele>
        <time>2026-02-27T11:54:12.000Z</time>
        <extensions>
          <ns3:TrackPointExtension>
            <ns3:hr>91</ns3:hr>
            <ns3:cad>57</ns3:cad>
          </ns3:TrackPointExtension>
        </extensions>
      </trkpt>
      <trkpt lat="30.622894652187824249267578125" lon="103.9835982955992221832275390625">
        <ele>496.20001220703125</ele>
        <time>2026-02-27T11:54:13.000Z</time>
        <extensions>
          <ns3:TrackPointExtension>
            <ns3:hr>91</ns3:hr>
            <ns3:cad>91</ns3:cad>
          </ns3:TrackPointExtension>
        </extensions>
      </trkpt>
      <trkpt lat="30.62289540655910968780517578125" lon="103.9835614152252674102783203125">
        <ele>496.20001220703125</ele>
        <time>2026-02-27T11:54:14.000Z</time>
        <extensions>
          <ns3:TrackPointExtension>
            <ns3:hr>91</ns3:hr>
            <ns3:cad>92</ns3:cad>
          </ns3:TrackPointExtension>
        </extensions>
      </trkpt>
      <trkpt lat="30.62289892695844173431396484375" lon="103.98353015072643756866455078125">
        <ele>496.399993896484375</ele>
        <time>2026-02-27T11:54:15.000Z</time>
        <extensions>
          <ns3:TrackPointExtension>
            <ns3:hr>91</ns3:hr>
            <ns3:cad>91</ns3:cad>
          </ns3:TrackPointExtension>
        </extensions>
      </trkpt>
      <trkpt lat="30.62290647067129611968994140625" lon="103.9834903366863727569580078125">
        <ele>496.399993896484375</ele>
        <time>2026-02-27T11:54:16.000Z</time>
        <extensions>
          <ns3:TrackPointExtension>
            <ns3:hr>92</ns3:hr>
            <ns3:cad>91</ns3:cad>
          </ns3:TrackPointExtension>
        </extensions>
      </trkpt>
      <trkpt lat="30.62291166745126247406005859375" lon="103.98346225731074810028076171875">
        <ele>496.600006103515625</ele>
        <time>2026-02-27T11:54:17.000Z</time>
        <extensions>
          <ns3:TrackPointExtension>
            <ns3:hr>92</ns3:hr>
            <ns3:cad>90</ns3:cad>
          </ns3:TrackPointExtension>
        </extensions>
      </trkpt>
      <trkpt lat="30.6229129247367382049560546875" lon="103.983423449099063873291015625">
        <ele>496.79998779296875</ele>
        <time>2026-02-27T11:54:18.000Z</time>
        <extensions>
          <ns3:TrackPointExtension>
            <ns3:hr>92</ns3:hr>
            <ns3:cad>90</ns3:cad>
          </ns3:TrackPointExtension>
        </extensions>
      </trkpt>
      <trkpt lat="30.62291376292705535888671875" lon="103.983390592038631439208984375">
        <ele>496.79998779296875</ele>
        <time>2026-02-27T11:54:19.000Z</time>
        <extensions>
          <ns3:TrackPointExtension>
            <ns3:hr>92</ns3:hr>
            <ns3:cad>90</ns3:cad>
          </ns3:TrackPointExtension>
        </extensions>
      </trkpt>
      <trkpt lat="30.62291703186929225921630859375" lon="103.98335002362728118896484375">
        <ele>497</ele>
        <time>2026-02-27T11:54:20.000Z</time>
        <extensions>
          <ns3:TrackPointExtension>
            <ns3:hr>93</ns3:hr>
            <ns3:cad>90</ns3:cad>
          </ns3:TrackPointExtension>
        </extensions>
      </trkpt>
      <trkpt lat="30.62291937880218029022216796875" lon="103.98331909440457820892333984375">
        <ele>497</ele>
        <time>2026-02-27T11:54:21.000Z</time>
        <extensions>
          <ns3:TrackPointExtension>
            <ns3:hr>92</ns3:hr>
            <ns3:cad>90</ns3:cad>
          </ns3:TrackPointExtension>
        </extensions>
      </trkpt>
      <trkpt lat="30.622922480106353759765625" lon="103.9832764305174350738525390625">
        <ele>497</ele>
        <time>2026-02-27T11:54:22.000Z</time>
        <extensions>
          <ns3:TrackPointExtension>
            <ns3:hr>93</ns3:hr>
            <ns3:cad>90</ns3:cad>
          </ns3:TrackPointExtension>
        </extensions>
      </trkpt>
      <trkpt lat="30.62291870824992656707763671875" lon="103.983248434960842132568359375">
        <ele>497.20001220703125</ele>
        <time>2026-02-27T11:54:23.000Z</time>
        <extensions>
          <ns3:TrackPointExtension>
            <ns3:hr>93</ns3:hr>
            <ns3:cad>89</ns3:cad>
          </ns3:TrackPointExtension>
        </extensions>
      </trkpt>
      <trkpt lat="30.62291418202221393585205078125" lon="103.98321230895817279815673828125">
        <ele>497.20001220703125</ele>
        <time>2026-02-27T11:54:24.000Z</time>
        <extensions>
          <ns3:TrackPointExtension>
            <ns3:hr>93</ns3:hr>
            <ns3:cad>90</ns3:cad>
          </ns3:TrackPointExtension>
        </extensions>
      </trkpt>
      <trkpt lat="30.622900687158107757568359375" lon="103.98319043219089508056640625">
        <ele>497.20001220703125</ele>
        <time>2026-02-27T11:54:25.000Z</time>
        <extensions>
          <ns3:TrackPointExtension>
            <ns3:hr>93</ns3:hr>
            <ns3:cad>89</ns3:cad>
          </ns3:TrackPointExtension>
        </extensions>
      </trkpt>
      <trkpt lat="30.6228804029524326324462890625" lon="103.983167968690395355224609375">
        <ele>497.20001220703125</ele>
        <time>2026-02-27T11:54:26.000Z</time>
        <extensions>
          <ns3:TrackPointExtension>
            <ns3:hr>92</ns3:hr>
            <ns3:cad>89</ns3:cad>
          </ns3:TrackPointExtension>
        </extensions>
      </trkpt>
      <trkpt lat="30.6228567659854888916015625" lon="103.98315765894949436187744140625">
        <ele>497.20001220703125</ele>
        <time>2026-02-27T11:54:27.000Z</time>
        <extensions>
          <ns3:TrackPointExtension>
            <ns3:hr>93</ns3:hr>
            <ns3:cad>88</ns3:cad>
          </ns3:TrackPointExtension>
        </extensions>
      </trkpt>
      <trkpt lat="30.622834973037242889404296875" lon="103.98314860649406909942626953125">
        <ele>497.399993896484375</ele>
        <time>2026-02-27T11:54:28.000Z</time>
        <extensions>
          <ns3:TrackPointExtension>
            <ns3:hr>94</ns3:hr>
            <ns3:cad>88</ns3:cad>
          </ns3:TrackPointExtension>
        </extensions>
      </trkpt>
      <trkpt lat="30.62281452119350433349609375" lon="103.98314123041927814483642578125">
        <ele>497.399993896484375</ele>
        <time>2026-02-27T11:54:29.000Z</time>
        <extensions>
          <ns3:TrackPointExtension>
            <ns3:hr>95</ns3:hr>
            <ns3:cad>88</ns3:cad>
          </ns3:TrackPointExtension>
        </extensions>
      </trkpt>
      <trkpt lat="30.622788369655609130859375" lon="103.9831406436860561370849609375">
        <ele>497.399993896484375</ele>
        <time>2026-02-27T11:54:30.000Z</time>
        <extensions>
          <ns3:TrackPointExtension>
            <ns3:hr>96</ns3:hr>
            <ns3:cad>89</ns3:cad>
          </ns3:TrackPointExtension>
        </extensions>
      </trkpt>
      <trkpt lat="30.622761882841587066650390625" lon="103.983135111629962921142578125">
        <ele>497.399993896484375</ele>
        <time>2026-02-27T11:54:31.000Z</time>
        <extensions>
          <ns3:TrackPointExtension>
            <ns3:hr>98</ns3:hr>
            <ns3:cad>89</ns3:cad>
          </ns3:TrackPointExtension>
        </extensions>
      </trkpt>
      <trkpt lat="30.62273405492305755615234375" lon="103.983129747211933135986328125">
        <ele>497.20001220703125</ele>
        <time>2026-02-27T11:54:32.000Z</time>
        <extensions>
          <ns3:TrackPointExtension>
            <ns3:hr>99</ns3:hr>
            <ns3:cad>89</ns3:cad>
          </ns3:TrackPointExtension>
        </extensions>
      </trkpt>
      <trkpt lat="30.62270446680486202239990234375" lon="103.98311935365200042724609375">
        <ele>497.20001220703125</ele>
        <time>2026-02-27T11:54:33.000Z</time>
        <extensions>
          <ns3:TrackPointExtension>
            <ns3:hr>100</ns3:hr>
            <ns3:cad>89</ns3:cad>
          </ns3:TrackPointExtension>
        </extensions>
      </trkpt>
      <trkpt lat="30.62267772853374481201171875" lon="103.98311507888138294219970703125">
        <ele>497</ele>
        <time>2026-02-27T11:54:34.000Z</time>
        <extensions>
          <ns3:TrackPointExtension>
            <ns3:hr>102</ns3:hr>
            <ns3:cad>88</ns3:cad>
          </ns3:TrackPointExtension>
        </extensions>
      </trkpt>
      <trkpt lat="30.6226514093577861785888671875" lon="103.983110301196575164794921875">
        <ele>497</ele>
        <time>2026-02-27T11:54:35.000Z</time>
        <extensions>
          <ns3:TrackPointExtension>
            <ns3:hr>103</ns3:hr>
            <ns3:cad>88</ns3:cad>
          </ns3:TrackPointExtension>
        </extensions>
      </trkpt>
      <trkpt lat="30.6226289458572864532470703125" lon="103.9831161685287952423095703125">
        <ele>497</ele>
        <time>2026-02-27T11:54:36.000Z</time>
        <extensions>
          <ns3:TrackPointExtension>
            <ns3:hr>104</ns3:hr>
            <ns3:cad>88</ns3:cad>
          </ns3:TrackPointExtension>
        </extensions>
      </trkpt>
      <trkpt lat="30.622600279748439788818359375" lon="103.98312631063163280487060546875">
        <ele>497</ele>
        <time>2026-02-27T11:54:37.000Z</time>
        <extensions>
          <ns3:TrackPointExtension>
            <ns3:hr>105</ns3:hr>
            <ns3:cad>89</ns3:cad>
          </ns3:TrackPointExtension>
        </extensions>
      </trkpt>
      <trkpt lat="30.62257421202957630157470703125" lon="103.98312832228839397430419921875">
        <ele>497.20001220703125</ele>
        <time>2026-02-27T11:54:38.000Z</time>
        <extensions>
          <ns3:TrackPointExtension>
            <ns3:hr>106</ns3:hr>
            <ns3:cad>90</ns3:cad>
          </ns3:TrackPointExtension>
        </extensions>
      </trkpt>
      <trkpt lat="30.62254403717815876007080078125" lon="103.9831178449094295501708984375">
        <ele>497.20001220703125</ele>
        <time>2026-02-27T11:54:39.000Z</time>
        <extensions>
          <ns3:TrackPointExtension>
            <ns3:hr>107</ns3:hr>
            <ns3:cad>89</ns3:cad>
          </ns3:TrackPointExtension>
        </extensions>
      </trkpt>
      <trkpt lat="30.622521825134754180908203125" lon="103.9831154979765415191650390625">
        <ele>497.20001220703125</ele>
        <time>2026-02-27T11:54:40.000Z</time>
        <extensions>
          <ns3:TrackPointExtension>
            <ns3:hr>109</ns3:hr>
            <ns3:cad>88</ns3:cad>
          </ns3:TrackPointExtension>
        </extensions>
      </trkpt>
      <trkpt lat="30.622495003044605255126953125" lon="103.9831124804913997650146484375">
        <ele>497</ele>
        <time>2026-02-27T11:54:41.000Z</time>
        <extensions>
          <ns3:TrackPointExtension>
            <ns3:hr>110</ns3:hr>
            <ns3:cad>88</ns3:cad>
          </ns3:TrackPointExtension>
        </extensions>
      </trkpt>
      <trkpt lat="30.62246591784060001373291015625" lon="103.98310971446335315704345703125">
        <ele>497</ele>
        <time>2026-02-27T11:54:42.000Z</time>
        <extensions>
          <ns3:TrackPointExtension>
            <ns3:hr>115</ns3:hr>
            <ns3:cad>89</ns3:cad>
          </ns3:TrackPointExtension>
        </extensions>
      </trkpt>
      <trkpt lat="30.62243632972240447998046875" lon="103.98310870863497257232666015625">
        <ele>497</ele>
        <time>2026-02-27T11:54:43.000Z</time>
        <extensions>
          <ns3:TrackPointExtension>
            <ns3:hr>121</ns3:hr>
            <ns3:cad>91</ns3:cad>
          </ns3:TrackPointExtension>
        </extensions>
      </trkpt>
      <trkpt lat="30.62241126783192157745361328125" lon="103.983113653957843780517578125">
        <ele>497</ele>
        <time>2026-02-27T11:54:44.000Z</time>
        <extensions>
          <ns3:TrackPointExtension>
            <ns3:hr>127</ns3:hr>
            <ns3:cad>91</ns3:cad>
          </ns3:TrackPointExtension>
        </extensions>
      </trkpt>
      <trkpt lat="30.62238134443759918212890625" lon="103.98311608470976352691650390625">
        <ele>497</ele>
        <time>2026-02-27T11:54:45.000Z</time>
        <extensions>
          <ns3:TrackPointExtension>
            <ns3:hr>130</ns3:hr>
            <ns3:cad>91</ns3:cad>
          </ns3:TrackPointExtension>
        </extensions>
      </trkpt>
      <trkpt lat="30.6223607249557971954345703125" lon="103.98311759345233440399169921875">
        <ele>497</ele>
        <time>2026-02-27T11:54:46.000Z</time>
        <extensions>
          <ns3:TrackPointExtension>
            <ns3:hr>131</ns3:hr>
            <ns3:cad>91</ns3:cad>
          </ns3:TrackPointExtension>
        </extensions>
      </trkpt>
      <trkpt lat="30.62233046628534793853759765625" lon="103.98311424069106578826904296875">
        <ele>497</ele>
        <time>2026-02-27T11:54:47.000Z</time>
        <extensions>
          <ns3:TrackPointExtension>
            <ns3:hr>131</ns3:hr>
            <ns3:cad>90</ns3:cad>
          </ns3:TrackPointExtension>
        </extensions>
      </trkpt>
      <trkpt lat="30.62230733223259449005126953125" lon="103.9831161685287952423095703125">
        <ele>497</ele>
        <time>2026-02-27T11:54:48.000Z</time>
        <extensions>
          <ns3:TrackPointExtension>
            <ns3:hr>132</ns3:hr>
            <ns3:cad>89</ns3:cad>
          </ns3:TrackPointExtension>
        </extensions>
      </trkpt>
      <trkpt lat="30.62227531336247920989990234375" lon="103.98311977274715900421142578125">
        <ele>497</ele>
        <time>2026-02-27T11:54:49.000Z</time>
        <extensions>
          <ns3:TrackPointExtension>
            <ns3:hr>132</ns3:hr>
            <ns3:cad>88</ns3:cad>
          </ns3:TrackPointExtension>
        </extensions>
      </trkpt>
      <trkpt lat="30.6222447194159030914306640625" lon="103.98312203586101531982421875">
        <ele>497</ele>
        <time>2026-02-27T11:54:50.000Z</time>
        <extensions>
          <ns3:TrackPointExtension>
            <ns3:hr>133</ns3:hr>
            <ns3:cad>88</ns3:cad>
          </ns3:TrackPointExtension>
        </extensions>
      </trkpt>
      <trkpt lat="30.62221094034612178802490234375" lon="103.98311826400458812713623046875">
        <ele>497</ele>
        <time>2026-02-27T11:54:51.000Z</time>
        <extensions>
          <ns3:TrackPointExtension>
            <ns3:hr>133</ns3:hr>
            <ns3:cad>90</ns3:cad>
          </ns3:TrackPointExtension>
        </extensions>
      </trkpt>
      <trkpt lat="30.622183196246623992919921875" lon="103.98312195204198360443115234375">
        <ele>497</ele>
        <time>2026-02-27T11:54:52.000Z</time>
        <extensions>
          <ns3:TrackPointExtension>
            <ns3:hr>133</ns3:hr>
            <ns3:cad>90</ns3:cad>
          </ns3:TrackPointExtension>
        </extensions>
      </trkpt>
      <trkpt lat="30.6221528537571430206298828125" lon="103.983117677271366119384765625">
        <ele>497</ele>
        <time>2026-02-27T11:54:53.000Z</time>
        <extensions>
          <ns3:TrackPointExtension>
            <ns3:hr>133</ns3:hr>
            <ns3:cad>90</ns3:cad>
          </ns3:TrackPointExtension>
        </extensions>
      </trkpt>
      <trkpt lat="30.6221297197043895721435546875" lon="103.9831160008907318115234375">
        <ele>497</ele>
        <time>2026-02-27T11:54:54.000Z</time>
        <extensions>
          <ns3:TrackPointExtension>
            <ns3:hr>134</ns3:hr>
            <ns3:cad>89</ns3:cad>
          </ns3:TrackPointExtension>
        </extensions>
      </trkpt>
      <trkpt lat="30.62210348434746265411376953125" lon="103.98310971446335315704345703125">
        <ele>497</ele>
        <time>2026-02-27T11:54:55.000Z</time>
        <extensions>
          <ns3:TrackPointExtension>
            <ns3:hr>134</ns3:hr>
            <ns3:cad>89</ns3:cad>
          </ns3:TrackPointExtension>
        </extensions>
      </trkpt>
      <trkpt lat="30.62207557260990142822265625" lon="103.983106948435306549072265625">
        <ele>497</ele>
        <time>2026-02-27T11:54:56.000Z</time>
        <extensions>
          <ns3:TrackPointExtension>
            <ns3:hr>135</ns3:hr>
            <ns3:cad>88</ns3:cad>
          </ns3:TrackPointExtension>
        </extensions>
      </trkpt>
      <trkpt lat="30.6220469065010547637939453125" lon="103.98309479467570781707763671875">
        <ele>497</ele>
        <time>2026-02-27T11:54:57.000Z</time>
        <extensions>
          <ns3:TrackPointExtension>
            <ns3:hr>135</ns3:hr>
            <ns3:cad>88</ns3:cad>
          </ns3:TrackPointExtension>
        </extensions>
      </trkpt>
      <trkpt lat="30.62201664783060550689697265625" lon="103.9830923639237880706787109375">
        <ele>497</ele>
        <time>2026-02-27T11:54:58.000Z</time>
        <extensions>
          <ns3:TrackPointExtension>
            <ns3:hr>135</ns3:hr>
            <ns3:cad>88</ns3:cad>
          </ns3:TrackPointExtension>
        </extensions>
      </trkpt>
      <trkpt lat="30.62197943218052387237548828125" lon="103.983094878494739532470703125">
        <ele>497</ele>
        <time>2026-02-27T11:54:59.000Z</time>
        <extensions>
          <ns3:TrackPointExtension>
            <ns3:hr>135</ns3:hr>
            <ns3:cad>88</ns3:cad>
          </ns3:TrackPointExtension>
        </extensions>
      </trkpt>
      <trkpt lat="30.6219540350139141082763671875" lon="103.9830923639237880706787109375">
        <ele>497</ele>
        <time>2026-02-27T11:55:00.000Z</time>
        <extensions>
          <ns3:TrackPointExtension>
            <ns3:hr>135</ns3:hr>
            <ns3:cad>89</ns3:cad>
          </ns3:TrackPointExtension>
        </extensions>
      </trkpt>
      <trkpt lat="30.6219260394573211669921875" lon="103.98309051990509033203125">
        <ele>497</ele>
        <time>2026-02-27T11:55:01.000Z</time>
        <extensions>
          <ns3:TrackPointExtension>
            <ns3:hr>136</ns3:hr>
            <ns3:cad>89</ns3:cad>
          </ns3:TrackPointExtension>
        </extensions>
      </trkpt>
      <trkpt lat="30.62189695425331592559814453125" lon="103.9830920286476612091064453125">
        <ele>497</ele>
        <time>2026-02-27T11:55:02.000Z</time>
        <extensions>
          <ns3:TrackPointExtension>
            <ns3:hr>136</ns3:hr>
            <ns3:cad>88</ns3:cad>
          </ns3:TrackPointExtension>
        </extensions>
      </trkpt>
      <trkpt lat="30.62187046743929386138916015625" lon="103.983093537390232086181640625">
        <ele>497</ele>
        <time>2026-02-27T11:55:03.000Z</time>
        <extensions>
          <ns3:TrackPointExtension>
            <ns3:hr>137</ns3:hr>
            <ns3:cad>88</ns3:cad>
          </ns3:TrackPointExtension>
        </extensions>
      </trkpt>
      <trkpt lat="30.621843226253986358642578125" lon="103.98309119045734405517578125">
        <ele>497</ele>
        <time>2026-02-27T11:55:04.000Z</time>
        <extensions>
          <ns3:TrackPointExtension>
            <ns3:hr>138</ns3:hr>
            <ns3:cad>88</ns3:cad>
          </ns3:TrackPointExtension>
        </extensions>
      </trkpt>
      <trkpt lat="30.621815733611583709716796875" lon="103.9830913580954074859619140625">
        <ele>496.79998779296875</ele>
        <time>2026-02-27T11:55:05.000Z</time>
        <extensions>
          <ns3:TrackPointExtension>
            <ns3:hr>138</ns3:hr>
            <ns3:cad>88</ns3:cad>
          </ns3:TrackPointExtension>
        </extensions>
      </trkpt>
      <trkpt lat="30.6217850558459758758544921875" lon="103.98309043608605861663818359375">
        <ele>496.79998779296875</ele>
        <time>2026-02-27T11:55:06.000Z</time>
        <extensions>
          <ns3:TrackPointExtension>
            <ns3:hr>139</ns3:hr>
            <ns3:cad>88</ns3:cad>
          </ns3:TrackPointExtension>
        </extensions>
      </trkpt>
      <trkpt lat="30.62175571918487548828125" lon="103.98308993317186832427978515625">
        <ele>496.79998779296875</ele>
        <time>2026-02-27T11:55:07.000Z</time>
        <extensions>
          <ns3:TrackPointExtension>
            <ns3:hr>139</ns3:hr>
            <ns3:cad>89</ns3:cad>
          </ns3:TrackPointExtension>
        </extensions>
      </trkpt>
      <trkpt lat="30.6217213533818721771240234375" lon="103.9830943755805492401123046875">
        <ele>497</ele>
        <time>2026-02-27T11:55:08.000Z</time>
        <extensions>
          <ns3:TrackPointExtension>
            <ns3:hr>140</ns3:hr>
            <ns3:cad>89</ns3:cad>
          </ns3:TrackPointExtension>
        </extensions>
      </trkpt>
      <trkpt lat="30.62169562093913555145263671875" lon="103.98309512995183467864990234375">
        <ele>497</ele>
        <time>2026-02-27T11:55:09.000Z</time>
        <extensions>
          <ns3:TrackPointExtension>
            <ns3:hr>140</ns3:hr>
            <ns3:cad>89</ns3:cad>
          </ns3:TrackPointExtension>
        </extensions>
      </trkpt>
      <trkpt lat="30.62166963703930377960205078125" lon="103.98309429176151752471923828125">
        <ele>497</ele>
        <time>2026-02-27T11:55:10.000Z</time>
        <extensions>
          <ns3:TrackPointExtension>
            <ns3:hr>140</ns3:hr>
            <ns3:cad>88</ns3:cad>
          </ns3:TrackPointExtension>
        </extensions>
      </trkpt>
      <trkpt lat="30.62164667062461376190185546875" lon="103.9830967225134372711181640625">
        <ele>497</ele>
        <time>2026-02-27T11:55:11.000Z</time>
        <extensions>
          <ns3:TrackPointExtension>
            <ns3:hr>140</ns3:hr>
            <ns3:cad>88</ns3:cad>
          </ns3:TrackPointExtension>
        </extensions>
      </trkpt>
      <trkpt lat="30.62161616049706935882568359375" lon="103.98309387266635894775390625">
        <ele>496.79998779296875</ele>
        <time>2026-02-27T11:55:12.000Z</time>
        <extensions>
          <ns3:TrackPointExtension>
            <ns3:hr>140</ns3:hr>
            <ns3:cad>88</ns3:cad>
          </ns3:TrackPointExtension>
        </extensions>
      </trkpt>
      <trkpt lat="30.62159386463463306427001953125" lon="103.98309529758989810943603515625">
        <ele>496.79998779296875</ele>
        <time>2026-02-27T11:55:13.000Z</time>
        <extensions>
          <ns3:TrackPointExtension>
            <ns3:hr>140</ns3:hr>
            <ns3:cad>89</ns3:cad>
          </ns3:TrackPointExtension>
        </extensions>
      </trkpt>
      <trkpt lat="30.62156285159289836883544921875" lon="103.9830945432186126708984375">
        <ele>496.79998779296875</ele>
        <time>2026-02-27T11:55:14.000Z</time>
        <extensions>
          <ns3:TrackPointExtension>
            <ns3:hr>140</ns3:hr>
            <ns3:cad>89</ns3:cad>
          </ns3:TrackPointExtension>
        </extensions>
      </trkpt>
      <trkpt lat="30.621539466083049774169921875" lon="103.98309814743697643280029296875">
        <ele>496.79998779296875</ele>
        <time>2026-02-27T11:55:15.000Z</time>
        <extensions>
          <ns3:TrackPointExtension>
            <ns3:hr>140</ns3:hr>
            <ns3:cad>89</ns3:cad>
          </ns3:TrackPointExtension>
        </extensions>
      </trkpt>
      <trkpt lat="30.6215081177651882171630859375" lon="103.98309127427637577056884765625">
        <ele>496.79998779296875</ele>
        <time>2026-02-27T11:55:16.000Z</time>
        <extensions>
          <ns3:TrackPointExtension>
            <ns3:hr>140</ns3:hr>
            <ns3:cad>88</ns3:cad>
          </ns3:TrackPointExtension>
        </extensions>
      </trkpt>
      <trkpt lat="30.6214836426079273223876953125" lon="103.98308959789574146270751953125">
        <ele>496.79998779296875</ele>
        <time>2026-02-27T11:55:17.000Z</time>
        <extensions>
          <ns3:TrackPointExtension>
            <ns3:hr>140</ns3:hr>
            <ns3:cad>87</ns3:cad>
          </ns3:TrackPointExtension>
        </extensions>
      </trkpt>
      <trkpt lat="30.62144969590008258819580078125" lon="103.98308725096285343170166015625">
        <ele>496.79998779296875</ele>
        <time>2026-02-27T11:55:18.000Z</time>
        <extensions>
          <ns3:TrackPointExtension>
            <ns3:hr>140</ns3:hr>
            <ns3:cad>87</ns3:cad>
          </ns3:TrackPointExtension>
        </extensions>
      </trkpt>
      <trkpt lat="30.62141935341060161590576171875" lon="103.983087837696075439453125">
        <ele>496.79998779296875</ele>
        <time>2026-02-27T11:55:19.000Z</time>
        <extensions>
          <ns3:TrackPointExtension>
            <ns3:hr>140</ns3:hr>
            <ns3:cad>88</ns3:cad>
          </ns3:TrackPointExtension>
        </extensions>
      </trkpt>
      <trkpt lat="30.62138079665601253509521484375" lon="103.9830826409161090850830078125">
        <ele>496.79998779296875</ele>
        <time>2026-02-27T11:55:20.000Z</time>
        <extensions>
          <ns3:TrackPointExtension>
            <ns3:hr>141</ns3:hr>
            <ns3:cad>88</ns3:cad>
          </ns3:TrackPointExtension>
        </extensions>
      </trkpt>
      <trkpt lat="30.6213548965752124786376953125" lon="103.9830799587070941925048828125">
        <ele>496.79998779296875</ele>
        <time>2026-02-27T11:55:21.000Z</time>
        <extensions>
          <ns3:TrackPointExtension>
            <ns3:hr>140</ns3:hr>
            <ns3:cad>89</ns3:cad>
          </ns3:TrackPointExtension>
        </extensions>
      </trkpt>
      <trkpt lat="30.62132396735250949859619140625" lon="103.9830725826323032379150390625">
        <ele>496.79998779296875</ele>
        <time>2026-02-27T11:55:22.000Z</time>
        <extensions>
          <ns3:TrackPointExtension>
            <ns3:hr>141</ns3:hr>
            <ns3:cad>90</ns3:cad>
          </ns3:TrackPointExtension>
        </extensions>
      </trkpt>
      <trkpt lat="30.62129680998623371124267578125" lon="103.9830665476620197296142578125">
        <ele>496.79998779296875</ele>
        <time>2026-02-27T11:55:23.000Z</time>
        <extensions>
          <ns3:TrackPointExtension>
            <ns3:hr>141</ns3:hr>
            <ns3:cad>90</ns3:cad>
          </ns3:TrackPointExtension>
        </extensions>
      </trkpt>
      <trkpt lat="30.62126764096319675445556640625" lon="103.98306109942495822906494140625">
        <ele>496.79998779296875</ele>
        <time>2026-02-27T11:55:24.000Z</time>
        <extensions>
          <ns3:TrackPointExtension>
            <ns3:hr>141</ns3:hr>
            <ns3:cad>89</ns3:cad>
          </ns3:TrackPointExtension>
        </extensions>
      </trkpt>
      <trkpt lat="30.62124551273882389068603515625" lon="103.98306294344365596771240234375">
        <ele>496.79998779296875</ele>
        <time>2026-02-27T11:55:25.000Z</time>
        <extensions>
          <ns3:TrackPointExtension>
            <ns3:hr>141</ns3:hr>
            <ns3:cad>89</ns3:cad>
          </ns3:TrackPointExtension>
        </extensions>
      </trkpt>
      <trkpt lat="30.62121030874550342559814453125" lon="103.98305640555918216705322265625">
        <ele>496.79998779296875</ele>
        <time>2026-02-27T11:55:26.000Z</time>
        <extensions>
          <ns3:TrackPointExtension>
            <ns3:hr>141</ns3:hr>
            <ns3:cad>89</ns3:cad>
          </ns3:TrackPointExtension>
        </extensions>
      </trkpt>
      <trkpt lat="30.6211803853511810302734375" lon="103.98305439390242099761962890625">
        <ele>496.600006103515625</ele>
        <time>2026-02-27T11:55:27.000Z</time>
        <extensions>
          <ns3:TrackPointExtension>
            <ns3:hr>141</ns3:hr>
            <ns3:cad>90</ns3:cad>
          </ns3:TrackPointExtension>
        </extensions>
      </trkpt>
      <trkpt lat="30.621146857738494873046875" lon="103.9830501191318035125732421875">
        <ele>496.600006103515625</ele>
        <time>2026-02-27T11:55:28.000Z</time>
        <extensions>
          <ns3:TrackPointExtension>
            <ns3:hr>142</ns3:hr>
            <ns3:cad>90</ns3:cad>
          </ns3:TrackPointExtension>
        </extensions>
      </trkpt>
      <trkpt lat="30.621120370924472808837890625" lon="103.983045928180217742919921875">
        <ele>496.600006103515625</ele>
        <time>2026-02-27T11:55:29.000Z</time>
        <extensions>
          <ns3:TrackPointExtension>
            <ns3:hr>142</ns3:hr>
            <ns3:cad>91</ns3:cad>
          </ns3:TrackPointExtension>
        </extensions>
      </trkpt>
      <trkpt lat="30.62109396792948246002197265625" lon="103.983037881553173065185546875">
        <ele>496.600006103515625</ele>
        <time>2026-02-27T11:55:30.000Z</time>
        <extensions>
          <ns3:TrackPointExtension>
            <ns3:hr>142</ns3:hr>
            <ns3:cad>91</ns3:cad>
          </ns3:TrackPointExtension>
        </extensions>
      </trkpt>
      <trkpt lat="30.62106731347739696502685546875" lon="103.98303712718188762664794921875">
        <ele>496.600006103515625</ele>
        <time>2026-02-27T11:55:31.000Z</time>
        <extensions>
          <ns3:TrackPointExtension>
            <ns3:hr>142</ns3:hr>
            <ns3:cad>89</ns3:cad>
          </ns3:TrackPointExtension>
        </extensions>
      </trkpt>
      <trkpt lat="30.62104158103466033935546875" lon="103.9830357022583484649658203125">
        <ele>496.600006103515625</ele>
        <time>2026-02-27T11:55:32.000Z</time>
        <extensions>
          <ns3:TrackPointExtension>
            <ns3:hr>143</ns3:hr>
            <ns3:cad>89</ns3:cad>
          </ns3:TrackPointExtension>
        </extensions>
      </trkpt>
      <trkpt lat="30.62101869843900203704833984375" lon="103.98303327150642871856689453125">
        <ele>496.600006103515625</ele>
        <time>2026-02-27T11:55:33.000Z</time>
        <extensions>
          <ns3:TrackPointExtension>
            <ns3:hr>143</ns3:hr>
            <ns3:cad>89</ns3:cad>
          </ns3:TrackPointExtension>
        </extensions>
      </trkpt>
      <trkpt lat="30.6209870986640453338623046875" lon="103.98302773945033550262451171875">
        <ele>496.600006103515625</ele>
        <time>2026-02-27T11:55:34.000Z</time>
        <extensions>
          <ns3:TrackPointExtension>
            <ns3:hr>143</ns3:hr>
            <ns3:cad>89</ns3:cad>
          </ns3:TrackPointExtension>
        </extensions>
      </trkpt>
      <trkpt lat="30.62095952220261096954345703125" lon="103.9830286614596843719482421875">
        <ele>496.600006103515625</ele>
        <time>2026-02-27T11:55:35.000Z</time>
        <extensions>
          <ns3:TrackPointExtension>
            <ns3:hr>143</ns3:hr>
            <ns3:cad>89</ns3:cad>
          </ns3:TrackPointExtension>
        </extensions>
      </trkpt>
      <trkpt lat="30.62092917971312999725341796875" lon="103.98302958346903324127197265625">
        <ele>496.600006103515625</ele>
        <time>2026-02-27T11:55:36.000Z</time>
        <extensions>
          <ns3:TrackPointExtension>
            <ns3:hr>142</ns3:hr>
            <ns3:cad>89</ns3:cad>
          </ns3:TrackPointExtension>
        </extensions>
      </trkpt>
      <trkpt lat="30.6209036149084568023681640625" lon="103.98303058929741382598876953125">
        <ele>496.600006103515625</ele>
        <time>2026-02-27T11:55:37.000Z</time>
        <extensions>
          <ns3:TrackPointExtension>
            <ns3:hr>142</ns3:hr>
            <ns3:cad>89</ns3:cad>
          </ns3:TrackPointExtension>
        </extensions>
      </trkpt>
      <trkpt lat="30.62087670899927616119384765625" lon="103.98303008638322353363037109375">
        <ele>496.600006103515625</ele>
        <time>2026-02-27T11:55:38.000Z</time>
        <extensions>
          <ns3:TrackPointExtension>
            <ns3:hr>141</ns3:hr>
            <ns3:cad>89</ns3:cad>
          </ns3:TrackPointExtension>
        </extensions>
      </trkpt>
      <trkpt lat="30.620850808918476104736328125" lon="103.9830273203551769256591796875">
        <ele>496.600006103515625</ele>
        <time>2026-02-27T11:55:39.000Z</time>
        <extensions>
          <ns3:TrackPointExtension>
            <ns3:hr>141</ns3:hr>
            <ns3:cad>88</ns3:cad>
          </ns3:TrackPointExtension>
        </extensions>
      </trkpt>
      <trkpt lat="30.6208234839141368865966796875" lon="103.9830303378403186798095703125">
        <ele>496.600006103515625</ele>
        <time>2026-02-27T11:55:40.000Z</time>
        <extensions>
          <ns3:TrackPointExtension>
            <ns3:hr>141</ns3:hr>
            <ns3:cad>88</ns3:cad>
          </ns3:TrackPointExtension>
        </extensions>
      </trkpt>
      <trkpt lat="30.62079456634819507598876953125" lon="103.98303125984966754913330078125">
        <ele>496.600006103515625</ele>
        <time>2026-02-27T11:55:41.000Z</time>
        <extensions>
          <ns3:TrackPointExtension>
            <ns3:hr>142</ns3:hr>
            <ns3:cad>89</ns3:cad>
          </ns3:TrackPointExtension>
        </extensions>
      </trkpt>
      <trkpt lat="30.6207741983234882354736328125" lon="103.9830259792506694793701171875">
        <ele>496.600006103515625</ele>
        <time>2026-02-27T11:55:42.000Z</time>
        <extensions>
          <ns3:TrackPointExtension>
            <ns3:hr>142</ns3:hr>
            <ns3:cad>89</ns3:cad>
          </ns3:TrackPointExtension>
        </extensions>
      </trkpt>
      <trkpt lat="30.620746202766895294189453125" lon="103.98301969282329082489013671875">
        <ele>496.600006103515625</ele>
        <time>2026-02-27T11:55:43.000Z</time>
        <extensions>
          <ns3:TrackPointExtension>
            <ns3:hr>142</ns3:hr>
            <ns3:cad>89</ns3:cad>
          </ns3:TrackPointExtension>
        </extensions>
      </trkpt>
      <trkpt lat="30.62071912921965122222900390625" lon="103.9830175973474979400634765625">
        <ele>496.600006103515625</ele>
        <time>2026-02-27T11:55:44.000Z</time>
        <extensions>
          <ns3:TrackPointExtension>
            <ns3:hr>142</ns3:hr>
            <ns3:cad>89</ns3:cad>
          </ns3:TrackPointExtension>
        </extensions>
      </trkpt>
      <trkpt lat="30.62068996019661426544189453125" lon="103.98301214911043643951416015625">
        <ele>496.600006103515625</ele>
        <time>2026-02-27T11:55:45.000Z</time>
        <extensions>
          <ns3:TrackPointExtension>
            <ns3:hr>142</ns3:hr>
            <ns3:cad>88</ns3:cad>
          </ns3:TrackPointExtension>
        </extensions>
      </trkpt>
      <trkpt lat="30.6206600368022918701171875" lon="103.98301181383430957794189453125">
        <ele>496.399993896484375</ele>
        <time>2026-02-27T11:55:46.000Z</time>
        <extensions>
          <ns3:TrackPointExtension>
            <ns3:hr>141</ns3:hr>
            <ns3:cad>88</ns3:cad>
          </ns3:TrackPointExtension>
        </extensions>
      </trkpt>
      <trkpt lat="30.62063430435955524444580078125" lon="103.9830058626830577850341796875">
        <ele>496.399993896484375</ele>
        <time>2026-02-27T11:55:47.000Z</time>
        <extensions>
          <ns3:TrackPointExtension>
            <ns3:hr>141</ns3:hr>
            <ns3:cad>88</ns3:cad>
          </ns3:TrackPointExtension>
        </extensions>
      </trkpt>
      <trkpt lat="30.62060614116489887237548828125" lon="103.98300670087337493896484375">
        <ele>496.399993896484375</ele>
        <time>2026-02-27T11:55:48.000Z</time>
        <extensions>
          <ns3:TrackPointExtension>
            <ns3:hr>141</ns3:hr>
            <ns3:cad>89</ns3:cad>
          </ns3:TrackPointExtension>
        </extensions>
      </trkpt>
      <trkpt lat="30.6205800734460353851318359375" lon="103.983007706701755523681640625">
        <ele>496.399993896484375</ele>
        <time>2026-02-27T11:55:49.000Z</time>
        <extensions>
          <ns3:TrackPointExtension>
            <ns3:hr>141</ns3:hr>
            <ns3:cad>90</ns3:cad>
          </ns3:TrackPointExtension>
        </extensions>
      </trkpt>
      <trkpt lat="30.620556436479091644287109375" lon="103.98301608860492706298828125">
        <ele>496.600006103515625</ele>
        <time>2026-02-27T11:55:50.000Z</time>
        <extensions>
          <ns3:TrackPointExtension>
            <ns3:hr>141</ns3:hr>
            <ns3:cad>90</ns3:cad>
          </ns3:TrackPointExtension>
        </extensions>
      </trkpt>
      <trkpt lat="30.62053062021732330322265625" lon="103.9830279909074306488037109375">
        <ele>496.600006103515625</ele>
        <time>2026-02-27T11:55:51.000Z</time>
        <extensions>
          <ns3:TrackPointExtension>
            <ns3:hr>142</ns3:hr>
            <ns3:cad>90</ns3:cad>
          </ns3:TrackPointExtension>
        </extensions>
      </trkpt>
      <trkpt lat="30.62051058746874332427978515625" lon="103.9830531366169452667236328125">
        <ele>496.600006103515625</ele>
        <time>2026-02-27T11:55:52.000Z</time>
        <extensions>
          <ns3:TrackPointExtension>
            <ns3:hr>143</ns3:hr>
            <ns3:cad>90</ns3:cad>
          </ns3:TrackPointExtension>
        </extensions>
      </trkpt>
      <trkpt lat="30.6204861961305141448974609375" lon="103.98308071307837963104248046875">
        <ele>496.600006103515625</ele>
        <time>2026-02-27T11:55:53.000Z</time>
        <extensions>
          <ns3:TrackPointExtension>
            <ns3:hr>143</ns3:hr>
            <ns3:cad>89</ns3:cad>
          </ns3:TrackPointExtension>
        </extensions>
      </trkpt>
      <trkpt lat="30.62046716921031475067138671875" lon="103.98310049436986446380615234375">
        <ele>496.600006103515625</ele>
        <time>2026-02-27T11:55:54.000Z</time>
        <extensions>
          <ns3:TrackPointExtension>
            <ns3:hr>143</ns3:hr>
            <ns3:cad>89</ns3:cad>
          </ns3:TrackPointExtension>
        </extensions>
      </trkpt>
      <trkpt lat="30.62044504098594188690185546875" lon="103.9831238798797130584716796875">
        <ele>496.600006103515625</ele>
        <time>2026-02-27T11:55:55.000Z</time>
        <extensions>
          <ns3:TrackPointExtension>
            <ns3:hr>143</ns3:hr>
            <ns3:cad>88</ns3:cad>
          </ns3:TrackPointExtension>
        </extensions>
      </trkpt>
      <trkpt lat="30.6204305402934551239013671875" lon="103.98313938640058040618896484375">
        <ele>496.600006103515625</ele>
        <time>2026-02-27T11:55:56.000Z</time>
        <extensions>
          <ns3:TrackPointExtension>
            <ns3:hr>143</ns3:hr>
            <ns3:cad>88</ns3:cad>
          </ns3:TrackPointExtension>
        </extensions>
      </trkpt>
      <trkpt lat="30.6204144470393657684326171875" lon="103.983153887093067169189453125">
        <ele>496.600006103515625</ele>
        <time>2026-02-27T11:55:57.000Z</time>
        <extensions>
          <ns3:TrackPointExtension>
            <ns3:hr>143</ns3:hr>
            <ns3:cad>89</ns3:cad>
          </ns3:TrackPointExtension>
        </extensions>
      </trkpt>
      <trkpt lat="30.62039625830948352813720703125" lon="103.983155228197574615478515625">
        <ele>496.600006103515625</ele>
        <time>2026-02-27T11:55:58.000Z</time>
        <extensions>
          <ns3:TrackPointExtension>
            <ns3:hr>142</ns3:hr>
            <ns3:cad>89</ns3:cad>
          </ns3:TrackPointExtension>
        </extensions>
      </trkpt>
      <trkpt lat="30.62037664465606212615966796875" lon="103.98315556347370147705078125">
        <ele>496.79998779296875</ele>
        <time>2026-02-27T11:56:34.000Z</time>
        <extensions>
          <ns3:TrackPointExtension>
            <ns3:hr>133</ns3:hr>
            <ns3:cad>0</ns3:cad>
          </ns3:TrackPointExtension>
        </extensions>
      </trkpt>
      <trkpt lat="30.6203675083816051483154296875" lon="103.983157575130462646484375">
        <ele>496.79998779296875</ele>
        <time>2026-02-27T11:56:35.000Z</time>
        <extensions>
          <ns3:TrackPointExtension>
            <ns3:hr>133</ns3:hr>
            <ns3:cad>0</ns3:cad>
          </ns3:TrackPointExtension>
        </extensions>
      </trkpt>
      <trkpt lat="30.62034881673753261566162109375" lon="103.98316017352044582366943359375">
        <ele>496.600006103515625</ele>
        <time>2026-02-27T11:56:36.000Z</time>
        <extensions>
          <ns3:TrackPointExtension>
            <ns3:hr>132</ns3:hr>
            <ns3:cad>0</ns3:cad>
          </ns3:TrackPointExtension>
        </extensions>
      </trkpt>
      <trkpt lat="30.62031805515289306640625" lon="103.9831698127090930938720703125">
        <ele>496.399993896484375</ele>
        <time>2026-02-27T11:56:37.000Z</time>
        <extensions>
          <ns3:TrackPointExtension>
            <ns3:hr>132</ns3:hr>
            <ns3:cad>0</ns3:cad>
          </ns3:TrackPointExtension>
        </extensions>
      </trkpt>
      <trkpt lat="30.620288886129856109619140625" lon="103.983181379735469818115234375">
        <ele>496.399993896484375</ele>
        <time>2026-02-27T11:56:38.000Z</time>
        <extensions>
          <ns3:TrackPointExtension>
            <ns3:hr>131</ns3:hr>
            <ns3:cad>0</ns3:cad>
          </ns3:TrackPointExtension>
        </extensions>
      </trkpt>
      <trkpt lat="30.62025560997426509857177734375" lon="103.9831932820379734039306640625">
        <ele>496.399993896484375</ele>
        <time>2026-02-27T11:56:39.000Z</time>
        <extensions>
          <ns3:TrackPointExtension>
            <ns3:hr>130</ns3:hr>
            <ns3:cad>0</ns3:cad>
          </ns3:TrackPointExtension>
        </extensions>
      </trkpt>
      <trkpt lat="30.62022275291383266448974609375" lon="103.983212895691394805908203125">
        <ele>496.20001220703125</ele>
        <time>2026-02-27T11:56:40.000Z</time>
        <extensions>
          <ns3:TrackPointExtension>
            <ns3:hr>130</ns3:hr>
            <ns3:cad>94</ns3:cad>
          </ns3:TrackPointExtension>
        </extensions>
      </trkpt>
      <trkpt lat="30.6201894767582416534423828125" lon="103.98323007859289646148681640625">
        <ele>496.20001220703125</ele>
        <time>2026-02-27T11:56:41.000Z</time>
        <extensions>
          <ns3:TrackPointExtension>
            <ns3:hr>130</ns3:hr>
            <ns3:cad>94</ns3:cad>
          </ns3:TrackPointExtension>
        </extensions>
      </trkpt>
      <trkpt lat="30.6201572902500629425048828125" lon="103.98324768058955669403076171875">
        <ele>496.399993896484375</ele>
        <time>2026-02-27T11:56:42.000Z</time>
        <extensions>
          <ns3:TrackPointExtension>
            <ns3:hr>131</ns3:hr>
            <ns3:cad>92</ns3:cad>
          </ns3:TrackPointExtension>
        </extensions>
      </trkpt>
      <trkpt lat="30.620138682425022125244140625" lon="103.98326695896685123443603515625">
        <ele>496.399993896484375</ele>
        <time>2026-02-27T11:56:43.000Z</time>
        <extensions>
          <ns3:TrackPointExtension>
            <ns3:hr>132</ns3:hr>
            <ns3:cad>92</ns3:cad>
          </ns3:TrackPointExtension>
        </extensions>
      </trkpt>
      <trkpt lat="30.62012753449380397796630859375" lon="103.9832891710102558135986328125">
        <ele>496.399993896484375</ele>
        <time>2026-02-27T11:56:44.000Z</time>
        <extensions>
          <ns3:TrackPointExtension>
            <ns3:hr>132</ns3:hr>
            <ns3:cad>91</ns3:cad>
          </ns3:TrackPointExtension>
        </extensions>
      </trkpt>
      <trkpt lat="30.6201173923909664154052734375" lon="103.98332144133746623992919921875">
        <ele>496.600006103515625</ele>
        <time>2026-02-27T11:56:45.000Z</time>
        <extensions>
          <ns3:TrackPointExtension>
            <ns3:hr>132</ns3:hr>
            <ns3:cad>90</ns3:cad>
          </ns3:TrackPointExtension>
        </extensions>
      </trkpt>
      <trkpt lat="30.62011898495256900787353515625" lon="103.983350358903408050537109375">
        <ele>496.79998779296875</ele>
        <time>2026-02-27T11:56:46.000Z</time>
        <extensions>
          <ns3:TrackPointExtension>
            <ns3:hr>133</ns3:hr>
            <ns3:cad>90</ns3:cad>
          </ns3:TrackPointExtension>
        </extensions>
      </trkpt>
      <trkpt lat="30.62012518756091594696044921875" lon="103.983380533754825592041015625">
        <ele>496.79998779296875</ele>
        <time>2026-02-27T11:56:47.000Z</time>
        <extensions>
          <ns3:TrackPointExtension>
            <ns3:hr>132</ns3:hr>
            <ns3:cad>93</ns3:cad>
          </ns3:TrackPointExtension>
        </extensions>
      </trkpt>
      <trkpt lat="30.62012837268412113189697265625" lon="103.98341347463428974151611328125">
        <ele>496.79998779296875</ele>
        <time>2026-02-27T11:56:48.000Z</time>
        <extensions>
          <ns3:TrackPointExtension>
            <ns3:hr>132</ns3:hr>
            <ns3:cad>93</ns3:cad>
          </ns3:TrackPointExtension>
        </extensions>
      </trkpt>
      <trkpt lat="30.620131306350231170654296875" lon="103.98344415239989757537841796875">
        <ele>496.79998779296875</ele>
        <time>2026-02-27T11:56:49.000Z</time>
        <extensions>
          <ns3:TrackPointExtension>
            <ns3:hr>131</ns3:hr>
            <ns3:cad>91</ns3:cad>
          </ns3:TrackPointExtension>
        </extensions>
      </trkpt>
      <trkpt lat="30.62013558112084865570068359375" lon="103.983474411070346832275390625">
        <ele>496.600006103515625</ele>
        <time>2026-02-27T11:56:50.000Z</time>
        <extensions>
          <ns3:TrackPointExtension>
            <ns3:hr>131</ns3:hr>
            <ns3:cad>91</ns3:cad>
          </ns3:TrackPointExtension>
        </extensions>
      </trkpt>
      <trkpt lat="30.62013424001634120941162109375" lon="103.9835077710449695587158203125">
        <ele>496.600006103515625</ele>
        <time>2026-02-27T11:56:51.000Z</time>
        <extensions>
          <ns3:TrackPointExtension>
            <ns3:hr>131</ns3:hr>
            <ns3:cad>90</ns3:cad>
          </ns3:TrackPointExtension>
        </extensions>
      </trkpt>
      <trkpt lat="30.620140023529529571533203125" lon="103.9835396222770214080810546875">
        <ele>496.399993896484375</ele>
        <time>2026-02-27T11:56:52.000Z</time>
        <extensions>
          <ns3:TrackPointExtension>
            <ns3:hr>131</ns3:hr>
            <ns3:cad>90</ns3:cad>
          </ns3:TrackPointExtension>
        </extensions>
      </trkpt>
      <trkpt lat="30.6201445497572422027587890625" lon="103.98356736637651920318603515625">
        <ele>496.399993896484375</ele>
        <time>2026-02-27T11:56:53.000Z</time>
        <extensions>
          <ns3:TrackPointExtension>
            <ns3:hr>131</ns3:hr>
            <ns3:cad>90</ns3:cad>
          </ns3:TrackPointExtension>
        </extensions>
      </trkpt>
      <trkpt lat="30.620153434574604034423828125" lon="103.98359335027635097503662109375">
        <ele>496.399993896484375</ele>
        <time>2026-02-27T11:56:54.000Z</time>
        <extensions>
          <ns3:TrackPointExtension>
            <ns3:hr>131</ns3:hr>
            <ns3:cad>90</ns3:cad>
          </ns3:TrackPointExtension>
        </extensions>
      </trkpt>
      <trkpt lat="30.6201582960784435272216796875" lon="103.9836231060326099395751953125">
        <ele>496.399993896484375</ele>
        <time>2026-02-27T11:56:55.000Z</time>
        <extensions>
          <ns3:TrackPointExtension>
            <ns3:hr>131</ns3:hr>
            <ns3:cad>90</ns3:cad>
          </ns3:TrackPointExtension>
        </extensions>
      </trkpt>
      <trkpt lat="30.62016407959163188934326171875" lon="103.98364665918052196502685546875">
        <ele>496.399993896484375</ele>
        <time>2026-02-27T11:56:56.000Z</time>
        <extensions>
          <ns3:TrackPointExtension>
            <ns3:hr>131</ns3:hr>
            <ns3:cad>90</ns3:cad>
          </ns3:TrackPointExtension>
        </extensions>
      </trkpt>
      <trkpt lat="30.62016583979129791259765625" lon="103.98367725312709808349609375">
        <ele>496.399993896484375</ele>
        <time>2026-02-27T11:56:57.000Z</time>
        <extensions>
          <ns3:TrackPointExtension>
            <ns3:hr>131</ns3:hr>
            <ns3:cad>89</ns3:cad>
          </ns3:TrackPointExtension>
        </extensions>
      </trkpt>
      <trkpt lat="30.62017430551350116729736328125" lon="103.9836995489895343780517578125">
        <ele>496.600006103515625</ele>
        <time>2026-02-27T11:56:58.000Z</time>
        <extensions>
          <ns3:TrackPointExtension>
            <ns3:hr>131</ns3:hr>
            <ns3:cad>88</ns3:cad>
          </ns3:TrackPointExtension>
        </extensions>
      </trkpt>
      <trkpt lat="30.62017966993153095245361328125" lon="103.9837302267551422119140625">
        <ele>496.600006103515625</ele>
        <time>2026-02-27T11:56:59.000Z</time>
        <extensions>
          <ns3:TrackPointExtension>
            <ns3:hr>132</ns3:hr>
            <ns3:cad>88</ns3:cad>
          </ns3:TrackPointExtension>
        </extensions>
      </trkpt>
      <trkpt lat="30.62018084339797496795654296875" lon="103.983754701912403106689453125">
        <ele>496.600006103515625</ele>
        <time>2026-02-27T11:57:00.000Z</time>
        <extensions>
          <ns3:TrackPointExtension>
            <ns3:hr>132</ns3:hr>
            <ns3:cad>88</ns3:cad>
          </ns3:TrackPointExtension>
        </extensions>
      </trkpt>
      <trkpt lat="30.62017648480832576751708984375" lon="103.9837816916406154632568359375">
        <ele>496.600006103515625</ele>
        <time>2026-02-27T11:57:01.000Z</time>
        <extensions>
          <ns3:TrackPointExtension>
            <ns3:hr>132</ns3:hr>
            <ns3:cad>88</ns3:cad>
          </ns3:TrackPointExtension>
        </extensions>
      </trkpt>
      <trkpt lat="30.62018771655857563018798828125" lon="103.98380893282592296600341796875">
        <ele>496.600006103515625</ele>
        <time>2026-02-27T11:57:02.000Z</time>
        <extensions>
          <ns3:TrackPointExtension>
            <ns3:hr>132</ns3:hr>
            <ns3:cad>89</ns3:cad>
          </ns3:TrackPointExtension>
        </extensions>
      </trkpt>
      <trkpt lat="30.62020297162234783172607421875" lon="103.98383826948702335357666015625">
        <ele>496.600006103515625</ele>
        <time>2026-02-27T11:57:03.000Z</time>
        <extensions>
          <ns3:TrackPointExtension>
            <ns3:hr>132</ns3:hr>
            <ns3:cad>89</ns3:cad>
          </ns3:TrackPointExtension>
        </extensions>
      </trkpt>
      <trkpt lat="30.62021680176258087158203125" lon="103.983867354691028594970703125">
        <ele>496.600006103515625</ele>
        <time>2026-02-27T11:57:04.000Z</time>
        <extensions>
          <ns3:TrackPointExtension>
            <ns3:hr>132</ns3:hr>
            <ns3:cad>89</ns3:cad>
          </ns3:TrackPointExtension>
        </extensions>
      </trkpt>
      <trkpt lat="30.6202236749231815338134765625" lon="103.9838976971805095672607421875">
        <ele>496.399993896484375</ele>
        <time>2026-02-27T11:57:05.000Z</time>
        <extensions>
          <ns3:TrackPointExtension>
            <ns3:hr>132</ns3:hr>
            <ns3:cad>88</ns3:cad>
          </ns3:TrackPointExtension>
        </extensions>
      </trkpt>
      <trkpt lat="30.62023197300732135772705078125" lon="103.9839198254048824310302734375">
        <ele>496.399993896484375</ele>
        <time>2026-02-27T11:57:06.000Z</time>
        <extensions>
          <ns3:TrackPointExtension>
            <ns3:hr>133</ns3:hr>
            <ns3:cad>88</ns3:cad>
          </ns3:TrackPointExtension>
        </extensions>
      </trkpt>
      <trkpt lat="30.62023297883570194244384765625" lon="103.98395058698952198028564453125">
        <ele>496.399993896484375</ele>
        <time>2026-02-27T11:57:07.000Z</time>
        <extensions>
          <ns3:TrackPointExtension>
            <ns3:hr>133</ns3:hr>
            <ns3:cad>89</ns3:cad>
          </ns3:TrackPointExtension>
        </extensions>
      </trkpt>
      <trkpt lat="30.6202307157218456268310546875" lon="103.9839823544025421142578125">
        <ele>496.399993896484375</ele>
        <time>2026-02-27T11:57:08.000Z</time>
        <extensions>
          <ns3:TrackPointExtension>
            <ns3:hr>132</ns3:hr>
            <ns3:cad>89</ns3:cad>
          </ns3:TrackPointExtension>
        </extensions>
      </trkpt>
      <trkpt lat="30.6202364154160022735595703125" lon="103.984014876186847686767578125">
        <ele>496.399993896484375</ele>
        <time>2026-02-27T11:57:09.000Z</time>
        <extensions>
          <ns3:TrackPointExtension>
            <ns3:hr>132</ns3:hr>
            <ns3:cad>89</ns3:cad>
          </ns3:TrackPointExtension>
        </extensions>
      </trkpt>
      <trkpt lat="30.620239935815334320068359375" lon="103.98404379375278949737548828125">
        <ele>496.20001220703125</ele>
        <time>2026-02-27T11:57:10.000Z</time>
        <extensions>
          <ns3:TrackPointExtension>
            <ns3:hr>132</ns3:hr>
            <ns3:cad>89</ns3:cad>
          </ns3:TrackPointExtension>
        </extensions>
      </trkpt>
      <trkpt lat="30.620249994099140167236328125" lon="103.9840723760426044464111328125">
        <ele>496.20001220703125</ele>
        <time>2026-02-27T11:57:11.000Z</time>
        <extensions>
          <ns3:TrackPointExtension>
            <ns3:hr>132</ns3:hr>
            <ns3:cad>89</ns3:cad>
          </ns3:TrackPointExtension>
        </extensions>
      </trkpt>
      <trkpt lat="30.6202471442520618438720703125" lon="103.98410095833241939544677734375">
        <ele>496.20001220703125</ele>
        <time>2026-02-27T11:57:12.000Z</time>
        <extensions>
          <ns3:TrackPointExtension>
            <ns3:hr>132</ns3:hr>
            <ns3:cad>87</ns3:cad>
          </ns3:TrackPointExtension>
        </extensions>
      </trkpt>
      <trkpt lat="30.620263405144214630126953125" lon="103.98413582704961299896240234375">
        <ele>496.399993896484375</ele>
        <time>2026-02-27T11:57:13.000Z</time>
        <extensions>
          <ns3:TrackPointExtension>
            <ns3:hr>133</ns3:hr>
            <ns3:cad>87</ns3:cad>
          </ns3:TrackPointExtension>
        </extensions>
      </trkpt>
      <trkpt lat="30.62027312815189361572265625" lon="103.984166085720062255859375">
        <ele>496.399993896484375</ele>
        <time>2026-02-27T11:57:14.000Z</time>
        <extensions>
          <ns3:TrackPointExtension>
            <ns3:hr>133</ns3:hr>
            <ns3:cad>87</ns3:cad>
          </ns3:TrackPointExtension>
        </extensions>
      </trkpt>
      <trkpt lat="30.62028695829212665557861328125" lon="103.9842004515230655670166015625">
        <ele>496.399993896484375</ele>
        <time>2026-02-27T11:57:15.000Z</time>
        <extensions>
          <ns3:TrackPointExtension>
            <ns3:hr>133</ns3:hr>
            <ns3:cad>88</ns3:cad>
          </ns3:TrackPointExtension>
        </extensions>
      </trkpt>
      <trkpt lat="30.62029047869145870208740234375" lon="103.98423624224960803985595703125">
        <ele>496.399993896484375</ele>
        <time>2026-02-27T11:57:16.000Z</time>
        <extensions>
          <ns3:TrackPointExtension>
            <ns3:hr>134</ns3:hr>
            <ns3:cad>88</ns3:cad>
          </ns3:TrackPointExtension>
        </extensions>
      </trkpt>
      <trkpt lat="30.62029592692852020263671875" lon="103.98426189087331295013427734375">
        <ele>496.399993896484375</ele>
        <time>2026-02-27T11:57:17.000Z</time>
        <extensions>
          <ns3:TrackPointExtension>
            <ns3:hr>134</ns3:hr>
            <ns3:cad>89</ns3:cad>
          </ns3:TrackPointExtension>
        </extensions>
      </trkpt>
      <trkpt lat="30.6203041411936283111572265625" lon="103.98429055698215961456298828125">
        <ele>496.399993896484375</ele>
        <time>2026-02-27T11:57:18.000Z</time>
        <extensions>
          <ns3:TrackPointExtension>
            <ns3:hr>134</ns3:hr>
            <ns3:cad>89</ns3:cad>
          </ns3:TrackPointExtension>
        </extensions>
      </trkpt>
      <trkpt lat="30.62031964771449565887451171875" lon="103.984317965805530548095703125">
        <ele>496.399993896484375</ele>
        <time>2026-02-27T11:57:19.000Z</time>
        <extensions>
          <ns3:TrackPointExtension>
            <ns3:hr>134</ns3:hr>
            <ns3:cad>89</ns3:cad>
          </ns3:TrackPointExtension>
        </extensions>
      </trkpt>
      <trkpt lat="30.62033188529312610626220703125" lon="103.9843540079891681671142578125">
        <ele>496.20001220703125</ele>
        <time>2026-02-27T11:57:20.000Z</time>
        <extensions>
          <ns3:TrackPointExtension>
            <ns3:hr>135</ns3:hr>
            <ns3:cad>87</ns3:cad>
          </ns3:TrackPointExtension>
        </extensions>
      </trkpt>
      <trkpt lat="30.62034152448177337646484375" lon="103.9843848533928394317626953125">
        <ele>496.20001220703125</ele>
        <time>2026-02-27T11:57:21.000Z</time>
        <extensions>
          <ns3:TrackPointExtension>
            <ns3:hr>135</ns3:hr>
            <ns3:cad>87</ns3:cad>
          </ns3:TrackPointExtension>
        </extensions>
      </trkpt>
      <trkpt lat="30.62034764327108860015869140625" lon="103.98442634381353855133056640625">
        <ele>496.20001220703125</ele>
        <time>2026-02-27T11:57:22.000Z</time>
        <extensions>
          <ns3:TrackPointExtension>
            <ns3:hr>135</ns3:hr>
            <ns3:cad>88</ns3:cad>
          </ns3:TrackPointExtension>
        </extensions>
      </trkpt>
      <trkpt lat="30.62035351060330867767333984375" lon="103.98445702157914638519287109375">
        <ele>496.20001220703125</ele>
        <time>2026-02-27T11:57:23.000Z</time>
        <extensions>
          <ns3:TrackPointExtension>
            <ns3:hr>135</ns3:hr>
            <ns3:cad>88</ns3:cad>
          </ns3:TrackPointExtension>
        </extensions>
      </trkpt>
      <trkpt lat="30.62035988084971904754638671875" lon="103.98449423722922801971435546875">
        <ele>496.20001220703125</ele>
        <time>2026-02-27T11:57:24.000Z</time>
        <extensions>
          <ns3:TrackPointExtension>
            <ns3:hr>136</ns3:hr>
            <ns3:cad>89</ns3:cad>
          </ns3:TrackPointExtension>
        </extensions>
      </trkpt>
      <trkpt lat="30.62036440707743167877197265625" lon="103.98452642373740673065185546875">
        <ele>496.20001220703125</ele>
        <time>2026-02-27T11:57:25.000Z</time>
        <extensions>
          <ns3:TrackPointExtension>
            <ns3:hr>137</ns3:hr>
            <ns3:cad>89</ns3:cad>
          </ns3:TrackPointExtension>
        </extensions>
      </trkpt>
      <trkpt lat="30.62036977149546146392822265625" lon="103.98456296883523464202880859375">
        <ele>496.20001220703125</ele>
        <time>2026-02-27T11:57:26.000Z</time>
        <extensions>
          <ns3:TrackPointExtension>
            <ns3:hr>137</ns3:hr>
            <ns3:cad>88</ns3:cad>
          </ns3:TrackPointExtension>
        </extensions>
      </trkpt>
      <trkpt lat="30.620377399027347564697265625" lon="103.98460035212337970733642578125">
        <ele>496.20001220703125</ele>
        <time>2026-02-27T11:57:27.000Z</time>
        <extensions>
          <ns3:TrackPointExtension>
            <ns3:hr>138</ns3:hr>
            <ns3:cad>88</ns3:cad>
          </ns3:TrackPointExtension>
        </extensions>
      </trkpt>
      <trkpt lat="30.62038821168243885040283203125" lon="103.9846376515924930572509765625">
        <ele>496.20001220703125</ele>
        <time>2026-02-27T11:57:28.000Z</time>
        <extensions>
          <ns3:TrackPointExtension>
            <ns3:hr>138</ns3:hr>
            <ns3:cad>87</ns3:cad>
          </ns3:TrackPointExtension>
        </extensions>
      </trkpt>
      <trkpt lat="30.6204027123749256134033203125" lon="103.984665982425212860107421875">
        <ele>496.20001220703125</ele>
        <time>2026-02-27T11:57:29.000Z</time>
        <extensions>
          <ns3:TrackPointExtension>
            <ns3:hr>138</ns3:hr>
            <ns3:cad>88</ns3:cad>
          </ns3:TrackPointExtension>
        </extensions>
      </trkpt>
      <trkpt lat="30.6204194761812686920166015625" lon="103.98469825275242328643798828125">
        <ele>496.20001220703125</ele>
        <time>2026-02-27T11:57:30.000Z</time>
        <extensions>
          <ns3:TrackPointExtension>
            <ns3:hr>138</ns3:hr>
            <ns3:cad>89</ns3:cad>
          </ns3:TrackPointExtension>
        </extensions>
      </trkpt>
      <trkpt lat="30.6204328872263431549072265625" lon="103.98472239263355731964111328125">
        <ele>496</ele>
        <time>2026-02-27T11:57:31.000Z</time>
        <extensions>
          <ns3:TrackPointExtension>
            <ns3:hr>138</ns3:hr>
            <ns3:cad>89</ns3:cad>
          </ns3:TrackPointExtension>
        </extensions>
      </trkpt>
      <trkpt lat="30.620446465909481048583984375" lon="103.98475575260818004608154296875">
        <ele>496</ele>
        <time>2026-02-27T11:57:32.000Z</time>
        <extensions>
          <ns3:TrackPointExtension>
            <ns3:hr>139</ns3:hr>
            <ns3:cad>89</ns3:cad>
          </ns3:TrackPointExtension>
        </extensions>
      </trkpt>
      <trkpt lat="30.6204620562493801116943359375" lon="103.98478073067963123321533203125">
        <ele>496</ele>
        <time>2026-02-27T11:57:33.000Z</time>
        <extensions>
          <ns3:TrackPointExtension>
            <ns3:hr>139</ns3:hr>
            <ns3:cad>89</ns3:cad>
          </ns3:TrackPointExtension>
        </extensions>
      </trkpt>
      <trkpt lat="30.62047555111348628997802734375" lon="103.98480512201786041259765625">
        <ele>496</ele>
        <time>2026-02-27T11:57:34.000Z</time>
        <extensions>
          <ns3:TrackPointExtension>
            <ns3:hr>139</ns3:hr>
            <ns3:cad>89</ns3:cad>
          </ns3:TrackPointExtension>
        </extensions>
      </trkpt>
      <trkpt lat="30.62048443593084812164306640625" lon="103.98483596742153167724609375">
        <ele>496</ele>
        <time>2026-02-27T11:57:35.000Z</time>
        <extensions>
          <ns3:TrackPointExtension>
            <ns3:hr>140</ns3:hr>
            <ns3:cad>89</ns3:cad>
          </ns3:TrackPointExtension>
        </extensions>
      </trkpt>
      <trkpt lat="30.6204905547201633453369140625" lon="103.984862454235553741455078125">
        <ele>496</ele>
        <time>2026-02-27T11:57:36.000Z</time>
        <extensions>
          <ns3:TrackPointExtension>
            <ns3:hr>140</ns3:hr>
            <ns3:cad>89</ns3:cad>
          </ns3:TrackPointExtension>
        </extensions>
      </trkpt>
      <trkpt lat="30.6204965896904468536376953125" lon="103.98489363491535186767578125">
        <ele>496</ele>
        <time>2026-02-27T11:57:37.000Z</time>
        <extensions>
          <ns3:TrackPointExtension>
            <ns3:hr>141</ns3:hr>
            <ns3:cad>90</ns3:cad>
          </ns3:TrackPointExtension>
        </extensions>
      </trkpt>
      <trkpt lat="30.62050421722233295440673828125" lon="103.98492573760449886322021484375">
        <ele>496</ele>
        <time>2026-02-27T11:57:38.000Z</time>
        <extensions>
          <ns3:TrackPointExtension>
            <ns3:hr>141</ns3:hr>
            <ns3:cad>90</ns3:cad>
          </ns3:TrackPointExtension>
        </extensions>
      </trkpt>
      <trkpt lat="30.6205096654593944549560546875" lon="103.98495800793170928955078125">
        <ele>496</ele>
        <time>2026-02-27T11:57:39.000Z</time>
        <extensions>
          <ns3:TrackPointExtension>
            <ns3:hr>141</ns3:hr>
            <ns3:cad>90</ns3:cad>
          </ns3:TrackPointExtension>
        </extensions>
      </trkpt>
      <trkpt lat="30.62052215449512004852294921875" lon="103.9849933795630931854248046875">
        <ele>495.79998779296875</ele>
        <time>2026-02-27T11:57:40.000Z</time>
        <extensions>
          <ns3:TrackPointExtension>
            <ns3:hr>141</ns3:hr>
            <ns3:cad>90</ns3:cad>
          </ns3:TrackPointExtension>
        </extensions>
      </trkpt>
      <trkpt lat="30.6205297820270061492919921875" lon="103.98502347059547901153564453125">
        <ele>495.79998779296875</ele>
        <time>2026-02-27T11:57:41.000Z</time>
        <extensions>
          <ns3:TrackPointExtension>
            <ns3:hr>141</ns3:hr>
            <ns3:cad>90</ns3:cad>
          </ns3:TrackPointExtension>
        </extensions>
      </trkpt>
      <trkpt lat="30.62053824774920940399169921875" lon="103.98505632765591144561767578125">
        <ele>495.600006103515625</ele>
        <time>2026-02-27T11:57:42.000Z</time>
        <extensions>
          <ns3:TrackPointExtension>
            <ns3:hr>141</ns3:hr>
            <ns3:cad>90</ns3:cad>
          </ns3:TrackPointExtension>
        </extensions>
      </trkpt>
      <trkpt lat="30.62054134905338287353515625" lon="103.9850872568786144256591796875">
        <ele>495.600006103515625</ele>
        <time>2026-02-27T11:57:43.000Z</time>
        <extensions>
          <ns3:TrackPointExtension>
            <ns3:hr>140</ns3:hr>
            <ns3:cad>90</ns3:cad>
          </ns3:TrackPointExtension>
        </extensions>
      </trkpt>
      <trkpt lat="30.62055207788944244384765625" lon="103.98511826992034912109375">
        <ele>495.600006103515625</ele>
        <time>2026-02-27T11:57:44.000Z</time>
        <extensions>
          <ns3:TrackPointExtension>
            <ns3:hr>141</ns3:hr>
            <ns3:cad>90</ns3:cad>
          </ns3:TrackPointExtension>
        </extensions>
      </trkpt>
      <trkpt lat="30.6205633096396923065185546875" lon="103.9851549826562404632568359375">
        <ele>495.79998779296875</ele>
        <time>2026-02-27T11:57:45.000Z</time>
        <extensions>
          <ns3:TrackPointExtension>
            <ns3:hr>141</ns3:hr>
            <ns3:cad>89</ns3:cad>
          </ns3:TrackPointExtension>
        </extensions>
      </trkpt>
      <trkpt lat="30.620574541389942169189453125" lon="103.98518465459346771240234375">
        <ele>496.20001220703125</ele>
        <time>2026-02-27T11:57:46.000Z</time>
        <extensions>
          <ns3:TrackPointExtension>
            <ns3:hr>141</ns3:hr>
            <ns3:cad>89</ns3:cad>
          </ns3:TrackPointExtension>
        </extensions>
      </trkpt>
      <trkpt lat="30.62058250419795513153076171875" lon="103.98521549999713897705078125">
        <ele>496.399993896484375</ele>
        <time>2026-02-27T11:57:47.000Z</time>
        <extensions>
          <ns3:TrackPointExtension>
            <ns3:hr>141</ns3:hr>
            <ns3:cad>89</ns3:cad>
          </ns3:TrackPointExtension>
        </extensions>
      </trkpt>
      <trkpt lat="30.620590634644031524658203125" lon="103.9852448366582393646240234375">
        <ele>496.600006103515625</ele>
        <time>2026-02-27T11:57:48.000Z</time>
        <extensions>
          <ns3:TrackPointExtension>
            <ns3:hr>142</ns3:hr>
            <ns3:cad>89</ns3:cad>
          </ns3:TrackPointExtension>
        </extensions>
      </trkpt>
      <trkpt lat="30.620599351823329925537109375" lon="103.98527987301349639892578125">
        <ele>496.600006103515625</ele>
        <time>2026-02-27T11:57:49.000Z</time>
        <extensions>
          <ns3:TrackPointExtension>
            <ns3:hr>142</ns3:hr>
            <ns3:cad>88</ns3:cad>
          </ns3:TrackPointExtension>
        </extensions>
      </trkpt>
      <trkpt lat="30.62060580588877201080322265625" lon="103.9853095449507236480712890625">
        <ele>496.20001220703125</ele>
        <time>2026-02-27T11:57:50.000Z</time>
        <extensions>
          <ns3:TrackPointExtension>
            <ns3:hr>143</ns3:hr>
            <ns3:cad>89</ns3:cad>
          </ns3:TrackPointExtension>
        </extensions>
      </trkpt>
      <trkpt lat="30.620603375136852264404296875" lon="103.98534550331532955169677734375">
        <ele>495.79998779296875</ele>
        <time>2026-02-27T11:57:51.000Z</time>
        <extensions>
          <ns3:TrackPointExtension>
            <ns3:hr>144</ns3:hr>
            <ns3:cad>89</ns3:cad>
          </ns3:TrackPointExtension>
        </extensions>
      </trkpt>
      <trkpt lat="30.620605051517486572265625" lon="103.98537718690931797027587890625">
        <ele>495.600006103515625</ele>
        <time>2026-02-27T11:57:52.000Z</time>
        <extensions>
          <ns3:TrackPointExtension>
            <ns3:hr>144</ns3:hr>
            <ns3:cad>90</ns3:cad>
          </ns3:TrackPointExtension>
        </extensions>
      </trkpt>
      <trkpt lat="30.6205983459949493408203125" lon="103.98540233261883258819580078125">
        <ele>495.600006103515625</ele>
        <time>2026-02-27T11:57:53.000Z</time>
        <extensions>
          <ns3:TrackPointExtension>
            <ns3:hr>144</ns3:hr>
            <ns3:cad>90</ns3:cad>
          </ns3:TrackPointExtension>
        </extensions>
      </trkpt>
      <trkpt lat="30.6205897964537143707275390625" lon="103.98543518967926502227783203125">
        <ele>495.600006103515625</ele>
        <time>2026-02-27T11:57:54.000Z</time>
        <extensions>
          <ns3:TrackPointExtension>
            <ns3:hr>144</ns3:hr>
            <ns3:cad>90</ns3:cad>
          </ns3:TrackPointExtension>
        </extensions>
      </trkpt>
      <trkpt lat="30.62057747505605220794677734375" lon="103.9854602515697479248046875">
        <ele>495.79998779296875</ele>
        <time>2026-02-27T11:57:55.000Z</time>
        <extensions>
          <ns3:TrackPointExtension>
            <ns3:hr>144</ns3:hr>
            <ns3:cad>89</ns3:cad>
          </ns3:TrackPointExtension>
        </extensions>
      </trkpt>
      <trkpt lat="30.6205633096396923065185546875" lon="103.9854862354695796966552734375">
        <ele>495.79998779296875</ele>
        <time>2026-02-27T11:57:56.000Z</time>
        <extensions>
          <ns3:TrackPointExtension>
            <ns3:hr>144</ns3:hr>
            <ns3:cad>89</ns3:cad>
          </ns3:TrackPointExtension>
        </extensions>
      </trkpt>
      <trkpt lat="30.62054713256657123565673828125" lon="103.9855123870074748992919921875">
        <ele>495.79998779296875</ele>
        <time>2026-02-27T11:57:57.000Z</time>
        <extensions>
          <ns3:TrackPointExtension>
            <ns3:hr>143</ns3:hr>
            <ns3:cad>90</ns3:cad>
          </ns3:TrackPointExtension>
        </extensions>
      </trkpt>
      <trkpt lat="30.62053020112216472625732421875" lon="103.98554272949695587158203125">
        <ele>495.79998779296875</ele>
        <time>2026-02-27T11:57:58.000Z</time>
        <extensions>
          <ns3:TrackPointExtension>
            <ns3:hr>143</ns3:hr>
            <ns3:cad>90</ns3:cad>
          </ns3:TrackPointExtension>
        </extensions>
      </trkpt>
      <trkpt lat="30.62051720917224884033203125" lon="103.98557089269161224365234375">
        <ele>495.79998779296875</ele>
        <time>2026-02-27T11:57:59.000Z</time>
        <extensions>
          <ns3:TrackPointExtension>
            <ns3:hr>144</ns3:hr>
            <ns3:cad>90</ns3:cad>
          </ns3:TrackPointExtension>
        </extensions>
      </trkpt>
      <trkpt lat="30.62049751169979572296142578125" lon="103.98559159599244594573974609375">
        <ele>495.79998779296875</ele>
        <time>2026-02-27T11:58:00.000Z</time>
        <extensions>
          <ns3:TrackPointExtension>
            <ns3:hr>143</ns3:hr>
            <ns3:cad>89</ns3:cad>
          </ns3:TrackPointExtension>
        </extensions>
      </trkpt>
      <trkpt lat="30.62047295272350311279296875" lon="103.98560064844787120819091796875">
        <ele>496</ele>
        <time>2026-02-27T11:58:01.000Z</time>
        <extensions>
          <ns3:TrackPointExtension>
            <ns3:hr>144</ns3:hr>
            <ns3:cad>89</ns3:cad>
          </ns3:TrackPointExtension>
        </extensions>
      </trkpt>
      <trkpt lat="30.62045359052717685699462890625" lon="103.985601402819156646728515625">
        <ele>496</ele>
        <time>2026-02-27T11:58:02.000Z</time>
        <extensions>
          <ns3:TrackPointExtension>
            <ns3:hr>144</ns3:hr>
            <ns3:cad>88</ns3:cad>
          </ns3:TrackPointExtension>
        </extensions>
      </trkpt>
      <trkpt lat="30.62042660079896450042724609375" lon="103.98559696041047573089599609375">
        <ele>496</ele>
        <time>2026-02-27T11:58:03.000Z</time>
        <extensions>
          <ns3:TrackPointExtension>
            <ns3:hr>144</ns3:hr>
            <ns3:cad>87</ns3:cad>
          </ns3:TrackPointExtension>
        </extensions>
      </trkpt>
      <trkpt lat="30.62040313147008419036865234375" lon="103.98559461347758769989013671875">
        <ele>496</ele>
        <time>2026-02-27T11:58:04.000Z</time>
        <extensions>
          <ns3:TrackPointExtension>
            <ns3:hr>143</ns3:hr>
            <ns3:cad>87</ns3:cad>
          </ns3:TrackPointExtension>
        </extensions>
      </trkpt>
      <trkpt lat="30.6203762255609035491943359375" lon="103.9855928532779216766357421875">
        <ele>496</ele>
        <time>2026-02-27T11:58:05.000Z</time>
        <extensions>
          <ns3:TrackPointExtension>
            <ns3:hr>144</ns3:hr>
            <ns3:cad>88</ns3:cad>
          </ns3:TrackPointExtension>
        </extensions>
      </trkpt>
      <trkpt lat="30.62034915201365947723388671875" lon="103.9855931885540485382080078125">
        <ele>496</ele>
        <time>2026-02-27T11:58:06.000Z</time>
        <extensions>
          <ns3:TrackPointExtension>
            <ns3:hr>144</ns3:hr>
            <ns3:cad>88</ns3:cad>
          </ns3:TrackPointExtension>
        </extensions>
      </trkpt>
      <trkpt lat="30.62032149173319339752197265625" lon="103.98559327237308025360107421875">
        <ele>496</ele>
        <time>2026-02-27T11:58:07.000Z</time>
        <extensions>
          <ns3:TrackPointExtension>
            <ns3:hr>144</ns3:hr>
            <ns3:cad>89</ns3:cad>
          </ns3:TrackPointExtension>
        </extensions>
      </trkpt>
      <trkpt lat="30.62029567547142505645751953125" lon="103.985595703125">
        <ele>496</ele>
        <time>2026-02-27T11:58:08.000Z</time>
        <extensions>
          <ns3:TrackPointExtension>
            <ns3:hr>144</ns3:hr>
            <ns3:cad>89</ns3:cad>
          </ns3:TrackPointExtension>
        </extensions>
      </trkpt>
      <trkpt lat="30.62026533298194408416748046875" lon="103.98559880442917346954345703125">
        <ele>496</ele>
        <time>2026-02-27T11:58:09.000Z</time>
        <extensions>
          <ns3:TrackPointExtension>
            <ns3:hr>144</ns3:hr>
            <ns3:cad>89</ns3:cad>
          </ns3:TrackPointExtension>
        </extensions>
      </trkpt>
      <trkpt lat="30.620240271091461181640625" lon="103.98559897206723690032958984375">
        <ele>496</ele>
        <time>2026-02-27T11:58:10.000Z</time>
        <extensions>
          <ns3:TrackPointExtension>
            <ns3:hr>144</ns3:hr>
            <ns3:cad>89</ns3:cad>
          </ns3:TrackPointExtension>
        </extensions>
      </trkpt>
      <trkpt lat="30.62020967714488506317138671875" lon="103.9856012351810932159423828125">
        <ele>496</ele>
        <time>2026-02-27T11:58:11.000Z</time>
        <extensions>
          <ns3:TrackPointExtension>
            <ns3:hr>144</ns3:hr>
            <ns3:cad>88</ns3:cad>
          </ns3:TrackPointExtension>
        </extensions>
      </trkpt>
      <trkpt lat="30.62018553726375102996826171875" lon="103.985598720610141754150390625">
        <ele>496</ele>
        <time>2026-02-27T11:58:12.000Z</time>
        <extensions>
          <ns3:TrackPointExtension>
            <ns3:hr>144</ns3:hr>
            <ns3:cad>88</ns3:cad>
          </ns3:TrackPointExtension>
        </extensions>
      </trkpt>
      <trkpt lat="30.62016106210649013519287109375" lon="103.98559981025755405426025390625">
        <ele>496</ele>
        <time>2026-02-27T11:58:13.000Z</time>
        <extensions>
          <ns3:TrackPointExtension>
            <ns3:hr>144</ns3:hr>
            <ns3:cad>88</ns3:cad>
          </ns3:TrackPointExtension>
        </extensions>
      </trkpt>
      <trkpt lat="30.62013767659664154052734375" lon="103.98560014553368091583251953125">
        <ele>496</ele>
        <time>2026-02-27T11:58:14.000Z</time>
        <extensions>
          <ns3:TrackPointExtension>
            <ns3:hr>144</ns3:hr>
            <ns3:cad>89</ns3:cad>
          </ns3:TrackPointExtension>
        </extensions>
      </trkpt>
      <trkpt lat="30.62010758556425571441650390625" lon="103.98560048080980777740478515625">
        <ele>496</ele>
        <time>2026-02-27T11:58:15.000Z</time>
        <extensions>
          <ns3:TrackPointExtension>
            <ns3:hr>144</ns3:hr>
            <ns3:cad>89</ns3:cad>
          </ns3:TrackPointExtension>
        </extensions>
      </trkpt>
      <trkpt lat="30.62008579261600971221923828125" lon="103.98561003617942333221435546875">
        <ele>495.79998779296875</ele>
        <time>2026-02-27T11:58:16.000Z</time>
        <extensions>
          <ns3:TrackPointExtension>
            <ns3:hr>144</ns3:hr>
            <ns3:cad>89</ns3:cad>
          </ns3:TrackPointExtension>
        </extensions>
      </trkpt>
      <trkpt lat="30.6200630776584148406982421875" lon="103.985622860491275787353515625">
        <ele>495.79998779296875</ele>
        <time>2026-02-27T11:58:17.000Z</time>
        <extensions>
          <ns3:TrackPointExtension>
            <ns3:hr>144</ns3:hr>
            <ns3:cad>89</ns3:cad>
          </ns3:TrackPointExtension>
        </extensions>
      </trkpt>
      <trkpt lat="30.62004086561501026153564453125" lon="103.9856354333460330963134765625">
        <ele>495.79998779296875</ele>
        <time>2026-02-27T11:58:18.000Z</time>
        <extensions>
          <ns3:TrackPointExtension>
            <ns3:hr>145</ns3:hr>
            <ns3:cad>89</ns3:cad>
          </ns3:TrackPointExtension>
        </extensions>
      </trkpt>
      <trkpt lat="30.62001974321901798248291015625" lon="103.9856582321226596832275390625">
        <ele>495.79998779296875</ele>
        <time>2026-02-27T11:58:19.000Z</time>
        <extensions>
          <ns3:TrackPointExtension>
            <ns3:hr>145</ns3:hr>
            <ns3:cad>89</ns3:cad>
          </ns3:TrackPointExtension>
        </extensions>
      </trkpt>
      <trkpt lat="30.619993843138217926025390625" lon="103.98568161763250827789306640625">
        <ele>495.79998779296875</ele>
        <time>2026-02-27T11:58:20.000Z</time>
        <extensions>
          <ns3:TrackPointExtension>
            <ns3:hr>145</ns3:hr>
            <ns3:cad>89</ns3:cad>
          </ns3:TrackPointExtension>
        </extensions>
      </trkpt>
      <trkpt lat="30.6199668534100055694580078125" lon="103.98569670505821704864501953125">
        <ele>495.79998779296875</ele>
        <time>2026-02-27T11:58:21.000Z</time>
        <extensions>
          <ns3:TrackPointExtension>
            <ns3:hr>145</ns3:hr>
            <ns3:cad>89</ns3:cad>
          </ns3:TrackPointExtension>
        </extensions>
      </trkpt>
      <trkpt lat="30.619939863681793212890625" lon="103.98570835590362548828125">
        <ele>495.600006103515625</ele>
        <time>2026-02-27T11:58:22.000Z</time>
        <extensions>
          <ns3:TrackPointExtension>
            <ns3:hr>145</ns3:hr>
            <ns3:cad>90</ns3:cad>
          </ns3:TrackPointExtension>
        </extensions>
      </trkpt>
      <trkpt lat="30.6199075095355510711669921875" lon="103.9857177436351776123046875">
        <ele>495.600006103515625</ele>
        <time>2026-02-27T11:58:23.000Z</time>
        <extensions>
          <ns3:TrackPointExtension>
            <ns3:hr>145</ns3:hr>
            <ns3:cad>90</ns3:cad>
          </ns3:TrackPointExtension>
        </extensions>
      </trkpt>
      <trkpt lat="30.61987817287445068359375" lon="103.9857256226241588592529296875">
        <ele>495.600006103515625</ele>
        <time>2026-02-27T11:58:24.000Z</time>
        <extensions>
          <ns3:TrackPointExtension>
            <ns3:hr>145</ns3:hr>
            <ns3:cad>89</ns3:cad>
          </ns3:TrackPointExtension>
        </extensions>
      </trkpt>
      <trkpt lat="30.619845651090145111083984375" lon="103.985726796090602874755859375">
        <ele>495.600006103515625</ele>
        <time>2026-02-27T11:58:25.000Z</time>
        <extensions>
          <ns3:TrackPointExtension>
            <ns3:hr>145</ns3:hr>
            <ns3:cad>89</ns3:cad>
          </ns3:TrackPointExtension>
        </extensions>
      </trkpt>
      <trkpt lat="30.61981891281902790069580078125" lon="103.9857316575944423675537109375">
        <ele>495.600006103515625</ele>
        <time>2026-02-27T11:58:26.000Z</time>
        <extensions>
          <ns3:TrackPointExtension>
            <ns3:hr>146</ns3:hr>
            <ns3:cad>89</ns3:cad>
          </ns3:TrackPointExtension>
        </extensions>
      </trkpt>
      <trkpt lat="30.619794018566608428955078125" lon="103.98573894985020160675048828125">
        <ele>495.600006103515625</ele>
        <time>2026-02-27T11:58:27.000Z</time>
        <extensions>
          <ns3:TrackPointExtension>
            <ns3:hr>146</ns3:hr>
            <ns3:cad>90</ns3:cad>
          </ns3:TrackPointExtension>
        </extensions>
      </trkpt>
      <trkpt lat="30.619768537580966949462890625" lon="103.98574657738208770751953125">
        <ele>495.600006103515625</ele>
        <time>2026-02-27T11:58:28.000Z</time>
        <extensions>
          <ns3:TrackPointExtension>
            <ns3:hr>146</ns3:hr>
            <ns3:cad>90</ns3:cad>
          </ns3:TrackPointExtension>
        </extensions>
      </trkpt>
      <trkpt lat="30.61974205076694488525390625" lon="103.985754288733005523681640625">
        <ele>495.600006103515625</ele>
        <time>2026-02-27T11:58:29.000Z</time>
        <extensions>
          <ns3:TrackPointExtension>
            <ns3:hr>146</ns3:hr>
            <ns3:cad>90</ns3:cad>
          </ns3:TrackPointExtension>
        </extensions>
      </trkpt>
      <trkpt lat="30.61971330083906650543212890625" lon="103.98575638420879840850830078125">
        <ele>495.600006103515625</ele>
        <time>2026-02-27T11:58:30.000Z</time>
        <extensions>
          <ns3:TrackPointExtension>
            <ns3:hr>146</ns3:hr>
            <ns3:cad>90</ns3:cad>
          </ns3:TrackPointExtension>
        </extensions>
      </trkpt>
      <trkpt lat="30.6196872331202030181884765625" lon="103.9857608266174793243408203125">
        <ele>495.600006103515625</ele>
        <time>2026-02-27T11:58:31.000Z</time>
        <extensions>
          <ns3:TrackPointExtension>
            <ns3:hr>145</ns3:hr>
            <ns3:cad>90</ns3:cad>
          </ns3:TrackPointExtension>
        </extensions>
      </trkpt>
      <trkpt lat="30.61965798027813434600830078125" lon="103.9857665263116359710693359375">
        <ele>495.600006103515625</ele>
        <time>2026-02-27T11:58:32.000Z</time>
        <extensions>
          <ns3:TrackPointExtension>
            <ns3:hr>146</ns3:hr>
            <ns3:cad>89</ns3:cad>
          </ns3:TrackPointExtension>
        </extensions>
      </trkpt>
      <trkpt lat="30.619627721607685089111328125" lon="103.9857713878154754638671875">
        <ele>495.600006103515625</ele>
        <time>2026-02-27T11:58:33.000Z</time>
        <extensions>
          <ns3:TrackPointExtension>
            <ns3:hr>146</ns3:hr>
            <ns3:cad>88</ns3:cad>
          </ns3:TrackPointExtension>
        </extensions>
      </trkpt>
      <trkpt lat="30.61960198916494846343994140625" lon="103.98577298037707805633544921875">
        <ele>495.399993896484375</ele>
        <time>2026-02-27T11:58:34.000Z</time>
        <extensions>
          <ns3:TrackPointExtension>
            <ns3:hr>146</ns3:hr>
            <ns3:cad>88</ns3:cad>
          </ns3:TrackPointExtension>
        </extensions>
      </trkpt>
      <trkpt lat="30.6195724010467529296875" lon="103.9857799373567104339599609375">
        <ele>495.399993896484375</ele>
        <time>2026-02-27T11:58:35.000Z</time>
        <extensions>
          <ns3:TrackPointExtension>
            <ns3:hr>146</ns3:hr>
            <ns3:cad>88</ns3:cad>
          </ns3:TrackPointExtension>
        </extensions>
      </trkpt>
      <trkpt lat="30.61954599805176258087158203125" lon="103.98578655906021595001220703125">
        <ele>495.399993896484375</ele>
        <time>2026-02-27T11:58:36.000Z</time>
        <extensions>
          <ns3:TrackPointExtension>
            <ns3:hr>147</ns3:hr>
            <ns3:cad>89</ns3:cad>
          </ns3:TrackPointExtension>
        </extensions>
      </trkpt>
      <trkpt lat="30.6195192597806453704833984375" lon="103.9857963658869266510009765625">
        <ele>495.399993896484375</ele>
        <time>2026-02-27T11:58:37.000Z</time>
        <extensions>
          <ns3:TrackPointExtension>
            <ns3:hr>147</ns3:hr>
            <ns3:cad>89</ns3:cad>
          </ns3:TrackPointExtension>
        </extensions>
      </trkpt>
      <trkpt lat="30.61948548071086406707763671875" lon="103.98579619824886322021484375">
        <ele>495.399993896484375</ele>
        <time>2026-02-27T11:58:38.000Z</time>
        <extensions>
          <ns3:TrackPointExtension>
            <ns3:hr>147</ns3:hr>
            <ns3:cad>89</ns3:cad>
          </ns3:TrackPointExtension>
        </extensions>
      </trkpt>
      <trkpt lat="30.61946050263941287994384765625" lon="103.98580617271363735198974609375">
        <ele>495.399993896484375</ele>
        <time>2026-02-27T11:58:39.000Z</time>
        <extensions>
          <ns3:TrackPointExtension>
            <ns3:hr>147</ns3:hr>
            <ns3:cad>89</ns3:cad>
          </ns3:TrackPointExtension>
        </extensions>
      </trkpt>
      <trkpt lat="30.61942462809383869171142578125" lon="103.98581371642649173736572265625">
        <ele>495.399993896484375</ele>
        <time>2026-02-27T11:58:40.000Z</time>
        <extensions>
          <ns3:TrackPointExtension>
            <ns3:hr>147</ns3:hr>
            <ns3:cad>87</ns3:cad>
          </ns3:TrackPointExtension>
        </extensions>
      </trkpt>
      <trkpt lat="30.6193995662033557891845703125" lon="103.9858241938054561614990234375">
        <ele>495.399993896484375</ele>
        <time>2026-02-27T11:58:41.000Z</time>
        <extensions>
          <ns3:TrackPointExtension>
            <ns3:hr>147</ns3:hr>
            <ns3:cad>87</ns3:cad>
          </ns3:TrackPointExtension>
        </extensions>
      </trkpt>
      <trkpt lat="30.61936159618198871612548828125" lon="103.98582276888191699981689453125">
        <ele>495.399993896484375</ele>
        <time>2026-02-27T11:58:42.000Z</time>
        <extensions>
          <ns3:TrackPointExtension>
            <ns3:hr>147</ns3:hr>
            <ns3:cad>88</ns3:cad>
          </ns3:TrackPointExtension>
        </extensions>
      </trkpt>
      <trkpt lat="30.61933494172990322113037109375" lon="103.98582746274769306182861328125">
        <ele>495.399993896484375</ele>
        <time>2026-02-27T11:58:43.000Z</time>
        <extensions>
          <ns3:TrackPointExtension>
            <ns3:hr>147</ns3:hr>
            <ns3:cad>88</ns3:cad>
          </ns3:TrackPointExtension>
        </extensions>
      </trkpt>
      <trkpt lat="30.619299821555614471435546875" lon="103.98582058958709239959716796875">
        <ele>495.399993896484375</ele>
        <time>2026-02-27T11:58:44.000Z</time>
        <extensions>
          <ns3:TrackPointExtension>
            <ns3:hr>147</ns3:hr>
            <ns3:cad>89</ns3:cad>
          </ns3:TrackPointExtension>
        </extensions>
      </trkpt>
      <trkpt lat="30.61927408911287784576416015625" lon="103.985825367271900177001953125">
        <ele>495.399993896484375</ele>
        <time>2026-02-27T11:58:45.000Z</time>
        <extensions>
          <ns3:TrackPointExtension>
            <ns3:hr>147</ns3:hr>
            <ns3:cad>89</ns3:cad>
          </ns3:TrackPointExtension>
        </extensions>
      </trkpt>
      <trkpt lat="30.6192439980804920196533203125" lon="103.9858303964138031005859375">
        <ele>495.399993896484375</ele>
        <time>2026-02-27T11:58:46.000Z</time>
        <extensions>
          <ns3:TrackPointExtension>
            <ns3:hr>147</ns3:hr>
            <ns3:cad>89</ns3:cad>
          </ns3:TrackPointExtension>
        </extensions>
      </trkpt>
      <trkpt lat="30.61921491287648677825927734375" lon="103.9858386106789112091064453125">
        <ele>495.399993896484375</ele>
        <time>2026-02-27T11:58:47.000Z</time>
        <extensions>
          <ns3:TrackPointExtension>
            <ns3:hr>147</ns3:hr>
            <ns3:cad>88</ns3:cad>
          </ns3:TrackPointExtension>
        </extensions>
      </trkpt>
      <trkpt lat="30.6191836483776569366455078125" lon="103.98584808222949504852294921875">
        <ele>495.399993896484375</ele>
        <time>2026-02-27T11:58:48.000Z</time>
        <extensions>
          <ns3:TrackPointExtension>
            <ns3:hr>148</ns3:hr>
            <ns3:cad>88</ns3:cad>
          </ns3:TrackPointExtension>
        </extensions>
      </trkpt>
      <trkpt lat="30.61915808357298374176025390625" lon="103.985860906541347503662109375">
        <ele>495.399993896484375</ele>
        <time>2026-02-27T11:58:49.000Z</time>
        <extensions>
          <ns3:TrackPointExtension>
            <ns3:hr>148</ns3:hr>
            <ns3:cad>89</ns3:cad>
          </ns3:TrackPointExtension>
        </extensions>
      </trkpt>
      <trkpt lat="30.61913645826280117034912109375" lon="103.9858894050121307373046875">
        <ele>495.399993896484375</ele>
        <time>2026-02-27T11:58:50.000Z</time>
        <extensions>
          <ns3:TrackPointExtension>
            <ns3:hr>148</ns3:hr>
            <ns3:cad>89</ns3:cad>
          </ns3:TrackPointExtension>
        </extensions>
      </trkpt>
      <trkpt lat="30.619130171835422515869140625" lon="103.9859180711209774017333984375">
        <ele>495.399993896484375</ele>
        <time>2026-02-27T11:58:51.000Z</time>
        <extensions>
          <ns3:TrackPointExtension>
            <ns3:hr>147</ns3:hr>
            <ns3:cad>89</ns3:cad>
          </ns3:TrackPointExtension>
        </extensions>
      </trkpt>
      <trkpt lat="30.61912472359836101531982421875" lon="103.9859569631516933441162109375">
        <ele>495.399993896484375</ele>
        <time>2026-02-27T11:58:52.000Z</time>
        <extensions>
          <ns3:TrackPointExtension>
            <ns3:hr>148</ns3:hr>
            <ns3:cad>89</ns3:cad>
          </ns3:TrackPointExtension>
        </extensions>
      </trkpt>
      <trkpt lat="30.6191289983689785003662109375" lon="103.9859859645366668701171875">
        <ele>495.399993896484375</ele>
        <time>2026-02-27T11:58:53.000Z</time>
        <extensions>
          <ns3:TrackPointExtension>
            <ns3:hr>148</ns3:hr>
            <ns3:cad>89</ns3:cad>
          </ns3:TrackPointExtension>
        </extensions>
      </trkpt>
      <trkpt lat="30.61912992037832736968994140625" lon="103.986022174358367919921875">
        <ele>495.399993896484375</ele>
        <time>2026-02-27T11:58:54.000Z</time>
        <extensions>
          <ns3:TrackPointExtension>
            <ns3:hr>148</ns3:hr>
            <ns3:cad>89</ns3:cad>
          </ns3:TrackPointExtension>
        </extensions>
      </trkpt>
      <trkpt lat="30.61913226731121540069580078125" lon="103.98604975081980228424072265625">
        <ele>495.399993896484375</ele>
        <time>2026-02-27T11:58:55.000Z</time>
        <extensions>
          <ns3:TrackPointExtension>
            <ns3:hr>148</ns3:hr>
            <ns3:cad>89</ns3:cad>
          </ns3:TrackPointExtension>
        </extensions>
      </trkpt>
      <trkpt lat="30.61912782490253448486328125" lon="103.98609166033565998077392578125">
        <ele>495.399993896484375</ele>
        <time>2026-02-27T11:58:56.000Z</time>
        <extensions>
          <ns3:TrackPointExtension>
            <ns3:hr>148</ns3:hr>
            <ns3:cad>90</ns3:cad>
          </ns3:TrackPointExtension>
        </extensions>
      </trkpt>
      <trkpt lat="30.61912639997899532318115234375" lon="103.98612476885318756103515625">
        <ele>495.399993896484375</ele>
        <time>2026-02-27T11:58:57.000Z</time>
        <extensions>
          <ns3:TrackPointExtension>
            <ns3:hr>148</ns3:hr>
            <ns3:cad>90</ns3:cad>
          </ns3:TrackPointExtension>
        </extensions>
      </trkpt>
      <trkpt lat="30.6191202811896800994873046875" lon="103.9861549437046051025390625">
        <ele>495.399993896484375</ele>
        <time>2026-02-27T11:58:58.000Z</time>
        <extensions>
          <ns3:TrackPointExtension>
            <ns3:hr>149</ns3:hr>
            <ns3:cad>90</ns3:cad>
          </ns3:TrackPointExtension>
        </extensions>
      </trkpt>
      <trkpt lat="30.61911097727715969085693359375" lon="103.9861836098134517669677734375">
        <ele>495.399993896484375</ele>
        <time>2026-02-27T11:58:59.000Z</time>
        <extensions>
          <ns3:TrackPointExtension>
            <ns3:hr>149</ns3:hr>
            <ns3:cad>90</ns3:cad>
          </ns3:TrackPointExtension>
        </extensions>
      </trkpt>
      <trkpt lat="30.61910309828817844390869140625" lon="103.98621269501745700836181640625">
        <ele>495.399993896484375</ele>
        <time>2026-02-27T11:59:00.000Z</time>
        <extensions>
          <ns3:TrackPointExtension>
            <ns3:hr>149</ns3:hr>
            <ns3:cad>90</ns3:cad>
          </ns3:TrackPointExtension>
        </extensions>
      </trkpt>
      <trkpt lat="30.619091950356960296630859375" lon="103.9862432889640331268310546875">
        <ele>495.399993896484375</ele>
        <time>2026-02-27T11:59:01.000Z</time>
        <extensions>
          <ns3:TrackPointExtension>
            <ns3:hr>149</ns3:hr>
            <ns3:cad>88</ns3:cad>
          </ns3:TrackPointExtension>
        </extensions>
      </trkpt>
      <trkpt lat="30.61908231116831302642822265625" lon="103.98626952432096004486083984375">
        <ele>495.399993896484375</ele>
        <time>2026-02-27T11:59:02.000Z</time>
        <extensions>
          <ns3:TrackPointExtension>
            <ns3:hr>149</ns3:hr>
            <ns3:cad>88</ns3:cad>
          </ns3:TrackPointExtension>
        </extensions>
      </trkpt>
      <trkpt lat="30.619063787162303924560546875" lon="103.986292742192745208740234375">
        <ele>495.399993896484375</ele>
        <time>2026-02-27T11:59:03.000Z</time>
        <extensions>
          <ns3:TrackPointExtension>
            <ns3:hr>149</ns3:hr>
            <ns3:cad>86</ns3:cad>
          </ns3:TrackPointExtension>
        </extensions>
      </trkpt>
      <trkpt lat="30.6190505437552928924560546875" lon="103.9863145351409912109375">
        <ele>495.20001220703125</ele>
        <time>2026-02-27T11:59:04.000Z</time>
        <extensions>
          <ns3:TrackPointExtension>
            <ns3:hr>149</ns3:hr>
            <ns3:cad>86</ns3:cad>
          </ns3:TrackPointExtension>
        </extensions>
      </trkpt>
      <trkpt lat="30.61902858316898345947265625" lon="103.98633959703147411346435546875">
        <ele>495.20001220703125</ele>
        <time>2026-02-27T11:59:05.000Z</time>
        <extensions>
          <ns3:TrackPointExtension>
            <ns3:hr>149</ns3:hr>
            <ns3:cad>88</ns3:cad>
          </ns3:TrackPointExtension>
        </extensions>
      </trkpt>
      <trkpt lat="30.61901508830487728118896484375" lon="103.98636055178940296173095703125">
        <ele>495</ele>
        <time>2026-02-27T11:59:06.000Z</time>
        <extensions>
          <ns3:TrackPointExtension>
            <ns3:hr>150</ns3:hr>
            <ns3:cad>88</ns3:cad>
          </ns3:TrackPointExtension>
        </extensions>
      </trkpt>
      <trkpt lat="30.61898776330053806304931640625" lon="103.98638586513698101043701171875">
        <ele>495</ele>
        <time>2026-02-27T11:59:07.000Z</time>
        <extensions>
          <ns3:TrackPointExtension>
            <ns3:hr>150</ns3:hr>
            <ns3:cad>88</ns3:cad>
          </ns3:TrackPointExtension>
        </extensions>
      </trkpt>
      <trkpt lat="30.6189724244177341461181640625" lon="103.98640849627554416656494140625">
        <ele>494.79998779296875</ele>
        <time>2026-02-27T11:59:08.000Z</time>
        <extensions>
          <ns3:TrackPointExtension>
            <ns3:hr>150</ns3:hr>
            <ns3:cad>88</ns3:cad>
          </ns3:TrackPointExtension>
        </extensions>
      </trkpt>
      <trkpt lat="30.61896286904811859130859375" lon="103.98643297143280506134033203125">
        <ele>494.79998779296875</ele>
        <time>2026-02-27T11:59:09.000Z</time>
        <extensions>
          <ns3:TrackPointExtension>
            <ns3:hr>149</ns3:hr>
            <ns3:cad>86</ns3:cad>
          </ns3:TrackPointExtension>
        </extensions>
      </trkpt>
      <trkpt lat="30.61896261759102344512939453125" lon="103.98644956760108470916748046875">
        <ele>494.79998779296875</ele>
        <time>2026-02-27T11:59:10.000Z</time>
        <extensions>
          <ns3:TrackPointExtension>
            <ns3:hr>150</ns3:hr>
            <ns3:cad>86</ns3:cad>
          </ns3:TrackPointExtension>
        </extensions>
      </trkpt>
      <trkpt lat="30.61896286904811859130859375" lon="103.98647773079574108123779296875">
        <ele>495</ele>
        <time>2026-02-27T11:59:11.000Z</time>
        <extensions>
          <ns3:TrackPointExtension>
            <ns3:hr>150</ns3:hr>
            <ns3:cad>87</ns3:cad>
          </ns3:TrackPointExtension>
        </extensions>
      </trkpt>
      <trkpt lat="30.61896814964711666107177734375" lon="103.986501283943653106689453125">
        <ele>495</ele>
        <time>2026-02-27T11:59:12.000Z</time>
        <extensions>
          <ns3:TrackPointExtension>
            <ns3:hr>150</ns3:hr>
            <ns3:cad>88</ns3:cad>
          </ns3:TrackPointExtension>
        </extensions>
      </trkpt>
      <trkpt lat="30.61897317878901958465576171875" lon="103.986530117690563201904296875">
        <ele>495</ele>
        <time>2026-02-27T11:59:13.000Z</time>
        <extensions>
          <ns3:TrackPointExtension>
            <ns3:hr>150</ns3:hr>
            <ns3:cad>89</ns3:cad>
          </ns3:TrackPointExtension>
        </extensions>
      </trkpt>
      <trkpt lat="30.61897988431155681610107421875" lon="103.98655434139072895050048828125">
        <ele>495</ele>
        <time>2026-02-27T11:59:14.000Z</time>
        <extensions>
          <ns3:TrackPointExtension>
            <ns3:hr>149</ns3:hr>
            <ns3:cad>89</ns3:cad>
          </ns3:TrackPointExtension>
        </extensions>
      </trkpt>
      <trkpt lat="30.61898700892925262451171875" lon="103.986583761870861053466796875">
        <ele>495</ele>
        <time>2026-02-27T11:59:15.000Z</time>
        <extensions>
          <ns3:TrackPointExtension>
            <ns3:hr>150</ns3:hr>
            <ns3:cad>89</ns3:cad>
          </ns3:TrackPointExtension>
        </extensions>
      </trkpt>
      <trkpt lat="30.61899497173726558685302734375" lon="103.98660957813262939453125">
        <ele>495</ele>
        <time>2026-02-27T11:59:16.000Z</time>
        <extensions>
          <ns3:TrackPointExtension>
            <ns3:hr>150</ns3:hr>
            <ns3:cad>88</ns3:cad>
          </ns3:TrackPointExtension>
        </extensions>
      </trkpt>
      <trkpt lat="30.61900368891656398773193359375" lon="103.98663832806050777435302734375">
        <ele>495</ele>
        <time>2026-02-27T11:59:17.000Z</time>
        <extensions>
          <ns3:TrackPointExtension>
            <ns3:hr>150</ns3:hr>
            <ns3:cad>88</ns3:cad>
          </ns3:TrackPointExtension>
        </extensions>
      </trkpt>
      <trkpt lat="30.6190106458961963653564453125" lon="103.98667051456868648529052734375">
        <ele>495</ele>
        <time>2026-02-27T11:59:18.000Z</time>
        <extensions>
          <ns3:TrackPointExtension>
            <ns3:hr>150</ns3:hr>
            <ns3:cad>88</ns3:cad>
          </ns3:TrackPointExtension>
        </extensions>
      </trkpt>
      <trkpt lat="30.61902045272290706634521484375" lon="103.9866962470114231109619140625">
        <ele>494.79998779296875</ele>
        <time>2026-02-27T11:59:19.000Z</time>
        <extensions>
          <ns3:TrackPointExtension>
            <ns3:hr>150</ns3:hr>
            <ns3:cad>89</ns3:cad>
          </ns3:TrackPointExtension>
        </extensions>
      </trkpt>
      <trkpt lat="30.61903218738734722137451171875" lon="103.9867260865867137908935546875">
        <ele>494.79998779296875</ele>
        <time>2026-02-27T11:59:20.000Z</time>
        <extensions>
          <ns3:TrackPointExtension>
            <ns3:hr>150</ns3:hr>
            <ns3:cad>89</ns3:cad>
          </ns3:TrackPointExtension>
        </extensions>
      </trkpt>
      <trkpt lat="30.619044341146945953369140625" lon="103.98674863390624523162841796875">
        <ele>494.79998779296875</ele>
        <time>2026-02-27T11:59:21.000Z</time>
        <extensions>
          <ns3:TrackPointExtension>
            <ns3:hr>149</ns3:hr>
            <ns3:cad>89</ns3:cad>
          </ns3:TrackPointExtension>
        </extensions>
      </trkpt>
      <trkpt lat="30.61906135641038417816162109375" lon="103.986780233681201934814453125">
        <ele>494.79998779296875</ele>
        <time>2026-02-27T11:59:22.000Z</time>
        <extensions>
          <ns3:TrackPointExtension>
            <ns3:hr>150</ns3:hr>
            <ns3:cad>89</ns3:cad>
          </ns3:TrackPointExtension>
        </extensions>
      </trkpt>
      <trkpt lat="30.61906923539936542510986328125" lon="103.986807055771350860595703125">
        <ele>494.79998779296875</ele>
        <time>2026-02-27T11:59:23.000Z</time>
        <extensions>
          <ns3:TrackPointExtension>
            <ns3:hr>150</ns3:hr>
            <ns3:cad>87</ns3:cad>
          </ns3:TrackPointExtension>
        </extensions>
      </trkpt>
      <trkpt lat="30.61907912604510784149169921875" lon="103.98683697916567325592041015625">
        <ele>494.79998779296875</ele>
        <time>2026-02-27T11:59:24.000Z</time>
        <extensions>
          <ns3:TrackPointExtension>
            <ns3:hr>150</ns3:hr>
            <ns3:cad>87</ns3:cad>
          </ns3:TrackPointExtension>
        </extensions>
      </trkpt>
      <trkpt lat="30.61908851377665996551513671875" lon="103.98686061613261699676513671875">
        <ele>494.79998779296875</ele>
        <time>2026-02-27T11:59:25.000Z</time>
        <extensions>
          <ns3:TrackPointExtension>
            <ns3:hr>150</ns3:hr>
            <ns3:cad>87</ns3:cad>
          </ns3:TrackPointExtension>
        </extensions>
      </trkpt>
      <trkpt lat="30.6190984882414340972900390625" lon="103.986890874803066253662109375">
        <ele>494.79998779296875</ele>
        <time>2026-02-27T11:59:26.000Z</time>
        <extensions>
          <ns3:TrackPointExtension>
            <ns3:hr>149</ns3:hr>
            <ns3:cad>88</ns3:cad>
          </ns3:TrackPointExtension>
        </extensions>
      </trkpt>
      <trkpt lat="30.6191115640103816986083984375" lon="103.98691333830356597900390625">
        <ele>494.79998779296875</ele>
        <time>2026-02-27T11:59:27.000Z</time>
        <extensions>
          <ns3:TrackPointExtension>
            <ns3:hr>149</ns3:hr>
            <ns3:cad>89</ns3:cad>
          </ns3:TrackPointExtension>
        </extensions>
      </trkpt>
      <trkpt lat="30.61911852099001407623291015625" lon="103.98694259114563465118408203125">
        <ele>494.79998779296875</ele>
        <time>2026-02-27T11:59:28.000Z</time>
        <extensions>
          <ns3:TrackPointExtension>
            <ns3:hr>149</ns3:hr>
            <ns3:cad>89</ns3:cad>
          </ns3:TrackPointExtension>
        </extensions>
      </trkpt>
      <trkpt lat="30.61912916600704193115234375" lon="103.98696673102676868438720703125">
        <ele>494.79998779296875</ele>
        <time>2026-02-27T11:59:29.000Z</time>
        <extensions>
          <ns3:TrackPointExtension>
            <ns3:hr>149</ns3:hr>
            <ns3:cad>90</ns3:cad>
          </ns3:TrackPointExtension>
        </extensions>
      </trkpt>
      <trkpt lat="30.61913855373859405517578125" lon="103.9869969896972179412841796875">
        <ele>494.79998779296875</ele>
        <time>2026-02-27T11:59:30.000Z</time>
        <extensions>
          <ns3:TrackPointExtension>
            <ns3:hr>149</ns3:hr>
            <ns3:cad>90</ns3:cad>
          </ns3:TrackPointExtension>
        </extensions>
      </trkpt>
      <trkpt lat="30.6191541440784931182861328125" lon="103.98702171631157398223876953125">
        <ele>494.79998779296875</ele>
        <time>2026-02-27T11:59:31.000Z</time>
        <extensions>
          <ns3:TrackPointExtension>
            <ns3:hr>149</ns3:hr>
            <ns3:cad>90</ns3:cad>
          </ns3:TrackPointExtension>
        </extensions>
      </trkpt>
      <trkpt lat="30.61916495673358440399169921875" lon="103.9870533160865306854248046875">
        <ele>494.79998779296875</ele>
        <time>2026-02-27T11:59:32.000Z</time>
        <extensions>
          <ns3:TrackPointExtension>
            <ns3:hr>149</ns3:hr>
            <ns3:cad>88</ns3:cad>
          </ns3:TrackPointExtension>
        </extensions>
      </trkpt>
      <trkpt lat="30.61917769722640514373779296875" lon="103.98707586340606212615966796875">
        <ele>494.79998779296875</ele>
        <time>2026-02-27T11:59:33.000Z</time>
        <extensions>
          <ns3:TrackPointExtension>
            <ns3:hr>149</ns3:hr>
            <ns3:cad>88</ns3:cad>
          </ns3:TrackPointExtension>
        </extensions>
      </trkpt>
      <trkpt lat="30.6191875040531158447265625" lon="103.98710779845714569091796875">
        <ele>494.79998779296875</ele>
        <time>2026-02-27T11:59:34.000Z</time>
        <extensions>
          <ns3:TrackPointExtension>
            <ns3:hr>148</ns3:hr>
            <ns3:cad>88</ns3:cad>
          </ns3:TrackPointExtension>
        </extensions>
      </trkpt>
      <trkpt lat="30.61919881962239742279052734375" lon="103.98713302798569202423095703125">
        <ele>495</ele>
        <time>2026-02-27T11:59:35.000Z</time>
        <extensions>
          <ns3:TrackPointExtension>
            <ns3:hr>149</ns3:hr>
            <ns3:cad>88</ns3:cad>
          </ns3:TrackPointExtension>
        </extensions>
      </trkpt>
      <trkpt lat="30.61920292675495147705078125" lon="103.98716571740806102752685546875">
        <ele>495</ele>
        <time>2026-02-27T11:59:36.000Z</time>
        <extensions>
          <ns3:TrackPointExtension>
            <ns3:hr>149</ns3:hr>
            <ns3:cad>89</ns3:cad>
          </ns3:TrackPointExtension>
        </extensions>
      </trkpt>
      <trkpt lat="30.61921558342874050140380859375" lon="103.98719186894595623016357421875">
        <ele>495</ele>
        <time>2026-02-27T11:59:37.000Z</time>
        <extensions>
          <ns3:TrackPointExtension>
            <ns3:hr>149</ns3:hr>
            <ns3:cad>89</ns3:cad>
          </ns3:TrackPointExtension>
        </extensions>
      </trkpt>
      <trkpt lat="30.619226731359958648681640625" lon="103.9872202835977077484130859375">
        <ele>495</ele>
        <time>2026-02-27T11:59:38.000Z</time>
        <extensions>
          <ns3:TrackPointExtension>
            <ns3:hr>148</ns3:hr>
            <ns3:cad>88</ns3:cad>
          </ns3:TrackPointExtension>
        </extensions>
      </trkpt>
      <trkpt lat="30.61923402361571788787841796875" lon="103.98725070990622043609619140625">
        <ele>495</ele>
        <time>2026-02-27T11:59:39.000Z</time>
        <extensions>
          <ns3:TrackPointExtension>
            <ns3:hr>148</ns3:hr>
            <ns3:cad>87</ns3:cad>
          </ns3:TrackPointExtension>
        </extensions>
      </trkpt>
      <trkpt lat="30.6192460097372531890869140625" lon="103.98727736435830593109130859375">
        <ele>495</ele>
        <time>2026-02-27T11:59:40.000Z</time>
        <extensions>
          <ns3:TrackPointExtension>
            <ns3:hr>148</ns3:hr>
            <ns3:cad>87</ns3:cad>
          </ns3:TrackPointExtension>
        </extensions>
      </trkpt>
      <trkpt lat="30.6192513741552829742431640625" lon="103.98731256835162639617919921875">
        <ele>495</ele>
        <time>2026-02-27T11:59:41.000Z</time>
        <extensions>
          <ns3:TrackPointExtension>
            <ns3:hr>148</ns3:hr>
            <ns3:cad>87</ns3:cad>
          </ns3:TrackPointExtension>
        </extensions>
      </trkpt>
      <trkpt lat="30.6192634440958499908447265625" lon="103.98733855225145816802978515625">
        <ele>495</ele>
        <time>2026-02-27T11:59:42.000Z</time>
        <extensions>
          <ns3:TrackPointExtension>
            <ns3:hr>149</ns3:hr>
            <ns3:cad>88</ns3:cad>
          </ns3:TrackPointExtension>
        </extensions>
      </trkpt>
      <trkpt lat="30.61927626840770244598388671875" lon="103.98737325333058834075927734375">
        <ele>495</ele>
        <time>2026-02-27T11:59:43.000Z</time>
        <extensions>
          <ns3:TrackPointExtension>
            <ns3:hr>149</ns3:hr>
            <ns3:cad>88</ns3:cad>
          </ns3:TrackPointExtension>
        </extensions>
      </trkpt>
      <trkpt lat="30.61929085291922092437744140625" lon="103.9873973093926906585693359375">
        <ele>495</ele>
        <time>2026-02-27T11:59:44.000Z</time>
        <extensions>
          <ns3:TrackPointExtension>
            <ns3:hr>149</ns3:hr>
            <ns3:cad>88</ns3:cad>
          </ns3:TrackPointExtension>
        </extensions>
      </trkpt>
      <trkpt lat="30.6193023361265659332275390625" lon="103.98742773570120334625244140625">
        <ele>495</ele>
        <time>2026-02-27T11:59:45.000Z</time>
        <extensions>
          <ns3:TrackPointExtension>
            <ns3:hr>148</ns3:hr>
            <ns3:cad>88</ns3:cad>
          </ns3:TrackPointExtension>
        </extensions>
      </trkpt>
      <trkpt lat="30.61931264586746692657470703125" lon="103.987454809248447418212890625">
        <ele>495</ele>
        <time>2026-02-27T11:59:46.000Z</time>
        <extensions>
          <ns3:TrackPointExtension>
            <ns3:hr>148</ns3:hr>
            <ns3:cad>86</ns3:cad>
          </ns3:TrackPointExtension>
        </extensions>
      </trkpt>
      <trkpt lat="30.619311891496181488037109375" lon="103.98748892359435558319091796875">
        <ele>495</ele>
        <time>2026-02-27T11:59:47.000Z</time>
        <extensions>
          <ns3:TrackPointExtension>
            <ns3:hr>148</ns3:hr>
            <ns3:cad>86</ns3:cad>
          </ns3:TrackPointExtension>
        </extensions>
      </trkpt>
      <trkpt lat="30.61930174939334392547607421875" lon="103.98750803433358669281005859375">
        <ele>495</ele>
        <time>2026-02-27T11:59:48.000Z</time>
        <extensions>
          <ns3:TrackPointExtension>
            <ns3:hr>148</ns3:hr>
            <ns3:cad>87</ns3:cad>
          </ns3:TrackPointExtension>
        </extensions>
      </trkpt>
      <trkpt lat="30.6192895956337451934814453125" lon="103.9875277318060398101806640625">
        <ele>495</ele>
        <time>2026-02-27T11:59:49.000Z</time>
        <extensions>
          <ns3:TrackPointExtension>
            <ns3:hr>149</ns3:hr>
            <ns3:cad>88</ns3:cad>
          </ns3:TrackPointExtension>
        </extensions>
      </trkpt>
      <trkpt lat="30.6192792020738124847412109375" lon="103.987543992698192596435546875">
        <ele>495</ele>
        <time>2026-02-27T11:59:50.000Z</time>
        <extensions>
          <ns3:TrackPointExtension>
            <ns3:hr>148</ns3:hr>
            <ns3:cad>89</ns3:cad>
          </ns3:TrackPointExtension>
        </extensions>
      </trkpt>
      <trkpt lat="30.61927610076963901519775390625" lon="103.9875629357993602752685546875">
        <ele>495</ele>
        <time>2026-02-27T11:59:51.000Z</time>
        <extensions>
          <ns3:TrackPointExtension>
            <ns3:hr>148</ns3:hr>
            <ns3:cad>89</ns3:cad>
          </ns3:TrackPointExtension>
        </extensions>
      </trkpt>
      <trkpt lat="30.619278363883495330810546875" lon="103.98758514784276485443115234375">
        <ele>495</ele>
        <time>2026-02-27T11:59:52.000Z</time>
        <extensions>
          <ns3:TrackPointExtension>
            <ns3:hr>148</ns3:hr>
            <ns3:cad>88</ns3:cad>
          </ns3:TrackPointExtension>
        </extensions>
      </trkpt>
      <trkpt lat="30.61927576549351215362548828125" lon="103.98762286640703678131103515625">
        <ele>495</ele>
        <time>2026-02-27T11:59:53.000Z</time>
        <extensions>
          <ns3:TrackPointExtension>
            <ns3:hr>148</ns3:hr>
            <ns3:cad>88</ns3:cad>
          </ns3:TrackPointExtension>
        </extensions>
      </trkpt>
      <trkpt lat="30.61927174217998981475830078125" lon="103.987655974924564361572265625">
        <ele>495</ele>
        <time>2026-02-27T11:59:54.000Z</time>
        <extensions>
          <ns3:TrackPointExtension>
            <ns3:hr>149</ns3:hr>
            <ns3:cad>86</ns3:cad>
          </ns3:TrackPointExtension>
        </extensions>
      </trkpt>
      <trkpt lat="30.6192681379616260528564453125" lon="103.9876886643469333648681640625">
        <ele>495</ele>
        <time>2026-02-27T11:59:55.000Z</time>
        <extensions>
          <ns3:TrackPointExtension>
            <ns3:hr>149</ns3:hr>
            <ns3:cad>86</ns3:cad>
          </ns3:TrackPointExtension>
        </extensions>
      </trkpt>
      <trkpt lat="30.6192610971629619598388671875" lon="103.98771774955093860626220703125">
        <ele>495</ele>
        <time>2026-02-27T11:59:56.000Z</time>
        <extensions>
          <ns3:TrackPointExtension>
            <ns3:hr>149</ns3:hr>
            <ns3:cad>86</ns3:cad>
          </ns3:TrackPointExtension>
        </extensions>
      </trkpt>
      <trkpt lat="30.61924307607114315032958984375" lon="103.9877463318407535552978515625">
        <ele>495.20001220703125</ele>
        <time>2026-02-27T11:59:57.000Z</time>
        <extensions>
          <ns3:TrackPointExtension>
            <ns3:hr>149</ns3:hr>
            <ns3:cad>86</ns3:cad>
          </ns3:TrackPointExtension>
        </extensions>
      </trkpt>
      <trkpt lat="30.61922371387481689453125" lon="103.987759239971637725830078125">
        <ele>495.20001220703125</ele>
        <time>2026-02-27T11:59:58.000Z</time>
        <extensions>
          <ns3:TrackPointExtension>
            <ns3:hr>149</ns3:hr>
            <ns3:cad>88</ns3:cad>
          </ns3:TrackPointExtension>
        </extensions>
      </trkpt>
      <trkpt lat="30.6192037649452686309814453125" lon="103.98777139373123645782470703125">
        <ele>495.399993896484375</ele>
        <time>2026-02-27T11:59:59.000Z</time>
        <extensions>
          <ns3:TrackPointExtension>
            <ns3:hr>149</ns3:hr>
            <ns3:cad>88</ns3:cad>
          </ns3:TrackPointExtension>
        </extensions>
      </trkpt>
      <trkpt lat="30.61917920596897602081298828125" lon="103.9877835474908351898193359375">
        <ele>495.399993896484375</ele>
        <time>2026-02-27T12:00:00.000Z</time>
        <extensions>
          <ns3:TrackPointExtension>
            <ns3:hr>149</ns3:hr>
            <ns3:cad>88</ns3:cad>
          </ns3:TrackPointExtension>
        </extensions>
      </trkpt>
      <trkpt lat="30.61915422789752483367919921875" lon="103.9877993054687976837158203125">
        <ele>495.399993896484375</ele>
        <time>2026-02-27T12:00:01.000Z</time>
        <extensions>
          <ns3:TrackPointExtension>
            <ns3:hr>148</ns3:hr>
            <ns3:cad>89</ns3:cad>
          </ns3:TrackPointExtension>
        </extensions>
      </trkpt>
      <trkpt lat="30.6191289983689785003662109375" lon="103.98781447671353816986083984375">
        <ele>495.20001220703125</ele>
        <time>2026-02-27T12:00:02.000Z</time>
        <extensions>
          <ns3:TrackPointExtension>
            <ns3:hr>149</ns3:hr>
            <ns3:cad>89</ns3:cad>
          </ns3:TrackPointExtension>
        </extensions>
      </trkpt>
      <trkpt lat="30.61910812743008136749267578125" lon="103.98783526383340358734130859375">
        <ele>495.20001220703125</ele>
        <time>2026-02-27T12:00:03.000Z</time>
        <extensions>
          <ns3:TrackPointExtension>
            <ns3:hr>149</ns3:hr>
            <ns3:cad>90</ns3:cad>
          </ns3:TrackPointExtension>
        </extensions>
      </trkpt>
      <trkpt lat="30.61908264644443988800048828125" lon="103.98785211145877838134765625">
        <ele>495</ele>
        <time>2026-02-27T12:00:04.000Z</time>
        <extensions>
          <ns3:TrackPointExtension>
            <ns3:hr>149</ns3:hr>
            <ns3:cad>90</ns3:cad>
          </ns3:TrackPointExtension>
        </extensions>
      </trkpt>
      <trkpt lat="30.619056411087512969970703125" lon="103.98786443285644054412841796875">
        <ele>495</ele>
        <time>2026-02-27T12:00:05.000Z</time>
        <extensions>
          <ns3:TrackPointExtension>
            <ns3:hr>150</ns3:hr>
            <ns3:cad>90</ns3:cad>
          </ns3:TrackPointExtension>
        </extensions>
      </trkpt>
      <trkpt lat="30.61903352849185466766357421875" lon="103.9878677017986774444580078125">
        <ele>494.79998779296875</ele>
        <time>2026-02-27T12:00:06.000Z</time>
        <extensions>
          <ns3:TrackPointExtension>
            <ns3:hr>150</ns3:hr>
            <ns3:cad>90</ns3:cad>
          </ns3:TrackPointExtension>
        </extensions>
      </trkpt>
      <trkpt lat="30.61900804750621318817138671875" lon="103.98786946199834346771240234375">
        <ele>494.79998779296875</ele>
        <time>2026-02-27T12:00:07.000Z</time>
        <extensions>
          <ns3:TrackPointExtension>
            <ns3:hr>150</ns3:hr>
            <ns3:cad>89</ns3:cad>
          </ns3:TrackPointExtension>
        </extensions>
      </trkpt>
      <trkpt lat="30.618983320891857147216796875" lon="103.98786929436028003692626953125">
        <ele>494.79998779296875</ele>
        <time>2026-02-27T12:00:08.000Z</time>
        <extensions>
          <ns3:TrackPointExtension>
            <ns3:hr>150</ns3:hr>
            <ns3:cad>88</ns3:cad>
          </ns3:TrackPointExtension>
        </extensions>
      </trkpt>
      <trkpt lat="30.618953816592693328857421875" lon="103.98786820471286773681640625">
        <ele>494.79998779296875</ele>
        <time>2026-02-27T12:00:09.000Z</time>
        <extensions>
          <ns3:TrackPointExtension>
            <ns3:hr>150</ns3:hr>
            <ns3:cad>88</ns3:cad>
          </ns3:TrackPointExtension>
        </extensions>
      </trkpt>
      <trkpt lat="30.6189264915883541107177734375" lon="103.98786460049450397491455078125">
        <ele>494.79998779296875</ele>
        <time>2026-02-27T12:00:10.000Z</time>
        <extensions>
          <ns3:TrackPointExtension>
            <ns3:hr>151</ns3:hr>
            <ns3:cad>89</ns3:cad>
          </ns3:TrackPointExtension>
        </extensions>
      </trkpt>
      <trkpt lat="30.6188979931175708770751953125" lon="103.98785957135260105133056640625">
        <ele>494.79998779296875</ele>
        <time>2026-02-27T12:00:11.000Z</time>
        <extensions>
          <ns3:TrackPointExtension>
            <ns3:hr>150</ns3:hr>
            <ns3:cad>89</ns3:cad>
          </ns3:TrackPointExtension>
        </extensions>
      </trkpt>
      <trkpt lat="30.61887192539870738983154296875" lon="103.98784817196428775787353515625">
        <ele>494.79998779296875</ele>
        <time>2026-02-27T12:00:12.000Z</time>
        <extensions>
          <ns3:TrackPointExtension>
            <ns3:hr>150</ns3:hr>
            <ns3:cad>89</ns3:cad>
          </ns3:TrackPointExtension>
        </extensions>
      </trkpt>
      <trkpt lat="30.61884644441306591033935546875" lon="103.9878361858427524566650390625">
        <ele>494.79998779296875</ele>
        <time>2026-02-27T12:00:13.000Z</time>
        <extensions>
          <ns3:TrackPointExtension>
            <ns3:hr>150</ns3:hr>
            <ns3:cad>90</ns3:cad>
          </ns3:TrackPointExtension>
        </extensions>
      </trkpt>
      <trkpt lat="30.618824064731597900390625" lon="103.98781296797096729278564453125">
        <ele>494.79998779296875</ele>
        <time>2026-02-27T12:00:14.000Z</time>
        <extensions>
          <ns3:TrackPointExtension>
            <ns3:hr>150</ns3:hr>
            <ns3:cad>90</ns3:cad>
          </ns3:TrackPointExtension>
        </extensions>
      </trkpt>
      <trkpt lat="30.61880218796432018280029296875" lon="103.9877989701926708221435546875">
        <ele>495</ele>
        <time>2026-02-27T12:00:15.000Z</time>
        <extensions>
          <ns3:TrackPointExtension>
            <ns3:hr>150</ns3:hr>
            <ns3:cad>89</ns3:cad>
          </ns3:TrackPointExtension>
        </extensions>
      </trkpt>
      <trkpt lat="30.61878181993961334228515625" lon="103.98777432739734649658203125">
        <ele>495</ele>
        <time>2026-02-27T12:00:16.000Z</time>
        <extensions>
          <ns3:TrackPointExtension>
            <ns3:hr>150</ns3:hr>
            <ns3:cad>88</ns3:cad>
          </ns3:TrackPointExtension>
        </extensions>
      </trkpt>
      <trkpt lat="30.61876262538135051727294921875" lon="103.9877567254006862640380859375">
        <ele>495</ele>
        <time>2026-02-27T12:00:17.000Z</time>
        <extensions>
          <ns3:TrackPointExtension>
            <ns3:hr>150</ns3:hr>
            <ns3:cad>88</ns3:cad>
          </ns3:TrackPointExtension>
        </extensions>
      </trkpt>
      <trkpt lat="30.618745274841785430908203125" lon="103.98772202432155609130859375">
        <ele>495</ele>
        <time>2026-02-27T12:00:18.000Z</time>
        <extensions>
          <ns3:TrackPointExtension>
            <ns3:hr>150</ns3:hr>
            <ns3:cad>89</ns3:cad>
          </ns3:TrackPointExtension>
        </extensions>
      </trkpt>
      <trkpt lat="30.61873412691056728363037109375" lon="103.98769964464008808135986328125">
        <ele>495</ele>
        <time>2026-02-27T12:00:19.000Z</time>
        <extensions>
          <ns3:TrackPointExtension>
            <ns3:hr>150</ns3:hr>
            <ns3:cad>89</ns3:cad>
          </ns3:TrackPointExtension>
        </extensions>
      </trkpt>
      <trkpt lat="30.6187259964644908905029296875" lon="103.98766628466546535491943359375">
        <ele>495.20001220703125</ele>
        <time>2026-02-27T12:00:20.000Z</time>
        <extensions>
          <ns3:TrackPointExtension>
            <ns3:hr>150</ns3:hr>
            <ns3:cad>89</ns3:cad>
          </ns3:TrackPointExtension>
        </extensions>
      </trkpt>
      <trkpt lat="30.61871610581874847412109375" lon="103.98763912729918956756591796875">
        <ele>495.20001220703125</ele>
        <time>2026-02-27T12:00:21.000Z</time>
        <extensions>
          <ns3:TrackPointExtension>
            <ns3:hr>150</ns3:hr>
            <ns3:cad>89</ns3:cad>
          </ns3:TrackPointExtension>
        </extensions>
      </trkpt>
      <trkpt lat="30.6187068857252597808837890625" lon="103.98760643787682056427001953125">
        <ele>495.20001220703125</ele>
        <time>2026-02-27T12:00:22.000Z</time>
        <extensions>
          <ns3:TrackPointExtension>
            <ns3:hr>150</ns3:hr>
            <ns3:cad>88</ns3:cad>
          </ns3:TrackPointExtension>
        </extensions>
      </trkpt>
      <trkpt lat="30.618692971765995025634765625" lon="103.98758531548082828521728515625">
        <ele>495.20001220703125</ele>
        <time>2026-02-27T12:00:23.000Z</time>
        <extensions>
          <ns3:TrackPointExtension>
            <ns3:hr>150</ns3:hr>
            <ns3:cad>88</ns3:cad>
          </ns3:TrackPointExtension>
        </extensions>
      </trkpt>
      <trkpt lat="30.61868123710155487060546875" lon="103.98755036294460296630859375">
        <ele>495.20001220703125</ele>
        <time>2026-02-27T12:00:24.000Z</time>
        <extensions>
          <ns3:TrackPointExtension>
            <ns3:hr>150</ns3:hr>
            <ns3:cad>88</ns3:cad>
          </ns3:TrackPointExtension>
        </extensions>
      </trkpt>
      <trkpt lat="30.61867260374128818511962890625" lon="103.98752530105412006378173828125">
        <ele>495.20001220703125</ele>
        <time>2026-02-27T12:00:25.000Z</time>
        <extensions>
          <ns3:TrackPointExtension>
            <ns3:hr>150</ns3:hr>
            <ns3:cad>89</ns3:cad>
          </ns3:TrackPointExtension>
        </extensions>
      </trkpt>
      <trkpt lat="30.6186679936945438385009765625" lon="103.9874911867082118988037109375">
        <ele>495.399993896484375</ele>
        <time>2026-02-27T12:00:26.000Z</time>
        <extensions>
          <ns3:TrackPointExtension>
            <ns3:hr>150</ns3:hr>
            <ns3:cad>89</ns3:cad>
          </ns3:TrackPointExtension>
        </extensions>
      </trkpt>
      <trkpt lat="30.6186616234481334686279296875" lon="103.98746361024677753448486328125">
        <ele>495.399993896484375</ele>
        <time>2026-02-27T12:00:27.000Z</time>
        <extensions>
          <ns3:TrackPointExtension>
            <ns3:hr>151</ns3:hr>
            <ns3:cad>90</ns3:cad>
          </ns3:TrackPointExtension>
        </extensions>
      </trkpt>
      <trkpt lat="30.6186559237539768218994140625" lon="103.987429328262805938720703125">
        <ele>495.399993896484375</ele>
        <time>2026-02-27T12:00:28.000Z</time>
        <extensions>
          <ns3:TrackPointExtension>
            <ns3:hr>150</ns3:hr>
            <ns3:cad>89</ns3:cad>
          </ns3:TrackPointExtension>
        </extensions>
      </trkpt>
      <trkpt lat="30.61864368617534637451171875" lon="103.98740510456264019012451171875">
        <ele>495.399993896484375</ele>
        <time>2026-02-27T12:00:29.000Z</time>
        <extensions>
          <ns3:TrackPointExtension>
            <ns3:hr>150</ns3:hr>
            <ns3:cad>89</ns3:cad>
          </ns3:TrackPointExtension>
        </extensions>
      </trkpt>
      <trkpt lat="30.6186351366341114044189453125" lon="103.98737375624477863311767578125">
        <ele>495.399993896484375</ele>
        <time>2026-02-27T12:00:30.000Z</time>
        <extensions>
          <ns3:TrackPointExtension>
            <ns3:hr>150</ns3:hr>
            <ns3:cad>88</ns3:cad>
          </ns3:TrackPointExtension>
        </extensions>
      </trkpt>
      <trkpt lat="30.61862214468419551849365234375" lon="103.9873540587723255157470703125">
        <ele>495.399993896484375</ele>
        <time>2026-02-27T12:00:31.000Z</time>
        <extensions>
          <ns3:TrackPointExtension>
            <ns3:hr>150</ns3:hr>
            <ns3:cad>88</ns3:cad>
          </ns3:TrackPointExtension>
        </extensions>
      </trkpt>
      <trkpt lat="30.61860487796366214752197265625" lon="103.9873289130628108978271484375">
        <ele>495.399993896484375</ele>
        <time>2026-02-27T12:00:32.000Z</time>
        <extensions>
          <ns3:TrackPointExtension>
            <ns3:hr>150</ns3:hr>
            <ns3:cad>88</ns3:cad>
          </ns3:TrackPointExtension>
        </extensions>
      </trkpt>
      <trkpt lat="30.6185881979763507843017578125" lon="103.9873108081519603729248046875">
        <ele>495.600006103515625</ele>
        <time>2026-02-27T12:00:33.000Z</time>
        <extensions>
          <ns3:TrackPointExtension>
            <ns3:hr>150</ns3:hr>
            <ns3:cad>90</ns3:cad>
          </ns3:TrackPointExtension>
        </extensions>
      </trkpt>
      <trkpt lat="30.61856732703745365142822265625" lon="103.9872866682708263397216796875">
        <ele>495.600006103515625</ele>
        <time>2026-02-27T12:00:34.000Z</time>
        <extensions>
          <ns3:TrackPointExtension>
            <ns3:hr>150</ns3:hr>
            <ns3:cad>90</ns3:cad>
          </ns3:TrackPointExtension>
        </extensions>
      </trkpt>
      <trkpt lat="30.61854821629822254180908203125" lon="103.9872672222554683685302734375">
        <ele>495.600006103515625</ele>
        <time>2026-02-27T12:00:35.000Z</time>
        <extensions>
          <ns3:TrackPointExtension>
            <ns3:hr>151</ns3:hr>
            <ns3:cad>90</ns3:cad>
          </ns3:TrackPointExtension>
        </extensions>
      </trkpt>
      <trkpt lat="30.61852860264480113983154296875" lon="103.9872467704117298126220703125">
        <ele>495.600006103515625</ele>
        <time>2026-02-27T12:00:36.000Z</time>
        <extensions>
          <ns3:TrackPointExtension>
            <ns3:hr>150</ns3:hr>
            <ns3:cad>89</ns3:cad>
          </ns3:TrackPointExtension>
        </extensions>
      </trkpt>
      <trkpt lat="30.6185062229633331298828125" lon="103.987234532833099365234375">
        <ele>495.600006103515625</ele>
        <time>2026-02-27T12:00:37.000Z</time>
        <extensions>
          <ns3:TrackPointExtension>
            <ns3:hr>151</ns3:hr>
            <ns3:cad>88</ns3:cad>
          </ns3:TrackPointExtension>
        </extensions>
      </trkpt>
      <trkpt lat="30.61848342418670654296875" lon="103.98721550591289997100830078125">
        <ele>495.600006103515625</ele>
        <time>2026-02-27T12:00:38.000Z</time>
        <extensions>
          <ns3:TrackPointExtension>
            <ns3:hr>151</ns3:hr>
            <ns3:cad>88</ns3:cad>
          </ns3:TrackPointExtension>
        </extensions>
      </trkpt>
      <trkpt lat="30.61846590600907802581787109375" lon="103.98720913566648960113525390625">
        <ele>495.600006103515625</ele>
        <time>2026-02-27T12:00:39.000Z</time>
        <extensions>
          <ns3:TrackPointExtension>
            <ns3:hr>151</ns3:hr>
            <ns3:cad>88</ns3:cad>
          </ns3:TrackPointExtension>
        </extensions>
      </trkpt>
      <trkpt lat="30.618442185223102569580078125" lon="103.9871954731643199920654296875">
        <ele>495.600006103515625</ele>
        <time>2026-02-27T12:00:40.000Z</time>
        <extensions>
          <ns3:TrackPointExtension>
            <ns3:hr>151</ns3:hr>
            <ns3:cad>89</ns3:cad>
          </ns3:TrackPointExtension>
        </extensions>
      </trkpt>
      <trkpt lat="30.6184185482561588287353515625" lon="103.987192623317241668701171875">
        <ele>495.600006103515625</ele>
        <time>2026-02-27T12:00:41.000Z</time>
        <extensions>
          <ns3:TrackPointExtension>
            <ns3:hr>151</ns3:hr>
            <ns3:cad>89</ns3:cad>
          </ns3:TrackPointExtension>
        </extensions>
      </trkpt>
      <trkpt lat="30.61839197762310504913330078125" lon="103.98718801327049732208251953125">
        <ele>495.600006103515625</ele>
        <time>2026-02-27T12:00:42.000Z</time>
        <extensions>
          <ns3:TrackPointExtension>
            <ns3:hr>150</ns3:hr>
            <ns3:cad>90</ns3:cad>
          </ns3:TrackPointExtension>
        </extensions>
      </trkpt>
      <trkpt lat="30.61837236396968364715576171875" lon="103.98719103075563907623291015625">
        <ele>495.79998779296875</ele>
        <time>2026-02-27T12:00:43.000Z</time>
        <extensions>
          <ns3:TrackPointExtension>
            <ns3:hr>150</ns3:hr>
            <ns3:cad>91</ns3:cad>
          </ns3:TrackPointExtension>
        </extensions>
      </trkpt>
      <trkpt lat="30.61833950690925121307373046875" lon="103.98718692362308502197265625">
        <ele>495.79998779296875</ele>
        <time>2026-02-27T12:00:44.000Z</time>
        <extensions>
          <ns3:TrackPointExtension>
            <ns3:hr>150</ns3:hr>
            <ns3:cad>91</ns3:cad>
          </ns3:TrackPointExtension>
        </extensions>
      </trkpt>
      <trkpt lat="30.61831721104681491851806640625" lon="103.98718868382275104522705078125">
        <ele>495.79998779296875</ele>
        <time>2026-02-27T12:00:45.000Z</time>
        <extensions>
          <ns3:TrackPointExtension>
            <ns3:hr>149</ns3:hr>
            <ns3:cad>90</ns3:cad>
          </ns3:TrackPointExtension>
        </extensions>
      </trkpt>
      <trkpt lat="30.61829139478504657745361328125" lon="103.987186588346958160400390625">
        <ele>495.79998779296875</ele>
        <time>2026-02-27T12:00:46.000Z</time>
        <extensions>
          <ns3:TrackPointExtension>
            <ns3:hr>147</ns3:hr>
            <ns3:cad>90</ns3:cad>
          </ns3:TrackPointExtension>
        </extensions>
      </trkpt>
      <trkpt lat="30.61826742254197597503662109375" lon="103.98719153366982936859130859375">
        <ele>495.79998779296875</ele>
        <time>2026-02-27T12:00:47.000Z</time>
        <extensions>
          <ns3:TrackPointExtension>
            <ns3:hr>146</ns3:hr>
            <ns3:cad>90</ns3:cad>
          </ns3:TrackPointExtension>
        </extensions>
      </trkpt>
      <trkpt lat="30.6182401813566684722900390625" lon="103.987200669944286346435546875">
        <ele>495.79998779296875</ele>
        <time>2026-02-27T12:00:48.000Z</time>
        <extensions>
          <ns3:TrackPointExtension>
            <ns3:hr>146</ns3:hr>
            <ns3:cad>89</ns3:cad>
          </ns3:TrackPointExtension>
        </extensions>
      </trkpt>
      <trkpt lat="30.6182210706174373626708984375" lon="103.98721642792224884033203125">
        <ele>495.79998779296875</ele>
        <time>2026-02-27T12:00:49.000Z</time>
        <extensions>
          <ns3:TrackPointExtension>
            <ns3:hr>145</ns3:hr>
            <ns3:cad>90</ns3:cad>
          </ns3:TrackPointExtension>
        </extensions>
      </trkpt>
      <trkpt lat="30.6181952543556690216064453125" lon="103.98723386228084564208984375">
        <ele>495.79998779296875</ele>
        <time>2026-02-27T12:00:50.000Z</time>
        <extensions>
          <ns3:TrackPointExtension>
            <ns3:hr>146</ns3:hr>
            <ns3:cad>90</ns3:cad>
          </ns3:TrackPointExtension>
        </extensions>
      </trkpt>
      <trkpt lat="30.6181758083403110504150390625" lon="103.9872524701058864593505859375">
        <ele>495.79998779296875</ele>
        <time>2026-02-27T12:00:51.000Z</time>
        <extensions>
          <ns3:TrackPointExtension>
            <ns3:hr>146</ns3:hr>
            <ns3:cad>90</ns3:cad>
          </ns3:TrackPointExtension>
        </extensions>
      </trkpt>
      <trkpt lat="30.61815225519239902496337890625" lon="103.9872685633599758148193359375">
        <ele>496</ele>
        <time>2026-02-27T12:00:52.000Z</time>
        <extensions>
          <ns3:TrackPointExtension>
            <ns3:hr>146</ns3:hr>
            <ns3:cad>89</ns3:cad>
          </ns3:TrackPointExtension>
        </extensions>
      </trkpt>
      <trkpt lat="30.61813540756702423095703125" lon="103.98728272877633571624755859375">
        <ele>496</ele>
        <time>2026-02-27T12:00:53.000Z</time>
        <extensions>
          <ns3:TrackPointExtension>
            <ns3:hr>146</ns3:hr>
            <ns3:cad>89</ns3:cad>
          </ns3:TrackPointExtension>
        </extensions>
      </trkpt>
      <trkpt lat="30.61811788938939571380615234375" lon="103.9873015880584716796875">
        <ele>496.20001220703125</ele>
        <time>2026-02-27T12:00:54.000Z</time>
        <extensions>
          <ns3:TrackPointExtension>
            <ns3:hr>146</ns3:hr>
            <ns3:cad>89</ns3:cad>
          </ns3:TrackPointExtension>
        </extensions>
      </trkpt>
      <trkpt lat="30.618105232715606689453125" lon="103.9873212017118930816650390625">
        <ele>496.399993896484375</ele>
        <time>2026-02-27T12:00:55.000Z</time>
        <extensions>
          <ns3:TrackPointExtension>
            <ns3:hr>146</ns3:hr>
            <ns3:cad>89</ns3:cad>
          </ns3:TrackPointExtension>
        </extensions>
      </trkpt>
      <trkpt lat="30.618090145289897918701171875" lon="103.987343497574329376220703125">
        <ele>496.600006103515625</ele>
        <time>2026-02-27T12:00:56.000Z</time>
        <extensions>
          <ns3:TrackPointExtension>
            <ns3:hr>146</ns3:hr>
            <ns3:cad>89</ns3:cad>
          </ns3:TrackPointExtension>
        </extensions>
      </trkpt>
      <trkpt lat="30.6180762313306331634521484375" lon="103.98736520670354366302490234375">
        <ele>496.79998779296875</ele>
        <time>2026-02-27T12:00:57.000Z</time>
        <extensions>
          <ns3:TrackPointExtension>
            <ns3:hr>147</ns3:hr>
            <ns3:cad>89</ns3:cad>
          </ns3:TrackPointExtension>
        </extensions>
      </trkpt>
      <trkpt lat="30.61806759797036647796630859375" lon="103.98738968186080455780029296875">
        <ele>497</ele>
        <time>2026-02-27T12:00:58.000Z</time>
        <extensions>
          <ns3:TrackPointExtension>
            <ns3:hr>147</ns3:hr>
            <ns3:cad>89</ns3:cad>
          </ns3:TrackPointExtension>
        </extensions>
      </trkpt>
      <trkpt lat="30.61806164681911468505859375" lon="103.98740828968584537506103515625">
        <ele>497.20001220703125</ele>
        <time>2026-02-27T12:00:59.000Z</time>
        <extensions>
          <ns3:TrackPointExtension>
            <ns3:hr>147</ns3:hr>
            <ns3:cad>89</ns3:cad>
          </ns3:TrackPointExtension>
        </extensions>
      </trkpt>
      <trkpt lat="30.61805485747754573822021484375" lon="103.987429998815059661865234375">
        <ele>497.399993896484375</ele>
        <time>2026-02-27T12:01:00.000Z</time>
        <extensions>
          <ns3:TrackPointExtension>
            <ns3:hr>148</ns3:hr>
            <ns3:cad>88</ns3:cad>
          </ns3:TrackPointExtension>
        </extensions>
      </trkpt>
      <trkpt lat="30.618046224117279052734375" lon="103.98745103739202022552490234375">
        <ele>497.600006103515625</ele>
        <time>2026-02-27T12:01:01.000Z</time>
        <extensions>
          <ns3:TrackPointExtension>
            <ns3:hr>149</ns3:hr>
            <ns3:cad>88</ns3:cad>
          </ns3:TrackPointExtension>
        </extensions>
      </trkpt>
      <trkpt lat="30.61804077588021755218505859375" lon="103.9874700643122196197509765625">
        <ele>498</ele>
        <time>2026-02-27T12:01:02.000Z</time>
        <extensions>
          <ns3:TrackPointExtension>
            <ns3:hr>150</ns3:hr>
            <ns3:cad>89</ns3:cad>
          </ns3:TrackPointExtension>
        </extensions>
      </trkpt>
      <trkpt lat="30.61803138814866542816162109375" lon="103.9874921925365924835205078125">
        <ele>498.20001220703125</ele>
        <time>2026-02-27T12:01:03.000Z</time>
        <extensions>
          <ns3:TrackPointExtension>
            <ns3:hr>150</ns3:hr>
            <ns3:cad>89</ns3:cad>
          </ns3:TrackPointExtension>
        </extensions>
      </trkpt>
      <trkpt lat="30.61802853830158710479736328125" lon="103.98751281201839447021484375">
        <ele>498.399993896484375</ele>
        <time>2026-02-27T12:01:04.000Z</time>
        <extensions>
          <ns3:TrackPointExtension>
            <ns3:hr>151</ns3:hr>
            <ns3:cad>89</ns3:cad>
          </ns3:TrackPointExtension>
        </extensions>
      </trkpt>
      <trkpt lat="30.618022419512271881103515625" lon="103.987535946071147918701171875">
        <ele>498.79998779296875</ele>
        <time>2026-02-27T12:01:05.000Z</time>
        <extensions>
          <ns3:TrackPointExtension>
            <ns3:hr>151</ns3:hr>
            <ns3:cad>88</ns3:cad>
          </ns3:TrackPointExtension>
        </extensions>
      </trkpt>
      <trkpt lat="30.61801730655133724212646484375" lon="103.9875545538961887359619140625">
        <ele>499</ele>
        <time>2026-02-27T12:01:06.000Z</time>
        <extensions>
          <ns3:TrackPointExtension>
            <ns3:hr>151</ns3:hr>
            <ns3:cad>86</ns3:cad>
          </ns3:TrackPointExtension>
        </extensions>
      </trkpt>
      <trkpt lat="30.61800523661077022552490234375" lon="103.98758531548082828521728515625">
        <ele>499.20001220703125</ele>
        <time>2026-02-27T12:01:07.000Z</time>
        <extensions>
          <ns3:TrackPointExtension>
            <ns3:hr>151</ns3:hr>
            <ns3:cad>86</ns3:cad>
          </ns3:TrackPointExtension>
        </extensions>
      </trkpt>
      <trkpt lat="30.61799635179340839385986328125" lon="103.98761046119034290313720703125">
        <ele>499.600006103515625</ele>
        <time>2026-02-27T12:01:08.000Z</time>
        <extensions>
          <ns3:TrackPointExtension>
            <ns3:hr>152</ns3:hr>
            <ns3:cad>87</ns3:cad>
          </ns3:TrackPointExtension>
        </extensions>
      </trkpt>
      <trkpt lat="30.61797891743481159210205078125" lon="103.9876440726220607757568359375">
        <ele>499.600006103515625</ele>
        <time>2026-02-27T12:01:09.000Z</time>
        <extensions>
          <ns3:TrackPointExtension>
            <ns3:hr>151</ns3:hr>
            <ns3:cad>87</ns3:cad>
          </ns3:TrackPointExtension>
        </extensions>
      </trkpt>
      <trkpt lat="30.61797271482646465301513671875" lon="103.98766930215060710906982421875">
        <ele>499.79998779296875</ele>
        <time>2026-02-27T12:01:10.000Z</time>
        <extensions>
          <ns3:TrackPointExtension>
            <ns3:hr>151</ns3:hr>
            <ns3:cad>88</ns3:cad>
          </ns3:TrackPointExtension>
        </extensions>
      </trkpt>
      <trkpt lat="30.61796014197170734405517578125" lon="103.98769679479300975799560546875">
        <ele>500</ele>
        <time>2026-02-27T12:01:11.000Z</time>
        <extensions>
          <ns3:TrackPointExtension>
            <ns3:hr>152</ns3:hr>
            <ns3:cad>89</ns3:cad>
          </ns3:TrackPointExtension>
        </extensions>
      </trkpt>
      <trkpt lat="30.6179508380591869354248046875" lon="103.98772227577865123748779296875">
        <ele>500</ele>
        <time>2026-02-27T12:01:12.000Z</time>
        <extensions>
          <ns3:TrackPointExtension>
            <ns3:hr>152</ns3:hr>
            <ns3:cad>89</ns3:cad>
          </ns3:TrackPointExtension>
        </extensions>
      </trkpt>
      <trkpt lat="30.6179404444992542266845703125" lon="103.987751863896846771240234375">
        <ele>500</ele>
        <time>2026-02-27T12:01:13.000Z</time>
        <extensions>
          <ns3:TrackPointExtension>
            <ns3:hr>152</ns3:hr>
            <ns3:cad>90</ns3:cad>
          </ns3:TrackPointExtension>
        </extensions>
      </trkpt>
      <trkpt lat="30.61792979948222637176513671875" lon="103.9877776801586151123046875">
        <ele>499.79998779296875</ele>
        <time>2026-02-27T12:01:14.000Z</time>
        <extensions>
          <ns3:TrackPointExtension>
            <ns3:hr>152</ns3:hr>
            <ns3:cad>90</ns3:cad>
          </ns3:TrackPointExtension>
        </extensions>
      </trkpt>
      <trkpt lat="30.6179149635136127471923828125" lon="103.987803161144256591796875">
        <ele>499.79998779296875</ele>
        <time>2026-02-27T12:01:15.000Z</time>
        <extensions>
          <ns3:TrackPointExtension>
            <ns3:hr>153</ns3:hr>
            <ns3:cad>89</ns3:cad>
          </ns3:TrackPointExtension>
        </extensions>
      </trkpt>
      <trkpt lat="30.6178968586027622222900390625" lon="103.987823612987995147705078125">
        <ele>499.79998779296875</ele>
        <time>2026-02-27T12:01:16.000Z</time>
        <extensions>
          <ns3:TrackPointExtension>
            <ns3:hr>152</ns3:hr>
            <ns3:cad>89</ns3:cad>
          </ns3:TrackPointExtension>
        </extensions>
      </trkpt>
      <trkpt lat="30.6178800947964191436767578125" lon="103.98784364573657512664794921875">
        <ele>499.79998779296875</ele>
        <time>2026-02-27T12:01:17.000Z</time>
        <extensions>
          <ns3:TrackPointExtension>
            <ns3:hr>152</ns3:hr>
            <ns3:cad>89</ns3:cad>
          </ns3:TrackPointExtension>
        </extensions>
      </trkpt>
      <trkpt lat="30.6178598105907440185546875" lon="103.98786284029483795166015625">
        <ele>499.79998779296875</ele>
        <time>2026-02-27T12:01:18.000Z</time>
        <extensions>
          <ns3:TrackPointExtension>
            <ns3:hr>152</ns3:hr>
            <ns3:cad>89</ns3:cad>
          </ns3:TrackPointExtension>
        </extensions>
      </trkpt>
      <trkpt lat="30.61784095130860805511474609375" lon="103.98788086138665676116943359375">
        <ele>499.79998779296875</ele>
        <time>2026-02-27T12:01:19.000Z</time>
        <extensions>
          <ns3:TrackPointExtension>
            <ns3:hr>153</ns3:hr>
            <ns3:cad>89</ns3:cad>
          </ns3:TrackPointExtension>
        </extensions>
      </trkpt>
      <trkpt lat="30.61782117001712322235107421875" lon="103.9878978766500949859619140625">
        <ele>500</ele>
        <time>2026-02-27T12:01:20.000Z</time>
        <extensions>
          <ns3:TrackPointExtension>
            <ns3:hr>153</ns3:hr>
            <ns3:cad>89</ns3:cad>
          </ns3:TrackPointExtension>
        </extensions>
      </trkpt>
      <trkpt lat="30.6177972815930843353271484375" lon="103.9879146404564380645751953125">
        <ele>500</ele>
        <time>2026-02-27T12:01:21.000Z</time>
        <extensions>
          <ns3:TrackPointExtension>
            <ns3:hr>153</ns3:hr>
            <ns3:cad>88</ns3:cad>
          </ns3:TrackPointExtension>
        </extensions>
      </trkpt>
      <trkpt lat="30.6177738122642040252685546875" lon="103.98792612366378307342529296875">
        <ele>500</ele>
        <time>2026-02-27T12:01:22.000Z</time>
        <extensions>
          <ns3:TrackPointExtension>
            <ns3:hr>153</ns3:hr>
            <ns3:cad>88</ns3:cad>
          </ns3:TrackPointExtension>
        </extensions>
      </trkpt>
      <trkpt lat="30.61775076203048229217529296875" lon="103.98793869651854038238525390625">
        <ele>500</ele>
        <time>2026-02-27T12:01:23.000Z</time>
        <extensions>
          <ns3:TrackPointExtension>
            <ns3:hr>153</ns3:hr>
            <ns3:cad>88</ns3:cad>
          </ns3:TrackPointExtension>
        </extensions>
      </trkpt>
      <trkpt lat="30.6177288852632045745849609375" lon="103.9879495091736316680908203125">
        <ele>499.79998779296875</ele>
        <time>2026-02-27T12:01:24.000Z</time>
        <extensions>
          <ns3:TrackPointExtension>
            <ns3:hr>153</ns3:hr>
            <ns3:cad>88</ns3:cad>
          </ns3:TrackPointExtension>
        </extensions>
      </trkpt>
      <trkpt lat="30.617706589400768280029296875" lon="103.9879555441439151763916015625">
        <ele>499.79998779296875</ele>
        <time>2026-02-27T12:01:25.000Z</time>
        <extensions>
          <ns3:TrackPointExtension>
            <ns3:hr>154</ns3:hr>
            <ns3:cad>89</ns3:cad>
          </ns3:TrackPointExtension>
        </extensions>
      </trkpt>
      <trkpt lat="30.6176795996725559234619140625" lon="103.98795864544808864593505859375">
        <ele>499.600006103515625</ele>
        <time>2026-02-27T12:01:26.000Z</time>
        <extensions>
          <ns3:TrackPointExtension>
            <ns3:hr>154</ns3:hr>
            <ns3:cad>90</ns3:cad>
          </ns3:TrackPointExtension>
        </extensions>
      </trkpt>
      <trkpt lat="30.61765336431562900543212890625" lon="103.98796518333256244659423828125">
        <ele>499.399993896484375</ele>
        <time>2026-02-27T12:01:27.000Z</time>
        <extensions>
          <ns3:TrackPointExtension>
            <ns3:hr>154</ns3:hr>
            <ns3:cad>90</ns3:cad>
          </ns3:TrackPointExtension>
        </extensions>
      </trkpt>
      <trkpt lat="30.61762570403516292572021484375" lon="103.987975157797336578369140625">
        <ele>499.20001220703125</ele>
        <time>2026-02-27T12:01:28.000Z</time>
        <extensions>
          <ns3:TrackPointExtension>
            <ns3:hr>154</ns3:hr>
            <ns3:cad>89</ns3:cad>
          </ns3:TrackPointExtension>
        </extensions>
      </trkpt>
      <trkpt lat="30.61760164797306060791015625" lon="103.98798580281436443328857421875">
        <ele>499</ele>
        <time>2026-02-27T12:01:29.000Z</time>
        <extensions>
          <ns3:TrackPointExtension>
            <ns3:hr>154</ns3:hr>
            <ns3:cad>89</ns3:cad>
          </ns3:TrackPointExtension>
        </extensions>
      </trkpt>
      <trkpt lat="30.61757490970194339752197265625" lon="103.98799586109817028045654296875">
        <ele>498.600006103515625</ele>
        <time>2026-02-27T12:01:30.000Z</time>
        <extensions>
          <ns3:TrackPointExtension>
            <ns3:hr>154</ns3:hr>
            <ns3:cad>89</ns3:cad>
          </ns3:TrackPointExtension>
        </extensions>
      </trkpt>
      <trkpt lat="30.61755127273499965667724609375" lon="103.9880179055035114288330078125">
        <ele>498.399993896484375</ele>
        <time>2026-02-27T12:01:31.000Z</time>
        <extensions>
          <ns3:TrackPointExtension>
            <ns3:hr>154</ns3:hr>
            <ns3:cad>89</ns3:cad>
          </ns3:TrackPointExtension>
        </extensions>
      </trkpt>
      <trkpt lat="30.6175220198929309844970703125" lon="103.9880400337278842926025390625">
        <ele>498</ele>
        <time>2026-02-27T12:01:32.000Z</time>
        <extensions>
          <ns3:TrackPointExtension>
            <ns3:hr>154</ns3:hr>
            <ns3:cad>89</ns3:cad>
          </ns3:TrackPointExtension>
        </extensions>
      </trkpt>
      <trkpt lat="30.6175012327730655670166015625" lon="103.988063335418701171875">
        <ele>497.79998779296875</ele>
        <time>2026-02-27T12:01:33.000Z</time>
        <extensions>
          <ns3:TrackPointExtension>
            <ns3:hr>154</ns3:hr>
            <ns3:cad>91</ns3:cad>
          </ns3:TrackPointExtension>
        </extensions>
      </trkpt>
      <trkpt lat="30.61747935600578784942626953125" lon="103.9880943484604358673095703125">
        <ele>497.399993896484375</ele>
        <time>2026-02-27T12:01:34.000Z</time>
        <extensions>
          <ns3:TrackPointExtension>
            <ns3:hr>154</ns3:hr>
            <ns3:cad>91</ns3:cad>
          </ns3:TrackPointExtension>
        </extensions>
      </trkpt>
      <trkpt lat="30.6174703873693943023681640625" lon="103.98812578059732913970947265625">
        <ele>497.20001220703125</ele>
        <time>2026-02-27T12:01:35.000Z</time>
        <extensions>
          <ns3:TrackPointExtension>
            <ns3:hr>154</ns3:hr>
            <ns3:cad>89</ns3:cad>
          </ns3:TrackPointExtension>
        </extensions>
      </trkpt>
      <trkpt lat="30.61746393330395221710205078125" lon="103.98816802538931369781494140625">
        <ele>496.79998779296875</ele>
        <time>2026-02-27T12:01:36.000Z</time>
        <extensions>
          <ns3:TrackPointExtension>
            <ns3:hr>154</ns3:hr>
            <ns3:cad>88</ns3:cad>
          </ns3:TrackPointExtension>
        </extensions>
      </trkpt>
      <trkpt lat="30.6174596585333347320556640625" lon="103.9882090128958225250244140625">
        <ele>496.600006103515625</ele>
        <time>2026-02-27T12:01:37.000Z</time>
        <extensions>
          <ns3:TrackPointExtension>
            <ns3:hr>154</ns3:hr>
            <ns3:cad>88</ns3:cad>
          </ns3:TrackPointExtension>
        </extensions>
      </trkpt>
      <trkpt lat="30.61746309511363506317138671875" lon="103.98824798874557018280029296875">
        <ele>496.399993896484375</ele>
        <time>2026-02-27T12:01:38.000Z</time>
        <extensions>
          <ns3:TrackPointExtension>
            <ns3:hr>154</ns3:hr>
            <ns3:cad>88</ns3:cad>
          </ns3:TrackPointExtension>
        </extensions>
      </trkpt>
      <trkpt lat="30.61746812425553798675537109375" lon="103.988278247416019439697265625">
        <ele>496.20001220703125</ele>
        <time>2026-02-27T12:01:39.000Z</time>
        <extensions>
          <ns3:TrackPointExtension>
            <ns3:hr>154</ns3:hr>
            <ns3:cad>89</ns3:cad>
          </ns3:TrackPointExtension>
        </extensions>
      </trkpt>
      <trkpt lat="30.61747583560645580291748046875" lon="103.98830967955291271209716796875">
        <ele>496.20001220703125</ele>
        <time>2026-02-27T12:01:40.000Z</time>
        <extensions>
          <ns3:TrackPointExtension>
            <ns3:hr>154</ns3:hr>
            <ns3:cad>89</ns3:cad>
          </ns3:TrackPointExtension>
        </extensions>
      </trkpt>
      <trkpt lat="30.6174834631383419036865234375" lon="103.98833516053855419158935546875">
        <ele>496.20001220703125</ele>
        <time>2026-02-27T12:01:41.000Z</time>
        <extensions>
          <ns3:TrackPointExtension>
            <ns3:hr>154</ns3:hr>
            <ns3:cad>89</ns3:cad>
          </ns3:TrackPointExtension>
        </extensions>
      </trkpt>
      <trkpt lat="30.61749494634568691253662109375" lon="103.98836231790482997894287109375">
        <ele>496.20001220703125</ele>
        <time>2026-02-27T12:01:42.000Z</time>
        <extensions>
          <ns3:TrackPointExtension>
            <ns3:hr>154</ns3:hr>
            <ns3:cad>88</ns3:cad>
          </ns3:TrackPointExtension>
        </extensions>
      </trkpt>
      <trkpt lat="30.617509447038173675537109375" lon="103.98838050663471221923828125">
        <ele>496</ele>
        <time>2026-02-27T12:01:43.000Z</time>
        <extensions>
          <ns3:TrackPointExtension>
            <ns3:hr>154</ns3:hr>
            <ns3:cad>87</ns3:cad>
          </ns3:TrackPointExtension>
        </extensions>
      </trkpt>
      <trkpt lat="30.6175267137587070465087890625" lon="103.98839836008846759796142578125">
        <ele>496</ele>
        <time>2026-02-27T12:01:44.000Z</time>
        <extensions>
          <ns3:TrackPointExtension>
            <ns3:hr>154</ns3:hr>
            <ns3:cad>87</ns3:cad>
          </ns3:TrackPointExtension>
        </extensions>
      </trkpt>
      <trkpt lat="30.617547668516635894775390625" lon="103.98841269314289093017578125">
        <ele>495.79998779296875</ele>
        <time>2026-02-27T12:01:45.000Z</time>
        <extensions>
          <ns3:TrackPointExtension>
            <ns3:hr>154</ns3:hr>
            <ns3:cad>87</ns3:cad>
          </ns3:TrackPointExtension>
        </extensions>
      </trkpt>
      <trkpt lat="30.61757423914968967437744140625" lon="103.98841747082769870758056640625">
        <ele>495.600006103515625</ele>
        <time>2026-02-27T12:01:46.000Z</time>
        <extensions>
          <ns3:TrackPointExtension>
            <ns3:hr>153</ns3:hr>
            <ns3:cad>88</ns3:cad>
          </ns3:TrackPointExtension>
        </extensions>
      </trkpt>
      <trkpt lat="30.6176011450588703155517578125" lon="103.98841939866542816162109375">
        <ele>495.399993896484375</ele>
        <time>2026-02-27T12:01:47.000Z</time>
        <extensions>
          <ns3:TrackPointExtension>
            <ns3:hr>153</ns3:hr>
            <ns3:cad>88</ns3:cad>
          </ns3:TrackPointExtension>
        </extensions>
      </trkpt>
      <trkpt lat="30.61762704513967037200927734375" lon="103.9884152077138423919677734375">
        <ele>495.20001220703125</ele>
        <time>2026-02-27T12:01:48.000Z</time>
        <extensions>
          <ns3:TrackPointExtension>
            <ns3:hr>153</ns3:hr>
            <ns3:cad>88</ns3:cad>
          </ns3:TrackPointExtension>
        </extensions>
      </trkpt>
      <trkpt lat="30.6176621653139591217041015625" lon="103.98841747082769870758056640625">
        <ele>495.20001220703125</ele>
        <time>2026-02-27T12:01:49.000Z</time>
        <extensions>
          <ns3:TrackPointExtension>
            <ns3:hr>153</ns3:hr>
            <ns3:cad>88</ns3:cad>
          </ns3:TrackPointExtension>
        </extensions>
      </trkpt>
      <trkpt lat="30.61769309453666210174560546875" lon="103.98841462098062038421630859375">
        <ele>495</ele>
        <time>2026-02-27T12:01:50.000Z</time>
        <extensions>
          <ns3:TrackPointExtension>
            <ns3:hr>152</ns3:hr>
            <ns3:cad>87</ns3:cad>
          </ns3:TrackPointExtension>
        </extensions>
      </trkpt>
      <trkpt lat="30.6177255325019359588623046875" lon="103.9884192310273647308349609375">
        <ele>495</ele>
        <time>2026-02-27T12:01:51.000Z</time>
        <extensions>
          <ns3:TrackPointExtension>
            <ns3:hr>152</ns3:hr>
            <ns3:cad>87</ns3:cad>
          </ns3:TrackPointExtension>
        </extensions>
      </trkpt>
      <trkpt lat="30.61775294132530689239501953125" lon="103.9884168840944766998291015625">
        <ele>495</ele>
        <time>2026-02-27T12:01:52.000Z</time>
        <extensions>
          <ns3:TrackPointExtension>
            <ns3:hr>152</ns3:hr>
            <ns3:cad>87</ns3:cad>
          </ns3:TrackPointExtension>
        </extensions>
      </trkpt>
      <trkpt lat="30.6177845411002635955810546875" lon="103.98841814137995243072509765625">
        <ele>494.79998779296875</ele>
        <time>2026-02-27T12:01:53.000Z</time>
        <extensions>
          <ns3:TrackPointExtension>
            <ns3:hr>151</ns3:hr>
            <ns3:cad>88</ns3:cad>
          </ns3:TrackPointExtension>
        </extensions>
      </trkpt>
      <trkpt lat="30.61781228519976139068603515625" lon="103.98841981776058673858642578125">
        <ele>494.79998779296875</ele>
        <time>2026-02-27T12:01:54.000Z</time>
        <extensions>
          <ns3:TrackPointExtension>
            <ns3:hr>151</ns3:hr>
            <ns3:cad>88</ns3:cad>
          </ns3:TrackPointExtension>
        </extensions>
      </trkpt>
      <trkpt lat="30.6178458966314792633056640625" lon="103.9884296245872974395751953125">
        <ele>494.79998779296875</ele>
        <time>2026-02-27T12:01:55.000Z</time>
        <extensions>
          <ns3:TrackPointExtension>
            <ns3:hr>151</ns3:hr>
            <ns3:cad>88</ns3:cad>
          </ns3:TrackPointExtension>
        </extensions>
      </trkpt>
      <trkpt lat="30.61787380836904048919677734375" lon="103.98843440227210521697998046875">
        <ele>494.79998779296875</ele>
        <time>2026-02-27T12:01:56.000Z</time>
        <extensions>
          <ns3:TrackPointExtension>
            <ns3:hr>151</ns3:hr>
            <ns3:cad>88</ns3:cad>
          </ns3:TrackPointExtension>
        </extensions>
      </trkpt>
      <trkpt lat="30.6179109402000904083251953125" lon="103.98844630457460880279541015625">
        <ele>494.79998779296875</ele>
        <time>2026-02-27T12:01:57.000Z</time>
        <extensions>
          <ns3:TrackPointExtension>
            <ns3:hr>151</ns3:hr>
            <ns3:cad>88</ns3:cad>
          </ns3:TrackPointExtension>
        </extensions>
      </trkpt>
      <trkpt lat="30.6179387681186199188232421875" lon="103.98845938034355640411376953125">
        <ele>494.79998779296875</ele>
        <time>2026-02-27T12:01:58.000Z</time>
        <extensions>
          <ns3:TrackPointExtension>
            <ns3:hr>150</ns3:hr>
            <ns3:cad>87</ns3:cad>
          </ns3:TrackPointExtension>
        </extensions>
      </trkpt>
      <trkpt lat="30.6179712899029254913330078125" lon="103.98847999982535839080810546875">
        <ele>494.79998779296875</ele>
        <time>2026-02-27T12:01:59.000Z</time>
        <extensions>
          <ns3:TrackPointExtension>
            <ns3:hr>150</ns3:hr>
            <ns3:cad>87</ns3:cad>
          </ns3:TrackPointExtension>
        </extensions>
      </trkpt>
      <trkpt lat="30.61799199320375919342041015625" lon="103.98849106393754482269287109375">
        <ele>494.79998779296875</ele>
        <time>2026-02-27T12:02:00.000Z</time>
        <extensions>
          <ns3:TrackPointExtension>
            <ns3:hr>150</ns3:hr>
            <ns3:cad>88</ns3:cad>
          </ns3:TrackPointExtension>
        </extensions>
      </trkpt>
      <trkpt lat="30.61801210977137088775634765625" lon="103.9885094203054904937744140625">
        <ele>494.600006103515625</ele>
        <time>2026-02-27T12:02:01.000Z</time>
        <extensions>
          <ns3:TrackPointExtension>
            <ns3:hr>150</ns3:hr>
            <ns3:cad>89</ns3:cad>
          </ns3:TrackPointExtension>
        </extensions>
      </trkpt>
      <trkpt lat="30.61803138814866542816162109375" lon="103.98852509446442127227783203125">
        <ele>494.399993896484375</ele>
        <time>2026-02-27T12:02:02.000Z</time>
        <extensions>
          <ns3:TrackPointExtension>
            <ns3:hr>150</ns3:hr>
            <ns3:cad>89</ns3:cad>
          </ns3:TrackPointExtension>
        </extensions>
      </trkpt>
      <trkpt lat="30.618051588535308837890625" lon="103.98854806087911128997802734375">
        <ele>494.20001220703125</ele>
        <time>2026-02-27T12:02:03.000Z</time>
        <extensions>
          <ns3:TrackPointExtension>
            <ns3:hr>150</ns3:hr>
            <ns3:cad>91</ns3:cad>
          </ns3:TrackPointExtension>
        </extensions>
      </trkpt>
      <trkpt lat="30.61806743033230304718017578125" lon="103.98856666870415210723876953125">
        <ele>494.399993896484375</ele>
        <time>2026-02-27T12:02:04.000Z</time>
        <extensions>
          <ns3:TrackPointExtension>
            <ns3:hr>150</ns3:hr>
            <ns3:cad>91</ns3:cad>
          </ns3:TrackPointExtension>
        </extensions>
      </trkpt>
      <trkpt lat="30.61808771453797817230224609375" lon="103.98859298788011074066162109375">
        <ele>494.399993896484375</ele>
        <time>2026-02-27T12:02:05.000Z</time>
        <extensions>
          <ns3:TrackPointExtension>
            <ns3:hr>150</ns3:hr>
            <ns3:cad>90</ns3:cad>
          </ns3:TrackPointExtension>
        </extensions>
      </trkpt>
      <trkpt lat="30.61810581944882869720458984375" lon="103.988614864647388458251953125">
        <ele>494.399993896484375</ele>
        <time>2026-02-27T12:02:06.000Z</time>
        <extensions>
          <ns3:TrackPointExtension>
            <ns3:hr>150</ns3:hr>
            <ns3:cad>88</ns3:cad>
          </ns3:TrackPointExtension>
        </extensions>
      </trkpt>
      <trkpt lat="30.618118979036808013916015625" lon="103.98864445276558399200439453125">
        <ele>494.399993896484375</ele>
        <time>2026-02-27T12:02:07.000Z</time>
        <extensions>
          <ns3:TrackPointExtension>
            <ns3:hr>150</ns3:hr>
            <ns3:cad>88</ns3:cad>
          </ns3:TrackPointExtension>
        </extensions>
      </trkpt>
      <trkpt lat="30.61813415028154850006103515625" lon="103.98866976611316204071044921875">
        <ele>494.399993896484375</ele>
        <time>2026-02-27T12:02:08.000Z</time>
        <extensions>
          <ns3:TrackPointExtension>
            <ns3:hr>150</ns3:hr>
            <ns3:cad>89</ns3:cad>
          </ns3:TrackPointExtension>
        </extensions>
      </trkpt>
      <trkpt lat="30.61814613640308380126953125" lon="103.98869968950748443603515625">
        <ele>494.399993896484375</ele>
        <time>2026-02-27T12:02:09.000Z</time>
        <extensions>
          <ns3:TrackPointExtension>
            <ns3:hr>149</ns3:hr>
            <ns3:cad>90</ns3:cad>
          </ns3:TrackPointExtension>
        </extensions>
      </trkpt>
      <trkpt lat="30.6181550212204456329345703125" lon="103.98873045109212398529052734375">
        <ele>494.399993896484375</ele>
        <time>2026-02-27T12:02:10.000Z</time>
        <extensions>
          <ns3:TrackPointExtension>
            <ns3:hr>150</ns3:hr>
            <ns3:cad>90</ns3:cad>
          </ns3:TrackPointExtension>
        </extensions>
      </trkpt>
      <trkpt lat="30.618161894381046295166015625" lon="103.98875693790614604949951171875">
        <ele>494.399993896484375</ele>
        <time>2026-02-27T12:02:11.000Z</time>
        <extensions>
          <ns3:TrackPointExtension>
            <ns3:hr>150</ns3:hr>
            <ns3:cad>90</ns3:cad>
          </ns3:TrackPointExtension>
        </extensions>
      </trkpt>
      <trkpt lat="30.6181647442281246185302734375" lon="103.98879264481365680694580078125">
        <ele>494.20001220703125</ele>
        <time>2026-02-27T12:02:12.000Z</time>
        <extensions>
          <ns3:TrackPointExtension>
            <ns3:hr>149</ns3:hr>
            <ns3:cad>90</ns3:cad>
          </ns3:TrackPointExtension>
        </extensions>
      </trkpt>
      <trkpt lat="30.618167929351329803466796875" lon="103.9888242445886135101318359375">
        <ele>494.20001220703125</ele>
        <time>2026-02-27T12:02:13.000Z</time>
        <extensions>
          <ns3:TrackPointExtension>
            <ns3:hr>150</ns3:hr>
            <ns3:cad>89</ns3:cad>
          </ns3:TrackPointExtension>
        </extensions>
      </trkpt>
      <trkpt lat="30.618168599903583526611328125" lon="103.98885986767709255218505859375">
        <ele>494.20001220703125</ele>
        <time>2026-02-27T12:02:14.000Z</time>
        <extensions>
          <ns3:TrackPointExtension>
            <ns3:hr>150</ns3:hr>
            <ns3:cad>88</ns3:cad>
          </ns3:TrackPointExtension>
        </extensions>
      </trkpt>
      <trkpt lat="30.61817270703613758087158203125" lon="103.9888881146907806396484375">
        <ele>494.20001220703125</ele>
        <time>2026-02-27T12:02:15.000Z</time>
        <extensions>
          <ns3:TrackPointExtension>
            <ns3:hr>149</ns3:hr>
            <ns3:cad>88</ns3:cad>
          </ns3:TrackPointExtension>
        </extensions>
      </trkpt>
      <trkpt lat="30.6181714497506618499755859375" lon="103.9889228157699108123779296875">
        <ele>494.20001220703125</ele>
        <time>2026-02-27T12:02:16.000Z</time>
        <extensions>
          <ns3:TrackPointExtension>
            <ns3:hr>150</ns3:hr>
            <ns3:cad>88</ns3:cad>
          </ns3:TrackPointExtension>
        </extensions>
      </trkpt>
      <trkpt lat="30.61816893517971038818359375" lon="103.98895491845905780792236328125">
        <ele>494.20001220703125</ele>
        <time>2026-02-27T12:02:17.000Z</time>
        <extensions>
          <ns3:TrackPointExtension>
            <ns3:hr>150</ns3:hr>
            <ns3:cad>88</ns3:cad>
          </ns3:TrackPointExtension>
        </extensions>
      </trkpt>
      <trkpt lat="30.618159212172031402587890625" lon="103.9889868535101413726806640625">
        <ele>494</ele>
        <time>2026-02-27T12:02:18.000Z</time>
        <extensions>
          <ns3:TrackPointExtension>
            <ns3:hr>149</ns3:hr>
            <ns3:cad>87</ns3:cad>
          </ns3:TrackPointExtension>
        </extensions>
      </trkpt>
      <trkpt lat="30.61815418303012847900390625" lon="103.9890200458467006683349609375">
        <ele>494</ele>
        <time>2026-02-27T12:02:19.000Z</time>
        <extensions>
          <ns3:TrackPointExtension>
            <ns3:hr>149</ns3:hr>
            <ns3:cad>87</ns3:cad>
          </ns3:TrackPointExtension>
        </extensions>
      </trkpt>
      <trkpt lat="30.6181436218321323394775390625" lon="103.98904795758426189422607421875">
        <ele>493.79998779296875</ele>
        <time>2026-02-27T12:02:20.000Z</time>
        <extensions>
          <ns3:TrackPointExtension>
            <ns3:hr>149</ns3:hr>
            <ns3:cad>88</ns3:cad>
          </ns3:TrackPointExtension>
        </extensions>
      </trkpt>
      <trkpt lat="30.61813297681510448455810546875" lon="103.9890746958553791046142578125">
        <ele>493.79998779296875</ele>
        <time>2026-02-27T12:02:21.000Z</time>
        <extensions>
          <ns3:TrackPointExtension>
            <ns3:hr>149</ns3:hr>
            <ns3:cad>88</ns3:cad>
          </ns3:TrackPointExtension>
        </extensions>
      </trkpt>
      <trkpt lat="30.6181181408464908599853515625" lon="103.9891040325164794921875">
        <ele>493.79998779296875</ele>
        <time>2026-02-27T12:02:22.000Z</time>
        <extensions>
          <ns3:TrackPointExtension>
            <ns3:hr>149</ns3:hr>
            <ns3:cad>89</ns3:cad>
          </ns3:TrackPointExtension>
        </extensions>
      </trkpt>
      <trkpt lat="30.61810917221009731292724609375" lon="103.98913227953016757965087890625">
        <ele>493.79998779296875</ele>
        <time>2026-02-27T12:02:23.000Z</time>
        <extensions>
          <ns3:TrackPointExtension>
            <ns3:hr>150</ns3:hr>
            <ns3:cad>90</ns3:cad>
          </ns3:TrackPointExtension>
        </extensions>
      </trkpt>
      <trkpt lat="30.6180958449840545654296875" lon="103.989169411361217498779296875">
        <ele>493.79998779296875</ele>
        <time>2026-02-27T12:02:24.000Z</time>
        <extensions>
          <ns3:TrackPointExtension>
            <ns3:hr>149</ns3:hr>
            <ns3:cad>90</ns3:cad>
          </ns3:TrackPointExtension>
        </extensions>
      </trkpt>
      <trkpt lat="30.61809743754565715789794921875" lon="103.98919665254652500152587890625">
        <ele>493.79998779296875</ele>
        <time>2026-02-27T12:02:25.000Z</time>
        <extensions>
          <ns3:TrackPointExtension>
            <ns3:hr>149</ns3:hr>
            <ns3:cad>89</ns3:cad>
          </ns3:TrackPointExtension>
        </extensions>
      </trkpt>
      <trkpt lat="30.6180953420698642730712890625" lon="103.98923286236822605133056640625">
        <ele>493.79998779296875</ele>
        <time>2026-02-27T12:02:26.000Z</time>
        <extensions>
          <ns3:TrackPointExtension>
            <ns3:hr>149</ns3:hr>
            <ns3:cad>88</ns3:cad>
          </ns3:TrackPointExtension>
        </extensions>
      </trkpt>
      <trkpt lat="30.6181037239730358123779296875" lon="103.9892582595348358154296875">
        <ele>493.79998779296875</ele>
        <time>2026-02-27T12:02:27.000Z</time>
        <extensions>
          <ns3:TrackPointExtension>
            <ns3:hr>150</ns3:hr>
            <ns3:cad>88</ns3:cad>
          </ns3:TrackPointExtension>
        </extensions>
      </trkpt>
      <trkpt lat="30.6181131117045879364013671875" lon="103.9892958104610443115234375">
        <ele>493.79998779296875</ele>
        <time>2026-02-27T12:02:28.000Z</time>
        <extensions>
          <ns3:TrackPointExtension>
            <ns3:hr>150</ns3:hr>
            <ns3:cad>88</ns3:cad>
          </ns3:TrackPointExtension>
        </extensions>
      </trkpt>
      <trkpt lat="30.61812995932996273040771484375" lon="103.98931584320962429046630859375">
        <ele>493.79998779296875</ele>
        <time>2026-02-27T12:02:29.000Z</time>
        <extensions>
          <ns3:TrackPointExtension>
            <ns3:hr>150</ns3:hr>
            <ns3:cad>89</ns3:cad>
          </ns3:TrackPointExtension>
        </extensions>
      </trkpt>
      <trkpt lat="30.61814471147954463958740234375" lon="103.98934031836688518524169921875">
        <ele>493.79998779296875</ele>
        <time>2026-02-27T12:02:30.000Z</time>
        <extensions>
          <ns3:TrackPointExtension>
            <ns3:hr>150</ns3:hr>
            <ns3:cad>89</ns3:cad>
          </ns3:TrackPointExtension>
        </extensions>
      </trkpt>
      <trkpt lat="30.618157871067523956298828125" lon="103.98935993202030658721923828125">
        <ele>493.600006103515625</ele>
        <time>2026-02-27T12:02:31.000Z</time>
        <extensions>
          <ns3:TrackPointExtension>
            <ns3:hr>150</ns3:hr>
            <ns3:cad>89</ns3:cad>
          </ns3:TrackPointExtension>
        </extensions>
      </trkpt>
      <trkpt lat="30.6181768141686916351318359375" lon="103.98938826285302639007568359375">
        <ele>493.600006103515625</ele>
        <time>2026-02-27T12:02:32.000Z</time>
        <extensions>
          <ns3:TrackPointExtension>
            <ns3:hr>149</ns3:hr>
            <ns3:cad>89</ns3:cad>
          </ns3:TrackPointExtension>
        </extensions>
      </trkpt>
      <trkpt lat="30.61819030903279781341552734375" lon="103.989408127963542938232421875">
        <ele>493.79998779296875</ele>
        <time>2026-02-27T12:02:33.000Z</time>
        <extensions>
          <ns3:TrackPointExtension>
            <ns3:hr>150</ns3:hr>
            <ns3:cad>88</ns3:cad>
          </ns3:TrackPointExtension>
        </extensions>
      </trkpt>
      <trkpt lat="30.618206821382045745849609375" lon="103.98943503387272357940673828125">
        <ele>493.79998779296875</ele>
        <time>2026-02-27T12:02:34.000Z</time>
        <extensions>
          <ns3:TrackPointExtension>
            <ns3:hr>150</ns3:hr>
            <ns3:cad>88</ns3:cad>
          </ns3:TrackPointExtension>
        </extensions>
      </trkpt>
      <trkpt lat="30.61821763403713703155517578125" lon="103.9894559048116207122802734375">
        <ele>493.79998779296875</ele>
        <time>2026-02-27T12:02:35.000Z</time>
        <extensions>
          <ns3:TrackPointExtension>
            <ns3:hr>150</ns3:hr>
            <ns3:cad>88</ns3:cad>
          </ns3:TrackPointExtension>
        </extensions>
      </trkpt>
      <trkpt lat="30.61823573894798755645751953125" lon="103.98948096670210361480712890625">
        <ele>494</ele>
        <time>2026-02-27T12:02:36.000Z</time>
        <extensions>
          <ns3:TrackPointExtension>
            <ns3:hr>150</ns3:hr>
            <ns3:cad>88</ns3:cad>
          </ns3:TrackPointExtension>
        </extensions>
      </trkpt>
      <trkpt lat="30.61824738979339599609375" lon="103.98950158618390560150146484375">
        <ele>494.20001220703125</ele>
        <time>2026-02-27T12:02:37.000Z</time>
        <extensions>
          <ns3:TrackPointExtension>
            <ns3:hr>150</ns3:hr>
            <ns3:cad>89</ns3:cad>
          </ns3:TrackPointExtension>
        </extensions>
      </trkpt>
      <trkpt lat="30.61825652606785297393798828125" lon="103.98953192867338657379150390625">
        <ele>494.20001220703125</ele>
        <time>2026-02-27T12:02:38.000Z</time>
        <extensions>
          <ns3:TrackPointExtension>
            <ns3:hr>150</ns3:hr>
            <ns3:cad>91</ns3:cad>
          </ns3:TrackPointExtension>
        </extensions>
      </trkpt>
      <trkpt lat="30.61826893128454685211181640625" lon="103.98955137468874454498291015625">
        <ele>494.399993896484375</ele>
        <time>2026-02-27T12:02:39.000Z</time>
        <extensions>
          <ns3:TrackPointExtension>
            <ns3:hr>150</ns3:hr>
            <ns3:cad>91</ns3:cad>
          </ns3:TrackPointExtension>
        </extensions>
      </trkpt>
      <trkpt lat="30.61827957630157470703125" lon="103.9895816333591938018798828125">
        <ele>494.600006103515625</ele>
        <time>2026-02-27T12:02:40.000Z</time>
        <extensions>
          <ns3:TrackPointExtension>
            <ns3:hr>150</ns3:hr>
            <ns3:cad>90</ns3:cad>
          </ns3:TrackPointExtension>
        </extensions>
      </trkpt>
      <trkpt lat="30.6182921491563320159912109375" lon="103.98960091173648834228515625">
        <ele>494.600006103515625</ele>
        <time>2026-02-27T12:02:41.000Z</time>
        <extensions>
          <ns3:TrackPointExtension>
            <ns3:hr>150</ns3:hr>
            <ns3:cad>90</ns3:cad>
          </ns3:TrackPointExtension>
        </extensions>
      </trkpt>
      <trkpt lat="30.61830832622945308685302734375" lon="103.98962773382663726806640625">
        <ele>494.79998779296875</ele>
        <time>2026-02-27T12:02:42.000Z</time>
        <extensions>
          <ns3:TrackPointExtension>
            <ns3:hr>150</ns3:hr>
            <ns3:cad>92</ns3:cad>
          </ns3:TrackPointExtension>
        </extensions>
      </trkpt>
      <trkpt lat="30.61832710169255733489990234375" lon="103.98964516818523406982421875">
        <ele>494.79998779296875</ele>
        <time>2026-02-27T12:02:43.000Z</time>
        <extensions>
          <ns3:TrackPointExtension>
            <ns3:hr>150</ns3:hr>
            <ns3:cad>92</ns3:cad>
          </ns3:TrackPointExtension>
        </extensions>
      </trkpt>
      <trkpt lat="30.61834604479372501373291015625" lon="103.98966687731444835662841796875">
        <ele>494.79998779296875</ele>
        <time>2026-02-27T12:02:44.000Z</time>
        <extensions>
          <ns3:TrackPointExtension>
            <ns3:hr>150</ns3:hr>
            <ns3:cad>92</ns3:cad>
          </ns3:TrackPointExtension>
        </extensions>
      </trkpt>
      <trkpt lat="30.6183642335236072540283203125" lon="103.9896802045404911041259765625">
        <ele>494.79998779296875</ele>
        <time>2026-02-27T12:02:45.000Z</time>
        <extensions>
          <ns3:TrackPointExtension>
            <ns3:hr>150</ns3:hr>
            <ns3:cad>92</ns3:cad>
          </ns3:TrackPointExtension>
        </extensions>
      </trkpt>
      <trkpt lat="30.61838091351091861724853515625" lon="103.9897093735635280609130859375">
        <ele>494.79998779296875</ele>
        <time>2026-02-27T12:02:46.000Z</time>
        <extensions>
          <ns3:TrackPointExtension>
            <ns3:hr>150</ns3:hr>
            <ns3:cad>91</ns3:cad>
          </ns3:TrackPointExtension>
        </extensions>
      </trkpt>
      <trkpt lat="30.61840119771659374237060546875" lon="103.9897241257131099700927734375">
        <ele>494.79998779296875</ele>
        <time>2026-02-27T12:02:47.000Z</time>
        <extensions>
          <ns3:TrackPointExtension>
            <ns3:hr>150</ns3:hr>
            <ns3:cad>89</ns3:cad>
          </ns3:TrackPointExtension>
        </extensions>
      </trkpt>
      <trkpt lat="30.61841561459004878997802734375" lon="103.98975337855517864227294921875">
        <ele>494.79998779296875</ele>
        <time>2026-02-27T12:02:48.000Z</time>
        <extensions>
          <ns3:TrackPointExtension>
            <ns3:hr>150</ns3:hr>
            <ns3:cad>89</ns3:cad>
          </ns3:TrackPointExtension>
        </extensions>
      </trkpt>
      <trkpt lat="30.6184252537786960601806640625" lon="103.98977391421794891357421875">
        <ele>494.79998779296875</ele>
        <time>2026-02-27T12:02:49.000Z</time>
        <extensions>
          <ns3:TrackPointExtension>
            <ns3:hr>150</ns3:hr>
            <ns3:cad>89</ns3:cad>
          </ns3:TrackPointExtension>
        </extensions>
      </trkpt>
      <trkpt lat="30.61843313276767730712890625" lon="103.98980735801160335540771484375">
        <ele>494.79998779296875</ele>
        <time>2026-02-27T12:02:50.000Z</time>
        <extensions>
          <ns3:TrackPointExtension>
            <ns3:hr>151</ns3:hr>
            <ns3:cad>89</ns3:cad>
          </ns3:TrackPointExtension>
        </extensions>
      </trkpt>
      <trkpt lat="30.61844461597502231597900390625" lon="103.98982965387403964996337890625">
        <ele>495</ele>
        <time>2026-02-27T12:02:51.000Z</time>
        <extensions>
          <ns3:TrackPointExtension>
            <ns3:hr>150</ns3:hr>
            <ns3:cad>89</ns3:cad>
          </ns3:TrackPointExtension>
        </extensions>
      </trkpt>
      <trkpt lat="30.6184577755630016326904296875" lon="103.98986083455383777618408203125">
        <ele>494.79998779296875</ele>
        <time>2026-02-27T12:02:52.000Z</time>
        <extensions>
          <ns3:TrackPointExtension>
            <ns3:hr>151</ns3:hr>
            <ns3:cad>90</ns3:cad>
          </ns3:TrackPointExtension>
        </extensions>
      </trkpt>
      <trkpt lat="30.61846992932260036468505859375" lon="103.9898897521197795867919921875">
        <ele>494.79998779296875</ele>
        <time>2026-02-27T12:02:53.000Z</time>
        <extensions>
          <ns3:TrackPointExtension>
            <ns3:hr>151</ns3:hr>
            <ns3:cad>90</ns3:cad>
          </ns3:TrackPointExtension>
        </extensions>
      </trkpt>
      <trkpt lat="30.6184775568544864654541015625" lon="103.9899249561131000518798828125">
        <ele>494.79998779296875</ele>
        <time>2026-02-27T12:02:54.000Z</time>
        <extensions>
          <ns3:TrackPointExtension>
            <ns3:hr>151</ns3:hr>
            <ns3:cad>90</ns3:cad>
          </ns3:TrackPointExtension>
        </extensions>
      </trkpt>
      <trkpt lat="30.61848484911024570465087890625" lon="103.989956639707088470458984375">
        <ele>494.79998779296875</ele>
        <time>2026-02-27T12:02:55.000Z</time>
        <extensions>
          <ns3:TrackPointExtension>
            <ns3:hr>151</ns3:hr>
            <ns3:cad>90</ns3:cad>
          </ns3:TrackPointExtension>
        </extensions>
      </trkpt>
      <trkpt lat="30.618493147194385528564453125" lon="103.9899905025959014892578125">
        <ele>494.79998779296875</ele>
        <time>2026-02-27T12:02:56.000Z</time>
        <extensions>
          <ns3:TrackPointExtension>
            <ns3:hr>151</ns3:hr>
            <ns3:cad>90</ns3:cad>
          </ns3:TrackPointExtension>
        </extensions>
      </trkpt>
      <trkpt lat="30.61850043945014476776123046875" lon="103.9900178276002407073974609375">
        <ele>495</ele>
        <time>2026-02-27T12:02:57.000Z</time>
        <extensions>
          <ns3:TrackPointExtension>
            <ns3:hr>152</ns3:hr>
            <ns3:cad>90</ns3:cad>
          </ns3:TrackPointExtension>
        </extensions>
      </trkpt>
      <trkpt lat="30.61850429512560367584228515625" lon="103.990051858127117156982421875">
        <ele>495</ele>
        <time>2026-02-27T12:02:58.000Z</time>
        <extensions>
          <ns3:TrackPointExtension>
            <ns3:hr>152</ns3:hr>
            <ns3:cad>90</ns3:cad>
          </ns3:TrackPointExtension>
        </extensions>
      </trkpt>
      <trkpt lat="30.61850831843912601470947265625" lon="103.99008102715015411376953125">
        <ele>495</ele>
        <time>2026-02-27T12:02:59.000Z</time>
        <extensions>
          <ns3:TrackPointExtension>
            <ns3:hr>152</ns3:hr>
            <ns3:cad>90</ns3:cad>
          </ns3:TrackPointExtension>
        </extensions>
      </trkpt>
      <trkpt lat="30.61851234175264835357666015625" lon="103.99011790752410888671875">
        <ele>495</ele>
        <time>2026-02-27T12:03:00.000Z</time>
        <extensions>
          <ns3:TrackPointExtension>
            <ns3:hr>152</ns3:hr>
            <ns3:cad>90</ns3:cad>
          </ns3:TrackPointExtension>
        </extensions>
      </trkpt>
      <trkpt lat="30.61851737089455127716064453125" lon="103.99014900438487529754638671875">
        <ele>495</ele>
        <time>2026-02-27T12:03:01.000Z</time>
        <extensions>
          <ns3:TrackPointExtension>
            <ns3:hr>151</ns3:hr>
            <ns3:cad>90</ns3:cad>
          </ns3:TrackPointExtension>
        </extensions>
      </trkpt>
      <trkpt lat="30.6185221485793590545654296875" lon="103.9901864714920520782470703125">
        <ele>495</ele>
        <time>2026-02-27T12:03:02.000Z</time>
        <extensions>
          <ns3:TrackPointExtension>
            <ns3:hr>152</ns3:hr>
            <ns3:cad>87</ns3:cad>
          </ns3:TrackPointExtension>
        </extensions>
      </trkpt>
      <trkpt lat="30.61853949911892414093017578125" lon="103.9902104437351226806640625">
        <ele>495</ele>
        <time>2026-02-27T12:03:03.000Z</time>
        <extensions>
          <ns3:TrackPointExtension>
            <ns3:hr>152</ns3:hr>
            <ns3:cad>87</ns3:cad>
          </ns3:TrackPointExtension>
        </extensions>
      </trkpt>
      <trkpt lat="30.61855793930590152740478515625" lon="103.9902399480342864990234375">
        <ele>495</ele>
        <time>2026-02-27T12:03:04.000Z</time>
        <extensions>
          <ns3:TrackPointExtension>
            <ns3:hr>152</ns3:hr>
            <ns3:cad>88</ns3:cad>
          </ns3:TrackPointExtension>
        </extensions>
      </trkpt>
      <trkpt lat="30.61857805587351322174072265625" lon="103.99026132188737392425537109375">
        <ele>495.20001220703125</ele>
        <time>2026-02-27T12:03:05.000Z</time>
        <extensions>
          <ns3:TrackPointExtension>
            <ns3:hr>152</ns3:hr>
            <ns3:cad>88</ns3:cad>
          </ns3:TrackPointExtension>
        </extensions>
      </trkpt>
      <trkpt lat="30.61859582550823688507080078125" lon="103.99028931744396686553955078125">
        <ele>495</ele>
        <time>2026-02-27T12:03:06.000Z</time>
        <extensions>
          <ns3:TrackPointExtension>
            <ns3:hr>153</ns3:hr>
            <ns3:cad>88</ns3:cad>
          </ns3:TrackPointExtension>
        </extensions>
      </trkpt>
      <trkpt lat="30.61861359514296054840087890625" lon="103.99031362496316432952880859375">
        <ele>495</ele>
        <time>2026-02-27T12:03:07.000Z</time>
        <extensions>
          <ns3:TrackPointExtension>
            <ns3:hr>153</ns3:hr>
            <ns3:cad>89</ns3:cad>
          </ns3:TrackPointExtension>
        </extensions>
      </trkpt>
      <trkpt lat="30.61863203532993793487548828125" lon="103.99033608846366405487060546875">
        <ele>495</ele>
        <time>2026-02-27T12:03:08.000Z</time>
        <extensions>
          <ns3:TrackPointExtension>
            <ns3:hr>153</ns3:hr>
            <ns3:cad>88</ns3:cad>
          </ns3:TrackPointExtension>
        </extensions>
      </trkpt>
      <trkpt lat="30.618654750287532806396484375" lon="103.99036173708736896514892578125">
        <ele>495</ele>
        <time>2026-02-27T12:03:09.000Z</time>
        <extensions>
          <ns3:TrackPointExtension>
            <ns3:hr>153</ns3:hr>
            <ns3:cad>88</ns3:cad>
          </ns3:TrackPointExtension>
        </extensions>
      </trkpt>
      <trkpt lat="30.618677549064159393310546875" lon="103.99038319475948810577392578125">
        <ele>494.79998779296875</ele>
        <time>2026-02-27T12:03:10.000Z</time>
        <extensions>
          <ns3:TrackPointExtension>
            <ns3:hr>153</ns3:hr>
            <ns3:cad>88</ns3:cad>
          </ns3:TrackPointExtension>
        </extensions>
      </trkpt>
      <trkpt lat="30.61870361678302288055419921875" lon="103.99040834046900272369384765625">
        <ele>494.79998779296875</ele>
        <time>2026-02-27T12:03:11.000Z</time>
        <extensions>
          <ns3:TrackPointExtension>
            <ns3:hr>154</ns3:hr>
            <ns3:cad>88</ns3:cad>
          </ns3:TrackPointExtension>
        </extensions>
      </trkpt>
      <trkpt lat="30.618724487721920013427734375" lon="103.99042728357017040252685546875">
        <ele>494.79998779296875</ele>
        <time>2026-02-27T12:03:12.000Z</time>
        <extensions>
          <ns3:TrackPointExtension>
            <ns3:hr>153</ns3:hr>
            <ns3:cad>88</ns3:cad>
          </ns3:TrackPointExtension>
        </extensions>
      </trkpt>
      <trkpt lat="30.6187484599649906158447265625" lon="103.99045879952609539031982421875">
        <ele>494.79998779296875</ele>
        <time>2026-02-27T12:03:13.000Z</time>
        <extensions>
          <ns3:TrackPointExtension>
            <ns3:hr>153</ns3:hr>
            <ns3:cad>88</ns3:cad>
          </ns3:TrackPointExtension>
        </extensions>
      </trkpt>
      <trkpt lat="30.618768073618412017822265625" lon="103.99048092775046825408935546875">
        <ele>494.79998779296875</ele>
        <time>2026-02-27T12:03:14.000Z</time>
        <extensions>
          <ns3:TrackPointExtension>
            <ns3:hr>153</ns3:hr>
            <ns3:cad>88</ns3:cad>
          </ns3:TrackPointExtension>
        </extensions>
      </trkpt>
      <trkpt lat="30.61878525651991367340087890625" lon="103.9905143715441226959228515625">
        <ele>494.79998779296875</ele>
        <time>2026-02-27T12:03:15.000Z</time>
        <extensions>
          <ns3:TrackPointExtension>
            <ns3:hr>154</ns3:hr>
            <ns3:cad>88</ns3:cad>
          </ns3:TrackPointExtension>
        </extensions>
      </trkpt>
      <trkpt lat="30.61879933811724185943603515625" lon="103.990535326302051544189453125">
        <ele>494.79998779296875</ele>
        <time>2026-02-27T12:03:16.000Z</time>
        <extensions>
          <ns3:TrackPointExtension>
            <ns3:hr>154</ns3:hr>
            <ns3:cad>87</ns3:cad>
          </ns3:TrackPointExtension>
        </extensions>
      </trkpt>
      <trkpt lat="30.61881308443844318389892578125" lon="103.990566842257976531982421875">
        <ele>494.79998779296875</ele>
        <time>2026-02-27T12:03:17.000Z</time>
        <extensions>
          <ns3:TrackPointExtension>
            <ns3:hr>154</ns3:hr>
            <ns3:cad>87</ns3:cad>
          </ns3:TrackPointExtension>
        </extensions>
      </trkpt>
      <trkpt lat="30.61882699839770793914794921875" lon="103.99058796465396881103515625">
        <ele>494.79998779296875</ele>
        <time>2026-02-27T12:03:18.000Z</time>
        <extensions>
          <ns3:TrackPointExtension>
            <ns3:hr>154</ns3:hr>
            <ns3:cad>87</ns3:cad>
          </ns3:TrackPointExtension>
        </extensions>
      </trkpt>
      <trkpt lat="30.61883672140538692474365234375" lon="103.99062191136181354522705078125">
        <ele>494.79998779296875</ele>
        <time>2026-02-27T12:03:19.000Z</time>
        <extensions>
          <ns3:TrackPointExtension>
            <ns3:hr>154</ns3:hr>
            <ns3:cad>88</ns3:cad>
          </ns3:TrackPointExtension>
        </extensions>
      </trkpt>
      <trkpt lat="30.6188477016985416412353515625" lon="103.99064923636615276336669921875">
        <ele>494.79998779296875</ele>
        <time>2026-02-27T12:03:20.000Z</time>
        <extensions>
          <ns3:TrackPointExtension>
            <ns3:hr>154</ns3:hr>
            <ns3:cad>88</ns3:cad>
          </ns3:TrackPointExtension>
        </extensions>
      </trkpt>
      <trkpt lat="30.61885583214461803436279296875" lon="103.99068561382591724395751953125">
        <ele>494.79998779296875</ele>
        <time>2026-02-27T12:03:21.000Z</time>
        <extensions>
          <ns3:TrackPointExtension>
            <ns3:hr>154</ns3:hr>
            <ns3:cad>88</ns3:cad>
          </ns3:TrackPointExtension>
        </extensions>
      </trkpt>
      <trkpt lat="30.61886270530521869659423828125" lon="103.9907128550112247467041015625">
        <ele>494.79998779296875</ele>
        <time>2026-02-27T12:03:22.000Z</time>
        <extensions>
          <ns3:TrackPointExtension>
            <ns3:hr>155</ns3:hr>
            <ns3:cad>88</ns3:cad>
          </ns3:TrackPointExtension>
        </extensions>
      </trkpt>
      <trkpt lat="30.61886924318969249725341796875" lon="103.99074981920421123504638671875">
        <ele>495</ele>
        <time>2026-02-27T12:03:23.000Z</time>
        <extensions>
          <ns3:TrackPointExtension>
            <ns3:hr>154</ns3:hr>
            <ns3:cad>88</ns3:cad>
          </ns3:TrackPointExtension>
        </extensions>
      </trkpt>
      <trkpt lat="30.6188758648931980133056640625" lon="103.99077613838016986846923828125">
        <ele>495</ele>
        <time>2026-02-27T12:03:24.000Z</time>
        <extensions>
          <ns3:TrackPointExtension>
            <ns3:hr>154</ns3:hr>
            <ns3:cad>88</ns3:cad>
          </ns3:TrackPointExtension>
        </extensions>
      </trkpt>
      <trkpt lat="30.61887326650321483612060546875" lon="103.990812599658966064453125">
        <ele>495</ele>
        <time>2026-02-27T12:03:25.000Z</time>
        <extensions>
          <ns3:TrackPointExtension>
            <ns3:hr>155</ns3:hr>
            <ns3:cad>89</ns3:cad>
          </ns3:TrackPointExtension>
        </extensions>
      </trkpt>
      <trkpt lat="30.61887527815997600555419921875" lon="103.99083472788333892822265625">
        <ele>495</ele>
        <time>2026-02-27T12:03:26.000Z</time>
        <extensions>
          <ns3:TrackPointExtension>
            <ns3:hr>154</ns3:hr>
            <ns3:cad>89</ns3:cad>
          </ns3:TrackPointExtension>
        </extensions>
      </trkpt>
      <trkpt lat="30.61887075193226337432861328125" lon="103.9908717758953571319580078125">
        <ele>495</ele>
        <time>2026-02-27T12:03:27.000Z</time>
        <extensions>
          <ns3:TrackPointExtension>
            <ns3:hr>154</ns3:hr>
            <ns3:cad>90</ns3:cad>
          </ns3:TrackPointExtension>
        </extensions>
      </trkpt>
      <trkpt lat="30.61887167394161224365234375" lon="103.9909016154706478118896484375">
        <ele>495</ele>
        <time>2026-02-27T12:03:28.000Z</time>
        <extensions>
          <ns3:TrackPointExtension>
            <ns3:hr>155</ns3:hr>
            <ns3:cad>90</ns3:cad>
          </ns3:TrackPointExtension>
        </extensions>
      </trkpt>
      <trkpt lat="30.618872344493865966796875" lon="103.99093572981655597686767578125">
        <ele>495</ele>
        <time>2026-02-27T12:03:29.000Z</time>
        <extensions>
          <ns3:TrackPointExtension>
            <ns3:hr>154</ns3:hr>
            <ns3:cad>90</ns3:cad>
          </ns3:TrackPointExtension>
        </extensions>
      </trkpt>
      <trkpt lat="30.61887226067483425140380859375" lon="103.99096808396279811859130859375">
        <ele>495</ele>
        <time>2026-02-27T12:03:30.000Z</time>
        <extensions>
          <ns3:TrackPointExtension>
            <ns3:hr>154</ns3:hr>
            <ns3:cad>90</ns3:cad>
          </ns3:TrackPointExtension>
        </extensions>
      </trkpt>
      <trkpt lat="30.61887561343610286712646484375" lon="103.99100328795611858367919921875">
        <ele>495</ele>
        <time>2026-02-27T12:03:31.000Z</time>
        <extensions>
          <ns3:TrackPointExtension>
            <ns3:hr>155</ns3:hr>
            <ns3:cad>89</ns3:cad>
          </ns3:TrackPointExtension>
        </extensions>
      </trkpt>
      <trkpt lat="30.61888634227216243743896484375" lon="103.99103061296045780181884765625">
        <ele>495</ele>
        <time>2026-02-27T12:03:32.000Z</time>
        <extensions>
          <ns3:TrackPointExtension>
            <ns3:hr>154</ns3:hr>
            <ns3:cad>89</ns3:cad>
          </ns3:TrackPointExtension>
        </extensions>
      </trkpt>
      <trkpt lat="30.61890344135463237762451171875" lon="103.9910571835935115814208984375">
        <ele>495.20001220703125</ele>
        <time>2026-02-27T12:03:33.000Z</time>
        <extensions>
          <ns3:TrackPointExtension>
            <ns3:hr>154</ns3:hr>
            <ns3:cad>89</ns3:cad>
          </ns3:TrackPointExtension>
        </extensions>
      </trkpt>
      <trkpt lat="30.618920624256134033203125" lon="103.9910779707133769989013671875">
        <ele>495.20001220703125</ele>
        <time>2026-02-27T12:03:34.000Z</time>
        <extensions>
          <ns3:TrackPointExtension>
            <ns3:hr>155</ns3:hr>
            <ns3:cad>89</ns3:cad>
          </ns3:TrackPointExtension>
        </extensions>
      </trkpt>
      <trkpt lat="30.61894149519503116607666015625" lon="103.99109599180519580841064453125">
        <ele>495.20001220703125</ele>
        <time>2026-02-27T12:03:35.000Z</time>
        <extensions>
          <ns3:TrackPointExtension>
            <ns3:hr>154</ns3:hr>
            <ns3:cad>89</ns3:cad>
          </ns3:TrackPointExtension>
        </extensions>
      </trkpt>
      <trkpt lat="30.618961192667484283447265625" lon="103.99111728183925151824951171875">
        <ele>495.20001220703125</ele>
        <time>2026-02-27T12:03:36.000Z</time>
        <extensions>
          <ns3:TrackPointExtension>
            <ns3:hr>154</ns3:hr>
            <ns3:cad>89</ns3:cad>
          </ns3:TrackPointExtension>
        </extensions>
      </trkpt>
      <trkpt lat="30.61898558400571346282958984375" lon="103.9911269210278987884521484375">
        <ele>495.399993896484375</ele>
        <time>2026-02-27T12:03:37.000Z</time>
        <extensions>
          <ns3:TrackPointExtension>
            <ns3:hr>155</ns3:hr>
            <ns3:cad>88</ns3:cad>
          </ns3:TrackPointExtension>
        </extensions>
      </trkpt>
      <trkpt lat="30.61900846660137176513671875" lon="103.99113873951137065887451171875">
        <ele>495.399993896484375</ele>
        <time>2026-02-27T12:03:38.000Z</time>
        <extensions>
          <ns3:TrackPointExtension>
            <ns3:hr>155</ns3:hr>
            <ns3:cad>88</ns3:cad>
          </ns3:TrackPointExtension>
        </extensions>
      </trkpt>
      <trkpt lat="30.61903034336864948272705078125" lon="103.99114712141454219818115234375">
        <ele>495.600006103515625</ele>
        <time>2026-02-27T12:03:39.000Z</time>
        <extensions>
          <ns3:TrackPointExtension>
            <ns3:hr>155</ns3:hr>
            <ns3:cad>89</ns3:cad>
          </ns3:TrackPointExtension>
        </extensions>
      </trkpt>
      <trkpt lat="30.61905716545879840850830078125" lon="103.9911530725657939910888671875">
        <ele>495.79998779296875</ele>
        <time>2026-02-27T12:03:40.000Z</time>
        <extensions>
          <ns3:TrackPointExtension>
            <ns3:hr>154</ns3:hr>
            <ns3:cad>89</ns3:cad>
          </ns3:TrackPointExtension>
        </extensions>
      </trkpt>
      <trkpt lat="30.61908549629151821136474609375" lon="103.991152234375476837158203125">
        <ele>495.79998779296875</ele>
        <time>2026-02-27T12:03:41.000Z</time>
        <extensions>
          <ns3:TrackPointExtension>
            <ns3:hr>155</ns3:hr>
            <ns3:cad>89</ns3:cad>
          </ns3:TrackPointExtension>
        </extensions>
      </trkpt>
      <trkpt lat="30.61911634169518947601318359375" lon="103.9911426790058612823486328125">
        <ele>496</ele>
        <time>2026-02-27T12:03:42.000Z</time>
        <extensions>
          <ns3:TrackPointExtension>
            <ns3:hr>155</ns3:hr>
            <ns3:cad>90</ns3:cad>
          </ns3:TrackPointExtension>
        </extensions>
      </trkpt>
      <trkpt lat="30.61914735473692417144775390625" lon="103.99112683720886707305908203125">
        <ele>496</ele>
        <time>2026-02-27T12:03:43.000Z</time>
        <extensions>
          <ns3:TrackPointExtension>
            <ns3:hr>154</ns3:hr>
            <ns3:cad>90</ns3:cad>
          </ns3:TrackPointExtension>
        </extensions>
      </trkpt>
      <trkpt lat="30.6191682256758213043212890625" lon="103.9911007694900035858154296875">
        <ele>496</ele>
        <time>2026-02-27T12:03:44.000Z</time>
        <extensions>
          <ns3:TrackPointExtension>
            <ns3:hr>155</ns3:hr>
            <ns3:cad>90</ns3:cad>
          </ns3:TrackPointExtension>
        </extensions>
      </trkpt>
      <trkpt lat="30.6191928684711456298828125" lon="103.99107017554342746734619140625">
        <ele>495.79998779296875</ele>
        <time>2026-02-27T12:03:45.000Z</time>
        <extensions>
          <ns3:TrackPointExtension>
            <ns3:hr>155</ns3:hr>
            <ns3:cad>90</ns3:cad>
          </ns3:TrackPointExtension>
        </extensions>
      </trkpt>
      <trkpt lat="30.6192151643335819244384765625" lon="103.9910414256155490875244140625">
        <ele>495.79998779296875</ele>
        <time>2026-02-27T12:03:46.000Z</time>
        <extensions>
          <ns3:TrackPointExtension>
            <ns3:hr>155</ns3:hr>
            <ns3:cad>90</ns3:cad>
          </ns3:TrackPointExtension>
        </extensions>
      </trkpt>
      <trkpt lat="30.6192433275282382965087890625" lon="103.9910149388015270233154296875">
        <ele>495.600006103515625</ele>
        <time>2026-02-27T12:03:47.000Z</time>
        <extensions>
          <ns3:TrackPointExtension>
            <ns3:hr>154</ns3:hr>
            <ns3:cad>90</ns3:cad>
          </ns3:TrackPointExtension>
        </extensions>
      </trkpt>
      <trkpt lat="30.6192679703235626220703125" lon="103.99098920635879039764404296875">
        <ele>495.79998779296875</ele>
        <time>2026-02-27T12:03:48.000Z</time>
        <extensions>
          <ns3:TrackPointExtension>
            <ns3:hr>155</ns3:hr>
            <ns3:cad>90</ns3:cad>
          </ns3:TrackPointExtension>
        </extensions>
      </trkpt>
      <trkpt lat="30.619290433824062347412109375" lon="103.99096590466797351837158203125">
        <ele>495.600006103515625</ele>
        <time>2026-02-27T12:03:49.000Z</time>
        <extensions>
          <ns3:TrackPointExtension>
            <ns3:hr>155</ns3:hr>
            <ns3:cad>90</ns3:cad>
          </ns3:TrackPointExtension>
        </extensions>
      </trkpt>
      <trkpt lat="30.6193026714026927947998046875" lon="103.9909525774419307708740234375">
        <ele>495.79998779296875</ele>
        <time>2026-02-27T12:03:50.000Z</time>
        <extensions>
          <ns3:TrackPointExtension>
            <ns3:hr>155</ns3:hr>
            <ns3:cad>90</ns3:cad>
          </ns3:TrackPointExtension>
        </extensions>
      </trkpt>
      <trkpt lat="30.61932228505611419677734375" lon="103.99093606509268283843994140625">
        <ele>495.600006103515625</ele>
        <time>2026-02-27T12:03:51.000Z</time>
        <extensions>
          <ns3:TrackPointExtension>
            <ns3:hr>155</ns3:hr>
            <ns3:cad>90</ns3:cad>
          </ns3:TrackPointExtension>
        </extensions>
      </trkpt>
      <trkpt lat="30.61932899057865142822265625" lon="103.99092751555144786834716796875">
        <ele>495.600006103515625</ele>
        <time>2026-02-27T12:03:52.000Z</time>
        <extensions>
          <ns3:TrackPointExtension>
            <ns3:hr>155</ns3:hr>
            <ns3:cad>89</ns3:cad>
          </ns3:TrackPointExtension>
        </extensions>
      </trkpt>
      <trkpt lat="30.6193355284631252288818359375" lon="103.99091527797281742095947265625">
        <ele>495.600006103515625</ele>
        <time>2026-02-27T12:03:53.000Z</time>
        <extensions>
          <ns3:TrackPointExtension>
            <ns3:hr>156</ns3:hr>
            <ns3:cad>88</ns3:cad>
          </ns3:TrackPointExtension>
        </extensions>
      </trkpt>
      <trkpt lat="30.61935053206980228424072265625" lon="103.990900777280330657958984375">
        <ele>495.600006103515625</ele>
        <time>2026-02-27T12:03:54.000Z</time>
        <extensions>
          <ns3:TrackPointExtension>
            <ns3:hr>156</ns3:hr>
            <ns3:cad>89</ns3:cad>
          </ns3:TrackPointExtension>
        </extensions>
      </trkpt>
      <trkpt lat="30.61937592923641204833984375" lon="103.9908915571868419647216796875">
        <ele>495.600006103515625</ele>
        <time>2026-02-27T12:03:55.000Z</time>
        <extensions>
          <ns3:TrackPointExtension>
            <ns3:hr>156</ns3:hr>
            <ns3:cad>89</ns3:cad>
          </ns3:TrackPointExtension>
        </extensions>
      </trkpt>
      <trkpt lat="30.61940417625010013580322265625" lon="103.99088342674076557159423828125">
        <ele>495.600006103515625</ele>
        <time>2026-02-27T12:03:56.000Z</time>
        <extensions>
          <ns3:TrackPointExtension>
            <ns3:hr>156</ns3:hr>
            <ns3:cad>89</ns3:cad>
          </ns3:TrackPointExtension>
        </extensions>
      </trkpt>
      <trkpt lat="30.6194315850734710693359375" lon="103.99087764322757720947265625">
        <ele>495.600006103515625</ele>
        <time>2026-02-27T12:03:57.000Z</time>
        <extensions>
          <ns3:TrackPointExtension>
            <ns3:hr>156</ns3:hr>
            <ns3:cad>89</ns3:cad>
          </ns3:TrackPointExtension>
        </extensions>
      </trkpt>
      <trkpt lat="30.61945949681103229522705078125" lon="103.99087135680019855499267578125">
        <ele>495.399993896484375</ele>
        <time>2026-02-27T12:03:58.000Z</time>
        <extensions>
          <ns3:TrackPointExtension>
            <ns3:hr>155</ns3:hr>
            <ns3:cad>89</ns3:cad>
          </ns3:TrackPointExtension>
        </extensions>
      </trkpt>
      <trkpt lat="30.619490258395671844482421875" lon="103.99086263962090015411376953125">
        <ele>495.399993896484375</ele>
        <time>2026-02-27T12:03:59.000Z</time>
        <extensions>
          <ns3:TrackPointExtension>
            <ns3:hr>156</ns3:hr>
            <ns3:cad>89</ns3:cad>
          </ns3:TrackPointExtension>
        </extensions>
      </trkpt>
      <trkpt lat="30.619525127112865447998046875" lon="103.99084746837615966796875">
        <ele>495.399993896484375</ele>
        <time>2026-02-27T12:04:00.000Z</time>
        <extensions>
          <ns3:TrackPointExtension>
            <ns3:hr>156</ns3:hr>
            <ns3:cad>89</ns3:cad>
          </ns3:TrackPointExtension>
        </extensions>
      </trkpt>
      <trkpt lat="30.619557984173297882080078125" lon="103.99082131683826446533203125">
        <ele>495.399993896484375</ele>
        <time>2026-02-27T12:04:01.000Z</time>
        <extensions>
          <ns3:TrackPointExtension>
            <ns3:hr>157</ns3:hr>
            <ns3:cad>89</ns3:cad>
          </ns3:TrackPointExtension>
        </extensions>
      </trkpt>
      <trkpt lat="30.6195889972150325775146484375" lon="103.9907906390726566314697265625">
        <ele>495.399993896484375</ele>
        <time>2026-02-27T12:04:02.000Z</time>
        <extensions>
          <ns3:TrackPointExtension>
            <ns3:hr>157</ns3:hr>
            <ns3:cad>90</ns3:cad>
          </ns3:TrackPointExtension>
        </extensions>
      </trkpt>
      <trkpt lat="30.6196097843348979949951171875" lon="103.9907601289451122283935546875">
        <ele>495.399993896484375</ele>
        <time>2026-02-27T12:04:03.000Z</time>
        <extensions>
          <ns3:TrackPointExtension>
            <ns3:hr>158</ns3:hr>
            <ns3:cad>91</ns3:cad>
          </ns3:TrackPointExtension>
        </extensions>
      </trkpt>
      <trkpt lat="30.6196309067308902740478515625" lon="103.9907209016382694244384765625">
        <ele>495.399993896484375</ele>
        <time>2026-02-27T12:04:04.000Z</time>
        <extensions>
          <ns3:TrackPointExtension>
            <ns3:hr>158</ns3:hr>
            <ns3:cad>91</ns3:cad>
          </ns3:TrackPointExtension>
        </extensions>
      </trkpt>
      <trkpt lat="30.6196434795856475830078125" lon="103.9906833507120609283447265625">
        <ele>495.399993896484375</ele>
        <time>2026-02-27T12:04:05.000Z</time>
        <extensions>
          <ns3:TrackPointExtension>
            <ns3:hr>158</ns3:hr>
            <ns3:cad>90</ns3:cad>
          </ns3:TrackPointExtension>
        </extensions>
      </trkpt>
      <trkpt lat="30.61965093947947025299072265625" lon="103.99064353667199611663818359375">
        <ele>495.20001220703125</ele>
        <time>2026-02-27T12:04:06.000Z</time>
        <extensions>
          <ns3:TrackPointExtension>
            <ns3:hr>158</ns3:hr>
            <ns3:cad>90</ns3:cad>
          </ns3:TrackPointExtension>
        </extensions>
      </trkpt>
      <trkpt lat="30.61964943073689937591552734375" lon="103.99060447700321674346923828125">
        <ele>495.20001220703125</ele>
        <time>2026-02-27T12:04:07.000Z</time>
        <extensions>
          <ns3:TrackPointExtension>
            <ns3:hr>158</ns3:hr>
            <ns3:cad>89</ns3:cad>
          </ns3:TrackPointExtension>
        </extensions>
      </trkpt>
      <trkpt lat="30.619641803205013275146484375" lon="103.99056918919086456298828125">
        <ele>495</ele>
        <time>2026-02-27T12:04:08.000Z</time>
        <extensions>
          <ns3:TrackPointExtension>
            <ns3:hr>158</ns3:hr>
            <ns3:cad>89</ns3:cad>
          </ns3:TrackPointExtension>
        </extensions>
      </trkpt>
      <trkpt lat="30.61962981708347797393798828125" lon="103.9905368350446224212646484375">
        <ele>495</ele>
        <time>2026-02-27T12:04:09.000Z</time>
        <extensions>
          <ns3:TrackPointExtension>
            <ns3:hr>158</ns3:hr>
            <ns3:cad>89</ns3:cad>
          </ns3:TrackPointExtension>
        </extensions>
      </trkpt>
      <trkpt lat="30.6196181662380695343017578125" lon="103.990499116480350494384765625">
        <ele>494.79998779296875</ele>
        <time>2026-02-27T12:04:10.000Z</time>
        <extensions>
          <ns3:TrackPointExtension>
            <ns3:hr>158</ns3:hr>
            <ns3:cad>89</ns3:cad>
          </ns3:TrackPointExtension>
        </extensions>
      </trkpt>
      <trkpt lat="30.61960349790751934051513671875" lon="103.9904701150953769683837890625">
        <ele>494.79998779296875</ele>
        <time>2026-02-27T12:04:11.000Z</time>
        <extensions>
          <ns3:TrackPointExtension>
            <ns3:hr>158</ns3:hr>
            <ns3:cad>89</ns3:cad>
          </ns3:TrackPointExtension>
        </extensions>
      </trkpt>
      <trkpt lat="30.6195898354053497314453125" lon="103.99044052697718143463134765625">
        <ele>494.79998779296875</ele>
        <time>2026-02-27T12:04:12.000Z</time>
        <extensions>
          <ns3:TrackPointExtension>
            <ns3:hr>158</ns3:hr>
            <ns3:cad>92</ns3:cad>
          </ns3:TrackPointExtension>
        </extensions>
      </trkpt>
      <trkpt lat="30.6195749156177043914794921875" lon="103.99040783755481243133544921875">
        <ele>494.79998779296875</ele>
        <time>2026-02-27T12:04:13.000Z</time>
        <extensions>
          <ns3:TrackPointExtension>
            <ns3:hr>157</ns3:hr>
            <ns3:cad>92</ns3:cad>
          </ns3:TrackPointExtension>
        </extensions>
      </trkpt>
      <trkpt lat="30.619559995830059051513671875" lon="103.99037967436015605926513671875">
        <ele>494.79998779296875</ele>
        <time>2026-02-27T12:04:14.000Z</time>
        <extensions>
          <ns3:TrackPointExtension>
            <ns3:hr>157</ns3:hr>
            <ns3:cad>91</ns3:cad>
          </ns3:TrackPointExtension>
        </extensions>
      </trkpt>
      <trkpt lat="30.61954624950885772705078125" lon="103.9903477393090724945068359375">
        <ele>494.600006103515625</ele>
        <time>2026-02-27T12:04:15.000Z</time>
        <extensions>
          <ns3:TrackPointExtension>
            <ns3:hr>158</ns3:hr>
            <ns3:cad>91</ns3:cad>
          </ns3:TrackPointExtension>
        </extensions>
      </trkpt>
      <trkpt lat="30.6195323355495929718017578125" lon="103.99031974375247955322265625">
        <ele>494.600006103515625</ele>
        <time>2026-02-27T12:04:16.000Z</time>
        <extensions>
          <ns3:TrackPointExtension>
            <ns3:hr>157</ns3:hr>
            <ns3:cad>90</ns3:cad>
          </ns3:TrackPointExtension>
        </extensions>
      </trkpt>
      <trkpt lat="30.6195236183702945709228515625" lon="103.990282528102397918701171875">
        <ele>494.600006103515625</ele>
        <time>2026-02-27T12:04:17.000Z</time>
        <extensions>
          <ns3:TrackPointExtension>
            <ns3:hr>157</ns3:hr>
            <ns3:cad>90</ns3:cad>
          </ns3:TrackPointExtension>
        </extensions>
      </trkpt>
      <trkpt lat="30.61951406300067901611328125" lon="103.990248329937458038330078125">
        <ele>494.399993896484375</ele>
        <time>2026-02-27T12:04:18.000Z</time>
        <extensions>
          <ns3:TrackPointExtension>
            <ns3:hr>157</ns3:hr>
            <ns3:cad>90</ns3:cad>
          </ns3:TrackPointExtension>
        </extensions>
      </trkpt>
      <trkpt lat="30.6195071898400783538818359375" lon="103.9902096055448055267333984375">
        <ele>494.399993896484375</ele>
        <time>2026-02-27T12:04:19.000Z</time>
        <extensions>
          <ns3:TrackPointExtension>
            <ns3:hr>157</ns3:hr>
            <ns3:cad>90</ns3:cad>
          </ns3:TrackPointExtension>
        </extensions>
      </trkpt>
      <trkpt lat="30.61950140632688999176025390625" lon="103.99017767049372196197509765625">
        <ele>494.399993896484375</ele>
        <time>2026-02-27T12:04:20.000Z</time>
        <extensions>
          <ns3:TrackPointExtension>
            <ns3:hr>156</ns3:hr>
            <ns3:cad>90</ns3:cad>
          </ns3:TrackPointExtension>
        </extensions>
      </trkpt>
      <trkpt lat="30.61949050985276699066162109375" lon="103.9901412092149257659912109375">
        <ele>494.399993896484375</ele>
        <time>2026-02-27T12:04:21.000Z</time>
        <extensions>
          <ns3:TrackPointExtension>
            <ns3:hr>156</ns3:hr>
            <ns3:cad>90</ns3:cad>
          </ns3:TrackPointExtension>
        </extensions>
      </trkpt>
      <trkpt lat="30.61947793699800968170166015625" lon="103.99011195637285709381103515625">
        <ele>494.399993896484375</ele>
        <time>2026-02-27T12:04:22.000Z</time>
        <extensions>
          <ns3:TrackPointExtension>
            <ns3:hr>156</ns3:hr>
            <ns3:cad>90</ns3:cad>
          </ns3:TrackPointExtension>
        </extensions>
      </trkpt>
      <trkpt lat="30.61946301721036434173583984375" lon="103.99008412845432758331298828125">
        <ele>494.399993896484375</ele>
        <time>2026-02-27T12:04:23.000Z</time>
        <extensions>
          <ns3:TrackPointExtension>
            <ns3:hr>157</ns3:hr>
            <ns3:cad>90</ns3:cad>
          </ns3:TrackPointExtension>
        </extensions>
      </trkpt>
      <trkpt lat="30.61944910325109958648681640625" lon="103.9900575578212738037109375">
        <ele>494.20001220703125</ele>
        <time>2026-02-27T12:04:24.000Z</time>
        <extensions>
          <ns3:TrackPointExtension>
            <ns3:hr>157</ns3:hr>
            <ns3:cad>90</ns3:cad>
          </ns3:TrackPointExtension>
        </extensions>
      </trkpt>
      <trkpt lat="30.61943351291120052337646484375" lon="103.9900322444736957550048828125">
        <ele>494.20001220703125</ele>
        <time>2026-02-27T12:04:25.000Z</time>
        <extensions>
          <ns3:TrackPointExtension>
            <ns3:hr>157</ns3:hr>
            <ns3:cad>90</ns3:cad>
          </ns3:TrackPointExtension>
        </extensions>
      </trkpt>
      <trkpt lat="30.61941825784742832183837890625" lon="103.990006931126117706298828125">
        <ele>494.20001220703125</ele>
        <time>2026-02-27T12:04:26.000Z</time>
        <extensions>
          <ns3:TrackPointExtension>
            <ns3:hr>157</ns3:hr>
            <ns3:cad>90</ns3:cad>
          </ns3:TrackPointExtension>
        </extensions>
      </trkpt>
      <trkpt lat="30.61939965002238750457763671875" lon="103.9899797737598419189453125">
        <ele>494.20001220703125</ele>
        <time>2026-02-27T12:04:27.000Z</time>
        <extensions>
          <ns3:TrackPointExtension>
            <ns3:hr>156</ns3:hr>
            <ns3:cad>90</ns3:cad>
          </ns3:TrackPointExtension>
        </extensions>
      </trkpt>
      <trkpt lat="30.6193838082253932952880859375" lon="103.98995487950742244720458984375">
        <ele>494.20001220703125</ele>
        <time>2026-02-27T12:04:28.000Z</time>
        <extensions>
          <ns3:TrackPointExtension>
            <ns3:hr>156</ns3:hr>
            <ns3:cad>89</ns3:cad>
          </ns3:TrackPointExtension>
        </extensions>
      </trkpt>
      <trkpt lat="30.61936578713357448577880859375" lon="103.989925794303417205810546875">
        <ele>494.20001220703125</ele>
        <time>2026-02-27T12:04:29.000Z</time>
        <extensions>
          <ns3:TrackPointExtension>
            <ns3:hr>156</ns3:hr>
            <ns3:cad>89</ns3:cad>
          </ns3:TrackPointExtension>
        </extensions>
      </trkpt>
      <trkpt lat="30.619346760213375091552734375" lon="103.98990131914615631103515625">
        <ele>494.20001220703125</ele>
        <time>2026-02-27T12:04:30.000Z</time>
        <extensions>
          <ns3:TrackPointExtension>
            <ns3:hr>156</ns3:hr>
            <ns3:cad>89</ns3:cad>
          </ns3:TrackPointExtension>
        </extensions>
      </trkpt>
      <trkpt lat="30.61932655982673168182373046875" lon="103.98987575434148311614990234375">
        <ele>494.20001220703125</ele>
        <time>2026-02-27T12:04:31.000Z</time>
        <extensions>
          <ns3:TrackPointExtension>
            <ns3:hr>157</ns3:hr>
            <ns3:cad>89</ns3:cad>
          </ns3:TrackPointExtension>
        </extensions>
      </trkpt>
      <trkpt lat="30.61930543743073940277099609375" lon="103.9898528717458248138427734375">
        <ele>494.20001220703125</ele>
        <time>2026-02-27T12:04:32.000Z</time>
        <extensions>
          <ns3:TrackPointExtension>
            <ns3:hr>156</ns3:hr>
            <ns3:cad>90</ns3:cad>
          </ns3:TrackPointExtension>
        </extensions>
      </trkpt>
      <trkpt lat="30.61928146518766880035400390625" lon="103.98983669467270374298095703125">
        <ele>494</ele>
        <time>2026-02-27T12:04:33.000Z</time>
        <extensions>
          <ns3:TrackPointExtension>
            <ns3:hr>156</ns3:hr>
            <ns3:cad>90</ns3:cad>
          </ns3:TrackPointExtension>
        </extensions>
      </trkpt>
      <trkpt lat="30.6192580796778202056884765625" lon="103.98981548845767974853515625">
        <ele>494</ele>
        <time>2026-02-27T12:04:34.000Z</time>
        <extensions>
          <ns3:TrackPointExtension>
            <ns3:hr>157</ns3:hr>
            <ns3:cad>90</ns3:cad>
          </ns3:TrackPointExtension>
        </extensions>
      </trkpt>
      <trkpt lat="30.619237460196018218994140625" lon="103.989791013300418853759765625">
        <ele>494</ele>
        <time>2026-02-27T12:04:35.000Z</time>
        <extensions>
          <ns3:TrackPointExtension>
            <ns3:hr>157</ns3:hr>
            <ns3:cad>89</ns3:cad>
          </ns3:TrackPointExtension>
        </extensions>
      </trkpt>
      <trkpt lat="30.61922312714159488677978515625" lon="103.9897610060870647430419921875">
        <ele>494</ele>
        <time>2026-02-27T12:04:36.000Z</time>
        <extensions>
          <ns3:TrackPointExtension>
            <ns3:hr>156</ns3:hr>
            <ns3:cad>89</ns3:cad>
          </ns3:TrackPointExtension>
        </extensions>
      </trkpt>
      <trkpt lat="30.61921306885778903961181640625" lon="103.9897288195788860321044921875">
        <ele>494</ele>
        <time>2026-02-27T12:04:37.000Z</time>
        <extensions>
          <ns3:TrackPointExtension>
            <ns3:hr>156</ns3:hr>
            <ns3:cad>90</ns3:cad>
          </ns3:TrackPointExtension>
        </extensions>
      </trkpt>
      <trkpt lat="30.6192035973072052001953125" lon="103.989695124328136444091796875">
        <ele>494</ele>
        <time>2026-02-27T12:04:38.000Z</time>
        <extensions>
          <ns3:TrackPointExtension>
            <ns3:hr>157</ns3:hr>
            <ns3:cad>90</ns3:cad>
          </ns3:TrackPointExtension>
        </extensions>
      </trkpt>
      <trkpt lat="30.61919529922306537628173828125" lon="103.98966335691511631011962890625">
        <ele>494</ele>
        <time>2026-02-27T12:04:39.000Z</time>
        <extensions>
          <ns3:TrackPointExtension>
            <ns3:hr>157</ns3:hr>
            <ns3:cad>90</ns3:cad>
          </ns3:TrackPointExtension>
        </extensions>
      </trkpt>
      <trkpt lat="30.61918708495795726776123046875" lon="103.98963133804500102996826171875">
        <ele>494</ele>
        <time>2026-02-27T12:04:40.000Z</time>
        <extensions>
          <ns3:TrackPointExtension>
            <ns3:hr>157</ns3:hr>
            <ns3:cad>90</ns3:cad>
          </ns3:TrackPointExtension>
        </extensions>
      </trkpt>
      <trkpt lat="30.61918054707348346710205078125" lon="103.98959613405168056488037109375">
        <ele>494</ele>
        <time>2026-02-27T12:04:41.000Z</time>
        <extensions>
          <ns3:TrackPointExtension>
            <ns3:hr>157</ns3:hr>
            <ns3:cad>90</ns3:cad>
          </ns3:TrackPointExtension>
        </extensions>
      </trkpt>
      <trkpt lat="30.61917476356029510498046875" lon="103.98956176824867725372314453125">
        <ele>494</ele>
        <time>2026-02-27T12:04:42.000Z</time>
        <extensions>
          <ns3:TrackPointExtension>
            <ns3:hr>157</ns3:hr>
            <ns3:cad>90</ns3:cad>
          </ns3:TrackPointExtension>
        </extensions>
      </trkpt>
      <trkpt lat="30.6191647052764892578125" lon="103.989530168473720550537109375">
        <ele>494</ele>
        <time>2026-02-27T12:04:43.000Z</time>
        <extensions>
          <ns3:TrackPointExtension>
            <ns3:hr>158</ns3:hr>
            <ns3:cad>89</ns3:cad>
          </ns3:TrackPointExtension>
        </extensions>
      </trkpt>
      <trkpt lat="30.61915875412523746490478515625" lon="103.98949672468006610870361328125">
        <ele>494</ele>
        <time>2026-02-27T12:04:44.000Z</time>
        <extensions>
          <ns3:TrackPointExtension>
            <ns3:hr>157</ns3:hr>
            <ns3:cad>89</ns3:cad>
          </ns3:TrackPointExtension>
        </extensions>
      </trkpt>
      <trkpt lat="30.6191481091082096099853515625" lon="103.9894696511328220367431640625">
        <ele>494</ele>
        <time>2026-02-27T12:04:45.000Z</time>
        <extensions>
          <ns3:TrackPointExtension>
            <ns3:hr>157</ns3:hr>
            <ns3:cad>89</ns3:cad>
          </ns3:TrackPointExtension>
        </extensions>
      </trkpt>
      <trkpt lat="30.61913595534861087799072265625" lon="103.9894388057291507720947265625">
        <ele>494</ele>
        <time>2026-02-27T12:04:46.000Z</time>
        <extensions>
          <ns3:TrackPointExtension>
            <ns3:hr>158</ns3:hr>
            <ns3:cad>89</ns3:cad>
          </ns3:TrackPointExtension>
        </extensions>
      </trkpt>
      <trkpt lat="30.61912321485579013824462890625" lon="103.98941508494317531585693359375">
        <ele>494</ele>
        <time>2026-02-27T12:04:47.000Z</time>
        <extensions>
          <ns3:TrackPointExtension>
            <ns3:hr>157</ns3:hr>
            <ns3:cad>89</ns3:cad>
          </ns3:TrackPointExtension>
        </extensions>
      </trkpt>
      <trkpt lat="30.61910863034427165985107421875" lon="103.98938641883432865142822265625">
        <ele>494</ele>
        <time>2026-02-27T12:04:48.000Z</time>
        <extensions>
          <ns3:TrackPointExtension>
            <ns3:hr>157</ns3:hr>
            <ns3:cad>89</ns3:cad>
          </ns3:TrackPointExtension>
        </extensions>
      </trkpt>
      <trkpt lat="30.6190934590995311737060546875" lon="103.9893620274960994720458984375">
        <ele>494</ele>
        <time>2026-02-27T12:04:49.000Z</time>
        <extensions>
          <ns3:TrackPointExtension>
            <ns3:hr>158</ns3:hr>
            <ns3:cad>89</ns3:cad>
          </ns3:TrackPointExtension>
        </extensions>
      </trkpt>
      <trkpt lat="30.61907418072223663330078125" lon="103.98933981545269489288330078125">
        <ele>494</ele>
        <time>2026-02-27T12:04:50.000Z</time>
        <extensions>
          <ns3:TrackPointExtension>
            <ns3:hr>157</ns3:hr>
            <ns3:cad>88</ns3:cad>
          </ns3:TrackPointExtension>
        </extensions>
      </trkpt>
      <trkpt lat="30.6190507113933563232421875" lon="103.98932388983666896820068359375">
        <ele>494</ele>
        <time>2026-02-27T12:04:51.000Z</time>
        <extensions>
          <ns3:TrackPointExtension>
            <ns3:hr>157</ns3:hr>
            <ns3:cad>88</ns3:cad>
          </ns3:TrackPointExtension>
        </extensions>
      </trkpt>
      <trkpt lat="30.6190223805606365203857421875" lon="103.989304192364215850830078125">
        <ele>494</ele>
        <time>2026-02-27T12:04:52.000Z</time>
        <extensions>
          <ns3:TrackPointExtension>
            <ns3:hr>158</ns3:hr>
            <ns3:cad>89</ns3:cad>
          </ns3:TrackPointExtension>
        </extensions>
      </trkpt>
      <trkpt lat="30.6189970672130584716796875" lon="103.98929254151880741119384765625">
        <ele>494</ele>
        <time>2026-02-27T12:04:53.000Z</time>
        <extensions>
          <ns3:TrackPointExtension>
            <ns3:hr>157</ns3:hr>
            <ns3:cad>89</ns3:cad>
          </ns3:TrackPointExtension>
        </extensions>
      </trkpt>
      <trkpt lat="30.6189694069325923919677734375" lon="103.98927259258925914764404296875">
        <ele>494.20001220703125</ele>
        <time>2026-02-27T12:04:54.000Z</time>
        <extensions>
          <ns3:TrackPointExtension>
            <ns3:hr>157</ns3:hr>
            <ns3:cad>89</ns3:cad>
          </ns3:TrackPointExtension>
        </extensions>
      </trkpt>
      <trkpt lat="30.61894887126982212066650390625" lon="103.9892580918967723846435546875">
        <ele>494.20001220703125</ele>
        <time>2026-02-27T12:04:55.000Z</time>
        <extensions>
          <ns3:TrackPointExtension>
            <ns3:hr>158</ns3:hr>
            <ns3:cad>90</ns3:cad>
          </ns3:TrackPointExtension>
        </extensions>
      </trkpt>
      <trkpt lat="30.61892892234027385711669921875" lon="103.989229090511798858642578125">
        <ele>494.20001220703125</ele>
        <time>2026-02-27T12:04:56.000Z</time>
        <extensions>
          <ns3:TrackPointExtension>
            <ns3:hr>157</ns3:hr>
            <ns3:cad>90</ns3:cad>
          </ns3:TrackPointExtension>
        </extensions>
      </trkpt>
      <trkpt lat="30.61891417019069194793701171875" lon="103.98920369334518909454345703125">
        <ele>494.20001220703125</ele>
        <time>2026-02-27T12:04:57.000Z</time>
        <extensions>
          <ns3:TrackPointExtension>
            <ns3:hr>157</ns3:hr>
            <ns3:cad>89</ns3:cad>
          </ns3:TrackPointExtension>
        </extensions>
      </trkpt>
      <trkpt lat="30.6189020164310932159423828125" lon="103.98917175829410552978515625">
        <ele>494.20001220703125</ele>
        <time>2026-02-27T12:04:58.000Z</time>
        <extensions>
          <ns3:TrackPointExtension>
            <ns3:hr>158</ns3:hr>
            <ns3:cad>89</ns3:cad>
          </ns3:TrackPointExtension>
        </extensions>
      </trkpt>
      <trkpt lat="30.61888952739536762237548828125" lon="103.98914585821330547332763671875">
        <ele>494</ele>
        <time>2026-02-27T12:04:59.000Z</time>
        <extensions>
          <ns3:TrackPointExtension>
            <ns3:hr>157</ns3:hr>
            <ns3:cad>89</ns3:cad>
          </ns3:TrackPointExtension>
        </extensions>
      </trkpt>
      <trkpt lat="30.618882067501544952392578125" lon="103.98910528980195522308349609375">
        <ele>494</ele>
        <time>2026-02-27T12:05:00.000Z</time>
        <extensions>
          <ns3:TrackPointExtension>
            <ns3:hr>157</ns3:hr>
            <ns3:cad>89</ns3:cad>
          </ns3:TrackPointExtension>
        </extensions>
      </trkpt>
      <trkpt lat="30.618874020874500274658203125" lon="103.98907519876956939697265625">
        <ele>494.20001220703125</ele>
        <time>2026-02-27T12:05:01.000Z</time>
        <extensions>
          <ns3:TrackPointExtension>
            <ns3:hr>157</ns3:hr>
            <ns3:cad>89</ns3:cad>
          </ns3:TrackPointExtension>
        </extensions>
      </trkpt>
      <trkpt lat="30.61887661926448345184326171875" lon="103.98903488181531429290771484375">
        <ele>494.399993896484375</ele>
        <time>2026-02-27T12:05:02.000Z</time>
        <extensions>
          <ns3:TrackPointExtension>
            <ns3:hr>157</ns3:hr>
            <ns3:cad>89</ns3:cad>
          </ns3:TrackPointExtension>
        </extensions>
      </trkpt>
      <trkpt lat="30.6188778765499591827392578125" lon="103.9890089817345142364501953125">
        <ele>494.399993896484375</ele>
        <time>2026-02-27T12:05:03.000Z</time>
        <extensions>
          <ns3:TrackPointExtension>
            <ns3:hr>156</ns3:hr>
            <ns3:cad>89</ns3:cad>
          </ns3:TrackPointExtension>
        </extensions>
      </trkpt>
      <trkpt lat="30.618891455233097076416015625" lon="103.9889767952263355255126953125">
        <ele>494.399993896484375</ele>
        <time>2026-02-27T12:05:04.000Z</time>
        <extensions>
          <ns3:TrackPointExtension>
            <ns3:hr>156</ns3:hr>
            <ns3:cad>89</ns3:cad>
          </ns3:TrackPointExtension>
        </extensions>
      </trkpt>
      <trkpt lat="30.6189050339162349700927734375" lon="103.988951481878757476806640625">
        <ele>494.399993896484375</ele>
        <time>2026-02-27T12:05:05.000Z</time>
        <extensions>
          <ns3:TrackPointExtension>
            <ns3:hr>157</ns3:hr>
            <ns3:cad>89</ns3:cad>
          </ns3:TrackPointExtension>
        </extensions>
      </trkpt>
      <trkpt lat="30.61893093399703502655029296875" lon="103.98891988210380077362060546875">
        <ele>494.399993896484375</ele>
        <time>2026-02-27T12:05:06.000Z</time>
        <extensions>
          <ns3:TrackPointExtension>
            <ns3:hr>157</ns3:hr>
            <ns3:cad>89</ns3:cad>
          </ns3:TrackPointExtension>
        </extensions>
      </trkpt>
      <trkpt lat="30.61894937418401241302490234375" lon="103.988900519907474517822265625">
        <ele>494.399993896484375</ele>
        <time>2026-02-27T12:05:07.000Z</time>
        <extensions>
          <ns3:TrackPointExtension>
            <ns3:hr>156</ns3:hr>
            <ns3:cad>89</ns3:cad>
          </ns3:TrackPointExtension>
        </extensions>
      </trkpt>
      <trkpt lat="30.61896689236164093017578125" lon="103.98887763731181621551513671875">
        <ele>494.399993896484375</ele>
        <time>2026-02-27T12:05:08.000Z</time>
        <extensions>
          <ns3:TrackPointExtension>
            <ns3:hr>156</ns3:hr>
            <ns3:cad>89</ns3:cad>
          </ns3:TrackPointExtension>
        </extensions>
      </trkpt>
      <trkpt lat="30.61898843385279178619384765625" lon="103.9888567663729190826416015625">
        <ele>494.399993896484375</ele>
        <time>2026-02-27T12:05:09.000Z</time>
        <extensions>
          <ns3:TrackPointExtension>
            <ns3:hr>156</ns3:hr>
            <ns3:cad>89</ns3:cad>
          </ns3:TrackPointExtension>
        </extensions>
      </trkpt>
      <trkpt lat="30.61900938861072063446044921875" lon="103.98883522488176822662353515625">
        <ele>494.399993896484375</ele>
        <time>2026-02-27T12:05:10.000Z</time>
        <extensions>
          <ns3:TrackPointExtension>
            <ns3:hr>156</ns3:hr>
            <ns3:cad>89</ns3:cad>
          </ns3:TrackPointExtension>
        </extensions>
      </trkpt>
      <trkpt lat="30.6190292537212371826171875" lon="103.98881393484771251678466796875">
        <ele>494.399993896484375</ele>
        <time>2026-02-27T12:05:11.000Z</time>
        <extensions>
          <ns3:TrackPointExtension>
            <ns3:hr>156</ns3:hr>
            <ns3:cad>89</ns3:cad>
          </ns3:TrackPointExtension>
        </extensions>
      </trkpt>
      <trkpt lat="30.61904735863208770751953125" lon="103.98879582993686199188232421875">
        <ele>494.600006103515625</ele>
        <time>2026-02-27T12:05:12.000Z</time>
        <extensions>
          <ns3:TrackPointExtension>
            <ns3:hr>156</ns3:hr>
            <ns3:cad>88</ns3:cad>
          </ns3:TrackPointExtension>
        </extensions>
      </trkpt>
      <trkpt lat="30.6190713308751583099365234375" lon="103.98878275416791439056396484375">
        <ele>494.600006103515625</ele>
        <time>2026-02-27T12:05:13.000Z</time>
        <extensions>
          <ns3:TrackPointExtension>
            <ns3:hr>156</ns3:hr>
            <ns3:cad>88</ns3:cad>
          </ns3:TrackPointExtension>
        </extensions>
      </trkpt>
      <trkpt lat="30.619097650051116943359375" lon="103.9887682534754276275634765625">
        <ele>494.600006103515625</ele>
        <time>2026-02-27T12:05:14.000Z</time>
        <extensions>
          <ns3:TrackPointExtension>
            <ns3:hr>156</ns3:hr>
            <ns3:cad>88</ns3:cad>
          </ns3:TrackPointExtension>
        </extensions>
      </trkpt>
      <trkpt lat="30.61912170611321926116943359375" lon="103.98876029066741466522216796875">
        <ele>494.600006103515625</ele>
        <time>2026-02-27T12:05:15.000Z</time>
        <extensions>
          <ns3:TrackPointExtension>
            <ns3:hr>156</ns3:hr>
            <ns3:cad>88</ns3:cad>
          </ns3:TrackPointExtension>
        </extensions>
      </trkpt>
      <trkpt lat="30.61914685182273387908935546875" lon="103.98874771781265735626220703125">
        <ele>494.79998779296875</ele>
        <time>2026-02-27T12:05:16.000Z</time>
        <extensions>
          <ns3:TrackPointExtension>
            <ns3:hr>156</ns3:hr>
            <ns3:cad>89</ns3:cad>
          </ns3:TrackPointExtension>
        </extensions>
      </trkpt>
      <trkpt lat="30.61917384155094623565673828125" lon="103.988738246262073516845703125">
        <ele>494.600006103515625</ele>
        <time>2026-02-27T12:05:17.000Z</time>
        <extensions>
          <ns3:TrackPointExtension>
            <ns3:hr>156</ns3:hr>
            <ns3:cad>90</ns3:cad>
          </ns3:TrackPointExtension>
        </extensions>
      </trkpt>
      <trkpt lat="30.61919563449919223785400390625" lon="103.98872525431215763092041015625">
        <ele>494.600006103515625</ele>
        <time>2026-02-27T12:05:18.000Z</time>
        <extensions>
          <ns3:TrackPointExtension>
            <ns3:hr>157</ns3:hr>
            <ns3:cad>90</ns3:cad>
          </ns3:TrackPointExtension>
        </extensions>
      </trkpt>
      <trkpt lat="30.61921902000904083251953125" lon="103.9887105859816074371337890625">
        <ele>494.600006103515625</ele>
        <time>2026-02-27T12:05:19.000Z</time>
        <extensions>
          <ns3:TrackPointExtension>
            <ns3:hr>156</ns3:hr>
            <ns3:cad>89</ns3:cad>
          </ns3:TrackPointExtension>
        </extensions>
      </trkpt>
      <trkpt lat="30.619236119091510772705078125" lon="103.988696672022342681884765625">
        <ele>494.600006103515625</ele>
        <time>2026-02-27T12:05:20.000Z</time>
        <extensions>
          <ns3:TrackPointExtension>
            <ns3:hr>156</ns3:hr>
            <ns3:cad>89</ns3:cad>
          </ns3:TrackPointExtension>
        </extensions>
      </trkpt>
      <trkpt lat="30.619249530136585235595703125" lon="103.988673873245716094970703125">
        <ele>494.399993896484375</ele>
        <time>2026-02-27T12:05:21.000Z</time>
        <extensions>
          <ns3:TrackPointExtension>
            <ns3:hr>156</ns3:hr>
            <ns3:cad>88</ns3:cad>
          </ns3:TrackPointExtension>
        </extensions>
      </trkpt>
      <trkpt lat="30.6192651204764842987060546875" lon="103.98865149356424808502197265625">
        <ele>494.399993896484375</ele>
        <time>2026-02-27T12:05:22.000Z</time>
        <extensions>
          <ns3:TrackPointExtension>
            <ns3:hr>156</ns3:hr>
            <ns3:cad>88</ns3:cad>
          </ns3:TrackPointExtension>
        </extensions>
      </trkpt>
      <trkpt lat="30.61928196810185909271240234375" lon="103.98862190544605255126953125">
        <ele>494.20001220703125</ele>
        <time>2026-02-27T12:05:23.000Z</time>
        <extensions>
          <ns3:TrackPointExtension>
            <ns3:hr>156</ns3:hr>
            <ns3:cad>89</ns3:cad>
          </ns3:TrackPointExtension>
        </extensions>
      </trkpt>
      <trkpt lat="30.61929303221404552459716796875" lon="103.98859550245106220245361328125">
        <ele>494</ele>
        <time>2026-02-27T12:05:24.000Z</time>
        <extensions>
          <ns3:TrackPointExtension>
            <ns3:hr>156</ns3:hr>
            <ns3:cad>89</ns3:cad>
          </ns3:TrackPointExtension>
        </extensions>
      </trkpt>
      <trkpt lat="30.61930912546813488006591796875" lon="103.98856515996158123016357421875">
        <ele>493.600006103515625</ele>
        <time>2026-02-27T12:05:25.000Z</time>
        <extensions>
          <ns3:TrackPointExtension>
            <ns3:hr>156</ns3:hr>
            <ns3:cad>89</ns3:cad>
          </ns3:TrackPointExtension>
        </extensions>
      </trkpt>
      <trkpt lat="30.6193177588284015655517578125" lon="103.9885379187762737274169921875">
        <ele>493.399993896484375</ele>
        <time>2026-02-27T12:05:26.000Z</time>
        <extensions>
          <ns3:TrackPointExtension>
            <ns3:hr>156</ns3:hr>
            <ns3:cad>88</ns3:cad>
          </ns3:TrackPointExtension>
        </extensions>
      </trkpt>
      <trkpt lat="30.61932840384542942047119140625" lon="103.98850514553487300872802734375">
        <ele>493.20001220703125</ele>
        <time>2026-02-27T12:05:27.000Z</time>
        <extensions>
          <ns3:TrackPointExtension>
            <ns3:hr>156</ns3:hr>
            <ns3:cad>88</ns3:cad>
          </ns3:TrackPointExtension>
        </extensions>
      </trkpt>
      <trkpt lat="30.61933569610118865966796875" lon="103.98847580887377262115478515625">
        <ele>493.20001220703125</ele>
        <time>2026-02-27T12:05:28.000Z</time>
        <extensions>
          <ns3:TrackPointExtension>
            <ns3:hr>156</ns3:hr>
            <ns3:cad>88</ns3:cad>
          </ns3:TrackPointExtension>
        </extensions>
      </trkpt>
      <trkpt lat="30.61934684403240680694580078125" lon="103.9884386770427227020263671875">
        <ele>493.20001220703125</ele>
        <time>2026-02-27T12:05:29.000Z</time>
        <extensions>
          <ns3:TrackPointExtension>
            <ns3:hr>156</ns3:hr>
            <ns3:cad>88</ns3:cad>
          </ns3:TrackPointExtension>
        </extensions>
      </trkpt>
      <trkpt lat="30.61935354955494403839111328125" lon="103.98840473033487796783447265625">
        <ele>493.20001220703125</ele>
        <time>2026-02-27T12:05:30.000Z</time>
        <extensions>
          <ns3:TrackPointExtension>
            <ns3:hr>156</ns3:hr>
            <ns3:cad>88</ns3:cad>
          </ns3:TrackPointExtension>
        </extensions>
      </trkpt>
      <trkpt lat="30.619360506534576416015625" lon="103.98837170563638210296630859375">
        <ele>493.20001220703125</ele>
        <time>2026-02-27T12:05:31.000Z</time>
        <extensions>
          <ns3:TrackPointExtension>
            <ns3:hr>156</ns3:hr>
            <ns3:cad>88</ns3:cad>
          </ns3:TrackPointExtension>
        </extensions>
      </trkpt>
      <trkpt lat="30.61936276964843273162841796875" lon="103.98834153078496456146240234375">
        <ele>493.20001220703125</ele>
        <time>2026-02-27T12:05:32.000Z</time>
        <extensions>
          <ns3:TrackPointExtension>
            <ns3:hr>156</ns3:hr>
            <ns3:cad>88</ns3:cad>
          </ns3:TrackPointExtension>
        </extensions>
      </trkpt>
      <trkpt lat="30.619365870952606201171875" lon="103.988309763371944427490234375">
        <ele>493</ele>
        <time>2026-02-27T12:05:33.000Z</time>
        <extensions>
          <ns3:TrackPointExtension>
            <ns3:hr>156</ns3:hr>
            <ns3:cad>88</ns3:cad>
          </ns3:TrackPointExtension>
        </extensions>
      </trkpt>
      <trkpt lat="30.619364865124225616455078125" lon="103.9882804267108440399169921875">
        <ele>493</ele>
        <time>2026-02-27T12:05:34.000Z</time>
        <extensions>
          <ns3:TrackPointExtension>
            <ns3:hr>156</ns3:hr>
            <ns3:cad>88</ns3:cad>
          </ns3:TrackPointExtension>
        </extensions>
      </trkpt>
      <trkpt lat="30.6193630211055278778076171875" lon="103.9882458932697772979736328125">
        <ele>493</ele>
        <time>2026-02-27T12:05:35.000Z</time>
        <extensions>
          <ns3:TrackPointExtension>
            <ns3:hr>156</ns3:hr>
            <ns3:cad>88</ns3:cad>
          </ns3:TrackPointExtension>
        </extensions>
      </trkpt>
      <trkpt lat="30.6193606741726398468017578125" lon="103.98821244947612285614013671875">
        <ele>493</ele>
        <time>2026-02-27T12:05:36.000Z</time>
        <extensions>
          <ns3:TrackPointExtension>
            <ns3:hr>156</ns3:hr>
            <ns3:cad>88</ns3:cad>
          </ns3:TrackPointExtension>
        </extensions>
      </trkpt>
      <trkpt lat="30.619352795183658599853515625" lon="103.9881785027682781219482421875">
        <ele>493</ele>
        <time>2026-02-27T12:05:37.000Z</time>
        <extensions>
          <ns3:TrackPointExtension>
            <ns3:hr>155</ns3:hr>
            <ns3:cad>89</ns3:cad>
          </ns3:TrackPointExtension>
        </extensions>
      </trkpt>
      <trkpt lat="30.619345419108867645263671875" lon="103.98814690299332141876220703125">
        <ele>493</ele>
        <time>2026-02-27T12:05:38.000Z</time>
        <extensions>
          <ns3:TrackPointExtension>
            <ns3:hr>156</ns3:hr>
            <ns3:cad>89</ns3:cad>
          </ns3:TrackPointExtension>
        </extensions>
      </trkpt>
      <trkpt lat="30.61933309771120548248291015625" lon="103.98811924271285533905029296875">
        <ele>493</ele>
        <time>2026-02-27T12:05:39.000Z</time>
        <extensions>
          <ns3:TrackPointExtension>
            <ns3:hr>156</ns3:hr>
            <ns3:cad>90</ns3:cad>
          </ns3:TrackPointExtension>
        </extensions>
      </trkpt>
      <trkpt lat="30.61931868083775043487548828125" lon="103.98809141479432582855224609375">
        <ele>493</ele>
        <time>2026-02-27T12:05:40.000Z</time>
        <extensions>
          <ns3:TrackPointExtension>
            <ns3:hr>156</ns3:hr>
            <ns3:cad>90</ns3:cad>
          </ns3:TrackPointExtension>
        </extensions>
      </trkpt>
      <trkpt lat="30.61930191703140735626220703125" lon="103.98807129822671413421630859375">
        <ele>493.20001220703125</ele>
        <time>2026-02-27T12:05:41.000Z</time>
        <extensions>
          <ns3:TrackPointExtension>
            <ns3:hr>156</ns3:hr>
            <ns3:cad>88</ns3:cad>
          </ns3:TrackPointExtension>
        </extensions>
      </trkpt>
      <trkpt lat="30.6192882545292377471923828125" lon="103.98803642950952053070068359375">
        <ele>493.20001220703125</ele>
        <time>2026-02-27T12:05:42.000Z</time>
        <extensions>
          <ns3:TrackPointExtension>
            <ns3:hr>156</ns3:hr>
            <ns3:cad>88</ns3:cad>
          </ns3:TrackPointExtension>
        </extensions>
      </trkpt>
      <trkpt lat="30.6192738376557826995849609375" lon="103.988012708723545074462890625">
        <ele>493.20001220703125</ele>
        <time>2026-02-27T12:05:43.000Z</time>
        <extensions>
          <ns3:TrackPointExtension>
            <ns3:hr>156</ns3:hr>
            <ns3:cad>88</ns3:cad>
          </ns3:TrackPointExtension>
        </extensions>
      </trkpt>
      <trkpt lat="30.6192590855062007904052734375" lon="103.987980186939239501953125">
        <ele>493.20001220703125</ele>
        <time>2026-02-27T12:05:44.000Z</time>
        <extensions>
          <ns3:TrackPointExtension>
            <ns3:hr>155</ns3:hr>
            <ns3:cad>88</ns3:cad>
          </ns3:TrackPointExtension>
        </extensions>
      </trkpt>
      <trkpt lat="30.6192409805953502655029296875" lon="103.98795512504875659942626953125">
        <ele>493.20001220703125</ele>
        <time>2026-02-27T12:05:45.000Z</time>
        <extensions>
          <ns3:TrackPointExtension>
            <ns3:hr>156</ns3:hr>
            <ns3:cad>88</ns3:cad>
          </ns3:TrackPointExtension>
        </extensions>
      </trkpt>
      <trkpt lat="30.61921424232423305511474609375" lon="103.98793048225343227386474609375">
        <ele>493.20001220703125</ele>
        <time>2026-02-27T12:05:46.000Z</time>
        <extensions>
          <ns3:TrackPointExtension>
            <ns3:hr>156</ns3:hr>
            <ns3:cad>88</ns3:cad>
          </ns3:TrackPointExtension>
        </extensions>
      </trkpt>
      <trkpt lat="30.61918926425278186798095703125" lon="103.9879179932177066802978515625">
        <ele>493.20001220703125</ele>
        <time>2026-02-27T12:05:47.000Z</time>
        <extensions>
          <ns3:TrackPointExtension>
            <ns3:hr>156</ns3:hr>
            <ns3:cad>88</ns3:cad>
          </ns3:TrackPointExtension>
        </extensions>
      </trkpt>
      <trkpt lat="30.61915934085845947265625" lon="103.98789997212588787078857421875">
        <ele>493.20001220703125</ele>
        <time>2026-02-27T12:05:48.000Z</time>
        <extensions>
          <ns3:TrackPointExtension>
            <ns3:hr>156</ns3:hr>
            <ns3:cad>88</ns3:cad>
          </ns3:TrackPointExtension>
        </extensions>
      </trkpt>
      <trkpt lat="30.61913327313959598541259765625" lon="103.98788823746144771575927734375">
        <ele>493.20001220703125</ele>
        <time>2026-02-27T12:05:49.000Z</time>
        <extensions>
          <ns3:TrackPointExtension>
            <ns3:hr>156</ns3:hr>
            <ns3:cad>88</ns3:cad>
          </ns3:TrackPointExtension>
        </extensions>
      </trkpt>
      <trkpt lat="30.61909806914627552032470703125" lon="103.98787558078765869140625">
        <ele>493</ele>
        <time>2026-02-27T12:05:50.000Z</time>
        <extensions>
          <ns3:TrackPointExtension>
            <ns3:hr>156</ns3:hr>
            <ns3:cad>89</ns3:cad>
          </ns3:TrackPointExtension>
        </extensions>
      </trkpt>
      <trkpt lat="30.61907024122774600982666015625" lon="103.9878727309405803680419921875">
        <ele>493</ele>
        <time>2026-02-27T12:05:51.000Z</time>
        <extensions>
          <ns3:TrackPointExtension>
            <ns3:hr>157</ns3:hr>
            <ns3:cad>89</ns3:cad>
          </ns3:TrackPointExtension>
        </extensions>
      </trkpt>
      <trkpt lat="30.6190354563295841217041015625" lon="103.98786376230418682098388671875">
        <ele>493</ele>
        <time>2026-02-27T12:05:52.000Z</time>
        <extensions>
          <ns3:TrackPointExtension>
            <ns3:hr>157</ns3:hr>
            <ns3:cad>89</ns3:cad>
          </ns3:TrackPointExtension>
        </extensions>
      </trkpt>
      <trkpt lat="30.61900771223008632659912109375" lon="103.98786476813256740570068359375">
        <ele>493</ele>
        <time>2026-02-27T12:05:53.000Z</time>
        <extensions>
          <ns3:TrackPointExtension>
            <ns3:hr>157</ns3:hr>
            <ns3:cad>90</ns3:cad>
          </ns3:TrackPointExtension>
        </extensions>
      </trkpt>
      <trkpt lat="30.61897401697933673858642578125" lon="103.98786258883774280548095703125">
        <ele>493.20001220703125</ele>
        <time>2026-02-27T12:05:54.000Z</time>
        <extensions>
          <ns3:TrackPointExtension>
            <ns3:hr>157</ns3:hr>
            <ns3:cad>90</ns3:cad>
          </ns3:TrackPointExtension>
        </extensions>
      </trkpt>
      <trkpt lat="30.61894769780337810516357421875" lon="103.98786208592355251312255859375">
        <ele>493.399993896484375</ele>
        <time>2026-02-27T12:05:55.000Z</time>
        <extensions>
          <ns3:TrackPointExtension>
            <ns3:hr>157</ns3:hr>
            <ns3:cad>89</ns3:cad>
          </ns3:TrackPointExtension>
        </extensions>
      </trkpt>
      <trkpt lat="30.61892355792224407196044921875" lon="103.987852446734905242919921875">
        <ele>493.399993896484375</ele>
        <time>2026-02-27T12:05:56.000Z</time>
        <extensions>
          <ns3:TrackPointExtension>
            <ns3:hr>157</ns3:hr>
            <ns3:cad>89</ns3:cad>
          </ns3:TrackPointExtension>
        </extensions>
      </trkpt>
      <trkpt lat="30.61890251934528350830078125" lon="103.9878449030220508575439453125">
        <ele>493.399993896484375</ele>
        <time>2026-02-27T12:05:57.000Z</time>
        <extensions>
          <ns3:TrackPointExtension>
            <ns3:hr>157</ns3:hr>
            <ns3:cad>89</ns3:cad>
          </ns3:TrackPointExtension>
        </extensions>
      </trkpt>
      <trkpt lat="30.61887343414127826690673828125" lon="103.987833671271800994873046875">
        <ele>493.20001220703125</ele>
        <time>2026-02-27T12:05:58.000Z</time>
        <extensions>
          <ns3:TrackPointExtension>
            <ns3:hr>157</ns3:hr>
            <ns3:cad>89</ns3:cad>
          </ns3:TrackPointExtension>
        </extensions>
      </trkpt>
      <trkpt lat="30.61885080300271511077880859375" lon="103.9878294803202152252197265625">
        <ele>493.20001220703125</ele>
        <time>2026-02-27T12:05:59.000Z</time>
        <extensions>
          <ns3:TrackPointExtension>
            <ns3:hr>157</ns3:hr>
            <ns3:cad>89</ns3:cad>
          </ns3:TrackPointExtension>
        </extensions>
      </trkpt>
      <trkpt lat="30.61882213689386844635009765625" lon="103.9878190867602825164794921875">
        <ele>493</ele>
        <time>2026-02-27T12:06:00.000Z</time>
        <extensions>
          <ns3:TrackPointExtension>
            <ns3:hr>157</ns3:hr>
            <ns3:cad>89</ns3:cad>
          </ns3:TrackPointExtension>
        </extensions>
      </trkpt>
      <trkpt lat="30.61879799701273441314697265625" lon="103.98781414143741130828857421875">
        <ele>493</ele>
        <time>2026-02-27T12:06:01.000Z</time>
        <extensions>
          <ns3:TrackPointExtension>
            <ns3:hr>158</ns3:hr>
            <ns3:cad>89</ns3:cad>
          </ns3:TrackPointExtension>
        </extensions>
      </trkpt>
      <trkpt lat="30.6187717616558074951171875" lon="103.987797796726226806640625">
        <ele>493</ele>
        <time>2026-02-27T12:06:02.000Z</time>
        <extensions>
          <ns3:TrackPointExtension>
            <ns3:hr>157</ns3:hr>
            <ns3:cad>89</ns3:cad>
          </ns3:TrackPointExtension>
        </extensions>
      </trkpt>
      <trkpt lat="30.61875206418335437774658203125" lon="103.98777709342539310455322265625">
        <ele>493.20001220703125</ele>
        <time>2026-02-27T12:06:03.000Z</time>
        <extensions>
          <ns3:TrackPointExtension>
            <ns3:hr>157</ns3:hr>
            <ns3:cad>89</ns3:cad>
          </ns3:TrackPointExtension>
        </extensions>
      </trkpt>
      <trkpt lat="30.61873278580605983734130859375" lon="103.9877520315349102020263671875">
        <ele>493.20001220703125</ele>
        <time>2026-02-27T12:06:04.000Z</time>
        <extensions>
          <ns3:TrackPointExtension>
            <ns3:hr>158</ns3:hr>
            <ns3:cad>89</ns3:cad>
          </ns3:TrackPointExtension>
        </extensions>
      </trkpt>
      <trkpt lat="30.6187196262180805206298828125" lon="103.9877208508551120758056640625">
        <ele>493.20001220703125</ele>
        <time>2026-02-27T12:06:05.000Z</time>
        <extensions>
          <ns3:TrackPointExtension>
            <ns3:hr>158</ns3:hr>
            <ns3:cad>89</ns3:cad>
          </ns3:TrackPointExtension>
        </extensions>
      </trkpt>
      <trkpt lat="30.61870805919170379638671875" lon="103.98768723942339420318603515625">
        <ele>493.20001220703125</ele>
        <time>2026-02-27T12:06:06.000Z</time>
        <extensions>
          <ns3:TrackPointExtension>
            <ns3:hr>158</ns3:hr>
            <ns3:cad>89</ns3:cad>
          </ns3:TrackPointExtension>
        </extensions>
      </trkpt>
      <trkpt lat="30.6187052093446254730224609375" lon="103.9876511134207248687744140625">
        <ele>493.20001220703125</ele>
        <time>2026-02-27T12:06:07.000Z</time>
        <extensions>
          <ns3:TrackPointExtension>
            <ns3:hr>157</ns3:hr>
            <ns3:cad>89</ns3:cad>
          </ns3:TrackPointExtension>
        </extensions>
      </trkpt>
      <trkpt lat="30.61869791708886623382568359375" lon="103.98762035183608531951904296875">
        <ele>493.20001220703125</ele>
        <time>2026-02-27T12:06:08.000Z</time>
        <extensions>
          <ns3:TrackPointExtension>
            <ns3:hr>158</ns3:hr>
            <ns3:cad>89</ns3:cad>
          </ns3:TrackPointExtension>
        </extensions>
      </trkpt>
      <trkpt lat="30.6186939775943756103515625" lon="103.987588249146938323974609375">
        <ele>493.20001220703125</ele>
        <time>2026-02-27T12:06:09.000Z</time>
        <extensions>
          <ns3:TrackPointExtension>
            <ns3:hr>158</ns3:hr>
            <ns3:cad>89</ns3:cad>
          </ns3:TrackPointExtension>
        </extensions>
      </trkpt>
      <trkpt lat="30.618684254586696624755859375" lon="103.98756109178066253662109375">
        <ele>493.20001220703125</ele>
        <time>2026-02-27T12:06:10.000Z</time>
        <extensions>
          <ns3:TrackPointExtension>
            <ns3:hr>157</ns3:hr>
            <ns3:cad>88</ns3:cad>
          </ns3:TrackPointExtension>
        </extensions>
      </trkpt>
      <trkpt lat="30.61867729760706424713134765625" lon="103.98752999491989612579345703125">
        <ele>493.20001220703125</ele>
        <time>2026-02-27T12:06:11.000Z</time>
        <extensions>
          <ns3:TrackPointExtension>
            <ns3:hr>157</ns3:hr>
            <ns3:cad>88</ns3:cad>
          </ns3:TrackPointExtension>
        </extensions>
      </trkpt>
      <trkpt lat="30.61866841278970241546630859375" lon="103.98750208318233489990234375">
        <ele>493.399993896484375</ele>
        <time>2026-02-27T12:06:12.000Z</time>
        <extensions>
          <ns3:TrackPointExtension>
            <ns3:hr>157</ns3:hr>
            <ns3:cad>88</ns3:cad>
          </ns3:TrackPointExtension>
        </extensions>
      </trkpt>
      <trkpt lat="30.61865952797234058380126953125" lon="103.9874737523496150970458984375">
        <ele>493.399993896484375</ele>
        <time>2026-02-27T12:06:13.000Z</time>
        <extensions>
          <ns3:TrackPointExtension>
            <ns3:hr>157</ns3:hr>
            <ns3:cad>88</ns3:cad>
          </ns3:TrackPointExtension>
        </extensions>
      </trkpt>
      <trkpt lat="30.6186485476791858673095703125" lon="103.98744299076497554779052734375">
        <ele>493.600006103515625</ele>
        <time>2026-02-27T12:06:14.000Z</time>
        <extensions>
          <ns3:TrackPointExtension>
            <ns3:hr>157</ns3:hr>
            <ns3:cad>89</ns3:cad>
          </ns3:TrackPointExtension>
        </extensions>
      </trkpt>
      <trkpt lat="30.618641674518585205078125" lon="103.98741080425679683685302734375">
        <ele>493.600006103515625</ele>
        <time>2026-02-27T12:06:15.000Z</time>
        <extensions>
          <ns3:TrackPointExtension>
            <ns3:hr>157</ns3:hr>
            <ns3:cad>90</ns3:cad>
          </ns3:TrackPointExtension>
        </extensions>
      </trkpt>
      <trkpt lat="30.6186297722160816192626953125" lon="103.9873845688998699188232421875">
        <ele>493.600006103515625</ele>
        <time>2026-02-27T12:06:16.000Z</time>
        <extensions>
          <ns3:TrackPointExtension>
            <ns3:hr>157</ns3:hr>
            <ns3:cad>90</ns3:cad>
          </ns3:TrackPointExtension>
        </extensions>
      </trkpt>
      <trkpt lat="30.618617199361324310302734375" lon="103.98735523223876953125">
        <ele>493.600006103515625</ele>
        <time>2026-02-27T12:06:17.000Z</time>
        <extensions>
          <ns3:TrackPointExtension>
            <ns3:hr>157</ns3:hr>
            <ns3:cad>90</ns3:cad>
          </ns3:TrackPointExtension>
        </extensions>
      </trkpt>
      <trkpt lat="30.618602447211742401123046875" lon="103.98733067326247692108154296875">
        <ele>493.600006103515625</ele>
        <time>2026-02-27T12:06:18.000Z</time>
        <extensions>
          <ns3:TrackPointExtension>
            <ns3:hr>156</ns3:hr>
            <ns3:cad>89</ns3:cad>
          </ns3:TrackPointExtension>
        </extensions>
      </trkpt>
      <trkpt lat="30.6185853481292724609375" lon="103.9873029291629791259765625">
        <ele>493.79998779296875</ele>
        <time>2026-02-27T12:06:19.000Z</time>
        <extensions>
          <ns3:TrackPointExtension>
            <ns3:hr>156</ns3:hr>
            <ns3:cad>89</ns3:cad>
          </ns3:TrackPointExtension>
        </extensions>
      </trkpt>
      <trkpt lat="30.618566572666168212890625" lon="103.9872833155095577239990234375">
        <ele>493.79998779296875</ele>
        <time>2026-02-27T12:06:20.000Z</time>
        <extensions>
          <ns3:TrackPointExtension>
            <ns3:hr>157</ns3:hr>
            <ns3:cad>89</ns3:cad>
          </ns3:TrackPointExtension>
        </extensions>
      </trkpt>
      <trkpt lat="30.61854570172727108001708984375" lon="103.98726227693259716033935546875">
        <ele>493.79998779296875</ele>
        <time>2026-02-27T12:06:21.000Z</time>
        <extensions>
          <ns3:TrackPointExtension>
            <ns3:hr>157</ns3:hr>
            <ns3:cad>89</ns3:cad>
          </ns3:TrackPointExtension>
        </extensions>
      </trkpt>
      <trkpt lat="30.6185258366167545318603515625" lon="103.9872474409639835357666015625">
        <ele>493.79998779296875</ele>
        <time>2026-02-27T12:06:22.000Z</time>
        <extensions>
          <ns3:TrackPointExtension>
            <ns3:hr>157</ns3:hr>
            <ns3:cad>89</ns3:cad>
          </ns3:TrackPointExtension>
        </extensions>
      </trkpt>
      <trkpt lat="30.61850429512560367584228515625" lon="103.9872278273105621337890625">
        <ele>493.79998779296875</ele>
        <time>2026-02-27T12:06:23.000Z</time>
        <extensions>
          <ns3:TrackPointExtension>
            <ns3:hr>157</ns3:hr>
            <ns3:cad>89</ns3:cad>
          </ns3:TrackPointExtension>
        </extensions>
      </trkpt>
      <trkpt lat="30.618483088910579681396484375" lon="103.98721642792224884033203125">
        <ele>493.79998779296875</ele>
        <time>2026-02-27T12:06:24.000Z</time>
        <extensions>
          <ns3:TrackPointExtension>
            <ns3:hr>157</ns3:hr>
            <ns3:cad>89</ns3:cad>
          </ns3:TrackPointExtension>
        </extensions>
      </trkpt>
      <trkpt lat="30.618459284305572509765625" lon="103.98719765245914459228515625">
        <ele>493.79998779296875</ele>
        <time>2026-02-27T12:06:25.000Z</time>
        <extensions>
          <ns3:TrackPointExtension>
            <ns3:hr>157</ns3:hr>
            <ns3:cad>89</ns3:cad>
          </ns3:TrackPointExtension>
        </extensions>
      </trkpt>
      <trkpt lat="30.6184366531670093536376953125" lon="103.98718751035630702972412109375">
        <ele>493.79998779296875</ele>
        <time>2026-02-27T12:06:26.000Z</time>
        <extensions>
          <ns3:TrackPointExtension>
            <ns3:hr>157</ns3:hr>
            <ns3:cad>89</ns3:cad>
          </ns3:TrackPointExtension>
        </extensions>
      </trkpt>
      <trkpt lat="30.61840957961976528167724609375" lon="103.98717485368251800537109375">
        <ele>493.79998779296875</ele>
        <time>2026-02-27T12:06:27.000Z</time>
        <extensions>
          <ns3:TrackPointExtension>
            <ns3:hr>157</ns3:hr>
            <ns3:cad>89</ns3:cad>
          </ns3:TrackPointExtension>
        </extensions>
      </trkpt>
      <trkpt lat="30.61838611029088497161865234375" lon="103.9871686510741710662841796875">
        <ele>494</ele>
        <time>2026-02-27T12:06:28.000Z</time>
        <extensions>
          <ns3:TrackPointExtension>
            <ns3:hr>157</ns3:hr>
            <ns3:cad>89</ns3:cad>
          </ns3:TrackPointExtension>
        </extensions>
      </trkpt>
      <trkpt lat="30.6183592043817043304443359375" lon="103.98716102354228496551513671875">
        <ele>494</ele>
        <time>2026-02-27T12:06:29.000Z</time>
        <extensions>
          <ns3:TrackPointExtension>
            <ns3:hr>157</ns3:hr>
            <ns3:cad>89</ns3:cad>
          </ns3:TrackPointExtension>
        </extensions>
      </trkpt>
      <trkpt lat="30.61833447776734828948974609375" lon="103.98716144263744354248046875">
        <ele>494</ele>
        <time>2026-02-27T12:06:30.000Z</time>
        <extensions>
          <ns3:TrackPointExtension>
            <ns3:hr>157</ns3:hr>
            <ns3:cad>89</ns3:cad>
          </ns3:TrackPointExtension>
        </extensions>
      </trkpt>
      <trkpt lat="30.61830413527786731719970703125" lon="103.9871606044471263885498046875">
        <ele>494.20001220703125</ele>
        <time>2026-02-27T12:06:31.000Z</time>
        <extensions>
          <ns3:TrackPointExtension>
            <ns3:hr>158</ns3:hr>
            <ns3:cad>89</ns3:cad>
          </ns3:TrackPointExtension>
        </extensions>
      </trkpt>
      <trkpt lat="30.6182810850441455841064453125" lon="103.98716404102742671966552734375">
        <ele>494.20001220703125</ele>
        <time>2026-02-27T12:06:32.000Z</time>
        <extensions>
          <ns3:TrackPointExtension>
            <ns3:hr>157</ns3:hr>
            <ns3:cad>89</ns3:cad>
          </ns3:TrackPointExtension>
        </extensions>
      </trkpt>
      <trkpt lat="30.618247054517269134521484375" lon="103.98716814815998077392578125">
        <ele>494.20001220703125</ele>
        <time>2026-02-27T12:06:33.000Z</time>
        <extensions>
          <ns3:TrackPointExtension>
            <ns3:hr>157</ns3:hr>
            <ns3:cad>89</ns3:cad>
          </ns3:TrackPointExtension>
        </extensions>
      </trkpt>
      <trkpt lat="30.61822232790291309356689453125" lon="103.98717611096799373626708984375">
        <ele>494</ele>
        <time>2026-02-27T12:06:34.000Z</time>
        <extensions>
          <ns3:TrackPointExtension>
            <ns3:hr>158</ns3:hr>
            <ns3:cad>89</ns3:cad>
          </ns3:TrackPointExtension>
        </extensions>
      </trkpt>
      <trkpt lat="30.61819416470825672149658203125" lon="103.98718281649053096771240234375">
        <ele>494</ele>
        <time>2026-02-27T12:06:35.000Z</time>
        <extensions>
          <ns3:TrackPointExtension>
            <ns3:hr>157</ns3:hr>
            <ns3:cad>89</ns3:cad>
          </ns3:TrackPointExtension>
        </extensions>
      </trkpt>
      <trkpt lat="30.618175305426120758056640625" lon="103.9871984906494617462158203125">
        <ele>494</ele>
        <time>2026-02-27T12:06:36.000Z</time>
        <extensions>
          <ns3:TrackPointExtension>
            <ns3:hr>157</ns3:hr>
            <ns3:cad>89</ns3:cad>
          </ns3:TrackPointExtension>
        </extensions>
      </trkpt>
      <trkpt lat="30.6181496568024158477783203125" lon="103.987212069332599639892578125">
        <ele>494</ele>
        <time>2026-02-27T12:06:37.000Z</time>
        <extensions>
          <ns3:TrackPointExtension>
            <ns3:hr>158</ns3:hr>
            <ns3:cad>89</ns3:cad>
          </ns3:TrackPointExtension>
        </extensions>
      </trkpt>
      <trkpt lat="30.61813364736735820770263671875" lon="103.987226821482181549072265625">
        <ele>494</ele>
        <time>2026-02-27T12:06:38.000Z</time>
        <extensions>
          <ns3:TrackPointExtension>
            <ns3:hr>157</ns3:hr>
            <ns3:cad>89</ns3:cad>
          </ns3:TrackPointExtension>
        </extensions>
      </trkpt>
      <trkpt lat="30.61810749582946300506591796875" lon="103.9872494526207447052001953125">
        <ele>494.20001220703125</ele>
        <time>2026-02-27T12:06:39.000Z</time>
        <extensions>
          <ns3:TrackPointExtension>
            <ns3:hr>157</ns3:hr>
            <ns3:cad>89</ns3:cad>
          </ns3:TrackPointExtension>
        </extensions>
      </trkpt>
      <trkpt lat="30.6180943362414836883544921875" lon="103.987269066274166107177734375">
        <ele>494.20001220703125</ele>
        <time>2026-02-27T12:06:40.000Z</time>
        <extensions>
          <ns3:TrackPointExtension>
            <ns3:hr>158</ns3:hr>
            <ns3:cad>88</ns3:cad>
          </ns3:TrackPointExtension>
        </extensions>
      </trkpt>
      <trkpt lat="30.61807748861610889434814453125" lon="103.98729966022074222564697265625">
        <ele>494.399993896484375</ele>
        <time>2026-02-27T12:06:41.000Z</time>
        <extensions>
          <ns3:TrackPointExtension>
            <ns3:hr>157</ns3:hr>
            <ns3:cad>88</ns3:cad>
          </ns3:TrackPointExtension>
        </extensions>
      </trkpt>
      <trkpt lat="30.61806810088455677032470703125" lon="103.98732514120638370513916015625">
        <ele>494.600006103515625</ele>
        <time>2026-02-27T12:06:42.000Z</time>
        <extensions>
          <ns3:TrackPointExtension>
            <ns3:hr>157</ns3:hr>
            <ns3:cad>88</ns3:cad>
          </ns3:TrackPointExtension>
        </extensions>
      </trkpt>
      <trkpt lat="30.61805703677237033843994140625" lon="103.987358920276165008544921875">
        <ele>494.79998779296875</ele>
        <time>2026-02-27T12:06:43.000Z</time>
        <extensions>
          <ns3:TrackPointExtension>
            <ns3:hr>158</ns3:hr>
            <ns3:cad>88</ns3:cad>
          </ns3:TrackPointExtension>
        </extensions>
      </trkpt>
      <trkpt lat="30.61804823577404022216796875" lon="103.98738079704344272613525390625">
        <ele>495</ele>
        <time>2026-02-27T12:06:44.000Z</time>
        <extensions>
          <ns3:TrackPointExtension>
            <ns3:hr>157</ns3:hr>
            <ns3:cad>89</ns3:cad>
          </ns3:TrackPointExtension>
        </extensions>
      </trkpt>
      <trkpt lat="30.6180380098521709442138671875" lon="103.9874102175235748291015625">
        <ele>495.20001220703125</ele>
        <time>2026-02-27T12:06:45.000Z</time>
        <extensions>
          <ns3:TrackPointExtension>
            <ns3:hr>157</ns3:hr>
            <ns3:cad>89</ns3:cad>
          </ns3:TrackPointExtension>
        </extensions>
      </trkpt>
      <trkpt lat="30.61803457327187061309814453125" lon="103.987428657710552215576171875">
        <ele>495.600006103515625</ele>
        <time>2026-02-27T12:06:46.000Z</time>
        <extensions>
          <ns3:TrackPointExtension>
            <ns3:hr>158</ns3:hr>
            <ns3:cad>89</ns3:cad>
          </ns3:TrackPointExtension>
        </extensions>
      </trkpt>
      <trkpt lat="30.61803122051060199737548828125" lon="103.9874526299536228179931640625">
        <ele>495.79998779296875</ele>
        <time>2026-02-27T12:06:47.000Z</time>
        <extensions>
          <ns3:TrackPointExtension>
            <ns3:hr>158</ns3:hr>
            <ns3:cad>89</ns3:cad>
          </ns3:TrackPointExtension>
        </extensions>
      </trkpt>
      <trkpt lat="30.61802786774933338165283203125" lon="103.98747400380671024322509765625">
        <ele>496.20001220703125</ele>
        <time>2026-02-27T12:06:48.000Z</time>
        <extensions>
          <ns3:TrackPointExtension>
            <ns3:hr>158</ns3:hr>
            <ns3:cad>87</ns3:cad>
          </ns3:TrackPointExtension>
        </extensions>
      </trkpt>
      <trkpt lat="30.61802543699741363525390625" lon="103.9874921925365924835205078125">
        <ele>496.399993896484375</ele>
        <time>2026-02-27T12:06:49.000Z</time>
        <extensions>
          <ns3:TrackPointExtension>
            <ns3:hr>157</ns3:hr>
            <ns3:cad>86</ns3:cad>
          </ns3:TrackPointExtension>
        </extensions>
      </trkpt>
      <trkpt lat="30.61801814474165439605712890625" lon="103.9875201880931854248046875">
        <ele>496.600006103515625</ele>
        <time>2026-02-27T12:06:50.000Z</time>
        <extensions>
          <ns3:TrackPointExtension>
            <ns3:hr>158</ns3:hr>
            <ns3:cad>86</ns3:cad>
          </ns3:TrackPointExtension>
        </extensions>
      </trkpt>
      <trkpt lat="30.61801831237971782684326171875" lon="103.9875411428511142730712890625">
        <ele>496.79998779296875</ele>
        <time>2026-02-27T12:06:51.000Z</time>
        <extensions>
          <ns3:TrackPointExtension>
            <ns3:hr>158</ns3:hr>
            <ns3:cad>86</ns3:cad>
          </ns3:TrackPointExtension>
        </extensions>
      </trkpt>
      <trkpt lat="30.61801873147487640380859375" lon="103.9875585772097110748291015625">
        <ele>497.20001220703125</ele>
        <time>2026-02-27T12:06:52.000Z</time>
        <extensions>
          <ns3:TrackPointExtension>
            <ns3:hr>158</ns3:hr>
            <ns3:cad>86</ns3:cad>
          </ns3:TrackPointExtension>
        </extensions>
      </trkpt>
      <trkpt lat="30.61801529489457607269287109375" lon="103.9875827170908451080322265625">
        <ele>497.600006103515625</ele>
        <time>2026-02-27T12:06:53.000Z</time>
        <extensions>
          <ns3:TrackPointExtension>
            <ns3:hr>158</ns3:hr>
            <ns3:cad>86</ns3:cad>
          </ns3:TrackPointExtension>
        </extensions>
      </trkpt>
      <trkpt lat="30.61800775118172168731689453125" lon="103.98760811425745487213134765625">
        <ele>497.79998779296875</ele>
        <time>2026-02-27T12:06:54.000Z</time>
        <extensions>
          <ns3:TrackPointExtension>
            <ns3:hr>158</ns3:hr>
            <ns3:cad>86</ns3:cad>
          </ns3:TrackPointExtension>
        </extensions>
      </trkpt>
      <trkpt lat="30.618002302944660186767578125" lon="103.987633846700191497802734375">
        <ele>498</ele>
        <time>2026-02-27T12:06:55.000Z</time>
        <extensions>
          <ns3:TrackPointExtension>
            <ns3:hr>158</ns3:hr>
            <ns3:cad>85</ns3:cad>
          </ns3:TrackPointExtension>
        </extensions>
      </trkpt>
      <trkpt lat="30.61799953691661357879638671875" lon="103.9876568131148815155029296875">
        <ele>498.20001220703125</ele>
        <time>2026-02-27T12:06:56.000Z</time>
        <extensions>
          <ns3:TrackPointExtension>
            <ns3:hr>158</ns3:hr>
            <ns3:cad>85</ns3:cad>
          </ns3:TrackPointExtension>
        </extensions>
      </trkpt>
      <trkpt lat="30.61798914335668087005615234375" lon="103.98768254555761814117431640625">
        <ele>498.20001220703125</ele>
        <time>2026-02-27T12:06:57.000Z</time>
        <extensions>
          <ns3:TrackPointExtension>
            <ns3:hr>158</ns3:hr>
            <ns3:cad>85</ns3:cad>
          </ns3:TrackPointExtension>
        </extensions>
      </trkpt>
      <trkpt lat="30.617980174720287322998046875" lon="103.98770500905811786651611328125">
        <ele>498.20001220703125</ele>
        <time>2026-02-27T12:06:58.000Z</time>
        <extensions>
          <ns3:TrackPointExtension>
            <ns3:hr>158</ns3:hr>
            <ns3:cad>85</ns3:cad>
          </ns3:TrackPointExtension>
        </extensions>
      </trkpt>
      <trkpt lat="30.61796240508556365966796875" lon="103.98772680200636386871337890625">
        <ele>498.20001220703125</ele>
        <time>2026-02-27T12:06:59.000Z</time>
        <extensions>
          <ns3:TrackPointExtension>
            <ns3:hr>158</ns3:hr>
            <ns3:cad>85</ns3:cad>
          </ns3:TrackPointExtension>
        </extensions>
      </trkpt>
      <trkpt lat="30.61794974841177463531494140625" lon="103.987751863896846771240234375">
        <ele>498.20001220703125</ele>
        <time>2026-02-27T12:07:00.000Z</time>
        <extensions>
          <ns3:TrackPointExtension>
            <ns3:hr>158</ns3:hr>
            <ns3:cad>85</ns3:cad>
          </ns3:TrackPointExtension>
        </extensions>
      </trkpt>
      <trkpt lat="30.61792963184416294097900390625" lon="103.98777558468282222747802734375">
        <ele>498.20001220703125</ele>
        <time>2026-02-27T12:07:01.000Z</time>
        <extensions>
          <ns3:TrackPointExtension>
            <ns3:hr>158</ns3:hr>
            <ns3:cad>88</ns3:cad>
          </ns3:TrackPointExtension>
        </extensions>
      </trkpt>
      <trkpt lat="30.6179139576852321624755859375" lon="103.98779972456395626068115234375">
        <ele>498.20001220703125</ele>
        <time>2026-02-27T12:07:02.000Z</time>
        <extensions>
          <ns3:TrackPointExtension>
            <ns3:hr>158</ns3:hr>
            <ns3:cad>88</ns3:cad>
          </ns3:TrackPointExtension>
        </extensions>
      </trkpt>
      <trkpt lat="30.61789132654666900634765625" lon="103.9878217689692974090576171875">
        <ele>498.20001220703125</ele>
        <time>2026-02-27T12:07:03.000Z</time>
        <extensions>
          <ns3:TrackPointExtension>
            <ns3:hr>158</ns3:hr>
            <ns3:cad>89</ns3:cad>
          </ns3:TrackPointExtension>
        </extensions>
      </trkpt>
      <trkpt lat="30.61787799932062625885009765625" lon="103.987847752869129180908203125">
        <ele>498.20001220703125</ele>
        <time>2026-02-27T12:07:04.000Z</time>
        <extensions>
          <ns3:TrackPointExtension>
            <ns3:hr>159</ns3:hr>
            <ns3:cad>89</ns3:cad>
          </ns3:TrackPointExtension>
        </extensions>
      </trkpt>
      <trkpt lat="30.6178569607436656951904296875" lon="103.98787348531186580657958984375">
        <ele>498.20001220703125</ele>
        <time>2026-02-27T12:07:05.000Z</time>
        <extensions>
          <ns3:TrackPointExtension>
            <ns3:hr>158</ns3:hr>
            <ns3:cad>89</ns3:cad>
          </ns3:TrackPointExtension>
        </extensions>
      </trkpt>
      <trkpt lat="30.6178428791463375091552734375" lon="103.9878891594707965850830078125">
        <ele>498.20001220703125</ele>
        <time>2026-02-27T12:07:06.000Z</time>
        <extensions>
          <ns3:TrackPointExtension>
            <ns3:hr>158</ns3:hr>
            <ns3:cad>90</ns3:cad>
          </ns3:TrackPointExtension>
        </extensions>
      </trkpt>
      <trkpt lat="30.6178160570561885833740234375" lon="103.98790751583874225616455078125">
        <ele>498.20001220703125</ele>
        <time>2026-02-27T12:07:07.000Z</time>
        <extensions>
          <ns3:TrackPointExtension>
            <ns3:hr>159</ns3:hr>
            <ns3:cad>90</ns3:cad>
          </ns3:TrackPointExtension>
        </extensions>
      </trkpt>
      <trkpt lat="30.61780021525919437408447265625" lon="103.9879260398447513580322265625">
        <ele>498.20001220703125</ele>
        <time>2026-02-27T12:07:08.000Z</time>
        <extensions>
          <ns3:TrackPointExtension>
            <ns3:hr>158</ns3:hr>
            <ns3:cad>90</ns3:cad>
          </ns3:TrackPointExtension>
        </extensions>
      </trkpt>
      <trkpt lat="30.61777473427355289459228515625" lon="103.987942636013031005859375">
        <ele>498</ele>
        <time>2026-02-27T12:07:09.000Z</time>
        <extensions>
          <ns3:TrackPointExtension>
            <ns3:hr>158</ns3:hr>
            <ns3:cad>87</ns3:cad>
          </ns3:TrackPointExtension>
        </extensions>
      </trkpt>
      <trkpt lat="30.6177536956965923309326171875" lon="103.9879515208303928375244140625">
        <ele>498</ele>
        <time>2026-02-27T12:07:10.000Z</time>
        <extensions>
          <ns3:TrackPointExtension>
            <ns3:hr>158</ns3:hr>
            <ns3:cad>87</ns3:cad>
          </ns3:TrackPointExtension>
        </extensions>
      </trkpt>
      <trkpt lat="30.61772628687322139739990234375" lon="103.98795847781002521514892578125">
        <ele>498</ele>
        <time>2026-02-27T12:07:11.000Z</time>
        <extensions>
          <ns3:TrackPointExtension>
            <ns3:hr>158</ns3:hr>
            <ns3:cad>87</ns3:cad>
          </ns3:TrackPointExtension>
        </extensions>
      </trkpt>
      <trkpt lat="30.6177034042775630950927734375" lon="103.9879627525806427001953125">
        <ele>497.79998779296875</ele>
        <time>2026-02-27T12:07:12.000Z</time>
        <extensions>
          <ns3:TrackPointExtension>
            <ns3:hr>158</ns3:hr>
            <ns3:cad>87</ns3:cad>
          </ns3:TrackPointExtension>
        </extensions>
      </trkpt>
      <trkpt lat="30.617673397064208984375" lon="103.98797188885509967803955078125">
        <ele>497.600006103515625</ele>
        <time>2026-02-27T12:07:13.000Z</time>
        <extensions>
          <ns3:TrackPointExtension>
            <ns3:hr>158</ns3:hr>
            <ns3:cad>88</ns3:cad>
          </ns3:TrackPointExtension>
        </extensions>
      </trkpt>
      <trkpt lat="30.6176527775824069976806640625" lon="103.987983204424381256103515625">
        <ele>497.399993896484375</ele>
        <time>2026-02-27T12:07:14.000Z</time>
        <extensions>
          <ns3:TrackPointExtension>
            <ns3:hr>159</ns3:hr>
            <ns3:cad>89</ns3:cad>
          </ns3:TrackPointExtension>
        </extensions>
      </trkpt>
      <trkpt lat="30.617623440921306610107421875" lon="103.98799183778464794158935546875">
        <ele>497.20001220703125</ele>
        <time>2026-02-27T12:07:15.000Z</time>
        <extensions>
          <ns3:TrackPointExtension>
            <ns3:hr>159</ns3:hr>
            <ns3:cad>91</ns3:cad>
          </ns3:TrackPointExtension>
        </extensions>
      </trkpt>
      <trkpt lat="30.61760256998240947723388671875" lon="103.98800374008715152740478515625">
        <ele>497</ele>
        <time>2026-02-27T12:07:16.000Z</time>
        <extensions>
          <ns3:TrackPointExtension>
            <ns3:hr>159</ns3:hr>
            <ns3:cad>91</ns3:cad>
          </ns3:TrackPointExtension>
        </extensions>
      </trkpt>
      <trkpt lat="30.617574155330657958984375" lon="103.98802033625543117523193359375">
        <ele>496.79998779296875</ele>
        <time>2026-02-27T12:07:17.000Z</time>
        <extensions>
          <ns3:TrackPointExtension>
            <ns3:hr>159</ns3:hr>
            <ns3:cad>89</ns3:cad>
          </ns3:TrackPointExtension>
        </extensions>
      </trkpt>
      <trkpt lat="30.61755395494401454925537109375" lon="103.988036848604679107666015625">
        <ele>496.600006103515625</ele>
        <time>2026-02-27T12:07:18.000Z</time>
        <extensions>
          <ns3:TrackPointExtension>
            <ns3:hr>158</ns3:hr>
            <ns3:cad>89</ns3:cad>
          </ns3:TrackPointExtension>
        </extensions>
      </trkpt>
      <trkpt lat="30.6175277195870876312255859375" lon="103.98805671371519565582275390625">
        <ele>496.399993896484375</ele>
        <time>2026-02-27T12:07:19.000Z</time>
        <extensions>
          <ns3:TrackPointExtension>
            <ns3:hr>159</ns3:hr>
            <ns3:cad>89</ns3:cad>
          </ns3:TrackPointExtension>
        </extensions>
      </trkpt>
      <trkpt lat="30.6175089441239833831787109375" lon="103.988079093396663665771484375">
        <ele>496</ele>
        <time>2026-02-27T12:07:20.000Z</time>
        <extensions>
          <ns3:TrackPointExtension>
            <ns3:hr>159</ns3:hr>
            <ns3:cad>89</ns3:cad>
          </ns3:TrackPointExtension>
        </extensions>
      </trkpt>
      <trkpt lat="30.61748555861413478851318359375" lon="103.9881104417145252227783203125">
        <ele>495.79998779296875</ele>
        <time>2026-02-27T12:07:21.000Z</time>
        <extensions>
          <ns3:TrackPointExtension>
            <ns3:hr>158</ns3:hr>
            <ns3:cad>89</ns3:cad>
          </ns3:TrackPointExtension>
        </extensions>
      </trkpt>
      <trkpt lat="30.61747365631163120269775390625" lon="103.98813667707145214080810546875">
        <ele>495.600006103515625</ele>
        <time>2026-02-27T12:07:22.000Z</time>
        <extensions>
          <ns3:TrackPointExtension>
            <ns3:hr>159</ns3:hr>
            <ns3:cad>90</ns3:cad>
          </ns3:TrackPointExtension>
        </extensions>
      </trkpt>
      <trkpt lat="30.61746393330395221710205078125" lon="103.98816215805709362030029296875">
        <ele>495.399993896484375</ele>
        <time>2026-02-27T12:07:23.000Z</time>
        <extensions>
          <ns3:TrackPointExtension>
            <ns3:hr>159</ns3:hr>
            <ns3:cad>90</ns3:cad>
          </ns3:TrackPointExtension>
        </extensions>
      </trkpt>
      <trkpt lat="30.61745974235236644744873046875" lon="103.98818663321435451507568359375">
        <ele>495.20001220703125</ele>
        <time>2026-02-27T12:07:24.000Z</time>
        <extensions>
          <ns3:TrackPointExtension>
            <ns3:hr>158</ns3:hr>
            <ns3:cad>89</ns3:cad>
          </ns3:TrackPointExtension>
        </extensions>
      </trkpt>
      <trkpt lat="30.61745605431497097015380859375" lon="103.98821379058063030242919921875">
        <ele>495</ele>
        <time>2026-02-27T12:07:25.000Z</time>
        <extensions>
          <ns3:TrackPointExtension>
            <ns3:hr>159</ns3:hr>
            <ns3:cad>88</ns3:cad>
          </ns3:TrackPointExtension>
        </extensions>
      </trkpt>
      <trkpt lat="30.61745990999042987823486328125" lon="103.9882408641278743743896484375">
        <ele>494.79998779296875</ele>
        <time>2026-02-27T12:07:26.000Z</time>
        <extensions>
          <ns3:TrackPointExtension>
            <ns3:hr>158</ns3:hr>
            <ns3:cad>88</ns3:cad>
          </ns3:TrackPointExtension>
        </extensions>
      </trkpt>
      <trkpt lat="30.61746175400912761688232421875" lon="103.98827129043638706207275390625">
        <ele>494.600006103515625</ele>
        <time>2026-02-27T12:07:27.000Z</time>
        <extensions>
          <ns3:TrackPointExtension>
            <ns3:hr>158</ns3:hr>
            <ns3:cad>88</ns3:cad>
          </ns3:TrackPointExtension>
        </extensions>
      </trkpt>
      <trkpt lat="30.61746527440845966339111328125" lon="103.988301716744899749755859375">
        <ele>494.600006103515625</ele>
        <time>2026-02-27T12:07:28.000Z</time>
        <extensions>
          <ns3:TrackPointExtension>
            <ns3:hr>158</ns3:hr>
            <ns3:cad>89</ns3:cad>
          </ns3:TrackPointExtension>
        </extensions>
      </trkpt>
      <trkpt lat="30.6174757517874240875244140625" lon="103.98832392878830432891845703125">
        <ele>494.399993896484375</ele>
        <time>2026-02-27T12:07:29.000Z</time>
        <extensions>
          <ns3:TrackPointExtension>
            <ns3:hr>158</ns3:hr>
            <ns3:cad>89</ns3:cad>
          </ns3:TrackPointExtension>
        </extensions>
      </trkpt>
      <trkpt lat="30.617483295500278472900390625" lon="103.98835360072553157806396484375">
        <ele>494.20001220703125</ele>
        <time>2026-02-27T12:07:30.000Z</time>
        <extensions>
          <ns3:TrackPointExtension>
            <ns3:hr>158</ns3:hr>
            <ns3:cad>89</ns3:cad>
          </ns3:TrackPointExtension>
        </extensions>
      </trkpt>
      <trkpt lat="30.61749729327857494354248046875" lon="103.98837639950215816497802734375">
        <ele>494</ele>
        <time>2026-02-27T12:07:31.000Z</time>
        <extensions>
          <ns3:TrackPointExtension>
            <ns3:hr>158</ns3:hr>
            <ns3:cad>89</ns3:cad>
          </ns3:TrackPointExtension>
        </extensions>
      </trkpt>
      <trkpt lat="30.61751908622682094573974609375" lon="103.98839852772653102874755859375">
        <ele>494</ele>
        <time>2026-02-27T12:07:32.000Z</time>
        <extensions>
          <ns3:TrackPointExtension>
            <ns3:hr>157</ns3:hr>
            <ns3:cad>87</ns3:cad>
          </ns3:TrackPointExtension>
        </extensions>
      </trkpt>
      <trkpt lat="30.61754389666020870208740234375" lon="103.98841193877160549163818359375">
        <ele>493.79998779296875</ele>
        <time>2026-02-27T12:07:33.000Z</time>
        <extensions>
          <ns3:TrackPointExtension>
            <ns3:hr>158</ns3:hr>
            <ns3:cad>87</ns3:cad>
          </ns3:TrackPointExtension>
        </extensions>
      </trkpt>
      <trkpt lat="30.61757071875035762786865234375" lon="103.98842275142669677734375">
        <ele>493.79998779296875</ele>
        <time>2026-02-27T12:07:34.000Z</time>
        <extensions>
          <ns3:TrackPointExtension>
            <ns3:hr>158</ns3:hr>
            <ns3:cad>87</ns3:cad>
          </ns3:TrackPointExtension>
        </extensions>
      </trkpt>
      <trkpt lat="30.61760089360177516937255859375" lon="103.9884272776544094085693359375">
        <ele>493.600006103515625</ele>
        <time>2026-02-27T12:07:35.000Z</time>
        <extensions>
          <ns3:TrackPointExtension>
            <ns3:hr>158</ns3:hr>
            <ns3:cad>89</ns3:cad>
          </ns3:TrackPointExtension>
        </extensions>
      </trkpt>
      <trkpt lat="30.6176326610147953033447265625" lon="103.98842870257794857025146484375">
        <ele>493.600006103515625</ele>
        <time>2026-02-27T12:07:36.000Z</time>
        <extensions>
          <ns3:TrackPointExtension>
            <ns3:hr>157</ns3:hr>
            <ns3:cad>89</ns3:cad>
          </ns3:TrackPointExtension>
        </extensions>
      </trkpt>
      <trkpt lat="30.6176626682281494140625" lon="103.98842476308345794677734375">
        <ele>493.399993896484375</ele>
        <time>2026-02-27T12:07:37.000Z</time>
        <extensions>
          <ns3:TrackPointExtension>
            <ns3:hr>157</ns3:hr>
            <ns3:cad>89</ns3:cad>
          </ns3:TrackPointExtension>
        </extensions>
      </trkpt>
      <trkpt lat="30.617695190012454986572265625" lon="103.98842233233153820037841796875">
        <ele>493.399993896484375</ele>
        <time>2026-02-27T12:07:38.000Z</time>
        <extensions>
          <ns3:TrackPointExtension>
            <ns3:hr>157</ns3:hr>
            <ns3:cad>89</ns3:cad>
          </ns3:TrackPointExtension>
        </extensions>
      </trkpt>
      <trkpt lat="30.61772167682647705078125" lon="103.988415040075778961181640625">
        <ele>493.20001220703125</ele>
        <time>2026-02-27T12:07:39.000Z</time>
        <extensions>
          <ns3:TrackPointExtension>
            <ns3:hr>157</ns3:hr>
            <ns3:cad>89</ns3:cad>
          </ns3:TrackPointExtension>
        </extensions>
      </trkpt>
      <trkpt lat="30.617752857506275177001953125" lon="103.988409675657749176025390625">
        <ele>493.20001220703125</ele>
        <time>2026-02-27T12:07:40.000Z</time>
        <extensions>
          <ns3:TrackPointExtension>
            <ns3:hr>157</ns3:hr>
            <ns3:cad>89</ns3:cad>
          </ns3:TrackPointExtension>
        </extensions>
      </trkpt>
      <trkpt lat="30.61778076924383640289306640625" lon="103.98840389214456081390380859375">
        <ele>493.20001220703125</ele>
        <time>2026-02-27T12:07:41.000Z</time>
        <extensions>
          <ns3:TrackPointExtension>
            <ns3:hr>157</ns3:hr>
            <ns3:cad>89</ns3:cad>
          </ns3:TrackPointExtension>
        </extensions>
      </trkpt>
      <trkpt lat="30.6178106926381587982177734375" lon="103.9884068258106708526611328125">
        <ele>493</ele>
        <time>2026-02-27T12:07:42.000Z</time>
        <extensions>
          <ns3:TrackPointExtension>
            <ns3:hr>157</ns3:hr>
            <ns3:cad>89</ns3:cad>
          </ns3:TrackPointExtension>
        </extensions>
      </trkpt>
      <trkpt lat="30.61783508397638797760009765625" lon="103.98840623907744884490966796875">
        <ele>493</ele>
        <time>2026-02-27T12:07:43.000Z</time>
        <extensions>
          <ns3:TrackPointExtension>
            <ns3:hr>156</ns3:hr>
            <ns3:cad>89</ns3:cad>
          </ns3:TrackPointExtension>
        </extensions>
      </trkpt>
      <trkpt lat="30.6178643368184566497802734375" lon="103.9884199015796184539794921875">
        <ele>493</ele>
        <time>2026-02-27T12:07:44.000Z</time>
        <extensions>
          <ns3:TrackPointExtension>
            <ns3:hr>156</ns3:hr>
            <ns3:cad>90</ns3:cad>
          </ns3:TrackPointExtension>
        </extensions>
      </trkpt>
      <trkpt lat="30.6178837828338146209716796875" lon="103.98842987604439258575439453125">
        <ele>493</ele>
        <time>2026-02-27T12:07:45.000Z</time>
        <extensions>
          <ns3:TrackPointExtension>
            <ns3:hr>156</ns3:hr>
            <ns3:cad>90</ns3:cad>
          </ns3:TrackPointExtension>
        </extensions>
      </trkpt>
      <trkpt lat="30.6179069168865680694580078125" lon="103.988449573516845703125">
        <ele>492.79998779296875</ele>
        <time>2026-02-27T12:07:46.000Z</time>
        <extensions>
          <ns3:TrackPointExtension>
            <ns3:hr>156</ns3:hr>
            <ns3:cad>88</ns3:cad>
          </ns3:TrackPointExtension>
        </extensions>
      </trkpt>
      <trkpt lat="30.61792963184416294097900390625" lon="103.98845938034355640411376953125">
        <ele>492.79998779296875</ele>
        <time>2026-02-27T12:07:47.000Z</time>
        <extensions>
          <ns3:TrackPointExtension>
            <ns3:hr>156</ns3:hr>
            <ns3:cad>87</ns3:cad>
          </ns3:TrackPointExtension>
        </extensions>
      </trkpt>
      <trkpt lat="30.6179521791636943817138671875" lon="103.9884785749018192291259765625">
        <ele>492.79998779296875</ele>
        <time>2026-02-27T12:07:48.000Z</time>
        <extensions>
          <ns3:TrackPointExtension>
            <ns3:hr>156</ns3:hr>
            <ns3:cad>87</ns3:cad>
          </ns3:TrackPointExtension>
        </extensions>
      </trkpt>
      <trkpt lat="30.61797313392162322998046875" lon="103.98849290795624256134033203125">
        <ele>492.79998779296875</ele>
        <time>2026-02-27T12:07:49.000Z</time>
        <extensions>
          <ns3:TrackPointExtension>
            <ns3:hr>156</ns3:hr>
            <ns3:cad>87</ns3:cad>
          </ns3:TrackPointExtension>
        </extensions>
      </trkpt>
      <trkpt lat="30.61799484305083751678466796875" lon="103.98851537145674228668212890625">
        <ele>492.600006103515625</ele>
        <time>2026-02-27T12:07:50.000Z</time>
        <extensions>
          <ns3:TrackPointExtension>
            <ns3:hr>155</ns3:hr>
            <ns3:cad>88</ns3:cad>
          </ns3:TrackPointExtension>
        </extensions>
      </trkpt>
      <trkpt lat="30.61801579780876636505126953125" lon="103.98852802813053131103515625">
        <ele>492.600006103515625</ele>
        <time>2026-02-27T12:07:51.000Z</time>
        <extensions>
          <ns3:TrackPointExtension>
            <ns3:hr>155</ns3:hr>
            <ns3:cad>89</ns3:cad>
          </ns3:TrackPointExtension>
        </extensions>
      </trkpt>
      <trkpt lat="30.61803390271961688995361328125" lon="103.98854923434555530548095703125">
        <ele>492.600006103515625</ele>
        <time>2026-02-27T12:07:52.000Z</time>
        <extensions>
          <ns3:TrackPointExtension>
            <ns3:hr>155</ns3:hr>
            <ns3:cad>89</ns3:cad>
          </ns3:TrackPointExtension>
        </extensions>
      </trkpt>
      <trkpt lat="30.618051253259181976318359375" lon="103.98856423795223236083984375">
        <ele>492.600006103515625</ele>
        <time>2026-02-27T12:07:53.000Z</time>
        <extensions>
          <ns3:TrackPointExtension>
            <ns3:hr>155</ns3:hr>
            <ns3:cad>89</ns3:cad>
          </ns3:TrackPointExtension>
        </extensions>
      </trkpt>
      <trkpt lat="30.61807028017938137054443359375" lon="103.9885823428630828857421875">
        <ele>492.600006103515625</ele>
        <time>2026-02-27T12:07:54.000Z</time>
        <extensions>
          <ns3:TrackPointExtension>
            <ns3:hr>155</ns3:hr>
            <ns3:cad>89</ns3:cad>
          </ns3:TrackPointExtension>
        </extensions>
      </trkpt>
      <trkpt lat="30.6180879659950733184814453125" lon="103.98860539309680461883544921875">
        <ele>492.600006103515625</ele>
        <time>2026-02-27T12:07:55.000Z</time>
        <extensions>
          <ns3:TrackPointExtension>
            <ns3:hr>155</ns3:hr>
            <ns3:cad>89</ns3:cad>
          </ns3:TrackPointExtension>
        </extensions>
      </trkpt>
      <trkpt lat="30.61810322105884552001953125" lon="103.988628275692462921142578125">
        <ele>492.600006103515625</ele>
        <time>2026-02-27T12:07:56.000Z</time>
        <extensions>
          <ns3:TrackPointExtension>
            <ns3:hr>155</ns3:hr>
            <ns3:cad>89</ns3:cad>
          </ns3:TrackPointExtension>
        </extensions>
      </trkpt>
      <trkpt lat="30.61811420135200023651123046875" lon="103.98865618743002414703369140625">
        <ele>492.600006103515625</ele>
        <time>2026-02-27T12:07:57.000Z</time>
        <extensions>
          <ns3:TrackPointExtension>
            <ns3:hr>155</ns3:hr>
            <ns3:cad>89</ns3:cad>
          </ns3:TrackPointExtension>
        </extensions>
      </trkpt>
      <trkpt lat="30.61812467873096466064453125" lon="103.98868049494922161102294921875">
        <ele>492.600006103515625</ele>
        <time>2026-02-27T12:07:58.000Z</time>
        <extensions>
          <ns3:TrackPointExtension>
            <ns3:hr>155</ns3:hr>
            <ns3:cad>89</ns3:cad>
          </ns3:TrackPointExtension>
        </extensions>
      </trkpt>
      <trkpt lat="30.61813004314899444580078125" lon="103.98871310055255889892578125">
        <ele>492.600006103515625</ele>
        <time>2026-02-27T12:07:59.000Z</time>
        <extensions>
          <ns3:TrackPointExtension>
            <ns3:hr>154</ns3:hr>
            <ns3:cad>89</ns3:cad>
          </ns3:TrackPointExtension>
        </extensions>
      </trkpt>
      <trkpt lat="30.61814404092729091644287109375" lon="103.98873564787209033966064453125">
        <ele>492.600006103515625</ele>
        <time>2026-02-27T12:08:00.000Z</time>
        <extensions>
          <ns3:TrackPointExtension>
            <ns3:hr>154</ns3:hr>
            <ns3:cad>88</ns3:cad>
          </ns3:TrackPointExtension>
        </extensions>
      </trkpt>
      <trkpt lat="30.618147142231464385986328125" lon="103.988767750561237335205078125">
        <ele>492.600006103515625</ele>
        <time>2026-02-27T12:08:01.000Z</time>
        <extensions>
          <ns3:TrackPointExtension>
            <ns3:hr>154</ns3:hr>
            <ns3:cad>87</ns3:cad>
          </ns3:TrackPointExtension>
        </extensions>
      </trkpt>
      <trkpt lat="30.61815292574465274810791015625" lon="103.988795243203639984130859375">
        <ele>492.600006103515625</ele>
        <time>2026-02-27T12:08:02.000Z</time>
        <extensions>
          <ns3:TrackPointExtension>
            <ns3:hr>154</ns3:hr>
            <ns3:cad>87</ns3:cad>
          </ns3:TrackPointExtension>
        </extensions>
      </trkpt>
      <trkpt lat="30.61815057881176471710205078125" lon="103.98883053101599216461181640625">
        <ele>492.600006103515625</ele>
        <time>2026-02-27T12:08:03.000Z</time>
        <extensions>
          <ns3:TrackPointExtension>
            <ns3:hr>155</ns3:hr>
            <ns3:cad>87</ns3:cad>
          </ns3:TrackPointExtension>
        </extensions>
      </trkpt>
      <trkpt lat="30.6181543506681919097900390625" lon="103.98886120878159999847412109375">
        <ele>492.600006103515625</ele>
        <time>2026-02-27T12:08:04.000Z</time>
        <extensions>
          <ns3:TrackPointExtension>
            <ns3:hr>154</ns3:hr>
            <ns3:cad>87</ns3:cad>
          </ns3:TrackPointExtension>
        </extensions>
      </trkpt>
      <trkpt lat="30.61814990825951099395751953125" lon="103.98890621960163116455078125">
        <ele>492.600006103515625</ele>
        <time>2026-02-27T12:08:05.000Z</time>
        <extensions>
          <ns3:TrackPointExtension>
            <ns3:hr>154</ns3:hr>
            <ns3:cad>88</ns3:cad>
          </ns3:TrackPointExtension>
        </extensions>
      </trkpt>
      <trkpt lat="30.6181513331830501556396484375" lon="103.9889338798820972442626953125">
        <ele>492.600006103515625</ele>
        <time>2026-02-27T12:08:06.000Z</time>
        <extensions>
          <ns3:TrackPointExtension>
            <ns3:hr>154</ns3:hr>
            <ns3:cad>88</ns3:cad>
          </ns3:TrackPointExtension>
        </extensions>
      </trkpt>
      <trkpt lat="30.6181489862501621246337890625" lon="103.9889685809612274169921875">
        <ele>492.600006103515625</ele>
        <time>2026-02-27T12:08:07.000Z</time>
        <extensions>
          <ns3:TrackPointExtension>
            <ns3:hr>154</ns3:hr>
            <ns3:cad>88</ns3:cad>
          </ns3:TrackPointExtension>
        </extensions>
      </trkpt>
      <trkpt lat="30.618145801126956939697265625" lon="103.98900018073618412017822265625">
        <ele>492.399993896484375</ele>
        <time>2026-02-27T12:08:08.000Z</time>
        <extensions>
          <ns3:TrackPointExtension>
            <ns3:hr>155</ns3:hr>
            <ns3:cad>88</ns3:cad>
          </ns3:TrackPointExtension>
        </extensions>
      </trkpt>
      <trkpt lat="30.61813700012862682342529296875" lon="103.98903421126306056976318359375">
        <ele>492.399993896484375</ele>
        <time>2026-02-27T12:08:09.000Z</time>
        <extensions>
          <ns3:TrackPointExtension>
            <ns3:hr>154</ns3:hr>
            <ns3:cad>87</ns3:cad>
          </ns3:TrackPointExtension>
        </extensions>
      </trkpt>
      <trkpt lat="30.6181218288838863372802734375" lon="103.9890624582767486572265625">
        <ele>492.399993896484375</ele>
        <time>2026-02-27T12:08:10.000Z</time>
        <extensions>
          <ns3:TrackPointExtension>
            <ns3:hr>154</ns3:hr>
            <ns3:cad>87</ns3:cad>
          </ns3:TrackPointExtension>
        </extensions>
      </trkpt>
      <trkpt lat="30.6181097589433193206787109375" lon="103.98909120820462703704833984375">
        <ele>492.20001220703125</ele>
        <time>2026-02-27T12:08:11.000Z</time>
        <extensions>
          <ns3:TrackPointExtension>
            <ns3:hr>154</ns3:hr>
            <ns3:cad>87</ns3:cad>
          </ns3:TrackPointExtension>
        </extensions>
      </trkpt>
      <trkpt lat="30.61809140257537364959716796875" lon="103.98911970667541027069091796875">
        <ele>492.20001220703125</ele>
        <time>2026-02-27T12:08:12.000Z</time>
        <extensions>
          <ns3:TrackPointExtension>
            <ns3:hr>154</ns3:hr>
            <ns3:cad>87</ns3:cad>
          </ns3:TrackPointExtension>
        </extensions>
      </trkpt>
      <trkpt lat="30.6180826015770435333251953125" lon="103.98915239609777927398681640625">
        <ele>492.20001220703125</ele>
        <time>2026-02-27T12:08:13.000Z</time>
        <extensions>
          <ns3:TrackPointExtension>
            <ns3:hr>155</ns3:hr>
            <ns3:cad>88</ns3:cad>
          </ns3:TrackPointExtension>
        </extensions>
      </trkpt>
      <trkpt lat="30.61807396821677684783935546875" lon="103.98918475024402141571044921875">
        <ele>492.20001220703125</ele>
        <time>2026-02-27T12:08:14.000Z</time>
        <extensions>
          <ns3:TrackPointExtension>
            <ns3:hr>154</ns3:hr>
            <ns3:cad>88</ns3:cad>
          </ns3:TrackPointExtension>
        </extensions>
      </trkpt>
      <trkpt lat="30.61807564459741115570068359375" lon="103.98921157233417034149169921875">
        <ele>492.20001220703125</ele>
        <time>2026-02-27T12:08:15.000Z</time>
        <extensions>
          <ns3:TrackPointExtension>
            <ns3:hr>154</ns3:hr>
            <ns3:cad>88</ns3:cad>
          </ns3:TrackPointExtension>
        </extensions>
      </trkpt>
      <trkpt lat="30.6180795840919017791748046875" lon="103.9892502129077911376953125">
        <ele>492.20001220703125</ele>
        <time>2026-02-27T12:08:16.000Z</time>
        <extensions>
          <ns3:TrackPointExtension>
            <ns3:hr>154</ns3:hr>
            <ns3:cad>88</ns3:cad>
          </ns3:TrackPointExtension>
        </extensions>
      </trkpt>
      <trkpt lat="30.61808645725250244140625" lon="103.98928030394017696380615234375">
        <ele>492.20001220703125</ele>
        <time>2026-02-27T12:08:17.000Z</time>
        <extensions>
          <ns3:TrackPointExtension>
            <ns3:hr>155</ns3:hr>
            <ns3:cad>88</ns3:cad>
          </ns3:TrackPointExtension>
        </extensions>
      </trkpt>
      <trkpt lat="30.61809760518372058868408203125" lon="103.98931349627673625946044921875">
        <ele>492.20001220703125</ele>
        <time>2026-02-27T12:08:18.000Z</time>
        <extensions>
          <ns3:TrackPointExtension>
            <ns3:hr>154</ns3:hr>
            <ns3:cad>88</ns3:cad>
          </ns3:TrackPointExtension>
        </extensions>
      </trkpt>
      <trkpt lat="30.61811084859073162078857421875" lon="103.9893360435962677001953125">
        <ele>492.20001220703125</ele>
        <time>2026-02-27T12:08:19.000Z</time>
        <extensions>
          <ns3:TrackPointExtension>
            <ns3:hr>154</ns3:hr>
            <ns3:cad>89</ns3:cad>
          </ns3:TrackPointExtension>
        </extensions>
      </trkpt>
      <trkpt lat="30.61813230626285076141357421875" lon="103.9893615245819091796875">
        <ele>492.20001220703125</ele>
        <time>2026-02-27T12:08:20.000Z</time>
        <extensions>
          <ns3:TrackPointExtension>
            <ns3:hr>155</ns3:hr>
            <ns3:cad>89</ns3:cad>
          </ns3:TrackPointExtension>
        </extensions>
      </trkpt>
      <trkpt lat="30.618154518306255340576171875" lon="103.98937921039760112762451171875">
        <ele>492</ele>
        <time>2026-02-27T12:08:21.000Z</time>
        <extensions>
          <ns3:TrackPointExtension>
            <ns3:hr>154</ns3:hr>
            <ns3:cad>89</ns3:cad>
          </ns3:TrackPointExtension>
        </extensions>
      </trkpt>
      <trkpt lat="30.6181788258254528045654296875" lon="103.98939915932714939117431640625">
        <ele>492.20001220703125</ele>
        <time>2026-02-27T12:08:22.000Z</time>
        <extensions>
          <ns3:TrackPointExtension>
            <ns3:hr>154</ns3:hr>
            <ns3:cad>89</ns3:cad>
          </ns3:TrackPointExtension>
        </extensions>
      </trkpt>
      <trkpt lat="30.6182004511356353759765625" lon="103.98941592313349246978759765625">
        <ele>492.20001220703125</ele>
        <time>2026-02-27T12:08:23.000Z</time>
        <extensions>
          <ns3:TrackPointExtension>
            <ns3:hr>155</ns3:hr>
            <ns3:cad>88</ns3:cad>
          </ns3:TrackPointExtension>
        </extensions>
      </trkpt>
      <trkpt lat="30.6182207353413105010986328125" lon="103.989442996680736541748046875">
        <ele>492.20001220703125</ele>
        <time>2026-02-27T12:08:24.000Z</time>
        <extensions>
          <ns3:TrackPointExtension>
            <ns3:hr>154</ns3:hr>
            <ns3:cad>88</ns3:cad>
          </ns3:TrackPointExtension>
        </extensions>
      </trkpt>
      <trkpt lat="30.6182341463863849639892578125" lon="103.98946411907672882080078125">
        <ele>492.399993896484375</ele>
        <time>2026-02-27T12:08:25.000Z</time>
        <extensions>
          <ns3:TrackPointExtension>
            <ns3:hr>154</ns3:hr>
            <ns3:cad>87</ns3:cad>
          </ns3:TrackPointExtension>
        </extensions>
      </trkpt>
      <trkpt lat="30.6182438693940639495849609375" lon="103.9894941262900829315185546875">
        <ele>492.600006103515625</ele>
        <time>2026-02-27T12:08:26.000Z</time>
        <extensions>
          <ns3:TrackPointExtension>
            <ns3:hr>155</ns3:hr>
            <ns3:cad>87</ns3:cad>
          </ns3:TrackPointExtension>
        </extensions>
      </trkpt>
      <trkpt lat="30.61825518496334552764892578125" lon="103.98952153511345386505126953125">
        <ele>492.79998779296875</ele>
        <time>2026-02-27T12:08:27.000Z</time>
        <extensions>
          <ns3:TrackPointExtension>
            <ns3:hr>155</ns3:hr>
            <ns3:cad>88</ns3:cad>
          </ns3:TrackPointExtension>
        </extensions>
      </trkpt>
      <trkpt lat="30.618265829980373382568359375" lon="103.9895554818212985992431640625">
        <ele>493</ele>
        <time>2026-02-27T12:08:28.000Z</time>
        <extensions>
          <ns3:TrackPointExtension>
            <ns3:hr>155</ns3:hr>
            <ns3:cad>89</ns3:cad>
          </ns3:TrackPointExtension>
        </extensions>
      </trkpt>
      <trkpt lat="30.61827622354030609130859375" lon="103.9895816333591938018798828125">
        <ele>493</ele>
        <time>2026-02-27T12:08:29.000Z</time>
        <extensions>
          <ns3:TrackPointExtension>
            <ns3:hr>155</ns3:hr>
            <ns3:cad>89</ns3:cad>
          </ns3:TrackPointExtension>
        </extensions>
      </trkpt>
      <trkpt lat="30.6182889640331268310546875" lon="103.98961239494383335113525390625">
        <ele>493.20001220703125</ele>
        <time>2026-02-27T12:08:30.000Z</time>
        <extensions>
          <ns3:TrackPointExtension>
            <ns3:hr>155</ns3:hr>
            <ns3:cad>89</ns3:cad>
          </ns3:TrackPointExtension>
        </extensions>
      </trkpt>
      <trkpt lat="30.61830170452594757080078125" lon="103.98963536135852336883544921875">
        <ele>493.20001220703125</ele>
        <time>2026-02-27T12:08:31.000Z</time>
        <extensions>
          <ns3:TrackPointExtension>
            <ns3:hr>156</ns3:hr>
            <ns3:cad>88</ns3:cad>
          </ns3:TrackPointExtension>
        </extensions>
      </trkpt>
      <trkpt lat="30.61831511557102203369140625" lon="103.98966000415384769439697265625">
        <ele>493.20001220703125</ele>
        <time>2026-02-27T12:08:32.000Z</time>
        <extensions>
          <ns3:TrackPointExtension>
            <ns3:hr>157</ns3:hr>
            <ns3:cad>89</ns3:cad>
          </ns3:TrackPointExtension>
        </extensions>
      </trkpt>
      <trkpt lat="30.6183333881199359893798828125" lon="103.98968129418790340423583984375">
        <ele>493.20001220703125</ele>
        <time>2026-02-27T12:08:33.000Z</time>
        <extensions>
          <ns3:TrackPointExtension>
            <ns3:hr>157</ns3:hr>
            <ns3:cad>89</ns3:cad>
          </ns3:TrackPointExtension>
        </extensions>
      </trkpt>
      <trkpt lat="30.6183488108217716217041015625" lon="103.98970275186002254486083984375">
        <ele>493.20001220703125</ele>
        <time>2026-02-27T12:08:34.000Z</time>
        <extensions>
          <ns3:TrackPointExtension>
            <ns3:hr>157</ns3:hr>
            <ns3:cad>89</ns3:cad>
          </ns3:TrackPointExtension>
        </extensions>
      </trkpt>
      <trkpt lat="30.61836414970457553863525390625" lon="103.989728651940822601318359375">
        <ele>493.20001220703125</ele>
        <time>2026-02-27T12:08:35.000Z</time>
        <extensions>
          <ns3:TrackPointExtension>
            <ns3:hr>158</ns3:hr>
            <ns3:cad>89</ns3:cad>
          </ns3:TrackPointExtension>
        </extensions>
      </trkpt>
      <trkpt lat="30.61838175170123577117919921875" lon="103.98975572548806667327880859375">
        <ele>493.20001220703125</ele>
        <time>2026-02-27T12:08:36.000Z</time>
        <extensions>
          <ns3:TrackPointExtension>
            <ns3:hr>158</ns3:hr>
            <ns3:cad>89</ns3:cad>
          </ns3:TrackPointExtension>
        </extensions>
      </trkpt>
      <trkpt lat="30.61839750967919826507568359375" lon="103.989784978330135345458984375">
        <ele>493.20001220703125</ele>
        <time>2026-02-27T12:08:37.000Z</time>
        <extensions>
          <ns3:TrackPointExtension>
            <ns3:hr>158</ns3:hr>
            <ns3:cad>88</ns3:cad>
          </ns3:TrackPointExtension>
        </extensions>
      </trkpt>
      <trkpt lat="30.618412680923938751220703125" lon="103.98981071077287197113037109375">
        <ele>493.20001220703125</ele>
        <time>2026-02-27T12:08:38.000Z</time>
        <extensions>
          <ns3:TrackPointExtension>
            <ns3:hr>158</ns3:hr>
            <ns3:cad>88</ns3:cad>
          </ns3:TrackPointExtension>
        </extensions>
      </trkpt>
      <trkpt lat="30.61842634342610836029052734375" lon="103.9898408018052577972412109375">
        <ele>493.20001220703125</ele>
        <time>2026-02-27T12:08:39.000Z</time>
        <extensions>
          <ns3:TrackPointExtension>
            <ns3:hr>159</ns3:hr>
            <ns3:cad>88</ns3:cad>
          </ns3:TrackPointExtension>
        </extensions>
      </trkpt>
      <trkpt lat="30.61843975447118282318115234375" lon="103.9898676238954067230224609375">
        <ele>493.399993896484375</ele>
        <time>2026-02-27T12:08:40.000Z</time>
        <extensions>
          <ns3:TrackPointExtension>
            <ns3:hr>159</ns3:hr>
            <ns3:cad>89</ns3:cad>
          </ns3:TrackPointExtension>
        </extensions>
      </trkpt>
      <trkpt lat="30.6184497289359569549560546875" lon="103.98989922367036342620849609375">
        <ele>493.399993896484375</ele>
        <time>2026-02-27T12:08:41.000Z</time>
        <extensions>
          <ns3:TrackPointExtension>
            <ns3:hr>159</ns3:hr>
            <ns3:cad>89</ns3:cad>
          </ns3:TrackPointExtension>
        </extensions>
      </trkpt>
      <trkpt lat="30.61845785938203334808349609375" lon="103.98993040435016155242919921875">
        <ele>493.399993896484375</ele>
        <time>2026-02-27T12:08:42.000Z</time>
        <extensions>
          <ns3:TrackPointExtension>
            <ns3:hr>159</ns3:hr>
            <ns3:cad>89</ns3:cad>
          </ns3:TrackPointExtension>
        </extensions>
      </trkpt>
      <trkpt lat="30.6184607930481433868408203125" lon="103.9899661950767040252685546875">
        <ele>493.399993896484375</ele>
        <time>2026-02-27T12:08:43.000Z</time>
        <extensions>
          <ns3:TrackPointExtension>
            <ns3:hr>160</ns3:hr>
            <ns3:cad>89</ns3:cad>
          </ns3:TrackPointExtension>
        </extensions>
      </trkpt>
      <trkpt lat="30.61847068369388580322265625" lon="103.98999360390007495880126953125">
        <ele>493.399993896484375</ele>
        <time>2026-02-27T12:08:44.000Z</time>
        <extensions>
          <ns3:TrackPointExtension>
            <ns3:hr>160</ns3:hr>
            <ns3:cad>89</ns3:cad>
          </ns3:TrackPointExtension>
        </extensions>
      </trkpt>
      <trkpt lat="30.6184805743396282196044921875" lon="103.9900332503020763397216796875">
        <ele>493.600006103515625</ele>
        <time>2026-02-27T12:08:45.000Z</time>
        <extensions>
          <ns3:TrackPointExtension>
            <ns3:hr>160</ns3:hr>
            <ns3:cad>89</ns3:cad>
          </ns3:TrackPointExtension>
        </extensions>
      </trkpt>
      <trkpt lat="30.61848836950957775115966796875" lon="103.99006099440157413482666015625">
        <ele>493.600006103515625</ele>
        <time>2026-02-27T12:08:46.000Z</time>
        <extensions>
          <ns3:TrackPointExtension>
            <ns3:hr>160</ns3:hr>
            <ns3:cad>87</ns3:cad>
          </ns3:TrackPointExtension>
        </extensions>
      </trkpt>
      <trkpt lat="30.61849658377468585968017578125" lon="103.9901006408035755157470703125">
        <ele>493.600006103515625</ele>
        <time>2026-02-27T12:08:47.000Z</time>
        <extensions>
          <ns3:TrackPointExtension>
            <ns3:hr>161</ns3:hr>
            <ns3:cad>87</ns3:cad>
          </ns3:TrackPointExtension>
        </extensions>
      </trkpt>
      <trkpt lat="30.61850823462009429931640625" lon="103.9901274628937244415283203125">
        <ele>493.600006103515625</ele>
        <time>2026-02-27T12:08:48.000Z</time>
        <extensions>
          <ns3:TrackPointExtension>
            <ns3:hr>161</ns3:hr>
            <ns3:cad>88</ns3:cad>
          </ns3:TrackPointExtension>
        </extensions>
      </trkpt>
      <trkpt lat="30.61851871199905872344970703125" lon="103.9901650138199329376220703125">
        <ele>493.600006103515625</ele>
        <time>2026-02-27T12:08:49.000Z</time>
        <extensions>
          <ns3:TrackPointExtension>
            <ns3:hr>161</ns3:hr>
            <ns3:cad>89</ns3:cad>
          </ns3:TrackPointExtension>
        </extensions>
      </trkpt>
      <trkpt lat="30.618532039225101470947265625" lon="103.99019242264330387115478515625">
        <ele>493.399993896484375</ele>
        <time>2026-02-27T12:08:50.000Z</time>
        <extensions>
          <ns3:TrackPointExtension>
            <ns3:hr>161</ns3:hr>
            <ns3:cad>89</ns3:cad>
          </ns3:TrackPointExtension>
        </extensions>
      </trkpt>
      <trkpt lat="30.61854754574596881866455078125" lon="103.990233242511749267578125">
        <ele>493.399993896484375</ele>
        <time>2026-02-27T12:08:51.000Z</time>
        <extensions>
          <ns3:TrackPointExtension>
            <ns3:hr>160</ns3:hr>
            <ns3:cad>90</ns3:cad>
          </ns3:TrackPointExtension>
        </extensions>
      </trkpt>
      <trkpt lat="30.6185652315616607666015625" lon="103.9902555383741855621337890625">
        <ele>493.399993896484375</ele>
        <time>2026-02-27T12:08:52.000Z</time>
        <extensions>
          <ns3:TrackPointExtension>
            <ns3:hr>161</ns3:hr>
            <ns3:cad>90</ns3:cad>
          </ns3:TrackPointExtension>
        </extensions>
      </trkpt>
      <trkpt lat="30.61858710832893848419189453125" lon="103.99028646759688854217529296875">
        <ele>493.399993896484375</ele>
        <time>2026-02-27T12:08:53.000Z</time>
        <extensions>
          <ns3:TrackPointExtension>
            <ns3:hr>161</ns3:hr>
            <ns3:cad>88</ns3:cad>
          </ns3:TrackPointExtension>
        </extensions>
      </trkpt>
      <trkpt lat="30.61860479414463043212890625" lon="103.990310020744800567626953125">
        <ele>493.399993896484375</ele>
        <time>2026-02-27T12:08:54.000Z</time>
        <extensions>
          <ns3:TrackPointExtension>
            <ns3:hr>161</ns3:hr>
            <ns3:cad>88</ns3:cad>
          </ns3:TrackPointExtension>
        </extensions>
      </trkpt>
      <trkpt lat="30.6186301074922084808349609375" lon="103.99033759720623493194580078125">
        <ele>493.399993896484375</ele>
        <time>2026-02-27T12:08:55.000Z</time>
        <extensions>
          <ns3:TrackPointExtension>
            <ns3:hr>160</ns3:hr>
            <ns3:cad>88</ns3:cad>
          </ns3:TrackPointExtension>
        </extensions>
      </trkpt>
      <trkpt lat="30.61865181662142276763916015625" lon="103.9903628267347812652587890625">
        <ele>493.399993896484375</ele>
        <time>2026-02-27T12:08:56.000Z</time>
        <extensions>
          <ns3:TrackPointExtension>
            <ns3:hr>161</ns3:hr>
            <ns3:cad>88</ns3:cad>
          </ns3:TrackPointExtension>
        </extensions>
      </trkpt>
      <trkpt lat="30.61867050826549530029296875" lon="103.9903874695301055908203125">
        <ele>493.399993896484375</ele>
        <time>2026-02-27T12:08:57.000Z</time>
        <extensions>
          <ns3:TrackPointExtension>
            <ns3:hr>161</ns3:hr>
            <ns3:cad>88</ns3:cad>
          </ns3:TrackPointExtension>
        </extensions>
      </trkpt>
      <trkpt lat="30.61869330704212188720703125" lon="103.99041068740189075469970703125">
        <ele>493.399993896484375</ele>
        <time>2026-02-27T12:08:58.000Z</time>
        <extensions>
          <ns3:TrackPointExtension>
            <ns3:hr>161</ns3:hr>
            <ns3:cad>89</ns3:cad>
          </ns3:TrackPointExtension>
        </extensions>
      </trkpt>
      <trkpt lat="30.61871350742876529693603515625" lon="103.99044069461524486541748046875">
        <ele>493.399993896484375</ele>
        <time>2026-02-27T12:08:59.000Z</time>
        <extensions>
          <ns3:TrackPointExtension>
            <ns3:hr>160</ns3:hr>
            <ns3:cad>89</ns3:cad>
          </ns3:TrackPointExtension>
        </extensions>
      </trkpt>
      <trkpt lat="30.618729181587696075439453125" lon="103.99046852253377437591552734375">
        <ele>493.399993896484375</ele>
        <time>2026-02-27T12:09:00.000Z</time>
        <extensions>
          <ns3:TrackPointExtension>
            <ns3:hr>161</ns3:hr>
            <ns3:cad>89</ns3:cad>
          </ns3:TrackPointExtension>
        </extensions>
      </trkpt>
      <trkpt lat="30.618743263185024261474609375" lon="103.9905019663274288177490234375">
        <ele>493.399993896484375</ele>
        <time>2026-02-27T12:09:01.000Z</time>
        <extensions>
          <ns3:TrackPointExtension>
            <ns3:hr>161</ns3:hr>
            <ns3:cad>88</ns3:cad>
          </ns3:TrackPointExtension>
        </extensions>
      </trkpt>
      <trkpt lat="30.61875424347817897796630859375" lon="103.9905311353504657745361328125">
        <ele>493.399993896484375</ele>
        <time>2026-02-27T12:09:02.000Z</time>
        <extensions>
          <ns3:TrackPointExtension>
            <ns3:hr>160</ns3:hr>
            <ns3:cad>88</ns3:cad>
          </ns3:TrackPointExtension>
        </extensions>
      </trkpt>
      <trkpt lat="30.61876396648585796356201171875" lon="103.99056382477283477783203125">
        <ele>493.399993896484375</ele>
        <time>2026-02-27T12:09:03.000Z</time>
        <extensions>
          <ns3:TrackPointExtension>
            <ns3:hr>161</ns3:hr>
            <ns3:cad>89</ns3:cad>
          </ns3:TrackPointExtension>
        </extensions>
      </trkpt>
      <trkpt lat="30.61877779662609100341796875" lon="103.99058997631072998046875">
        <ele>493.399993896484375</ele>
        <time>2026-02-27T12:09:04.000Z</time>
        <extensions>
          <ns3:TrackPointExtension>
            <ns3:hr>161</ns3:hr>
            <ns3:cad>90</ns3:cad>
          </ns3:TrackPointExtension>
        </extensions>
      </trkpt>
      <trkpt lat="30.61879078857600688934326171875" lon="103.9906216599047183990478515625">
        <ele>493.399993896484375</ele>
        <time>2026-02-27T12:09:05.000Z</time>
        <extensions>
          <ns3:TrackPointExtension>
            <ns3:hr>160</ns3:hr>
            <ns3:cad>90</ns3:cad>
          </ns3:TrackPointExtension>
        </extensions>
      </trkpt>
      <trkpt lat="30.61880185268819332122802734375" lon="103.99064772762358188629150390625">
        <ele>493.399993896484375</ele>
        <time>2026-02-27T12:09:06.000Z</time>
        <extensions>
          <ns3:TrackPointExtension>
            <ns3:hr>161</ns3:hr>
            <ns3:cad>92</ns3:cad>
          </ns3:TrackPointExtension>
        </extensions>
      </trkpt>
      <trkpt lat="30.6188151799142360687255859375" lon="103.990678489208221435546875">
        <ele>493.399993896484375</ele>
        <time>2026-02-27T12:09:07.000Z</time>
        <extensions>
          <ns3:TrackPointExtension>
            <ns3:hr>161</ns3:hr>
            <ns3:cad>92</ns3:cad>
          </ns3:TrackPointExtension>
        </extensions>
      </trkpt>
      <trkpt lat="30.61882481910288333892822265625" lon="103.990701623260974884033203125">
        <ele>493.399993896484375</ele>
        <time>2026-02-27T12:09:08.000Z</time>
        <extensions>
          <ns3:TrackPointExtension>
            <ns3:hr>160</ns3:hr>
            <ns3:cad>90</ns3:cad>
          </ns3:TrackPointExtension>
        </extensions>
      </trkpt>
      <trkpt lat="30.6188307702541351318359375" lon="103.99073489941656589508056640625">
        <ele>493.399993896484375</ele>
        <time>2026-02-27T12:09:09.000Z</time>
        <extensions>
          <ns3:TrackPointExtension>
            <ns3:hr>161</ns3:hr>
            <ns3:cad>90</ns3:cad>
          </ns3:TrackPointExtension>
        </extensions>
      </trkpt>
      <trkpt lat="30.618834458291530609130859375" lon="103.99076641537249088287353515625">
        <ele>493.399993896484375</ele>
        <time>2026-02-27T12:09:10.000Z</time>
        <extensions>
          <ns3:TrackPointExtension>
            <ns3:hr>160</ns3:hr>
            <ns3:cad>91</ns3:cad>
          </ns3:TrackPointExtension>
        </extensions>
      </trkpt>
      <trkpt lat="30.6188388168811798095703125" lon="103.99080262519419193267822265625">
        <ele>493.399993896484375</ele>
        <time>2026-02-27T12:09:11.000Z</time>
        <extensions>
          <ns3:TrackPointExtension>
            <ns3:hr>160</ns3:hr>
            <ns3:cad>92</ns3:cad>
          </ns3:TrackPointExtension>
        </extensions>
      </trkpt>
      <trkpt lat="30.6188430078327655792236328125" lon="103.990831039845943450927734375">
        <ele>493.399993896484375</ele>
        <time>2026-02-27T12:09:12.000Z</time>
        <extensions>
          <ns3:TrackPointExtension>
            <ns3:hr>160</ns3:hr>
            <ns3:cad>93</ns3:cad>
          </ns3:TrackPointExtension>
        </extensions>
      </trkpt>
      <trkpt lat="30.61884124763309955596923828125" lon="103.9908729493618011474609375">
        <ele>493.399993896484375</ele>
        <time>2026-02-27T12:09:13.000Z</time>
        <extensions>
          <ns3:TrackPointExtension>
            <ns3:hr>160</ns3:hr>
            <ns3:cad>93</ns3:cad>
          </ns3:TrackPointExtension>
        </extensions>
      </trkpt>
      <trkpt lat="30.61884753406047821044921875" lon="103.99090446531772613525390625">
        <ele>493.600006103515625</ele>
        <time>2026-02-27T12:09:14.000Z</time>
        <extensions>
          <ns3:TrackPointExtension>
            <ns3:hr>159</ns3:hr>
            <ns3:cad>93</ns3:cad>
          </ns3:TrackPointExtension>
        </extensions>
      </trkpt>
      <trkpt lat="30.6188497133553028106689453125" lon="103.99094109423458576202392578125">
        <ele>493.600006103515625</ele>
        <time>2026-02-27T12:09:15.000Z</time>
        <extensions>
          <ns3:TrackPointExtension>
            <ns3:hr>159</ns3:hr>
            <ns3:cad>92</ns3:cad>
          </ns3:TrackPointExtension>
        </extensions>
      </trkpt>
      <trkpt lat="30.618854574859142303466796875" lon="103.9909641444683074951171875">
        <ele>493.600006103515625</ele>
        <time>2026-02-27T12:09:16.000Z</time>
        <extensions>
          <ns3:TrackPointExtension>
            <ns3:hr>159</ns3:hr>
            <ns3:cad>90</ns3:cad>
          </ns3:TrackPointExtension>
        </extensions>
      </trkpt>
      <trkpt lat="30.61886304058134555816650390625" lon="103.99100110866129398345947265625">
        <ele>493.600006103515625</ele>
        <time>2026-02-27T12:09:17.000Z</time>
        <extensions>
          <ns3:TrackPointExtension>
            <ns3:hr>159</ns3:hr>
            <ns3:cad>89</ns3:cad>
          </ns3:TrackPointExtension>
        </extensions>
      </trkpt>
      <trkpt lat="30.618871338665485382080078125" lon="103.99102591909468173980712890625">
        <ele>493.600006103515625</ele>
        <time>2026-02-27T12:09:18.000Z</time>
        <extensions>
          <ns3:TrackPointExtension>
            <ns3:hr>159</ns3:hr>
            <ns3:cad>89</ns3:cad>
          </ns3:TrackPointExtension>
        </extensions>
      </trkpt>
      <trkpt lat="30.61888600699603557586669921875" lon="103.9910521544516086578369140625">
        <ele>493.600006103515625</ele>
        <time>2026-02-27T12:09:19.000Z</time>
        <extensions>
          <ns3:TrackPointExtension>
            <ns3:hr>159</ns3:hr>
            <ns3:cad>89</ns3:cad>
          </ns3:TrackPointExtension>
        </extensions>
      </trkpt>
      <trkpt lat="30.61889908276498317718505859375" lon="103.99107000790536403656005859375">
        <ele>493.79998779296875</ele>
        <time>2026-02-27T12:09:20.000Z</time>
        <extensions>
          <ns3:TrackPointExtension>
            <ns3:hr>159</ns3:hr>
            <ns3:cad>89</ns3:cad>
          </ns3:TrackPointExtension>
        </extensions>
      </trkpt>
      <trkpt lat="30.61891869641840457916259765625" lon="103.9910927228629589080810546875">
        <ele>493.79998779296875</ele>
        <time>2026-02-27T12:09:21.000Z</time>
        <extensions>
          <ns3:TrackPointExtension>
            <ns3:hr>160</ns3:hr>
            <ns3:cad>89</ns3:cad>
          </ns3:TrackPointExtension>
        </extensions>
      </trkpt>
      <trkpt lat="30.61893914826214313507080078125" lon="103.9911098219454288482666015625">
        <ele>494</ele>
        <time>2026-02-27T12:09:22.000Z</time>
        <extensions>
          <ns3:TrackPointExtension>
            <ns3:hr>159</ns3:hr>
            <ns3:cad>90</ns3:cad>
          </ns3:TrackPointExtension>
        </extensions>
      </trkpt>
      <trkpt lat="30.6189675629138946533203125" lon="103.99112465791404247283935546875">
        <ele>494</ele>
        <time>2026-02-27T12:09:23.000Z</time>
        <extensions>
          <ns3:TrackPointExtension>
            <ns3:hr>160</ns3:hr>
            <ns3:cad>90</ns3:cad>
          </ns3:TrackPointExtension>
        </extensions>
      </trkpt>
      <trkpt lat="30.6189891882240772247314453125" lon="103.99113253690302371978759765625">
        <ele>494.20001220703125</ele>
        <time>2026-02-27T12:09:24.000Z</time>
        <extensions>
          <ns3:TrackPointExtension>
            <ns3:hr>159</ns3:hr>
            <ns3:cad>91</ns3:cad>
          </ns3:TrackPointExtension>
        </extensions>
      </trkpt>
      <trkpt lat="30.6190196983516216278076171875" lon="103.9911373145878314971923828125">
        <ele>494.399993896484375</ele>
        <time>2026-02-27T12:09:25.000Z</time>
        <extensions>
          <ns3:TrackPointExtension>
            <ns3:hr>159</ns3:hr>
            <ns3:cad>90</ns3:cad>
          </ns3:TrackPointExtension>
        </extensions>
      </trkpt>
      <trkpt lat="30.61904727481305599212646484375" lon="103.9911319501698017120361328125">
        <ele>494.399993896484375</ele>
        <time>2026-02-27T12:09:26.000Z</time>
        <extensions>
          <ns3:TrackPointExtension>
            <ns3:hr>160</ns3:hr>
            <ns3:cad>90</ns3:cad>
          </ns3:TrackPointExtension>
        </extensions>
      </trkpt>
      <trkpt lat="30.61908449046313762664794921875" lon="103.9911205507814884185791015625">
        <ele>494.399993896484375</ele>
        <time>2026-02-27T12:09:27.000Z</time>
        <extensions>
          <ns3:TrackPointExtension>
            <ns3:hr>159</ns3:hr>
            <ns3:cad>90</ns3:cad>
          </ns3:TrackPointExtension>
        </extensions>
      </trkpt>
      <trkpt lat="30.61911441385746002197265625" lon="103.991111330687999725341796875">
        <ele>494.399993896484375</ele>
        <time>2026-02-27T12:09:28.000Z</time>
        <extensions>
          <ns3:TrackPointExtension>
            <ns3:hr>159</ns3:hr>
            <ns3:cad>90</ns3:cad>
          </ns3:TrackPointExtension>
        </extensions>
      </trkpt>
      <trkpt lat="30.619145929813385009765625" lon="103.9910943992435932159423828125">
        <ele>494.399993896484375</ele>
        <time>2026-02-27T12:09:29.000Z</time>
        <extensions>
          <ns3:TrackPointExtension>
            <ns3:hr>159</ns3:hr>
            <ns3:cad>90</ns3:cad>
          </ns3:TrackPointExtension>
        </extensions>
      </trkpt>
      <trkpt lat="30.61916965059936046600341796875" lon="103.99107436649501323699951171875">
        <ele>494.399993896484375</ele>
        <time>2026-02-27T12:09:30.000Z</time>
        <extensions>
          <ns3:TrackPointExtension>
            <ns3:hr>159</ns3:hr>
            <ns3:cad>90</ns3:cad>
          </ns3:TrackPointExtension>
        </extensions>
      </trkpt>
      <trkpt lat="30.619191862642765045166015625" lon="103.99104519747197628021240234375">
        <ele>494.399993896484375</ele>
        <time>2026-02-27T12:09:31.000Z</time>
        <extensions>
          <ns3:TrackPointExtension>
            <ns3:hr>159</ns3:hr>
            <ns3:cad>89</ns3:cad>
          </ns3:TrackPointExtension>
        </extensions>
      </trkpt>
      <trkpt lat="30.61921340413391590118408203125" lon="103.991020135581493377685546875">
        <ele>494.399993896484375</ele>
        <time>2026-02-27T12:09:32.000Z</time>
        <extensions>
          <ns3:TrackPointExtension>
            <ns3:hr>159</ns3:hr>
            <ns3:cad>89</ns3:cad>
          </ns3:TrackPointExtension>
        </extensions>
      </trkpt>
      <trkpt lat="30.61924223788082599639892578125" lon="103.99098702706396579742431640625">
        <ele>494.399993896484375</ele>
        <time>2026-02-27T12:09:33.000Z</time>
        <extensions>
          <ns3:TrackPointExtension>
            <ns3:hr>160</ns3:hr>
            <ns3:cad>89</ns3:cad>
          </ns3:TrackPointExtension>
        </extensions>
      </trkpt>
      <trkpt lat="30.61926369555294513702392578125" lon="103.9909639768302440643310546875">
        <ele>494.399993896484375</ele>
        <time>2026-02-27T12:09:34.000Z</time>
        <extensions>
          <ns3:TrackPointExtension>
            <ns3:hr>159</ns3:hr>
            <ns3:cad>89</ns3:cad>
          </ns3:TrackPointExtension>
        </extensions>
      </trkpt>
      <trkpt lat="30.61928465031087398529052734375" lon="103.99094193242490291595458984375">
        <ele>494.399993896484375</ele>
        <time>2026-02-27T12:09:35.000Z</time>
        <extensions>
          <ns3:TrackPointExtension>
            <ns3:hr>159</ns3:hr>
            <ns3:cad>89</ns3:cad>
          </ns3:TrackPointExtension>
        </extensions>
      </trkpt>
      <trkpt lat="30.61930216848850250244140625" lon="103.990925252437591552734375">
        <ele>494.399993896484375</ele>
        <time>2026-02-27T12:09:36.000Z</time>
        <extensions>
          <ns3:TrackPointExtension>
            <ns3:hr>160</ns3:hr>
            <ns3:cad>90</ns3:cad>
          </ns3:TrackPointExtension>
        </extensions>
      </trkpt>
      <trkpt lat="30.61931784264743328094482421875" lon="103.99092055857181549072265625">
        <ele>494.399993896484375</ele>
        <time>2026-02-27T12:09:37.000Z</time>
        <extensions>
          <ns3:TrackPointExtension>
            <ns3:hr>160</ns3:hr>
            <ns3:cad>90</ns3:cad>
          </ns3:TrackPointExtension>
        </extensions>
      </trkpt>
      <trkpt lat="30.61933125369250774383544921875" lon="103.99091309867799282073974609375">
        <ele>494.399993896484375</ele>
        <time>2026-02-27T12:09:38.000Z</time>
        <extensions>
          <ns3:TrackPointExtension>
            <ns3:hr>161</ns3:hr>
            <ns3:cad>89</ns3:cad>
          </ns3:TrackPointExtension>
        </extensions>
      </trkpt>
      <trkpt lat="30.6193484365940093994140625" lon="103.99090136401355266571044921875">
        <ele>494.399993896484375</ele>
        <time>2026-02-27T12:09:39.000Z</time>
        <extensions>
          <ns3:TrackPointExtension>
            <ns3:hr>161</ns3:hr>
            <ns3:cad>88</ns3:cad>
          </ns3:TrackPointExtension>
        </extensions>
      </trkpt>
      <trkpt lat="30.619358159601688385009765625" lon="103.9908918924629688262939453125">
        <ele>494.399993896484375</ele>
        <time>2026-02-27T12:09:40.000Z</time>
        <extensions>
          <ns3:TrackPointExtension>
            <ns3:hr>161</ns3:hr>
            <ns3:cad>88</ns3:cad>
          </ns3:TrackPointExtension>
        </extensions>
      </trkpt>
      <trkpt lat="30.61937601305544376373291015625" lon="103.99087990634143352508544921875">
        <ele>494.399993896484375</ele>
        <time>2026-02-27T12:09:41.000Z</time>
        <extensions>
          <ns3:TrackPointExtension>
            <ns3:hr>160</ns3:hr>
            <ns3:cad>88</ns3:cad>
          </ns3:TrackPointExtension>
        </extensions>
      </trkpt>
      <trkpt lat="30.61939210630953311920166015625" lon="103.99087018333375453948974609375">
        <ele>494.399993896484375</ele>
        <time>2026-02-27T12:09:42.000Z</time>
        <extensions>
          <ns3:TrackPointExtension>
            <ns3:hr>161</ns3:hr>
            <ns3:cad>89</ns3:cad>
          </ns3:TrackPointExtension>
        </extensions>
      </trkpt>
      <trkpt lat="30.61940937303006649017333984375" lon="103.990866579115390777587890625">
        <ele>494.20001220703125</ele>
        <time>2026-02-27T12:09:43.000Z</time>
        <extensions>
          <ns3:TrackPointExtension>
            <ns3:hr>161</ns3:hr>
            <ns3:cad>89</ns3:cad>
          </ns3:TrackPointExtension>
        </extensions>
      </trkpt>
      <trkpt lat="30.6194377876818180084228515625" lon="103.99085392244160175323486328125">
        <ele>494.20001220703125</ele>
        <time>2026-02-27T12:09:44.000Z</time>
        <extensions>
          <ns3:TrackPointExtension>
            <ns3:hr>160</ns3:hr>
            <ns3:cad>91</ns3:cad>
          </ns3:TrackPointExtension>
        </extensions>
      </trkpt>
      <trkpt lat="30.6194682978093624114990234375" lon="103.99084285832941532135009765625">
        <ele>494.20001220703125</ele>
        <time>2026-02-27T12:09:45.000Z</time>
        <extensions>
          <ns3:TrackPointExtension>
            <ns3:hr>161</ns3:hr>
            <ns3:cad>91</ns3:cad>
          </ns3:TrackPointExtension>
        </extensions>
      </trkpt>
      <trkpt lat="30.6195071898400783538818359375" lon="103.9908131025731563568115234375">
        <ele>494.399993896484375</ele>
        <time>2026-02-27T12:09:46.000Z</time>
        <extensions>
          <ns3:TrackPointExtension>
            <ns3:hr>161</ns3:hr>
            <ns3:cad>89</ns3:cad>
          </ns3:TrackPointExtension>
        </extensions>
      </trkpt>
      <trkpt lat="30.6195484288036823272705078125" lon="103.99077932350337505340576171875">
        <ele>494.399993896484375</ele>
        <time>2026-02-27T12:09:47.000Z</time>
        <extensions>
          <ns3:TrackPointExtension>
            <ns3:hr>161</ns3:hr>
            <ns3:cad>88</ns3:cad>
          </ns3:TrackPointExtension>
        </extensions>
      </trkpt>
      <trkpt lat="30.61957784928381443023681640625" lon="103.99074311368167400360107421875">
        <ele>494.600006103515625</ele>
        <time>2026-02-27T12:09:48.000Z</time>
        <extensions>
          <ns3:TrackPointExtension>
            <ns3:hr>161</ns3:hr>
            <ns3:cad>88</ns3:cad>
          </ns3:TrackPointExtension>
        </extensions>
      </trkpt>
      <trkpt lat="30.61959696002304553985595703125" lon="103.99070908315479755401611328125">
        <ele>494.399993896484375</ele>
        <time>2026-02-27T12:09:49.000Z</time>
        <extensions>
          <ns3:TrackPointExtension>
            <ns3:hr>161</ns3:hr>
            <ns3:cad>88</ns3:cad>
          </ns3:TrackPointExtension>
        </extensions>
      </trkpt>
      <trkpt lat="30.6196094490587711334228515625" lon="103.99066767655313014984130859375">
        <ele>494.20001220703125</ele>
        <time>2026-02-27T12:09:50.000Z</time>
        <extensions>
          <ns3:TrackPointExtension>
            <ns3:hr>161</ns3:hr>
            <ns3:cad>88</ns3:cad>
          </ns3:TrackPointExtension>
        </extensions>
      </trkpt>
      <trkpt lat="30.6196181662380695343017578125" lon="103.9906307123601436614990234375">
        <ele>494</ele>
        <time>2026-02-27T12:09:51.000Z</time>
        <extensions>
          <ns3:TrackPointExtension>
            <ns3:hr>161</ns3:hr>
            <ns3:cad>89</ns3:cad>
          </ns3:TrackPointExtension>
        </extensions>
      </trkpt>
      <trkpt lat="30.619621686637401580810546875" lon="103.99059006012976169586181640625">
        <ele>493.79998779296875</ele>
        <time>2026-02-27T12:09:52.000Z</time>
        <extensions>
          <ns3:TrackPointExtension>
            <ns3:hr>162</ns3:hr>
            <ns3:cad>89</ns3:cad>
          </ns3:TrackPointExtension>
        </extensions>
      </trkpt>
      <trkpt lat="30.61961925588548183441162109375" lon="103.990557454526424407958984375">
        <ele>493.600006103515625</ele>
        <time>2026-02-27T12:09:53.000Z</time>
        <extensions>
          <ns3:TrackPointExtension>
            <ns3:hr>162</ns3:hr>
            <ns3:cad>89</ns3:cad>
          </ns3:TrackPointExtension>
        </extensions>
      </trkpt>
      <trkpt lat="30.61961154453456401824951171875" lon="103.99052032269537448883056640625">
        <ele>493.600006103515625</ele>
        <time>2026-02-27T12:09:54.000Z</time>
        <extensions>
          <ns3:TrackPointExtension>
            <ns3:hr>163</ns3:hr>
            <ns3:cad>89</ns3:cad>
          </ns3:TrackPointExtension>
        </extensions>
      </trkpt>
      <trkpt lat="30.6195983849465847015380859375" lon="103.9904929138720035552978515625">
        <ele>493.600006103515625</ele>
        <time>2026-02-27T12:09:55.000Z</time>
        <extensions>
          <ns3:TrackPointExtension>
            <ns3:hr>163</ns3:hr>
            <ns3:cad>89</ns3:cad>
          </ns3:TrackPointExtension>
        </extensions>
      </trkpt>
      <trkpt lat="30.6195802800357341766357421875" lon="103.9904620684683322906494140625">
        <ele>493.600006103515625</ele>
        <time>2026-02-27T12:09:56.000Z</time>
        <extensions>
          <ns3:TrackPointExtension>
            <ns3:hr>163</ns3:hr>
            <ns3:cad>89</ns3:cad>
          </ns3:TrackPointExtension>
        </extensions>
      </trkpt>
      <trkpt lat="30.61956225894391536712646484375" lon="103.9904416166245937347412109375">
        <ele>493.600006103515625</ele>
        <time>2026-02-27T12:09:57.000Z</time>
        <extensions>
          <ns3:TrackPointExtension>
            <ns3:hr>163</ns3:hr>
            <ns3:cad>89</ns3:cad>
          </ns3:TrackPointExtension>
        </extensions>
      </trkpt>
      <trkpt lat="30.61954490840435028076171875" lon="103.990415632724761962890625">
        <ele>493.600006103515625</ele>
        <time>2026-02-27T12:09:58.000Z</time>
        <extensions>
          <ns3:TrackPointExtension>
            <ns3:hr>163</ns3:hr>
            <ns3:cad>89</ns3:cad>
          </ns3:TrackPointExtension>
        </extensions>
      </trkpt>
      <trkpt lat="30.61953015625476837158203125" lon="103.99039358831942081451416015625">
        <ele>493.600006103515625</ele>
        <time>2026-02-27T12:09:59.000Z</time>
        <extensions>
          <ns3:TrackPointExtension>
            <ns3:hr>163</ns3:hr>
            <ns3:cad>89</ns3:cad>
          </ns3:TrackPointExtension>
        </extensions>
      </trkpt>
      <trkpt lat="30.6195192597806453704833984375" lon="103.99036341346800327301025390625">
        <ele>493.600006103515625</ele>
        <time>2026-02-27T12:10:00.000Z</time>
        <extensions>
          <ns3:TrackPointExtension>
            <ns3:hr>163</ns3:hr>
            <ns3:cad>89</ns3:cad>
          </ns3:TrackPointExtension>
        </extensions>
      </trkpt>
      <trkpt lat="30.61951339244842529296875" lon="103.9903323166072368621826171875">
        <ele>493.600006103515625</ele>
        <time>2026-02-27T12:10:01.000Z</time>
        <extensions>
          <ns3:TrackPointExtension>
            <ns3:hr>162</ns3:hr>
            <ns3:cad>88</ns3:cad>
          </ns3:TrackPointExtension>
        </extensions>
      </trkpt>
      <trkpt lat="30.6195169128477573394775390625" lon="103.9902935922145843505859375">
        <ele>493.399993896484375</ele>
        <time>2026-02-27T12:10:02.000Z</time>
        <extensions>
          <ns3:TrackPointExtension>
            <ns3:hr>162</ns3:hr>
            <ns3:cad>88</ns3:cad>
          </ns3:TrackPointExtension>
        </extensions>
      </trkpt>
      <trkpt lat="30.6195112131536006927490234375" lon="103.99026065133512020111083984375">
        <ele>493.399993896484375</ele>
        <time>2026-02-27T12:10:03.000Z</time>
        <extensions>
          <ns3:TrackPointExtension>
            <ns3:hr>162</ns3:hr>
            <ns3:cad>89</ns3:cad>
          </ns3:TrackPointExtension>
        </extensions>
      </trkpt>
      <trkpt lat="30.6195080280303955078125" lon="103.990222178399562835693359375">
        <ele>493.399993896484375</ele>
        <time>2026-02-27T12:10:04.000Z</time>
        <extensions>
          <ns3:TrackPointExtension>
            <ns3:hr>163</ns3:hr>
            <ns3:cad>89</ns3:cad>
          </ns3:TrackPointExtension>
        </extensions>
      </trkpt>
      <trkpt lat="30.6194978021085262298583984375" lon="103.990194685757160186767578125">
        <ele>493.20001220703125</ele>
        <time>2026-02-27T12:10:05.000Z</time>
        <extensions>
          <ns3:TrackPointExtension>
            <ns3:hr>163</ns3:hr>
            <ns3:cad>90</ns3:cad>
          </ns3:TrackPointExtension>
        </extensions>
      </trkpt>
      <trkpt lat="30.61949394643306732177734375" lon="103.99016015231609344482421875">
        <ele>493.20001220703125</ele>
        <time>2026-02-27T12:10:06.000Z</time>
        <extensions>
          <ns3:TrackPointExtension>
            <ns3:hr>163</ns3:hr>
            <ns3:cad>90</ns3:cad>
          </ns3:TrackPointExtension>
        </extensions>
      </trkpt>
      <trkpt lat="30.61947978101670742034912109375" lon="103.990135677158832550048828125">
        <ele>493.20001220703125</ele>
        <time>2026-02-27T12:10:07.000Z</time>
        <extensions>
          <ns3:TrackPointExtension>
            <ns3:hr>163</ns3:hr>
            <ns3:cad>90</ns3:cad>
          </ns3:TrackPointExtension>
        </extensions>
      </trkpt>
      <trkpt lat="30.6194649450480937957763671875" lon="103.99010441266000270843505859375">
        <ele>493.20001220703125</ele>
        <time>2026-02-27T12:10:08.000Z</time>
        <extensions>
          <ns3:TrackPointExtension>
            <ns3:hr>162</ns3:hr>
            <ns3:cad>89</ns3:cad>
          </ns3:TrackPointExtension>
        </extensions>
      </trkpt>
      <trkpt lat="30.6194505281746387481689453125" lon="103.9900842122733592987060546875">
        <ele>493.20001220703125</ele>
        <time>2026-02-27T12:10:09.000Z</time>
        <extensions>
          <ns3:TrackPointExtension>
            <ns3:hr>162</ns3:hr>
            <ns3:cad>88</ns3:cad>
          </ns3:TrackPointExtension>
        </extensions>
      </trkpt>
      <trkpt lat="30.6194315850734710693359375" lon="103.9900533668696880340576171875">
        <ele>493.20001220703125</ele>
        <time>2026-02-27T12:10:10.000Z</time>
        <extensions>
          <ns3:TrackPointExtension>
            <ns3:hr>162</ns3:hr>
            <ns3:cad>88</ns3:cad>
          </ns3:TrackPointExtension>
        </extensions>
      </trkpt>
      <trkpt lat="30.61941842548549175262451171875" lon="103.99003006517887115478515625">
        <ele>493.20001220703125</ele>
        <time>2026-02-27T12:10:11.000Z</time>
        <extensions>
          <ns3:TrackPointExtension>
            <ns3:hr>162</ns3:hr>
            <ns3:cad>88</ns3:cad>
          </ns3:TrackPointExtension>
        </extensions>
      </trkpt>
      <trkpt lat="30.61940141022205352783203125" lon="103.9899997226893901824951171875">
        <ele>493.20001220703125</ele>
        <time>2026-02-27T12:10:12.000Z</time>
        <extensions>
          <ns3:TrackPointExtension>
            <ns3:hr>162</ns3:hr>
            <ns3:cad>88</ns3:cad>
          </ns3:TrackPointExtension>
        </extensions>
      </trkpt>
      <trkpt lat="30.61938305385410785675048828125" lon="103.9899762533605098724365234375">
        <ele>493.20001220703125</ele>
        <time>2026-02-27T12:10:13.000Z</time>
        <extensions>
          <ns3:TrackPointExtension>
            <ns3:hr>162</ns3:hr>
            <ns3:cad>88</ns3:cad>
          </ns3:TrackPointExtension>
        </extensions>
      </trkpt>
      <trkpt lat="30.6193672120571136474609375" lon="103.98994917981326580047607421875">
        <ele>493.20001220703125</ele>
        <time>2026-02-27T12:10:14.000Z</time>
        <extensions>
          <ns3:TrackPointExtension>
            <ns3:hr>162</ns3:hr>
            <ns3:cad>88</ns3:cad>
          </ns3:TrackPointExtension>
        </extensions>
      </trkpt>
      <trkpt lat="30.6193556450307369232177734375" lon="103.9899209327995777130126953125">
        <ele>493.20001220703125</ele>
        <time>2026-02-27T12:10:15.000Z</time>
        <extensions>
          <ns3:TrackPointExtension>
            <ns3:hr>162</ns3:hr>
            <ns3:cad>88</ns3:cad>
          </ns3:TrackPointExtension>
        </extensions>
      </trkpt>
      <trkpt lat="30.6193377077579498291015625" lon="103.98989084176719188690185546875">
        <ele>493</ele>
        <time>2026-02-27T12:10:16.000Z</time>
        <extensions>
          <ns3:TrackPointExtension>
            <ns3:hr>162</ns3:hr>
            <ns3:cad>88</ns3:cad>
          </ns3:TrackPointExtension>
        </extensions>
      </trkpt>
      <trkpt lat="30.619318597018718719482421875" lon="103.98986418731510639190673828125">
        <ele>493</ele>
        <time>2026-02-27T12:10:17.000Z</time>
        <extensions>
          <ns3:TrackPointExtension>
            <ns3:hr>161</ns3:hr>
            <ns3:cad>87</ns3:cad>
          </ns3:TrackPointExtension>
        </extensions>
      </trkpt>
      <trkpt lat="30.619295798242092132568359375" lon="103.98983820341527462005615234375">
        <ele>493</ele>
        <time>2026-02-27T12:10:18.000Z</time>
        <extensions>
          <ns3:TrackPointExtension>
            <ns3:hr>161</ns3:hr>
            <ns3:cad>87</ns3:cad>
          </ns3:TrackPointExtension>
        </extensions>
      </trkpt>
      <trkpt lat="30.61927727423608303070068359375" lon="103.989815153181552886962890625">
        <ele>493</ele>
        <time>2026-02-27T12:10:19.000Z</time>
        <extensions>
          <ns3:TrackPointExtension>
            <ns3:hr>161</ns3:hr>
            <ns3:cad>88</ns3:cad>
          </ns3:TrackPointExtension>
        </extensions>
      </trkpt>
      <trkpt lat="30.61925615184009075164794921875" lon="103.98978875018656253814697265625">
        <ele>493</ele>
        <time>2026-02-27T12:10:20.000Z</time>
        <extensions>
          <ns3:TrackPointExtension>
            <ns3:hr>161</ns3:hr>
            <ns3:cad>88</ns3:cad>
          </ns3:TrackPointExtension>
        </extensions>
      </trkpt>
      <trkpt lat="30.619238801300525665283203125" lon="103.98976461030542850494384765625">
        <ele>493</ele>
        <time>2026-02-27T12:10:21.000Z</time>
        <extensions>
          <ns3:TrackPointExtension>
            <ns3:hr>161</ns3:hr>
            <ns3:cad>89</ns3:cad>
          </ns3:TrackPointExtension>
        </extensions>
      </trkpt>
      <trkpt lat="30.61922145076096057891845703125" lon="103.9897345192730426788330078125">
        <ele>493</ele>
        <time>2026-02-27T12:10:22.000Z</time>
        <extensions>
          <ns3:TrackPointExtension>
            <ns3:hr>161</ns3:hr>
            <ns3:cad>90</ns3:cad>
          </ns3:TrackPointExtension>
        </extensions>
      </trkpt>
      <trkpt lat="30.61920954845845699310302734375" lon="103.989703841507434844970703125">
        <ele>493</ele>
        <time>2026-02-27T12:10:23.000Z</time>
        <extensions>
          <ns3:TrackPointExtension>
            <ns3:hr>161</ns3:hr>
            <ns3:cad>90</ns3:cad>
          </ns3:TrackPointExtension>
        </extensions>
      </trkpt>
      <trkpt lat="30.61920133419334888458251953125" lon="103.98967023007571697235107421875">
        <ele>493</ele>
        <time>2026-02-27T12:10:24.000Z</time>
        <extensions>
          <ns3:TrackPointExtension>
            <ns3:hr>161</ns3:hr>
            <ns3:cad>90</ns3:cad>
          </ns3:TrackPointExtension>
        </extensions>
      </trkpt>
      <trkpt lat="30.61919613741338253021240234375" lon="103.9896389655768871307373046875">
        <ele>493</ele>
        <time>2026-02-27T12:10:25.000Z</time>
        <extensions>
          <ns3:TrackPointExtension>
            <ns3:hr>160</ns3:hr>
            <ns3:cad>90</ns3:cad>
          </ns3:TrackPointExtension>
        </extensions>
      </trkpt>
      <trkpt lat="30.61918658204376697540283203125" lon="103.9896054379642009735107421875">
        <ele>493</ele>
        <time>2026-02-27T12:10:26.000Z</time>
        <extensions>
          <ns3:TrackPointExtension>
            <ns3:hr>160</ns3:hr>
            <ns3:cad>90</ns3:cad>
          </ns3:TrackPointExtension>
        </extensions>
      </trkpt>
      <trkpt lat="30.61918188817799091339111328125" lon="103.989571072161197662353515625">
        <ele>493</ele>
        <time>2026-02-27T12:10:27.000Z</time>
        <extensions>
          <ns3:TrackPointExtension>
            <ns3:hr>160</ns3:hr>
            <ns3:cad>90</ns3:cad>
          </ns3:TrackPointExtension>
        </extensions>
      </trkpt>
      <trkpt lat="30.61917769722640514373779296875" lon="103.98954098112881183624267578125">
        <ele>493</ele>
        <time>2026-02-27T12:10:28.000Z</time>
        <extensions>
          <ns3:TrackPointExtension>
            <ns3:hr>160</ns3:hr>
            <ns3:cad>90</ns3:cad>
          </ns3:TrackPointExtension>
        </extensions>
      </trkpt>
      <trkpt lat="30.6191740930080413818359375" lon="103.9895072020590305328369140625">
        <ele>493</ele>
        <time>2026-02-27T12:10:29.000Z</time>
        <extensions>
          <ns3:TrackPointExtension>
            <ns3:hr>160</ns3:hr>
            <ns3:cad>89</ns3:cad>
          </ns3:TrackPointExtension>
        </extensions>
      </trkpt>
      <trkpt lat="30.61916227452456951141357421875" lon="103.9894813857972621917724609375">
        <ele>493</ele>
        <time>2026-02-27T12:10:30.000Z</time>
        <extensions>
          <ns3:TrackPointExtension>
            <ns3:hr>161</ns3:hr>
            <ns3:cad>89</ns3:cad>
          </ns3:TrackPointExtension>
        </extensions>
      </trkpt>
      <trkpt lat="30.6191544793546199798583984375" lon="103.98944978602230548858642578125">
        <ele>493</ele>
        <time>2026-02-27T12:10:31.000Z</time>
        <extensions>
          <ns3:TrackPointExtension>
            <ns3:hr>160</ns3:hr>
            <ns3:cad>87</ns3:cad>
          </ns3:TrackPointExtension>
        </extensions>
      </trkpt>
      <trkpt lat="30.6191440857946872711181640625" lon="103.9894237183034420013427734375">
        <ele>493</ele>
        <time>2026-02-27T12:10:32.000Z</time>
        <extensions>
          <ns3:TrackPointExtension>
            <ns3:hr>160</ns3:hr>
            <ns3:cad>87</ns3:cad>
          </ns3:TrackPointExtension>
        </extensions>
      </trkpt>
      <trkpt lat="30.61913059093058109283447265625" lon="103.989397399127483367919921875">
        <ele>493</ele>
        <time>2026-02-27T12:10:33.000Z</time>
        <extensions>
          <ns3:TrackPointExtension>
            <ns3:hr>159</ns3:hr>
            <ns3:cad>87</ns3:cad>
          </ns3:TrackPointExtension>
        </extensions>
      </trkpt>
      <trkpt lat="30.6191124022006988525390625" lon="103.98937719874083995819091796875">
        <ele>493</ele>
        <time>2026-02-27T12:10:34.000Z</time>
        <extensions>
          <ns3:TrackPointExtension>
            <ns3:hr>159</ns3:hr>
            <ns3:cad>88</ns3:cad>
          </ns3:TrackPointExtension>
        </extensions>
      </trkpt>
      <trkpt lat="30.61909429728984832763671875" lon="103.98935121484100818634033203125">
        <ele>493</ele>
        <time>2026-02-27T12:10:35.000Z</time>
        <extensions>
          <ns3:TrackPointExtension>
            <ns3:hr>159</ns3:hr>
            <ns3:cad>89</ns3:cad>
          </ns3:TrackPointExtension>
        </extensions>
      </trkpt>
      <trkpt lat="30.6190760247409343719482421875" lon="103.98933260701596736907958984375">
        <ele>493</ele>
        <time>2026-02-27T12:10:36.000Z</time>
        <extensions>
          <ns3:TrackPointExtension>
            <ns3:hr>159</ns3:hr>
            <ns3:cad>90</ns3:cad>
          </ns3:TrackPointExtension>
        </extensions>
      </trkpt>
      <trkpt lat="30.61905045993626117706298828125" lon="103.98931123316287994384765625">
        <ele>493</ele>
        <time>2026-02-27T12:10:37.000Z</time>
        <extensions>
          <ns3:TrackPointExtension>
            <ns3:hr>159</ns3:hr>
            <ns3:cad>90</ns3:cad>
          </ns3:TrackPointExtension>
        </extensions>
      </trkpt>
      <trkpt lat="30.6190274097025394439697265625" lon="103.98930008523166179656982421875">
        <ele>493</ele>
        <time>2026-02-27T12:10:38.000Z</time>
        <extensions>
          <ns3:TrackPointExtension>
            <ns3:hr>159</ns3:hr>
            <ns3:cad>89</ns3:cad>
          </ns3:TrackPointExtension>
        </extensions>
      </trkpt>
      <trkpt lat="30.619003437459468841552734375" lon="103.98927636444568634033203125">
        <ele>493</ele>
        <time>2026-02-27T12:10:39.000Z</time>
        <extensions>
          <ns3:TrackPointExtension>
            <ns3:hr>159</ns3:hr>
            <ns3:cad>89</ns3:cad>
          </ns3:TrackPointExtension>
        </extensions>
      </trkpt>
      <trkpt lat="30.61898156069219112396240234375" lon="103.989261947572231292724609375">
        <ele>493</ele>
        <time>2026-02-27T12:10:40.000Z</time>
        <extensions>
          <ns3:TrackPointExtension>
            <ns3:hr>159</ns3:hr>
            <ns3:cad>89</ns3:cad>
          </ns3:TrackPointExtension>
        </extensions>
      </trkpt>
      <trkpt lat="30.61895884573459625244140625" lon="103.98923537693917751312255859375">
        <ele>493</ele>
        <time>2026-02-27T12:10:41.000Z</time>
        <extensions>
          <ns3:TrackPointExtension>
            <ns3:hr>159</ns3:hr>
            <ns3:cad>88</ns3:cad>
          </ns3:TrackPointExtension>
        </extensions>
      </trkpt>
      <trkpt lat="30.61894199810922145843505859375" lon="103.98921811021864414215087890625">
        <ele>493</ele>
        <time>2026-02-27T12:10:42.000Z</time>
        <extensions>
          <ns3:TrackPointExtension>
            <ns3:hr>159</ns3:hr>
            <ns3:cad>89</ns3:cad>
          </ns3:TrackPointExtension>
        </extensions>
      </trkpt>
      <trkpt lat="30.6189274974167346954345703125" lon="103.9891860075294971466064453125">
        <ele>493</ele>
        <time>2026-02-27T12:10:43.000Z</time>
        <extensions>
          <ns3:TrackPointExtension>
            <ns3:hr>159</ns3:hr>
            <ns3:cad>89</ns3:cad>
          </ns3:TrackPointExtension>
        </extensions>
      </trkpt>
      <trkpt lat="30.61891400255262851715087890625" lon="103.98915977217257022857666015625">
        <ele>493.20001220703125</ele>
        <time>2026-02-27T12:10:44.000Z</time>
        <extensions>
          <ns3:TrackPointExtension>
            <ns3:hr>159</ns3:hr>
            <ns3:cad>89</ns3:cad>
          </ns3:TrackPointExtension>
        </extensions>
      </trkpt>
      <trkpt lat="30.61890126205980777740478515625" lon="103.98912481963634490966796875">
        <ele>493.20001220703125</ele>
        <time>2026-02-27T12:10:45.000Z</time>
        <extensions>
          <ns3:TrackPointExtension>
            <ns3:hr>160</ns3:hr>
            <ns3:cad>90</ns3:cad>
          </ns3:TrackPointExtension>
        </extensions>
      </trkpt>
      <trkpt lat="30.61889715492725372314453125" lon="103.989091627299785614013671875">
        <ele>493.20001220703125</ele>
        <time>2026-02-27T12:10:46.000Z</time>
        <extensions>
          <ns3:TrackPointExtension>
            <ns3:hr>159</ns3:hr>
            <ns3:cad>90</ns3:cad>
          </ns3:TrackPointExtension>
        </extensions>
      </trkpt>
      <trkpt lat="30.618896149098873138427734375" lon="103.98905533365905284881591796875">
        <ele>493.20001220703125</ele>
        <time>2026-02-27T12:10:47.000Z</time>
        <extensions>
          <ns3:TrackPointExtension>
            <ns3:hr>159</ns3:hr>
            <ns3:cad>88</ns3:cad>
          </ns3:TrackPointExtension>
        </extensions>
      </trkpt>
      <trkpt lat="30.61889656819403171539306640625" lon="103.9890275895595550537109375">
        <ele>493.399993896484375</ele>
        <time>2026-02-27T12:10:48.000Z</time>
        <extensions>
          <ns3:TrackPointExtension>
            <ns3:hr>159</ns3:hr>
            <ns3:cad>88</ns3:cad>
          </ns3:TrackPointExtension>
        </extensions>
      </trkpt>
      <trkpt lat="30.6188989989459514617919921875" lon="103.9889967441558837890625">
        <ele>493.399993896484375</ele>
        <time>2026-02-27T12:10:49.000Z</time>
        <extensions>
          <ns3:TrackPointExtension>
            <ns3:hr>159</ns3:hr>
            <ns3:cad>88</ns3:cad>
          </ns3:TrackPointExtension>
        </extensions>
      </trkpt>
      <trkpt lat="30.6189058721065521240234375" lon="103.98897193372249603271484375">
        <ele>493.399993896484375</ele>
        <time>2026-02-27T12:10:50.000Z</time>
        <extensions>
          <ns3:TrackPointExtension>
            <ns3:hr>159</ns3:hr>
            <ns3:cad>89</ns3:cad>
          </ns3:TrackPointExtension>
        </extensions>
      </trkpt>
      <trkpt lat="30.61891685239970684051513671875" lon="103.98894284851849079132080078125">
        <ele>493.399993896484375</ele>
        <time>2026-02-27T12:10:51.000Z</time>
        <extensions>
          <ns3:TrackPointExtension>
            <ns3:hr>159</ns3:hr>
            <ns3:cad>89</ns3:cad>
          </ns3:TrackPointExtension>
        </extensions>
      </trkpt>
      <trkpt lat="30.61893110163509845733642578125" lon="103.98891770280897617340087890625">
        <ele>493.399993896484375</ele>
        <time>2026-02-27T12:10:52.000Z</time>
        <extensions>
          <ns3:TrackPointExtension>
            <ns3:hr>159</ns3:hr>
            <ns3:cad>88</ns3:cad>
          </ns3:TrackPointExtension>
        </extensions>
      </trkpt>
      <trkpt lat="30.61894786544144153594970703125" lon="103.98889155127108097076416015625">
        <ele>493.399993896484375</ele>
        <time>2026-02-27T12:10:53.000Z</time>
        <extensions>
          <ns3:TrackPointExtension>
            <ns3:hr>159</ns3:hr>
            <ns3:cad>88</ns3:cad>
          </ns3:TrackPointExtension>
        </extensions>
      </trkpt>
      <trkpt lat="30.6189702451229095458984375" lon="103.98886992596089839935302734375">
        <ele>493.399993896484375</ele>
        <time>2026-02-27T12:10:54.000Z</time>
        <extensions>
          <ns3:TrackPointExtension>
            <ns3:hr>159</ns3:hr>
            <ns3:cad>87</ns3:cad>
          </ns3:TrackPointExtension>
        </extensions>
      </trkpt>
      <trkpt lat="30.61899103224277496337890625" lon="103.98884880356490612030029296875">
        <ele>493.399993896484375</ele>
        <time>2026-02-27T12:10:55.000Z</time>
        <extensions>
          <ns3:TrackPointExtension>
            <ns3:hr>159</ns3:hr>
            <ns3:cad>87</ns3:cad>
          </ns3:TrackPointExtension>
        </extensions>
      </trkpt>
      <trkpt lat="30.61901517212390899658203125" lon="103.98883271031081676483154296875">
        <ele>493.399993896484375</ele>
        <time>2026-02-27T12:10:56.000Z</time>
        <extensions>
          <ns3:TrackPointExtension>
            <ns3:hr>159</ns3:hr>
            <ns3:cad>88</ns3:cad>
          </ns3:TrackPointExtension>
        </extensions>
      </trkpt>
      <trkpt lat="30.6190367974340915679931640625" lon="103.98881644941866397857666015625">
        <ele>493.399993896484375</ele>
        <time>2026-02-27T12:10:57.000Z</time>
        <extensions>
          <ns3:TrackPointExtension>
            <ns3:hr>159</ns3:hr>
            <ns3:cad>89</ns3:cad>
          </ns3:TrackPointExtension>
        </extensions>
      </trkpt>
      <trkpt lat="30.61906278133392333984375" lon="103.98880572058260440826416015625">
        <ele>493.399993896484375</ele>
        <time>2026-02-27T12:10:58.000Z</time>
        <extensions>
          <ns3:TrackPointExtension>
            <ns3:hr>160</ns3:hr>
            <ns3:cad>89</ns3:cad>
          </ns3:TrackPointExtension>
        </extensions>
      </trkpt>
      <trkpt lat="30.61908566392958164215087890625" lon="103.988795243203639984130859375">
        <ele>493.600006103515625</ele>
        <time>2026-02-27T12:10:59.000Z</time>
        <extensions>
          <ns3:TrackPointExtension>
            <ns3:hr>159</ns3:hr>
            <ns3:cad>90</ns3:cad>
          </ns3:TrackPointExtension>
        </extensions>
      </trkpt>
      <trkpt lat="30.61911567114293575286865234375" lon="103.988790214061737060546875">
        <ele>493.600006103515625</ele>
        <time>2026-02-27T12:11:00.000Z</time>
        <extensions>
          <ns3:TrackPointExtension>
            <ns3:hr>159</ns3:hr>
            <ns3:cad>90</ns3:cad>
          </ns3:TrackPointExtension>
        </extensions>
      </trkpt>
      <trkpt lat="30.61913721263408660888671875" lon="103.988781161606311798095703125">
        <ele>493.600006103515625</ele>
        <time>2026-02-27T12:11:01.000Z</time>
        <extensions>
          <ns3:TrackPointExtension>
            <ns3:hr>159</ns3:hr>
            <ns3:cad>89</ns3:cad>
          </ns3:TrackPointExtension>
        </extensions>
      </trkpt>
      <trkpt lat="30.61916244216263294219970703125" lon="103.988775797188282012939453125">
        <ele>493.600006103515625</ele>
        <time>2026-02-27T12:11:02.000Z</time>
        <extensions>
          <ns3:TrackPointExtension>
            <ns3:hr>159</ns3:hr>
            <ns3:cad>88</ns3:cad>
          </ns3:TrackPointExtension>
        </extensions>
      </trkpt>
      <trkpt lat="30.61918549239635467529296875" lon="103.98876632563769817352294921875">
        <ele>493.600006103515625</ele>
        <time>2026-02-27T12:11:03.000Z</time>
        <extensions>
          <ns3:TrackPointExtension>
            <ns3:hr>159</ns3:hr>
            <ns3:cad>88</ns3:cad>
          </ns3:TrackPointExtension>
        </extensions>
      </trkpt>
      <trkpt lat="30.61921189539134502410888671875" lon="103.988752663135528564453125">
        <ele>493.600006103515625</ele>
        <time>2026-02-27T12:11:04.000Z</time>
        <extensions>
          <ns3:TrackPointExtension>
            <ns3:hr>159</ns3:hr>
            <ns3:cad>88</ns3:cad>
          </ns3:TrackPointExtension>
        </extensions>
      </trkpt>
      <trkpt lat="30.619232766330242156982421875" lon="103.9887327142059803009033203125">
        <ele>493.600006103515625</ele>
        <time>2026-02-27T12:11:05.000Z</time>
        <extensions>
          <ns3:TrackPointExtension>
            <ns3:hr>159</ns3:hr>
            <ns3:cad>88</ns3:cad>
          </ns3:TrackPointExtension>
        </extensions>
      </trkpt>
      <trkpt lat="30.61925699003040790557861328125" lon="103.9887089096009731292724609375">
        <ele>493.600006103515625</ele>
        <time>2026-02-27T12:11:06.000Z</time>
        <extensions>
          <ns3:TrackPointExtension>
            <ns3:hr>159</ns3:hr>
            <ns3:cad>89</ns3:cad>
          </ns3:TrackPointExtension>
        </extensions>
      </trkpt>
      <trkpt lat="30.6192704848945140838623046875" lon="103.98868552409112453460693359375">
        <ele>493.600006103515625</ele>
        <time>2026-02-27T12:11:07.000Z</time>
        <extensions>
          <ns3:TrackPointExtension>
            <ns3:hr>159</ns3:hr>
            <ns3:cad>89</ns3:cad>
          </ns3:TrackPointExtension>
        </extensions>
      </trkpt>
      <trkpt lat="30.619290433824062347412109375" lon="103.9886552654206752777099609375">
        <ele>493.399993896484375</ele>
        <time>2026-02-27T12:11:08.000Z</time>
        <extensions>
          <ns3:TrackPointExtension>
            <ns3:hr>159</ns3:hr>
            <ns3:cad>89</ns3:cad>
          </ns3:TrackPointExtension>
        </extensions>
      </trkpt>
      <trkpt lat="30.61930325813591480255126953125" lon="103.988627605140209197998046875">
        <ele>493.20001220703125</ele>
        <time>2026-02-27T12:11:09.000Z</time>
        <extensions>
          <ns3:TrackPointExtension>
            <ns3:hr>159</ns3:hr>
            <ns3:cad>88</ns3:cad>
          </ns3:TrackPointExtension>
        </extensions>
      </trkpt>
      <trkpt lat="30.61932220123708248138427734375" lon="103.98859298788011074066162109375">
        <ele>493</ele>
        <time>2026-02-27T12:11:10.000Z</time>
        <extensions>
          <ns3:TrackPointExtension>
            <ns3:hr>159</ns3:hr>
            <ns3:cad>88</ns3:cad>
          </ns3:TrackPointExtension>
        </extensions>
      </trkpt>
      <trkpt lat="30.61933376826345920562744140625" lon="103.988559879362583160400390625">
        <ele>492.79998779296875</ele>
        <time>2026-02-27T12:11:11.000Z</time>
        <extensions>
          <ns3:TrackPointExtension>
            <ns3:hr>159</ns3:hr>
            <ns3:cad>89</ns3:cad>
          </ns3:TrackPointExtension>
        </extensions>
      </trkpt>
      <trkpt lat="30.6193469278514385223388671875" lon="103.98852157406508922576904296875">
        <ele>492.399993896484375</ele>
        <time>2026-02-27T12:11:12.000Z</time>
        <extensions>
          <ns3:TrackPointExtension>
            <ns3:hr>159</ns3:hr>
            <ns3:cad>89</ns3:cad>
          </ns3:TrackPointExtension>
        </extensions>
      </trkpt>
      <trkpt lat="30.61935338191688060760498046875" lon="103.98849315941333770751953125">
        <ele>492.20001220703125</ele>
        <time>2026-02-27T12:11:13.000Z</time>
        <extensions>
          <ns3:TrackPointExtension>
            <ns3:hr>159</ns3:hr>
            <ns3:cad>89</ns3:cad>
          </ns3:TrackPointExtension>
        </extensions>
      </trkpt>
      <trkpt lat="30.61936830170452594757080078125" lon="103.98844999261200428009033203125">
        <ele>492.20001220703125</ele>
        <time>2026-02-27T12:11:14.000Z</time>
        <extensions>
          <ns3:TrackPointExtension>
            <ns3:hr>159</ns3:hr>
            <ns3:cad>89</ns3:cad>
          </ns3:TrackPointExtension>
        </extensions>
      </trkpt>
      <trkpt lat="30.61937483958899974822998046875" lon="103.98841965012252330780029296875">
        <ele>492.20001220703125</ele>
        <time>2026-02-27T12:11:15.000Z</time>
        <extensions>
          <ns3:TrackPointExtension>
            <ns3:hr>159</ns3:hr>
            <ns3:cad>89</ns3:cad>
          </ns3:TrackPointExtension>
        </extensions>
      </trkpt>
      <trkpt lat="30.6193817965686321258544921875" lon="103.98838478140532970428466796875">
        <ele>492.20001220703125</ele>
        <time>2026-02-27T12:11:16.000Z</time>
        <extensions>
          <ns3:TrackPointExtension>
            <ns3:hr>159</ns3:hr>
            <ns3:cad>88</ns3:cad>
          </ns3:TrackPointExtension>
        </extensions>
      </trkpt>
      <trkpt lat="30.6193831376731395721435546875" lon="103.9883608929812908172607421875">
        <ele>492.20001220703125</ele>
        <time>2026-02-27T12:11:17.000Z</time>
        <extensions>
          <ns3:TrackPointExtension>
            <ns3:hr>159</ns3:hr>
            <ns3:cad>88</ns3:cad>
          </ns3:TrackPointExtension>
        </extensions>
      </trkpt>
      <trkpt lat="30.6193851493299007415771484375" lon="103.98832820355892181396484375">
        <ele>492.20001220703125</ele>
        <time>2026-02-27T12:11:18.000Z</time>
        <extensions>
          <ns3:TrackPointExtension>
            <ns3:hr>159</ns3:hr>
            <ns3:cad>88</ns3:cad>
          </ns3:TrackPointExtension>
        </extensions>
      </trkpt>
      <trkpt lat="30.619382970035076141357421875" lon="103.98830473423004150390625">
        <ele>492.20001220703125</ele>
        <time>2026-02-27T12:11:19.000Z</time>
        <extensions>
          <ns3:TrackPointExtension>
            <ns3:hr>159</ns3:hr>
            <ns3:cad>89</ns3:cad>
          </ns3:TrackPointExtension>
        </extensions>
      </trkpt>
      <trkpt lat="30.61938154511153697967529296875" lon="103.98827212862670421600341796875">
        <ele>492.20001220703125</ele>
        <time>2026-02-27T12:11:20.000Z</time>
        <extensions>
          <ns3:TrackPointExtension>
            <ns3:hr>159</ns3:hr>
            <ns3:cad>89</ns3:cad>
          </ns3:TrackPointExtension>
        </extensions>
      </trkpt>
      <trkpt lat="30.619376935064792633056640625" lon="103.98824497126042842864990234375">
        <ele>492.399993896484375</ele>
        <time>2026-02-27T12:11:21.000Z</time>
        <extensions>
          <ns3:TrackPointExtension>
            <ns3:hr>159</ns3:hr>
            <ns3:cad>89</ns3:cad>
          </ns3:TrackPointExtension>
        </extensions>
      </trkpt>
      <trkpt lat="30.61937048099935054779052734375" lon="103.988215215504169464111328125">
        <ele>492.399993896484375</ele>
        <time>2026-02-27T12:11:22.000Z</time>
        <extensions>
          <ns3:TrackPointExtension>
            <ns3:hr>159</ns3:hr>
            <ns3:cad>89</ns3:cad>
          </ns3:TrackPointExtension>
        </extensions>
      </trkpt>
      <trkpt lat="30.6193610094487667083740234375" lon="103.9881826937198638916015625">
        <ele>492.399993896484375</ele>
        <time>2026-02-27T12:11:23.000Z</time>
        <extensions>
          <ns3:TrackPointExtension>
            <ns3:hr>159</ns3:hr>
            <ns3:cad>88</ns3:cad>
          </ns3:TrackPointExtension>
        </extensions>
      </trkpt>
      <trkpt lat="30.619349777698516845703125" lon="103.9881523512303829193115234375">
        <ele>492.20001220703125</ele>
        <time>2026-02-27T12:11:24.000Z</time>
        <extensions>
          <ns3:TrackPointExtension>
            <ns3:hr>159</ns3:hr>
            <ns3:cad>87</ns3:cad>
          </ns3:TrackPointExtension>
        </extensions>
      </trkpt>
      <trkpt lat="30.61933728866279125213623046875" lon="103.98812175728380680084228515625">
        <ele>492.20001220703125</ele>
        <time>2026-02-27T12:11:25.000Z</time>
        <extensions>
          <ns3:TrackPointExtension>
            <ns3:hr>159</ns3:hr>
            <ns3:cad>87</ns3:cad>
          </ns3:TrackPointExtension>
        </extensions>
      </trkpt>
      <trkpt lat="30.6193234585225582122802734375" lon="103.98809879086911678314208984375">
        <ele>492.20001220703125</ele>
        <time>2026-02-27T12:11:26.000Z</time>
        <extensions>
          <ns3:TrackPointExtension>
            <ns3:hr>159</ns3:hr>
            <ns3:cad>88</ns3:cad>
          </ns3:TrackPointExtension>
        </extensions>
      </trkpt>
      <trkpt lat="30.6193082034587860107421875" lon="103.9880688674747943878173828125">
        <ele>492.20001220703125</ele>
        <time>2026-02-27T12:11:27.000Z</time>
        <extensions>
          <ns3:TrackPointExtension>
            <ns3:hr>159</ns3:hr>
            <ns3:cad>88</ns3:cad>
          </ns3:TrackPointExtension>
        </extensions>
      </trkpt>
      <trkpt lat="30.619293116033077239990234375" lon="103.9880484156310558319091796875">
        <ele>492.20001220703125</ele>
        <time>2026-02-27T12:11:28.000Z</time>
        <extensions>
          <ns3:TrackPointExtension>
            <ns3:hr>159</ns3:hr>
            <ns3:cad>89</ns3:cad>
          </ns3:TrackPointExtension>
        </extensions>
      </trkpt>
      <trkpt lat="30.61927559785544872283935546875" lon="103.98801916278898715972900390625">
        <ele>492.20001220703125</ele>
        <time>2026-02-27T12:11:29.000Z</time>
        <extensions>
          <ns3:TrackPointExtension>
            <ns3:hr>158</ns3:hr>
            <ns3:cad>89</ns3:cad>
          </ns3:TrackPointExtension>
        </extensions>
      </trkpt>
      <trkpt lat="30.61925531364977359771728515625" lon="103.9880001358687877655029296875">
        <ele>492.399993896484375</ele>
        <time>2026-02-27T12:11:30.000Z</time>
        <extensions>
          <ns3:TrackPointExtension>
            <ns3:hr>158</ns3:hr>
            <ns3:cad>88</ns3:cad>
          </ns3:TrackPointExtension>
        </extensions>
      </trkpt>
      <trkpt lat="30.619231425225734710693359375" lon="103.9879699610173702239990234375">
        <ele>492.399993896484375</ele>
        <time>2026-02-27T12:11:31.000Z</time>
        <extensions>
          <ns3:TrackPointExtension>
            <ns3:hr>159</ns3:hr>
            <ns3:cad>88</ns3:cad>
          </ns3:TrackPointExtension>
        </extensions>
      </trkpt>
      <trkpt lat="30.619209967553615570068359375" lon="103.98795546032488346099853515625">
        <ele>492.399993896484375</ele>
        <time>2026-02-27T12:11:32.000Z</time>
        <extensions>
          <ns3:TrackPointExtension>
            <ns3:hr>159</ns3:hr>
            <ns3:cad>88</ns3:cad>
          </ns3:TrackPointExtension>
        </extensions>
      </trkpt>
      <trkpt lat="30.61918339692056179046630859375" lon="103.98792981170117855072021484375">
        <ele>492.399993896484375</ele>
        <time>2026-02-27T12:11:33.000Z</time>
        <extensions>
          <ns3:TrackPointExtension>
            <ns3:hr>159</ns3:hr>
            <ns3:cad>88</ns3:cad>
          </ns3:TrackPointExtension>
        </extensions>
      </trkpt>
      <trkpt lat="30.61916076578199863433837890625" lon="103.98791539482772350311279296875">
        <ele>492.20001220703125</ele>
        <time>2026-02-27T12:11:34.000Z</time>
        <extensions>
          <ns3:TrackPointExtension>
            <ns3:hr>159</ns3:hr>
            <ns3:cad>88</ns3:cad>
          </ns3:TrackPointExtension>
        </extensions>
      </trkpt>
      <trkpt lat="30.619132854044437408447265625" lon="103.98789645172655582427978515625">
        <ele>492.20001220703125</ele>
        <time>2026-02-27T12:11:35.000Z</time>
        <extensions>
          <ns3:TrackPointExtension>
            <ns3:hr>158</ns3:hr>
            <ns3:cad>88</ns3:cad>
          </ns3:TrackPointExtension>
        </extensions>
      </trkpt>
      <trkpt lat="30.61910728923976421356201171875" lon="103.9878827892243862152099609375">
        <ele>492.20001220703125</ele>
        <time>2026-02-27T12:11:36.000Z</time>
        <extensions>
          <ns3:TrackPointExtension>
            <ns3:hr>159</ns3:hr>
            <ns3:cad>88</ns3:cad>
          </ns3:TrackPointExtension>
        </extensions>
      </trkpt>
      <trkpt lat="30.6190763600170612335205078125" lon="103.98786820471286773681640625">
        <ele>492</ele>
        <time>2026-02-27T12:11:37.000Z</time>
        <extensions>
          <ns3:TrackPointExtension>
            <ns3:hr>159</ns3:hr>
            <ns3:cad>88</ns3:cad>
          </ns3:TrackPointExtension>
        </extensions>
      </trkpt>
      <trkpt lat="30.61904828064143657684326171875" lon="103.987860493361949920654296875">
        <ele>492</ele>
        <time>2026-02-27T12:11:38.000Z</time>
        <extensions>
          <ns3:TrackPointExtension>
            <ns3:hr>159</ns3:hr>
            <ns3:cad>88</ns3:cad>
          </ns3:TrackPointExtension>
        </extensions>
      </trkpt>
      <trkpt lat="30.61901994980871677398681640625" lon="103.98785521276295185089111328125">
        <ele>492</ele>
        <time>2026-02-27T12:11:39.000Z</time>
        <extensions>
          <ns3:TrackPointExtension>
            <ns3:hr>159</ns3:hr>
            <ns3:cad>87</ns3:cad>
          </ns3:TrackPointExtension>
        </extensions>
      </trkpt>
      <trkpt lat="30.61899329535663127899169921875" lon="103.98785253055393695831298828125">
        <ele>492</ele>
        <time>2026-02-27T12:11:40.000Z</time>
        <extensions>
          <ns3:TrackPointExtension>
            <ns3:hr>159</ns3:hr>
            <ns3:cad>87</ns3:cad>
          </ns3:TrackPointExtension>
        </extensions>
      </trkpt>
      <trkpt lat="30.6189663894474506378173828125" lon="103.98785035125911235809326171875">
        <ele>492.20001220703125</ele>
        <time>2026-02-27T12:11:41.000Z</time>
        <extensions>
          <ns3:TrackPointExtension>
            <ns3:hr>159</ns3:hr>
            <ns3:cad>88</ns3:cad>
          </ns3:TrackPointExtension>
        </extensions>
      </trkpt>
      <trkpt lat="30.61893663369119167327880859375" lon="103.987849093973636627197265625">
        <ele>492.20001220703125</ele>
        <time>2026-02-27T12:11:42.000Z</time>
        <extensions>
          <ns3:TrackPointExtension>
            <ns3:hr>158</ns3:hr>
            <ns3:cad>88</ns3:cad>
          </ns3:TrackPointExtension>
        </extensions>
      </trkpt>
      <trkpt lat="30.618908889591693878173828125" lon="103.9878519438207149505615234375">
        <ele>492.20001220703125</ele>
        <time>2026-02-27T12:11:43.000Z</time>
        <extensions>
          <ns3:TrackPointExtension>
            <ns3:hr>158</ns3:hr>
            <ns3:cad>88</ns3:cad>
          </ns3:TrackPointExtension>
        </extensions>
      </trkpt>
      <trkpt lat="30.61887879855930805206298828125" lon="103.9878445677459239959716796875">
        <ele>492.20001220703125</ele>
        <time>2026-02-27T12:11:44.000Z</time>
        <extensions>
          <ns3:TrackPointExtension>
            <ns3:hr>158</ns3:hr>
            <ns3:cad>88</ns3:cad>
          </ns3:TrackPointExtension>
        </extensions>
      </trkpt>
      <trkpt lat="30.61884711496531963348388671875" lon="103.98783928714692592620849609375">
        <ele>492.399993896484375</ele>
        <time>2026-02-27T12:11:45.000Z</time>
        <extensions>
          <ns3:TrackPointExtension>
            <ns3:hr>159</ns3:hr>
            <ns3:cad>88</ns3:cad>
          </ns3:TrackPointExtension>
        </extensions>
      </trkpt>
      <trkpt lat="30.6188178621232509613037109375" lon="103.98782528936862945556640625">
        <ele>492.399993896484375</ele>
        <time>2026-02-27T12:11:46.000Z</time>
        <extensions>
          <ns3:TrackPointExtension>
            <ns3:hr>159</ns3:hr>
            <ns3:cad>87</ns3:cad>
          </ns3:TrackPointExtension>
        </extensions>
      </trkpt>
      <trkpt lat="30.61879447661340236663818359375" lon="103.987813889980316162109375">
        <ele>492.20001220703125</ele>
        <time>2026-02-27T12:11:47.000Z</time>
        <extensions>
          <ns3:TrackPointExtension>
            <ns3:hr>159</ns3:hr>
            <ns3:cad>87</ns3:cad>
          </ns3:TrackPointExtension>
        </extensions>
      </trkpt>
      <trkpt lat="30.618769414722919464111328125" lon="103.9877919293940067291259765625">
        <ele>492.399993896484375</ele>
        <time>2026-02-27T12:11:48.000Z</time>
        <extensions>
          <ns3:TrackPointExtension>
            <ns3:hr>159</ns3:hr>
            <ns3:cad>88</ns3:cad>
          </ns3:TrackPointExtension>
        </extensions>
      </trkpt>
      <trkpt lat="30.618749298155307769775390625" lon="103.9877758361399173736572265625">
        <ele>492.399993896484375</ele>
        <time>2026-02-27T12:11:49.000Z</time>
        <extensions>
          <ns3:TrackPointExtension>
            <ns3:hr>159</ns3:hr>
            <ns3:cad>88</ns3:cad>
          </ns3:TrackPointExtension>
        </extensions>
      </trkpt>
      <trkpt lat="30.61873530037701129913330078125" lon="103.98774339817464351654052734375">
        <ele>492.399993896484375</ele>
        <time>2026-02-27T12:11:50.000Z</time>
        <extensions>
          <ns3:TrackPointExtension>
            <ns3:hr>159</ns3:hr>
            <ns3:cad>89</ns3:cad>
          </ns3:TrackPointExtension>
        </extensions>
      </trkpt>
      <trkpt lat="30.6187169440090656280517578125" lon="103.98772076703608036041259765625">
        <ele>492.399993896484375</ele>
        <time>2026-02-27T12:11:51.000Z</time>
        <extensions>
          <ns3:TrackPointExtension>
            <ns3:hr>159</ns3:hr>
            <ns3:cad>89</ns3:cad>
          </ns3:TrackPointExtension>
        </extensions>
      </trkpt>
      <trkpt lat="30.61870093457400798797607421875" lon="103.98768589831888675689697265625">
        <ele>492.600006103515625</ele>
        <time>2026-02-27T12:11:52.000Z</time>
        <extensions>
          <ns3:TrackPointExtension>
            <ns3:hr>159</ns3:hr>
            <ns3:cad>89</ns3:cad>
          </ns3:TrackPointExtension>
        </extensions>
      </trkpt>
      <trkpt lat="30.61868802644312381744384765625" lon="103.98765924386680126190185546875">
        <ele>492.600006103515625</ele>
        <time>2026-02-27T12:11:53.000Z</time>
        <extensions>
          <ns3:TrackPointExtension>
            <ns3:hr>159</ns3:hr>
            <ns3:cad>88</ns3:cad>
          </ns3:TrackPointExtension>
        </extensions>
      </trkpt>
      <trkpt lat="30.61867964453995227813720703125" lon="103.98762588389217853546142578125">
        <ele>492.600006103515625</ele>
        <time>2026-02-27T12:11:54.000Z</time>
        <extensions>
          <ns3:TrackPointExtension>
            <ns3:hr>159</ns3:hr>
            <ns3:cad>88</ns3:cad>
          </ns3:TrackPointExtension>
        </extensions>
      </trkpt>
      <trkpt lat="30.61867277137935161590576171875" lon="103.987597636878490447998046875">
        <ele>492.600006103515625</ele>
        <time>2026-02-27T12:11:55.000Z</time>
        <extensions>
          <ns3:TrackPointExtension>
            <ns3:hr>159</ns3:hr>
            <ns3:cad>89</ns3:cad>
          </ns3:TrackPointExtension>
        </extensions>
      </trkpt>
      <trkpt lat="30.61867050826549530029296875" lon="103.9875599183142185211181640625">
        <ele>492.600006103515625</ele>
        <time>2026-02-27T12:11:56.000Z</time>
        <extensions>
          <ns3:TrackPointExtension>
            <ns3:hr>159</ns3:hr>
            <ns3:cad>89</ns3:cad>
          </ns3:TrackPointExtension>
        </extensions>
      </trkpt>
      <trkpt lat="30.61866556294262409210205078125" lon="103.98753217421472072601318359375">
        <ele>492.600006103515625</ele>
        <time>2026-02-27T12:11:57.000Z</time>
        <extensions>
          <ns3:TrackPointExtension>
            <ns3:hr>159</ns3:hr>
            <ns3:cad>89</ns3:cad>
          </ns3:TrackPointExtension>
        </extensions>
      </trkpt>
      <trkpt lat="30.618665479123592376708984375" lon="103.98749797604978084564208984375">
        <ele>492.600006103515625</ele>
        <time>2026-02-27T12:11:58.000Z</time>
        <extensions>
          <ns3:TrackPointExtension>
            <ns3:hr>160</ns3:hr>
            <ns3:cad>89</ns3:cad>
          </ns3:TrackPointExtension>
        </extensions>
      </trkpt>
      <trkpt lat="30.618656761944293975830078125" lon="103.98747568018734455108642578125">
        <ele>492.600006103515625</ele>
        <time>2026-02-27T12:11:59.000Z</time>
        <extensions>
          <ns3:TrackPointExtension>
            <ns3:hr>160</ns3:hr>
            <ns3:cad>90</ns3:cad>
          </ns3:TrackPointExtension>
        </extensions>
      </trkpt>
      <trkpt lat="30.61865215189754962921142578125" lon="103.9874465949833393096923828125">
        <ele>492.79998779296875</ele>
        <time>2026-02-27T12:12:00.000Z</time>
        <extensions>
          <ns3:TrackPointExtension>
            <ns3:hr>160</ns3:hr>
            <ns3:cad>90</ns3:cad>
          </ns3:TrackPointExtension>
        </extensions>
      </trkpt>
      <trkpt lat="30.61864276416599750518798828125" lon="103.98742388002574443817138671875">
        <ele>492.79998779296875</ele>
        <time>2026-02-27T12:12:01.000Z</time>
        <extensions>
          <ns3:TrackPointExtension>
            <ns3:hr>160</ns3:hr>
            <ns3:cad>90</ns3:cad>
          </ns3:TrackPointExtension>
        </extensions>
      </trkpt>
      <trkpt lat="30.61863454990088939666748046875" lon="103.9873882569372653961181640625">
        <ele>492.79998779296875</ele>
        <time>2026-02-27T12:12:02.000Z</time>
        <extensions>
          <ns3:TrackPointExtension>
            <ns3:hr>160</ns3:hr>
            <ns3:cad>90</ns3:cad>
          </ns3:TrackPointExtension>
        </extensions>
      </trkpt>
      <trkpt lat="30.61862331815063953399658203125" lon="103.98736336268484592437744140625">
        <ele>492.79998779296875</ele>
        <time>2026-02-27T12:12:03.000Z</time>
        <extensions>
          <ns3:TrackPointExtension>
            <ns3:hr>161</ns3:hr>
            <ns3:cad>90</ns3:cad>
          </ns3:TrackPointExtension>
        </extensions>
      </trkpt>
      <trkpt lat="30.6186076439917087554931640625" lon="103.98733318783342838287353515625">
        <ele>492.79998779296875</ele>
        <time>2026-02-27T12:12:04.000Z</time>
        <extensions>
          <ns3:TrackPointExtension>
            <ns3:hr>160</ns3:hr>
            <ns3:cad>91</ns3:cad>
          </ns3:TrackPointExtension>
        </extensions>
      </trkpt>
      <trkpt lat="30.61858962289988994598388671875" lon="103.9873165078461170196533203125">
        <ele>492.79998779296875</ele>
        <time>2026-02-27T12:12:05.000Z</time>
        <extensions>
          <ns3:TrackPointExtension>
            <ns3:hr>160</ns3:hr>
            <ns3:cad>91</ns3:cad>
          </ns3:TrackPointExtension>
        </extensions>
      </trkpt>
      <trkpt lat="30.61857017688453197479248046875" lon="103.98728842847049236297607421875">
        <ele>492.79998779296875</ele>
        <time>2026-02-27T12:12:06.000Z</time>
        <extensions>
          <ns3:TrackPointExtension>
            <ns3:hr>160</ns3:hr>
            <ns3:cad>91</ns3:cad>
          </ns3:TrackPointExtension>
        </extensions>
      </trkpt>
      <trkpt lat="30.6185491383075714111328125" lon="103.98727116174995899200439453125">
        <ele>492.79998779296875</ele>
        <time>2026-02-27T12:12:07.000Z</time>
        <extensions>
          <ns3:TrackPointExtension>
            <ns3:hr>160</ns3:hr>
            <ns3:cad>90</ns3:cad>
          </ns3:TrackPointExtension>
        </extensions>
      </trkpt>
      <trkpt lat="30.61852701008319854736328125" lon="103.9872437529265880584716796875">
        <ele>492.79998779296875</ele>
        <time>2026-02-27T12:12:08.000Z</time>
        <extensions>
          <ns3:TrackPointExtension>
            <ns3:hr>161</ns3:hr>
            <ns3:cad>90</ns3:cad>
          </ns3:TrackPointExtension>
        </extensions>
      </trkpt>
      <trkpt lat="30.61850546859204769134521484375" lon="103.9872293360531330108642578125">
        <ele>492.79998779296875</ele>
        <time>2026-02-27T12:12:09.000Z</time>
        <extensions>
          <ns3:TrackPointExtension>
            <ns3:hr>160</ns3:hr>
            <ns3:cad>89</ns3:cad>
          </ns3:TrackPointExtension>
        </extensions>
      </trkpt>
      <trkpt lat="30.6184795685112476348876953125" lon="103.9872090518474578857421875">
        <ele>492.79998779296875</ele>
        <time>2026-02-27T12:12:10.000Z</time>
        <extensions>
          <ns3:TrackPointExtension>
            <ns3:hr>159</ns3:hr>
            <ns3:cad>88</ns3:cad>
          </ns3:TrackPointExtension>
        </extensions>
      </trkpt>
      <trkpt lat="30.61845635063946247100830078125" lon="103.98720108903944492340087890625">
        <ele>492.79998779296875</ele>
        <time>2026-02-27T12:12:11.000Z</time>
        <extensions>
          <ns3:TrackPointExtension>
            <ns3:hr>159</ns3:hr>
            <ns3:cad>88</ns3:cad>
          </ns3:TrackPointExtension>
        </extensions>
      </trkpt>
      <trkpt lat="30.6184284389019012451171875" lon="103.987185247242450714111328125">
        <ele>492.79998779296875</ele>
        <time>2026-02-27T12:12:12.000Z</time>
        <extensions>
          <ns3:TrackPointExtension>
            <ns3:hr>159</ns3:hr>
            <ns3:cad>88</ns3:cad>
          </ns3:TrackPointExtension>
        </extensions>
      </trkpt>
      <trkpt lat="30.61840672977268695831298828125" lon="103.987180888652801513671875">
        <ele>493</ele>
        <time>2026-02-27T12:12:13.000Z</time>
        <extensions>
          <ns3:TrackPointExtension>
            <ns3:hr>160</ns3:hr>
            <ns3:cad>89</ns3:cad>
          </ns3:TrackPointExtension>
        </extensions>
      </trkpt>
      <trkpt lat="30.61837940476834774017333984375" lon="103.987177200615406036376953125">
        <ele>493</ele>
        <time>2026-02-27T12:12:14.000Z</time>
        <extensions>
          <ns3:TrackPointExtension>
            <ns3:hr>159</ns3:hr>
            <ns3:cad>89</ns3:cad>
          </ns3:TrackPointExtension>
        </extensions>
      </trkpt>
      <trkpt lat="30.61835526488721370697021484375" lon="103.987175524234771728515625">
        <ele>493</ele>
        <time>2026-02-27T12:12:15.000Z</time>
        <extensions>
          <ns3:TrackPointExtension>
            <ns3:hr>159</ns3:hr>
            <ns3:cad>89</ns3:cad>
          </ns3:TrackPointExtension>
        </extensions>
      </trkpt>
      <trkpt lat="30.61832986772060394287109375" lon="103.9871760271489620208740234375">
        <ele>493</ele>
        <time>2026-02-27T12:12:16.000Z</time>
        <extensions>
          <ns3:TrackPointExtension>
            <ns3:hr>159</ns3:hr>
            <ns3:cad>88</ns3:cad>
          </ns3:TrackPointExtension>
        </extensions>
      </trkpt>
      <trkpt lat="30.61830447055399417877197265625" lon="103.98718197830021381378173828125">
        <ele>493</ele>
        <time>2026-02-27T12:12:17.000Z</time>
        <extensions>
          <ns3:TrackPointExtension>
            <ns3:hr>159</ns3:hr>
            <ns3:cad>88</ns3:cad>
          </ns3:TrackPointExtension>
        </extensions>
      </trkpt>
      <trkpt lat="30.6182773970067501068115234375" lon="103.98718692362308502197265625">
        <ele>493</ele>
        <time>2026-02-27T12:12:18.000Z</time>
        <extensions>
          <ns3:TrackPointExtension>
            <ns3:hr>159</ns3:hr>
            <ns3:cad>88</ns3:cad>
          </ns3:TrackPointExtension>
        </extensions>
      </trkpt>
      <trkpt lat="30.6182512454688549041748046875" lon="103.98719304241240024566650390625">
        <ele>493</ele>
        <time>2026-02-27T12:12:19.000Z</time>
        <extensions>
          <ns3:TrackPointExtension>
            <ns3:hr>160</ns3:hr>
            <ns3:cad>88</ns3:cad>
          </ns3:TrackPointExtension>
        </extensions>
      </trkpt>
      <trkpt lat="30.6182307936251163482666015625" lon="103.98720544762909412384033203125">
        <ele>493</ele>
        <time>2026-02-27T12:12:20.000Z</time>
        <extensions>
          <ns3:TrackPointExtension>
            <ns3:hr>159</ns3:hr>
            <ns3:cad>89</ns3:cad>
          </ns3:TrackPointExtension>
        </extensions>
      </trkpt>
      <trkpt lat="30.61820757575333118438720703125" lon="103.9872144162654876708984375">
        <ele>492.79998779296875</ele>
        <time>2026-02-27T12:12:21.000Z</time>
        <extensions>
          <ns3:TrackPointExtension>
            <ns3:hr>159</ns3:hr>
            <ns3:cad>89</ns3:cad>
          </ns3:TrackPointExtension>
        </extensions>
      </trkpt>
      <trkpt lat="30.61818561516702175140380859375" lon="103.9872283302247524261474609375">
        <ele>493</ele>
        <time>2026-02-27T12:12:22.000Z</time>
        <extensions>
          <ns3:TrackPointExtension>
            <ns3:hr>159</ns3:hr>
            <ns3:cad>89</ns3:cad>
          </ns3:TrackPointExtension>
        </extensions>
      </trkpt>
      <trkpt lat="30.6181634031236171722412109375" lon="103.9872484467923641204833984375">
        <ele>493</ele>
        <time>2026-02-27T12:12:23.000Z</time>
        <extensions>
          <ns3:TrackPointExtension>
            <ns3:hr>159</ns3:hr>
            <ns3:cad>89</ns3:cad>
          </ns3:TrackPointExtension>
        </extensions>
      </trkpt>
      <trkpt lat="30.618147142231464385986328125" lon="103.98726831190288066864013671875">
        <ele>493</ele>
        <time>2026-02-27T12:12:24.000Z</time>
        <extensions>
          <ns3:TrackPointExtension>
            <ns3:hr>159</ns3:hr>
            <ns3:cad>89</ns3:cad>
          </ns3:TrackPointExtension>
        </extensions>
      </trkpt>
      <trkpt lat="30.6181245110929012298583984375" lon="103.9872876740992069244384765625">
        <ele>493.20001220703125</ele>
        <time>2026-02-27T12:12:25.000Z</time>
        <extensions>
          <ns3:TrackPointExtension>
            <ns3:hr>159</ns3:hr>
            <ns3:cad>88</ns3:cad>
          </ns3:TrackPointExtension>
        </extensions>
      </trkpt>
      <trkpt lat="30.61810866929590702056884765625" lon="103.987310640513896942138671875">
        <ele>493.399993896484375</ele>
        <time>2026-02-27T12:12:26.000Z</time>
        <extensions>
          <ns3:TrackPointExtension>
            <ns3:hr>159</ns3:hr>
            <ns3:cad>88</ns3:cad>
          </ns3:TrackPointExtension>
        </extensions>
      </trkpt>
      <trkpt lat="30.61808587051928043365478515625" lon="103.98733402602374553680419921875">
        <ele>493.600006103515625</ele>
        <time>2026-02-27T12:12:27.000Z</time>
        <extensions>
          <ns3:TrackPointExtension>
            <ns3:hr>158</ns3:hr>
            <ns3:cad>88</ns3:cad>
          </ns3:TrackPointExtension>
        </extensions>
      </trkpt>
      <trkpt lat="30.61807799153029918670654296875" lon="103.98735187947750091552734375">
        <ele>493.79998779296875</ele>
        <time>2026-02-27T12:12:28.000Z</time>
        <extensions>
          <ns3:TrackPointExtension>
            <ns3:hr>158</ns3:hr>
            <ns3:cad>88</ns3:cad>
          </ns3:TrackPointExtension>
        </extensions>
      </trkpt>
      <trkpt lat="30.6180631555616855621337890625" lon="103.98737492971122264862060546875">
        <ele>494</ele>
        <time>2026-02-27T12:12:29.000Z</time>
        <extensions>
          <ns3:TrackPointExtension>
            <ns3:hr>158</ns3:hr>
            <ns3:cad>88</ns3:cad>
          </ns3:TrackPointExtension>
        </extensions>
      </trkpt>
      <trkpt lat="30.6180581264197826385498046875" lon="103.98739471100270748138427734375">
        <ele>494.399993896484375</ele>
        <time>2026-02-27T12:12:30.000Z</time>
        <extensions>
          <ns3:TrackPointExtension>
            <ns3:hr>158</ns3:hr>
            <ns3:cad>88</ns3:cad>
          </ns3:TrackPointExtension>
        </extensions>
      </trkpt>
      <trkpt lat="30.61804815195500850677490234375" lon="103.98741298355162143707275390625">
        <ele>494.600006103515625</ele>
        <time>2026-02-27T12:12:31.000Z</time>
        <extensions>
          <ns3:TrackPointExtension>
            <ns3:hr>158</ns3:hr>
            <ns3:cad>87</ns3:cad>
          </ns3:TrackPointExtension>
        </extensions>
      </trkpt>
      <trkpt lat="30.618041194975376129150390625" lon="103.987429328262805938720703125">
        <ele>495</ele>
        <time>2026-02-27T12:12:32.000Z</time>
        <extensions>
          <ns3:TrackPointExtension>
            <ns3:hr>158</ns3:hr>
            <ns3:cad>87</ns3:cad>
          </ns3:TrackPointExtension>
        </extensions>
      </trkpt>
      <trkpt lat="30.6180341541767120361328125" lon="103.98745288141071796417236328125">
        <ele>495.20001220703125</ele>
        <time>2026-02-27T12:12:33.000Z</time>
        <extensions>
          <ns3:TrackPointExtension>
            <ns3:hr>157</ns3:hr>
            <ns3:cad>87</ns3:cad>
          </ns3:TrackPointExtension>
        </extensions>
      </trkpt>
      <trkpt lat="30.6180272810161113739013671875" lon="103.98747299797832965850830078125">
        <ele>495.600006103515625</ele>
        <time>2026-02-27T12:12:34.000Z</time>
        <extensions>
          <ns3:TrackPointExtension>
            <ns3:hr>158</ns3:hr>
            <ns3:cad>88</ns3:cad>
          </ns3:TrackPointExtension>
        </extensions>
      </trkpt>
      <trkpt lat="30.61802208423614501953125" lon="103.98749646730720996856689453125">
        <ele>495.79998779296875</ele>
        <time>2026-02-27T12:12:35.000Z</time>
        <extensions>
          <ns3:TrackPointExtension>
            <ns3:hr>158</ns3:hr>
            <ns3:cad>88</ns3:cad>
          </ns3:TrackPointExtension>
        </extensions>
      </trkpt>
      <trkpt lat="30.61801470816135406494140625" lon="103.98752429522573947906494140625">
        <ele>496</ele>
        <time>2026-02-27T12:12:36.000Z</time>
        <extensions>
          <ns3:TrackPointExtension>
            <ns3:hr>157</ns3:hr>
            <ns3:cad>88</ns3:cad>
          </ns3:TrackPointExtension>
        </extensions>
      </trkpt>
      <trkpt lat="30.61801244504749774932861328125" lon="103.98754910565912723541259765625">
        <ele>496.20001220703125</ele>
        <time>2026-02-27T12:12:37.000Z</time>
        <extensions>
          <ns3:TrackPointExtension>
            <ns3:hr>157</ns3:hr>
            <ns3:cad>87</ns3:cad>
          </ns3:TrackPointExtension>
        </extensions>
      </trkpt>
      <trkpt lat="30.6180044822394847869873046875" lon="103.987576849758625030517578125">
        <ele>496.399993896484375</ele>
        <time>2026-02-27T12:12:38.000Z</time>
        <extensions>
          <ns3:TrackPointExtension>
            <ns3:hr>158</ns3:hr>
            <ns3:cad>87</ns3:cad>
          </ns3:TrackPointExtension>
        </extensions>
      </trkpt>
      <trkpt lat="30.6179994530975818634033203125" lon="103.98759889416396617889404296875">
        <ele>496.600006103515625</ele>
        <time>2026-02-27T12:12:39.000Z</time>
        <extensions>
          <ns3:TrackPointExtension>
            <ns3:hr>158</ns3:hr>
            <ns3:cad>87</ns3:cad>
          </ns3:TrackPointExtension>
        </extensions>
      </trkpt>
      <trkpt lat="30.61798654496669769287109375" lon="103.98762873373925685882568359375">
        <ele>496.79998779296875</ele>
        <time>2026-02-27T12:12:40.000Z</time>
        <extensions>
          <ns3:TrackPointExtension>
            <ns3:hr>158</ns3:hr>
            <ns3:cad>87</ns3:cad>
          </ns3:TrackPointExtension>
        </extensions>
      </trkpt>
      <trkpt lat="30.6179803423583507537841796875" lon="103.987649939954280853271484375">
        <ele>496.79998779296875</ele>
        <time>2026-02-27T12:12:41.000Z</time>
        <extensions>
          <ns3:TrackPointExtension>
            <ns3:hr>158</ns3:hr>
            <ns3:cad>87</ns3:cad>
          </ns3:TrackPointExtension>
        </extensions>
      </trkpt>
      <trkpt lat="30.61797439120709896087646484375" lon="103.9876829646527767181396484375">
        <ele>497</ele>
        <time>2026-02-27T12:12:42.000Z</time>
        <extensions>
          <ns3:TrackPointExtension>
            <ns3:hr>158</ns3:hr>
            <ns3:cad>87</ns3:cad>
          </ns3:TrackPointExtension>
        </extensions>
      </trkpt>
      <trkpt lat="30.6179751455783843994140625" lon="103.987707607448101043701171875">
        <ele>497.20001220703125</ele>
        <time>2026-02-27T12:12:43.000Z</time>
        <extensions>
          <ns3:TrackPointExtension>
            <ns3:hr>158</ns3:hr>
            <ns3:cad>87</ns3:cad>
          </ns3:TrackPointExtension>
        </extensions>
      </trkpt>
      <trkpt lat="30.61796332709491252899169921875" lon="103.98774121887981891632080078125">
        <ele>497.20001220703125</ele>
        <time>2026-02-27T12:12:44.000Z</time>
        <extensions>
          <ns3:TrackPointExtension>
            <ns3:hr>158</ns3:hr>
            <ns3:cad>87</ns3:cad>
          </ns3:TrackPointExtension>
        </extensions>
      </trkpt>
      <trkpt lat="30.617958717048168182373046875" lon="103.9877674542367458343505859375">
        <ele>497.20001220703125</ele>
        <time>2026-02-27T12:12:45.000Z</time>
        <extensions>
          <ns3:TrackPointExtension>
            <ns3:hr>159</ns3:hr>
            <ns3:cad>88</ns3:cad>
          </ns3:TrackPointExtension>
        </extensions>
      </trkpt>
      <trkpt lat="30.6179391033947467803955078125" lon="103.98779821582138538360595703125">
        <ele>497.399993896484375</ele>
        <time>2026-02-27T12:12:46.000Z</time>
        <extensions>
          <ns3:TrackPointExtension>
            <ns3:hr>159</ns3:hr>
            <ns3:cad>88</ns3:cad>
          </ns3:TrackPointExtension>
        </extensions>
      </trkpt>
      <trkpt lat="30.61792745254933834075927734375" lon="103.98782118223607540130615234375">
        <ele>497.399993896484375</ele>
        <time>2026-02-27T12:12:47.000Z</time>
        <extensions>
          <ns3:TrackPointExtension>
            <ns3:hr>159</ns3:hr>
            <ns3:cad>89</ns3:cad>
          </ns3:TrackPointExtension>
        </extensions>
      </trkpt>
      <trkpt lat="30.617903731763362884521484375" lon="103.98784129880368709564208984375">
        <ele>497.399993896484375</ele>
        <time>2026-02-27T12:12:48.000Z</time>
        <extensions>
          <ns3:TrackPointExtension>
            <ns3:hr>159</ns3:hr>
            <ns3:cad>89</ns3:cad>
          </ns3:TrackPointExtension>
        </extensions>
      </trkpt>
      <trkpt lat="30.61788168735802173614501953125" lon="103.98785957135260105133056640625">
        <ele>497.399993896484375</ele>
        <time>2026-02-27T12:12:49.000Z</time>
        <extensions>
          <ns3:TrackPointExtension>
            <ns3:hr>159</ns3:hr>
            <ns3:cad>89</ns3:cad>
          </ns3:TrackPointExtension>
        </extensions>
      </trkpt>
      <trkpt lat="30.61785251833498477935791015625" lon="103.98787599988281726837158203125">
        <ele>497.600006103515625</ele>
        <time>2026-02-27T12:12:50.000Z</time>
        <extensions>
          <ns3:TrackPointExtension>
            <ns3:hr>159</ns3:hr>
            <ns3:cad>90</ns3:cad>
          </ns3:TrackPointExtension>
        </extensions>
      </trkpt>
      <trkpt lat="30.6178329885005950927734375" lon="103.98789100348949432373046875">
        <ele>497.600006103515625</ele>
        <time>2026-02-27T12:12:51.000Z</time>
        <extensions>
          <ns3:TrackPointExtension>
            <ns3:hr>159</ns3:hr>
            <ns3:cad>90</ns3:cad>
          </ns3:TrackPointExtension>
        </extensions>
      </trkpt>
      <trkpt lat="30.617815218865871429443359375" lon="103.9879166521131992340087890625">
        <ele>497.600006103515625</ele>
        <time>2026-02-27T12:12:52.000Z</time>
        <extensions>
          <ns3:TrackPointExtension>
            <ns3:hr>160</ns3:hr>
            <ns3:cad>89</ns3:cad>
          </ns3:TrackPointExtension>
        </extensions>
      </trkpt>
      <trkpt lat="30.61779744923114776611328125" lon="103.98793165571987628936767578125">
        <ele>497.399993896484375</ele>
        <time>2026-02-27T12:12:53.000Z</time>
        <extensions>
          <ns3:TrackPointExtension>
            <ns3:hr>160</ns3:hr>
            <ns3:cad>89</ns3:cad>
          </ns3:TrackPointExtension>
        </extensions>
      </trkpt>
      <trkpt lat="30.617772303521633148193359375" lon="103.98794909007847309112548828125">
        <ele>497.399993896484375</ele>
        <time>2026-02-27T12:12:54.000Z</time>
        <extensions>
          <ns3:TrackPointExtension>
            <ns3:hr>160</ns3:hr>
            <ns3:cad>89</ns3:cad>
          </ns3:TrackPointExtension>
        </extensions>
      </trkpt>
      <trkpt lat="30.61775386333465576171875" lon="103.9879602380096912384033203125">
        <ele>497.399993896484375</ele>
        <time>2026-02-27T12:12:55.000Z</time>
        <extensions>
          <ns3:TrackPointExtension>
            <ns3:hr>160</ns3:hr>
            <ns3:cad>89</ns3:cad>
          </ns3:TrackPointExtension>
        </extensions>
      </trkpt>
      <trkpt lat="30.61772863380610942840576171875" lon="103.98796702735126018524169921875">
        <ele>497.20001220703125</ele>
        <time>2026-02-27T12:12:56.000Z</time>
        <extensions>
          <ns3:TrackPointExtension>
            <ns3:hr>160</ns3:hr>
            <ns3:cad>89</ns3:cad>
          </ns3:TrackPointExtension>
        </extensions>
      </trkpt>
      <trkpt lat="30.61770700849592685699462890625" lon="103.98797457106411457061767578125">
        <ele>497</ele>
        <time>2026-02-27T12:12:57.000Z</time>
        <extensions>
          <ns3:TrackPointExtension>
            <ns3:hr>161</ns3:hr>
            <ns3:cad>89</ns3:cad>
          </ns3:TrackPointExtension>
        </extensions>
      </trkpt>
      <trkpt lat="30.6176769174635410308837890625" lon="103.98797960020601749420166015625">
        <ele>497</ele>
        <time>2026-02-27T12:12:58.000Z</time>
        <extensions>
          <ns3:TrackPointExtension>
            <ns3:hr>161</ns3:hr>
            <ns3:cad>89</ns3:cad>
          </ns3:TrackPointExtension>
        </extensions>
      </trkpt>
      <trkpt lat="30.617652274668216705322265625" lon="103.98798613809049129486083984375">
        <ele>496.79998779296875</ele>
        <time>2026-02-27T12:12:59.000Z</time>
        <extensions>
          <ns3:TrackPointExtension>
            <ns3:hr>161</ns3:hr>
            <ns3:cad>89</ns3:cad>
          </ns3:TrackPointExtension>
        </extensions>
      </trkpt>
      <trkpt lat="30.6176242791116237640380859375" lon="103.98799301125109195709228515625">
        <ele>496.399993896484375</ele>
        <time>2026-02-27T12:13:00.000Z</time>
        <extensions>
          <ns3:TrackPointExtension>
            <ns3:hr>162</ns3:hr>
            <ns3:cad>89</ns3:cad>
          </ns3:TrackPointExtension>
        </extensions>
      </trkpt>
      <trkpt lat="30.6175998039543628692626953125" lon="103.98800306953489780426025390625">
        <ele>496.20001220703125</ele>
        <time>2026-02-27T12:13:01.000Z</time>
        <extensions>
          <ns3:TrackPointExtension>
            <ns3:hr>162</ns3:hr>
            <ns3:cad>89</ns3:cad>
          </ns3:TrackPointExtension>
        </extensions>
      </trkpt>
      <trkpt lat="30.61757323332130908966064453125" lon="103.98801631294190883636474609375">
        <ele>495.79998779296875</ele>
        <time>2026-02-27T12:13:02.000Z</time>
        <extensions>
          <ns3:TrackPointExtension>
            <ns3:hr>162</ns3:hr>
            <ns3:cad>89</ns3:cad>
          </ns3:TrackPointExtension>
        </extensions>
      </trkpt>
      <trkpt lat="30.61754800379276275634765625" lon="103.98803274147212505340576171875">
        <ele>495.600006103515625</ele>
        <time>2026-02-27T12:13:03.000Z</time>
        <extensions>
          <ns3:TrackPointExtension>
            <ns3:hr>163</ns3:hr>
            <ns3:cad>89</ns3:cad>
          </ns3:TrackPointExtension>
        </extensions>
      </trkpt>
      <trkpt lat="30.6175263784825801849365234375" lon="103.9880539476871490478515625">
        <ele>495.20001220703125</ele>
        <time>2026-02-27T12:13:04.000Z</time>
        <extensions>
          <ns3:TrackPointExtension>
            <ns3:hr>163</ns3:hr>
            <ns3:cad>89</ns3:cad>
          </ns3:TrackPointExtension>
        </extensions>
      </trkpt>
      <trkpt lat="30.6175015680491924285888671875" lon="103.98807582445442676544189453125">
        <ele>495</ele>
        <time>2026-02-27T12:13:05.000Z</time>
        <extensions>
          <ns3:TrackPointExtension>
            <ns3:hr>163</ns3:hr>
            <ns3:cad>89</ns3:cad>
          </ns3:TrackPointExtension>
        </extensions>
      </trkpt>
      <trkpt lat="30.6174811162054538726806640625" lon="103.988102562725543975830078125">
        <ele>494.79998779296875</ele>
        <time>2026-02-27T12:13:06.000Z</time>
        <extensions>
          <ns3:TrackPointExtension>
            <ns3:hr>163</ns3:hr>
            <ns3:cad>90</ns3:cad>
          </ns3:TrackPointExtension>
        </extensions>
      </trkpt>
      <trkpt lat="30.61746510677039623260498046875" lon="103.9881298877298831939697265625">
        <ele>494.600006103515625</ele>
        <time>2026-02-27T12:13:07.000Z</time>
        <extensions>
          <ns3:TrackPointExtension>
            <ns3:hr>163</ns3:hr>
            <ns3:cad>90</ns3:cad>
          </ns3:TrackPointExtension>
        </extensions>
      </trkpt>
      <trkpt lat="30.61745068989694118499755859375" lon="103.9881671033799648284912109375">
        <ele>494.600006103515625</ele>
        <time>2026-02-27T12:13:08.000Z</time>
        <extensions>
          <ns3:TrackPointExtension>
            <ns3:hr>163</ns3:hr>
            <ns3:cad>89</ns3:cad>
          </ns3:TrackPointExtension>
        </extensions>
      </trkpt>
      <trkpt lat="30.61745345592498779296875" lon="103.98820054717361927032470703125">
        <ele>494.399993896484375</ele>
        <time>2026-02-27T12:13:09.000Z</time>
        <extensions>
          <ns3:TrackPointExtension>
            <ns3:hr>163</ns3:hr>
            <ns3:cad>88</ns3:cad>
          </ns3:TrackPointExtension>
        </extensions>
      </trkpt>
      <trkpt lat="30.61745546758174896240234375" lon="103.98823373951017856597900390625">
        <ele>494.20001220703125</ele>
        <time>2026-02-27T12:13:10.000Z</time>
        <extensions>
          <ns3:TrackPointExtension>
            <ns3:hr>163</ns3:hr>
            <ns3:cad>88</ns3:cad>
          </ns3:TrackPointExtension>
        </extensions>
      </trkpt>
      <trkpt lat="30.6174576468765735626220703125" lon="103.98826927877962589263916015625">
        <ele>494</ele>
        <time>2026-02-27T12:13:11.000Z</time>
        <extensions>
          <ns3:TrackPointExtension>
            <ns3:hr>164</ns3:hr>
            <ns3:cad>88</ns3:cad>
          </ns3:TrackPointExtension>
        </extensions>
      </trkpt>
      <trkpt lat="30.61746577732264995574951171875" lon="103.98829333484172821044921875">
        <ele>493.79998779296875</ele>
        <time>2026-02-27T12:13:12.000Z</time>
        <extensions>
          <ns3:TrackPointExtension>
            <ns3:hr>164</ns3:hr>
            <ns3:cad>90</ns3:cad>
          </ns3:TrackPointExtension>
        </extensions>
      </trkpt>
      <trkpt lat="30.61747826635837554931640625" lon="103.98832686245441436767578125">
        <ele>493.399993896484375</ele>
        <time>2026-02-27T12:13:13.000Z</time>
        <extensions>
          <ns3:TrackPointExtension>
            <ns3:hr>163</ns3:hr>
            <ns3:cad>90</ns3:cad>
          </ns3:TrackPointExtension>
        </extensions>
      </trkpt>
      <trkpt lat="30.61749226413667201995849609375" lon="103.98834823630750179290771484375">
        <ele>493.20001220703125</ele>
        <time>2026-02-27T12:13:14.000Z</time>
        <extensions>
          <ns3:TrackPointExtension>
            <ns3:hr>163</ns3:hr>
            <ns3:cad>90</ns3:cad>
          </ns3:TrackPointExtension>
        </extensions>
      </trkpt>
      <trkpt lat="30.6175106205046176910400390625" lon="103.98837673477828502655029296875">
        <ele>493.20001220703125</ele>
        <time>2026-02-27T12:13:15.000Z</time>
        <extensions>
          <ns3:TrackPointExtension>
            <ns3:hr>163</ns3:hr>
            <ns3:cad>89</ns3:cad>
          </ns3:TrackPointExtension>
        </extensions>
      </trkpt>
      <trkpt lat="30.61753350310027599334716796875" lon="103.98839450441300868988037109375">
        <ele>493</ele>
        <time>2026-02-27T12:13:16.000Z</time>
        <extensions>
          <ns3:TrackPointExtension>
            <ns3:hr>163</ns3:hr>
            <ns3:cad>89</ns3:cad>
          </ns3:TrackPointExtension>
        </extensions>
      </trkpt>
      <trkpt lat="30.6175622530281543731689453125" lon="103.98841327987611293792724609375">
        <ele>492.79998779296875</ele>
        <time>2026-02-27T12:13:17.000Z</time>
        <extensions>
          <ns3:TrackPointExtension>
            <ns3:hr>163</ns3:hr>
            <ns3:cad>89</ns3:cad>
          </ns3:TrackPointExtension>
        </extensions>
      </trkpt>
      <trkpt lat="30.61758915893733501434326171875" lon="103.98841797374188899993896484375">
        <ele>492.79998779296875</ele>
        <time>2026-02-27T12:13:18.000Z</time>
        <extensions>
          <ns3:TrackPointExtension>
            <ns3:hr>163</ns3:hr>
            <ns3:cad>89</ns3:cad>
          </ns3:TrackPointExtension>
        </extensions>
      </trkpt>
      <trkpt lat="30.6176219321787357330322265625" lon="103.98842073976993560791015625">
        <ele>492.600006103515625</ele>
        <time>2026-02-27T12:13:19.000Z</time>
        <extensions>
          <ns3:TrackPointExtension>
            <ns3:hr>163</ns3:hr>
            <ns3:cad>91</ns3:cad>
          </ns3:TrackPointExtension>
        </extensions>
      </trkpt>
      <trkpt lat="30.61765219084918498992919921875" lon="103.98841747082769870758056640625">
        <ele>492.600006103515625</ele>
        <time>2026-02-27T12:13:20.000Z</time>
        <extensions>
          <ns3:TrackPointExtension>
            <ns3:hr>163</ns3:hr>
            <ns3:cad>91</ns3:cad>
          </ns3:TrackPointExtension>
        </extensions>
      </trkpt>
      <trkpt lat="30.61768420971930027008056640625" lon="103.9884111844003200531005859375">
        <ele>492.600006103515625</ele>
        <time>2026-02-27T12:13:21.000Z</time>
        <extensions>
          <ns3:TrackPointExtension>
            <ns3:hr>163</ns3:hr>
            <ns3:cad>91</ns3:cad>
          </ns3:TrackPointExtension>
        </extensions>
      </trkpt>
      <trkpt lat="30.61771698296070098876953125" lon="103.98840540088713169097900390625">
        <ele>492.600006103515625</ele>
        <time>2026-02-27T12:13:22.000Z</time>
        <extensions>
          <ns3:TrackPointExtension>
            <ns3:hr>163</ns3:hr>
            <ns3:cad>90</ns3:cad>
          </ns3:TrackPointExtension>
        </extensions>
      </trkpt>
      <trkpt lat="30.61775059439241886138916015625" lon="103.9884024672210216522216796875">
        <ele>492.399993896484375</ele>
        <time>2026-02-27T12:13:23.000Z</time>
        <extensions>
          <ns3:TrackPointExtension>
            <ns3:hr>163</ns3:hr>
            <ns3:cad>89</ns3:cad>
          </ns3:TrackPointExtension>
        </extensions>
      </trkpt>
      <trkpt lat="30.6177766621112823486328125" lon="103.98839903064072132110595703125">
        <ele>492.399993896484375</ele>
        <time>2026-02-27T12:13:24.000Z</time>
        <extensions>
          <ns3:TrackPointExtension>
            <ns3:hr>163</ns3:hr>
            <ns3:cad>88</ns3:cad>
          </ns3:TrackPointExtension>
        </extensions>
      </trkpt>
      <trkpt lat="30.61780658550560474395751953125" lon="103.988396264612674713134765625">
        <ele>492.20001220703125</ele>
        <time>2026-02-27T12:13:25.000Z</time>
        <extensions>
          <ns3:TrackPointExtension>
            <ns3:hr>164</ns3:hr>
            <ns3:cad>88</ns3:cad>
          </ns3:TrackPointExtension>
        </extensions>
      </trkpt>
      <trkpt lat="30.61783089302480220794677734375" lon="103.98839567787945270538330078125">
        <ele>492.20001220703125</ele>
        <time>2026-02-27T12:13:26.000Z</time>
        <extensions>
          <ns3:TrackPointExtension>
            <ns3:hr>163</ns3:hr>
            <ns3:cad>89</ns3:cad>
          </ns3:TrackPointExtension>
        </extensions>
      </trkpt>
      <trkpt lat="30.617860816419124603271484375" lon="103.9884152077138423919677734375">
        <ele>492.20001220703125</ele>
        <time>2026-02-27T12:13:27.000Z</time>
        <extensions>
          <ns3:TrackPointExtension>
            <ns3:hr>163</ns3:hr>
            <ns3:cad>89</ns3:cad>
          </ns3:TrackPointExtension>
        </extensions>
      </trkpt>
      <trkpt lat="30.61788730323314666748046875" lon="103.98842518217861652374267578125">
        <ele>492.20001220703125</ele>
        <time>2026-02-27T12:13:28.000Z</time>
        <extensions>
          <ns3:TrackPointExtension>
            <ns3:hr>162</ns3:hr>
            <ns3:cad>90</ns3:cad>
          </ns3:TrackPointExtension>
        </extensions>
      </trkpt>
      <trkpt lat="30.61791840009391307830810546875" lon="103.98843658156692981719970703125">
        <ele>492.399993896484375</ele>
        <time>2026-02-27T12:13:29.000Z</time>
        <extensions>
          <ns3:TrackPointExtension>
            <ns3:hr>162</ns3:hr>
            <ns3:cad>90</ns3:cad>
          </ns3:TrackPointExtension>
        </extensions>
      </trkpt>
      <trkpt lat="30.6179441325366497039794921875" lon="103.98844831623136997222900390625">
        <ele>492.399993896484375</ele>
        <time>2026-02-27T12:13:30.000Z</time>
        <extensions>
          <ns3:TrackPointExtension>
            <ns3:hr>162</ns3:hr>
            <ns3:cad>89</ns3:cad>
          </ns3:TrackPointExtension>
        </extensions>
      </trkpt>
      <trkpt lat="30.61797036789357662200927734375" lon="103.9884695224463939666748046875">
        <ele>492.399993896484375</ele>
        <time>2026-02-27T12:13:31.000Z</time>
        <extensions>
          <ns3:TrackPointExtension>
            <ns3:hr>162</ns3:hr>
            <ns3:cad>89</ns3:cad>
          </ns3:TrackPointExtension>
        </extensions>
      </trkpt>
      <trkpt lat="30.6179940886795520782470703125" lon="103.98848955519497394561767578125">
        <ele>492.20001220703125</ele>
        <time>2026-02-27T12:13:32.000Z</time>
        <extensions>
          <ns3:TrackPointExtension>
            <ns3:hr>162</ns3:hr>
            <ns3:cad>89</ns3:cad>
          </ns3:TrackPointExtension>
        </extensions>
      </trkpt>
      <trkpt lat="30.6180195696651935577392578125" lon="103.98851285688579082489013671875">
        <ele>492.20001220703125</ele>
        <time>2026-02-27T12:13:33.000Z</time>
        <extensions>
          <ns3:TrackPointExtension>
            <ns3:hr>162</ns3:hr>
            <ns3:cad>89</ns3:cad>
          </ns3:TrackPointExtension>
        </extensions>
      </trkpt>
      <trkpt lat="30.618040859699249267578125" lon="103.988529704511165618896484375">
        <ele>492</ele>
        <time>2026-02-27T12:13:34.000Z</time>
        <extensions>
          <ns3:TrackPointExtension>
            <ns3:hr>162</ns3:hr>
            <ns3:cad>92</ns3:cad>
          </ns3:TrackPointExtension>
        </extensions>
      </trkpt>
      <trkpt lat="30.61806206591427326202392578125" lon="103.98855895735323429107666015625">
        <ele>492</ele>
        <time>2026-02-27T12:13:35.000Z</time>
        <extensions>
          <ns3:TrackPointExtension>
            <ns3:hr>162</ns3:hr>
            <ns3:cad>92</ns3:cad>
          </ns3:TrackPointExtension>
        </extensions>
      </trkpt>
      <trkpt lat="30.61808117665350437164306640625" lon="103.9885768108069896697998046875">
        <ele>492</ele>
        <time>2026-02-27T12:13:36.000Z</time>
        <extensions>
          <ns3:TrackPointExtension>
            <ns3:hr>161</ns3:hr>
            <ns3:cad>92</ns3:cad>
          </ns3:TrackPointExtension>
        </extensions>
      </trkpt>
      <trkpt lat="30.61810179613530635833740234375" lon="103.98860706947743892669677734375">
        <ele>492</ele>
        <time>2026-02-27T12:13:37.000Z</time>
        <extensions>
          <ns3:TrackPointExtension>
            <ns3:hr>161</ns3:hr>
            <ns3:cad>91</ns3:cad>
          </ns3:TrackPointExtension>
        </extensions>
      </trkpt>
      <trkpt lat="30.61812425963580608367919921875" lon="103.9886294491589069366455078125">
        <ele>492</ele>
        <time>2026-02-27T12:13:38.000Z</time>
        <extensions>
          <ns3:TrackPointExtension>
            <ns3:hr>161</ns3:hr>
            <ns3:cad>89</ns3:cad>
          </ns3:TrackPointExtension>
        </extensions>
      </trkpt>
      <trkpt lat="30.6181414425373077392578125" lon="103.98866213858127593994140625">
        <ele>492</ele>
        <time>2026-02-27T12:13:39.000Z</time>
        <extensions>
          <ns3:TrackPointExtension>
            <ns3:hr>161</ns3:hr>
            <ns3:cad>88</ns3:cad>
          </ns3:TrackPointExtension>
        </extensions>
      </trkpt>
      <trkpt lat="30.6181553564965724945068359375" lon="103.9886881224811077117919921875">
        <ele>492</ele>
        <time>2026-02-27T12:13:40.000Z</time>
        <extensions>
          <ns3:TrackPointExtension>
            <ns3:hr>160</ns3:hr>
            <ns3:cad>88</ns3:cad>
          </ns3:TrackPointExtension>
        </extensions>
      </trkpt>
      <trkpt lat="30.61816080473363399505615234375" lon="103.98872525431215763092041015625">
        <ele>492</ele>
        <time>2026-02-27T12:13:41.000Z</time>
        <extensions>
          <ns3:TrackPointExtension>
            <ns3:hr>161</ns3:hr>
            <ns3:cad>88</ns3:cad>
          </ns3:TrackPointExtension>
        </extensions>
      </trkpt>
      <trkpt lat="30.6181694380939006805419921875" lon="103.98875107057392597198486328125">
        <ele>492</ele>
        <time>2026-02-27T12:13:42.000Z</time>
        <extensions>
          <ns3:TrackPointExtension>
            <ns3:hr>161</ns3:hr>
            <ns3:cad>88</ns3:cad>
          </ns3:TrackPointExtension>
        </extensions>
      </trkpt>
      <trkpt lat="30.61817019246518611907958984375" lon="103.988791219890117645263671875">
        <ele>492</ele>
        <time>2026-02-27T12:13:43.000Z</time>
        <extensions>
          <ns3:TrackPointExtension>
            <ns3:hr>161</ns3:hr>
            <ns3:cad>88</ns3:cad>
          </ns3:TrackPointExtension>
        </extensions>
      </trkpt>
      <trkpt lat="30.618173293769359588623046875" lon="103.98882416076958179473876953125">
        <ele>492</ele>
        <time>2026-02-27T12:13:44.000Z</time>
        <extensions>
          <ns3:TrackPointExtension>
            <ns3:hr>161</ns3:hr>
            <ns3:cad>88</ns3:cad>
          </ns3:TrackPointExtension>
        </extensions>
      </trkpt>
      <trkpt lat="30.61817186884582042694091796875" lon="103.98886238224804401397705078125">
        <ele>491.79998779296875</ele>
        <time>2026-02-27T12:13:45.000Z</time>
        <extensions>
          <ns3:TrackPointExtension>
            <ns3:hr>161</ns3:hr>
            <ns3:cad>88</ns3:cad>
          </ns3:TrackPointExtension>
        </extensions>
      </trkpt>
      <trkpt lat="30.61816834844648838043212890625" lon="103.9888939820230007171630859375">
        <ele>492</ele>
        <time>2026-02-27T12:13:46.000Z</time>
        <extensions>
          <ns3:TrackPointExtension>
            <ns3:hr>161</ns3:hr>
            <ns3:cad>88</ns3:cad>
          </ns3:TrackPointExtension>
        </extensions>
      </trkpt>
      <trkpt lat="30.6181600503623485565185546875" lon="103.98892943747341632843017578125">
        <ele>491.79998779296875</ele>
        <time>2026-02-27T12:13:47.000Z</time>
        <extensions>
          <ns3:TrackPointExtension>
            <ns3:hr>161</ns3:hr>
            <ns3:cad>88</ns3:cad>
          </ns3:TrackPointExtension>
        </extensions>
      </trkpt>
      <trkpt lat="30.61814907006919384002685546875" lon="103.98896162398159503936767578125">
        <ele>491.79998779296875</ele>
        <time>2026-02-27T12:13:48.000Z</time>
        <extensions>
          <ns3:TrackPointExtension>
            <ns3:hr>161</ns3:hr>
            <ns3:cad>88</ns3:cad>
          </ns3:TrackPointExtension>
        </extensions>
      </trkpt>
      <trkpt lat="30.6181409396231174468994140625" lon="103.988993056118488311767578125">
        <ele>491.79998779296875</ele>
        <time>2026-02-27T12:13:49.000Z</time>
        <extensions>
          <ns3:TrackPointExtension>
            <ns3:hr>161</ns3:hr>
            <ns3:cad>89</ns3:cad>
          </ns3:TrackPointExtension>
        </extensions>
      </trkpt>
      <trkpt lat="30.61813062988221645355224609375" lon="103.98902281187474727630615234375">
        <ele>491.79998779296875</ele>
        <time>2026-02-27T12:13:50.000Z</time>
        <extensions>
          <ns3:TrackPointExtension>
            <ns3:hr>161</ns3:hr>
            <ns3:cad>89</ns3:cad>
          </ns3:TrackPointExtension>
        </extensions>
      </trkpt>
      <trkpt lat="30.61812073923647403717041015625" lon="103.9890544116497039794921875">
        <ele>491.600006103515625</ele>
        <time>2026-02-27T12:13:51.000Z</time>
        <extensions>
          <ns3:TrackPointExtension>
            <ns3:hr>161</ns3:hr>
            <ns3:cad>89</ns3:cad>
          </ns3:TrackPointExtension>
        </extensions>
      </trkpt>
      <trkpt lat="30.6181003712117671966552734375" lon="103.9890830777585506439208984375">
        <ele>491.600006103515625</ele>
        <time>2026-02-27T12:13:52.000Z</time>
        <extensions>
          <ns3:TrackPointExtension>
            <ns3:hr>161</ns3:hr>
            <ns3:cad>89</ns3:cad>
          </ns3:TrackPointExtension>
        </extensions>
      </trkpt>
      <trkpt lat="30.6180879659950733184814453125" lon="103.989113755524158477783203125">
        <ele>491.600006103515625</ele>
        <time>2026-02-27T12:13:53.000Z</time>
        <extensions>
          <ns3:TrackPointExtension>
            <ns3:hr>160</ns3:hr>
            <ns3:cad>87</ns3:cad>
          </ns3:TrackPointExtension>
        </extensions>
      </trkpt>
      <trkpt lat="30.61807505786418914794921875" lon="103.9891454391181468963623046875">
        <ele>491.600006103515625</ele>
        <time>2026-02-27T12:13:54.000Z</time>
        <extensions>
          <ns3:TrackPointExtension>
            <ns3:hr>161</ns3:hr>
            <ns3:cad>87</ns3:cad>
          </ns3:TrackPointExtension>
        </extensions>
      </trkpt>
      <trkpt lat="30.61806994490325450897216796875" lon="103.9891756139695644378662109375">
        <ele>491.600006103515625</ele>
        <time>2026-02-27T12:13:55.000Z</time>
        <extensions>
          <ns3:TrackPointExtension>
            <ns3:hr>161</ns3:hr>
            <ns3:cad>88</ns3:cad>
          </ns3:TrackPointExtension>
        </extensions>
      </trkpt>
      <trkpt lat="30.6180621497333049774169921875" lon="103.9892121590673923492431640625">
        <ele>491.600006103515625</ele>
        <time>2026-02-27T12:13:56.000Z</time>
        <extensions>
          <ns3:TrackPointExtension>
            <ns3:hr>161</ns3:hr>
            <ns3:cad>89</ns3:cad>
          </ns3:TrackPointExtension>
        </extensions>
      </trkpt>
      <trkpt lat="30.61806298792362213134765625" lon="103.989237137138843536376953125">
        <ele>491.600006103515625</ele>
        <time>2026-02-27T12:13:57.000Z</time>
        <extensions>
          <ns3:TrackPointExtension>
            <ns3:hr>160</ns3:hr>
            <ns3:cad>89</ns3:cad>
          </ns3:TrackPointExtension>
        </extensions>
      </trkpt>
      <trkpt lat="30.61807095073163509368896484375" lon="103.98926991038024425506591796875">
        <ele>491.399993896484375</ele>
        <time>2026-02-27T12:13:58.000Z</time>
        <extensions>
          <ns3:TrackPointExtension>
            <ns3:hr>161</ns3:hr>
            <ns3:cad>89</ns3:cad>
          </ns3:TrackPointExtension>
        </extensions>
      </trkpt>
      <trkpt lat="30.61808519996702671051025390625" lon="103.98928952403366565704345703125">
        <ele>491.399993896484375</ele>
        <time>2026-02-27T12:13:59.000Z</time>
        <extensions>
          <ns3:TrackPointExtension>
            <ns3:hr>160</ns3:hr>
            <ns3:cad>89</ns3:cad>
          </ns3:TrackPointExtension>
        </extensions>
      </trkpt>
      <trkpt lat="30.6181090883910655975341796875" lon="103.98931793868541717529296875">
        <ele>491.399993896484375</ele>
        <time>2026-02-27T12:14:00.000Z</time>
        <extensions>
          <ns3:TrackPointExtension>
            <ns3:hr>160</ns3:hr>
            <ns3:cad>89</ns3:cad>
          </ns3:TrackPointExtension>
        </extensions>
      </trkpt>
      <trkpt lat="30.6181308813393115997314453125" lon="103.98933378048241138458251953125">
        <ele>491.399993896484375</ele>
        <time>2026-02-27T12:14:01.000Z</time>
        <extensions>
          <ns3:TrackPointExtension>
            <ns3:hr>160</ns3:hr>
            <ns3:cad>88</ns3:cad>
          </ns3:TrackPointExtension>
        </extensions>
      </trkpt>
      <trkpt lat="30.6181496568024158477783203125" lon="103.98936194367706775665283203125">
        <ele>491.399993896484375</ele>
        <time>2026-02-27T12:14:02.000Z</time>
        <extensions>
          <ns3:TrackPointExtension>
            <ns3:hr>161</ns3:hr>
            <ns3:cad>88</ns3:cad>
          </ns3:TrackPointExtension>
        </extensions>
      </trkpt>
      <trkpt lat="30.6181684322655200958251953125" lon="103.9893789589405059814453125">
        <ele>491.600006103515625</ele>
        <time>2026-02-27T12:14:03.000Z</time>
        <extensions>
          <ns3:TrackPointExtension>
            <ns3:hr>160</ns3:hr>
            <ns3:cad>88</ns3:cad>
          </ns3:TrackPointExtension>
        </extensions>
      </trkpt>
      <trkpt lat="30.61819030903279781341552734375" lon="103.98940083570778369903564453125">
        <ele>491.600006103515625</ele>
        <time>2026-02-27T12:14:04.000Z</time>
        <extensions>
          <ns3:TrackPointExtension>
            <ns3:hr>160</ns3:hr>
            <ns3:cad>89</ns3:cad>
          </ns3:TrackPointExtension>
        </extensions>
      </trkpt>
      <trkpt lat="30.6182120181620121002197265625" lon="103.989416174590587615966796875">
        <ele>491.600006103515625</ele>
        <time>2026-02-27T12:14:05.000Z</time>
        <extensions>
          <ns3:TrackPointExtension>
            <ns3:hr>161</ns3:hr>
            <ns3:cad>89</ns3:cad>
          </ns3:TrackPointExtension>
        </extensions>
      </trkpt>
      <trkpt lat="30.618232972919940948486328125" lon="103.98943997919559478759765625">
        <ele>491.79998779296875</ele>
        <time>2026-02-27T12:14:06.000Z</time>
        <extensions>
          <ns3:TrackPointExtension>
            <ns3:hr>160</ns3:hr>
            <ns3:cad>89</ns3:cad>
          </ns3:TrackPointExtension>
        </extensions>
      </trkpt>
      <trkpt lat="30.61824630014598369598388671875" lon="103.98946152068674564361572265625">
        <ele>491.79998779296875</ele>
        <time>2026-02-27T12:14:07.000Z</time>
        <extensions>
          <ns3:TrackPointExtension>
            <ns3:hr>160</ns3:hr>
            <ns3:cad>90</ns3:cad>
          </ns3:TrackPointExtension>
        </extensions>
      </trkpt>
      <trkpt lat="30.61825686134397983551025390625" lon="103.9894916117191314697265625">
        <ele>492</ele>
        <time>2026-02-27T12:14:08.000Z</time>
        <extensions>
          <ns3:TrackPointExtension>
            <ns3:hr>161</ns3:hr>
            <ns3:cad>90</ns3:cad>
          </ns3:TrackPointExtension>
        </extensions>
      </trkpt>
      <trkpt lat="30.61826775781810283660888671875" lon="103.98951373994350433349609375">
        <ele>492.20001220703125</ele>
        <time>2026-02-27T12:14:09.000Z</time>
        <extensions>
          <ns3:TrackPointExtension>
            <ns3:hr>160</ns3:hr>
            <ns3:cad>91</ns3:cad>
          </ns3:TrackPointExtension>
        </extensions>
      </trkpt>
      <trkpt lat="30.61828066594898700714111328125" lon="103.989543914794921875">
        <ele>492.399993896484375</ele>
        <time>2026-02-27T12:14:10.000Z</time>
        <extensions>
          <ns3:TrackPointExtension>
            <ns3:hr>160</ns3:hr>
            <ns3:cad>91</ns3:cad>
          </ns3:TrackPointExtension>
        </extensions>
      </trkpt>
      <trkpt lat="30.61829055659472942352294921875" lon="103.98956830613315105438232421875">
        <ele>492.399993896484375</ele>
        <time>2026-02-27T12:14:11.000Z</time>
        <extensions>
          <ns3:TrackPointExtension>
            <ns3:hr>161</ns3:hr>
            <ns3:cad>92</ns3:cad>
          </ns3:TrackPointExtension>
        </extensions>
      </trkpt>
      <trkpt lat="30.61830162070691585540771484375" lon="103.9895980618894100189208984375">
        <ele>492.600006103515625</ele>
        <time>2026-02-27T12:14:12.000Z</time>
        <extensions>
          <ns3:TrackPointExtension>
            <ns3:hr>161</ns3:hr>
            <ns3:cad>92</ns3:cad>
          </ns3:TrackPointExtension>
        </extensions>
      </trkpt>
      <trkpt lat="30.61831788159906864166259765625" lon="103.98961893282830715179443359375">
        <ele>492.600006103515625</ele>
        <time>2026-02-27T12:14:13.000Z</time>
        <extensions>
          <ns3:TrackPointExtension>
            <ns3:hr>161</ns3:hr>
            <ns3:cad>92</ns3:cad>
          </ns3:TrackPointExtension>
        </extensions>
      </trkpt>
      <trkpt lat="30.6183367408812046051025390625" lon="103.989643156528472900390625">
        <ele>492.600006103515625</ele>
        <time>2026-02-27T12:14:14.000Z</time>
        <extensions>
          <ns3:TrackPointExtension>
            <ns3:hr>160</ns3:hr>
            <ns3:cad>91</ns3:cad>
          </ns3:TrackPointExtension>
        </extensions>
      </trkpt>
      <trkpt lat="30.61835409142076969146728515625" lon="103.9896605908870697021484375">
        <ele>492.600006103515625</ele>
        <time>2026-02-27T12:14:15.000Z</time>
        <extensions>
          <ns3:TrackPointExtension>
            <ns3:hr>160</ns3:hr>
            <ns3:cad>90</ns3:cad>
          </ns3:TrackPointExtension>
        </extensions>
      </trkpt>
      <trkpt lat="30.6183699332177639007568359375" lon="103.98967894725501537322998046875">
        <ele>492.600006103515625</ele>
        <time>2026-02-27T12:14:16.000Z</time>
        <extensions>
          <ns3:TrackPointExtension>
            <ns3:hr>160</ns3:hr>
            <ns3:cad>90</ns3:cad>
          </ns3:TrackPointExtension>
        </extensions>
      </trkpt>
      <trkpt lat="30.61838745139539241790771484375" lon="103.98969420231878757476806640625">
        <ele>492.600006103515625</ele>
        <time>2026-02-27T12:14:17.000Z</time>
        <extensions>
          <ns3:TrackPointExtension>
            <ns3:hr>160</ns3:hr>
            <ns3:cad>90</ns3:cad>
          </ns3:TrackPointExtension>
        </extensions>
      </trkpt>
      <trkpt lat="30.618403963744640350341796875" lon="103.98971683345735073089599609375">
        <ele>492.600006103515625</ele>
        <time>2026-02-27T12:14:18.000Z</time>
        <extensions>
          <ns3:TrackPointExtension>
            <ns3:hr>160</ns3:hr>
            <ns3:cad>90</ns3:cad>
          </ns3:TrackPointExtension>
        </extensions>
      </trkpt>
      <trkpt lat="30.6184219010174274444580078125" lon="103.98973762057721614837646484375">
        <ele>492.399993896484375</ele>
        <time>2026-02-27T12:14:19.000Z</time>
        <extensions>
          <ns3:TrackPointExtension>
            <ns3:hr>160</ns3:hr>
            <ns3:cad>90</ns3:cad>
          </ns3:TrackPointExtension>
        </extensions>
      </trkpt>
      <trkpt lat="30.6184333004057407379150390625" lon="103.98976511321961879730224609375">
        <ele>492.399993896484375</ele>
        <time>2026-02-27T12:14:20.000Z</time>
        <extensions>
          <ns3:TrackPointExtension>
            <ns3:hr>160</ns3:hr>
            <ns3:cad>91</ns3:cad>
          </ns3:TrackPointExtension>
        </extensions>
      </trkpt>
      <trkpt lat="30.61844545416533946990966796875" lon="103.9897874929010868072509765625">
        <ele>492.399993896484375</ele>
        <time>2026-02-27T12:14:21.000Z</time>
        <extensions>
          <ns3:TrackPointExtension>
            <ns3:hr>160</ns3:hr>
            <ns3:cad>90</ns3:cad>
          </ns3:TrackPointExtension>
        </extensions>
      </trkpt>
      <trkpt lat="30.6184560991823673248291015625" lon="103.98981607519090175628662109375">
        <ele>492.399993896484375</ele>
        <time>2026-02-27T12:14:22.000Z</time>
        <extensions>
          <ns3:TrackPointExtension>
            <ns3:hr>160</ns3:hr>
            <ns3:cad>90</ns3:cad>
          </ns3:TrackPointExtension>
        </extensions>
      </trkpt>
      <trkpt lat="30.618471018970012664794921875" lon="103.98984172381460666656494140625">
        <ele>492.600006103515625</ele>
        <time>2026-02-27T12:14:23.000Z</time>
        <extensions>
          <ns3:TrackPointExtension>
            <ns3:hr>160</ns3:hr>
            <ns3:cad>90</ns3:cad>
          </ns3:TrackPointExtension>
        </extensions>
      </trkpt>
      <trkpt lat="30.61848049052059650421142578125" lon="103.989870138466358184814453125">
        <ele>492.600006103515625</ele>
        <time>2026-02-27T12:14:24.000Z</time>
        <extensions>
          <ns3:TrackPointExtension>
            <ns3:hr>160</ns3:hr>
            <ns3:cad>90</ns3:cad>
          </ns3:TrackPointExtension>
        </extensions>
      </trkpt>
      <trkpt lat="30.6184906326234340667724609375" lon="103.98989805020391941070556640625">
        <ele>492.79998779296875</ele>
        <time>2026-02-27T12:14:25.000Z</time>
        <extensions>
          <ns3:TrackPointExtension>
            <ns3:hr>159</ns3:hr>
            <ns3:cad>90</ns3:cad>
          </ns3:TrackPointExtension>
        </extensions>
      </trkpt>
      <trkpt lat="30.61849758960306644439697265625" lon="103.9899314939975738525390625">
        <ele>492.79998779296875</ele>
        <time>2026-02-27T12:14:26.000Z</time>
        <extensions>
          <ns3:TrackPointExtension>
            <ns3:hr>159</ns3:hr>
            <ns3:cad>90</ns3:cad>
          </ns3:TrackPointExtension>
        </extensions>
      </trkpt>
      <trkpt lat="30.61850680969655513763427734375" lon="103.98995672352612018585205078125">
        <ele>492.79998779296875</ele>
        <time>2026-02-27T12:14:27.000Z</time>
        <extensions>
          <ns3:TrackPointExtension>
            <ns3:hr>159</ns3:hr>
            <ns3:cad>91</ns3:cad>
          </ns3:TrackPointExtension>
        </extensions>
      </trkpt>
      <trkpt lat="30.618512928485870361328125" lon="103.98998706601560115814208984375">
        <ele>492.79998779296875</ele>
        <time>2026-02-27T12:14:28.000Z</time>
        <extensions>
          <ns3:TrackPointExtension>
            <ns3:hr>159</ns3:hr>
            <ns3:cad>91</ns3:cad>
          </ns3:TrackPointExtension>
        </extensions>
      </trkpt>
      <trkpt lat="30.618517957627773284912109375" lon="103.99001665413379669189453125">
        <ele>493</ele>
        <time>2026-02-27T12:14:29.000Z</time>
        <extensions>
          <ns3:TrackPointExtension>
            <ns3:hr>160</ns3:hr>
            <ns3:cad>91</ns3:cad>
          </ns3:TrackPointExtension>
        </extensions>
      </trkpt>
      <trkpt lat="30.61852156184613704681396484375" lon="103.99004288949072360992431640625">
        <ele>493</ele>
        <time>2026-02-27T12:14:30.000Z</time>
        <extensions>
          <ns3:TrackPointExtension>
            <ns3:hr>159</ns3:hr>
            <ns3:cad>89</ns3:cad>
          </ns3:TrackPointExtension>
        </extensions>
      </trkpt>
      <trkpt lat="30.6185291893780231475830078125" lon="103.99007105268537998199462890625">
        <ele>493</ele>
        <time>2026-02-27T12:14:31.000Z</time>
        <extensions>
          <ns3:TrackPointExtension>
            <ns3:hr>159</ns3:hr>
            <ns3:cad>89</ns3:cad>
          </ns3:TrackPointExtension>
        </extensions>
      </trkpt>
      <trkpt lat="30.61853329651057720184326171875" lon="103.990105502307415008544921875">
        <ele>493</ele>
        <time>2026-02-27T12:14:32.000Z</time>
        <extensions>
          <ns3:TrackPointExtension>
            <ns3:hr>159</ns3:hr>
            <ns3:cad>89</ns3:cad>
          </ns3:TrackPointExtension>
        </extensions>
      </trkpt>
      <trkpt lat="30.61854100786149501800537109375" lon="103.990136347711086273193359375">
        <ele>492.79998779296875</ele>
        <time>2026-02-27T12:14:33.000Z</time>
        <extensions>
          <ns3:TrackPointExtension>
            <ns3:hr>159</ns3:hr>
            <ns3:cad>90</ns3:cad>
          </ns3:TrackPointExtension>
        </extensions>
      </trkpt>
      <trkpt lat="30.61854888685047626495361328125" lon="103.990174233913421630859375">
        <ele>492.79998779296875</ele>
        <time>2026-02-27T12:14:34.000Z</time>
        <extensions>
          <ns3:TrackPointExtension>
            <ns3:hr>160</ns3:hr>
            <ns3:cad>90</ns3:cad>
          </ns3:TrackPointExtension>
        </extensions>
      </trkpt>
      <trkpt lat="30.618561543524265289306640625" lon="103.9902023971080780029296875">
        <ele>493</ele>
        <time>2026-02-27T12:14:35.000Z</time>
        <extensions>
          <ns3:TrackPointExtension>
            <ns3:hr>159</ns3:hr>
            <ns3:cad>90</ns3:cad>
          </ns3:TrackPointExtension>
        </extensions>
      </trkpt>
      <trkpt lat="30.61857839114964008331298828125" lon="103.9902367629110813140869140625">
        <ele>493</ele>
        <time>2026-02-27T12:14:36.000Z</time>
        <extensions>
          <ns3:TrackPointExtension>
            <ns3:hr>159</ns3:hr>
            <ns3:cad>90</ns3:cad>
          </ns3:TrackPointExtension>
        </extensions>
      </trkpt>
      <trkpt lat="30.61859406530857086181640625" lon="103.990260064601898193359375">
        <ele>493</ele>
        <time>2026-02-27T12:14:37.000Z</time>
        <extensions>
          <ns3:TrackPointExtension>
            <ns3:hr>159</ns3:hr>
            <ns3:cad>89</ns3:cad>
          </ns3:TrackPointExtension>
        </extensions>
      </trkpt>
      <trkpt lat="30.6186106614768505096435546875" lon="103.99029300548136234283447265625">
        <ele>493</ele>
        <time>2026-02-27T12:14:38.000Z</time>
        <extensions>
          <ns3:TrackPointExtension>
            <ns3:hr>160</ns3:hr>
            <ns3:cad>88</ns3:cad>
          </ns3:TrackPointExtension>
        </extensions>
      </trkpt>
      <trkpt lat="30.61863035894930362701416015625" lon="103.9903108589351177215576171875">
        <ele>493</ele>
        <time>2026-02-27T12:14:39.000Z</time>
        <extensions>
          <ns3:TrackPointExtension>
            <ns3:hr>159</ns3:hr>
            <ns3:cad>88</ns3:cad>
          </ns3:TrackPointExtension>
        </extensions>
      </trkpt>
      <trkpt lat="30.61864963732659816741943359375" lon="103.99034195579588413238525390625">
        <ele>493</ele>
        <time>2026-02-27T12:14:40.000Z</time>
        <extensions>
          <ns3:TrackPointExtension>
            <ns3:hr>159</ns3:hr>
            <ns3:cad>89</ns3:cad>
          </ns3:TrackPointExtension>
        </extensions>
      </trkpt>
      <trkpt lat="30.6186693347990512847900390625" lon="103.99035905487835407257080078125">
        <ele>492.79998779296875</ele>
        <time>2026-02-27T12:14:41.000Z</time>
        <extensions>
          <ns3:TrackPointExtension>
            <ns3:hr>159</ns3:hr>
            <ns3:cad>89</ns3:cad>
          </ns3:TrackPointExtension>
        </extensions>
      </trkpt>
      <trkpt lat="30.61869003809988498687744140625" lon="103.99038755334913730621337890625">
        <ele>493</ele>
        <time>2026-02-27T12:14:42.000Z</time>
        <extensions>
          <ns3:TrackPointExtension>
            <ns3:hr>159</ns3:hr>
            <ns3:cad>89</ns3:cad>
          </ns3:TrackPointExtension>
        </extensions>
      </trkpt>
      <trkpt lat="30.61870747245848178863525390625" lon="103.9904060773551464080810546875">
        <ele>492.79998779296875</ele>
        <time>2026-02-27T12:14:43.000Z</time>
        <extensions>
          <ns3:TrackPointExtension>
            <ns3:hr>160</ns3:hr>
            <ns3:cad>89</ns3:cad>
          </ns3:TrackPointExtension>
        </extensions>
      </trkpt>
      <trkpt lat="30.61872742138803005218505859375" lon="103.9904342405498027801513671875">
        <ele>492.79998779296875</ele>
        <time>2026-02-27T12:14:44.000Z</time>
        <extensions>
          <ns3:TrackPointExtension>
            <ns3:hr>159</ns3:hr>
            <ns3:cad>89</ns3:cad>
          </ns3:TrackPointExtension>
        </extensions>
      </trkpt>
      <trkpt lat="30.61874317936599254608154296875" lon="103.99045360274612903594970703125">
        <ele>492.79998779296875</ele>
        <time>2026-02-27T12:14:45.000Z</time>
        <extensions>
          <ns3:TrackPointExtension>
            <ns3:hr>159</ns3:hr>
            <ns3:cad>88</ns3:cad>
          </ns3:TrackPointExtension>
        </extensions>
      </trkpt>
      <trkpt lat="30.6187618710100650787353515625" lon="103.99048008956015110015869140625">
        <ele>492.79998779296875</ele>
        <time>2026-02-27T12:14:46.000Z</time>
        <extensions>
          <ns3:TrackPointExtension>
            <ns3:hr>159</ns3:hr>
            <ns3:cad>88</ns3:cad>
          </ns3:TrackPointExtension>
        </extensions>
      </trkpt>
      <trkpt lat="30.61877905391156673431396484375" lon="103.99050087668001651763916015625">
        <ele>492.79998779296875</ele>
        <time>2026-02-27T12:14:47.000Z</time>
        <extensions>
          <ns3:TrackPointExtension>
            <ns3:hr>160</ns3:hr>
            <ns3:cad>88</ns3:cad>
          </ns3:TrackPointExtension>
        </extensions>
      </trkpt>
      <trkpt lat="30.6187940575182437896728515625" lon="103.99052619002759456634521484375">
        <ele>492.79998779296875</ele>
        <time>2026-02-27T12:14:48.000Z</time>
        <extensions>
          <ns3:TrackPointExtension>
            <ns3:hr>160</ns3:hr>
            <ns3:cad>88</ns3:cad>
          </ns3:TrackPointExtension>
        </extensions>
      </trkpt>
      <trkpt lat="30.61880487017333507537841796875" lon="103.990552760660648345947265625">
        <ele>492.79998779296875</ele>
        <time>2026-02-27T12:14:49.000Z</time>
        <extensions>
          <ns3:TrackPointExtension>
            <ns3:hr>160</ns3:hr>
            <ns3:cad>89</ns3:cad>
          </ns3:TrackPointExtension>
        </extensions>
      </trkpt>
      <trkpt lat="30.618810988962650299072265625" lon="103.9905844442546367645263671875">
        <ele>492.79998779296875</ele>
        <time>2026-02-27T12:14:50.000Z</time>
        <extensions>
          <ns3:TrackPointExtension>
            <ns3:hr>160</ns3:hr>
            <ns3:cad>89</ns3:cad>
          </ns3:TrackPointExtension>
        </extensions>
      </trkpt>
      <trkpt lat="30.6188181973993778228759765625" lon="103.990609087049961090087890625">
        <ele>492.79998779296875</ele>
        <time>2026-02-27T12:14:51.000Z</time>
        <extensions>
          <ns3:TrackPointExtension>
            <ns3:hr>160</ns3:hr>
            <ns3:cad>89</ns3:cad>
          </ns3:TrackPointExtension>
        </extensions>
      </trkpt>
      <trkpt lat="30.6188249029219150543212890625" lon="103.99063917808234691619873046875">
        <ele>492.79998779296875</ele>
        <time>2026-02-27T12:14:52.000Z</time>
        <extensions>
          <ns3:TrackPointExtension>
            <ns3:hr>161</ns3:hr>
            <ns3:cad>88</ns3:cad>
          </ns3:TrackPointExtension>
        </extensions>
      </trkpt>
      <trkpt lat="30.61882968060672283172607421875" lon="103.990667760372161865234375">
        <ele>493</ele>
        <time>2026-02-27T12:14:53.000Z</time>
        <extensions>
          <ns3:TrackPointExtension>
            <ns3:hr>161</ns3:hr>
            <ns3:cad>88</ns3:cad>
          </ns3:TrackPointExtension>
        </extensions>
      </trkpt>
      <trkpt lat="30.618840493261814117431640625" lon="103.9906986057758331298828125">
        <ele>493</ele>
        <time>2026-02-27T12:14:54.000Z</time>
        <extensions>
          <ns3:TrackPointExtension>
            <ns3:hr>161</ns3:hr>
            <ns3:cad>88</ns3:cad>
          </ns3:TrackPointExtension>
        </extensions>
      </trkpt>
      <trkpt lat="30.6188446842133998870849609375" lon="103.9907334744930267333984375">
        <ele>493</ele>
        <time>2026-02-27T12:14:55.000Z</time>
        <extensions>
          <ns3:TrackPointExtension>
            <ns3:hr>160</ns3:hr>
            <ns3:cad>89</ns3:cad>
          </ns3:TrackPointExtension>
        </extensions>
      </trkpt>
      <trkpt lat="30.6188544072210788726806640625" lon="103.99076356552541255950927734375">
        <ele>493</ele>
        <time>2026-02-27T12:14:56.000Z</time>
        <extensions>
          <ns3:TrackPointExtension>
            <ns3:hr>160</ns3:hr>
            <ns3:cad>89</ns3:cad>
          </ns3:TrackPointExtension>
        </extensions>
      </trkpt>
      <trkpt lat="30.61885918490588665008544921875" lon="103.9907943271100521087646484375">
        <ele>493</ele>
        <time>2026-02-27T12:14:57.000Z</time>
        <extensions>
          <ns3:TrackPointExtension>
            <ns3:hr>160</ns3:hr>
            <ns3:cad>89</ns3:cad>
          </ns3:TrackPointExtension>
        </extensions>
      </trkpt>
      <trkpt lat="30.61886521987617015838623046875" lon="103.99082290939986705780029296875">
        <ele>492.79998779296875</ele>
        <time>2026-02-27T12:14:58.000Z</time>
        <extensions>
          <ns3:TrackPointExtension>
            <ns3:hr>161</ns3:hr>
            <ns3:cad>89</ns3:cad>
          </ns3:TrackPointExtension>
        </extensions>
      </trkpt>
      <trkpt lat="30.61886765062808990478515625" lon="103.9908597059547901153564453125">
        <ele>492.79998779296875</ele>
        <time>2026-02-27T12:14:59.000Z</time>
        <extensions>
          <ns3:TrackPointExtension>
            <ns3:hr>160</ns3:hr>
            <ns3:cad>89</ns3:cad>
          </ns3:TrackPointExtension>
        </extensions>
      </trkpt>
      <trkpt lat="30.6188751943409442901611328125" lon="103.990889377892017364501953125">
        <ele>492.79998779296875</ele>
        <time>2026-02-27T12:15:00.000Z</time>
        <extensions>
          <ns3:TrackPointExtension>
            <ns3:hr>160</ns3:hr>
            <ns3:cad>87</ns3:cad>
          </ns3:TrackPointExtension>
        </extensions>
      </trkpt>
      <trkpt lat="30.6188745237886905670166015625" lon="103.99092550389468669891357421875">
        <ele>492.79998779296875</ele>
        <time>2026-02-27T12:15:01.000Z</time>
        <extensions>
          <ns3:TrackPointExtension>
            <ns3:hr>160</ns3:hr>
            <ns3:cad>87</ns3:cad>
          </ns3:TrackPointExtension>
        </extensions>
      </trkpt>
      <trkpt lat="30.6188798882067203521728515625" lon="103.99095584638416767120361328125">
        <ele>492.79998779296875</ele>
        <time>2026-02-27T12:15:02.000Z</time>
        <extensions>
          <ns3:TrackPointExtension>
            <ns3:hr>161</ns3:hr>
            <ns3:cad>88</ns3:cad>
          </ns3:TrackPointExtension>
        </extensions>
      </trkpt>
      <trkpt lat="30.61888617463409900665283203125" lon="103.99099431931972503662109375">
        <ele>492.79998779296875</ele>
        <time>2026-02-27T12:15:03.000Z</time>
        <extensions>
          <ns3:TrackPointExtension>
            <ns3:hr>160</ns3:hr>
            <ns3:cad>88</ns3:cad>
          </ns3:TrackPointExtension>
        </extensions>
      </trkpt>
      <trkpt lat="30.6188978254795074462890625" lon="103.991020135581493377685546875">
        <ele>493</ele>
        <time>2026-02-27T12:15:04.000Z</time>
        <extensions>
          <ns3:TrackPointExtension>
            <ns3:hr>160</ns3:hr>
            <ns3:cad>89</ns3:cad>
          </ns3:TrackPointExtension>
        </extensions>
      </trkpt>
      <trkpt lat="30.61891450546681880950927734375" lon="103.99105324409902095794677734375">
        <ele>493</ele>
        <time>2026-02-27T12:15:05.000Z</time>
        <extensions>
          <ns3:TrackPointExtension>
            <ns3:hr>160</ns3:hr>
            <ns3:cad>89</ns3:cad>
          </ns3:TrackPointExtension>
        </extensions>
      </trkpt>
      <trkpt lat="30.61892774887382984161376953125" lon="103.9910699240863323211669921875">
        <ele>493.20001220703125</ele>
        <time>2026-02-27T12:15:06.000Z</time>
        <extensions>
          <ns3:TrackPointExtension>
            <ns3:hr>161</ns3:hr>
            <ns3:cad>89</ns3:cad>
          </ns3:TrackPointExtension>
        </extensions>
      </trkpt>
      <trkpt lat="30.61895255930721759796142578125" lon="103.99108626879751682281494140625">
        <ele>493.399993896484375</ele>
        <time>2026-02-27T12:15:07.000Z</time>
        <extensions>
          <ns3:TrackPointExtension>
            <ns3:hr>160</ns3:hr>
            <ns3:cad>87</ns3:cad>
          </ns3:TrackPointExtension>
        </extensions>
      </trkpt>
      <trkpt lat="30.6189720891416072845458984375" lon="103.99109800346195697784423828125">
        <ele>493.399993896484375</ele>
        <time>2026-02-27T12:15:08.000Z</time>
        <extensions>
          <ns3:TrackPointExtension>
            <ns3:hr>160</ns3:hr>
            <ns3:cad>87</ns3:cad>
          </ns3:TrackPointExtension>
        </extensions>
      </trkpt>
      <trkpt lat="30.61900083906948566436767578125" lon="103.99111141450703144073486328125">
        <ele>493.600006103515625</ele>
        <time>2026-02-27T12:15:09.000Z</time>
        <extensions>
          <ns3:TrackPointExtension>
            <ns3:hr>160</ns3:hr>
            <ns3:cad>87</ns3:cad>
          </ns3:TrackPointExtension>
        </extensions>
      </trkpt>
      <trkpt lat="30.6190217100083827972412109375" lon="103.9911242388188838958740234375">
        <ele>493.600006103515625</ele>
        <time>2026-02-27T12:15:10.000Z</time>
        <extensions>
          <ns3:TrackPointExtension>
            <ns3:hr>161</ns3:hr>
            <ns3:cad>88</ns3:cad>
          </ns3:TrackPointExtension>
        </extensions>
      </trkpt>
      <trkpt lat="30.61904844827950000762939453125" lon="103.99113454855978488922119140625">
        <ele>493.79998779296875</ele>
        <time>2026-02-27T12:15:11.000Z</time>
        <extensions>
          <ns3:TrackPointExtension>
            <ns3:hr>160</ns3:hr>
            <ns3:cad>89</ns3:cad>
          </ns3:TrackPointExtension>
        </extensions>
      </trkpt>
      <trkpt lat="30.61907292343676090240478515625" lon="103.99113102816045284271240234375">
        <ele>493.79998779296875</ele>
        <time>2026-02-27T12:15:12.000Z</time>
        <extensions>
          <ns3:TrackPointExtension>
            <ns3:hr>160</ns3:hr>
            <ns3:cad>89</ns3:cad>
          </ns3:TrackPointExtension>
        </extensions>
      </trkpt>
      <trkpt lat="30.619109384715557098388671875" lon="103.99112147279083728790283203125">
        <ele>493.79998779296875</ele>
        <time>2026-02-27T12:15:13.000Z</time>
        <extensions>
          <ns3:TrackPointExtension>
            <ns3:hr>161</ns3:hr>
            <ns3:cad>89</ns3:cad>
          </ns3:TrackPointExtension>
        </extensions>
      </trkpt>
      <trkpt lat="30.61913721263408660888671875" lon="103.9911128394305706024169921875">
        <ele>493.79998779296875</ele>
        <time>2026-02-27T12:15:14.000Z</time>
        <extensions>
          <ns3:TrackPointExtension>
            <ns3:hr>160</ns3:hr>
            <ns3:cad>89</ns3:cad>
          </ns3:TrackPointExtension>
        </extensions>
      </trkpt>
      <trkpt lat="30.61916864477097988128662109375" lon="103.99108895100653171539306640625">
        <ele>493.79998779296875</ele>
        <time>2026-02-27T12:15:15.000Z</time>
        <extensions>
          <ns3:TrackPointExtension>
            <ns3:hr>160</ns3:hr>
            <ns3:cad>89</ns3:cad>
          </ns3:TrackPointExtension>
        </extensions>
      </trkpt>
      <trkpt lat="30.6191848218441009521484375" lon="103.9910638891160488128662109375">
        <ele>494</ele>
        <time>2026-02-27T12:15:16.000Z</time>
        <extensions>
          <ns3:TrackPointExtension>
            <ns3:hr>161</ns3:hr>
            <ns3:cad>90</ns3:cad>
          </ns3:TrackPointExtension>
        </extensions>
      </trkpt>
      <trkpt lat="30.6192027591168880462646484375" lon="103.99103497155010700225830078125">
        <ele>494</ele>
        <time>2026-02-27T12:15:17.000Z</time>
        <extensions>
          <ns3:TrackPointExtension>
            <ns3:hr>161</ns3:hr>
            <ns3:cad>90</ns3:cad>
          </ns3:TrackPointExtension>
        </extensions>
      </trkpt>
      <trkpt lat="30.61921658925712108612060546875" lon="103.99101401679217815399169921875">
        <ele>494</ele>
        <time>2026-02-27T12:15:18.000Z</time>
        <extensions>
          <ns3:TrackPointExtension>
            <ns3:hr>161</ns3:hr>
            <ns3:cad>90</ns3:cad>
          </ns3:TrackPointExtension>
        </extensions>
      </trkpt>
      <trkpt lat="30.6192389689385890960693359375" lon="103.990987278521060943603515625">
        <ele>494</ele>
        <time>2026-02-27T12:15:19.000Z</time>
        <extensions>
          <ns3:TrackPointExtension>
            <ns3:hr>161</ns3:hr>
            <ns3:cad>90</ns3:cad>
          </ns3:TrackPointExtension>
        </extensions>
      </trkpt>
      <trkpt lat="30.61925699003040790557861328125" lon="103.9909616298973560333251953125">
        <ele>494</ele>
        <time>2026-02-27T12:15:20.000Z</time>
        <extensions>
          <ns3:TrackPointExtension>
            <ns3:hr>160</ns3:hr>
            <ns3:cad>90</ns3:cad>
          </ns3:TrackPointExtension>
        </extensions>
      </trkpt>
      <trkpt lat="30.61927325092256069183349609375" lon="103.990937657654285430908203125">
        <ele>493.79998779296875</ele>
        <time>2026-02-27T12:15:21.000Z</time>
        <extensions>
          <ns3:TrackPointExtension>
            <ns3:hr>161</ns3:hr>
            <ns3:cad>90</ns3:cad>
          </ns3:TrackPointExtension>
        </extensions>
      </trkpt>
      <trkpt lat="30.61928766779601573944091796875" lon="103.9909230731427669525146484375">
        <ele>493.79998779296875</ele>
        <time>2026-02-27T12:15:22.000Z</time>
        <extensions>
          <ns3:TrackPointExtension>
            <ns3:hr>161</ns3:hr>
            <ns3:cad>88</ns3:cad>
          </ns3:TrackPointExtension>
        </extensions>
      </trkpt>
      <trkpt lat="30.61929990537464618682861328125" lon="103.99091024883091449737548828125">
        <ele>493.79998779296875</ele>
        <time>2026-02-27T12:15:23.000Z</time>
        <extensions>
          <ns3:TrackPointExtension>
            <ns3:hr>161</ns3:hr>
            <ns3:cad>88</ns3:cad>
          </ns3:TrackPointExtension>
        </extensions>
      </trkpt>
      <trkpt lat="30.61931021511554718017578125" lon="103.9909039624035358428955078125">
        <ele>493.79998779296875</ele>
        <time>2026-02-27T12:15:24.000Z</time>
        <extensions>
          <ns3:TrackPointExtension>
            <ns3:hr>161</ns3:hr>
            <ns3:cad>88</ns3:cad>
          </ns3:TrackPointExtension>
        </extensions>
      </trkpt>
      <trkpt lat="30.61931935139000415802001953125" lon="103.9908959157764911651611328125">
        <ele>493.79998779296875</ele>
        <time>2026-02-27T12:15:25.000Z</time>
        <extensions>
          <ns3:TrackPointExtension>
            <ns3:hr>161</ns3:hr>
            <ns3:cad>89</ns3:cad>
          </ns3:TrackPointExtension>
        </extensions>
      </trkpt>
      <trkpt lat="30.61933142133057117462158203125" lon="103.990886695683002471923828125">
        <ele>493.79998779296875</ele>
        <time>2026-02-27T12:15:26.000Z</time>
        <extensions>
          <ns3:TrackPointExtension>
            <ns3:hr>161</ns3:hr>
            <ns3:cad>89</ns3:cad>
          </ns3:TrackPointExtension>
        </extensions>
      </trkpt>
      <trkpt lat="30.6193484365940093994140625" lon="103.9908798225224018096923828125">
        <ele>493.600006103515625</ele>
        <time>2026-02-27T12:15:27.000Z</time>
        <extensions>
          <ns3:TrackPointExtension>
            <ns3:hr>160</ns3:hr>
            <ns3:cad>89</ns3:cad>
          </ns3:TrackPointExtension>
        </extensions>
      </trkpt>
      <trkpt lat="30.6193730793893337249755859375" lon="103.99087353609502315521240234375">
        <ele>493.600006103515625</ele>
        <time>2026-02-27T12:15:28.000Z</time>
        <extensions>
          <ns3:TrackPointExtension>
            <ns3:hr>161</ns3:hr>
            <ns3:cad>89</ns3:cad>
          </ns3:TrackPointExtension>
        </extensions>
      </trkpt>
      <trkpt lat="30.61940015293657779693603515625" lon="103.99087303318083286285400390625">
        <ele>493.600006103515625</ele>
        <time>2026-02-27T12:15:29.000Z</time>
        <extensions>
          <ns3:TrackPointExtension>
            <ns3:hr>161</ns3:hr>
            <ns3:cad>89</ns3:cad>
          </ns3:TrackPointExtension>
        </extensions>
      </trkpt>
      <trkpt lat="30.61943016014993190765380859375" lon="103.990871943533420562744140625">
        <ele>493.600006103515625</ele>
        <time>2026-02-27T12:15:30.000Z</time>
        <extensions>
          <ns3:TrackPointExtension>
            <ns3:hr>160</ns3:hr>
            <ns3:cad>88</ns3:cad>
          </ns3:TrackPointExtension>
        </extensions>
      </trkpt>
      <trkpt lat="30.61945547349750995635986328125" lon="103.9908697642385959625244140625">
        <ele>493.600006103515625</ele>
        <time>2026-02-27T12:15:31.000Z</time>
        <extensions>
          <ns3:TrackPointExtension>
            <ns3:hr>160</ns3:hr>
            <ns3:cad>87</ns3:cad>
          </ns3:TrackPointExtension>
        </extensions>
      </trkpt>
      <trkpt lat="30.6194907613098621368408203125" lon="103.99086548946797847747802734375">
        <ele>493.600006103515625</ele>
        <time>2026-02-27T12:15:32.000Z</time>
        <extensions>
          <ns3:TrackPointExtension>
            <ns3:hr>161</ns3:hr>
            <ns3:cad>88</ns3:cad>
          </ns3:TrackPointExtension>
        </extensions>
      </trkpt>
      <trkpt lat="30.61952655203640460968017578125" lon="103.99084486998617649078369140625">
        <ele>493.600006103515625</ele>
        <time>2026-02-27T12:15:33.000Z</time>
        <extensions>
          <ns3:TrackPointExtension>
            <ns3:hr>161</ns3:hr>
            <ns3:cad>88</ns3:cad>
          </ns3:TrackPointExtension>
        </extensions>
      </trkpt>
      <trkpt lat="30.61956368386745452880859375" lon="103.99081285111606121063232421875">
        <ele>493.600006103515625</ele>
        <time>2026-02-27T12:15:34.000Z</time>
        <extensions>
          <ns3:TrackPointExtension>
            <ns3:hr>161</ns3:hr>
            <ns3:cad>88</ns3:cad>
          </ns3:TrackPointExtension>
        </extensions>
      </trkpt>
      <trkpt lat="30.61958472244441509246826171875" lon="103.99078200571238994598388671875">
        <ele>493.600006103515625</ele>
        <time>2026-02-27T12:15:35.000Z</time>
        <extensions>
          <ns3:TrackPointExtension>
            <ns3:hr>161</ns3:hr>
            <ns3:cad>88</ns3:cad>
          </ns3:TrackPointExtension>
        </extensions>
      </trkpt>
      <trkpt lat="30.6196094490587711334228515625" lon="103.990743868052959442138671875">
        <ele>493.399993896484375</ele>
        <time>2026-02-27T12:15:36.000Z</time>
        <extensions>
          <ns3:TrackPointExtension>
            <ns3:hr>160</ns3:hr>
            <ns3:cad>88</ns3:cad>
          </ns3:TrackPointExtension>
        </extensions>
      </trkpt>
      <trkpt lat="30.61962026171386241912841796875" lon="103.99070891551673412322998046875">
        <ele>493.399993896484375</ele>
        <time>2026-02-27T12:15:37.000Z</time>
        <extensions>
          <ns3:TrackPointExtension>
            <ns3:hr>161</ns3:hr>
            <ns3:cad>88</ns3:cad>
          </ns3:TrackPointExtension>
        </extensions>
      </trkpt>
      <trkpt lat="30.61963140964508056640625" lon="103.9906669221818447113037109375">
        <ele>493.399993896484375</ele>
        <time>2026-02-27T12:15:38.000Z</time>
        <extensions>
          <ns3:TrackPointExtension>
            <ns3:hr>161</ns3:hr>
            <ns3:cad>88</ns3:cad>
          </ns3:TrackPointExtension>
        </extensions>
      </trkpt>
      <trkpt lat="30.619637779891490936279296875" lon="103.99062979035079479217529296875">
        <ele>493.399993896484375</ele>
        <time>2026-02-27T12:15:39.000Z</time>
        <extensions>
          <ns3:TrackPointExtension>
            <ns3:hr>161</ns3:hr>
            <ns3:cad>88</ns3:cad>
          </ns3:TrackPointExtension>
        </extensions>
      </trkpt>
      <trkpt lat="30.61963987536728382110595703125" lon="103.9905898086726665496826171875">
        <ele>493.399993896484375</ele>
        <time>2026-02-27T12:15:40.000Z</time>
        <extensions>
          <ns3:TrackPointExtension>
            <ns3:hr>161</ns3:hr>
            <ns3:cad>89</ns3:cad>
          </ns3:TrackPointExtension>
        </extensions>
      </trkpt>
      <trkpt lat="30.61963853426277637481689453125" lon="103.99055653251707553863525390625">
        <ele>493.20001220703125</ele>
        <time>2026-02-27T12:15:41.000Z</time>
        <extensions>
          <ns3:TrackPointExtension>
            <ns3:hr>161</ns3:hr>
            <ns3:cad>90</ns3:cad>
          </ns3:TrackPointExtension>
        </extensions>
      </trkpt>
      <trkpt lat="30.619634427130222320556640625" lon="103.9905197359621524810791015625">
        <ele>493.20001220703125</ele>
        <time>2026-02-27T12:15:42.000Z</time>
        <extensions>
          <ns3:TrackPointExtension>
            <ns3:hr>162</ns3:hr>
            <ns3:cad>89</ns3:cad>
          </ns3:TrackPointExtension>
        </extensions>
      </trkpt>
      <trkpt lat="30.619627051055431365966796875" lon="103.990485705435276031494140625">
        <ele>493.20001220703125</ele>
        <time>2026-02-27T12:15:43.000Z</time>
        <extensions>
          <ns3:TrackPointExtension>
            <ns3:hr>162</ns3:hr>
            <ns3:cad>89</ns3:cad>
          </ns3:TrackPointExtension>
        </extensions>
      </trkpt>
      <trkpt lat="30.61961741186678409576416015625" lon="103.99045729078352451324462890625">
        <ele>493</ele>
        <time>2026-02-27T12:15:44.000Z</time>
        <extensions>
          <ns3:TrackPointExtension>
            <ns3:hr>162</ns3:hr>
            <ns3:cad>88</ns3:cad>
          </ns3:TrackPointExtension>
        </extensions>
      </trkpt>
      <trkpt lat="30.61959763057529926300048828125" lon="103.990431390702724456787109375">
        <ele>493</ele>
        <time>2026-02-27T12:15:45.000Z</time>
        <extensions>
          <ns3:TrackPointExtension>
            <ns3:hr>162</ns3:hr>
            <ns3:cad>87</ns3:cad>
          </ns3:TrackPointExtension>
        </extensions>
      </trkpt>
      <trkpt lat="30.61957382597029209136962890625" lon="103.9904089272022247314453125">
        <ele>493</ele>
        <time>2026-02-27T12:15:46.000Z</time>
        <extensions>
          <ns3:TrackPointExtension>
            <ns3:hr>161</ns3:hr>
            <ns3:cad>87</ns3:cad>
          </ns3:TrackPointExtension>
        </extensions>
      </trkpt>
      <trkpt lat="30.6195541284978389739990234375" lon="103.990380764007568359375">
        <ele>493</ele>
        <time>2026-02-27T12:15:47.000Z</time>
        <extensions>
          <ns3:TrackPointExtension>
            <ns3:hr>161</ns3:hr>
            <ns3:cad>88</ns3:cad>
          </ns3:TrackPointExtension>
        </extensions>
      </trkpt>
      <trkpt lat="30.61953610740602016448974609375" lon="103.99035603739321231842041015625">
        <ele>493</ele>
        <time>2026-02-27T12:15:48.000Z</time>
        <extensions>
          <ns3:TrackPointExtension>
            <ns3:hr>161</ns3:hr>
            <ns3:cad>88</ns3:cad>
          </ns3:TrackPointExtension>
        </extensions>
      </trkpt>
      <trkpt lat="30.61952688731253147125244140625" lon="103.99032510817050933837890625">
        <ele>492.79998779296875</ele>
        <time>2026-02-27T12:15:49.000Z</time>
        <extensions>
          <ns3:TrackPointExtension>
            <ns3:hr>162</ns3:hr>
            <ns3:cad>89</ns3:cad>
          </ns3:TrackPointExtension>
        </extensions>
      </trkpt>
      <trkpt lat="30.61951884068548679351806640625" lon="103.99030096828937530517578125">
        <ele>492.79998779296875</ele>
        <time>2026-02-27T12:15:50.000Z</time>
        <extensions>
          <ns3:TrackPointExtension>
            <ns3:hr>161</ns3:hr>
            <ns3:cad>89</ns3:cad>
          </ns3:TrackPointExtension>
        </extensions>
      </trkpt>
      <trkpt lat="30.61951749958097934722900390625" lon="103.99026718921959400177001953125">
        <ele>492.79998779296875</ele>
        <time>2026-02-27T12:15:51.000Z</time>
        <extensions>
          <ns3:TrackPointExtension>
            <ns3:hr>161</ns3:hr>
            <ns3:cad>89</ns3:cad>
          </ns3:TrackPointExtension>
        </extensions>
      </trkpt>
      <trkpt lat="30.61951029114425182342529296875" lon="103.99024355225265026092529296875">
        <ele>492.79998779296875</ele>
        <time>2026-02-27T12:15:52.000Z</time>
        <extensions>
          <ns3:TrackPointExtension>
            <ns3:hr>161</ns3:hr>
            <ns3:cad>88</ns3:cad>
          </ns3:TrackPointExtension>
        </extensions>
      </trkpt>
      <trkpt lat="30.61950945295393466949462890625" lon="103.99020700715482234954833984375">
        <ele>492.600006103515625</ele>
        <time>2026-02-27T12:15:53.000Z</time>
        <extensions>
          <ns3:TrackPointExtension>
            <ns3:hr>161</ns3:hr>
            <ns3:cad>88</ns3:cad>
          </ns3:TrackPointExtension>
        </extensions>
      </trkpt>
      <trkpt lat="30.61950266361236572265625" lon="103.99018160998821258544921875">
        <ele>492.600006103515625</ele>
        <time>2026-02-27T12:15:54.000Z</time>
        <extensions>
          <ns3:TrackPointExtension>
            <ns3:hr>161</ns3:hr>
            <ns3:cad>88</ns3:cad>
          </ns3:TrackPointExtension>
        </extensions>
      </trkpt>
      <trkpt lat="30.619490258395671844482421875" lon="103.99014766328036785125732421875">
        <ele>492.600006103515625</ele>
        <time>2026-02-27T12:15:55.000Z</time>
        <extensions>
          <ns3:TrackPointExtension>
            <ns3:hr>161</ns3:hr>
            <ns3:cad>88</ns3:cad>
          </ns3:TrackPointExtension>
        </extensions>
      </trkpt>
      <trkpt lat="30.6194771826267242431640625" lon="103.99011866189539432525634765625">
        <ele>492.600006103515625</ele>
        <time>2026-02-27T12:15:56.000Z</time>
        <extensions>
          <ns3:TrackPointExtension>
            <ns3:hr>160</ns3:hr>
            <ns3:cad>88</ns3:cad>
          </ns3:TrackPointExtension>
        </extensions>
      </trkpt>
      <trkpt lat="30.61946335248649120330810546875" lon="103.99008831940591335296630859375">
        <ele>492.600006103515625</ele>
        <time>2026-02-27T12:15:57.000Z</time>
        <extensions>
          <ns3:TrackPointExtension>
            <ns3:hr>160</ns3:hr>
            <ns3:cad>89</ns3:cad>
          </ns3:TrackPointExtension>
        </extensions>
      </trkpt>
      <trkpt lat="30.619452036917209625244140625" lon="103.99006702937185764312744140625">
        <ele>492.600006103515625</ele>
        <time>2026-02-27T12:15:58.000Z</time>
        <extensions>
          <ns3:TrackPointExtension>
            <ns3:hr>160</ns3:hr>
            <ns3:cad>89</ns3:cad>
          </ns3:TrackPointExtension>
        </extensions>
      </trkpt>
      <trkpt lat="30.619437284767627716064453125" lon="103.99003903381526470184326171875">
        <ele>492.600006103515625</ele>
        <time>2026-02-27T12:15:59.000Z</time>
        <extensions>
          <ns3:TrackPointExtension>
            <ns3:hr>161</ns3:hr>
            <ns3:cad>89</ns3:cad>
          </ns3:TrackPointExtension>
        </extensions>
      </trkpt>
      <trkpt lat="30.619419179856777191162109375" lon="103.9900171570479869842529296875">
        <ele>492.600006103515625</ele>
        <time>2026-02-27T12:16:00.000Z</time>
        <extensions>
          <ns3:TrackPointExtension>
            <ns3:hr>160</ns3:hr>
            <ns3:cad>89</ns3:cad>
          </ns3:TrackPointExtension>
        </extensions>
      </trkpt>
      <trkpt lat="30.6194019131362438201904296875" lon="103.989991508424282073974609375">
        <ele>492.600006103515625</ele>
        <time>2026-02-27T12:16:01.000Z</time>
        <extensions>
          <ns3:TrackPointExtension>
            <ns3:hr>160</ns3:hr>
            <ns3:cad>89</ns3:cad>
          </ns3:TrackPointExtension>
        </extensions>
      </trkpt>
      <trkpt lat="30.6193828023970127105712890625" lon="103.98997348733246326446533203125">
        <ele>492.399993896484375</ele>
        <time>2026-02-27T12:16:02.000Z</time>
        <extensions>
          <ns3:TrackPointExtension>
            <ns3:hr>161</ns3:hr>
            <ns3:cad>90</ns3:cad>
          </ns3:TrackPointExtension>
        </extensions>
      </trkpt>
      <trkpt lat="30.61936176382005214691162109375" lon="103.98995001800358295440673828125">
        <ele>492.399993896484375</ele>
        <time>2026-02-27T12:16:03.000Z</time>
        <extensions>
          <ns3:TrackPointExtension>
            <ns3:hr>160</ns3:hr>
            <ns3:cad>92</ns3:cad>
          </ns3:TrackPointExtension>
        </extensions>
      </trkpt>
      <trkpt lat="30.619345419108867645263671875" lon="103.989929147064685821533203125">
        <ele>492.399993896484375</ele>
        <time>2026-02-27T12:16:04.000Z</time>
        <extensions>
          <ns3:TrackPointExtension>
            <ns3:hr>160</ns3:hr>
            <ns3:cad>92</ns3:cad>
          </ns3:TrackPointExtension>
        </extensions>
      </trkpt>
      <trkpt lat="30.6193274818360805511474609375" lon="103.98990358226001262664794921875">
        <ele>492.399993896484375</ele>
        <time>2026-02-27T12:16:05.000Z</time>
        <extensions>
          <ns3:TrackPointExtension>
            <ns3:hr>160</ns3:hr>
            <ns3:cad>92</ns3:cad>
          </ns3:TrackPointExtension>
        </extensions>
      </trkpt>
      <trkpt lat="30.6193127296864986419677734375" lon="103.989884555339813232421875">
        <ele>492.399993896484375</ele>
        <time>2026-02-27T12:16:06.000Z</time>
        <extensions>
          <ns3:TrackPointExtension>
            <ns3:hr>161</ns3:hr>
            <ns3:cad>91</ns3:cad>
          </ns3:TrackPointExtension>
        </extensions>
      </trkpt>
      <trkpt lat="30.61929705552756786346435546875" lon="103.98985614068806171417236328125">
        <ele>492.399993896484375</ele>
        <time>2026-02-27T12:16:07.000Z</time>
        <extensions>
          <ns3:TrackPointExtension>
            <ns3:hr>160</ns3:hr>
            <ns3:cad>90</ns3:cad>
          </ns3:TrackPointExtension>
        </extensions>
      </trkpt>
      <trkpt lat="30.61927878297865390777587890625" lon="103.9898304082453250885009765625">
        <ele>492.399993896484375</ele>
        <time>2026-02-27T12:16:08.000Z</time>
        <extensions>
          <ns3:TrackPointExtension>
            <ns3:hr>160</ns3:hr>
            <ns3:cad>90</ns3:cad>
          </ns3:TrackPointExtension>
        </extensions>
      </trkpt>
      <trkpt lat="30.61925883404910564422607421875" lon="103.98979679681360721588134765625">
        <ele>492.399993896484375</ele>
        <time>2026-02-27T12:16:09.000Z</time>
        <extensions>
          <ns3:TrackPointExtension>
            <ns3:hr>160</ns3:hr>
            <ns3:cad>89</ns3:cad>
          </ns3:TrackPointExtension>
        </extensions>
      </trkpt>
      <trkpt lat="30.6192409805953502655029296875" lon="103.98976746015250682830810546875">
        <ele>492.399993896484375</ele>
        <time>2026-02-27T12:16:10.000Z</time>
        <extensions>
          <ns3:TrackPointExtension>
            <ns3:hr>160</ns3:hr>
            <ns3:cad>89</ns3:cad>
          </ns3:TrackPointExtension>
        </extensions>
      </trkpt>
      <trkpt lat="30.6192225404083728790283203125" lon="103.98973460309207439422607421875">
        <ele>492.399993896484375</ele>
        <time>2026-02-27T12:16:11.000Z</time>
        <extensions>
          <ns3:TrackPointExtension>
            <ns3:hr>160</ns3:hr>
            <ns3:cad>89</ns3:cad>
          </ns3:TrackPointExtension>
        </extensions>
      </trkpt>
      <trkpt lat="30.61920619569718837738037109375" lon="103.98970761336386203765869140625">
        <ele>492.399993896484375</ele>
        <time>2026-02-27T12:16:12.000Z</time>
        <extensions>
          <ns3:TrackPointExtension>
            <ns3:hr>160</ns3:hr>
            <ns3:cad>91</ns3:cad>
          </ns3:TrackPointExtension>
        </extensions>
      </trkpt>
      <trkpt lat="30.61919781379401683807373046875" lon="103.98967023007571697235107421875">
        <ele>492.399993896484375</ele>
        <time>2026-02-27T12:16:13.000Z</time>
        <extensions>
          <ns3:TrackPointExtension>
            <ns3:hr>159</ns3:hr>
            <ns3:cad>91</ns3:cad>
          </ns3:TrackPointExtension>
        </extensions>
      </trkpt>
      <trkpt lat="30.619191862642765045166015625" lon="103.98964290507137775421142578125">
        <ele>492.399993896484375</ele>
        <time>2026-02-27T12:16:14.000Z</time>
        <extensions>
          <ns3:TrackPointExtension>
            <ns3:hr>159</ns3:hr>
            <ns3:cad>89</ns3:cad>
          </ns3:TrackPointExtension>
        </extensions>
      </trkpt>
      <trkpt lat="30.6191913597285747528076171875" lon="103.9896138198673725128173828125">
        <ele>492.20001220703125</ele>
        <time>2026-02-27T12:16:15.000Z</time>
        <extensions>
          <ns3:TrackPointExtension>
            <ns3:hr>159</ns3:hr>
            <ns3:cad>89</ns3:cad>
          </ns3:TrackPointExtension>
        </extensions>
      </trkpt>
      <trkpt lat="30.61918725259602069854736328125" lon="103.98958615958690643310546875">
        <ele>492.20001220703125</ele>
        <time>2026-02-27T12:16:16.000Z</time>
        <extensions>
          <ns3:TrackPointExtension>
            <ns3:hr>159</ns3:hr>
            <ns3:cad>89</ns3:cad>
          </ns3:TrackPointExtension>
        </extensions>
      </trkpt>
      <trkpt lat="30.61918775551021099090576171875" lon="103.9895571582019329071044921875">
        <ele>492.20001220703125</ele>
        <time>2026-02-27T12:16:17.000Z</time>
        <extensions>
          <ns3:TrackPointExtension>
            <ns3:hr>160</ns3:hr>
            <ns3:cad>89</ns3:cad>
          </ns3:TrackPointExtension>
        </extensions>
      </trkpt>
      <trkpt lat="30.61917769722640514373779296875" lon="103.98953159339725971221923828125">
        <ele>492.20001220703125</ele>
        <time>2026-02-27T12:16:18.000Z</time>
        <extensions>
          <ns3:TrackPointExtension>
            <ns3:hr>159</ns3:hr>
            <ns3:cad>89</ns3:cad>
          </ns3:TrackPointExtension>
        </extensions>
      </trkpt>
      <trkpt lat="30.61916730366647243499755859375" lon="103.9895028434693813323974609375">
        <ele>492.20001220703125</ele>
        <time>2026-02-27T12:16:19.000Z</time>
        <extensions>
          <ns3:TrackPointExtension>
            <ns3:hr>159</ns3:hr>
            <ns3:cad>89</ns3:cad>
          </ns3:TrackPointExtension>
        </extensions>
      </trkpt>
      <trkpt lat="30.6191568262875080108642578125" lon="103.98948331363499164581298828125">
        <ele>492.20001220703125</ele>
        <time>2026-02-27T12:16:20.000Z</time>
        <extensions>
          <ns3:TrackPointExtension>
            <ns3:hr>159</ns3:hr>
            <ns3:cad>89</ns3:cad>
          </ns3:TrackPointExtension>
        </extensions>
      </trkpt>
      <trkpt lat="30.6191434152424335479736328125" lon="103.98945271968841552734375">
        <ele>492.20001220703125</ele>
        <time>2026-02-27T12:16:21.000Z</time>
        <extensions>
          <ns3:TrackPointExtension>
            <ns3:hr>159</ns3:hr>
            <ns3:cad>89</ns3:cad>
          </ns3:TrackPointExtension>
        </extensions>
      </trkpt>
      <trkpt lat="30.61912472359836101531982421875" lon="103.989433944225311279296875">
        <ele>492.20001220703125</ele>
        <time>2026-02-27T12:16:22.000Z</time>
        <extensions>
          <ns3:TrackPointExtension>
            <ns3:hr>159</ns3:hr>
            <ns3:cad>89</ns3:cad>
          </ns3:TrackPointExtension>
        </extensions>
      </trkpt>
      <trkpt lat="30.61910527758300304412841796875" lon="103.98940821178257465362548828125">
        <ele>492.20001220703125</ele>
        <time>2026-02-27T12:16:23.000Z</time>
        <extensions>
          <ns3:TrackPointExtension>
            <ns3:hr>159</ns3:hr>
            <ns3:cad>87</ns3:cad>
          </ns3:TrackPointExtension>
        </extensions>
      </trkpt>
      <trkpt lat="30.61908700503408908843994140625" lon="103.989389352500438690185546875">
        <ele>492.399993896484375</ele>
        <time>2026-02-27T12:16:24.000Z</time>
        <extensions>
          <ns3:TrackPointExtension>
            <ns3:hr>160</ns3:hr>
            <ns3:cad>87</ns3:cad>
          </ns3:TrackPointExtension>
        </extensions>
      </trkpt>
      <trkpt lat="30.61906521208584308624267578125" lon="103.98936797864735126495361328125">
        <ele>492.399993896484375</ele>
        <time>2026-02-27T12:16:25.000Z</time>
        <extensions>
          <ns3:TrackPointExtension>
            <ns3:hr>159</ns3:hr>
            <ns3:cad>88</ns3:cad>
          </ns3:TrackPointExtension>
        </extensions>
      </trkpt>
      <trkpt lat="30.61904476024210453033447265625" lon="103.98934903554618358612060546875">
        <ele>492.399993896484375</ele>
        <time>2026-02-27T12:16:26.000Z</time>
        <extensions>
          <ns3:TrackPointExtension>
            <ns3:hr>160</ns3:hr>
            <ns3:cad>88</ns3:cad>
          </ns3:TrackPointExtension>
        </extensions>
      </trkpt>
      <trkpt lat="30.61901726759970188140869140625" lon="103.989328332245349884033203125">
        <ele>492.399993896484375</ele>
        <time>2026-02-27T12:16:27.000Z</time>
        <extensions>
          <ns3:TrackPointExtension>
            <ns3:hr>160</ns3:hr>
            <ns3:cad>88</ns3:cad>
          </ns3:TrackPointExtension>
        </extensions>
      </trkpt>
      <trkpt lat="30.6189930438995361328125" lon="103.9893060363829135894775390625">
        <ele>492.399993896484375</ele>
        <time>2026-02-27T12:16:28.000Z</time>
        <extensions>
          <ns3:TrackPointExtension>
            <ns3:hr>160</ns3:hr>
            <ns3:cad>88</ns3:cad>
          </ns3:TrackPointExtension>
        </extensions>
      </trkpt>
      <trkpt lat="30.61897032894194126129150390625" lon="103.9892850816249847412109375">
        <ele>492.399993896484375</ele>
        <time>2026-02-27T12:16:29.000Z</time>
        <extensions>
          <ns3:TrackPointExtension>
            <ns3:hr>160</ns3:hr>
            <ns3:cad>88</ns3:cad>
          </ns3:TrackPointExtension>
        </extensions>
      </trkpt>
      <trkpt lat="30.61895214021205902099609375" lon="103.98926169611513614654541015625">
        <ele>492.399993896484375</ele>
        <time>2026-02-27T12:16:30.000Z</time>
        <extensions>
          <ns3:TrackPointExtension>
            <ns3:hr>160</ns3:hr>
            <ns3:cad>87</ns3:cad>
          </ns3:TrackPointExtension>
        </extensions>
      </trkpt>
      <trkpt lat="30.61893403530120849609375" lon="103.98923940025269985198974609375">
        <ele>492.399993896484375</ele>
        <time>2026-02-27T12:16:31.000Z</time>
        <extensions>
          <ns3:TrackPointExtension>
            <ns3:hr>160</ns3:hr>
            <ns3:cad>87</ns3:cad>
          </ns3:TrackPointExtension>
        </extensions>
      </trkpt>
      <trkpt lat="30.6189221329987049102783203125" lon="103.98920939303934574127197265625">
        <ele>492.399993896484375</ele>
        <time>2026-02-27T12:16:32.000Z</time>
        <extensions>
          <ns3:TrackPointExtension>
            <ns3:hr>160</ns3:hr>
            <ns3:cad>88</ns3:cad>
          </ns3:TrackPointExtension>
        </extensions>
      </trkpt>
      <trkpt lat="30.618912242352962493896484375" lon="103.98917980492115020751953125">
        <ele>492.399993896484375</ele>
        <time>2026-02-27T12:16:33.000Z</time>
        <extensions>
          <ns3:TrackPointExtension>
            <ns3:hr>160</ns3:hr>
            <ns3:cad>88</ns3:cad>
          </ns3:TrackPointExtension>
        </extensions>
      </trkpt>
      <trkpt lat="30.61890595592558383941650390625" lon="103.98915273137390613555908203125">
        <ele>492.600006103515625</ele>
        <time>2026-02-27T12:16:34.000Z</time>
        <extensions>
          <ns3:TrackPointExtension>
            <ns3:hr>160</ns3:hr>
            <ns3:cad>88</ns3:cad>
          </ns3:TrackPointExtension>
        </extensions>
      </trkpt>
      <trkpt lat="30.618898831307888031005859375" lon="103.98912507109344005584716796875">
        <ele>492.600006103515625</ele>
        <time>2026-02-27T12:16:35.000Z</time>
        <extensions>
          <ns3:TrackPointExtension>
            <ns3:hr>160</ns3:hr>
            <ns3:cad>89</ns3:cad>
          </ns3:TrackPointExtension>
        </extensions>
      </trkpt>
      <trkpt lat="30.6188989989459514617919921875" lon="103.9890911243855953216552734375">
        <ele>492.600006103515625</ele>
        <time>2026-02-27T12:16:36.000Z</time>
        <extensions>
          <ns3:TrackPointExtension>
            <ns3:hr>160</ns3:hr>
            <ns3:cad>88</ns3:cad>
          </ns3:TrackPointExtension>
        </extensions>
      </trkpt>
      <trkpt lat="30.61889908276498317718505859375" lon="103.98905835114419460296630859375">
        <ele>492.600006103515625</ele>
        <time>2026-02-27T12:16:37.000Z</time>
        <extensions>
          <ns3:TrackPointExtension>
            <ns3:hr>160</ns3:hr>
            <ns3:cad>89</ns3:cad>
          </ns3:TrackPointExtension>
        </extensions>
      </trkpt>
      <trkpt lat="30.6189036928117275238037109375" lon="103.98902985267341136932373046875">
        <ele>492.79998779296875</ele>
        <time>2026-02-27T12:16:38.000Z</time>
        <extensions>
          <ns3:TrackPointExtension>
            <ns3:hr>160</ns3:hr>
            <ns3:cad>90</ns3:cad>
          </ns3:TrackPointExtension>
        </extensions>
      </trkpt>
      <trkpt lat="30.618906877934932708740234375" lon="103.98900168947875499725341796875">
        <ele>492.79998779296875</ele>
        <time>2026-02-27T12:16:39.000Z</time>
        <extensions>
          <ns3:TrackPointExtension>
            <ns3:hr>161</ns3:hr>
            <ns3:cad>90</ns3:cad>
          </ns3:TrackPointExtension>
        </extensions>
      </trkpt>
      <trkpt lat="30.61891266144812107086181640625" lon="103.9889781363308429718017578125">
        <ele>492.79998779296875</ele>
        <time>2026-02-27T12:16:40.000Z</time>
        <extensions>
          <ns3:TrackPointExtension>
            <ns3:hr>160</ns3:hr>
            <ns3:cad>91</ns3:cad>
          </ns3:TrackPointExtension>
        </extensions>
      </trkpt>
      <trkpt lat="30.618922971189022064208984375" lon="103.9889452792704105377197265625">
        <ele>492.79998779296875</ele>
        <time>2026-02-27T12:16:41.000Z</time>
        <extensions>
          <ns3:TrackPointExtension>
            <ns3:hr>160</ns3:hr>
            <ns3:cad>90</ns3:cad>
          </ns3:TrackPointExtension>
        </extensions>
      </trkpt>
      <trkpt lat="30.6189378909766674041748046875" lon="103.9889187924563884735107421875">
        <ele>492.79998779296875</ele>
        <time>2026-02-27T12:16:42.000Z</time>
        <extensions>
          <ns3:TrackPointExtension>
            <ns3:hr>161</ns3:hr>
            <ns3:cad>90</ns3:cad>
          </ns3:TrackPointExtension>
        </extensions>
      </trkpt>
      <trkpt lat="30.6189519725739955902099609375" lon="103.9888946525752544403076171875">
        <ele>492.79998779296875</ele>
        <time>2026-02-27T12:16:43.000Z</time>
        <extensions>
          <ns3:TrackPointExtension>
            <ns3:hr>160</ns3:hr>
            <ns3:cad>90</ns3:cad>
          </ns3:TrackPointExtension>
        </extensions>
      </trkpt>
      <trkpt lat="30.61897317878901958465576171875" lon="103.98887193761765956878662109375">
        <ele>492.79998779296875</ele>
        <time>2026-02-27T12:16:44.000Z</time>
        <extensions>
          <ns3:TrackPointExtension>
            <ns3:hr>160</ns3:hr>
            <ns3:cad>89</ns3:cad>
          </ns3:TrackPointExtension>
        </extensions>
      </trkpt>
      <trkpt lat="30.61898893676698207855224609375" lon="103.98885299451649188995361328125">
        <ele>492.79998779296875</ele>
        <time>2026-02-27T12:16:45.000Z</time>
        <extensions>
          <ns3:TrackPointExtension>
            <ns3:hr>160</ns3:hr>
            <ns3:cad>88</ns3:cad>
          </ns3:TrackPointExtension>
        </extensions>
      </trkpt>
      <trkpt lat="30.61901425011456012725830078125" lon="103.988834805786609649658203125">
        <ele>492.79998779296875</ele>
        <time>2026-02-27T12:16:46.000Z</time>
        <extensions>
          <ns3:TrackPointExtension>
            <ns3:hr>159</ns3:hr>
            <ns3:cad>88</ns3:cad>
          </ns3:TrackPointExtension>
        </extensions>
      </trkpt>
      <trkpt lat="30.61902933754026889801025390625" lon="103.98881628178060054779052734375">
        <ele>492.79998779296875</ele>
        <time>2026-02-27T12:16:47.000Z</time>
        <extensions>
          <ns3:TrackPointExtension>
            <ns3:hr>159</ns3:hr>
            <ns3:cad>88</ns3:cad>
          </ns3:TrackPointExtension>
        </extensions>
      </trkpt>
      <trkpt lat="30.6190507113933563232421875" lon="103.98879884742200374603271484375">
        <ele>493</ele>
        <time>2026-02-27T12:16:48.000Z</time>
        <extensions>
          <ns3:TrackPointExtension>
            <ns3:hr>159</ns3:hr>
            <ns3:cad>88</ns3:cad>
          </ns3:TrackPointExtension>
        </extensions>
      </trkpt>
      <trkpt lat="30.619071163237094879150390625" lon="103.9887900464236736297607421875">
        <ele>493</ele>
        <time>2026-02-27T12:16:49.000Z</time>
        <extensions>
          <ns3:TrackPointExtension>
            <ns3:hr>159</ns3:hr>
            <ns3:cad>89</ns3:cad>
          </ns3:TrackPointExtension>
        </extensions>
      </trkpt>
      <trkpt lat="30.61910058371722698211669921875" lon="103.98877923376858234405517578125">
        <ele>493</ele>
        <time>2026-02-27T12:16:50.000Z</time>
        <extensions>
          <ns3:TrackPointExtension>
            <ns3:hr>159</ns3:hr>
            <ns3:cad>89</ns3:cad>
          </ns3:TrackPointExtension>
        </extensions>
      </trkpt>
      <trkpt lat="30.61912304721772670745849609375" lon="103.98877169005572795867919921875">
        <ele>493.20001220703125</ele>
        <time>2026-02-27T12:16:51.000Z</time>
        <extensions>
          <ns3:TrackPointExtension>
            <ns3:hr>159</ns3:hr>
            <ns3:cad>87</ns3:cad>
          </ns3:TrackPointExtension>
        </extensions>
      </trkpt>
      <trkpt lat="30.6191454268991947174072265625" lon="103.9887615479528903961181640625">
        <ele>493.20001220703125</ele>
        <time>2026-02-27T12:16:52.000Z</time>
        <extensions>
          <ns3:TrackPointExtension>
            <ns3:hr>159</ns3:hr>
            <ns3:cad>87</ns3:cad>
          </ns3:TrackPointExtension>
        </extensions>
      </trkpt>
      <trkpt lat="30.6191692315042018890380859375" lon="103.98874855600297451019287109375">
        <ele>493.20001220703125</ele>
        <time>2026-02-27T12:16:53.000Z</time>
        <extensions>
          <ns3:TrackPointExtension>
            <ns3:hr>159</ns3:hr>
            <ns3:cad>87</ns3:cad>
          </ns3:TrackPointExtension>
        </extensions>
      </trkpt>
      <trkpt lat="30.619193874299526214599609375" lon="103.98873564787209033966064453125">
        <ele>493</ele>
        <time>2026-02-27T12:16:54.000Z</time>
        <extensions>
          <ns3:TrackPointExtension>
            <ns3:hr>159</ns3:hr>
            <ns3:cad>87</ns3:cad>
          </ns3:TrackPointExtension>
        </extensions>
      </trkpt>
      <trkpt lat="30.61921658925712108612060546875" lon="103.98872441612184047698974609375">
        <ele>493</ele>
        <time>2026-02-27T12:16:55.000Z</time>
        <extensions>
          <ns3:TrackPointExtension>
            <ns3:hr>159</ns3:hr>
            <ns3:cad>87</ns3:cad>
          </ns3:TrackPointExtension>
        </extensions>
      </trkpt>
      <trkpt lat="30.61923913657665252685546875" lon="103.98870647884905338287353515625">
        <ele>493</ele>
        <time>2026-02-27T12:16:56.000Z</time>
        <extensions>
          <ns3:TrackPointExtension>
            <ns3:hr>159</ns3:hr>
            <ns3:cad>88</ns3:cad>
          </ns3:TrackPointExtension>
        </extensions>
      </trkpt>
      <trkpt lat="30.6192597560584545135498046875" lon="103.98868770338594913482666015625">
        <ele>493</ele>
        <time>2026-02-27T12:16:57.000Z</time>
        <extensions>
          <ns3:TrackPointExtension>
            <ns3:hr>159</ns3:hr>
            <ns3:cad>89</ns3:cad>
          </ns3:TrackPointExtension>
        </extensions>
      </trkpt>
      <trkpt lat="30.6192765198647975921630859375" lon="103.9886649884283542633056640625">
        <ele>492.79998779296875</ele>
        <time>2026-02-27T12:16:58.000Z</time>
        <extensions>
          <ns3:TrackPointExtension>
            <ns3:hr>159</ns3:hr>
            <ns3:cad>89</ns3:cad>
          </ns3:TrackPointExtension>
        </extensions>
      </trkpt>
      <trkpt lat="30.61929554678499698638916015625" lon="103.98863942362368106842041015625">
        <ele>492.79998779296875</ele>
        <time>2026-02-27T12:16:59.000Z</time>
        <extensions>
          <ns3:TrackPointExtension>
            <ns3:hr>158</ns3:hr>
            <ns3:cad>89</ns3:cad>
          </ns3:TrackPointExtension>
        </extensions>
      </trkpt>
      <trkpt lat="30.619309879839420318603515625" lon="103.9886120148003101348876953125">
        <ele>492.600006103515625</ele>
        <time>2026-02-27T12:17:00.000Z</time>
        <extensions>
          <ns3:TrackPointExtension>
            <ns3:hr>159</ns3:hr>
            <ns3:cad>88</ns3:cad>
          </ns3:TrackPointExtension>
        </extensions>
      </trkpt>
      <trkpt lat="30.61931817792356014251708984375" lon="103.98858343251049518585205078125">
        <ele>492.20001220703125</ele>
        <time>2026-02-27T12:17:01.000Z</time>
        <extensions>
          <ns3:TrackPointExtension>
            <ns3:hr>159</ns3:hr>
            <ns3:cad>88</ns3:cad>
          </ns3:TrackPointExtension>
        </extensions>
      </trkpt>
      <trkpt lat="30.61932337470352649688720703125" lon="103.98855216801166534423828125">
        <ele>492</ele>
        <time>2026-02-27T12:17:02.000Z</time>
        <extensions>
          <ns3:TrackPointExtension>
            <ns3:hr>158</ns3:hr>
            <ns3:cad>88</ns3:cad>
          </ns3:TrackPointExtension>
        </extensions>
      </trkpt>
      <trkpt lat="30.61933242715895175933837890625" lon="103.98852190934121608734130859375">
        <ele>491.79998779296875</ele>
        <time>2026-02-27T12:17:03.000Z</time>
        <extensions>
          <ns3:TrackPointExtension>
            <ns3:hr>158</ns3:hr>
            <ns3:cad>89</ns3:cad>
          </ns3:TrackPointExtension>
        </extensions>
      </trkpt>
      <trkpt lat="30.6193415634334087371826171875" lon="103.988490812480449676513671875">
        <ele>491.79998779296875</ele>
        <time>2026-02-27T12:17:04.000Z</time>
        <extensions>
          <ns3:TrackPointExtension>
            <ns3:hr>158</ns3:hr>
            <ns3:cad>89</ns3:cad>
          </ns3:TrackPointExtension>
        </extensions>
      </trkpt>
      <trkpt lat="30.61935807578265666961669921875" lon="103.9884603023529052734375">
        <ele>491.79998779296875</ele>
        <time>2026-02-27T12:17:05.000Z</time>
        <extensions>
          <ns3:TrackPointExtension>
            <ns3:hr>159</ns3:hr>
            <ns3:cad>90</ns3:cad>
          </ns3:TrackPointExtension>
        </extensions>
      </trkpt>
      <trkpt lat="30.619365870952606201171875" lon="103.9884321391582489013671875">
        <ele>491.79998779296875</ele>
        <time>2026-02-27T12:17:06.000Z</time>
        <extensions>
          <ns3:TrackPointExtension>
            <ns3:hr>159</ns3:hr>
            <ns3:cad>90</ns3:cad>
          </ns3:TrackPointExtension>
        </extensions>
      </trkpt>
      <trkpt lat="30.6193794496357440948486328125" lon="103.98839819245040416717529296875">
        <ele>491.600006103515625</ele>
        <time>2026-02-27T12:17:07.000Z</time>
        <extensions>
          <ns3:TrackPointExtension>
            <ns3:hr>158</ns3:hr>
            <ns3:cad>88</ns3:cad>
          </ns3:TrackPointExtension>
        </extensions>
      </trkpt>
      <trkpt lat="30.61938188038766384124755859375" lon="103.98837053216993808746337890625">
        <ele>491.600006103515625</ele>
        <time>2026-02-27T12:17:08.000Z</time>
        <extensions>
          <ns3:TrackPointExtension>
            <ns3:hr>158</ns3:hr>
            <ns3:cad>88</ns3:cad>
          </ns3:TrackPointExtension>
        </extensions>
      </trkpt>
      <trkpt lat="30.61938741244375705718994140625" lon="103.9883384294807910919189453125">
        <ele>491.600006103515625</ele>
        <time>2026-02-27T12:17:09.000Z</time>
        <extensions>
          <ns3:TrackPointExtension>
            <ns3:hr>158</ns3:hr>
            <ns3:cad>88</ns3:cad>
          </ns3:TrackPointExtension>
        </extensions>
      </trkpt>
      <trkpt lat="30.61938674189150333404541015625" lon="103.98831353522837162017822265625">
        <ele>491.600006103515625</ele>
        <time>2026-02-27T12:17:10.000Z</time>
        <extensions>
          <ns3:TrackPointExtension>
            <ns3:hr>158</ns3:hr>
            <ns3:cad>89</ns3:cad>
          </ns3:TrackPointExtension>
        </extensions>
      </trkpt>
      <trkpt lat="30.61938338913023471832275390625" lon="103.98828201927244663238525390625">
        <ele>491.600006103515625</ele>
        <time>2026-02-27T12:17:11.000Z</time>
        <extensions>
          <ns3:TrackPointExtension>
            <ns3:hr>157</ns3:hr>
            <ns3:cad>89</ns3:cad>
          </ns3:TrackPointExtension>
        </extensions>
      </trkpt>
      <trkpt lat="30.61937735415995121002197265625" lon="103.98825637064874172210693359375">
        <ele>491.600006103515625</ele>
        <time>2026-02-27T12:17:12.000Z</time>
        <extensions>
          <ns3:TrackPointExtension>
            <ns3:hr>157</ns3:hr>
            <ns3:cad>89</ns3:cad>
          </ns3:TrackPointExtension>
        </extensions>
      </trkpt>
      <trkpt lat="30.6193690560758113861083984375" lon="103.9882281236350536346435546875">
        <ele>491.600006103515625</ele>
        <time>2026-02-27T12:17:13.000Z</time>
        <extensions>
          <ns3:TrackPointExtension>
            <ns3:hr>157</ns3:hr>
            <ns3:cad>89</ns3:cad>
          </ns3:TrackPointExtension>
        </extensions>
      </trkpt>
      <trkpt lat="30.61936109326779842376708984375" lon="103.98820322938263416290283203125">
        <ele>491.600006103515625</ele>
        <time>2026-02-27T12:17:14.000Z</time>
        <extensions>
          <ns3:TrackPointExtension>
            <ns3:hr>157</ns3:hr>
            <ns3:cad>89</ns3:cad>
          </ns3:TrackPointExtension>
        </extensions>
      </trkpt>
      <trkpt lat="30.6193549744784832000732421875" lon="103.98817397654056549072265625">
        <ele>491.600006103515625</ele>
        <time>2026-02-27T12:17:15.000Z</time>
        <extensions>
          <ns3:TrackPointExtension>
            <ns3:hr>158</ns3:hr>
            <ns3:cad>89</ns3:cad>
          </ns3:TrackPointExtension>
        </extensions>
      </trkpt>
      <trkpt lat="30.61934382654726505279541015625" lon="103.98814975284039974212646484375">
        <ele>491.600006103515625</ele>
        <time>2026-02-27T12:17:16.000Z</time>
        <extensions>
          <ns3:TrackPointExtension>
            <ns3:hr>157</ns3:hr>
            <ns3:cad>89</ns3:cad>
          </ns3:TrackPointExtension>
        </extensions>
      </trkpt>
      <trkpt lat="30.61933494172990322113037109375" lon="103.988115303218364715576171875">
        <ele>491.600006103515625</ele>
        <time>2026-02-27T12:17:17.000Z</time>
        <extensions>
          <ns3:TrackPointExtension>
            <ns3:hr>157</ns3:hr>
            <ns3:cad>90</ns3:cad>
          </ns3:TrackPointExtension>
        </extensions>
      </trkpt>
      <trkpt lat="30.619319267570972442626953125" lon="103.98809141479432582855224609375">
        <ele>491.600006103515625</ele>
        <time>2026-02-27T12:17:18.000Z</time>
        <extensions>
          <ns3:TrackPointExtension>
            <ns3:hr>157</ns3:hr>
            <ns3:cad>90</ns3:cad>
          </ns3:TrackPointExtension>
        </extensions>
      </trkpt>
      <trkpt lat="30.61929856427013874053955078125" lon="103.9880547858774662017822265625">
        <ele>491.600006103515625</ele>
        <time>2026-02-27T12:17:19.000Z</time>
        <extensions>
          <ns3:TrackPointExtension>
            <ns3:hr>157</ns3:hr>
            <ns3:cad>90</ns3:cad>
          </ns3:TrackPointExtension>
        </extensions>
      </trkpt>
      <trkpt lat="30.6192813813686370849609375" lon="103.9880329929292201995849609375">
        <ele>491.600006103515625</ele>
        <time>2026-02-27T12:17:20.000Z</time>
        <extensions>
          <ns3:TrackPointExtension>
            <ns3:hr>157</ns3:hr>
            <ns3:cad>90</ns3:cad>
          </ns3:TrackPointExtension>
        </extensions>
      </trkpt>
      <trkpt lat="30.6192647852003574371337890625" lon="103.98800457827746868133544921875">
        <ele>491.600006103515625</ele>
        <time>2026-02-27T12:17:21.000Z</time>
        <extensions>
          <ns3:TrackPointExtension>
            <ns3:hr>157</ns3:hr>
            <ns3:cad>89</ns3:cad>
          </ns3:TrackPointExtension>
        </extensions>
      </trkpt>
      <trkpt lat="30.61924659647047519683837890625" lon="103.98798110894858837127685546875">
        <ele>491.600006103515625</ele>
        <time>2026-02-27T12:17:22.000Z</time>
        <extensions>
          <ns3:TrackPointExtension>
            <ns3:hr>158</ns3:hr>
            <ns3:cad>88</ns3:cad>
          </ns3:TrackPointExtension>
        </extensions>
      </trkpt>
      <trkpt lat="30.6192292459309101104736328125" lon="103.98795135319232940673828125">
        <ele>491.600006103515625</ele>
        <time>2026-02-27T12:17:23.000Z</time>
        <extensions>
          <ns3:TrackPointExtension>
            <ns3:hr>157</ns3:hr>
            <ns3:cad>88</ns3:cad>
          </ns3:TrackPointExtension>
        </extensions>
      </trkpt>
      <trkpt lat="30.619209297001361846923828125" lon="103.987934254109859466552734375">
        <ele>491.600006103515625</ele>
        <time>2026-02-27T12:17:24.000Z</time>
        <extensions>
          <ns3:TrackPointExtension>
            <ns3:hr>157</ns3:hr>
            <ns3:cad>89</ns3:cad>
          </ns3:TrackPointExtension>
        </extensions>
      </trkpt>
      <trkpt lat="30.6191848218441009521484375" lon="103.98791246116161346435546875">
        <ele>491.600006103515625</ele>
        <time>2026-02-27T12:17:25.000Z</time>
        <extensions>
          <ns3:TrackPointExtension>
            <ns3:hr>157</ns3:hr>
            <ns3:cad>90</ns3:cad>
          </ns3:TrackPointExtension>
        </extensions>
      </trkpt>
      <trkpt lat="30.61916311271488666534423828125" lon="103.98790483362972736358642578125">
        <ele>491.600006103515625</ele>
        <time>2026-02-27T12:17:26.000Z</time>
        <extensions>
          <ns3:TrackPointExtension>
            <ns3:hr>158</ns3:hr>
            <ns3:cad>90</ns3:cad>
          </ns3:TrackPointExtension>
        </extensions>
      </trkpt>
      <trkpt lat="30.61913310550153255462646484375" lon="103.9878854714334011077880859375">
        <ele>491.600006103515625</ele>
        <time>2026-02-27T12:17:27.000Z</time>
        <extensions>
          <ns3:TrackPointExtension>
            <ns3:hr>158</ns3:hr>
            <ns3:cad>90</ns3:cad>
          </ns3:TrackPointExtension>
        </extensions>
      </trkpt>
      <trkpt lat="30.61910645104944705963134765625" lon="103.987877257168292999267578125">
        <ele>491.600006103515625</ele>
        <time>2026-02-27T12:17:28.000Z</time>
        <extensions>
          <ns3:TrackPointExtension>
            <ns3:hr>157</ns3:hr>
            <ns3:cad>90</ns3:cad>
          </ns3:TrackPointExtension>
        </extensions>
      </trkpt>
      <trkpt lat="30.61907258816063404083251953125" lon="103.98786418139934539794921875">
        <ele>491.600006103515625</ele>
        <time>2026-02-27T12:17:29.000Z</time>
        <extensions>
          <ns3:TrackPointExtension>
            <ns3:hr>157</ns3:hr>
            <ns3:cad>90</ns3:cad>
          </ns3:TrackPointExtension>
        </extensions>
      </trkpt>
      <trkpt lat="30.61904610134661197662353515625" lon="103.98785990662872791290283203125">
        <ele>491.600006103515625</ele>
        <time>2026-02-27T12:17:30.000Z</time>
        <extensions>
          <ns3:TrackPointExtension>
            <ns3:hr>157</ns3:hr>
            <ns3:cad>89</ns3:cad>
          </ns3:TrackPointExtension>
        </extensions>
      </trkpt>
      <trkpt lat="30.61901374720036983489990234375" lon="103.98785068653523921966552734375">
        <ele>491.600006103515625</ele>
        <time>2026-02-27T12:17:31.000Z</time>
        <extensions>
          <ns3:TrackPointExtension>
            <ns3:hr>158</ns3:hr>
            <ns3:cad>89</ns3:cad>
          </ns3:TrackPointExtension>
        </extensions>
      </trkpt>
      <trkpt lat="30.61898742802441120147705078125" lon="103.987848423421382904052734375">
        <ele>491.600006103515625</ele>
        <time>2026-02-27T12:17:32.000Z</time>
        <extensions>
          <ns3:TrackPointExtension>
            <ns3:hr>158</ns3:hr>
            <ns3:cad>89</ns3:cad>
          </ns3:TrackPointExtension>
        </extensions>
      </trkpt>
      <trkpt lat="30.618956498801708221435546875" lon="103.98784347809851169586181640625">
        <ele>491.399993896484375</ele>
        <time>2026-02-27T12:17:33.000Z</time>
        <extensions>
          <ns3:TrackPointExtension>
            <ns3:hr>158</ns3:hr>
            <ns3:cad>89</ns3:cad>
          </ns3:TrackPointExtension>
        </extensions>
      </trkpt>
      <trkpt lat="30.6189308501780033111572265625" lon="103.98784247227013111114501953125">
        <ele>491.399993896484375</ele>
        <time>2026-02-27T12:17:34.000Z</time>
        <extensions>
          <ns3:TrackPointExtension>
            <ns3:hr>158</ns3:hr>
            <ns3:cad>89</ns3:cad>
          </ns3:TrackPointExtension>
        </extensions>
      </trkpt>
      <trkpt lat="30.61889656819403171539306640625" lon="103.98784247227013111114501953125">
        <ele>491.600006103515625</ele>
        <time>2026-02-27T12:17:35.000Z</time>
        <extensions>
          <ns3:TrackPointExtension>
            <ns3:hr>158</ns3:hr>
            <ns3:cad>89</ns3:cad>
          </ns3:TrackPointExtension>
        </extensions>
      </trkpt>
      <trkpt lat="30.618869997560977935791015625" lon="103.9878393709659576416015625">
        <ele>491.79998779296875</ele>
        <time>2026-02-27T12:17:36.000Z</time>
        <extensions>
          <ns3:TrackPointExtension>
            <ns3:hr>159</ns3:hr>
            <ns3:cad>89</ns3:cad>
          </ns3:TrackPointExtension>
        </extensions>
      </trkpt>
      <trkpt lat="30.618841163814067840576171875" lon="103.987826965749263763427734375">
        <ele>491.79998779296875</ele>
        <time>2026-02-27T12:17:37.000Z</time>
        <extensions>
          <ns3:TrackPointExtension>
            <ns3:hr>159</ns3:hr>
            <ns3:cad>89</ns3:cad>
          </ns3:TrackPointExtension>
        </extensions>
      </trkpt>
      <trkpt lat="30.61881802976131439208984375" lon="103.987820930778980255126953125">
        <ele>491.79998779296875</ele>
        <time>2026-02-27T12:17:38.000Z</time>
        <extensions>
          <ns3:TrackPointExtension>
            <ns3:hr>159</ns3:hr>
            <ns3:cad>89</ns3:cad>
          </ns3:TrackPointExtension>
        </extensions>
      </trkpt>
      <trkpt lat="30.6187917105853557586669921875" lon="103.98780156858265399932861328125">
        <ele>491.79998779296875</ele>
        <time>2026-02-27T12:17:39.000Z</time>
        <extensions>
          <ns3:TrackPointExtension>
            <ns3:hr>159</ns3:hr>
            <ns3:cad>89</ns3:cad>
          </ns3:TrackPointExtension>
        </extensions>
      </trkpt>
      <trkpt lat="30.618768744170665740966796875" lon="103.987788744270801544189453125">
        <ele>491.79998779296875</ele>
        <time>2026-02-27T12:17:40.000Z</time>
        <extensions>
          <ns3:TrackPointExtension>
            <ns3:hr>159</ns3:hr>
            <ns3:cad>89</ns3:cad>
          </ns3:TrackPointExtension>
        </extensions>
      </trkpt>
      <trkpt lat="30.6187441013753414154052734375" lon="103.98777139373123645782470703125">
        <ele>491.600006103515625</ele>
        <time>2026-02-27T12:17:41.000Z</time>
        <extensions>
          <ns3:TrackPointExtension>
            <ns3:hr>160</ns3:hr>
            <ns3:cad>89</ns3:cad>
          </ns3:TrackPointExtension>
        </extensions>
      </trkpt>
      <trkpt lat="30.6187280081212520599365234375" lon="103.98774909786880016326904296875">
        <ele>491.600006103515625</ele>
        <time>2026-02-27T12:17:42.000Z</time>
        <extensions>
          <ns3:TrackPointExtension>
            <ns3:hr>160</ns3:hr>
            <ns3:cad>90</ns3:cad>
          </ns3:TrackPointExtension>
        </extensions>
      </trkpt>
      <trkpt lat="30.61871300451457500457763671875" lon="103.98772277869284152984619140625">
        <ele>491.79998779296875</ele>
        <time>2026-02-27T12:17:43.000Z</time>
        <extensions>
          <ns3:TrackPointExtension>
            <ns3:hr>160</ns3:hr>
            <ns3:cad>90</ns3:cad>
          </ns3:TrackPointExtension>
        </extensions>
      </trkpt>
      <trkpt lat="30.61870210804045200347900390625" lon="103.98769386112689971923828125">
        <ele>491.79998779296875</ele>
        <time>2026-02-27T12:17:44.000Z</time>
        <extensions>
          <ns3:TrackPointExtension>
            <ns3:hr>160</ns3:hr>
            <ns3:cad>90</ns3:cad>
          </ns3:TrackPointExtension>
        </extensions>
      </trkpt>
      <trkpt lat="30.61869322322309017181396484375" lon="103.98766561411321163177490234375">
        <ele>491.79998779296875</ele>
        <time>2026-02-27T12:17:45.000Z</time>
        <extensions>
          <ns3:TrackPointExtension>
            <ns3:hr>160</ns3:hr>
            <ns3:cad>89</ns3:cad>
          </ns3:TrackPointExtension>
        </extensions>
      </trkpt>
      <trkpt lat="30.618686936795711517333984375" lon="103.98762973956763744354248046875">
        <ele>491.79998779296875</ele>
        <time>2026-02-27T12:17:46.000Z</time>
        <extensions>
          <ns3:TrackPointExtension>
            <ns3:hr>161</ns3:hr>
            <ns3:cad>89</ns3:cad>
          </ns3:TrackPointExtension>
        </extensions>
      </trkpt>
      <trkpt lat="30.61867796815931797027587890625" lon="103.98760140873491764068603515625">
        <ele>491.79998779296875</ele>
        <time>2026-02-27T12:17:47.000Z</time>
        <extensions>
          <ns3:TrackPointExtension>
            <ns3:hr>161</ns3:hr>
            <ns3:cad>88</ns3:cad>
          </ns3:TrackPointExtension>
        </extensions>
      </trkpt>
      <trkpt lat="30.61866958625614643096923828125" lon="103.9875672943890094757080078125">
        <ele>492</ele>
        <time>2026-02-27T12:17:48.000Z</time>
        <extensions>
          <ns3:TrackPointExtension>
            <ns3:hr>161</ns3:hr>
            <ns3:cad>88</ns3:cad>
          </ns3:TrackPointExtension>
        </extensions>
      </trkpt>
      <trkpt lat="30.61866187490522861480712890625" lon="103.9875408075749874114990234375">
        <ele>492</ele>
        <time>2026-02-27T12:17:49.000Z</time>
        <extensions>
          <ns3:TrackPointExtension>
            <ns3:hr>161</ns3:hr>
            <ns3:cad>89</ns3:cad>
          </ns3:TrackPointExtension>
        </extensions>
      </trkpt>
      <trkpt lat="30.61866112053394317626953125" lon="103.987506441771984100341796875">
        <ele>492</ele>
        <time>2026-02-27T12:17:50.000Z</time>
        <extensions>
          <ns3:TrackPointExtension>
            <ns3:hr>161</ns3:hr>
            <ns3:cad>89</ns3:cad>
          </ns3:TrackPointExtension>
        </extensions>
      </trkpt>
      <trkpt lat="30.61865600757300853729248046875" lon="103.98748054169118404388427734375">
        <ele>492</ele>
        <time>2026-02-27T12:17:51.000Z</time>
        <extensions>
          <ns3:TrackPointExtension>
            <ns3:hr>160</ns3:hr>
            <ns3:cad>89</ns3:cad>
          </ns3:TrackPointExtension>
        </extensions>
      </trkpt>
      <trkpt lat="30.61865466646850109100341796875" lon="103.9874479360878467559814453125">
        <ele>492.20001220703125</ele>
        <time>2026-02-27T12:17:52.000Z</time>
        <extensions>
          <ns3:TrackPointExtension>
            <ns3:hr>160</ns3:hr>
            <ns3:cad>88</ns3:cad>
          </ns3:TrackPointExtension>
        </extensions>
      </trkpt>
      <trkpt lat="30.61864762566983699798583984375" lon="103.98742253892123699188232421875">
        <ele>492.20001220703125</ele>
        <time>2026-02-27T12:17:53.000Z</time>
        <extensions>
          <ns3:TrackPointExtension>
            <ns3:hr>160</ns3:hr>
            <ns3:cad>88</ns3:cad>
          </ns3:TrackPointExtension>
        </extensions>
      </trkpt>
      <trkpt lat="30.61864092014729976654052734375" lon="103.9873899333178997039794921875">
        <ele>492.20001220703125</ele>
        <time>2026-02-27T12:17:54.000Z</time>
        <extensions>
          <ns3:TrackPointExtension>
            <ns3:hr>160</ns3:hr>
            <ns3:cad>88</ns3:cad>
          </ns3:TrackPointExtension>
        </extensions>
      </trkpt>
      <trkpt lat="30.61863161623477935791015625" lon="103.9873673021793365478515625">
        <ele>492.20001220703125</ele>
        <time>2026-02-27T12:17:55.000Z</time>
        <extensions>
          <ns3:TrackPointExtension>
            <ns3:hr>161</ns3:hr>
            <ns3:cad>88</ns3:cad>
          </ns3:TrackPointExtension>
        </extensions>
      </trkpt>
      <trkpt lat="30.6186220608651638031005859375" lon="103.98733436129987239837646484375">
        <ele>492.20001220703125</ele>
        <time>2026-02-27T12:17:56.000Z</time>
        <extensions>
          <ns3:TrackPointExtension>
            <ns3:hr>160</ns3:hr>
            <ns3:cad>89</ns3:cad>
          </ns3:TrackPointExtension>
        </extensions>
      </trkpt>
      <trkpt lat="30.6186081469058990478515625" lon="103.98731072433292865753173828125">
        <ele>492.20001220703125</ele>
        <time>2026-02-27T12:17:57.000Z</time>
        <extensions>
          <ns3:TrackPointExtension>
            <ns3:hr>160</ns3:hr>
            <ns3:cad>90</ns3:cad>
          </ns3:TrackPointExtension>
        </extensions>
      </trkpt>
      <trkpt lat="30.61858761124312877655029296875" lon="103.98728356696665287017822265625">
        <ele>492.20001220703125</ele>
        <time>2026-02-27T12:17:58.000Z</time>
        <extensions>
          <ns3:TrackPointExtension>
            <ns3:hr>161</ns3:hr>
            <ns3:cad>90</ns3:cad>
          </ns3:TrackPointExtension>
        </extensions>
      </trkpt>
      <trkpt lat="30.61856615357100963592529296875" lon="103.9872719161212444305419921875">
        <ele>492.20001220703125</ele>
        <time>2026-02-27T12:17:59.000Z</time>
        <extensions>
          <ns3:TrackPointExtension>
            <ns3:hr>161</ns3:hr>
            <ns3:cad>90</ns3:cad>
          </ns3:TrackPointExtension>
        </extensions>
      </trkpt>
      <trkpt lat="30.61854117549955844879150390625" lon="103.98725054226815700531005859375">
        <ele>492.399993896484375</ele>
        <time>2026-02-27T12:18:00.000Z</time>
        <extensions>
          <ns3:TrackPointExtension>
            <ns3:hr>161</ns3:hr>
            <ns3:cad>89</ns3:cad>
          </ns3:TrackPointExtension>
        </extensions>
      </trkpt>
      <trkpt lat="30.61851988546550273895263671875" lon="103.987239897251129150390625">
        <ele>492.399993896484375</ele>
        <time>2026-02-27T12:18:01.000Z</time>
        <extensions>
          <ns3:TrackPointExtension>
            <ns3:hr>161</ns3:hr>
            <ns3:cad>89</ns3:cad>
          </ns3:TrackPointExtension>
        </extensions>
      </trkpt>
      <trkpt lat="30.618502199649810791015625" lon="103.9872135780751705169677734375">
        <ele>492.399993896484375</ele>
        <time>2026-02-27T12:18:02.000Z</time>
        <extensions>
          <ns3:TrackPointExtension>
            <ns3:hr>160</ns3:hr>
            <ns3:cad>89</ns3:cad>
          </ns3:TrackPointExtension>
        </extensions>
      </trkpt>
      <trkpt lat="30.61848484911024570465087890625" lon="103.9871941320598125457763671875">
        <ele>492.399993896484375</ele>
        <time>2026-02-27T12:18:03.000Z</time>
        <extensions>
          <ns3:TrackPointExtension>
            <ns3:hr>161</ns3:hr>
            <ns3:cad>89</ns3:cad>
          </ns3:TrackPointExtension>
        </extensions>
      </trkpt>
      <trkpt lat="30.61846288852393627166748046875" lon="103.98717083036899566650390625">
        <ele>492.600006103515625</ele>
        <time>2026-02-27T12:18:04.000Z</time>
        <extensions>
          <ns3:TrackPointExtension>
            <ns3:hr>161</ns3:hr>
            <ns3:cad>89</ns3:cad>
          </ns3:TrackPointExtension>
        </extensions>
      </trkpt>
      <trkpt lat="30.618446208536624908447265625" lon="103.98715683259069919586181640625">
        <ele>492.600006103515625</ele>
        <time>2026-02-27T12:18:05.000Z</time>
        <extensions>
          <ns3:TrackPointExtension>
            <ns3:hr>160</ns3:hr>
            <ns3:cad>89</ns3:cad>
          </ns3:TrackPointExtension>
        </extensions>
      </trkpt>
      <trkpt lat="30.61841762624680995941162109375" lon="103.98715314455330371856689453125">
        <ele>492.399993896484375</ele>
        <time>2026-02-27T12:18:06.000Z</time>
        <extensions>
          <ns3:TrackPointExtension>
            <ns3:hr>161</ns3:hr>
            <ns3:cad>89</ns3:cad>
          </ns3:TrackPointExtension>
        </extensions>
      </trkpt>
      <trkpt lat="30.6183950789272785186767578125" lon="103.987149707973003387451171875">
        <ele>492.399993896484375</ele>
        <time>2026-02-27T12:18:07.000Z</time>
        <extensions>
          <ns3:TrackPointExtension>
            <ns3:hr>161</ns3:hr>
            <ns3:cad>89</ns3:cad>
          </ns3:TrackPointExtension>
        </extensions>
      </trkpt>
      <trkpt lat="30.618369765579700469970703125" lon="103.98714132606983184814453125">
        <ele>492.399993896484375</ele>
        <time>2026-02-27T12:18:08.000Z</time>
        <extensions>
          <ns3:TrackPointExtension>
            <ns3:hr>161</ns3:hr>
            <ns3:cad>88</ns3:cad>
          </ns3:TrackPointExtension>
        </extensions>
      </trkpt>
      <trkpt lat="30.6183491460978984832763671875" lon="103.987146355211734771728515625">
        <ele>492.399993896484375</ele>
        <time>2026-02-27T12:18:09.000Z</time>
        <extensions>
          <ns3:TrackPointExtension>
            <ns3:hr>161</ns3:hr>
            <ns3:cad>87</ns3:cad>
          </ns3:TrackPointExtension>
        </extensions>
      </trkpt>
      <trkpt lat="30.618323497474193572998046875" lon="103.9871522225439548492431640625">
        <ele>492.399993896484375</ele>
        <time>2026-02-27T12:18:10.000Z</time>
        <extensions>
          <ns3:TrackPointExtension>
            <ns3:hr>160</ns3:hr>
            <ns3:cad>87</ns3:cad>
          </ns3:TrackPointExtension>
        </extensions>
      </trkpt>
      <trkpt lat="30.618304722011089324951171875" lon="103.9871609397232532501220703125">
        <ele>492.600006103515625</ele>
        <time>2026-02-27T12:18:11.000Z</time>
        <extensions>
          <ns3:TrackPointExtension>
            <ns3:hr>161</ns3:hr>
            <ns3:cad>88</ns3:cad>
          </ns3:TrackPointExtension>
        </extensions>
      </trkpt>
      <trkpt lat="30.61827530153095722198486328125" lon="103.987169824540615081787109375">
        <ele>492.600006103515625</ele>
        <time>2026-02-27T12:18:12.000Z</time>
        <extensions>
          <ns3:TrackPointExtension>
            <ns3:hr>161</ns3:hr>
            <ns3:cad>88</ns3:cad>
          </ns3:TrackPointExtension>
        </extensions>
      </trkpt>
      <trkpt lat="30.61825719662010669708251953125" lon="103.98717912845313549041748046875">
        <ele>492.600006103515625</ele>
        <time>2026-02-27T12:18:13.000Z</time>
        <extensions>
          <ns3:TrackPointExtension>
            <ns3:hr>160</ns3:hr>
            <ns3:cad>89</ns3:cad>
          </ns3:TrackPointExtension>
        </extensions>
      </trkpt>
      <trkpt lat="30.6182301230728626251220703125" lon="103.98719069547951221466064453125">
        <ele>492.600006103515625</ele>
        <time>2026-02-27T12:18:14.000Z</time>
        <extensions>
          <ns3:TrackPointExtension>
            <ns3:hr>161</ns3:hr>
            <ns3:cad>89</ns3:cad>
          </ns3:TrackPointExtension>
        </extensions>
      </trkpt>
      <trkpt lat="30.61820489354431629180908203125" lon="103.9872035197913646697998046875">
        <ele>492.600006103515625</ele>
        <time>2026-02-27T12:18:15.000Z</time>
        <extensions>
          <ns3:TrackPointExtension>
            <ns3:hr>161</ns3:hr>
            <ns3:cad>89</ns3:cad>
          </ns3:TrackPointExtension>
        </extensions>
      </trkpt>
      <trkpt lat="30.6181774847209453582763671875" lon="103.987216763198375701904296875">
        <ele>492.600006103515625</ele>
        <time>2026-02-27T12:18:16.000Z</time>
        <extensions>
          <ns3:TrackPointExtension>
            <ns3:hr>160</ns3:hr>
            <ns3:cad>89</ns3:cad>
          </ns3:TrackPointExtension>
        </extensions>
      </trkpt>
      <trkpt lat="30.61815259046852588653564453125" lon="103.987232856452465057373046875">
        <ele>492.600006103515625</ele>
        <time>2026-02-27T12:18:17.000Z</time>
        <extensions>
          <ns3:TrackPointExtension>
            <ns3:hr>161</ns3:hr>
            <ns3:cad>89</ns3:cad>
          </ns3:TrackPointExtension>
        </extensions>
      </trkpt>
      <trkpt lat="30.618130378425121307373046875" lon="103.98725423030555248260498046875">
        <ele>492.79998779296875</ele>
        <time>2026-02-27T12:18:18.000Z</time>
        <extensions>
          <ns3:TrackPointExtension>
            <ns3:hr>161</ns3:hr>
            <ns3:cad>89</ns3:cad>
          </ns3:TrackPointExtension>
        </extensions>
      </trkpt>
      <trkpt lat="30.618110932409763336181640625" lon="103.98727535270154476165771484375">
        <ele>492.79998779296875</ele>
        <time>2026-02-27T12:18:19.000Z</time>
        <extensions>
          <ns3:TrackPointExtension>
            <ns3:hr>160</ns3:hr>
            <ns3:cad>89</ns3:cad>
          </ns3:TrackPointExtension>
        </extensions>
      </trkpt>
      <trkpt lat="30.61809442006051540374755859375" lon="103.98729848675429821014404296875">
        <ele>493</ele>
        <time>2026-02-27T12:18:20.000Z</time>
        <extensions>
          <ns3:TrackPointExtension>
            <ns3:hr>161</ns3:hr>
            <ns3:cad>89</ns3:cad>
          </ns3:TrackPointExtension>
        </extensions>
      </trkpt>
      <trkpt lat="30.61808109283447265625" lon="103.98731910623610019683837890625">
        <ele>493</ele>
        <time>2026-02-27T12:18:21.000Z</time>
        <extensions>
          <ns3:TrackPointExtension>
            <ns3:hr>161</ns3:hr>
            <ns3:cad>89</ns3:cad>
          </ns3:TrackPointExtension>
        </extensions>
      </trkpt>
      <trkpt lat="30.61806960962712764739990234375" lon="103.987339474260807037353515625">
        <ele>493.20001220703125</ele>
        <time>2026-02-27T12:18:22.000Z</time>
        <extensions>
          <ns3:TrackPointExtension>
            <ns3:hr>161</ns3:hr>
            <ns3:cad>88</ns3:cad>
          </ns3:TrackPointExtension>
        </extensions>
      </trkpt>
      <trkpt lat="30.618060640990734100341796875" lon="103.98736084811389446258544921875">
        <ele>493.399993896484375</ele>
        <time>2026-02-27T12:18:23.000Z</time>
        <extensions>
          <ns3:TrackPointExtension>
            <ns3:hr>160</ns3:hr>
            <ns3:cad>88</ns3:cad>
          </ns3:TrackPointExtension>
        </extensions>
      </trkpt>
      <trkpt lat="30.61805536039173603057861328125" lon="103.9873805455863475799560546875">
        <ele>493.79998779296875</ele>
        <time>2026-02-27T12:18:24.000Z</time>
        <extensions>
          <ns3:TrackPointExtension>
            <ns3:hr>161</ns3:hr>
            <ns3:cad>87</ns3:cad>
          </ns3:TrackPointExtension>
        </extensions>
      </trkpt>
      <trkpt lat="30.6180489063262939453125" lon="103.9874013327062129974365234375">
        <ele>494</ele>
        <time>2026-02-27T12:18:25.000Z</time>
        <extensions>
          <ns3:TrackPointExtension>
            <ns3:hr>161</ns3:hr>
            <ns3:cad>87</ns3:cad>
          </ns3:TrackPointExtension>
        </extensions>
      </trkpt>
      <trkpt lat="30.618047900497913360595703125" lon="103.9874197728931903839111328125">
        <ele>494.399993896484375</ele>
        <time>2026-02-27T12:18:26.000Z</time>
        <extensions>
          <ns3:TrackPointExtension>
            <ns3:hr>161</ns3:hr>
            <ns3:cad>87</ns3:cad>
          </ns3:TrackPointExtension>
        </extensions>
      </trkpt>
      <trkpt lat="30.6180390156805515289306640625" lon="103.98743779398500919342041015625">
        <ele>494.79998779296875</ele>
        <time>2026-02-27T12:18:27.000Z</time>
        <extensions>
          <ns3:TrackPointExtension>
            <ns3:hr>161</ns3:hr>
            <ns3:cad>87</ns3:cad>
          </ns3:TrackPointExtension>
        </extensions>
      </trkpt>
      <trkpt lat="30.61803222633898258209228515625" lon="103.98745891638100147247314453125">
        <ele>495</ele>
        <time>2026-02-27T12:18:28.000Z</time>
        <extensions>
          <ns3:TrackPointExtension>
            <ns3:hr>161</ns3:hr>
            <ns3:cad>87</ns3:cad>
          </ns3:TrackPointExtension>
        </extensions>
      </trkpt>
      <trkpt lat="30.61803071759641170501708984375" lon="103.98747953586280345916748046875">
        <ele>495.399993896484375</ele>
        <time>2026-02-27T12:18:29.000Z</time>
        <extensions>
          <ns3:TrackPointExtension>
            <ns3:hr>161</ns3:hr>
            <ns3:cad>86</ns3:cad>
          </ns3:TrackPointExtension>
        </extensions>
      </trkpt>
      <trkpt lat="30.61802677810192108154296875" lon="103.9875069446861743927001953125">
        <ele>495.600006103515625</ele>
        <time>2026-02-27T12:18:30.000Z</time>
        <extensions>
          <ns3:TrackPointExtension>
            <ns3:hr>161</ns3:hr>
            <ns3:cad>86</ns3:cad>
          </ns3:TrackPointExtension>
        </extensions>
      </trkpt>
      <trkpt lat="30.61802635900676250457763671875" lon="103.98752689361572265625">
        <ele>495.79998779296875</ele>
        <time>2026-02-27T12:18:31.000Z</time>
        <extensions>
          <ns3:TrackPointExtension>
            <ns3:hr>161</ns3:hr>
            <ns3:cad>86</ns3:cad>
          </ns3:TrackPointExtension>
        </extensions>
      </trkpt>
      <trkpt lat="30.61802116222679615020751953125" lon="103.9875555597245693206787109375">
        <ele>495.79998779296875</ele>
        <time>2026-02-27T12:18:32.000Z</time>
        <extensions>
          <ns3:TrackPointExtension>
            <ns3:hr>161</ns3:hr>
            <ns3:cad>84</ns3:cad>
          </ns3:TrackPointExtension>
        </extensions>
      </trkpt>
      <trkpt lat="30.618019066751003265380859375" lon="103.98758112452924251556396484375">
        <ele>496</ele>
        <time>2026-02-27T12:18:33.000Z</time>
        <extensions>
          <ns3:TrackPointExtension>
            <ns3:hr>161</ns3:hr>
            <ns3:cad>84</ns3:cad>
          </ns3:TrackPointExtension>
        </extensions>
      </trkpt>
      <trkpt lat="30.618017725646495819091796875" lon="103.98760828189551830291748046875">
        <ele>496.20001220703125</ele>
        <time>2026-02-27T12:18:34.000Z</time>
        <extensions>
          <ns3:TrackPointExtension>
            <ns3:hr>161</ns3:hr>
            <ns3:cad>84</ns3:cad>
          </ns3:TrackPointExtension>
        </extensions>
      </trkpt>
      <trkpt lat="30.618014372885227203369140625" lon="103.98763510398566722869873046875">
        <ele>496.399993896484375</ele>
        <time>2026-02-27T12:18:35.000Z</time>
        <extensions>
          <ns3:TrackPointExtension>
            <ns3:hr>161</ns3:hr>
            <ns3:cad>84</ns3:cad>
          </ns3:TrackPointExtension>
        </extensions>
      </trkpt>
      <trkpt lat="30.61800993047654628753662109375" lon="103.9876551367342472076416015625">
        <ele>496.600006103515625</ele>
        <time>2026-02-27T12:18:36.000Z</time>
        <extensions>
          <ns3:TrackPointExtension>
            <ns3:hr>161</ns3:hr>
            <ns3:cad>85</ns3:cad>
          </ns3:TrackPointExtension>
        </extensions>
      </trkpt>
      <trkpt lat="30.61799802817404270172119140625" lon="103.987680785357952117919921875">
        <ele>496.79998779296875</ele>
        <time>2026-02-27T12:18:37.000Z</time>
        <extensions>
          <ns3:TrackPointExtension>
            <ns3:hr>162</ns3:hr>
            <ns3:cad>85</ns3:cad>
          </ns3:TrackPointExtension>
        </extensions>
      </trkpt>
      <trkpt lat="30.61799182556569576263427734375" lon="103.9877025783061981201171875">
        <ele>496.79998779296875</ele>
        <time>2026-02-27T12:18:38.000Z</time>
        <extensions>
          <ns3:TrackPointExtension>
            <ns3:hr>161</ns3:hr>
            <ns3:cad>43</ns3:cad>
          </ns3:TrackPointExtension>
        </extensions>
      </trkpt>
      <trkpt lat="30.61797455884516239166259765625" lon="103.9877268858253955841064453125">
        <ele>497</ele>
        <time>2026-02-27T12:18:39.000Z</time>
        <extensions>
          <ns3:TrackPointExtension>
            <ns3:hr>161</ns3:hr>
            <ns3:cad>43</ns3:cad>
          </ns3:TrackPointExtension>
        </extensions>
      </trkpt>
      <trkpt lat="30.6179665960371494293212890625" lon="103.98774809204041957855224609375">
        <ele>497</ele>
        <time>2026-02-27T12:18:40.000Z</time>
        <extensions>
          <ns3:TrackPointExtension>
            <ns3:hr>161</ns3:hr>
            <ns3:cad>43</ns3:cad>
          </ns3:TrackPointExtension>
        </extensions>
      </trkpt>
      <trkpt lat="30.61794891022145748138427734375" lon="103.98777424357831478118896484375">
        <ele>497</ele>
        <time>2026-02-27T12:18:41.000Z</time>
        <extensions>
          <ns3:TrackPointExtension>
            <ns3:hr>161</ns3:hr>
            <ns3:cad>87</ns3:cad>
          </ns3:TrackPointExtension>
        </extensions>
      </trkpt>
      <trkpt lat="30.61793616972863674163818359375" lon="103.9877991378307342529296875">
        <ele>497</ele>
        <time>2026-02-27T12:18:42.000Z</time>
        <extensions>
          <ns3:TrackPointExtension>
            <ns3:hr>162</ns3:hr>
            <ns3:cad>88</ns3:cad>
          </ns3:TrackPointExtension>
        </extensions>
      </trkpt>
      <trkpt lat="30.61791387386620044708251953125" lon="103.987820930778980255126953125">
        <ele>497</ele>
        <time>2026-02-27T12:18:43.000Z</time>
        <extensions>
          <ns3:TrackPointExtension>
            <ns3:hr>161</ns3:hr>
            <ns3:cad>88</ns3:cad>
          </ns3:TrackPointExtension>
        </extensions>
      </trkpt>
      <trkpt lat="30.6178985349833965301513671875" lon="103.98784498684108257293701171875">
        <ele>497</ele>
        <time>2026-02-27T12:18:44.000Z</time>
        <extensions>
          <ns3:TrackPointExtension>
            <ns3:hr>161</ns3:hr>
            <ns3:cad>88</ns3:cad>
          </ns3:TrackPointExtension>
        </extensions>
      </trkpt>
      <trkpt lat="30.6178733892738819122314453125" lon="103.98786795325577259063720703125">
        <ele>497</ele>
        <time>2026-02-27T12:18:45.000Z</time>
        <extensions>
          <ns3:TrackPointExtension>
            <ns3:hr>161</ns3:hr>
            <ns3:cad>88</ns3:cad>
          </ns3:TrackPointExtension>
        </extensions>
      </trkpt>
      <trkpt lat="30.61785670928657054901123046875" lon="103.98788806982338428497314453125">
        <ele>497</ele>
        <time>2026-02-27T12:18:46.000Z</time>
        <extensions>
          <ns3:TrackPointExtension>
            <ns3:hr>162</ns3:hr>
            <ns3:cad>89</ns3:cad>
          </ns3:TrackPointExtension>
        </extensions>
      </trkpt>
      <trkpt lat="30.6178329885005950927734375" lon="103.98791019804775714874267578125">
        <ele>497</ele>
        <time>2026-02-27T12:18:47.000Z</time>
        <extensions>
          <ns3:TrackPointExtension>
            <ns3:hr>161</ns3:hr>
            <ns3:cad>89</ns3:cad>
          </ns3:TrackPointExtension>
        </extensions>
      </trkpt>
      <trkpt lat="30.6178147159516811370849609375" lon="103.98792855441570281982421875">
        <ele>496.79998779296875</ele>
        <time>2026-02-27T12:18:48.000Z</time>
        <extensions>
          <ns3:TrackPointExtension>
            <ns3:hr>162</ns3:hr>
            <ns3:cad>89</ns3:cad>
          </ns3:TrackPointExtension>
        </extensions>
      </trkpt>
      <trkpt lat="30.61778831295669078826904296875" lon="103.987946994602680206298828125">
        <ele>496.79998779296875</ele>
        <time>2026-02-27T12:18:49.000Z</time>
        <extensions>
          <ns3:TrackPointExtension>
            <ns3:hr>162</ns3:hr>
            <ns3:cad>89</ns3:cad>
          </ns3:TrackPointExtension>
        </extensions>
      </trkpt>
      <trkpt lat="30.61777020804584026336669921875" lon="103.9879599027335643768310546875">
        <ele>496.79998779296875</ele>
        <time>2026-02-27T12:18:50.000Z</time>
        <extensions>
          <ns3:TrackPointExtension>
            <ns3:hr>162</ns3:hr>
            <ns3:cad>89</ns3:cad>
          </ns3:TrackPointExtension>
        </extensions>
      </trkpt>
      <trkpt lat="30.6177446432411670684814453125" lon="103.9879707992076873779296875">
        <ele>496.79998779296875</ele>
        <time>2026-02-27T12:18:51.000Z</time>
        <extensions>
          <ns3:TrackPointExtension>
            <ns3:hr>162</ns3:hr>
            <ns3:cad>89</ns3:cad>
          </ns3:TrackPointExtension>
        </extensions>
      </trkpt>
      <trkpt lat="30.6177225150167942047119140625" lon="103.98798228241503238677978515625">
        <ele>496.600006103515625</ele>
        <time>2026-02-27T12:18:52.000Z</time>
        <extensions>
          <ns3:TrackPointExtension>
            <ns3:hr>162</ns3:hr>
            <ns3:cad>89</ns3:cad>
          </ns3:TrackPointExtension>
        </extensions>
      </trkpt>
      <trkpt lat="30.6176988780498504638671875" lon="103.98798764683306217193603515625">
        <ele>496.600006103515625</ele>
        <time>2026-02-27T12:18:53.000Z</time>
        <extensions>
          <ns3:TrackPointExtension>
            <ns3:hr>162</ns3:hr>
            <ns3:cad>88</ns3:cad>
          </ns3:TrackPointExtension>
        </extensions>
      </trkpt>
      <trkpt lat="30.61767683364450931549072265625" lon="103.987989909946918487548828125">
        <ele>496.399993896484375</ele>
        <time>2026-02-27T12:18:54.000Z</time>
        <extensions>
          <ns3:TrackPointExtension>
            <ns3:hr>162</ns3:hr>
            <ns3:cad>88</ns3:cad>
          </ns3:TrackPointExtension>
        </extensions>
      </trkpt>
      <trkpt lat="30.61764665879309177398681640625" lon="103.987995944917201995849609375">
        <ele>496.20001220703125</ele>
        <time>2026-02-27T12:18:55.000Z</time>
        <extensions>
          <ns3:TrackPointExtension>
            <ns3:hr>162</ns3:hr>
            <ns3:cad>88</ns3:cad>
          </ns3:TrackPointExtension>
        </extensions>
      </trkpt>
      <trkpt lat="30.61762511730194091796875" lon="103.98800340481102466583251953125">
        <ele>496</ele>
        <time>2026-02-27T12:18:56.000Z</time>
        <extensions>
          <ns3:TrackPointExtension>
            <ns3:hr>162</ns3:hr>
            <ns3:cad>89</ns3:cad>
          </ns3:TrackPointExtension>
        </extensions>
      </trkpt>
      <trkpt lat="30.617601312696933746337890625" lon="103.98801497183740139007568359375">
        <ele>495.79998779296875</ele>
        <time>2026-02-27T12:18:57.000Z</time>
        <extensions>
          <ns3:TrackPointExtension>
            <ns3:hr>162</ns3:hr>
            <ns3:cad>90</ns3:cad>
          </ns3:TrackPointExtension>
        </extensions>
      </trkpt>
      <trkpt lat="30.6175803579390048980712890625" lon="103.98802243173122406005859375">
        <ele>495.600006103515625</ele>
        <time>2026-02-27T12:18:58.000Z</time>
        <extensions>
          <ns3:TrackPointExtension>
            <ns3:hr>162</ns3:hr>
            <ns3:cad>90</ns3:cad>
          </ns3:TrackPointExtension>
        </extensions>
      </trkpt>
      <trkpt lat="30.61756384558975696563720703125" lon="103.988034836947917938232421875">
        <ele>495.20001220703125</ele>
        <time>2026-02-27T12:18:59.000Z</time>
        <extensions>
          <ns3:TrackPointExtension>
            <ns3:hr>162</ns3:hr>
            <ns3:cad>90</ns3:cad>
          </ns3:TrackPointExtension>
        </extensions>
      </trkpt>
      <trkpt lat="30.61753987334668636322021484375" lon="103.98805336095392704010009765625">
        <ele>495</ele>
        <time>2026-02-27T12:19:00.000Z</time>
        <extensions>
          <ns3:TrackPointExtension>
            <ns3:hr>161</ns3:hr>
            <ns3:cad>89</ns3:cad>
          </ns3:TrackPointExtension>
        </extensions>
      </trkpt>
      <trkpt lat="30.61752243898808956146240234375" lon="103.98807414807379245758056640625">
        <ele>494.79998779296875</ele>
        <time>2026-02-27T12:19:01.000Z</time>
        <extensions>
          <ns3:TrackPointExtension>
            <ns3:hr>162</ns3:hr>
            <ns3:cad>88</ns3:cad>
          </ns3:TrackPointExtension>
        </extensions>
      </trkpt>
      <trkpt lat="30.61750165186822414398193359375" lon="103.98809619247913360595703125">
        <ele>494.79998779296875</ele>
        <time>2026-02-27T12:19:02.000Z</time>
        <extensions>
          <ns3:TrackPointExtension>
            <ns3:hr>162</ns3:hr>
            <ns3:cad>88</ns3:cad>
          </ns3:TrackPointExtension>
        </extensions>
      </trkpt>
      <trkpt lat="30.6174908392131328582763671875" lon="103.9881181530654430389404296875">
        <ele>494.399993896484375</ele>
        <time>2026-02-27T12:19:03.000Z</time>
        <extensions>
          <ns3:TrackPointExtension>
            <ns3:hr>161</ns3:hr>
            <ns3:cad>88</ns3:cad>
          </ns3:TrackPointExtension>
        </extensions>
      </trkpt>
      <trkpt lat="30.6174735724925994873046875" lon="103.98814522661268711090087890625">
        <ele>494.20001220703125</ele>
        <time>2026-02-27T12:19:04.000Z</time>
        <extensions>
          <ns3:TrackPointExtension>
            <ns3:hr>162</ns3:hr>
            <ns3:cad>88</ns3:cad>
          </ns3:TrackPointExtension>
        </extensions>
      </trkpt>
      <trkpt lat="30.617467872798442840576171875" lon="103.98817020468413829803466796875">
        <ele>494</ele>
        <time>2026-02-27T12:19:05.000Z</time>
        <extensions>
          <ns3:TrackPointExtension>
            <ns3:hr>161</ns3:hr>
            <ns3:cad>89</ns3:cad>
          </ns3:TrackPointExtension>
        </extensions>
      </trkpt>
      <trkpt lat="30.61746083199977874755859375" lon="103.9881987869739532470703125">
        <ele>493.79998779296875</ele>
        <time>2026-02-27T12:19:06.000Z</time>
        <extensions>
          <ns3:TrackPointExtension>
            <ns3:hr>161</ns3:hr>
            <ns3:cad>89</ns3:cad>
          </ns3:TrackPointExtension>
        </extensions>
      </trkpt>
      <trkpt lat="30.61746217310428619384765625" lon="103.988222591578960418701171875">
        <ele>493.79998779296875</ele>
        <time>2026-02-27T12:19:07.000Z</time>
        <extensions>
          <ns3:TrackPointExtension>
            <ns3:hr>161</ns3:hr>
            <ns3:cad>89</ns3:cad>
          </ns3:TrackPointExtension>
        </extensions>
      </trkpt>
      <trkpt lat="30.61746393330395221710205078125" lon="103.9882562868297100067138671875">
        <ele>493.600006103515625</ele>
        <time>2026-02-27T12:19:08.000Z</time>
        <extensions>
          <ns3:TrackPointExtension>
            <ns3:hr>162</ns3:hr>
            <ns3:cad>88</ns3:cad>
          </ns3:TrackPointExtension>
        </extensions>
      </trkpt>
      <trkpt lat="30.61747147701680660247802734375" lon="103.98828302510082721710205078125">
        <ele>493.600006103515625</ele>
        <time>2026-02-27T12:19:09.000Z</time>
        <extensions>
          <ns3:TrackPointExtension>
            <ns3:hr>161</ns3:hr>
            <ns3:cad>88</ns3:cad>
          </ns3:TrackPointExtension>
        </extensions>
      </trkpt>
      <trkpt lat="30.61747835017740726470947265625" lon="103.9883209951221942901611328125">
        <ele>493.399993896484375</ele>
        <time>2026-02-27T12:19:10.000Z</time>
        <extensions>
          <ns3:TrackPointExtension>
            <ns3:hr>161</ns3:hr>
            <ns3:cad>88</ns3:cad>
          </ns3:TrackPointExtension>
        </extensions>
      </trkpt>
      <trkpt lat="30.61749008484184741973876953125" lon="103.98834873922169208526611328125">
        <ele>493.20001220703125</ele>
        <time>2026-02-27T12:19:11.000Z</time>
        <extensions>
          <ns3:TrackPointExtension>
            <ns3:hr>162</ns3:hr>
            <ns3:cad>89</ns3:cad>
          </ns3:TrackPointExtension>
        </extensions>
      </trkpt>
      <trkpt lat="30.61750584281980991363525390625" lon="103.98837841115891933441162109375">
        <ele>493.20001220703125</ele>
        <time>2026-02-27T12:19:12.000Z</time>
        <extensions>
          <ns3:TrackPointExtension>
            <ns3:hr>161</ns3:hr>
            <ns3:cad>89</ns3:cad>
          </ns3:TrackPointExtension>
        </extensions>
      </trkpt>
      <trkpt lat="30.6175247021019458770751953125" lon="103.98839500732719898223876953125">
        <ele>493</ele>
        <time>2026-02-27T12:19:13.000Z</time>
        <extensions>
          <ns3:TrackPointExtension>
            <ns3:hr>161</ns3:hr>
            <ns3:cad>89</ns3:cad>
          </ns3:TrackPointExtension>
        </extensions>
      </trkpt>
      <trkpt lat="30.61755361966788768768310546875" lon="103.98841361515223979949951171875">
        <ele>492.79998779296875</ele>
        <time>2026-02-27T12:19:14.000Z</time>
        <extensions>
          <ns3:TrackPointExtension>
            <ns3:hr>160</ns3:hr>
            <ns3:cad>89</ns3:cad>
          </ns3:TrackPointExtension>
        </extensions>
      </trkpt>
      <trkpt lat="30.61757884919643402099609375" lon="103.98841847665607929229736328125">
        <ele>492.600006103515625</ele>
        <time>2026-02-27T12:19:15.000Z</time>
        <extensions>
          <ns3:TrackPointExtension>
            <ns3:hr>160</ns3:hr>
            <ns3:cad>89</ns3:cad>
          </ns3:TrackPointExtension>
        </extensions>
      </trkpt>
      <trkpt lat="30.61760843731462955474853515625" lon="103.98842266760766506195068359375">
        <ele>492.600006103515625</ele>
        <time>2026-02-27T12:19:16.000Z</time>
        <extensions>
          <ns3:TrackPointExtension>
            <ns3:hr>160</ns3:hr>
            <ns3:cad>89</ns3:cad>
          </ns3:TrackPointExtension>
        </extensions>
      </trkpt>
      <trkpt lat="30.61763375066220760345458984375" lon="103.9884195663034915924072265625">
        <ele>492.399993896484375</ele>
        <time>2026-02-27T12:19:17.000Z</time>
        <extensions>
          <ns3:TrackPointExtension>
            <ns3:hr>160</ns3:hr>
            <ns3:cad>89</ns3:cad>
          </ns3:TrackPointExtension>
        </extensions>
      </trkpt>
      <trkpt lat="30.6176665239036083221435546875" lon="103.98842149414122104644775390625">
        <ele>492.20001220703125</ele>
        <time>2026-02-27T12:19:18.000Z</time>
        <extensions>
          <ns3:TrackPointExtension>
            <ns3:hr>160</ns3:hr>
            <ns3:cad>89</ns3:cad>
          </ns3:TrackPointExtension>
        </extensions>
      </trkpt>
      <trkpt lat="30.61769108287990093231201171875" lon="103.9884175546467304229736328125">
        <ele>492.20001220703125</ele>
        <time>2026-02-27T12:19:19.000Z</time>
        <extensions>
          <ns3:TrackPointExtension>
            <ns3:hr>160</ns3:hr>
            <ns3:cad>89</ns3:cad>
          </ns3:TrackPointExtension>
        </extensions>
      </trkpt>
      <trkpt lat="30.61772100627422332763671875" lon="103.98841311223804950714111328125">
        <ele>492.20001220703125</ele>
        <time>2026-02-27T12:19:20.000Z</time>
        <extensions>
          <ns3:TrackPointExtension>
            <ns3:hr>161</ns3:hr>
            <ns3:cad>90</ns3:cad>
          </ns3:TrackPointExtension>
        </extensions>
      </trkpt>
      <trkpt lat="30.61774841509759426116943359375" lon="103.98840959183871746063232421875">
        <ele>492.20001220703125</ele>
        <time>2026-02-27T12:19:21.000Z</time>
        <extensions>
          <ns3:TrackPointExtension>
            <ns3:hr>160</ns3:hr>
            <ns3:cad>89</ns3:cad>
          </ns3:TrackPointExtension>
        </extensions>
      </trkpt>
      <trkpt lat="30.6177808530628681182861328125" lon="103.988406658172607421875">
        <ele>492</ele>
        <time>2026-02-27T12:19:22.000Z</time>
        <extensions>
          <ns3:TrackPointExtension>
            <ns3:hr>160</ns3:hr>
            <ns3:cad>89</ns3:cad>
          </ns3:TrackPointExtension>
        </extensions>
      </trkpt>
      <trkpt lat="30.61780809424817562103271484375" lon="103.988416381180286407470703125">
        <ele>492</ele>
        <time>2026-02-27T12:19:23.000Z</time>
        <extensions>
          <ns3:TrackPointExtension>
            <ns3:hr>160</ns3:hr>
            <ns3:cad>88</ns3:cad>
          </ns3:TrackPointExtension>
        </extensions>
      </trkpt>
      <trkpt lat="30.617839358747005462646484375" lon="103.988427110016345977783203125">
        <ele>492</ele>
        <time>2026-02-27T12:19:24.000Z</time>
        <extensions>
          <ns3:TrackPointExtension>
            <ns3:hr>160</ns3:hr>
            <ns3:cad>88</ns3:cad>
          </ns3:TrackPointExtension>
        </extensions>
      </trkpt>
      <trkpt lat="30.6178619898855686187744140625" lon="103.9884309656918048858642578125">
        <ele>491.79998779296875</ele>
        <time>2026-02-27T12:19:25.000Z</time>
        <extensions>
          <ns3:TrackPointExtension>
            <ns3:hr>160</ns3:hr>
            <ns3:cad>88</ns3:cad>
          </ns3:TrackPointExtension>
        </extensions>
      </trkpt>
      <trkpt lat="30.61789174564182758331298828125" lon="103.9884348213672637939453125">
        <ele>491.79998779296875</ele>
        <time>2026-02-27T12:19:26.000Z</time>
        <extensions>
          <ns3:TrackPointExtension>
            <ns3:hr>160</ns3:hr>
            <ns3:cad>89</ns3:cad>
          </ns3:TrackPointExtension>
        </extensions>
      </trkpt>
      <trkpt lat="30.617916472256183624267578125" lon="103.988437168300151824951171875">
        <ele>491.600006103515625</ele>
        <time>2026-02-27T12:19:27.000Z</time>
        <extensions>
          <ns3:TrackPointExtension>
            <ns3:hr>160</ns3:hr>
            <ns3:cad>89</ns3:cad>
          </ns3:TrackPointExtension>
        </extensions>
      </trkpt>
      <trkpt lat="30.61794656328856945037841796875" lon="103.98845317773520946502685546875">
        <ele>491.600006103515625</ele>
        <time>2026-02-27T12:19:28.000Z</time>
        <extensions>
          <ns3:TrackPointExtension>
            <ns3:hr>160</ns3:hr>
            <ns3:cad>90</ns3:cad>
          </ns3:TrackPointExtension>
        </extensions>
      </trkpt>
      <trkpt lat="30.61797170899808406829833984375" lon="103.98846424184739589691162109375">
        <ele>491.600006103515625</ele>
        <time>2026-02-27T12:19:29.000Z</time>
        <extensions>
          <ns3:TrackPointExtension>
            <ns3:hr>159</ns3:hr>
            <ns3:cad>90</ns3:cad>
          </ns3:TrackPointExtension>
        </extensions>
      </trkpt>
      <trkpt lat="30.617996938526630401611328125" lon="103.98848771117627620697021484375">
        <ele>491.600006103515625</ele>
        <time>2026-02-27T12:19:30.000Z</time>
        <extensions>
          <ns3:TrackPointExtension>
            <ns3:hr>159</ns3:hr>
            <ns3:cad>90</ns3:cad>
          </ns3:TrackPointExtension>
        </extensions>
      </trkpt>
      <trkpt lat="30.61801697127521038055419921875" lon="103.98850481025874614715576171875">
        <ele>491.600006103515625</ele>
        <time>2026-02-27T12:19:31.000Z</time>
        <extensions>
          <ns3:TrackPointExtension>
            <ns3:hr>159</ns3:hr>
            <ns3:cad>90</ns3:cad>
          </ns3:TrackPointExtension>
        </extensions>
      </trkpt>
      <trkpt lat="30.6180406920611858367919921875" lon="103.98852341808378696441650390625">
        <ele>491.600006103515625</ele>
        <time>2026-02-27T12:19:32.000Z</time>
        <extensions>
          <ns3:TrackPointExtension>
            <ns3:hr>159</ns3:hr>
            <ns3:cad>91</ns3:cad>
          </ns3:TrackPointExtension>
        </extensions>
      </trkpt>
      <trkpt lat="30.61806038953363895416259765625" lon="103.98854009807109832763671875">
        <ele>491.399993896484375</ele>
        <time>2026-02-27T12:19:33.000Z</time>
        <extensions>
          <ns3:TrackPointExtension>
            <ns3:hr>159</ns3:hr>
            <ns3:cad>91</ns3:cad>
          </ns3:TrackPointExtension>
        </extensions>
      </trkpt>
      <trkpt lat="30.618085451424121856689453125" lon="103.9885680936276912689208984375">
        <ele>491.399993896484375</ele>
        <time>2026-02-27T12:19:34.000Z</time>
        <extensions>
          <ns3:TrackPointExtension>
            <ns3:hr>159</ns3:hr>
            <ns3:cad>92</ns3:cad>
          </ns3:TrackPointExtension>
        </extensions>
      </trkpt>
      <trkpt lat="30.618103556334972381591796875" lon="103.988589383661746978759765625">
        <ele>491.399993896484375</ele>
        <time>2026-02-27T12:19:35.000Z</time>
        <extensions>
          <ns3:TrackPointExtension>
            <ns3:hr>159</ns3:hr>
            <ns3:cad>92</ns3:cad>
          </ns3:TrackPointExtension>
        </extensions>
      </trkpt>
      <trkpt lat="30.618117637932300567626953125" lon="103.98862031288444995880126953125">
        <ele>491.399993896484375</ele>
        <time>2026-02-27T12:19:36.000Z</time>
        <extensions>
          <ns3:TrackPointExtension>
            <ns3:hr>159</ns3:hr>
            <ns3:cad>91</ns3:cad>
          </ns3:TrackPointExtension>
        </extensions>
      </trkpt>
      <trkpt lat="30.618132390081882476806640625" lon="103.98864344693720340728759765625">
        <ele>491.399993896484375</ele>
        <time>2026-02-27T12:19:37.000Z</time>
        <extensions>
          <ns3:TrackPointExtension>
            <ns3:hr>158</ns3:hr>
            <ns3:cad>91</ns3:cad>
          </ns3:TrackPointExtension>
        </extensions>
      </trkpt>
      <trkpt lat="30.61814554966986179351806640625" lon="103.9886800758540630340576171875">
        <ele>491.600006103515625</ele>
        <time>2026-02-27T12:19:38.000Z</time>
        <extensions>
          <ns3:TrackPointExtension>
            <ns3:hr>159</ns3:hr>
            <ns3:cad>90</ns3:cad>
          </ns3:TrackPointExtension>
        </extensions>
      </trkpt>
      <trkpt lat="30.6181580387055873870849609375" lon="103.98870497010648250579833984375">
        <ele>491.600006103515625</ele>
        <time>2026-02-27T12:19:39.000Z</time>
        <extensions>
          <ns3:TrackPointExtension>
            <ns3:hr>158</ns3:hr>
            <ns3:cad>89</ns3:cad>
          </ns3:TrackPointExtension>
        </extensions>
      </trkpt>
      <trkpt lat="30.618164576590061187744140625" lon="103.9887400902807712554931640625">
        <ele>491.600006103515625</ele>
        <time>2026-02-27T12:19:40.000Z</time>
        <extensions>
          <ns3:TrackPointExtension>
            <ns3:hr>158</ns3:hr>
            <ns3:cad>89</ns3:cad>
          </ns3:TrackPointExtension>
        </extensions>
      </trkpt>
      <trkpt lat="30.6181682646274566650390625" lon="103.9887674152851104736328125">
        <ele>491.600006103515625</ele>
        <time>2026-02-27T12:19:41.000Z</time>
        <extensions>
          <ns3:TrackPointExtension>
            <ns3:hr>158</ns3:hr>
            <ns3:cad>89</ns3:cad>
          </ns3:TrackPointExtension>
        </extensions>
      </trkpt>
      <trkpt lat="30.6181717850267887115478515625" lon="103.98879918269813060760498046875">
        <ele>491.600006103515625</ele>
        <time>2026-02-27T12:19:42.000Z</time>
        <extensions>
          <ns3:TrackPointExtension>
            <ns3:hr>159</ns3:hr>
            <ns3:cad>89</ns3:cad>
          </ns3:TrackPointExtension>
        </extensions>
      </trkpt>
      <trkpt lat="30.6181717850267887115478515625" lon="103.98882835172116756439208984375">
        <ele>491.600006103515625</ele>
        <time>2026-02-27T12:19:43.000Z</time>
        <extensions>
          <ns3:TrackPointExtension>
            <ns3:hr>159</ns3:hr>
            <ns3:cad>89</ns3:cad>
          </ns3:TrackPointExtension>
        </extensions>
      </trkpt>
      <trkpt lat="30.61817874200642108917236328125" lon="103.98886120878159999847412109375">
        <ele>491.600006103515625</ele>
        <time>2026-02-27T12:19:44.000Z</time>
        <extensions>
          <ns3:TrackPointExtension>
            <ns3:hr>159</ns3:hr>
            <ns3:cad>89</ns3:cad>
          </ns3:TrackPointExtension>
        </extensions>
      </trkpt>
      <trkpt lat="30.61818142421543598175048828125" lon="103.98889414966106414794921875">
        <ele>491.79998779296875</ele>
        <time>2026-02-27T12:19:45.000Z</time>
        <extensions>
          <ns3:TrackPointExtension>
            <ns3:hr>158</ns3:hr>
            <ns3:cad>88</ns3:cad>
          </ns3:TrackPointExtension>
        </extensions>
      </trkpt>
      <trkpt lat="30.61818100512027740478515625" lon="103.98892122320830821990966796875">
        <ele>491.79998779296875</ele>
        <time>2026-02-27T12:19:46.000Z</time>
        <extensions>
          <ns3:TrackPointExtension>
            <ns3:hr>158</ns3:hr>
            <ns3:cad>88</ns3:cad>
          </ns3:TrackPointExtension>
        </extensions>
      </trkpt>
      <trkpt lat="30.6181764788925647735595703125" lon="103.98895441554486751556396484375">
        <ele>491.600006103515625</ele>
        <time>2026-02-27T12:19:47.000Z</time>
        <extensions>
          <ns3:TrackPointExtension>
            <ns3:hr>158</ns3:hr>
            <ns3:cad>88</ns3:cad>
          </ns3:TrackPointExtension>
        </extensions>
      </trkpt>
      <trkpt lat="30.6181709468364715576171875" lon="103.988987691700458526611328125">
        <ele>491.600006103515625</ele>
        <time>2026-02-27T12:19:48.000Z</time>
        <extensions>
          <ns3:TrackPointExtension>
            <ns3:hr>158</ns3:hr>
            <ns3:cad>89</ns3:cad>
          </ns3:TrackPointExtension>
        </extensions>
      </trkpt>
      <trkpt lat="30.6181573681533336639404296875" lon="103.98901694454252719879150390625">
        <ele>491.399993896484375</ele>
        <time>2026-02-27T12:19:49.000Z</time>
        <extensions>
          <ns3:TrackPointExtension>
            <ns3:hr>159</ns3:hr>
            <ns3:cad>89</ns3:cad>
          </ns3:TrackPointExtension>
        </extensions>
      </trkpt>
      <trkpt lat="30.61814823187887668609619140625" lon="103.9890428446233272552490234375">
        <ele>491.20001220703125</ele>
        <time>2026-02-27T12:19:50.000Z</time>
        <extensions>
          <ns3:TrackPointExtension>
            <ns3:hr>158</ns3:hr>
            <ns3:cad>89</ns3:cad>
          </ns3:TrackPointExtension>
        </extensions>
      </trkpt>
      <trkpt lat="30.6181369163095951080322265625" lon="103.98907159455120563507080078125">
        <ele>491.20001220703125</ele>
        <time>2026-02-27T12:19:51.000Z</time>
        <extensions>
          <ns3:TrackPointExtension>
            <ns3:hr>159</ns3:hr>
            <ns3:cad>89</ns3:cad>
          </ns3:TrackPointExtension>
        </extensions>
      </trkpt>
      <trkpt lat="30.61813146807253360748291015625" lon="103.98909791372716426849365234375">
        <ele>491.20001220703125</ele>
        <time>2026-02-27T12:19:52.000Z</time>
        <extensions>
          <ns3:TrackPointExtension>
            <ns3:hr>159</ns3:hr>
            <ns3:cad>89</ns3:cad>
          </ns3:TrackPointExtension>
        </extensions>
      </trkpt>
      <trkpt lat="30.6181167997419834136962890625" lon="103.98912884294986724853515625">
        <ele>491.20001220703125</ele>
        <time>2026-02-27T12:19:53.000Z</time>
        <extensions>
          <ns3:TrackPointExtension>
            <ns3:hr>159</ns3:hr>
            <ns3:cad>88</ns3:cad>
          </ns3:TrackPointExtension>
        </extensions>
      </trkpt>
      <trkpt lat="30.618110261857509613037109375" lon="103.9891581796109676361083984375">
        <ele>491.20001220703125</ele>
        <time>2026-02-27T12:19:54.000Z</time>
        <extensions>
          <ns3:TrackPointExtension>
            <ns3:hr>158</ns3:hr>
            <ns3:cad>88</ns3:cad>
          </ns3:TrackPointExtension>
        </extensions>
      </trkpt>
      <trkpt lat="30.6181070767343044281005859375" lon="103.9891965687274932861328125">
        <ele>491.20001220703125</ele>
        <time>2026-02-27T12:19:55.000Z</time>
        <extensions>
          <ns3:TrackPointExtension>
            <ns3:hr>159</ns3:hr>
            <ns3:cad>88</ns3:cad>
          </ns3:TrackPointExtension>
        </extensions>
      </trkpt>
      <trkpt lat="30.61811252497136592864990234375" lon="103.98922816850244998931884765625">
        <ele>491.20001220703125</ele>
        <time>2026-02-27T12:19:56.000Z</time>
        <extensions>
          <ns3:TrackPointExtension>
            <ns3:hr>158</ns3:hr>
            <ns3:cad>89</ns3:cad>
          </ns3:TrackPointExtension>
        </extensions>
      </trkpt>
      <trkpt lat="30.618125684559345245361328125" lon="103.98926169611513614654541015625">
        <ele>491.20001220703125</ele>
        <time>2026-02-27T12:19:57.000Z</time>
        <extensions>
          <ns3:TrackPointExtension>
            <ns3:hr>158</ns3:hr>
            <ns3:cad>89</ns3:cad>
          </ns3:TrackPointExtension>
        </extensions>
      </trkpt>
      <trkpt lat="30.61813901178538799285888671875" lon="103.98928550072014331817626953125">
        <ele>491.20001220703125</ele>
        <time>2026-02-27T12:19:58.000Z</time>
        <extensions>
          <ns3:TrackPointExtension>
            <ns3:hr>158</ns3:hr>
            <ns3:cad>89</ns3:cad>
          </ns3:TrackPointExtension>
        </extensions>
      </trkpt>
      <trkpt lat="30.6181530095636844635009765625" lon="103.9893177710473537445068359375">
        <ele>491.20001220703125</ele>
        <time>2026-02-27T12:19:59.000Z</time>
        <extensions>
          <ns3:TrackPointExtension>
            <ns3:hr>158</ns3:hr>
            <ns3:cad>88</ns3:cad>
          </ns3:TrackPointExtension>
        </extensions>
      </trkpt>
      <trkpt lat="30.61817019246518611907958984375" lon="103.9893387258052825927734375">
        <ele>491.20001220703125</ele>
        <time>2026-02-27T12:20:00.000Z</time>
        <extensions>
          <ns3:TrackPointExtension>
            <ns3:hr>159</ns3:hr>
            <ns3:cad>88</ns3:cad>
          </ns3:TrackPointExtension>
        </extensions>
      </trkpt>
      <trkpt lat="30.61819047667086124420166015625" lon="103.989363200962543487548828125">
        <ele>491.20001220703125</ele>
        <time>2026-02-27T12:20:01.000Z</time>
        <extensions>
          <ns3:TrackPointExtension>
            <ns3:hr>159</ns3:hr>
            <ns3:cad>88</ns3:cad>
          </ns3:TrackPointExtension>
        </extensions>
      </trkpt>
      <trkpt lat="30.618208162486553192138671875" lon="103.98937719874083995819091796875">
        <ele>491.20001220703125</ele>
        <time>2026-02-27T12:20:02.000Z</time>
        <extensions>
          <ns3:TrackPointExtension>
            <ns3:hr>158</ns3:hr>
            <ns3:cad>88</ns3:cad>
          </ns3:TrackPointExtension>
        </extensions>
      </trkpt>
      <trkpt lat="30.61822433955967426300048828125" lon="103.989397399127483367919921875">
        <ele>491.399993896484375</ele>
        <time>2026-02-27T12:20:03.000Z</time>
        <extensions>
          <ns3:TrackPointExtension>
            <ns3:hr>158</ns3:hr>
            <ns3:cad>89</ns3:cad>
          </ns3:TrackPointExtension>
        </extensions>
      </trkpt>
      <trkpt lat="30.61823825351893901824951171875" lon="103.98941240273416042327880859375">
        <ele>491.399993896484375</ele>
        <time>2026-02-27T12:20:04.000Z</time>
        <extensions>
          <ns3:TrackPointExtension>
            <ns3:hr>158</ns3:hr>
            <ns3:cad>89</ns3:cad>
          </ns3:TrackPointExtension>
        </extensions>
      </trkpt>
      <trkpt lat="30.61825032345950603485107421875" lon="103.9894367940723896026611328125">
        <ele>491.600006103515625</ele>
        <time>2026-02-27T12:20:05.000Z</time>
        <extensions>
          <ns3:TrackPointExtension>
            <ns3:hr>158</ns3:hr>
            <ns3:cad>89</ns3:cad>
          </ns3:TrackPointExtension>
        </extensions>
      </trkpt>
      <trkpt lat="30.6182589568197727203369140625" lon="103.98945867083966732025146484375">
        <ele>491.600006103515625</ele>
        <time>2026-02-27T12:20:06.000Z</time>
        <extensions>
          <ns3:TrackPointExtension>
            <ns3:hr>158</ns3:hr>
            <ns3:cad>89</ns3:cad>
          </ns3:TrackPointExtension>
        </extensions>
      </trkpt>
      <trkpt lat="30.61826121993362903594970703125" lon="103.98949052207171916961669921875">
        <ele>491.79998779296875</ele>
        <time>2026-02-27T12:20:07.000Z</time>
        <extensions>
          <ns3:TrackPointExtension>
            <ns3:hr>159</ns3:hr>
            <ns3:cad>89</ns3:cad>
          </ns3:TrackPointExtension>
        </extensions>
      </trkpt>
      <trkpt lat="30.61826943419873714447021484375" lon="103.98951239883899688720703125">
        <ele>492</ele>
        <time>2026-02-27T12:20:08.000Z</time>
        <extensions>
          <ns3:TrackPointExtension>
            <ns3:hr>159</ns3:hr>
            <ns3:cad>89</ns3:cad>
          </ns3:TrackPointExtension>
        </extensions>
      </trkpt>
      <trkpt lat="30.618279241025447845458984375" lon="103.98954190313816070556640625">
        <ele>492.20001220703125</ele>
        <time>2026-02-27T12:20:09.000Z</time>
        <extensions>
          <ns3:TrackPointExtension>
            <ns3:hr>159</ns3:hr>
            <ns3:cad>89</ns3:cad>
          </ns3:TrackPointExtension>
        </extensions>
      </trkpt>
      <trkpt lat="30.61829005368053913116455078125" lon="103.98956411518156528472900390625">
        <ele>492.20001220703125</ele>
        <time>2026-02-27T12:20:10.000Z</time>
        <extensions>
          <ns3:TrackPointExtension>
            <ns3:hr>159</ns3:hr>
            <ns3:cad>89</ns3:cad>
          </ns3:TrackPointExtension>
        </extensions>
      </trkpt>
      <trkpt lat="30.6183035485446453094482421875" lon="103.98960116319358348846435546875">
        <ele>492.399993896484375</ele>
        <time>2026-02-27T12:20:11.000Z</time>
        <extensions>
          <ns3:TrackPointExtension>
            <ns3:hr>159</ns3:hr>
            <ns3:cad>90</ns3:cad>
          </ns3:TrackPointExtension>
        </extensions>
      </trkpt>
      <trkpt lat="30.61831654049456119537353515625" lon="103.98961926810443401336669921875">
        <ele>492.399993896484375</ele>
        <time>2026-02-27T12:20:12.000Z</time>
        <extensions>
          <ns3:TrackPointExtension>
            <ns3:hr>159</ns3:hr>
            <ns3:cad>90</ns3:cad>
          </ns3:TrackPointExtension>
        </extensions>
      </trkpt>
      <trkpt lat="30.6183291971683502197265625" lon="103.98965346626937389373779296875">
        <ele>492.399993896484375</ele>
        <time>2026-02-27T12:20:13.000Z</time>
        <extensions>
          <ns3:TrackPointExtension>
            <ns3:hr>159</ns3:hr>
            <ns3:cad>90</ns3:cad>
          </ns3:TrackPointExtension>
        </extensions>
      </trkpt>
      <trkpt lat="30.61834168620407581329345703125" lon="103.989670313894748687744140625">
        <ele>492.399993896484375</ele>
        <time>2026-02-27T12:20:14.000Z</time>
        <extensions>
          <ns3:TrackPointExtension>
            <ns3:hr>159</ns3:hr>
            <ns3:cad>90</ns3:cad>
          </ns3:TrackPointExtension>
        </extensions>
      </trkpt>
      <trkpt lat="30.61835727654397487640380859375" lon="103.98969344794750213623046875">
        <ele>492.399993896484375</ele>
        <time>2026-02-27T12:20:15.000Z</time>
        <extensions>
          <ns3:TrackPointExtension>
            <ns3:hr>159</ns3:hr>
            <ns3:cad>90</ns3:cad>
          </ns3:TrackPointExtension>
        </extensions>
      </trkpt>
      <trkpt lat="30.61837412416934967041015625" lon="103.98970241658389568328857421875">
        <ele>492.399993896484375</ele>
        <time>2026-02-27T12:20:16.000Z</time>
        <extensions>
          <ns3:TrackPointExtension>
            <ns3:hr>159</ns3:hr>
            <ns3:cad>90</ns3:cad>
          </ns3:TrackPointExtension>
        </extensions>
      </trkpt>
      <trkpt lat="30.61839013360440731048583984375" lon="103.98972974158823490142822265625">
        <ele>492.399993896484375</ele>
        <time>2026-02-27T12:20:17.000Z</time>
        <extensions>
          <ns3:TrackPointExtension>
            <ns3:hr>159</ns3:hr>
            <ns3:cad>90</ns3:cad>
          </ns3:TrackPointExtension>
        </extensions>
      </trkpt>
      <trkpt lat="30.6184041313827037811279296875" lon="103.98974684067070484161376953125">
        <ele>492.399993896484375</ele>
        <time>2026-02-27T12:20:18.000Z</time>
        <extensions>
          <ns3:TrackPointExtension>
            <ns3:hr>159</ns3:hr>
            <ns3:cad>90</ns3:cad>
          </ns3:TrackPointExtension>
        </extensions>
      </trkpt>
      <trkpt lat="30.6184208951890468597412109375" lon="103.98976980708539485931396484375">
        <ele>492.399993896484375</ele>
        <time>2026-02-27T12:20:19.000Z</time>
        <extensions>
          <ns3:TrackPointExtension>
            <ns3:hr>159</ns3:hr>
            <ns3:cad>89</ns3:cad>
          </ns3:TrackPointExtension>
        </extensions>
      </trkpt>
      <trkpt lat="30.6184333004057407379150390625" lon="103.98979176767170429229736328125">
        <ele>492.600006103515625</ele>
        <time>2026-02-27T12:20:20.000Z</time>
        <extensions>
          <ns3:TrackPointExtension>
            <ns3:hr>159</ns3:hr>
            <ns3:cad>89</ns3:cad>
          </ns3:TrackPointExtension>
        </extensions>
      </trkpt>
      <trkpt lat="30.618446879088878631591796875" lon="103.9898237027227878570556640625">
        <ele>492.600006103515625</ele>
        <time>2026-02-27T12:20:21.000Z</time>
        <extensions>
          <ns3:TrackPointExtension>
            <ns3:hr>159</ns3:hr>
            <ns3:cad>90</ns3:cad>
          </ns3:TrackPointExtension>
        </extensions>
      </trkpt>
      <trkpt lat="30.61845886521041393280029296875" lon="103.989841304719448089599609375">
        <ele>492.600006103515625</ele>
        <time>2026-02-27T12:20:22.000Z</time>
        <extensions>
          <ns3:TrackPointExtension>
            <ns3:hr>159</ns3:hr>
            <ns3:cad>90</ns3:cad>
          </ns3:TrackPointExtension>
        </extensions>
      </trkpt>
      <trkpt lat="30.6184745393693447113037109375" lon="103.98987122811377048492431640625">
        <ele>492.600006103515625</ele>
        <time>2026-02-27T12:20:23.000Z</time>
        <extensions>
          <ns3:TrackPointExtension>
            <ns3:hr>159</ns3:hr>
            <ns3:cad>90</ns3:cad>
          </ns3:TrackPointExtension>
        </extensions>
      </trkpt>
      <trkpt lat="30.6184909678995609283447265625" lon="103.98989503271877765655517578125">
        <ele>492.600006103515625</ele>
        <time>2026-02-27T12:20:24.000Z</time>
        <extensions>
          <ns3:TrackPointExtension>
            <ns3:hr>160</ns3:hr>
            <ns3:cad>91</ns3:cad>
          </ns3:TrackPointExtension>
        </extensions>
      </trkpt>
      <trkpt lat="30.6185027025640010833740234375" lon="103.989924453198909759521484375">
        <ele>492.600006103515625</ele>
        <time>2026-02-27T12:20:25.000Z</time>
        <extensions>
          <ns3:TrackPointExtension>
            <ns3:hr>159</ns3:hr>
            <ns3:cad>92</ns3:cad>
          </ns3:TrackPointExtension>
        </extensions>
      </trkpt>
      <trkpt lat="30.6185124255716800689697265625" lon="103.9899501018226146697998046875">
        <ele>492.600006103515625</ele>
        <time>2026-02-27T12:20:26.000Z</time>
        <extensions>
          <ns3:TrackPointExtension>
            <ns3:hr>159</ns3:hr>
            <ns3:cad>92</ns3:cad>
          </ns3:TrackPointExtension>
        </extensions>
      </trkpt>
      <trkpt lat="30.6185201369225978851318359375" lon="103.9899839647114276885986328125">
        <ele>492.600006103515625</ele>
        <time>2026-02-27T12:20:27.000Z</time>
        <extensions>
          <ns3:TrackPointExtension>
            <ns3:hr>159</ns3:hr>
            <ns3:cad>91</ns3:cad>
          </ns3:TrackPointExtension>
        </extensions>
      </trkpt>
      <trkpt lat="30.61852726154029369354248046875" lon="103.99000651203095912933349609375">
        <ele>492.600006103515625</ele>
        <time>2026-02-27T12:20:28.000Z</time>
        <extensions>
          <ns3:TrackPointExtension>
            <ns3:hr>159</ns3:hr>
            <ns3:cad>91</ns3:cad>
          </ns3:TrackPointExtension>
        </extensions>
      </trkpt>
      <trkpt lat="30.61853296123445034027099609375" lon="103.99003752507269382476806640625">
        <ele>492.600006103515625</ele>
        <time>2026-02-27T12:20:29.000Z</time>
        <extensions>
          <ns3:TrackPointExtension>
            <ns3:hr>159</ns3:hr>
            <ns3:cad>91</ns3:cad>
          </ns3:TrackPointExtension>
        </extensions>
      </trkpt>
      <trkpt lat="30.618536062538623809814453125" lon="103.99006132967770099639892578125">
        <ele>492.600006103515625</ele>
        <time>2026-02-27T12:20:30.000Z</time>
        <extensions>
          <ns3:TrackPointExtension>
            <ns3:hr>160</ns3:hr>
            <ns3:cad>90</ns3:cad>
          </ns3:TrackPointExtension>
        </extensions>
      </trkpt>
      <trkpt lat="30.6185384094715118408203125" lon="103.9900949411094188690185546875">
        <ele>492.600006103515625</ele>
        <time>2026-02-27T12:20:31.000Z</time>
        <extensions>
          <ns3:TrackPointExtension>
            <ns3:hr>159</ns3:hr>
            <ns3:cad>90</ns3:cad>
          </ns3:TrackPointExtension>
        </extensions>
      </trkpt>
      <trkpt lat="30.6185472942888736724853515625" lon="103.99012100882828235626220703125">
        <ele>492.600006103515625</ele>
        <time>2026-02-27T12:20:32.000Z</time>
        <extensions>
          <ns3:TrackPointExtension>
            <ns3:hr>159</ns3:hr>
            <ns3:cad>90</ns3:cad>
          </ns3:TrackPointExtension>
        </extensions>
      </trkpt>
      <trkpt lat="30.61855223961174488067626953125" lon="103.990156464278697967529296875">
        <ele>492.600006103515625</ele>
        <time>2026-02-27T12:20:33.000Z</time>
        <extensions>
          <ns3:TrackPointExtension>
            <ns3:hr>159</ns3:hr>
            <ns3:cad>90</ns3:cad>
          </ns3:TrackPointExtension>
        </extensions>
      </trkpt>
      <trkpt lat="30.61855961568653583526611328125" lon="103.99018370546400547027587890625">
        <ele>492.600006103515625</ele>
        <time>2026-02-27T12:20:34.000Z</time>
        <extensions>
          <ns3:TrackPointExtension>
            <ns3:hr>159</ns3:hr>
            <ns3:cad>91</ns3:cad>
          </ns3:TrackPointExtension>
        </extensions>
      </trkpt>
      <trkpt lat="30.618565566837787628173828125" lon="103.99022142402827739715576171875">
        <ele>492.600006103515625</ele>
        <time>2026-02-27T12:20:35.000Z</time>
        <extensions>
          <ns3:TrackPointExtension>
            <ns3:hr>159</ns3:hr>
            <ns3:cad>90</ns3:cad>
          </ns3:TrackPointExtension>
        </extensions>
      </trkpt>
      <trkpt lat="30.61857705004513263702392578125" lon="103.99024673737585544586181640625">
        <ele>492.600006103515625</ele>
        <time>2026-02-27T12:20:36.000Z</time>
        <extensions>
          <ns3:TrackPointExtension>
            <ns3:hr>159</ns3:hr>
            <ns3:cad>91</ns3:cad>
          </ns3:TrackPointExtension>
        </extensions>
      </trkpt>
      <trkpt lat="30.6185888685286045074462890625" lon="103.9902803488075733184814453125">
        <ele>492.600006103515625</ele>
        <time>2026-02-27T12:20:37.000Z</time>
        <extensions>
          <ns3:TrackPointExtension>
            <ns3:hr>159</ns3:hr>
            <ns3:cad>90</ns3:cad>
          </ns3:TrackPointExtension>
        </extensions>
      </trkpt>
      <trkpt lat="30.618599765002727508544921875" lon="103.99030339904129505157470703125">
        <ele>492.600006103515625</ele>
        <time>2026-02-27T12:20:38.000Z</time>
        <extensions>
          <ns3:TrackPointExtension>
            <ns3:hr>158</ns3:hr>
            <ns3:cad>89</ns3:cad>
          </ns3:TrackPointExtension>
        </extensions>
      </trkpt>
      <trkpt lat="30.6186130084097385406494140625" lon="103.99033172987401485443115234375">
        <ele>492.600006103515625</ele>
        <time>2026-02-27T12:20:39.000Z</time>
        <extensions>
          <ns3:TrackPointExtension>
            <ns3:hr>159</ns3:hr>
            <ns3:cad>89</ns3:cad>
          </ns3:TrackPointExtension>
        </extensions>
      </trkpt>
      <trkpt lat="30.61862834729254245758056640625" lon="103.99034547619521617889404296875">
        <ele>492.600006103515625</ele>
        <time>2026-02-27T12:20:40.000Z</time>
        <extensions>
          <ns3:TrackPointExtension>
            <ns3:hr>158</ns3:hr>
            <ns3:cad>89</ns3:cad>
          </ns3:TrackPointExtension>
        </extensions>
      </trkpt>
      <trkpt lat="30.61864636838436126708984375" lon="103.99037112481892108917236328125">
        <ele>492.600006103515625</ele>
        <time>2026-02-27T12:20:41.000Z</time>
        <extensions>
          <ns3:TrackPointExtension>
            <ns3:hr>158</ns3:hr>
            <ns3:cad>89</ns3:cad>
          </ns3:TrackPointExtension>
        </extensions>
      </trkpt>
      <trkpt lat="30.6186629645526409149169921875" lon="103.9903893135488033294677734375">
        <ele>492.600006103515625</ele>
        <time>2026-02-27T12:20:42.000Z</time>
        <extensions>
          <ns3:TrackPointExtension>
            <ns3:hr>158</ns3:hr>
            <ns3:cad>89</ns3:cad>
          </ns3:TrackPointExtension>
        </extensions>
      </trkpt>
      <trkpt lat="30.618683584034442901611328125" lon="103.99041496217250823974609375">
        <ele>492.600006103515625</ele>
        <time>2026-02-27T12:20:43.000Z</time>
        <extensions>
          <ns3:TrackPointExtension>
            <ns3:hr>158</ns3:hr>
            <ns3:cad>90</ns3:cad>
          </ns3:TrackPointExtension>
        </extensions>
      </trkpt>
      <trkpt lat="30.61870110221207141876220703125" lon="103.9904345758259296417236328125">
        <ele>492.600006103515625</ele>
        <time>2026-02-27T12:20:44.000Z</time>
        <extensions>
          <ns3:TrackPointExtension>
            <ns3:hr>158</ns3:hr>
            <ns3:cad>90</ns3:cad>
          </ns3:TrackPointExtension>
        </extensions>
      </trkpt>
      <trkpt lat="30.61872490681707859039306640625" lon="103.9904630742967128753662109375">
        <ele>492.600006103515625</ele>
        <time>2026-02-27T12:20:45.000Z</time>
        <extensions>
          <ns3:TrackPointExtension>
            <ns3:hr>158</ns3:hr>
            <ns3:cad>89</ns3:cad>
          </ns3:TrackPointExtension>
        </extensions>
      </trkpt>
      <trkpt lat="30.6187422573566436767578125" lon="103.99047958664596080780029296875">
        <ele>492.600006103515625</ele>
        <time>2026-02-27T12:20:46.000Z</time>
        <extensions>
          <ns3:TrackPointExtension>
            <ns3:hr>158</ns3:hr>
            <ns3:cad>89</ns3:cad>
          </ns3:TrackPointExtension>
        </extensions>
      </trkpt>
      <trkpt lat="30.61876229010522365570068359375" lon="103.99050842039287090301513671875">
        <ele>492.600006103515625</ele>
        <time>2026-02-27T12:20:47.000Z</time>
        <extensions>
          <ns3:TrackPointExtension>
            <ns3:hr>158</ns3:hr>
            <ns3:cad>89</ns3:cad>
          </ns3:TrackPointExtension>
        </extensions>
      </trkpt>
      <trkpt lat="30.61877871863543987274169921875" lon="103.99052283726632595062255859375">
        <ele>492.600006103515625</ele>
        <time>2026-02-27T12:20:48.000Z</time>
        <extensions>
          <ns3:TrackPointExtension>
            <ns3:hr>158</ns3:hr>
            <ns3:cad>89</ns3:cad>
          </ns3:TrackPointExtension>
        </extensions>
      </trkpt>
      <trkpt lat="30.61879296787083148956298828125" lon="103.9905542694032192230224609375">
        <ele>492.600006103515625</ele>
        <time>2026-02-27T12:20:49.000Z</time>
        <extensions>
          <ns3:TrackPointExtension>
            <ns3:hr>158</ns3:hr>
            <ns3:cad>89</ns3:cad>
          </ns3:TrackPointExtension>
        </extensions>
      </trkpt>
      <trkpt lat="30.61880436725914478302001953125" lon="103.9905779063701629638671875">
        <ele>492.399993896484375</ele>
        <time>2026-02-27T12:20:50.000Z</time>
        <extensions>
          <ns3:TrackPointExtension>
            <ns3:hr>158</ns3:hr>
            <ns3:cad>89</ns3:cad>
          </ns3:TrackPointExtension>
        </extensions>
      </trkpt>
      <trkpt lat="30.6188171915709972381591796875" lon="103.99060699157416820526123046875">
        <ele>492.399993896484375</ele>
        <time>2026-02-27T12:20:51.000Z</time>
        <extensions>
          <ns3:TrackPointExtension>
            <ns3:hr>159</ns3:hr>
            <ns3:cad>89</ns3:cad>
          </ns3:TrackPointExtension>
        </extensions>
      </trkpt>
      <trkpt lat="30.61883144080638885498046875" lon="103.9906300418078899383544921875">
        <ele>492.600006103515625</ele>
        <time>2026-02-27T12:20:52.000Z</time>
        <extensions>
          <ns3:TrackPointExtension>
            <ns3:hr>159</ns3:hr>
            <ns3:cad>89</ns3:cad>
          </ns3:TrackPointExtension>
        </extensions>
      </trkpt>
      <trkpt lat="30.618843175470829010009765625" lon="103.9906585402786731719970703125">
        <ele>492.600006103515625</ele>
        <time>2026-02-27T12:20:53.000Z</time>
        <extensions>
          <ns3:TrackPointExtension>
            <ns3:hr>159</ns3:hr>
            <ns3:cad>88</ns3:cad>
          </ns3:TrackPointExtension>
        </extensions>
      </trkpt>
      <trkpt lat="30.6188477016985416412353515625" lon="103.99068720638751983642578125">
        <ele>492.600006103515625</ele>
        <time>2026-02-27T12:20:54.000Z</time>
        <extensions>
          <ns3:TrackPointExtension>
            <ns3:hr>159</ns3:hr>
            <ns3:cad>88</ns3:cad>
          </ns3:TrackPointExtension>
        </extensions>
      </trkpt>
      <trkpt lat="30.61885616742074489593505859375" lon="103.99071830324828624725341796875">
        <ele>492.600006103515625</ele>
        <time>2026-02-27T12:20:55.000Z</time>
        <extensions>
          <ns3:TrackPointExtension>
            <ns3:hr>159</ns3:hr>
            <ns3:cad>88</ns3:cad>
          </ns3:TrackPointExtension>
        </extensions>
      </trkpt>
      <trkpt lat="30.61886169947683811187744140625" lon="103.99074613116681575775146484375">
        <ele>492.600006103515625</ele>
        <time>2026-02-27T12:20:56.000Z</time>
        <extensions>
          <ns3:TrackPointExtension>
            <ns3:hr>158</ns3:hr>
            <ns3:cad>88</ns3:cad>
          </ns3:TrackPointExtension>
        </extensions>
      </trkpt>
      <trkpt lat="30.618866980075836181640625" lon="103.99077831767499446868896484375">
        <ele>492.600006103515625</ele>
        <time>2026-02-27T12:20:57.000Z</time>
        <extensions>
          <ns3:TrackPointExtension>
            <ns3:hr>159</ns3:hr>
            <ns3:cad>89</ns3:cad>
          </ns3:TrackPointExtension>
        </extensions>
      </trkpt>
      <trkpt lat="30.61887108720839023590087890625" lon="103.9908053912222385406494140625">
        <ele>492.600006103515625</ele>
        <time>2026-02-27T12:20:58.000Z</time>
        <extensions>
          <ns3:TrackPointExtension>
            <ns3:hr>159</ns3:hr>
            <ns3:cad>89</ns3:cad>
          </ns3:TrackPointExtension>
        </extensions>
      </trkpt>
      <trkpt lat="30.6188802234828472137451171875" lon="103.990835733711719512939453125">
        <ele>492.600006103515625</ele>
        <time>2026-02-27T12:20:59.000Z</time>
        <extensions>
          <ns3:TrackPointExtension>
            <ns3:hr>159</ns3:hr>
            <ns3:cad>89</ns3:cad>
          </ns3:TrackPointExtension>
        </extensions>
      </trkpt>
      <trkpt lat="30.61888382770121097564697265625" lon="103.99086423218250274658203125">
        <ele>492.600006103515625</ele>
        <time>2026-02-27T12:21:00.000Z</time>
        <extensions>
          <ns3:TrackPointExtension>
            <ns3:hr>159</ns3:hr>
            <ns3:cad>89</ns3:cad>
          </ns3:TrackPointExtension>
        </extensions>
      </trkpt>
      <trkpt lat="30.618886761367321014404296875" lon="103.9908888749778270721435546875">
        <ele>492.600006103515625</ele>
        <time>2026-02-27T12:21:01.000Z</time>
        <extensions>
          <ns3:TrackPointExtension>
            <ns3:hr>159</ns3:hr>
            <ns3:cad>89</ns3:cad>
          </ns3:TrackPointExtension>
        </extensions>
      </trkpt>
      <trkpt lat="30.61888701282441616058349609375" lon="103.99091628380119800567626953125">
        <ele>492.600006103515625</ele>
        <time>2026-02-27T12:21:02.000Z</time>
        <extensions>
          <ns3:TrackPointExtension>
            <ns3:hr>159</ns3:hr>
            <ns3:cad>89</ns3:cad>
          </ns3:TrackPointExtension>
        </extensions>
      </trkpt>
      <trkpt lat="30.61888969503343105316162109375" lon="103.990938998758792877197265625">
        <ele>492.600006103515625</ele>
        <time>2026-02-27T12:21:03.000Z</time>
        <extensions>
          <ns3:TrackPointExtension>
            <ns3:hr>159</ns3:hr>
            <ns3:cad>89</ns3:cad>
          </ns3:TrackPointExtension>
        </extensions>
      </trkpt>
      <trkpt lat="30.61888969503343105316162109375" lon="103.9909710176289081573486328125">
        <ele>492.600006103515625</ele>
        <time>2026-02-27T12:21:04.000Z</time>
        <extensions>
          <ns3:TrackPointExtension>
            <ns3:hr>159</ns3:hr>
            <ns3:cad>89</ns3:cad>
          </ns3:TrackPointExtension>
        </extensions>
      </trkpt>
      <trkpt lat="30.6188929639756679534912109375" lon="103.9909998513758182525634765625">
        <ele>492.600006103515625</ele>
        <time>2026-02-27T12:21:05.000Z</time>
        <extensions>
          <ns3:TrackPointExtension>
            <ns3:hr>159</ns3:hr>
            <ns3:cad>89</ns3:cad>
          </ns3:TrackPointExtension>
        </extensions>
      </trkpt>
      <trkpt lat="30.61890109442174434661865234375" lon="103.99103195406496524810791015625">
        <ele>492.79998779296875</ele>
        <time>2026-02-27T12:21:06.000Z</time>
        <extensions>
          <ns3:TrackPointExtension>
            <ns3:hr>159</ns3:hr>
            <ns3:cad>89</ns3:cad>
          </ns3:TrackPointExtension>
        </extensions>
      </trkpt>
      <trkpt lat="30.6189085543155670166015625" lon="103.991052322089672088623046875">
        <ele>492.79998779296875</ele>
        <time>2026-02-27T12:21:07.000Z</time>
        <extensions>
          <ns3:TrackPointExtension>
            <ns3:hr>159</ns3:hr>
            <ns3:cad>89</ns3:cad>
          </ns3:TrackPointExtension>
        </extensions>
      </trkpt>
      <trkpt lat="30.61892221681773662567138671875" lon="103.991075120866298675537109375">
        <ele>492.79998779296875</ele>
        <time>2026-02-27T12:21:08.000Z</time>
        <extensions>
          <ns3:TrackPointExtension>
            <ns3:hr>159</ns3:hr>
            <ns3:cad>88</ns3:cad>
          </ns3:TrackPointExtension>
        </extensions>
      </trkpt>
      <trkpt lat="30.6189385615289211273193359375" lon="103.99108727462589740753173828125">
        <ele>493</ele>
        <time>2026-02-27T12:21:09.000Z</time>
        <extensions>
          <ns3:TrackPointExtension>
            <ns3:hr>159</ns3:hr>
            <ns3:cad>88</ns3:cad>
          </ns3:TrackPointExtension>
        </extensions>
      </trkpt>
      <trkpt lat="30.6189653836190700531005859375" lon="103.99110118858516216278076171875">
        <ele>493</ele>
        <time>2026-02-27T12:21:10.000Z</time>
        <extensions>
          <ns3:TrackPointExtension>
            <ns3:hr>159</ns3:hr>
            <ns3:cad>88</ns3:cad>
          </ns3:TrackPointExtension>
        </extensions>
      </trkpt>
      <trkpt lat="30.618988014757633209228515625" lon="103.99110739119350910186767578125">
        <ele>493.20001220703125</ele>
        <time>2026-02-27T12:21:11.000Z</time>
        <extensions>
          <ns3:TrackPointExtension>
            <ns3:hr>159</ns3:hr>
            <ns3:cad>89</ns3:cad>
          </ns3:TrackPointExtension>
        </extensions>
      </trkpt>
      <trkpt lat="30.61901927925646305084228515625" lon="103.99111568927764892578125">
        <ele>493.20001220703125</ele>
        <time>2026-02-27T12:21:12.000Z</time>
        <extensions>
          <ns3:TrackPointExtension>
            <ns3:hr>159</ns3:hr>
            <ns3:cad>90</ns3:cad>
          </ns3:TrackPointExtension>
        </extensions>
      </trkpt>
      <trkpt lat="30.61904794536530971527099609375" lon="103.99111912585794925689697265625">
        <ele>493.399993896484375</ele>
        <time>2026-02-27T12:21:13.000Z</time>
        <extensions>
          <ns3:TrackPointExtension>
            <ns3:hr>159</ns3:hr>
            <ns3:cad>91</ns3:cad>
          </ns3:TrackPointExtension>
        </extensions>
      </trkpt>
      <trkpt lat="30.619077198207378387451171875" lon="103.99111795239150524139404296875">
        <ele>493.399993896484375</ele>
        <time>2026-02-27T12:21:14.000Z</time>
        <extensions>
          <ns3:TrackPointExtension>
            <ns3:hr>159</ns3:hr>
            <ns3:cad>91</ns3:cad>
          </ns3:TrackPointExtension>
        </extensions>
      </trkpt>
      <trkpt lat="30.6190994940698146820068359375" lon="103.99111325852572917938232421875">
        <ele>493.399993896484375</ele>
        <time>2026-02-27T12:21:15.000Z</time>
        <extensions>
          <ns3:TrackPointExtension>
            <ns3:hr>159</ns3:hr>
            <ns3:cad>90</ns3:cad>
          </ns3:TrackPointExtension>
        </extensions>
      </trkpt>
      <trkpt lat="30.6191258132457733154296875" lon="103.991100601851940155029296875">
        <ele>493.600006103515625</ele>
        <time>2026-02-27T12:21:16.000Z</time>
        <extensions>
          <ns3:TrackPointExtension>
            <ns3:hr>159</ns3:hr>
            <ns3:cad>90</ns3:cad>
          </ns3:TrackPointExtension>
        </extensions>
      </trkpt>
      <trkpt lat="30.619148947298526763916015625" lon="103.9910897053778171539306640625">
        <ele>493.600006103515625</ele>
        <time>2026-02-27T12:21:17.000Z</time>
        <extensions>
          <ns3:TrackPointExtension>
            <ns3:hr>159</ns3:hr>
            <ns3:cad>90</ns3:cad>
          </ns3:TrackPointExtension>
        </extensions>
      </trkpt>
      <trkpt lat="30.6191762723028659820556640625" lon="103.9910687506198883056640625">
        <ele>493.600006103515625</ele>
        <time>2026-02-27T12:21:18.000Z</time>
        <extensions>
          <ns3:TrackPointExtension>
            <ns3:hr>159</ns3:hr>
            <ns3:cad>90</ns3:cad>
          </ns3:TrackPointExtension>
        </extensions>
      </trkpt>
      <trkpt lat="30.61919546686112880706787109375" lon="103.991053663194179534912109375">
        <ele>493.600006103515625</ele>
        <time>2026-02-27T12:21:19.000Z</time>
        <extensions>
          <ns3:TrackPointExtension>
            <ns3:hr>159</ns3:hr>
            <ns3:cad>90</ns3:cad>
          </ns3:TrackPointExtension>
        </extensions>
      </trkpt>
      <trkpt lat="30.61921675689518451690673828125" lon="103.99103145115077495574951171875">
        <ele>493.600006103515625</ele>
        <time>2026-02-27T12:21:20.000Z</time>
        <extensions>
          <ns3:TrackPointExtension>
            <ns3:hr>159</ns3:hr>
            <ns3:cad>90</ns3:cad>
          </ns3:TrackPointExtension>
        </extensions>
      </trkpt>
      <trkpt lat="30.619226396083831787109375" lon="103.99100798182189464569091796875">
        <ele>493.600006103515625</ele>
        <time>2026-02-27T12:21:21.000Z</time>
        <extensions>
          <ns3:TrackPointExtension>
            <ns3:hr>159</ns3:hr>
            <ns3:cad>89</ns3:cad>
          </ns3:TrackPointExtension>
        </extensions>
      </trkpt>
      <trkpt lat="30.61924709938466548919677734375" lon="103.9909800700843334197998046875">
        <ele>493.600006103515625</ele>
        <time>2026-02-27T12:21:22.000Z</time>
        <extensions>
          <ns3:TrackPointExtension>
            <ns3:hr>159</ns3:hr>
            <ns3:cad>89</ns3:cad>
          </ns3:TrackPointExtension>
        </extensions>
      </trkpt>
      <trkpt lat="30.61926352791488170623779296875" lon="103.9909539185464382171630859375">
        <ele>493.600006103515625</ele>
        <time>2026-02-27T12:21:23.000Z</time>
        <extensions>
          <ns3:TrackPointExtension>
            <ns3:hr>159</ns3:hr>
            <ns3:cad>89</ns3:cad>
          </ns3:TrackPointExtension>
        </extensions>
      </trkpt>
      <trkpt lat="30.61928766779601573944091796875" lon="103.99093690328299999237060546875">
        <ele>493.600006103515625</ele>
        <time>2026-02-27T12:21:24.000Z</time>
        <extensions>
          <ns3:TrackPointExtension>
            <ns3:hr>159</ns3:hr>
            <ns3:cad>89</ns3:cad>
          </ns3:TrackPointExtension>
        </extensions>
      </trkpt>
      <trkpt lat="30.6192999891936779022216796875" lon="103.99091980420053005218505859375">
        <ele>493.600006103515625</ele>
        <time>2026-02-27T12:21:25.000Z</time>
        <extensions>
          <ns3:TrackPointExtension>
            <ns3:hr>159</ns3:hr>
            <ns3:cad>89</ns3:cad>
          </ns3:TrackPointExtension>
        </extensions>
      </trkpt>
      <trkpt lat="30.619317926466464996337890625" lon="103.9909024536609649658203125">
        <ele>493.600006103515625</ele>
        <time>2026-02-27T12:21:26.000Z</time>
        <extensions>
          <ns3:TrackPointExtension>
            <ns3:hr>159</ns3:hr>
            <ns3:cad>89</ns3:cad>
          </ns3:TrackPointExtension>
        </extensions>
      </trkpt>
      <trkpt lat="30.61932303942739963531494140625" lon="103.990896083414554595947265625">
        <ele>493.600006103515625</ele>
        <time>2026-02-27T12:21:27.000Z</time>
        <extensions>
          <ns3:TrackPointExtension>
            <ns3:hr>159</ns3:hr>
            <ns3:cad>89</ns3:cad>
          </ns3:TrackPointExtension>
        </extensions>
      </trkpt>
      <trkpt lat="30.619328320026397705078125" lon="103.990893065929412841796875">
        <ele>493.600006103515625</ele>
        <time>2026-02-27T12:21:28.000Z</time>
        <extensions>
          <ns3:TrackPointExtension>
            <ns3:hr>159</ns3:hr>
            <ns3:cad>89</ns3:cad>
          </ns3:TrackPointExtension>
        </extensions>
      </trkpt>
      <trkpt lat="30.61934164725244045257568359375" lon="103.9908850193023681640625">
        <ele>493.600006103515625</ele>
        <time>2026-02-27T12:21:29.000Z</time>
        <extensions>
          <ns3:TrackPointExtension>
            <ns3:hr>159</ns3:hr>
            <ns3:cad>89</ns3:cad>
          </ns3:TrackPointExtension>
        </extensions>
      </trkpt>
      <trkpt lat="30.619355142116546630859375" lon="103.99088175036013126373291015625">
        <ele>493.600006103515625</ele>
        <time>2026-02-27T12:21:30.000Z</time>
        <extensions>
          <ns3:TrackPointExtension>
            <ns3:hr>159</ns3:hr>
            <ns3:cad>89</ns3:cad>
          </ns3:TrackPointExtension>
        </extensions>
      </trkpt>
      <trkpt lat="30.61937567777931690216064453125" lon="103.9908734522759914398193359375">
        <ele>493.600006103515625</ele>
        <time>2026-02-27T12:21:31.000Z</time>
        <extensions>
          <ns3:TrackPointExtension>
            <ns3:hr>160</ns3:hr>
            <ns3:cad>88</ns3:cad>
          </ns3:TrackPointExtension>
        </extensions>
      </trkpt>
      <trkpt lat="30.61939579434692859649658203125" lon="103.9908675849437713623046875">
        <ele>493.600006103515625</ele>
        <time>2026-02-27T12:21:32.000Z</time>
        <extensions>
          <ns3:TrackPointExtension>
            <ns3:hr>159</ns3:hr>
            <ns3:cad>88</ns3:cad>
          </ns3:TrackPointExtension>
        </extensions>
      </trkpt>
      <trkpt lat="30.61941406689584255218505859375" lon="103.9908633939921855926513671875">
        <ele>493.600006103515625</ele>
        <time>2026-02-27T12:21:33.000Z</time>
        <extensions>
          <ns3:TrackPointExtension>
            <ns3:hr>159</ns3:hr>
            <ns3:cad>88</ns3:cad>
          </ns3:TrackPointExtension>
        </extensions>
      </trkpt>
      <trkpt lat="30.61944005079567432403564453125" lon="103.990863226354122161865234375">
        <ele>493.600006103515625</ele>
        <time>2026-02-27T12:21:34.000Z</time>
        <extensions>
          <ns3:TrackPointExtension>
            <ns3:hr>160</ns3:hr>
            <ns3:cad>89</ns3:cad>
          </ns3:TrackPointExtension>
        </extensions>
      </trkpt>
      <trkpt lat="30.619465447962284088134765625" lon="103.9908627234399318695068359375">
        <ele>493.600006103515625</ele>
        <time>2026-02-27T12:21:35.000Z</time>
        <extensions>
          <ns3:TrackPointExtension>
            <ns3:hr>159</ns3:hr>
            <ns3:cad>89</ns3:cad>
          </ns3:TrackPointExtension>
        </extensions>
      </trkpt>
      <trkpt lat="30.61948992311954498291015625" lon="103.9908526651561260223388671875">
        <ele>493.399993896484375</ele>
        <time>2026-02-27T12:21:36.000Z</time>
        <extensions>
          <ns3:TrackPointExtension>
            <ns3:hr>159</ns3:hr>
            <ns3:cad>90</ns3:cad>
          </ns3:TrackPointExtension>
        </extensions>
      </trkpt>
      <trkpt lat="30.619523786008358001708984375" lon="103.99083699099719524383544921875">
        <ele>493.399993896484375</ele>
        <time>2026-02-27T12:21:37.000Z</time>
        <extensions>
          <ns3:TrackPointExtension>
            <ns3:hr>159</ns3:hr>
            <ns3:cad>90</ns3:cad>
          </ns3:TrackPointExtension>
        </extensions>
      </trkpt>
      <trkpt lat="30.61955287121236324310302734375" lon="103.99080614559352397918701171875">
        <ele>493.399993896484375</ele>
        <time>2026-02-27T12:21:38.000Z</time>
        <extensions>
          <ns3:TrackPointExtension>
            <ns3:hr>159</ns3:hr>
            <ns3:cad>89</ns3:cad>
          </ns3:TrackPointExtension>
        </extensions>
      </trkpt>
      <trkpt lat="30.619577430188655853271484375" lon="103.99077697657048702239990234375">
        <ele>493.399993896484375</ele>
        <time>2026-02-27T12:21:39.000Z</time>
        <extensions>
          <ns3:TrackPointExtension>
            <ns3:hr>159</ns3:hr>
            <ns3:cad>89</ns3:cad>
          </ns3:TrackPointExtension>
        </extensions>
      </trkpt>
      <trkpt lat="30.61959846876561641693115234375" lon="103.9907359890639781951904296875">
        <ele>493.20001220703125</ele>
        <time>2026-02-27T12:21:40.000Z</time>
        <extensions>
          <ns3:TrackPointExtension>
            <ns3:hr>159</ns3:hr>
            <ns3:cad>89</ns3:cad>
          </ns3:TrackPointExtension>
        </extensions>
      </trkpt>
      <trkpt lat="30.61961674131453037261962890625" lon="103.99069835431873798370361328125">
        <ele>493.20001220703125</ele>
        <time>2026-02-27T12:21:41.000Z</time>
        <extensions>
          <ns3:TrackPointExtension>
            <ns3:hr>160</ns3:hr>
            <ns3:cad>89</ns3:cad>
          </ns3:TrackPointExtension>
        </extensions>
      </trkpt>
      <trkpt lat="30.61962671577930450439453125" lon="103.990658037364482879638671875">
        <ele>493.20001220703125</ele>
        <time>2026-02-27T12:21:42.000Z</time>
        <extensions>
          <ns3:TrackPointExtension>
            <ns3:hr>160</ns3:hr>
            <ns3:cad>89</ns3:cad>
          </ns3:TrackPointExtension>
        </extensions>
      </trkpt>
      <trkpt lat="30.61962998472154140472412109375" lon="103.99061855860054492950439453125">
        <ele>493.20001220703125</ele>
        <time>2026-02-27T12:21:43.000Z</time>
        <extensions>
          <ns3:TrackPointExtension>
            <ns3:hr>161</ns3:hr>
            <ns3:cad>89</ns3:cad>
          </ns3:TrackPointExtension>
        </extensions>
      </trkpt>
      <trkpt lat="30.61962679959833621978759765625" lon="103.99058553390204906463623046875">
        <ele>493</ele>
        <time>2026-02-27T12:21:44.000Z</time>
        <extensions>
          <ns3:TrackPointExtension>
            <ns3:hr>161</ns3:hr>
            <ns3:cad>89</ns3:cad>
          </ns3:TrackPointExtension>
        </extensions>
      </trkpt>
      <trkpt lat="30.6196215189993381500244140625" lon="103.99054580368101596832275390625">
        <ele>493</ele>
        <time>2026-02-27T12:21:45.000Z</time>
        <extensions>
          <ns3:TrackPointExtension>
            <ns3:hr>162</ns3:hr>
            <ns3:cad>88</ns3:cad>
          </ns3:TrackPointExtension>
        </extensions>
      </trkpt>
      <trkpt lat="30.61961372382938861846923828125" lon="103.99051554501056671142578125">
        <ele>493</ele>
        <time>2026-02-27T12:21:46.000Z</time>
        <extensions>
          <ns3:TrackPointExtension>
            <ns3:hr>161</ns3:hr>
            <ns3:cad>88</ns3:cad>
          </ns3:TrackPointExtension>
        </extensions>
      </trkpt>
      <trkpt lat="30.61960618011653423309326171875" lon="103.99048528634011745452880859375">
        <ele>493</ele>
        <time>2026-02-27T12:21:47.000Z</time>
        <extensions>
          <ns3:TrackPointExtension>
            <ns3:hr>161</ns3:hr>
            <ns3:cad>88</ns3:cad>
          </ns3:TrackPointExtension>
        </extensions>
      </trkpt>
      <trkpt lat="30.6195957027375698089599609375" lon="103.99045653641223907470703125">
        <ele>492.79998779296875</ele>
        <time>2026-02-27T12:21:48.000Z</time>
        <extensions>
          <ns3:TrackPointExtension>
            <ns3:hr>161</ns3:hr>
            <ns3:cad>89</ns3:cad>
          </ns3:TrackPointExtension>
        </extensions>
      </trkpt>
      <trkpt lat="30.6195806153118610382080078125" lon="103.9904332347214221954345703125">
        <ele>493</ele>
        <time>2026-02-27T12:21:49.000Z</time>
        <extensions>
          <ns3:TrackPointExtension>
            <ns3:hr>160</ns3:hr>
            <ns3:cad>89</ns3:cad>
          </ns3:TrackPointExtension>
        </extensions>
      </trkpt>
      <trkpt lat="30.6195578165352344512939453125" lon="103.9904188178479671478271484375">
        <ele>493</ele>
        <time>2026-02-27T12:21:50.000Z</time>
        <extensions>
          <ns3:TrackPointExtension>
            <ns3:hr>160</ns3:hr>
            <ns3:cad>89</ns3:cad>
          </ns3:TrackPointExtension>
        </extensions>
      </trkpt>
      <trkpt lat="30.61954046599566936492919921875" lon="103.99039375595748424530029296875">
        <ele>493</ele>
        <time>2026-02-27T12:21:51.000Z</time>
        <extensions>
          <ns3:TrackPointExtension>
            <ns3:hr>160</ns3:hr>
            <ns3:cad>89</ns3:cad>
          </ns3:TrackPointExtension>
        </extensions>
      </trkpt>
      <trkpt lat="30.61952521093189716339111328125" lon="103.99037095718085765838623046875">
        <ele>493</ele>
        <time>2026-02-27T12:21:52.000Z</time>
        <extensions>
          <ns3:TrackPointExtension>
            <ns3:hr>160</ns3:hr>
            <ns3:cad>89</ns3:cad>
          </ns3:TrackPointExtension>
        </extensions>
      </trkpt>
      <trkpt lat="30.6195195950567722320556640625" lon="103.99034254252910614013671875">
        <ele>493</ele>
        <time>2026-02-27T12:21:53.000Z</time>
        <extensions>
          <ns3:TrackPointExtension>
            <ns3:hr>159</ns3:hr>
            <ns3:cad>89</ns3:cad>
          </ns3:TrackPointExtension>
        </extensions>
      </trkpt>
      <trkpt lat="30.61951196752488613128662109375" lon="103.990315385162830352783203125">
        <ele>492.79998779296875</ele>
        <time>2026-02-27T12:21:54.000Z</time>
        <extensions>
          <ns3:TrackPointExtension>
            <ns3:hr>160</ns3:hr>
            <ns3:cad>89</ns3:cad>
          </ns3:TrackPointExtension>
        </extensions>
      </trkpt>
      <trkpt lat="30.619510710239410400390625" lon="103.9902847073972225189208984375">
        <ele>492.600006103515625</ele>
        <time>2026-02-27T12:21:55.000Z</time>
        <extensions>
          <ns3:TrackPointExtension>
            <ns3:hr>159</ns3:hr>
            <ns3:cad>89</ns3:cad>
          </ns3:TrackPointExtension>
        </extensions>
      </trkpt>
      <trkpt lat="30.6195051781833171844482421875" lon="103.9902548678219318389892578125">
        <ele>492.600006103515625</ele>
        <time>2026-02-27T12:21:56.000Z</time>
        <extensions>
          <ns3:TrackPointExtension>
            <ns3:hr>159</ns3:hr>
            <ns3:cad>90</ns3:cad>
          </ns3:TrackPointExtension>
        </extensions>
      </trkpt>
      <trkpt lat="30.61950274743139743804931640625" lon="103.9902189932763576507568359375">
        <ele>492.600006103515625</ele>
        <time>2026-02-27T12:21:57.000Z</time>
        <extensions>
          <ns3:TrackPointExtension>
            <ns3:hr>159</ns3:hr>
            <ns3:cad>90</ns3:cad>
          </ns3:TrackPointExtension>
        </extensions>
      </trkpt>
      <trkpt lat="30.61949553899466991424560546875" lon="103.9901911653578281402587890625">
        <ele>492.399993896484375</ele>
        <time>2026-02-27T12:21:58.000Z</time>
        <extensions>
          <ns3:TrackPointExtension>
            <ns3:hr>159</ns3:hr>
            <ns3:cad>89</ns3:cad>
          </ns3:TrackPointExtension>
        </extensions>
      </trkpt>
      <trkpt lat="30.6194887496531009674072265625" lon="103.99015788920223712921142578125">
        <ele>492.399993896484375</ele>
        <time>2026-02-27T12:21:59.000Z</time>
        <extensions>
          <ns3:TrackPointExtension>
            <ns3:hr>159</ns3:hr>
            <ns3:cad>89</ns3:cad>
          </ns3:TrackPointExtension>
        </extensions>
      </trkpt>
      <trkpt lat="30.61947542242705821990966796875" lon="103.99013374932110309600830078125">
        <ele>492.399993896484375</ele>
        <time>2026-02-27T12:22:00.000Z</time>
        <extensions>
          <ns3:TrackPointExtension>
            <ns3:hr>159</ns3:hr>
            <ns3:cad>88</ns3:cad>
          </ns3:TrackPointExtension>
        </extensions>
      </trkpt>
      <trkpt lat="30.61946184374392032623291015625" lon="103.99010139517486095428466796875">
        <ele>492.399993896484375</ele>
        <time>2026-02-27T12:22:01.000Z</time>
        <extensions>
          <ns3:TrackPointExtension>
            <ns3:hr>159</ns3:hr>
            <ns3:cad>88</ns3:cad>
          </ns3:TrackPointExtension>
        </extensions>
      </trkpt>
      <trkpt lat="30.61944834887981414794921875" lon="103.990084715187549591064453125">
        <ele>492.399993896484375</ele>
        <time>2026-02-27T12:22:02.000Z</time>
        <extensions>
          <ns3:TrackPointExtension>
            <ns3:hr>159</ns3:hr>
            <ns3:cad>88</ns3:cad>
          </ns3:TrackPointExtension>
        </extensions>
      </trkpt>
      <trkpt lat="30.61943150125443935394287109375" lon="103.9900516904890537261962890625">
        <ele>492.399993896484375</ele>
        <time>2026-02-27T12:22:03.000Z</time>
        <extensions>
          <ns3:TrackPointExtension>
            <ns3:hr>158</ns3:hr>
            <ns3:cad>89</ns3:cad>
          </ns3:TrackPointExtension>
        </extensions>
      </trkpt>
      <trkpt lat="30.61941507272422313690185546875" lon="103.99003333412110805511474609375">
        <ele>492.399993896484375</ele>
        <time>2026-02-27T12:22:04.000Z</time>
        <extensions>
          <ns3:TrackPointExtension>
            <ns3:hr>159</ns3:hr>
            <ns3:cad>89</ns3:cad>
          </ns3:TrackPointExtension>
        </extensions>
      </trkpt>
      <trkpt lat="30.6193962134420871734619140625" lon="103.99000030942261219024658203125">
        <ele>492.399993896484375</ele>
        <time>2026-02-27T12:22:05.000Z</time>
        <extensions>
          <ns3:TrackPointExtension>
            <ns3:hr>159</ns3:hr>
            <ns3:cad>89</ns3:cad>
          </ns3:TrackPointExtension>
        </extensions>
      </trkpt>
      <trkpt lat="30.61937727034091949462890625" lon="103.9899802766740322113037109375">
        <ele>492.399993896484375</ele>
        <time>2026-02-27T12:22:06.000Z</time>
        <extensions>
          <ns3:TrackPointExtension>
            <ns3:hr>159</ns3:hr>
            <ns3:cad>89</ns3:cad>
          </ns3:TrackPointExtension>
        </extensions>
      </trkpt>
      <trkpt lat="30.619354806840419769287109375" lon="103.98995487950742244720458984375">
        <ele>492.399993896484375</ele>
        <time>2026-02-27T12:22:07.000Z</time>
        <extensions>
          <ns3:TrackPointExtension>
            <ns3:hr>159</ns3:hr>
            <ns3:cad>89</ns3:cad>
          </ns3:TrackPointExtension>
        </extensions>
      </trkpt>
      <trkpt lat="30.619339384138584136962890625" lon="103.98993493057787418365478515625">
        <ele>492.399993896484375</ele>
        <time>2026-02-27T12:22:08.000Z</time>
        <extensions>
          <ns3:TrackPointExtension>
            <ns3:hr>159</ns3:hr>
            <ns3:cad>88</ns3:cad>
          </ns3:TrackPointExtension>
        </extensions>
      </trkpt>
      <trkpt lat="30.61931868083775043487548828125" lon="103.98990534245967864990234375">
        <ele>492.399993896484375</ele>
        <time>2026-02-27T12:22:09.000Z</time>
        <extensions>
          <ns3:TrackPointExtension>
            <ns3:hr>159</ns3:hr>
            <ns3:cad>88</ns3:cad>
          </ns3:TrackPointExtension>
        </extensions>
      </trkpt>
      <trkpt lat="30.61930409632623195648193359375" lon="103.98988463915884494781494140625">
        <ele>492.399993896484375</ele>
        <time>2026-02-27T12:22:10.000Z</time>
        <extensions>
          <ns3:TrackPointExtension>
            <ns3:hr>159</ns3:hr>
            <ns3:cad>88</ns3:cad>
          </ns3:TrackPointExtension>
        </extensions>
      </trkpt>
      <trkpt lat="30.6192869134247303009033203125" lon="103.9898501895368099212646484375">
        <ele>492.399993896484375</ele>
        <time>2026-02-27T12:22:11.000Z</time>
        <extensions>
          <ns3:TrackPointExtension>
            <ns3:hr>159</ns3:hr>
            <ns3:cad>88</ns3:cad>
          </ns3:TrackPointExtension>
        </extensions>
      </trkpt>
      <trkpt lat="30.61927459202706813812255859375" lon="103.9898268878459930419921875">
        <ele>492.399993896484375</ele>
        <time>2026-02-27T12:22:12.000Z</time>
        <extensions>
          <ns3:TrackPointExtension>
            <ns3:hr>159</ns3:hr>
            <ns3:cad>89</ns3:cad>
          </ns3:TrackPointExtension>
        </extensions>
      </trkpt>
      <trkpt lat="30.619260929524898529052734375" lon="103.98979579098522663116455078125">
        <ele>492.399993896484375</ele>
        <time>2026-02-27T12:22:13.000Z</time>
        <extensions>
          <ns3:TrackPointExtension>
            <ns3:hr>159</ns3:hr>
            <ns3:cad>89</ns3:cad>
          </ns3:TrackPointExtension>
        </extensions>
      </trkpt>
      <trkpt lat="30.61924450099468231201171875" lon="103.989773578941822052001953125">
        <ele>492.399993896484375</ele>
        <time>2026-02-27T12:22:14.000Z</time>
        <extensions>
          <ns3:TrackPointExtension>
            <ns3:hr>159</ns3:hr>
            <ns3:cad>89</ns3:cad>
          </ns3:TrackPointExtension>
        </extensions>
      </trkpt>
      <trkpt lat="30.61923285014927387237548828125" lon="103.98974382318556308746337890625">
        <ele>492.399993896484375</ele>
        <time>2026-02-27T12:22:15.000Z</time>
        <extensions>
          <ns3:TrackPointExtension>
            <ns3:hr>159</ns3:hr>
            <ns3:cad>89</ns3:cad>
          </ns3:TrackPointExtension>
        </extensions>
      </trkpt>
      <trkpt lat="30.619226396083831787109375" lon="103.98971515707671642303466796875">
        <ele>492.399993896484375</ele>
        <time>2026-02-27T12:22:16.000Z</time>
        <extensions>
          <ns3:TrackPointExtension>
            <ns3:hr>159</ns3:hr>
            <ns3:cad>89</ns3:cad>
          </ns3:TrackPointExtension>
        </extensions>
      </trkpt>
      <trkpt lat="30.619217343628406524658203125" lon="103.989685066044330596923828125">
        <ele>492.399993896484375</ele>
        <time>2026-02-27T12:22:17.000Z</time>
        <extensions>
          <ns3:TrackPointExtension>
            <ns3:hr>158</ns3:hr>
            <ns3:cad>89</ns3:cad>
          </ns3:TrackPointExtension>
        </extensions>
      </trkpt>
      <trkpt lat="30.61920871026813983917236328125" lon="103.98965849541127681732177734375">
        <ele>492.399993896484375</ele>
        <time>2026-02-27T12:22:18.000Z</time>
        <extensions>
          <ns3:TrackPointExtension>
            <ns3:hr>159</ns3:hr>
            <ns3:cad>89</ns3:cad>
          </ns3:TrackPointExtension>
        </extensions>
      </trkpt>
      <trkpt lat="30.61920602805912494659423828125" lon="103.98962496779859066009521484375">
        <ele>492.20001220703125</ele>
        <time>2026-02-27T12:22:19.000Z</time>
        <extensions>
          <ns3:TrackPointExtension>
            <ns3:hr>159</ns3:hr>
            <ns3:cad>89</ns3:cad>
          </ns3:TrackPointExtension>
        </extensions>
      </trkpt>
      <trkpt lat="30.61920234002172946929931640625" lon="103.9895977266132831573486328125">
        <ele>492.399993896484375</ele>
        <time>2026-02-27T12:22:20.000Z</time>
        <extensions>
          <ns3:TrackPointExtension>
            <ns3:hr>159</ns3:hr>
            <ns3:cad>90</ns3:cad>
          </ns3:TrackPointExtension>
        </extensions>
      </trkpt>
      <trkpt lat="30.6191963888704776763916015625" lon="103.9895685575902462005615234375">
        <ele>492.399993896484375</ele>
        <time>2026-02-27T12:22:21.000Z</time>
        <extensions>
          <ns3:TrackPointExtension>
            <ns3:hr>159</ns3:hr>
            <ns3:cad>90</ns3:cad>
          </ns3:TrackPointExtension>
        </extensions>
      </trkpt>
      <trkpt lat="30.61919077299535274505615234375" lon="103.98954366333782672882080078125">
        <ele>492.399993896484375</ele>
        <time>2026-02-27T12:22:22.000Z</time>
        <extensions>
          <ns3:TrackPointExtension>
            <ns3:hr>159</ns3:hr>
            <ns3:cad>90</ns3:cad>
          </ns3:TrackPointExtension>
        </extensions>
      </trkpt>
      <trkpt lat="30.61918281018733978271484375" lon="103.98951315321028232574462890625">
        <ele>492.399993896484375</ele>
        <time>2026-02-27T12:22:23.000Z</time>
        <extensions>
          <ns3:TrackPointExtension>
            <ns3:hr>159</ns3:hr>
            <ns3:cad>89</ns3:cad>
          </ns3:TrackPointExtension>
        </extensions>
      </trkpt>
      <trkpt lat="30.61917342245578765869140625" lon="103.98949152790009975433349609375">
        <ele>492.399993896484375</ele>
        <time>2026-02-27T12:22:24.000Z</time>
        <extensions>
          <ns3:TrackPointExtension>
            <ns3:hr>159</ns3:hr>
            <ns3:cad>88</ns3:cad>
          </ns3:TrackPointExtension>
        </extensions>
      </trkpt>
      <trkpt lat="30.61916378326714038848876953125" lon="103.989466130733489990234375">
        <ele>492.399993896484375</ele>
        <time>2026-02-27T12:22:25.000Z</time>
        <extensions>
          <ns3:TrackPointExtension>
            <ns3:hr>159</ns3:hr>
            <ns3:cad>89</ns3:cad>
          </ns3:TrackPointExtension>
        </extensions>
      </trkpt>
      <trkpt lat="30.6191551499068737030029296875" lon="103.98943595588207244873046875">
        <ele>492.399993896484375</ele>
        <time>2026-02-27T12:22:26.000Z</time>
        <extensions>
          <ns3:TrackPointExtension>
            <ns3:hr>158</ns3:hr>
            <ns3:cad>89</ns3:cad>
          </ns3:TrackPointExtension>
        </extensions>
      </trkpt>
      <trkpt lat="30.61913880519568920135498046875" lon="103.9894136600196361541748046875">
        <ele>492.399993896484375</ele>
        <time>2026-02-27T12:22:27.000Z</time>
        <extensions>
          <ns3:TrackPointExtension>
            <ns3:hr>159</ns3:hr>
            <ns3:cad>89</ns3:cad>
          </ns3:TrackPointExtension>
        </extensions>
      </trkpt>
      <trkpt lat="30.61911977827548980712890625" lon="103.98938658647239208221435546875">
        <ele>492.399993896484375</ele>
        <time>2026-02-27T12:22:28.000Z</time>
        <extensions>
          <ns3:TrackPointExtension>
            <ns3:hr>159</ns3:hr>
            <ns3:cad>89</ns3:cad>
          </ns3:TrackPointExtension>
        </extensions>
      </trkpt>
      <trkpt lat="30.61910024844110012054443359375" lon="103.98936948738992214202880859375">
        <ele>492.399993896484375</ele>
        <time>2026-02-27T12:22:29.000Z</time>
        <extensions>
          <ns3:TrackPointExtension>
            <ns3:hr>159</ns3:hr>
            <ns3:cad>89</ns3:cad>
          </ns3:TrackPointExtension>
        </extensions>
      </trkpt>
      <trkpt lat="30.6190740130841732025146484375" lon="103.98934635333716869354248046875">
        <ele>492.399993896484375</ele>
        <time>2026-02-27T12:22:30.000Z</time>
        <extensions>
          <ns3:TrackPointExtension>
            <ns3:hr>158</ns3:hr>
            <ns3:cad>88</ns3:cad>
          </ns3:TrackPointExtension>
        </extensions>
      </trkpt>
      <trkpt lat="30.61905096285045146942138671875" lon="103.98933880962431430816650390625">
        <ele>492.399993896484375</ele>
        <time>2026-02-27T12:22:31.000Z</time>
        <extensions>
          <ns3:TrackPointExtension>
            <ns3:hr>159</ns3:hr>
            <ns3:cad>88</ns3:cad>
          </ns3:TrackPointExtension>
        </extensions>
      </trkpt>
      <trkpt lat="30.61902430839836597442626953125" lon="103.98931534029543399810791015625">
        <ele>492.399993896484375</ele>
        <time>2026-02-27T12:22:32.000Z</time>
        <extensions>
          <ns3:TrackPointExtension>
            <ns3:hr>158</ns3:hr>
            <ns3:cad>87</ns3:cad>
          </ns3:TrackPointExtension>
        </extensions>
      </trkpt>
      <trkpt lat="30.6190012581646442413330078125" lon="103.989299498498439788818359375">
        <ele>492.399993896484375</ele>
        <time>2026-02-27T12:22:33.000Z</time>
        <extensions>
          <ns3:TrackPointExtension>
            <ns3:hr>158</ns3:hr>
            <ns3:cad>87</ns3:cad>
          </ns3:TrackPointExtension>
        </extensions>
      </trkpt>
      <trkpt lat="30.61898089013993740081787109375" lon="103.9892765320837497711181640625">
        <ele>492.399993896484375</ele>
        <time>2026-02-27T12:22:34.000Z</time>
        <extensions>
          <ns3:TrackPointExtension>
            <ns3:hr>158</ns3:hr>
            <ns3:cad>89</ns3:cad>
          </ns3:TrackPointExtension>
        </extensions>
      </trkpt>
      <trkpt lat="30.61896010302007198333740234375" lon="103.98926161229610443115234375">
        <ele>492.399993896484375</ele>
        <time>2026-02-27T12:22:35.000Z</time>
        <extensions>
          <ns3:TrackPointExtension>
            <ns3:hr>158</ns3:hr>
            <ns3:cad>89</ns3:cad>
          </ns3:TrackPointExtension>
        </extensions>
      </trkpt>
      <trkpt lat="30.6189415790140628814697265625" lon="103.98923470638692378997802734375">
        <ele>492.399993896484375</ele>
        <time>2026-02-27T12:22:36.000Z</time>
        <extensions>
          <ns3:TrackPointExtension>
            <ns3:hr>158</ns3:hr>
            <ns3:cad>89</ns3:cad>
          </ns3:TrackPointExtension>
        </extensions>
      </trkpt>
      <trkpt lat="30.61892456375062465667724609375" lon="103.989217020571231842041015625">
        <ele>492.399993896484375</ele>
        <time>2026-02-27T12:22:37.000Z</time>
        <extensions>
          <ns3:TrackPointExtension>
            <ns3:hr>158</ns3:hr>
            <ns3:cad>89</ns3:cad>
          </ns3:TrackPointExtension>
        </extensions>
      </trkpt>
      <trkpt lat="30.6189127452671527862548828125" lon="103.98918760009109973907470703125">
        <ele>492.399993896484375</ele>
        <time>2026-02-27T12:22:38.000Z</time>
        <extensions>
          <ns3:TrackPointExtension>
            <ns3:hr>158</ns3:hr>
            <ns3:cad>88</ns3:cad>
          </ns3:TrackPointExtension>
        </extensions>
      </trkpt>
      <trkpt lat="30.61890042386949062347412109375" lon="103.9891648851335048675537109375">
        <ele>492.399993896484375</ele>
        <time>2026-02-27T12:22:39.000Z</time>
        <extensions>
          <ns3:TrackPointExtension>
            <ns3:hr>157</ns3:hr>
            <ns3:cad>88</ns3:cad>
          </ns3:TrackPointExtension>
        </extensions>
      </trkpt>
      <trkpt lat="30.61889003030955791473388671875" lon="103.989138901233673095703125">
        <ele>492.399993896484375</ele>
        <time>2026-02-27T12:22:40.000Z</time>
        <extensions>
          <ns3:TrackPointExtension>
            <ns3:hr>157</ns3:hr>
            <ns3:cad>89</ns3:cad>
          </ns3:TrackPointExtension>
        </extensions>
      </trkpt>
      <trkpt lat="30.61888382770121097564697265625" lon="103.98911618627607822418212890625">
        <ele>492.600006103515625</ele>
        <time>2026-02-27T12:22:41.000Z</time>
        <extensions>
          <ns3:TrackPointExtension>
            <ns3:hr>157</ns3:hr>
            <ns3:cad>89</ns3:cad>
          </ns3:TrackPointExtension>
        </extensions>
      </trkpt>
      <trkpt lat="30.6188852526247501373291015625" lon="103.989079892635345458984375">
        <ele>492.600006103515625</ele>
        <time>2026-02-27T12:22:42.000Z</time>
        <extensions>
          <ns3:TrackPointExtension>
            <ns3:hr>157</ns3:hr>
            <ns3:cad>89</ns3:cad>
          </ns3:TrackPointExtension>
        </extensions>
      </trkpt>
      <trkpt lat="30.61888366006314754486083984375" lon="103.98905131034553050994873046875">
        <ele>492.600006103515625</ele>
        <time>2026-02-27T12:22:43.000Z</time>
        <extensions>
          <ns3:TrackPointExtension>
            <ns3:hr>156</ns3:hr>
            <ns3:cad>89</ns3:cad>
          </ns3:TrackPointExtension>
        </extensions>
      </trkpt>
      <trkpt lat="30.618894807994365692138671875" lon="103.98901878856122493743896484375">
        <ele>492.600006103515625</ele>
        <time>2026-02-27T12:22:44.000Z</time>
        <extensions>
          <ns3:TrackPointExtension>
            <ns3:hr>156</ns3:hr>
            <ns3:cad>89</ns3:cad>
          </ns3:TrackPointExtension>
        </extensions>
      </trkpt>
      <trkpt lat="30.61889707110822200775146484375" lon="103.9890002645552158355712890625">
        <ele>492.600006103515625</ele>
        <time>2026-02-27T12:22:45.000Z</time>
        <extensions>
          <ns3:TrackPointExtension>
            <ns3:hr>156</ns3:hr>
            <ns3:cad>89</ns3:cad>
          </ns3:TrackPointExtension>
        </extensions>
      </trkpt>
      <trkpt lat="30.61891081742942333221435546875" lon="103.98897117935121059417724609375">
        <ele>492.600006103515625</ele>
        <time>2026-02-27T12:22:46.000Z</time>
        <extensions>
          <ns3:TrackPointExtension>
            <ns3:hr>156</ns3:hr>
            <ns3:cad>89</ns3:cad>
          </ns3:TrackPointExtension>
        </extensions>
      </trkpt>
      <trkpt lat="30.6189177744090557098388671875" lon="103.9889462850987911224365234375">
        <ele>492.600006103515625</ele>
        <time>2026-02-27T12:22:47.000Z</time>
        <extensions>
          <ns3:TrackPointExtension>
            <ns3:hr>156</ns3:hr>
            <ns3:cad>89</ns3:cad>
          </ns3:TrackPointExtension>
        </extensions>
      </trkpt>
      <trkpt lat="30.6189331971108913421630859375" lon="103.9889194630086421966552734375">
        <ele>492.600006103515625</ele>
        <time>2026-02-27T12:22:48.000Z</time>
        <extensions>
          <ns3:TrackPointExtension>
            <ns3:hr>156</ns3:hr>
            <ns3:cad>89</ns3:cad>
          </ns3:TrackPointExtension>
        </extensions>
      </trkpt>
      <trkpt lat="30.6189435906708240509033203125" lon="103.98889976553618907928466796875">
        <ele>492.600006103515625</ele>
        <time>2026-02-27T12:22:49.000Z</time>
        <extensions>
          <ns3:TrackPointExtension>
            <ns3:hr>157</ns3:hr>
            <ns3:cad>89</ns3:cad>
          </ns3:TrackPointExtension>
        </extensions>
      </trkpt>
      <trkpt lat="30.61896211467683315277099609375" lon="103.9888822473585605621337890625">
        <ele>492.79998779296875</ele>
        <time>2026-02-27T12:22:50.000Z</time>
        <extensions>
          <ns3:TrackPointExtension>
            <ns3:hr>156</ns3:hr>
            <ns3:cad>90</ns3:cad>
          </ns3:TrackPointExtension>
        </extensions>
      </trkpt>
      <trkpt lat="30.618979968130588531494140625" lon="103.988866992294788360595703125">
        <ele>492.79998779296875</ele>
        <time>2026-02-27T12:22:51.000Z</time>
        <extensions>
          <ns3:TrackPointExtension>
            <ns3:hr>156</ns3:hr>
            <ns3:cad>90</ns3:cad>
          </ns3:TrackPointExtension>
        </extensions>
      </trkpt>
      <trkpt lat="30.61900335364043712615966796875" lon="103.98885517381131649017333984375">
        <ele>492.79998779296875</ele>
        <time>2026-02-27T12:22:52.000Z</time>
        <extensions>
          <ns3:TrackPointExtension>
            <ns3:hr>156</ns3:hr>
            <ns3:cad>89</ns3:cad>
          </ns3:TrackPointExtension>
        </extensions>
      </trkpt>
      <trkpt lat="30.61902363784611225128173828125" lon="103.988849222660064697265625">
        <ele>492.79998779296875</ele>
        <time>2026-02-27T12:22:53.000Z</time>
        <extensions>
          <ns3:TrackPointExtension>
            <ns3:hr>156</ns3:hr>
            <ns3:cad>88</ns3:cad>
          </ns3:TrackPointExtension>
        </extensions>
      </trkpt>
      <trkpt lat="30.61904794536530971527099609375" lon="103.98883757181465625762939453125">
        <ele>492.79998779296875</ele>
        <time>2026-02-27T12:22:54.000Z</time>
        <extensions>
          <ns3:TrackPointExtension>
            <ns3:hr>156</ns3:hr>
            <ns3:cad>88</ns3:cad>
          </ns3:TrackPointExtension>
        </extensions>
      </trkpt>
      <trkpt lat="30.61906856484711170196533203125" lon="103.98882399313151836395263671875">
        <ele>493</ele>
        <time>2026-02-27T12:22:55.000Z</time>
        <extensions>
          <ns3:TrackPointExtension>
            <ns3:hr>156</ns3:hr>
            <ns3:cad>88</ns3:cad>
          </ns3:TrackPointExtension>
        </extensions>
      </trkpt>
      <trkpt lat="30.6190909445285797119140625" lon="103.9888084866106510162353515625">
        <ele>493</ele>
        <time>2026-02-27T12:22:56.000Z</time>
        <extensions>
          <ns3:TrackPointExtension>
            <ns3:hr>156</ns3:hr>
            <ns3:cad>89</ns3:cad>
          </ns3:TrackPointExtension>
        </extensions>
      </trkpt>
      <trkpt lat="30.61911047436296939849853515625" lon="103.9887933991849422454833984375">
        <ele>493</ele>
        <time>2026-02-27T12:22:57.000Z</time>
        <extensions>
          <ns3:TrackPointExtension>
            <ns3:hr>156</ns3:hr>
            <ns3:cad>90</ns3:cad>
          </ns3:TrackPointExtension>
        </extensions>
      </trkpt>
      <trkpt lat="30.61913360841572284698486328125" lon="103.988777138292789459228515625">
        <ele>493</ele>
        <time>2026-02-27T12:22:58.000Z</time>
        <extensions>
          <ns3:TrackPointExtension>
            <ns3:hr>157</ns3:hr>
            <ns3:cad>90</ns3:cad>
          </ns3:TrackPointExtension>
        </extensions>
      </trkpt>
      <trkpt lat="30.6191531382501125335693359375" lon="103.9887612126767635345458984375">
        <ele>493</ele>
        <time>2026-02-27T12:22:59.000Z</time>
        <extensions>
          <ns3:TrackPointExtension>
            <ns3:hr>157</ns3:hr>
            <ns3:cad>90</ns3:cad>
          </ns3:TrackPointExtension>
        </extensions>
      </trkpt>
      <trkpt lat="30.61918255873024463653564453125" lon="103.98873648606240749359130859375">
        <ele>493</ele>
        <time>2026-02-27T12:23:00.000Z</time>
        <extensions>
          <ns3:TrackPointExtension>
            <ns3:hr>157</ns3:hr>
            <ns3:cad>90</ns3:cad>
          </ns3:TrackPointExtension>
        </extensions>
      </trkpt>
      <trkpt lat="30.6191997416317462921142578125" lon="103.98872240446507930755615234375">
        <ele>493</ele>
        <time>2026-02-27T12:23:01.000Z</time>
        <extensions>
          <ns3:TrackPointExtension>
            <ns3:hr>157</ns3:hr>
            <ns3:cad>90</ns3:cad>
          </ns3:TrackPointExtension>
        </extensions>
      </trkpt>
      <trkpt lat="30.61922178603708744049072265625" lon="103.98870530538260936737060546875">
        <ele>493</ele>
        <time>2026-02-27T12:23:02.000Z</time>
        <extensions>
          <ns3:TrackPointExtension>
            <ns3:hr>157</ns3:hr>
            <ns3:cad>90</ns3:cad>
          </ns3:TrackPointExtension>
        </extensions>
      </trkpt>
      <trkpt lat="30.61923737637698650360107421875" lon="103.98868418298661708831787109375">
        <ele>493</ele>
        <time>2026-02-27T12:23:03.000Z</time>
        <extensions>
          <ns3:TrackPointExtension>
            <ns3:hr>158</ns3:hr>
            <ns3:cad>90</ns3:cad>
          </ns3:TrackPointExtension>
        </extensions>
      </trkpt>
      <trkpt lat="30.61924894340336322784423828125" lon="103.9886626414954662322998046875">
        <ele>492.79998779296875</ele>
        <time>2026-02-27T12:23:04.000Z</time>
        <extensions>
          <ns3:TrackPointExtension>
            <ns3:hr>158</ns3:hr>
            <ns3:cad>90</ns3:cad>
          </ns3:TrackPointExtension>
        </extensions>
      </trkpt>
      <trkpt lat="30.61926470138132572174072265625" lon="103.98863389156758785247802734375">
        <ele>492.79998779296875</ele>
        <time>2026-02-27T12:23:05.000Z</time>
        <extensions>
          <ns3:TrackPointExtension>
            <ns3:hr>158</ns3:hr>
            <ns3:cad>90</ns3:cad>
          </ns3:TrackPointExtension>
        </extensions>
      </trkpt>
      <trkpt lat="30.61927677132189273834228515625" lon="103.98860371671617031097412109375">
        <ele>492.600006103515625</ele>
        <time>2026-02-27T12:23:06.000Z</time>
        <extensions>
          <ns3:TrackPointExtension>
            <ns3:hr>158</ns3:hr>
            <ns3:cad>88</ns3:cad>
          </ns3:TrackPointExtension>
        </extensions>
      </trkpt>
      <trkpt lat="30.6192934513092041015625" lon="103.9885689318180084228515625">
        <ele>492.399993896484375</ele>
        <time>2026-02-27T12:23:07.000Z</time>
        <extensions>
          <ns3:TrackPointExtension>
            <ns3:hr>159</ns3:hr>
            <ns3:cad>88</ns3:cad>
          </ns3:TrackPointExtension>
        </extensions>
      </trkpt>
      <trkpt lat="30.61930350959300994873046875" lon="103.9885406009852886199951171875">
        <ele>492.20001220703125</ele>
        <time>2026-02-27T12:23:08.000Z</time>
        <extensions>
          <ns3:TrackPointExtension>
            <ns3:hr>159</ns3:hr>
            <ns3:cad>88</ns3:cad>
          </ns3:TrackPointExtension>
        </extensions>
      </trkpt>
      <trkpt lat="30.61931968666613101959228515625" lon="103.98851101286709308624267578125">
        <ele>492</ele>
        <time>2026-02-27T12:23:09.000Z</time>
        <extensions>
          <ns3:TrackPointExtension>
            <ns3:hr>159</ns3:hr>
            <ns3:cad>88</ns3:cad>
          </ns3:TrackPointExtension>
        </extensions>
      </trkpt>
      <trkpt lat="30.619324631989002227783203125" lon="103.9884866215288639068603515625">
        <ele>491.79998779296875</ele>
        <time>2026-02-27T12:23:10.000Z</time>
        <extensions>
          <ns3:TrackPointExtension>
            <ns3:hr>159</ns3:hr>
            <ns3:cad>88</ns3:cad>
          </ns3:TrackPointExtension>
        </extensions>
      </trkpt>
      <trkpt lat="30.6193392165005207061767578125" lon="103.98845351301133632659912109375">
        <ele>491.79998779296875</ele>
        <time>2026-02-27T12:23:11.000Z</time>
        <extensions>
          <ns3:TrackPointExtension>
            <ns3:hr>159</ns3:hr>
            <ns3:cad>88</ns3:cad>
          </ns3:TrackPointExtension>
        </extensions>
      </trkpt>
      <trkpt lat="30.61933997087180614471435546875" lon="103.9884262718260288238525390625">
        <ele>491.600006103515625</ele>
        <time>2026-02-27T12:23:12.000Z</time>
        <extensions>
          <ns3:TrackPointExtension>
            <ns3:hr>159</ns3:hr>
            <ns3:cad>89</ns3:cad>
          </ns3:TrackPointExtension>
        </extensions>
      </trkpt>
      <trkpt lat="30.61934684403240680694580078125" lon="103.9883910678327083587646484375">
        <ele>491.600006103515625</ele>
        <time>2026-02-27T12:23:13.000Z</time>
        <extensions>
          <ns3:TrackPointExtension>
            <ns3:hr>159</ns3:hr>
            <ns3:cad>89</ns3:cad>
          </ns3:TrackPointExtension>
        </extensions>
      </trkpt>
      <trkpt lat="30.6193475984036922454833984375" lon="103.98836382664740085601806640625">
        <ele>491.600006103515625</ele>
        <time>2026-02-27T12:23:14.000Z</time>
        <extensions>
          <ns3:TrackPointExtension>
            <ns3:hr>159</ns3:hr>
            <ns3:cad>89</ns3:cad>
          </ns3:TrackPointExtension>
        </extensions>
      </trkpt>
      <trkpt lat="30.6193522922694683074951171875" lon="103.98833063431084156036376953125">
        <ele>491.79998779296875</ele>
        <time>2026-02-27T12:23:15.000Z</time>
        <extensions>
          <ns3:TrackPointExtension>
            <ns3:hr>159</ns3:hr>
            <ns3:cad>89</ns3:cad>
          </ns3:TrackPointExtension>
        </extensions>
      </trkpt>
      <trkpt lat="30.61935036443173885345458984375" lon="103.9883007109165191650390625">
        <ele>491.79998779296875</ele>
        <time>2026-02-27T12:23:16.000Z</time>
        <extensions>
          <ns3:TrackPointExtension>
            <ns3:hr>159</ns3:hr>
            <ns3:cad>89</ns3:cad>
          </ns3:TrackPointExtension>
        </extensions>
      </trkpt>
      <trkpt lat="30.6193566508591175079345703125" lon="103.98826844058930873870849609375">
        <ele>491.79998779296875</ele>
        <time>2026-02-27T12:23:17.000Z</time>
        <extensions>
          <ns3:TrackPointExtension>
            <ns3:hr>160</ns3:hr>
            <ns3:cad>90</ns3:cad>
          </ns3:TrackPointExtension>
        </extensions>
      </trkpt>
      <trkpt lat="30.61935673467814922332763671875" lon="103.9882415346801280975341796875">
        <ele>491.79998779296875</ele>
        <time>2026-02-27T12:23:18.000Z</time>
        <extensions>
          <ns3:TrackPointExtension>
            <ns3:hr>160</ns3:hr>
            <ns3:cad>90</ns3:cad>
          </ns3:TrackPointExtension>
        </extensions>
      </trkpt>
      <trkpt lat="30.61935723759233951568603515625" lon="103.988206498324871063232421875">
        <ele>491.79998779296875</ele>
        <time>2026-02-27T12:23:19.000Z</time>
        <extensions>
          <ns3:TrackPointExtension>
            <ns3:hr>160</ns3:hr>
            <ns3:cad>90</ns3:cad>
          </ns3:TrackPointExtension>
        </extensions>
      </trkpt>
      <trkpt lat="30.61935790814459323883056640625" lon="103.98817674256861209869384765625">
        <ele>491.79998779296875</ele>
        <time>2026-02-27T12:23:20.000Z</time>
        <extensions>
          <ns3:TrackPointExtension>
            <ns3:hr>159</ns3:hr>
            <ns3:cad>89</ns3:cad>
          </ns3:TrackPointExtension>
        </extensions>
      </trkpt>
      <trkpt lat="30.6193536333739757537841796875" lon="103.98814338259398937225341796875">
        <ele>491.79998779296875</ele>
        <time>2026-02-27T12:23:21.000Z</time>
        <extensions>
          <ns3:TrackPointExtension>
            <ns3:hr>159</ns3:hr>
            <ns3:cad>89</ns3:cad>
          </ns3:TrackPointExtension>
        </extensions>
      </trkpt>
      <trkpt lat="30.6193484365940093994140625" lon="103.9881129562854766845703125">
        <ele>491.79998779296875</ele>
        <time>2026-02-27T12:23:22.000Z</time>
        <extensions>
          <ns3:TrackPointExtension>
            <ns3:hr>159</ns3:hr>
            <ns3:cad>89</ns3:cad>
          </ns3:TrackPointExtension>
        </extensions>
      </trkpt>
      <trkpt lat="30.61933837831020355224609375" lon="103.98808102123439311981201171875">
        <ele>491.79998779296875</ele>
        <time>2026-02-27T12:23:23.000Z</time>
        <extensions>
          <ns3:TrackPointExtension>
            <ns3:hr>159</ns3:hr>
            <ns3:cad>88</ns3:cad>
          </ns3:TrackPointExtension>
        </extensions>
      </trkpt>
      <trkpt lat="30.6193268112838268280029296875" lon="103.98805637843906879425048828125">
        <ele>491.79998779296875</ele>
        <time>2026-02-27T12:23:24.000Z</time>
        <extensions>
          <ns3:TrackPointExtension>
            <ns3:hr>159</ns3:hr>
            <ns3:cad>88</ns3:cad>
          </ns3:TrackPointExtension>
        </extensions>
      </trkpt>
      <trkpt lat="30.61931281350553035736083984375" lon="103.988028131425380706787109375">
        <ele>491.79998779296875</ele>
        <time>2026-02-27T12:23:25.000Z</time>
        <extensions>
          <ns3:TrackPointExtension>
            <ns3:hr>159</ns3:hr>
            <ns3:cad>89</ns3:cad>
          </ns3:TrackPointExtension>
        </extensions>
      </trkpt>
      <trkpt lat="30.6192947924137115478515625" lon="103.9880065061151981353759765625">
        <ele>491.79998779296875</ele>
        <time>2026-02-27T12:23:26.000Z</time>
        <extensions>
          <ns3:TrackPointExtension>
            <ns3:hr>159</ns3:hr>
            <ns3:cad>89</ns3:cad>
          </ns3:TrackPointExtension>
        </extensions>
      </trkpt>
      <trkpt lat="30.6192733347415924072265625" lon="103.98797976784408092498779296875">
        <ele>491.79998779296875</ele>
        <time>2026-02-27T12:23:27.000Z</time>
        <extensions>
          <ns3:TrackPointExtension>
            <ns3:hr>159</ns3:hr>
            <ns3:cad>90</ns3:cad>
          </ns3:TrackPointExtension>
        </extensions>
      </trkpt>
      <trkpt lat="30.61925598420202732086181640625" lon="103.98796141147613525390625">
        <ele>491.79998779296875</ele>
        <time>2026-02-27T12:23:28.000Z</time>
        <extensions>
          <ns3:TrackPointExtension>
            <ns3:hr>159</ns3:hr>
            <ns3:cad>90</ns3:cad>
          </ns3:TrackPointExtension>
        </extensions>
      </trkpt>
      <trkpt lat="30.6192329339683055877685546875" lon="103.98794070817530155181884765625">
        <ele>491.79998779296875</ele>
        <time>2026-02-27T12:23:29.000Z</time>
        <extensions>
          <ns3:TrackPointExtension>
            <ns3:hr>159</ns3:hr>
            <ns3:cad>90</ns3:cad>
          </ns3:TrackPointExtension>
        </extensions>
      </trkpt>
      <trkpt lat="30.6192118115723133087158203125" lon="103.98792763240635395050048828125">
        <ele>491.79998779296875</ele>
        <time>2026-02-27T12:23:30.000Z</time>
        <extensions>
          <ns3:TrackPointExtension>
            <ns3:hr>159</ns3:hr>
            <ns3:cad>89</ns3:cad>
          </ns3:TrackPointExtension>
        </extensions>
      </trkpt>
      <trkpt lat="30.61918490566313266754150390625" lon="103.98791053332388401031494140625">
        <ele>491.79998779296875</ele>
        <time>2026-02-27T12:23:31.000Z</time>
        <extensions>
          <ns3:TrackPointExtension>
            <ns3:hr>159</ns3:hr>
            <ns3:cad>89</ns3:cad>
          </ns3:TrackPointExtension>
        </extensions>
      </trkpt>
      <trkpt lat="30.61915959231555461883544921875" lon="103.987895362079143524169921875">
        <ele>492</ele>
        <time>2026-02-27T12:23:32.000Z</time>
        <extensions>
          <ns3:TrackPointExtension>
            <ns3:hr>159</ns3:hr>
            <ns3:cad>89</ns3:cad>
          </ns3:TrackPointExtension>
        </extensions>
      </trkpt>
      <trkpt lat="30.6191311776638031005859375" lon="103.987883292138576507568359375">
        <ele>492</ele>
        <time>2026-02-27T12:23:33.000Z</time>
        <extensions>
          <ns3:TrackPointExtension>
            <ns3:hr>159</ns3:hr>
            <ns3:cad>90</ns3:cad>
          </ns3:TrackPointExtension>
        </extensions>
      </trkpt>
      <trkpt lat="30.61910276301205158233642578125" lon="103.98787499405443668365478515625">
        <ele>492.20001220703125</ele>
        <time>2026-02-27T12:23:34.000Z</time>
        <extensions>
          <ns3:TrackPointExtension>
            <ns3:hr>159</ns3:hr>
            <ns3:cad>90</ns3:cad>
          </ns3:TrackPointExtension>
        </extensions>
      </trkpt>
      <trkpt lat="30.61907778494060039520263671875" lon="103.9878707192838191986083984375">
        <ele>492</ele>
        <time>2026-02-27T12:23:35.000Z</time>
        <extensions>
          <ns3:TrackPointExtension>
            <ns3:hr>159</ns3:hr>
            <ns3:cad>90</ns3:cad>
          </ns3:TrackPointExtension>
        </extensions>
      </trkpt>
      <trkpt lat="30.619049705564975738525390625" lon="103.9878663606941699981689453125">
        <ele>492</ele>
        <time>2026-02-27T12:23:36.000Z</time>
        <extensions>
          <ns3:TrackPointExtension>
            <ns3:hr>159</ns3:hr>
            <ns3:cad>90</ns3:cad>
          </ns3:TrackPointExtension>
        </extensions>
      </trkpt>
      <trkpt lat="30.61902497895061969757080078125" lon="103.98786208592355251312255859375">
        <ele>491.79998779296875</ele>
        <time>2026-02-27T12:23:37.000Z</time>
        <extensions>
          <ns3:TrackPointExtension>
            <ns3:hr>159</ns3:hr>
            <ns3:cad>89</ns3:cad>
          </ns3:TrackPointExtension>
        </extensions>
      </trkpt>
      <trkpt lat="30.61899899505078792572021484375" lon="103.98785688914358615875244140625">
        <ele>491.600006103515625</ele>
        <time>2026-02-27T12:23:38.000Z</time>
        <extensions>
          <ns3:TrackPointExtension>
            <ns3:hr>159</ns3:hr>
            <ns3:cad>89</ns3:cad>
          </ns3:TrackPointExtension>
        </extensions>
      </trkpt>
      <trkpt lat="30.61897435225546360015869140625" lon="103.98785906843841075897216796875">
        <ele>491.600006103515625</ele>
        <time>2026-02-27T12:23:39.000Z</time>
        <extensions>
          <ns3:TrackPointExtension>
            <ns3:hr>159</ns3:hr>
            <ns3:cad>88</ns3:cad>
          </ns3:TrackPointExtension>
        </extensions>
      </trkpt>
      <trkpt lat="30.61894887126982212066650390625" lon="103.98785571567714214324951171875">
        <ele>491.600006103515625</ele>
        <time>2026-02-27T12:23:40.000Z</time>
        <extensions>
          <ns3:TrackPointExtension>
            <ns3:hr>159</ns3:hr>
            <ns3:cad>88</ns3:cad>
          </ns3:TrackPointExtension>
        </extensions>
      </trkpt>
      <trkpt lat="30.6189268268644809722900390625" lon="103.98785605095326900482177734375">
        <ele>491.600006103515625</ele>
        <time>2026-02-27T12:23:41.000Z</time>
        <extensions>
          <ns3:TrackPointExtension>
            <ns3:hr>159</ns3:hr>
            <ns3:cad>88</ns3:cad>
          </ns3:TrackPointExtension>
        </extensions>
      </trkpt>
      <trkpt lat="30.61890025623142719268798828125" lon="103.98784901015460491180419921875">
        <ele>491.600006103515625</ele>
        <time>2026-02-27T12:23:42.000Z</time>
        <extensions>
          <ns3:TrackPointExtension>
            <ns3:hr>158</ns3:hr>
            <ns3:cad>88</ns3:cad>
          </ns3:TrackPointExtension>
        </extensions>
      </trkpt>
      <trkpt lat="30.61887569725513458251953125" lon="103.9878492616117000579833984375">
        <ele>491.600006103515625</ele>
        <time>2026-02-27T12:23:43.000Z</time>
        <extensions>
          <ns3:TrackPointExtension>
            <ns3:hr>158</ns3:hr>
            <ns3:cad>88</ns3:cad>
          </ns3:TrackPointExtension>
        </extensions>
      </trkpt>
      <trkpt lat="30.618848539888858795166015625" lon="103.98784004151821136474609375">
        <ele>491.600006103515625</ele>
        <time>2026-02-27T12:23:44.000Z</time>
        <extensions>
          <ns3:TrackPointExtension>
            <ns3:hr>158</ns3:hr>
            <ns3:cad>89</ns3:cad>
          </ns3:TrackPointExtension>
        </extensions>
      </trkpt>
      <trkpt lat="30.61882616020739078521728515625" lon="103.98783325217664241790771484375">
        <ele>491.600006103515625</ele>
        <time>2026-02-27T12:23:45.000Z</time>
        <extensions>
          <ns3:TrackPointExtension>
            <ns3:hr>159</ns3:hr>
            <ns3:cad>89</ns3:cad>
          </ns3:TrackPointExtension>
        </extensions>
      </trkpt>
      <trkpt lat="30.61880101449787616729736328125" lon="103.987817578017711639404296875">
        <ele>491.600006103515625</ele>
        <time>2026-02-27T12:23:46.000Z</time>
        <extensions>
          <ns3:TrackPointExtension>
            <ns3:hr>159</ns3:hr>
            <ns3:cad>89</ns3:cad>
          </ns3:TrackPointExtension>
        </extensions>
      </trkpt>
      <trkpt lat="30.61877955682575702667236328125" lon="103.9878066815435886383056640625">
        <ele>491.79998779296875</ele>
        <time>2026-02-27T12:23:47.000Z</time>
        <extensions>
          <ns3:TrackPointExtension>
            <ns3:hr>159</ns3:hr>
            <ns3:cad>89</ns3:cad>
          </ns3:TrackPointExtension>
        </extensions>
      </trkpt>
      <trkpt lat="30.6187578476965427398681640625" lon="103.9877865649759769439697265625">
        <ele>491.79998779296875</ele>
        <time>2026-02-27T12:23:48.000Z</time>
        <extensions>
          <ns3:TrackPointExtension>
            <ns3:hr>159</ns3:hr>
            <ns3:cad>90</ns3:cad>
          </ns3:TrackPointExtension>
        </extensions>
      </trkpt>
      <trkpt lat="30.61874158680438995361328125" lon="103.98777172900736331939697265625">
        <ele>491.79998779296875</ele>
        <time>2026-02-27T12:23:49.000Z</time>
        <extensions>
          <ns3:TrackPointExtension>
            <ns3:hr>158</ns3:hr>
            <ns3:cad>90</ns3:cad>
          </ns3:TrackPointExtension>
        </extensions>
      </trkpt>
      <trkpt lat="30.618726499378681182861328125" lon="103.98774490691721439361572265625">
        <ele>491.79998779296875</ele>
        <time>2026-02-27T12:23:50.000Z</time>
        <extensions>
          <ns3:TrackPointExtension>
            <ns3:hr>158</ns3:hr>
            <ns3:cad>90</ns3:cad>
          </ns3:TrackPointExtension>
        </extensions>
      </trkpt>
      <trkpt lat="30.61871032230556011199951171875" lon="103.98772680200636386871337890625">
        <ele>491.79998779296875</ele>
        <time>2026-02-27T12:23:51.000Z</time>
        <extensions>
          <ns3:TrackPointExtension>
            <ns3:hr>158</ns3:hr>
            <ns3:cad>90</ns3:cad>
          </ns3:TrackPointExtension>
        </extensions>
      </trkpt>
      <trkpt lat="30.6186978332698345184326171875" lon="103.987696208059787750244140625">
        <ele>491.79998779296875</ele>
        <time>2026-02-27T12:23:52.000Z</time>
        <extensions>
          <ns3:TrackPointExtension>
            <ns3:hr>158</ns3:hr>
            <ns3:cad>90</ns3:cad>
          </ns3:TrackPointExtension>
        </extensions>
      </trkpt>
      <trkpt lat="30.61868350021541118621826171875" lon="103.987674415111541748046875">
        <ele>491.79998779296875</ele>
        <time>2026-02-27T12:23:53.000Z</time>
        <extensions>
          <ns3:TrackPointExtension>
            <ns3:hr>158</ns3:hr>
            <ns3:cad>88</ns3:cad>
          </ns3:TrackPointExtension>
        </extensions>
      </trkpt>
      <trkpt lat="30.6186773814260959625244140625" lon="103.9876434020698070526123046875">
        <ele>491.79998779296875</ele>
        <time>2026-02-27T12:23:54.000Z</time>
        <extensions>
          <ns3:TrackPointExtension>
            <ns3:hr>157</ns3:hr>
            <ns3:cad>88</ns3:cad>
          </ns3:TrackPointExtension>
        </extensions>
      </trkpt>
      <trkpt lat="30.6186686642467975616455078125" lon="103.98762085475027561187744140625">
        <ele>492</ele>
        <time>2026-02-27T12:23:55.000Z</time>
        <extensions>
          <ns3:TrackPointExtension>
            <ns3:hr>157</ns3:hr>
            <ns3:cad>88</ns3:cad>
          </ns3:TrackPointExtension>
        </extensions>
      </trkpt>
      <trkpt lat="30.61866422183811664581298828125" lon="103.987592272460460662841796875">
        <ele>492</ele>
        <time>2026-02-27T12:23:56.000Z</time>
        <extensions>
          <ns3:TrackPointExtension>
            <ns3:hr>157</ns3:hr>
            <ns3:cad>89</ns3:cad>
          </ns3:TrackPointExtension>
        </extensions>
      </trkpt>
      <trkpt lat="30.61865835450589656829833984375" lon="103.9875699765980243682861328125">
        <ele>492</ele>
        <time>2026-02-27T12:23:57.000Z</time>
        <extensions>
          <ns3:TrackPointExtension>
            <ns3:hr>158</ns3:hr>
            <ns3:cad>89</ns3:cad>
          </ns3:TrackPointExtension>
        </extensions>
      </trkpt>
      <trkpt lat="30.61866070143878459930419921875" lon="103.98753988556563854217529296875">
        <ele>492</ele>
        <time>2026-02-27T12:23:58.000Z</time>
        <extensions>
          <ns3:TrackPointExtension>
            <ns3:hr>157</ns3:hr>
            <ns3:cad>89</ns3:cad>
          </ns3:TrackPointExtension>
        </extensions>
      </trkpt>
      <trkpt lat="30.61865684576332569122314453125" lon="103.987513147294521331787109375">
        <ele>492</ele>
        <time>2026-02-27T12:23:59.000Z</time>
        <extensions>
          <ns3:TrackPointExtension>
            <ns3:hr>157</ns3:hr>
            <ns3:cad>89</ns3:cad>
          </ns3:TrackPointExtension>
        </extensions>
      </trkpt>
      <trkpt lat="30.61865718103945255279541015625" lon="103.987483642995357513427734375">
        <ele>492.20001220703125</ele>
        <time>2026-02-27T12:24:00.000Z</time>
        <extensions>
          <ns3:TrackPointExtension>
            <ns3:hr>158</ns3:hr>
            <ns3:cad>88</ns3:cad>
          </ns3:TrackPointExtension>
        </extensions>
      </trkpt>
      <trkpt lat="30.618648715317249298095703125" lon="103.98745992220938205718994140625">
        <ele>492.20001220703125</ele>
        <time>2026-02-27T12:24:01.000Z</time>
        <extensions>
          <ns3:TrackPointExtension>
            <ns3:hr>157</ns3:hr>
            <ns3:cad>88</ns3:cad>
          </ns3:TrackPointExtension>
        </extensions>
      </trkpt>
      <trkpt lat="30.61864276416599750518798828125" lon="103.98743125610053539276123046875">
        <ele>492.20001220703125</ele>
        <time>2026-02-27T12:24:02.000Z</time>
        <extensions>
          <ns3:TrackPointExtension>
            <ns3:hr>157</ns3:hr>
            <ns3:cad>89</ns3:cad>
          </ns3:TrackPointExtension>
        </extensions>
      </trkpt>
      <trkpt lat="30.6186341308057308197021484375" lon="103.98740912787616252899169921875">
        <ele>492.20001220703125</ele>
        <time>2026-02-27T12:24:03.000Z</time>
        <extensions>
          <ns3:TrackPointExtension>
            <ns3:hr>158</ns3:hr>
            <ns3:cad>89</ns3:cad>
          </ns3:TrackPointExtension>
        </extensions>
      </trkpt>
      <trkpt lat="30.61862516216933727264404296875" lon="103.98737912066280841827392578125">
        <ele>492.20001220703125</ele>
        <time>2026-02-27T12:24:04.000Z</time>
        <extensions>
          <ns3:TrackPointExtension>
            <ns3:hr>157</ns3:hr>
            <ns3:cad>90</ns3:cad>
          </ns3:TrackPointExtension>
        </extensions>
      </trkpt>
      <trkpt lat="30.61861527152359485626220703125" lon="103.98735665716230869293212890625">
        <ele>492.20001220703125</ele>
        <time>2026-02-27T12:24:05.000Z</time>
        <extensions>
          <ns3:TrackPointExtension>
            <ns3:hr>157</ns3:hr>
            <ns3:cad>90</ns3:cad>
          </ns3:TrackPointExtension>
        </extensions>
      </trkpt>
      <trkpt lat="30.6186027824878692626953125" lon="103.9873295836150646209716796875">
        <ele>492.399993896484375</ele>
        <time>2026-02-27T12:24:06.000Z</time>
        <extensions>
          <ns3:TrackPointExtension>
            <ns3:hr>158</ns3:hr>
            <ns3:cad>90</ns3:cad>
          </ns3:TrackPointExtension>
        </extensions>
      </trkpt>
      <trkpt lat="30.6185915507376194000244140625" lon="103.9873104728758335113525390625">
        <ele>492.399993896484375</ele>
        <time>2026-02-27T12:24:07.000Z</time>
        <extensions>
          <ns3:TrackPointExtension>
            <ns3:hr>157</ns3:hr>
            <ns3:cad>90</ns3:cad>
          </ns3:TrackPointExtension>
        </extensions>
      </trkpt>
      <trkpt lat="30.618575625121593475341796875" lon="103.987283818423748016357421875">
        <ele>492.399993896484375</ele>
        <time>2026-02-27T12:24:08.000Z</time>
        <extensions>
          <ns3:TrackPointExtension>
            <ns3:hr>158</ns3:hr>
            <ns3:cad>89</ns3:cad>
          </ns3:TrackPointExtension>
        </extensions>
      </trkpt>
      <trkpt lat="30.6185586936771869659423828125" lon="103.98726864717900753021240234375">
        <ele>492.399993896484375</ele>
        <time>2026-02-27T12:24:09.000Z</time>
        <extensions>
          <ns3:TrackPointExtension>
            <ns3:hr>158</ns3:hr>
            <ns3:cad>90</ns3:cad>
          </ns3:TrackPointExtension>
        </extensions>
      </trkpt>
      <trkpt lat="30.61853564344346523284912109375" lon="103.9872484467923641204833984375">
        <ele>492.399993896484375</ele>
        <time>2026-02-27T12:24:10.000Z</time>
        <extensions>
          <ns3:TrackPointExtension>
            <ns3:hr>158</ns3:hr>
            <ns3:cad>90</ns3:cad>
          </ns3:TrackPointExtension>
        </extensions>
      </trkpt>
      <trkpt lat="30.618516616523265838623046875" lon="103.98723897524178028106689453125">
        <ele>492.399993896484375</ele>
        <time>2026-02-27T12:24:11.000Z</time>
        <extensions>
          <ns3:TrackPointExtension>
            <ns3:hr>157</ns3:hr>
            <ns3:cad>90</ns3:cad>
          </ns3:TrackPointExtension>
        </extensions>
      </trkpt>
      <trkpt lat="30.61849440447986125946044921875" lon="103.98722137324512004852294921875">
        <ele>492.399993896484375</ele>
        <time>2026-02-27T12:24:12.000Z</time>
        <extensions>
          <ns3:TrackPointExtension>
            <ns3:hr>158</ns3:hr>
            <ns3:cad>90</ns3:cad>
          </ns3:TrackPointExtension>
        </extensions>
      </trkpt>
      <trkpt lat="30.6184748746454715728759765625" lon="103.987214751541614532470703125">
        <ele>492.399993896484375</ele>
        <time>2026-02-27T12:24:13.000Z</time>
        <extensions>
          <ns3:TrackPointExtension>
            <ns3:hr>158</ns3:hr>
            <ns3:cad>90</ns3:cad>
          </ns3:TrackPointExtension>
        </extensions>
      </trkpt>
      <trkpt lat="30.61844863928854465484619140625" lon="103.9872025139629840850830078125">
        <ele>492.399993896484375</ele>
        <time>2026-02-27T12:24:14.000Z</time>
        <extensions>
          <ns3:TrackPointExtension>
            <ns3:hr>158</ns3:hr>
            <ns3:cad>90</ns3:cad>
          </ns3:TrackPointExtension>
        </extensions>
      </trkpt>
      <trkpt lat="30.6184284389019012451171875" lon="103.98719488643109798431396484375">
        <ele>492.399993896484375</ele>
        <time>2026-02-27T12:24:15.000Z</time>
        <extensions>
          <ns3:TrackPointExtension>
            <ns3:hr>158</ns3:hr>
            <ns3:cad>89</ns3:cad>
          </ns3:TrackPointExtension>
        </extensions>
      </trkpt>
      <trkpt lat="30.61840471811592578887939453125" lon="103.9871887676417827606201171875">
        <ele>492.600006103515625</ele>
        <time>2026-02-27T12:24:16.000Z</time>
        <extensions>
          <ns3:TrackPointExtension>
            <ns3:hr>158</ns3:hr>
            <ns3:cad>89</ns3:cad>
          </ns3:TrackPointExtension>
        </extensions>
      </trkpt>
      <trkpt lat="30.61838510446250438690185546875" lon="103.98719228804111480712890625">
        <ele>492.600006103515625</ele>
        <time>2026-02-27T12:24:17.000Z</time>
        <extensions>
          <ns3:TrackPointExtension>
            <ns3:hr>158</ns3:hr>
            <ns3:cad>89</ns3:cad>
          </ns3:TrackPointExtension>
        </extensions>
      </trkpt>
      <trkpt lat="30.61836163513362407684326171875" lon="103.98718751035630702972412109375">
        <ele>492.600006103515625</ele>
        <time>2026-02-27T12:24:18.000Z</time>
        <extensions>
          <ns3:TrackPointExtension>
            <ns3:hr>158</ns3:hr>
            <ns3:cad>89</ns3:cad>
          </ns3:TrackPointExtension>
        </extensions>
      </trkpt>
      <trkpt lat="30.61834101565182209014892578125" lon="103.98718985728919506072998046875">
        <ele>492.600006103515625</ele>
        <time>2026-02-27T12:24:19.000Z</time>
        <extensions>
          <ns3:TrackPointExtension>
            <ns3:hr>158</ns3:hr>
            <ns3:cad>89</ns3:cad>
          </ns3:TrackPointExtension>
        </extensions>
      </trkpt>
      <trkpt lat="30.618314109742641448974609375" lon="103.98718868382275104522705078125">
        <ele>492.600006103515625</ele>
        <time>2026-02-27T12:24:20.000Z</time>
        <extensions>
          <ns3:TrackPointExtension>
            <ns3:hr>158</ns3:hr>
            <ns3:cad>89</ns3:cad>
          </ns3:TrackPointExtension>
        </extensions>
      </trkpt>
      <trkpt lat="30.6182918138802051544189453125" lon="103.9871921204030513763427734375">
        <ele>492.600006103515625</ele>
        <time>2026-02-27T12:24:21.000Z</time>
        <extensions>
          <ns3:TrackPointExtension>
            <ns3:hr>158</ns3:hr>
            <ns3:cad>89</ns3:cad>
          </ns3:TrackPointExtension>
        </extensions>
      </trkpt>
      <trkpt lat="30.61826390214264392852783203125" lon="103.98719270713627338409423828125">
        <ele>492.79998779296875</ele>
        <time>2026-02-27T12:24:22.000Z</time>
        <extensions>
          <ns3:TrackPointExtension>
            <ns3:hr>158</ns3:hr>
            <ns3:cad>89</ns3:cad>
          </ns3:TrackPointExtension>
        </extensions>
      </trkpt>
      <trkpt lat="30.618244707584381103515625" lon="103.9872011728584766387939453125">
        <ele>492.79998779296875</ele>
        <time>2026-02-27T12:24:23.000Z</time>
        <extensions>
          <ns3:TrackPointExtension>
            <ns3:hr>158</ns3:hr>
            <ns3:cad>89</ns3:cad>
          </ns3:TrackPointExtension>
        </extensions>
      </trkpt>
      <trkpt lat="30.618218891322612762451171875" lon="103.9872115664184093475341796875">
        <ele>492.79998779296875</ele>
        <time>2026-02-27T12:24:24.000Z</time>
        <extensions>
          <ns3:TrackPointExtension>
            <ns3:hr>158</ns3:hr>
            <ns3:cad>89</ns3:cad>
          </ns3:TrackPointExtension>
        </extensions>
      </trkpt>
      <trkpt lat="30.6181977689266204833984375" lon="103.98722179234027862548828125">
        <ele>492.79998779296875</ele>
        <time>2026-02-27T12:24:25.000Z</time>
        <extensions>
          <ns3:TrackPointExtension>
            <ns3:hr>159</ns3:hr>
            <ns3:cad>89</ns3:cad>
          </ns3:TrackPointExtension>
        </extensions>
      </trkpt>
      <trkpt lat="30.61817253939807415008544921875" lon="103.9872360415756702423095703125">
        <ele>492.79998779296875</ele>
        <time>2026-02-27T12:24:26.000Z</time>
        <extensions>
          <ns3:TrackPointExtension>
            <ns3:hr>159</ns3:hr>
            <ns3:cad>90</ns3:cad>
          </ns3:TrackPointExtension>
        </extensions>
      </trkpt>
      <trkpt lat="30.6181560270488262176513671875" lon="103.98724953643977642059326171875">
        <ele>492.79998779296875</ele>
        <time>2026-02-27T12:24:27.000Z</time>
        <extensions>
          <ns3:TrackPointExtension>
            <ns3:hr>159</ns3:hr>
            <ns3:cad>90</ns3:cad>
          </ns3:TrackPointExtension>
        </extensions>
      </trkpt>
      <trkpt lat="30.61813540756702423095703125" lon="103.9872665517032146453857421875">
        <ele>492.79998779296875</ele>
        <time>2026-02-27T12:24:28.000Z</time>
        <extensions>
          <ns3:TrackPointExtension>
            <ns3:hr>159</ns3:hr>
            <ns3:cad>90</ns3:cad>
          </ns3:TrackPointExtension>
        </extensions>
      </trkpt>
      <trkpt lat="30.61811436899006366729736328125" lon="103.9872799627482891082763671875">
        <ele>493</ele>
        <time>2026-02-27T12:24:29.000Z</time>
        <extensions>
          <ns3:TrackPointExtension>
            <ns3:hr>159</ns3:hr>
            <ns3:cad>90</ns3:cad>
          </ns3:TrackPointExtension>
        </extensions>
      </trkpt>
      <trkpt lat="30.61810414306819438934326171875" lon="103.98730225861072540283203125">
        <ele>493.20001220703125</ele>
        <time>2026-02-27T12:24:30.000Z</time>
        <extensions>
          <ns3:TrackPointExtension>
            <ns3:hr>158</ns3:hr>
            <ns3:cad>89</ns3:cad>
          </ns3:TrackPointExtension>
        </extensions>
      </trkpt>
      <trkpt lat="30.61808838509023189544677734375" lon="103.98732061497867107391357421875">
        <ele>493.399993896484375</ele>
        <time>2026-02-27T12:24:31.000Z</time>
        <extensions>
          <ns3:TrackPointExtension>
            <ns3:hr>159</ns3:hr>
            <ns3:cad>88</ns3:cad>
          </ns3:TrackPointExtension>
        </extensions>
      </trkpt>
      <trkpt lat="30.61807950027287006378173828125" lon="103.9873359538614749908447265625">
        <ele>493.399993896484375</ele>
        <time>2026-02-27T12:24:32.000Z</time>
        <extensions>
          <ns3:TrackPointExtension>
            <ns3:hr>159</ns3:hr>
            <ns3:cad>88</ns3:cad>
          </ns3:TrackPointExtension>
        </extensions>
      </trkpt>
      <trkpt lat="30.61806441284716129302978515625" lon="103.98736151866614818572998046875">
        <ele>493.600006103515625</ele>
        <time>2026-02-27T12:24:33.000Z</time>
        <extensions>
          <ns3:TrackPointExtension>
            <ns3:hr>159</ns3:hr>
            <ns3:cad>88</ns3:cad>
          </ns3:TrackPointExtension>
        </extensions>
      </trkpt>
      <trkpt lat="30.61805569566786289215087890625" lon="103.98738046176731586456298828125">
        <ele>493.79998779296875</ele>
        <time>2026-02-27T12:24:34.000Z</time>
        <extensions>
          <ns3:TrackPointExtension>
            <ns3:hr>159</ns3:hr>
            <ns3:cad>88</ns3:cad>
          </ns3:TrackPointExtension>
        </extensions>
      </trkpt>
      <trkpt lat="30.61805133707821369171142578125" lon="103.98740091361105442047119140625">
        <ele>494</ele>
        <time>2026-02-27T12:24:35.000Z</time>
        <extensions>
          <ns3:TrackPointExtension>
            <ns3:hr>159</ns3:hr>
            <ns3:cad>88</ns3:cad>
          </ns3:TrackPointExtension>
        </extensions>
      </trkpt>
      <trkpt lat="30.6180416978895664215087890625" lon="103.9874237962067127227783203125">
        <ele>494.20001220703125</ele>
        <time>2026-02-27T12:24:36.000Z</time>
        <extensions>
          <ns3:TrackPointExtension>
            <ns3:hr>159</ns3:hr>
            <ns3:cad>88</ns3:cad>
          </ns3:TrackPointExtension>
        </extensions>
      </trkpt>
      <trkpt lat="30.6180383451282978057861328125" lon="103.98743913508951663970947265625">
        <ele>494.399993896484375</ele>
        <time>2026-02-27T12:24:37.000Z</time>
        <extensions>
          <ns3:TrackPointExtension>
            <ns3:hr>159</ns3:hr>
            <ns3:cad>85</ns3:cad>
          </ns3:TrackPointExtension>
        </extensions>
      </trkpt>
      <trkpt lat="30.6180316396057605743408203125" lon="103.9874633587896823883056640625">
        <ele>494.79998779296875</ele>
        <time>2026-02-27T12:24:38.000Z</time>
        <extensions>
          <ns3:TrackPointExtension>
            <ns3:hr>159</ns3:hr>
            <ns3:cad>85</ns3:cad>
          </ns3:TrackPointExtension>
        </extensions>
      </trkpt>
      <trkpt lat="30.61802803538739681243896484375" lon="103.987485654652118682861328125">
        <ele>495</ele>
        <time>2026-02-27T12:24:39.000Z</time>
        <extensions>
          <ns3:TrackPointExtension>
            <ns3:hr>159</ns3:hr>
            <ns3:cad>85</ns3:cad>
          </ns3:TrackPointExtension>
        </extensions>
      </trkpt>
      <trkpt lat="30.618024431169033050537109375" lon="103.98750602267682552337646484375">
        <ele>495.399993896484375</ele>
        <time>2026-02-27T12:24:40.000Z</time>
        <extensions>
          <ns3:TrackPointExtension>
            <ns3:hr>159</ns3:hr>
            <ns3:cad>85</ns3:cad>
          </ns3:TrackPointExtension>
        </extensions>
      </trkpt>
      <trkpt lat="30.61801873147487640380859375" lon="103.9875284023582935333251953125">
        <ele>495.600006103515625</ele>
        <time>2026-02-27T12:24:41.000Z</time>
        <extensions>
          <ns3:TrackPointExtension>
            <ns3:hr>160</ns3:hr>
            <ns3:cad>85</ns3:cad>
          </ns3:TrackPointExtension>
        </extensions>
      </trkpt>
      <trkpt lat="30.618019737303256988525390625" lon="103.98754558525979518890380859375">
        <ele>495.79998779296875</ele>
        <time>2026-02-27T12:24:42.000Z</time>
        <extensions>
          <ns3:TrackPointExtension>
            <ns3:hr>160</ns3:hr>
            <ns3:cad>85</ns3:cad>
          </ns3:TrackPointExtension>
        </extensions>
      </trkpt>
      <trkpt lat="30.6180145405232906341552734375" lon="103.9875666238367557525634765625">
        <ele>496</ele>
        <time>2026-02-27T12:24:43.000Z</time>
        <extensions>
          <ns3:TrackPointExtension>
            <ns3:hr>160</ns3:hr>
            <ns3:cad>84</ns3:cad>
          </ns3:TrackPointExtension>
        </extensions>
      </trkpt>
      <trkpt lat="30.6180125288665294647216796875" lon="103.98758749477565288543701171875">
        <ele>496.20001220703125</ele>
        <time>2026-02-27T12:24:44.000Z</time>
        <extensions>
          <ns3:TrackPointExtension>
            <ns3:hr>160</ns3:hr>
            <ns3:cad>84</ns3:cad>
          </ns3:TrackPointExtension>
        </extensions>
      </trkpt>
      <trkpt lat="30.61800624243915081024169921875" lon="103.98760861717164516448974609375">
        <ele>496.399993896484375</ele>
        <time>2026-02-27T12:24:45.000Z</time>
        <extensions>
          <ns3:TrackPointExtension>
            <ns3:hr>160</ns3:hr>
            <ns3:cad>83</ns3:cad>
          </ns3:TrackPointExtension>
        </extensions>
      </trkpt>
      <trkpt lat="30.61799995601177215576171875" lon="103.98763191886246204376220703125">
        <ele>496.600006103515625</ele>
        <time>2026-02-27T12:24:46.000Z</time>
        <extensions>
          <ns3:TrackPointExtension>
            <ns3:hr>159</ns3:hr>
            <ns3:cad>83</ns3:cad>
          </ns3:TrackPointExtension>
        </extensions>
      </trkpt>
      <trkpt lat="30.61799459159374237060546875" lon="103.987653292715549468994140625">
        <ele>496.79998779296875</ele>
        <time>2026-02-27T12:24:47.000Z</time>
        <extensions>
          <ns3:TrackPointExtension>
            <ns3:hr>160</ns3:hr>
            <ns3:cad>83</ns3:cad>
          </ns3:TrackPointExtension>
        </extensions>
      </trkpt>
      <trkpt lat="30.61798394657671451568603515625" lon="103.9876752533018589019775390625">
        <ele>496.79998779296875</ele>
        <time>2026-02-27T12:24:48.000Z</time>
        <extensions>
          <ns3:TrackPointExtension>
            <ns3:hr>160</ns3:hr>
            <ns3:cad>85</ns3:cad>
          </ns3:TrackPointExtension>
        </extensions>
      </trkpt>
      <trkpt lat="30.61797581613063812255859375" lon="103.9876980520784854888916015625">
        <ele>497</ele>
        <time>2026-02-27T12:24:49.000Z</time>
        <extensions>
          <ns3:TrackPointExtension>
            <ns3:hr>160</ns3:hr>
            <ns3:cad>87</ns3:cad>
          </ns3:TrackPointExtension>
        </extensions>
      </trkpt>
      <trkpt lat="30.61796030960977077484130859375" lon="103.98772470653057098388671875">
        <ele>497</ele>
        <time>2026-02-27T12:24:50.000Z</time>
        <extensions>
          <ns3:TrackPointExtension>
            <ns3:hr>160</ns3:hr>
            <ns3:cad>87</ns3:cad>
          </ns3:TrackPointExtension>
        </extensions>
      </trkpt>
      <trkpt lat="30.6179511733353137969970703125" lon="103.987747170031070709228515625">
        <ele>497.20001220703125</ele>
        <time>2026-02-27T12:24:51.000Z</time>
        <extensions>
          <ns3:TrackPointExtension>
            <ns3:hr>160</ns3:hr>
            <ns3:cad>87</ns3:cad>
          </ns3:TrackPointExtension>
        </extensions>
      </trkpt>
      <trkpt lat="30.61793264932930469512939453125" lon="103.98776887916028499603271484375">
        <ele>497.20001220703125</ele>
        <time>2026-02-27T12:24:52.000Z</time>
        <extensions>
          <ns3:TrackPointExtension>
            <ns3:hr>160</ns3:hr>
            <ns3:cad>87</ns3:cad>
          </ns3:TrackPointExtension>
        </extensions>
      </trkpt>
      <trkpt lat="30.61792175285518169403076171875" lon="103.98778731934726238250732421875">
        <ele>497.20001220703125</ele>
        <time>2026-02-27T12:24:53.000Z</time>
        <extensions>
          <ns3:TrackPointExtension>
            <ns3:hr>160</ns3:hr>
            <ns3:cad>86</ns3:cad>
          </ns3:TrackPointExtension>
        </extensions>
      </trkpt>
      <trkpt lat="30.61790071427822113037109375" lon="103.98780517280101776123046875">
        <ele>497.20001220703125</ele>
        <time>2026-02-27T12:24:54.000Z</time>
        <extensions>
          <ns3:TrackPointExtension>
            <ns3:hr>160</ns3:hr>
            <ns3:cad>86</ns3:cad>
          </ns3:TrackPointExtension>
        </extensions>
      </trkpt>
      <trkpt lat="30.61788688413798809051513671875" lon="103.98782252334058284759521484375">
        <ele>497</ele>
        <time>2026-02-27T12:24:55.000Z</time>
        <extensions>
          <ns3:TrackPointExtension>
            <ns3:hr>160</ns3:hr>
            <ns3:cad>87</ns3:cad>
          </ns3:TrackPointExtension>
        </extensions>
      </trkpt>
      <trkpt lat="30.61786358244717121124267578125" lon="103.98784599266946315765380859375">
        <ele>497</ele>
        <time>2026-02-27T12:24:56.000Z</time>
        <extensions>
          <ns3:TrackPointExtension>
            <ns3:hr>160</ns3:hr>
            <ns3:cad>88</ns3:cad>
          </ns3:TrackPointExtension>
        </extensions>
      </trkpt>
      <trkpt lat="30.6178517639636993408203125" lon="103.98786543868482112884521484375">
        <ele>497</ele>
        <time>2026-02-27T12:24:57.000Z</time>
        <extensions>
          <ns3:TrackPointExtension>
            <ns3:hr>160</ns3:hr>
            <ns3:cad>89</ns3:cad>
          </ns3:TrackPointExtension>
        </extensions>
      </trkpt>
      <trkpt lat="30.6178308092057704925537109375" lon="103.9878876507282257080078125">
        <ele>497</ele>
        <time>2026-02-27T12:24:58.000Z</time>
        <extensions>
          <ns3:TrackPointExtension>
            <ns3:hr>161</ns3:hr>
            <ns3:cad>89</ns3:cad>
          </ns3:TrackPointExtension>
        </extensions>
      </trkpt>
      <trkpt lat="30.6178157217800617218017578125" lon="103.9879075996577739715576171875">
        <ele>497</ele>
        <time>2026-02-27T12:24:59.000Z</time>
        <extensions>
          <ns3:TrackPointExtension>
            <ns3:hr>161</ns3:hr>
            <ns3:cad>89</ns3:cad>
          </ns3:TrackPointExtension>
        </extensions>
      </trkpt>
      <trkpt lat="30.61778898350894451141357421875" lon="103.98792612366378307342529296875">
        <ele>497</ele>
        <time>2026-02-27T12:25:00.000Z</time>
        <extensions>
          <ns3:TrackPointExtension>
            <ns3:hr>161</ns3:hr>
            <ns3:cad>89</ns3:cad>
          </ns3:TrackPointExtension>
        </extensions>
      </trkpt>
      <trkpt lat="30.61777406372129917144775390625" lon="103.9879394508898258209228515625">
        <ele>496.79998779296875</ele>
        <time>2026-02-27T12:25:01.000Z</time>
        <extensions>
          <ns3:TrackPointExtension>
            <ns3:hr>160</ns3:hr>
            <ns3:cad>89</ns3:cad>
          </ns3:TrackPointExtension>
        </extensions>
      </trkpt>
      <trkpt lat="30.61774958856403827667236328125" lon="103.98795126937329769134521484375">
        <ele>496.79998779296875</ele>
        <time>2026-02-27T12:25:02.000Z</time>
        <extensions>
          <ns3:TrackPointExtension>
            <ns3:hr>161</ns3:hr>
            <ns3:cad>89</ns3:cad>
          </ns3:TrackPointExtension>
        </extensions>
      </trkpt>
      <trkpt lat="30.61772980727255344390869140625" lon="103.9879595674574375152587890625">
        <ele>496.600006103515625</ele>
        <time>2026-02-27T12:25:03.000Z</time>
        <extensions>
          <ns3:TrackPointExtension>
            <ns3:hr>161</ns3:hr>
            <ns3:cad>89</ns3:cad>
          </ns3:TrackPointExtension>
        </extensions>
      </trkpt>
      <trkpt lat="30.61770499683916568756103515625" lon="103.98796551860868930816650390625">
        <ele>496.600006103515625</ele>
        <time>2026-02-27T12:25:04.000Z</time>
        <extensions>
          <ns3:TrackPointExtension>
            <ns3:hr>160</ns3:hr>
            <ns3:cad>89</ns3:cad>
          </ns3:TrackPointExtension>
        </extensions>
      </trkpt>
      <trkpt lat="30.6176827847957611083984375" lon="103.98797222413122653961181640625">
        <ele>496.399993896484375</ele>
        <time>2026-02-27T12:25:05.000Z</time>
        <extensions>
          <ns3:TrackPointExtension>
            <ns3:hr>160</ns3:hr>
            <ns3:cad>89</ns3:cad>
          </ns3:TrackPointExtension>
        </extensions>
      </trkpt>
      <trkpt lat="30.6176559627056121826171875" lon="103.98798261769115924835205078125">
        <ele>496.20001220703125</ele>
        <time>2026-02-27T12:25:06.000Z</time>
        <extensions>
          <ns3:TrackPointExtension>
            <ns3:hr>160</ns3:hr>
            <ns3:cad>90</ns3:cad>
          </ns3:TrackPointExtension>
        </extensions>
      </trkpt>
      <trkpt lat="30.6176319904625415802001953125" lon="103.9879910834133625030517578125">
        <ele>496.20001220703125</ele>
        <time>2026-02-27T12:25:07.000Z</time>
        <extensions>
          <ns3:TrackPointExtension>
            <ns3:hr>160</ns3:hr>
            <ns3:cad>90</ns3:cad>
          </ns3:TrackPointExtension>
        </extensions>
      </trkpt>
      <trkpt lat="30.6176055036485195159912109375" lon="103.98800189606845378875732421875">
        <ele>496</ele>
        <time>2026-02-27T12:25:08.000Z</time>
        <extensions>
          <ns3:TrackPointExtension>
            <ns3:hr>161</ns3:hr>
            <ns3:cad>89</ns3:cad>
          </ns3:TrackPointExtension>
        </extensions>
      </trkpt>
      <trkpt lat="30.6175803579390048980712890625" lon="103.9880101941525936126708984375">
        <ele>495.79998779296875</ele>
        <time>2026-02-27T12:25:09.000Z</time>
        <extensions>
          <ns3:TrackPointExtension>
            <ns3:hr>161</ns3:hr>
            <ns3:cad>88</ns3:cad>
          </ns3:TrackPointExtension>
        </extensions>
      </trkpt>
      <trkpt lat="30.617556385695934295654296875" lon="103.9880212582647800445556640625">
        <ele>495.600006103515625</ele>
        <time>2026-02-27T12:25:10.000Z</time>
        <extensions>
          <ns3:TrackPointExtension>
            <ns3:hr>161</ns3:hr>
            <ns3:cad>88</ns3:cad>
          </ns3:TrackPointExtension>
        </extensions>
      </trkpt>
      <trkpt lat="30.61753325164318084716796875" lon="103.9880386926233768463134765625">
        <ele>495.399993896484375</ele>
        <time>2026-02-27T12:25:11.000Z</time>
        <extensions>
          <ns3:TrackPointExtension>
            <ns3:hr>160</ns3:hr>
            <ns3:cad>88</ns3:cad>
          </ns3:TrackPointExtension>
        </extensions>
      </trkpt>
      <trkpt lat="30.617516823112964630126953125" lon="103.98805595934391021728515625">
        <ele>495</ele>
        <time>2026-02-27T12:25:12.000Z</time>
        <extensions>
          <ns3:TrackPointExtension>
            <ns3:hr>161</ns3:hr>
            <ns3:cad>88</ns3:cad>
          </ns3:TrackPointExtension>
        </extensions>
      </trkpt>
      <trkpt lat="30.61749679036438465118408203125" lon="103.988071717321872711181640625">
        <ele>494.79998779296875</ele>
        <time>2026-02-27T12:25:13.000Z</time>
        <extensions>
          <ns3:TrackPointExtension>
            <ns3:hr>161</ns3:hr>
            <ns3:cad>89</ns3:cad>
          </ns3:TrackPointExtension>
        </extensions>
      </trkpt>
      <trkpt lat="30.6174837984144687652587890625" lon="103.9880903251469135284423828125">
        <ele>494.600006103515625</ele>
        <time>2026-02-27T12:25:14.000Z</time>
        <extensions>
          <ns3:TrackPointExtension>
            <ns3:hr>160</ns3:hr>
            <ns3:cad>89</ns3:cad>
          </ns3:TrackPointExtension>
        </extensions>
      </trkpt>
      <trkpt lat="30.6174677051603794097900390625" lon="103.9881148003041744232177734375">
        <ele>494.399993896484375</ele>
        <time>2026-02-27T12:25:15.000Z</time>
        <extensions>
          <ns3:TrackPointExtension>
            <ns3:hr>160</ns3:hr>
            <ns3:cad>89</ns3:cad>
          </ns3:TrackPointExtension>
        </extensions>
      </trkpt>
      <trkpt lat="30.617460496723651885986328125" lon="103.98814447224140167236328125">
        <ele>494.20001220703125</ele>
        <time>2026-02-27T12:25:16.000Z</time>
        <extensions>
          <ns3:TrackPointExtension>
            <ns3:hr>161</ns3:hr>
            <ns3:cad>88</ns3:cad>
          </ns3:TrackPointExtension>
        </extensions>
      </trkpt>
      <trkpt lat="30.617455802857875823974609375" lon="103.9881768263876438140869140625">
        <ele>494</ele>
        <time>2026-02-27T12:25:17.000Z</time>
        <extensions>
          <ns3:TrackPointExtension>
            <ns3:hr>161</ns3:hr>
            <ns3:cad>88</ns3:cad>
          </ns3:TrackPointExtension>
        </extensions>
      </trkpt>
      <trkpt lat="30.61745789833366870880126953125" lon="103.9882068336009979248046875">
        <ele>493.79998779296875</ele>
        <time>2026-02-27T12:25:18.000Z</time>
        <extensions>
          <ns3:TrackPointExtension>
            <ns3:hr>161</ns3:hr>
            <ns3:cad>88</ns3:cad>
          </ns3:TrackPointExtension>
        </extensions>
      </trkpt>
      <trkpt lat="30.6174576468765735626220703125" lon="103.98824564181268215179443359375">
        <ele>493.600006103515625</ele>
        <time>2026-02-27T12:25:19.000Z</time>
        <extensions>
          <ns3:TrackPointExtension>
            <ns3:hr>161</ns3:hr>
            <ns3:cad>89</ns3:cad>
          </ns3:TrackPointExtension>
        </extensions>
      </trkpt>
      <trkpt lat="30.6174601614475250244140625" lon="103.988273553550243377685546875">
        <ele>493.399993896484375</ele>
        <time>2026-02-27T12:25:20.000Z</time>
        <extensions>
          <ns3:TrackPointExtension>
            <ns3:hr>160</ns3:hr>
            <ns3:cad>89</ns3:cad>
          </ns3:TrackPointExtension>
        </extensions>
      </trkpt>
      <trkpt lat="30.61746510677039623260498046875" lon="103.9883082546293735504150390625">
        <ele>493.399993896484375</ele>
        <time>2026-02-27T12:25:21.000Z</time>
        <extensions>
          <ns3:TrackPointExtension>
            <ns3:hr>160</ns3:hr>
            <ns3:cad>89</ns3:cad>
          </ns3:TrackPointExtension>
        </extensions>
      </trkpt>
      <trkpt lat="30.61747969128191471099853515625" lon="103.988332562148571014404296875">
        <ele>493.20001220703125</ele>
        <time>2026-02-27T12:25:22.000Z</time>
        <extensions>
          <ns3:TrackPointExtension>
            <ns3:hr>160</ns3:hr>
            <ns3:cad>89</ns3:cad>
          </ns3:TrackPointExtension>
        </extensions>
      </trkpt>
      <trkpt lat="30.61749611981213092803955078125" lon="103.988361395895481109619140625">
        <ele>493</ele>
        <time>2026-02-27T12:25:23.000Z</time>
        <extensions>
          <ns3:TrackPointExtension>
            <ns3:hr>160</ns3:hr>
            <ns3:cad>89</ns3:cad>
          </ns3:TrackPointExtension>
        </extensions>
      </trkpt>
      <trkpt lat="30.61751388944685459136962890625" lon="103.988377489149570465087890625">
        <ele>493</ele>
        <time>2026-02-27T12:25:24.000Z</time>
        <extensions>
          <ns3:TrackPointExtension>
            <ns3:hr>160</ns3:hr>
            <ns3:cad>87</ns3:cad>
          </ns3:TrackPointExtension>
        </extensions>
      </trkpt>
      <trkpt lat="30.61753325164318084716796875" lon="103.98839685134589672088623046875">
        <ele>492.79998779296875</ele>
        <time>2026-02-27T12:25:25.000Z</time>
        <extensions>
          <ns3:TrackPointExtension>
            <ns3:hr>160</ns3:hr>
            <ns3:cad>87</ns3:cad>
          </ns3:TrackPointExtension>
        </extensions>
      </trkpt>
      <trkpt lat="30.6175548769533634185791015625" lon="103.98840506561100482940673828125">
        <ele>492.600006103515625</ele>
        <time>2026-02-27T12:25:26.000Z</time>
        <extensions>
          <ns3:TrackPointExtension>
            <ns3:hr>160</ns3:hr>
            <ns3:cad>88</ns3:cad>
          </ns3:TrackPointExtension>
        </extensions>
      </trkpt>
      <trkpt lat="30.61758245341479778289794921875" lon="103.98841009475290775299072265625">
        <ele>492.600006103515625</ele>
        <time>2026-02-27T12:25:27.000Z</time>
        <extensions>
          <ns3:TrackPointExtension>
            <ns3:hr>160</ns3:hr>
            <ns3:cad>89</ns3:cad>
          </ns3:TrackPointExtension>
        </extensions>
      </trkpt>
      <trkpt lat="30.6176095269620418548583984375" lon="103.9884128607809543609619140625">
        <ele>492.399993896484375</ele>
        <time>2026-02-27T12:25:28.000Z</time>
        <extensions>
          <ns3:TrackPointExtension>
            <ns3:hr>160</ns3:hr>
            <ns3:cad>89</ns3:cad>
          </ns3:TrackPointExtension>
        </extensions>
      </trkpt>
      <trkpt lat="30.61763978563249111175537109375" lon="103.98841763846576213836669921875">
        <ele>492.399993896484375</ele>
        <time>2026-02-27T12:25:29.000Z</time>
        <extensions>
          <ns3:TrackPointExtension>
            <ns3:hr>160</ns3:hr>
            <ns3:cad>89</ns3:cad>
          </ns3:TrackPointExtension>
        </extensions>
      </trkpt>
      <trkpt lat="30.61766845174133777618408203125" lon="103.988419063389301300048828125">
        <ele>492.399993896484375</ele>
        <time>2026-02-27T12:25:30.000Z</time>
        <extensions>
          <ns3:TrackPointExtension>
            <ns3:hr>160</ns3:hr>
            <ns3:cad>89</ns3:cad>
          </ns3:TrackPointExtension>
        </extensions>
      </trkpt>
      <trkpt lat="30.61770021915435791015625" lon="103.9884162135422229766845703125">
        <ele>492.20001220703125</ele>
        <time>2026-02-27T12:25:31.000Z</time>
        <extensions>
          <ns3:TrackPointExtension>
            <ns3:hr>159</ns3:hr>
            <ns3:cad>88</ns3:cad>
          </ns3:TrackPointExtension>
        </extensions>
      </trkpt>
      <trkpt lat="30.61772645451128482818603515625" lon="103.98840741254389286041259765625">
        <ele>492.20001220703125</ele>
        <time>2026-02-27T12:25:32.000Z</time>
        <extensions>
          <ns3:TrackPointExtension>
            <ns3:hr>159</ns3:hr>
            <ns3:cad>87</ns3:cad>
          </ns3:TrackPointExtension>
        </extensions>
      </trkpt>
      <trkpt lat="30.6177580542862415313720703125" lon="103.9884011261165142059326171875">
        <ele>492.20001220703125</ele>
        <time>2026-02-27T12:25:33.000Z</time>
        <extensions>
          <ns3:TrackPointExtension>
            <ns3:hr>159</ns3:hr>
            <ns3:cad>87</ns3:cad>
          </ns3:TrackPointExtension>
        </extensions>
      </trkpt>
      <trkpt lat="30.61778496019542217254638671875" lon="103.9883960969746112823486328125">
        <ele>492.20001220703125</ele>
        <time>2026-02-27T12:25:34.000Z</time>
        <extensions>
          <ns3:TrackPointExtension>
            <ns3:hr>158</ns3:hr>
            <ns3:cad>89</ns3:cad>
          </ns3:TrackPointExtension>
        </extensions>
      </trkpt>
      <trkpt lat="30.61781127937138080596923828125" lon="103.9883877150714397430419921875">
        <ele>492</ele>
        <time>2026-02-27T12:25:35.000Z</time>
        <extensions>
          <ns3:TrackPointExtension>
            <ns3:hr>158</ns3:hr>
            <ns3:cad>89</ns3:cad>
          </ns3:TrackPointExtension>
        </extensions>
      </trkpt>
      <trkpt lat="30.61783634126186370849609375" lon="103.98838997818529605865478515625">
        <ele>492</ele>
        <time>2026-02-27T12:25:36.000Z</time>
        <extensions>
          <ns3:TrackPointExtension>
            <ns3:hr>157</ns3:hr>
            <ns3:cad>89</ns3:cad>
          </ns3:TrackPointExtension>
        </extensions>
      </trkpt>
      <trkpt lat="30.61786375008523464202880859375" lon="103.98839500732719898223876953125">
        <ele>492</ele>
        <time>2026-02-27T12:25:37.000Z</time>
        <extensions>
          <ns3:TrackPointExtension>
            <ns3:hr>157</ns3:hr>
            <ns3:cad>89</ns3:cad>
          </ns3:TrackPointExtension>
        </extensions>
      </trkpt>
      <trkpt lat="30.61788554303348064422607421875" lon="103.988410346210002899169921875">
        <ele>492</ele>
        <time>2026-02-27T12:25:38.000Z</time>
        <extensions>
          <ns3:TrackPointExtension>
            <ns3:hr>157</ns3:hr>
            <ns3:cad>88</ns3:cad>
          </ns3:TrackPointExtension>
        </extensions>
      </trkpt>
      <trkpt lat="30.6179095990955829620361328125" lon="103.98842032067477703094482421875">
        <ele>491.79998779296875</ele>
        <time>2026-02-27T12:25:39.000Z</time>
        <extensions>
          <ns3:TrackPointExtension>
            <ns3:hr>157</ns3:hr>
            <ns3:cad>88</ns3:cad>
          </ns3:TrackPointExtension>
        </extensions>
      </trkpt>
      <trkpt lat="30.6179313920438289642333984375" lon="103.98843456991016864776611328125">
        <ele>491.79998779296875</ele>
        <time>2026-02-27T12:25:40.000Z</time>
        <extensions>
          <ns3:TrackPointExtension>
            <ns3:hr>158</ns3:hr>
            <ns3:cad>88</ns3:cad>
          </ns3:TrackPointExtension>
        </extensions>
      </trkpt>
      <trkpt lat="30.61795226298272609710693359375" lon="103.988445214927196502685546875">
        <ele>491.79998779296875</ele>
        <time>2026-02-27T12:25:41.000Z</time>
        <extensions>
          <ns3:TrackPointExtension>
            <ns3:hr>157</ns3:hr>
            <ns3:cad>89</ns3:cad>
          </ns3:TrackPointExtension>
        </extensions>
      </trkpt>
      <trkpt lat="30.61797422356903553009033203125" lon="103.98846122436225414276123046875">
        <ele>491.79998779296875</ele>
        <time>2026-02-27T12:25:42.000Z</time>
        <extensions>
          <ns3:TrackPointExtension>
            <ns3:hr>157</ns3:hr>
            <ns3:cad>89</ns3:cad>
          </ns3:TrackPointExtension>
        </extensions>
      </trkpt>
      <trkpt lat="30.617998950183391571044921875" lon="103.9884748868644237518310546875">
        <ele>491.79998779296875</ele>
        <time>2026-02-27T12:25:43.000Z</time>
        <extensions>
          <ns3:TrackPointExtension>
            <ns3:hr>156</ns3:hr>
            <ns3:cad>89</ns3:cad>
          </ns3:TrackPointExtension>
        </extensions>
      </trkpt>
      <trkpt lat="30.6180178932845592498779296875" lon="103.98849274031817913055419921875">
        <ele>491.79998779296875</ele>
        <time>2026-02-27T12:25:44.000Z</time>
        <extensions>
          <ns3:TrackPointExtension>
            <ns3:hr>156</ns3:hr>
            <ns3:cad>89</ns3:cad>
          </ns3:TrackPointExtension>
        </extensions>
      </trkpt>
      <trkpt lat="30.61803440563380718231201171875" lon="103.9885067380964756011962890625">
        <ele>491.79998779296875</ele>
        <time>2026-02-27T12:25:45.000Z</time>
        <extensions>
          <ns3:TrackPointExtension>
            <ns3:hr>156</ns3:hr>
            <ns3:cad>88</ns3:cad>
          </ns3:TrackPointExtension>
        </extensions>
      </trkpt>
      <trkpt lat="30.61805251054465770721435546875" lon="103.98852559737861156463623046875">
        <ele>491.79998779296875</ele>
        <time>2026-02-27T12:25:46.000Z</time>
        <extensions>
          <ns3:TrackPointExtension>
            <ns3:hr>156</ns3:hr>
            <ns3:cad>88</ns3:cad>
          </ns3:TrackPointExtension>
        </extensions>
      </trkpt>
      <trkpt lat="30.61807078309357166290283203125" lon="103.9885466359555721282958984375">
        <ele>491.600006103515625</ele>
        <time>2026-02-27T12:25:47.000Z</time>
        <extensions>
          <ns3:TrackPointExtension>
            <ns3:hr>156</ns3:hr>
            <ns3:cad>89</ns3:cad>
          </ns3:TrackPointExtension>
        </extensions>
      </trkpt>
      <trkpt lat="30.618085451424121856689453125" lon="103.988571278750896453857421875">
        <ele>491.600006103515625</ele>
        <time>2026-02-27T12:25:48.000Z</time>
        <extensions>
          <ns3:TrackPointExtension>
            <ns3:hr>156</ns3:hr>
            <ns3:cad>89</ns3:cad>
          </ns3:TrackPointExtension>
        </extensions>
      </trkpt>
      <trkpt lat="30.6180993653833866119384765625" lon="103.988591395318508148193359375">
        <ele>491.600006103515625</ele>
        <time>2026-02-27T12:25:49.000Z</time>
        <extensions>
          <ns3:TrackPointExtension>
            <ns3:hr>156</ns3:hr>
            <ns3:cad>89</ns3:cad>
          </ns3:TrackPointExtension>
        </extensions>
      </trkpt>
      <trkpt lat="30.61810950748622417449951171875" lon="103.98861796595156192779541015625">
        <ele>491.600006103515625</ele>
        <time>2026-02-27T12:25:50.000Z</time>
        <extensions>
          <ns3:TrackPointExtension>
            <ns3:hr>156</ns3:hr>
            <ns3:cad>90</ns3:cad>
          </ns3:TrackPointExtension>
        </extensions>
      </trkpt>
      <trkpt lat="30.6181184761226177215576171875" lon="103.988636992871761322021484375">
        <ele>491.600006103515625</ele>
        <time>2026-02-27T12:25:51.000Z</time>
        <extensions>
          <ns3:TrackPointExtension>
            <ns3:hr>156</ns3:hr>
            <ns3:cad>90</ns3:cad>
          </ns3:TrackPointExtension>
        </extensions>
      </trkpt>
      <trkpt lat="30.61812543310225009918212890625" lon="103.988666832447052001953125">
        <ele>491.600006103515625</ele>
        <time>2026-02-27T12:25:52.000Z</time>
        <extensions>
          <ns3:TrackPointExtension>
            <ns3:hr>156</ns3:hr>
            <ns3:cad>90</ns3:cad>
          </ns3:TrackPointExtension>
        </extensions>
      </trkpt>
      <trkpt lat="30.6181349046528339385986328125" lon="103.988687954843044281005859375">
        <ele>491.600006103515625</ele>
        <time>2026-02-27T12:25:53.000Z</time>
        <extensions>
          <ns3:TrackPointExtension>
            <ns3:hr>156</ns3:hr>
            <ns3:cad>89</ns3:cad>
          </ns3:TrackPointExtension>
        </extensions>
      </trkpt>
      <trkpt lat="30.61814102344214916229248046875" lon="103.98871955461800098419189453125">
        <ele>491.600006103515625</ele>
        <time>2026-02-27T12:25:54.000Z</time>
        <extensions>
          <ns3:TrackPointExtension>
            <ns3:hr>156</ns3:hr>
            <ns3:cad>88</ns3:cad>
          </ns3:TrackPointExtension>
        </extensions>
      </trkpt>
      <trkpt lat="30.61814957298338413238525390625" lon="103.98874067701399326324462890625">
        <ele>491.600006103515625</ele>
        <time>2026-02-27T12:25:55.000Z</time>
        <extensions>
          <ns3:TrackPointExtension>
            <ns3:hr>156</ns3:hr>
            <ns3:cad>88</ns3:cad>
          </ns3:TrackPointExtension>
        </extensions>
      </trkpt>
      <trkpt lat="30.618150494992733001708984375" lon="103.98877671919763088226318359375">
        <ele>491.600006103515625</ele>
        <time>2026-02-27T12:25:56.000Z</time>
        <extensions>
          <ns3:TrackPointExtension>
            <ns3:hr>156</ns3:hr>
            <ns3:cad>88</ns3:cad>
          </ns3:TrackPointExtension>
        </extensions>
      </trkpt>
      <trkpt lat="30.61815560795366764068603515625" lon="103.9888007752597332000732421875">
        <ele>491.600006103515625</ele>
        <time>2026-02-27T12:25:57.000Z</time>
        <extensions>
          <ns3:TrackPointExtension>
            <ns3:hr>156</ns3:hr>
            <ns3:cad>88</ns3:cad>
          </ns3:TrackPointExtension>
        </extensions>
      </trkpt>
      <trkpt lat="30.6181550212204456329345703125" lon="103.98883790709078311920166015625">
        <ele>491.600006103515625</ele>
        <time>2026-02-27T12:25:58.000Z</time>
        <extensions>
          <ns3:TrackPointExtension>
            <ns3:hr>156</ns3:hr>
            <ns3:cad>89</ns3:cad>
          </ns3:TrackPointExtension>
        </extensions>
      </trkpt>
      <trkpt lat="30.61815954744815826416015625" lon="103.98886196315288543701171875">
        <ele>491.399993896484375</ele>
        <time>2026-02-27T12:25:59.000Z</time>
        <extensions>
          <ns3:TrackPointExtension>
            <ns3:hr>156</ns3:hr>
            <ns3:cad>89</ns3:cad>
          </ns3:TrackPointExtension>
        </extensions>
      </trkpt>
      <trkpt lat="30.6181570328772068023681640625" lon="103.98889490403234958648681640625">
        <ele>491.600006103515625</ele>
        <time>2026-02-27T12:26:00.000Z</time>
        <extensions>
          <ns3:TrackPointExtension>
            <ns3:hr>156</ns3:hr>
            <ns3:cad>89</ns3:cad>
          </ns3:TrackPointExtension>
        </extensions>
      </trkpt>
      <trkpt lat="30.6181600503623485565185546875" lon="103.98892021737992763519287109375">
        <ele>491.399993896484375</ele>
        <time>2026-02-27T12:26:01.000Z</time>
        <extensions>
          <ns3:TrackPointExtension>
            <ns3:hr>156</ns3:hr>
            <ns3:cad>89</ns3:cad>
          </ns3:TrackPointExtension>
        </extensions>
      </trkpt>
      <trkpt lat="30.61815954744815826416015625" lon="103.98895625956356525421142578125">
        <ele>491.399993896484375</ele>
        <time>2026-02-27T12:26:02.000Z</time>
        <extensions>
          <ns3:TrackPointExtension>
            <ns3:hr>156</ns3:hr>
            <ns3:cad>89</ns3:cad>
          </ns3:TrackPointExtension>
        </extensions>
      </trkpt>
      <trkpt lat="30.61815912835299968719482421875" lon="103.98898140527307987213134765625">
        <ele>491.399993896484375</ele>
        <time>2026-02-27T12:26:03.000Z</time>
        <extensions>
          <ns3:TrackPointExtension>
            <ns3:hr>156</ns3:hr>
            <ns3:cad>89</ns3:cad>
          </ns3:TrackPointExtension>
        </extensions>
      </trkpt>
      <trkpt lat="30.618147142231464385986328125" lon="103.98901107721030712127685546875">
        <ele>491.399993896484375</ele>
        <time>2026-02-27T12:26:04.000Z</time>
        <extensions>
          <ns3:TrackPointExtension>
            <ns3:hr>156</ns3:hr>
            <ns3:cad>89</ns3:cad>
          </ns3:TrackPointExtension>
        </extensions>
      </trkpt>
      <trkpt lat="30.61814370565116405487060546875" lon="103.98903538472950458526611328125">
        <ele>491.399993896484375</ele>
        <time>2026-02-27T12:26:05.000Z</time>
        <extensions>
          <ns3:TrackPointExtension>
            <ns3:hr>156</ns3:hr>
            <ns3:cad>89</ns3:cad>
          </ns3:TrackPointExtension>
        </extensions>
      </trkpt>
      <trkpt lat="30.61813138425350189208984375" lon="103.98906405083835124969482421875">
        <ele>491.399993896484375</ele>
        <time>2026-02-27T12:26:06.000Z</time>
        <extensions>
          <ns3:TrackPointExtension>
            <ns3:hr>156</ns3:hr>
            <ns3:cad>89</ns3:cad>
          </ns3:TrackPointExtension>
        </extensions>
      </trkpt>
      <trkpt lat="30.61812392435967922210693359375" lon="103.98908592760562896728515625">
        <ele>491.399993896484375</ele>
        <time>2026-02-27T12:26:07.000Z</time>
        <extensions>
          <ns3:TrackPointExtension>
            <ns3:hr>156</ns3:hr>
            <ns3:cad>89</ns3:cad>
          </ns3:TrackPointExtension>
        </extensions>
      </trkpt>
      <trkpt lat="30.61810992658138275146484375" lon="103.98911450989544391632080078125">
        <ele>491.399993896484375</ele>
        <time>2026-02-27T12:26:08.000Z</time>
        <extensions>
          <ns3:TrackPointExtension>
            <ns3:hr>156</ns3:hr>
            <ns3:cad>89</ns3:cad>
          </ns3:TrackPointExtension>
        </extensions>
      </trkpt>
      <trkpt lat="30.6181020475924015045166015625" lon="103.98913714103400707244873046875">
        <ele>491.399993896484375</ele>
        <time>2026-02-27T12:26:09.000Z</time>
        <extensions>
          <ns3:TrackPointExtension>
            <ns3:hr>156</ns3:hr>
            <ns3:cad>89</ns3:cad>
          </ns3:TrackPointExtension>
        </extensions>
      </trkpt>
      <trkpt lat="30.61809374950826168060302734375" lon="103.989166729152202606201171875">
        <ele>491.399993896484375</ele>
        <time>2026-02-27T12:26:10.000Z</time>
        <extensions>
          <ns3:TrackPointExtension>
            <ns3:hr>156</ns3:hr>
            <ns3:cad>89</ns3:cad>
          </ns3:TrackPointExtension>
        </extensions>
      </trkpt>
      <trkpt lat="30.6180973537266254425048828125" lon="103.98919589817523956298828125">
        <ele>491.600006103515625</ele>
        <time>2026-02-27T12:26:11.000Z</time>
        <extensions>
          <ns3:TrackPointExtension>
            <ns3:hr>156</ns3:hr>
            <ns3:cad>89</ns3:cad>
          </ns3:TrackPointExtension>
        </extensions>
      </trkpt>
      <trkpt lat="30.61809609644114971160888671875" lon="103.98922950960695743560791015625">
        <ele>491.600006103515625</ele>
        <time>2026-02-27T12:26:12.000Z</time>
        <extensions>
          <ns3:TrackPointExtension>
            <ns3:hr>156</ns3:hr>
            <ns3:cad>89</ns3:cad>
          </ns3:TrackPointExtension>
        </extensions>
      </trkpt>
      <trkpt lat="30.61810933984816074371337890625" lon="103.989251554012298583984375">
        <ele>491.399993896484375</ele>
        <time>2026-02-27T12:26:13.000Z</time>
        <extensions>
          <ns3:TrackPointExtension>
            <ns3:hr>155</ns3:hr>
            <ns3:cad>90</ns3:cad>
          </ns3:TrackPointExtension>
        </extensions>
      </trkpt>
      <trkpt lat="30.61812023632228374481201171875" lon="103.98928231559693813323974609375">
        <ele>491.399993896484375</ele>
        <time>2026-02-27T12:26:14.000Z</time>
        <extensions>
          <ns3:TrackPointExtension>
            <ns3:hr>156</ns3:hr>
            <ns3:cad>90</ns3:cad>
          </ns3:TrackPointExtension>
        </extensions>
      </trkpt>
      <trkpt lat="30.6181328929960727691650390625" lon="103.9893050305545330047607421875">
        <ele>491.399993896484375</ele>
        <time>2026-02-27T12:26:15.000Z</time>
        <extensions>
          <ns3:TrackPointExtension>
            <ns3:hr>156</ns3:hr>
            <ns3:cad>89</ns3:cad>
          </ns3:TrackPointExtension>
        </extensions>
      </trkpt>
      <trkpt lat="30.618148148059844970703125" lon="103.98932975716888904571533203125">
        <ele>491.20001220703125</ele>
        <time>2026-02-27T12:26:16.000Z</time>
        <extensions>
          <ns3:TrackPointExtension>
            <ns3:hr>156</ns3:hr>
            <ns3:cad>89</ns3:cad>
          </ns3:TrackPointExtension>
        </extensions>
      </trkpt>
      <trkpt lat="30.61816432513296604156494140625" lon="103.9893476106226444244384765625">
        <ele>491.20001220703125</ele>
        <time>2026-02-27T12:26:17.000Z</time>
        <extensions>
          <ns3:TrackPointExtension>
            <ns3:hr>156</ns3:hr>
            <ns3:cad>89</ns3:cad>
          </ns3:TrackPointExtension>
        </extensions>
      </trkpt>
      <trkpt lat="30.618182681500911712646484375" lon="103.9893734268844127655029296875">
        <ele>491.20001220703125</ele>
        <time>2026-02-27T12:26:18.000Z</time>
        <extensions>
          <ns3:TrackPointExtension>
            <ns3:hr>156</ns3:hr>
            <ns3:cad>89</ns3:cad>
          </ns3:TrackPointExtension>
        </extensions>
      </trkpt>
      <trkpt lat="30.6181962601840496063232421875" lon="103.9893915317952632904052734375">
        <ele>491.20001220703125</ele>
        <time>2026-02-27T12:26:19.000Z</time>
        <extensions>
          <ns3:TrackPointExtension>
            <ns3:hr>156</ns3:hr>
            <ns3:cad>89</ns3:cad>
          </ns3:TrackPointExtension>
        </extensions>
      </trkpt>
      <trkpt lat="30.6182110123336315155029296875" lon="103.98941340856254100799560546875">
        <ele>491.20001220703125</ele>
        <time>2026-02-27T12:26:20.000Z</time>
        <extensions>
          <ns3:TrackPointExtension>
            <ns3:hr>156</ns3:hr>
            <ns3:cad>89</ns3:cad>
          </ns3:TrackPointExtension>
        </extensions>
      </trkpt>
      <trkpt lat="30.618224926292896270751953125" lon="103.98943126201629638671875">
        <ele>491.399993896484375</ele>
        <time>2026-02-27T12:26:21.000Z</time>
        <extensions>
          <ns3:TrackPointExtension>
            <ns3:hr>156</ns3:hr>
            <ns3:cad>89</ns3:cad>
          </ns3:TrackPointExtension>
        </extensions>
      </trkpt>
      <trkpt lat="30.61823825351893901824951171875" lon="103.98945213295519351959228515625">
        <ele>491.600006103515625</ele>
        <time>2026-02-27T12:26:22.000Z</time>
        <extensions>
          <ns3:TrackPointExtension>
            <ns3:hr>156</ns3:hr>
            <ns3:cad>89</ns3:cad>
          </ns3:TrackPointExtension>
        </extensions>
      </trkpt>
      <trkpt lat="30.61824562959372997283935546875" lon="103.9894755184650421142578125">
        <ele>491.79998779296875</ele>
        <time>2026-02-27T12:26:23.000Z</time>
        <extensions>
          <ns3:TrackPointExtension>
            <ns3:hr>156</ns3:hr>
            <ns3:cad>89</ns3:cad>
          </ns3:TrackPointExtension>
        </extensions>
      </trkpt>
      <trkpt lat="30.61825367622077465057373046875" lon="103.98950091563165187835693359375">
        <ele>491.79998779296875</ele>
        <time>2026-02-27T12:26:24.000Z</time>
        <extensions>
          <ns3:TrackPointExtension>
            <ns3:hr>156</ns3:hr>
            <ns3:cad>88</ns3:cad>
          </ns3:TrackPointExtension>
        </extensions>
      </trkpt>
      <trkpt lat="30.61826172284781932830810546875" lon="103.989525474607944488525390625">
        <ele>492</ele>
        <time>2026-02-27T12:26:25.000Z</time>
        <extensions>
          <ns3:TrackPointExtension>
            <ns3:hr>156</ns3:hr>
            <ns3:cad>88</ns3:cad>
          </ns3:TrackPointExtension>
        </extensions>
      </trkpt>
      <trkpt lat="30.618271864950656890869140625" lon="103.989550955593585968017578125">
        <ele>492</ele>
        <time>2026-02-27T12:26:26.000Z</time>
        <extensions>
          <ns3:TrackPointExtension>
            <ns3:hr>156</ns3:hr>
            <ns3:cad>88</ns3:cad>
          </ns3:TrackPointExtension>
        </extensions>
      </trkpt>
      <trkpt lat="30.618276558816432952880859375" lon="103.989573419094085693359375">
        <ele>492.20001220703125</ele>
        <time>2026-02-27T12:26:27.000Z</time>
        <extensions>
          <ns3:TrackPointExtension>
            <ns3:hr>156</ns3:hr>
            <ns3:cad>88</ns3:cad>
          </ns3:TrackPointExtension>
        </extensions>
      </trkpt>
      <trkpt lat="30.61828888021409511566162109375" lon="103.9895950444042682647705078125">
        <ele>492.20001220703125</ele>
        <time>2026-02-27T12:26:28.000Z</time>
        <extensions>
          <ns3:TrackPointExtension>
            <ns3:hr>156</ns3:hr>
            <ns3:cad>89</ns3:cad>
          </ns3:TrackPointExtension>
        </extensions>
      </trkpt>
      <trkpt lat="30.61830296181142330169677734375" lon="103.98961298167705535888671875">
        <ele>492.20001220703125</ele>
        <time>2026-02-27T12:26:29.000Z</time>
        <extensions>
          <ns3:TrackPointExtension>
            <ns3:hr>156</ns3:hr>
            <ns3:cad>90</ns3:cad>
          </ns3:TrackPointExtension>
        </extensions>
      </trkpt>
      <trkpt lat="30.61831637285649776458740234375" lon="103.98963184095919132232666015625">
        <ele>492.399993896484375</ele>
        <time>2026-02-27T12:26:30.000Z</time>
        <extensions>
          <ns3:TrackPointExtension>
            <ns3:hr>155</ns3:hr>
            <ns3:cad>90</ns3:cad>
          </ns3:TrackPointExtension>
        </extensions>
      </trkpt>
      <trkpt lat="30.61833120882511138916015625" lon="103.98964977823197841644287109375">
        <ele>492.399993896484375</ele>
        <time>2026-02-27T12:26:31.000Z</time>
        <extensions>
          <ns3:TrackPointExtension>
            <ns3:hr>156</ns3:hr>
            <ns3:cad>90</ns3:cad>
          </ns3:TrackPointExtension>
        </extensions>
      </trkpt>
      <trkpt lat="30.618346296250820159912109375" lon="103.98966260254383087158203125">
        <ele>492.399993896484375</ele>
        <time>2026-02-27T12:26:32.000Z</time>
        <extensions>
          <ns3:TrackPointExtension>
            <ns3:hr>156</ns3:hr>
            <ns3:cad>90</ns3:cad>
          </ns3:TrackPointExtension>
        </extensions>
      </trkpt>
      <trkpt lat="30.6183615513145923614501953125" lon="103.98968397639691829681396484375">
        <ele>492.399993896484375</ele>
        <time>2026-02-27T12:26:33.000Z</time>
        <extensions>
          <ns3:TrackPointExtension>
            <ns3:hr>156</ns3:hr>
            <ns3:cad>89</ns3:cad>
          </ns3:TrackPointExtension>
        </extensions>
      </trkpt>
      <trkpt lat="30.618377141654491424560546875" lon="103.98970006965100765228271484375">
        <ele>492.399993896484375</ele>
        <time>2026-02-27T12:26:34.000Z</time>
        <extensions>
          <ns3:TrackPointExtension>
            <ns3:hr>156</ns3:hr>
            <ns3:cad>89</ns3:cad>
          </ns3:TrackPointExtension>
        </extensions>
      </trkpt>
      <trkpt lat="30.6183908879756927490234375" lon="103.9897258020937442779541015625">
        <ele>492.399993896484375</ele>
        <time>2026-02-27T12:26:35.000Z</time>
        <extensions>
          <ns3:TrackPointExtension>
            <ns3:hr>155</ns3:hr>
            <ns3:cad>89</ns3:cad>
          </ns3:TrackPointExtension>
        </extensions>
      </trkpt>
      <trkpt lat="30.6184044666588306427001953125" lon="103.989745080471038818359375">
        <ele>492.399993896484375</ele>
        <time>2026-02-27T12:26:36.000Z</time>
        <extensions>
          <ns3:TrackPointExtension>
            <ns3:hr>156</ns3:hr>
            <ns3:cad>89</ns3:cad>
          </ns3:TrackPointExtension>
        </extensions>
      </trkpt>
      <trkpt lat="30.61841393820941448211669921875" lon="103.98976947180926799774169921875">
        <ele>492.399993896484375</ele>
        <time>2026-02-27T12:26:37.000Z</time>
        <extensions>
          <ns3:TrackPointExtension>
            <ns3:hr>156</ns3:hr>
            <ns3:cad>88</ns3:cad>
          </ns3:TrackPointExtension>
        </extensions>
      </trkpt>
      <trkpt lat="30.6184262596070766448974609375" lon="103.98979000747203826904296875">
        <ele>492.399993896484375</ele>
        <time>2026-02-27T12:26:38.000Z</time>
        <extensions>
          <ns3:TrackPointExtension>
            <ns3:hr>156</ns3:hr>
            <ns3:cad>88</ns3:cad>
          </ns3:TrackPointExtension>
        </extensions>
      </trkpt>
      <trkpt lat="30.61843774281442165374755859375" lon="103.98981456644833087921142578125">
        <ele>492.600006103515625</ele>
        <time>2026-02-27T12:26:39.000Z</time>
        <extensions>
          <ns3:TrackPointExtension>
            <ns3:hr>156</ns3:hr>
            <ns3:cad>88</ns3:cad>
          </ns3:TrackPointExtension>
        </extensions>
      </trkpt>
      <trkpt lat="30.61844763346016407012939453125" lon="103.9898371137678623199462890625">
        <ele>492.79998779296875</ele>
        <time>2026-02-27T12:26:40.000Z</time>
        <extensions>
          <ns3:TrackPointExtension>
            <ns3:hr>156</ns3:hr>
            <ns3:cad>89</ns3:cad>
          </ns3:TrackPointExtension>
        </extensions>
      </trkpt>
      <trkpt lat="30.61845383606851100921630859375" lon="103.98986645042896270751953125">
        <ele>492.79998779296875</ele>
        <time>2026-02-27T12:26:41.000Z</time>
        <extensions>
          <ns3:TrackPointExtension>
            <ns3:hr>156</ns3:hr>
            <ns3:cad>89</ns3:cad>
          </ns3:TrackPointExtension>
        </extensions>
      </trkpt>
      <trkpt lat="30.618464648723602294921875" lon="103.98989100940525531768798828125">
        <ele>492.79998779296875</ele>
        <time>2026-02-27T12:26:42.000Z</time>
        <extensions>
          <ns3:TrackPointExtension>
            <ns3:hr>156</ns3:hr>
            <ns3:cad>89</ns3:cad>
          </ns3:TrackPointExtension>
        </extensions>
      </trkpt>
      <trkpt lat="30.61847059987485408782958984375" lon="103.98992336355149745941162109375">
        <ele>492.79998779296875</ele>
        <time>2026-02-27T12:26:43.000Z</time>
        <extensions>
          <ns3:TrackPointExtension>
            <ns3:hr>155</ns3:hr>
            <ns3:cad>89</ns3:cad>
          </ns3:TrackPointExtension>
        </extensions>
      </trkpt>
      <trkpt lat="30.61848099343478679656982421875" lon="103.98994700051844120025634765625">
        <ele>492.600006103515625</ele>
        <time>2026-02-27T12:26:44.000Z</time>
        <extensions>
          <ns3:TrackPointExtension>
            <ns3:hr>156</ns3:hr>
            <ns3:cad>89</ns3:cad>
          </ns3:TrackPointExtension>
        </extensions>
      </trkpt>
      <trkpt lat="30.61848937533795833587646484375" lon="103.9899742417037487030029296875">
        <ele>492.600006103515625</ele>
        <time>2026-02-27T12:26:45.000Z</time>
        <extensions>
          <ns3:TrackPointExtension>
            <ns3:hr>156</ns3:hr>
            <ns3:cad>89</ns3:cad>
          </ns3:TrackPointExtension>
        </extensions>
      </trkpt>
      <trkpt lat="30.61849574558436870574951171875" lon="103.989998213946819305419921875">
        <ele>492.600006103515625</ele>
        <time>2026-02-27T12:26:46.000Z</time>
        <extensions>
          <ns3:TrackPointExtension>
            <ns3:hr>156</ns3:hr>
            <ns3:cad>89</ns3:cad>
          </ns3:TrackPointExtension>
        </extensions>
      </trkpt>
      <trkpt lat="30.618498511612415313720703125" lon="103.9900307357311248779296875">
        <ele>492.600006103515625</ele>
        <time>2026-02-27T12:26:47.000Z</time>
        <extensions>
          <ns3:TrackPointExtension>
            <ns3:hr>155</ns3:hr>
            <ns3:cad>89</ns3:cad>
          </ns3:TrackPointExtension>
        </extensions>
      </trkpt>
      <trkpt lat="30.61850580386817455291748046875" lon="103.99005546234548091888427734375">
        <ele>492.79998779296875</ele>
        <time>2026-02-27T12:26:48.000Z</time>
        <extensions>
          <ns3:TrackPointExtension>
            <ns3:hr>156</ns3:hr>
            <ns3:cad>89</ns3:cad>
          </ns3:TrackPointExtension>
        </extensions>
      </trkpt>
      <trkpt lat="30.61850597150623798370361328125" lon="103.990088067948818206787109375">
        <ele>492.79998779296875</ele>
        <time>2026-02-27T12:26:49.000Z</time>
        <extensions>
          <ns3:TrackPointExtension>
            <ns3:hr>156</ns3:hr>
            <ns3:cad>89</ns3:cad>
          </ns3:TrackPointExtension>
        </extensions>
      </trkpt>
      <trkpt lat="30.61851301230490207672119140625" lon="103.990112878382205963134765625">
        <ele>492.600006103515625</ele>
        <time>2026-02-27T12:26:50.000Z</time>
        <extensions>
          <ns3:TrackPointExtension>
            <ns3:hr>156</ns3:hr>
            <ns3:cad>90</ns3:cad>
          </ns3:TrackPointExtension>
        </extensions>
      </trkpt>
      <trkpt lat="30.61851670034229755401611328125" lon="103.9901433885097503662109375">
        <ele>492.600006103515625</ele>
        <time>2026-02-27T12:26:51.000Z</time>
        <extensions>
          <ns3:TrackPointExtension>
            <ns3:hr>156</ns3:hr>
            <ns3:cad>90</ns3:cad>
          </ns3:TrackPointExtension>
        </extensions>
      </trkpt>
      <trkpt lat="30.61852524988353252410888671875" lon="103.99016685783863067626953125">
        <ele>492.600006103515625</ele>
        <time>2026-02-27T12:26:52.000Z</time>
        <extensions>
          <ns3:TrackPointExtension>
            <ns3:hr>156</ns3:hr>
            <ns3:cad>90</ns3:cad>
          </ns3:TrackPointExtension>
        </extensions>
      </trkpt>
      <trkpt lat="30.618534050881862640380859375" lon="103.99019879288971424102783203125">
        <ele>492.600006103515625</ele>
        <time>2026-02-27T12:26:53.000Z</time>
        <extensions>
          <ns3:TrackPointExtension>
            <ns3:hr>156</ns3:hr>
            <ns3:cad>89</ns3:cad>
          </ns3:TrackPointExtension>
        </extensions>
      </trkpt>
      <trkpt lat="30.6185456179082393646240234375" lon="103.99022142402827739715576171875">
        <ele>492.600006103515625</ele>
        <time>2026-02-27T12:26:54.000Z</time>
        <extensions>
          <ns3:TrackPointExtension>
            <ns3:hr>156</ns3:hr>
            <ns3:cad>89</ns3:cad>
          </ns3:TrackPointExtension>
        </extensions>
      </trkpt>
      <trkpt lat="30.61855894513428211212158203125" lon="103.9902515150606632232666015625">
        <ele>492.600006103515625</ele>
        <time>2026-02-27T12:26:55.000Z</time>
        <extensions>
          <ns3:TrackPointExtension>
            <ns3:hr>156</ns3:hr>
            <ns3:cad>89</ns3:cad>
          </ns3:TrackPointExtension>
        </extensions>
      </trkpt>
      <trkpt lat="30.618571937084197998046875" lon="103.9902723021805286407470703125">
        <ele>492.600006103515625</ele>
        <time>2026-02-27T12:26:56.000Z</time>
        <extensions>
          <ns3:TrackPointExtension>
            <ns3:hr>156</ns3:hr>
            <ns3:cad>89</ns3:cad>
          </ns3:TrackPointExtension>
        </extensions>
      </trkpt>
      <trkpt lat="30.61858995817601680755615234375" lon="103.99029694497585296630859375">
        <ele>492.600006103515625</ele>
        <time>2026-02-27T12:26:57.000Z</time>
        <extensions>
          <ns3:TrackPointExtension>
            <ns3:hr>156</ns3:hr>
            <ns3:cad>89</ns3:cad>
          </ns3:TrackPointExtension>
        </extensions>
      </trkpt>
      <trkpt lat="30.61860739253461360931396484375" lon="103.9903168939054012298583984375">
        <ele>492.600006103515625</ele>
        <time>2026-02-27T12:26:58.000Z</time>
        <extensions>
          <ns3:TrackPointExtension>
            <ns3:hr>156</ns3:hr>
            <ns3:cad>90</ns3:cad>
          </ns3:TrackPointExtension>
        </extensions>
      </trkpt>
      <trkpt lat="30.61862918548285961151123046875" lon="103.9903391897678375244140625">
        <ele>492.79998779296875</ele>
        <time>2026-02-27T12:26:59.000Z</time>
        <extensions>
          <ns3:TrackPointExtension>
            <ns3:hr>156</ns3:hr>
            <ns3:cad>90</ns3:cad>
          </ns3:TrackPointExtension>
        </extensions>
      </trkpt>
      <trkpt lat="30.6186455301940441131591796875" lon="103.99035536684095859527587890625">
        <ele>492.79998779296875</ele>
        <time>2026-02-27T12:27:00.000Z</time>
        <extensions>
          <ns3:TrackPointExtension>
            <ns3:hr>156</ns3:hr>
            <ns3:cad>90</ns3:cad>
          </ns3:TrackPointExtension>
        </extensions>
      </trkpt>
      <trkpt lat="30.6186696700751781463623046875" lon="103.990375734865665435791015625">
        <ele>492.79998779296875</ele>
        <time>2026-02-27T12:27:01.000Z</time>
        <extensions>
          <ns3:TrackPointExtension>
            <ns3:hr>156</ns3:hr>
            <ns3:cad>90</ns3:cad>
          </ns3:TrackPointExtension>
        </extensions>
      </trkpt>
      <trkpt lat="30.61869104392826557159423828125" lon="103.990387134253978729248046875">
        <ele>492.600006103515625</ele>
        <time>2026-02-27T12:27:02.000Z</time>
        <extensions>
          <ns3:TrackPointExtension>
            <ns3:hr>156</ns3:hr>
            <ns3:cad>90</ns3:cad>
          </ns3:TrackPointExtension>
        </extensions>
      </trkpt>
      <trkpt lat="30.61871417798101902008056640625" lon="103.99040817283093929290771484375">
        <ele>492.600006103515625</ele>
        <time>2026-02-27T12:27:03.000Z</time>
        <extensions>
          <ns3:TrackPointExtension>
            <ns3:hr>156</ns3:hr>
            <ns3:cad>90</ns3:cad>
          </ns3:TrackPointExtension>
        </extensions>
      </trkpt>
      <trkpt lat="30.61873379163444042205810546875" lon="103.9904258586466312408447265625">
        <ele>492.600006103515625</ele>
        <time>2026-02-27T12:27:04.000Z</time>
        <extensions>
          <ns3:TrackPointExtension>
            <ns3:hr>157</ns3:hr>
            <ns3:cad>90</ns3:cad>
          </ns3:TrackPointExtension>
        </extensions>
      </trkpt>
      <trkpt lat="30.6187534891068935394287109375" lon="103.99045117199420928955078125">
        <ele>492.600006103515625</ele>
        <time>2026-02-27T12:27:05.000Z</time>
        <extensions>
          <ns3:TrackPointExtension>
            <ns3:hr>156</ns3:hr>
            <ns3:cad>91</ns3:cad>
          </ns3:TrackPointExtension>
        </extensions>
      </trkpt>
      <trkpt lat="30.61877218075096607208251953125" lon="103.99046634323894977569580078125">
        <ele>492.600006103515625</ele>
        <time>2026-02-27T12:27:06.000Z</time>
        <extensions>
          <ns3:TrackPointExtension>
            <ns3:hr>156</ns3:hr>
            <ns3:cad>91</ns3:cad>
          </ns3:TrackPointExtension>
        </extensions>
      </trkpt>
      <trkpt lat="30.61878911219537258148193359375" lon="103.99049601517617702484130859375">
        <ele>492.600006103515625</ele>
        <time>2026-02-27T12:27:07.000Z</time>
        <extensions>
          <ns3:TrackPointExtension>
            <ns3:hr>157</ns3:hr>
            <ns3:cad>90</ns3:cad>
          </ns3:TrackPointExtension>
        </extensions>
      </trkpt>
      <trkpt lat="30.6188051216304302215576171875" lon="103.99051596410572528839111328125">
        <ele>492.600006103515625</ele>
        <time>2026-02-27T12:27:08.000Z</time>
        <extensions>
          <ns3:TrackPointExtension>
            <ns3:hr>157</ns3:hr>
            <ns3:cad>89</ns3:cad>
          </ns3:TrackPointExtension>
        </extensions>
      </trkpt>
      <trkpt lat="30.6188205443322658538818359375" lon="103.99054312147200107574462890625">
        <ele>492.600006103515625</ele>
        <time>2026-02-27T12:27:09.000Z</time>
        <extensions>
          <ns3:TrackPointExtension>
            <ns3:hr>157</ns3:hr>
            <ns3:cad>88</ns3:cad>
          </ns3:TrackPointExtension>
        </extensions>
      </trkpt>
      <trkpt lat="30.61883286572992801666259765625" lon="103.99056340567767620086669921875">
        <ele>492.600006103515625</ele>
        <time>2026-02-27T12:27:10.000Z</time>
        <extensions>
          <ns3:TrackPointExtension>
            <ns3:hr>156</ns3:hr>
            <ns3:cad>88</ns3:cad>
          </ns3:TrackPointExtension>
        </extensions>
      </trkpt>
      <trkpt lat="30.61884208582341670989990234375" lon="103.99059542454779148101806640625">
        <ele>492.600006103515625</ele>
        <time>2026-02-27T12:27:11.000Z</time>
        <extensions>
          <ns3:TrackPointExtension>
            <ns3:hr>157</ns3:hr>
            <ns3:cad>88</ns3:cad>
          </ns3:TrackPointExtension>
        </extensions>
      </trkpt>
      <trkpt lat="30.6188530661165714263916015625" lon="103.99061772041022777557373046875">
        <ele>492.600006103515625</ele>
        <time>2026-02-27T12:27:12.000Z</time>
        <extensions>
          <ns3:TrackPointExtension>
            <ns3:hr>157</ns3:hr>
            <ns3:cad>89</ns3:cad>
          </ns3:TrackPointExtension>
        </extensions>
      </trkpt>
      <trkpt lat="30.61886169947683811187744140625" lon="103.99064906872808933258056640625">
        <ele>492.600006103515625</ele>
        <time>2026-02-27T12:27:13.000Z</time>
        <extensions>
          <ns3:TrackPointExtension>
            <ns3:hr>157</ns3:hr>
            <ns3:cad>90</ns3:cad>
          </ns3:TrackPointExtension>
        </extensions>
      </trkpt>
      <trkpt lat="30.6188715063035488128662109375" lon="103.99066985584795475006103515625">
        <ele>492.600006103515625</ele>
        <time>2026-02-27T12:27:14.000Z</time>
        <extensions>
          <ns3:TrackPointExtension>
            <ns3:hr>157</ns3:hr>
            <ns3:cad>90</ns3:cad>
          </ns3:TrackPointExtension>
        </extensions>
      </trkpt>
      <trkpt lat="30.61887997202575206756591796875" lon="103.99070053361356258392333984375">
        <ele>492.600006103515625</ele>
        <time>2026-02-27T12:27:15.000Z</time>
        <extensions>
          <ns3:TrackPointExtension>
            <ns3:hr>157</ns3:hr>
            <ns3:cad>89</ns3:cad>
          </ns3:TrackPointExtension>
        </extensions>
      </trkpt>
      <trkpt lat="30.61889036558568477630615234375" lon="103.99072584696114063262939453125">
        <ele>492.600006103515625</ele>
        <time>2026-02-27T12:27:16.000Z</time>
        <extensions>
          <ns3:TrackPointExtension>
            <ns3:hr>158</ns3:hr>
            <ns3:cad>89</ns3:cad>
          </ns3:TrackPointExtension>
        </extensions>
      </trkpt>
      <trkpt lat="30.61889304779469966888427734375" lon="103.9907602965831756591796875">
        <ele>492.600006103515625</ele>
        <time>2026-02-27T12:27:17.000Z</time>
        <extensions>
          <ns3:TrackPointExtension>
            <ns3:hr>157</ns3:hr>
            <ns3:cad>89</ns3:cad>
          </ns3:TrackPointExtension>
        </extensions>
      </trkpt>
      <trkpt lat="30.61889707110822200775146484375" lon="103.99078519083559513092041015625">
        <ele>492.79998779296875</ele>
        <time>2026-02-27T12:27:18.000Z</time>
        <extensions>
          <ns3:TrackPointExtension>
            <ns3:hr>157</ns3:hr>
            <ns3:cad>89</ns3:cad>
          </ns3:TrackPointExtension>
        </extensions>
      </trkpt>
      <trkpt lat="30.61889640055596828460693359375" lon="103.9908171258866786956787109375">
        <ele>492.79998779296875</ele>
        <time>2026-02-27T12:27:19.000Z</time>
        <extensions>
          <ns3:TrackPointExtension>
            <ns3:hr>158</ns3:hr>
            <ns3:cad>89</ns3:cad>
          </ns3:TrackPointExtension>
        </extensions>
      </trkpt>
      <trkpt lat="30.61889983713626861572265625" lon="103.9908446185290813446044921875">
        <ele>492.600006103515625</ele>
        <time>2026-02-27T12:27:20.000Z</time>
        <extensions>
          <ns3:TrackPointExtension>
            <ns3:hr>157</ns3:hr>
            <ns3:cad>89</ns3:cad>
          </ns3:TrackPointExtension>
        </extensions>
      </trkpt>
      <trkpt lat="30.618898831307888031005859375" lon="103.99087688885629177093505859375">
        <ele>492.600006103515625</ele>
        <time>2026-02-27T12:27:21.000Z</time>
        <extensions>
          <ns3:TrackPointExtension>
            <ns3:hr>157</ns3:hr>
            <ns3:cad>89</ns3:cad>
          </ns3:TrackPointExtension>
        </extensions>
      </trkpt>
      <trkpt lat="30.61889715492725372314453125" lon="103.99090320803225040435791015625">
        <ele>492.600006103515625</ele>
        <time>2026-02-27T12:27:22.000Z</time>
        <extensions>
          <ns3:TrackPointExtension>
            <ns3:hr>158</ns3:hr>
            <ns3:cad>89</ns3:cad>
          </ns3:TrackPointExtension>
        </extensions>
      </trkpt>
      <trkpt lat="30.61889522708952426910400390625" lon="103.99093388579785823822021484375">
        <ele>492.600006103515625</ele>
        <time>2026-02-27T12:27:23.000Z</time>
        <extensions>
          <ns3:TrackPointExtension>
            <ns3:hr>157</ns3:hr>
            <ns3:cad>89</ns3:cad>
          </ns3:TrackPointExtension>
        </extensions>
      </trkpt>
      <trkpt lat="30.61889707110822200775146484375" lon="103.990960456430912017822265625">
        <ele>492.600006103515625</ele>
        <time>2026-02-27T12:27:24.000Z</time>
        <extensions>
          <ns3:TrackPointExtension>
            <ns3:hr>157</ns3:hr>
            <ns3:cad>89</ns3:cad>
          </ns3:TrackPointExtension>
        </extensions>
      </trkpt>
      <trkpt lat="30.61889715492725372314453125" lon="103.99099566042423248291015625">
        <ele>492.600006103515625</ele>
        <time>2026-02-27T12:27:25.000Z</time>
        <extensions>
          <ns3:TrackPointExtension>
            <ns3:hr>158</ns3:hr>
            <ns3:cad>90</ns3:cad>
          </ns3:TrackPointExtension>
        </extensions>
      </trkpt>
      <trkpt lat="30.6188986636698246002197265625" lon="103.99101519025862216949462890625">
        <ele>492.79998779296875</ele>
        <time>2026-02-27T12:27:26.000Z</time>
        <extensions>
          <ns3:TrackPointExtension>
            <ns3:hr>158</ns3:hr>
            <ns3:cad>90</ns3:cad>
          </ns3:TrackPointExtension>
        </extensions>
      </trkpt>
      <trkpt lat="30.6189050339162349700927734375" lon="103.99105408228933811187744140625">
        <ele>493</ele>
        <time>2026-02-27T12:27:27.000Z</time>
        <extensions>
          <ns3:TrackPointExtension>
            <ns3:hr>158</ns3:hr>
            <ns3:cad>92</ns3:cad>
          </ns3:TrackPointExtension>
        </extensions>
      </trkpt>
      <trkpt lat="30.61891299672424793243408203125" lon="103.99107403121888637542724609375">
        <ele>493</ele>
        <time>2026-02-27T12:27:28.000Z</time>
        <extensions>
          <ns3:TrackPointExtension>
            <ns3:hr>157</ns3:hr>
            <ns3:cad>92</ns3:cad>
          </ns3:TrackPointExtension>
        </extensions>
      </trkpt>
      <trkpt lat="30.618929006159305572509765625" lon="103.99109565652906894683837890625">
        <ele>493.20001220703125</ele>
        <time>2026-02-27T12:27:29.000Z</time>
        <extensions>
          <ns3:TrackPointExtension>
            <ns3:hr>158</ns3:hr>
            <ns3:cad>91</ns3:cad>
          </ns3:TrackPointExtension>
        </extensions>
      </trkpt>
      <trkpt lat="30.618943087756633758544921875" lon="103.99110822938382625579833984375">
        <ele>493.399993896484375</ele>
        <time>2026-02-27T12:27:30.000Z</time>
        <extensions>
          <ns3:TrackPointExtension>
            <ns3:hr>158</ns3:hr>
            <ns3:cad>90</ns3:cad>
          </ns3:TrackPointExtension>
        </extensions>
      </trkpt>
      <trkpt lat="30.61895758844912052154541015625" lon="103.99111711420118808746337890625">
        <ele>493.399993896484375</ele>
        <time>2026-02-27T12:27:31.000Z</time>
        <extensions>
          <ns3:TrackPointExtension>
            <ns3:hr>157</ns3:hr>
            <ns3:cad>90</ns3:cad>
          </ns3:TrackPointExtension>
        </extensions>
      </trkpt>
      <trkpt lat="30.618979632854461669921875" lon="103.9911269210278987884521484375">
        <ele>493.399993896484375</ele>
        <time>2026-02-27T12:27:32.000Z</time>
        <extensions>
          <ns3:TrackPointExtension>
            <ns3:hr>158</ns3:hr>
            <ns3:cad>90</ns3:cad>
          </ns3:TrackPointExtension>
        </extensions>
      </trkpt>
      <trkpt lat="30.61900067143142223358154296875" lon="103.99113941006362438201904296875">
        <ele>493.600006103515625</ele>
        <time>2026-02-27T12:27:33.000Z</time>
        <extensions>
          <ns3:TrackPointExtension>
            <ns3:hr>158</ns3:hr>
            <ns3:cad>90</ns3:cad>
          </ns3:TrackPointExtension>
        </extensions>
      </trkpt>
      <trkpt lat="30.6190270744264125823974609375" lon="103.991150222718715667724609375">
        <ele>493.600006103515625</ele>
        <time>2026-02-27T12:27:34.000Z</time>
        <extensions>
          <ns3:TrackPointExtension>
            <ns3:hr>158</ns3:hr>
            <ns3:cad>88</ns3:cad>
          </ns3:TrackPointExtension>
        </extensions>
      </trkpt>
      <trkpt lat="30.61905146576464176177978515625" lon="103.991150222718715667724609375">
        <ele>493.600006103515625</ele>
        <time>2026-02-27T12:27:35.000Z</time>
        <extensions>
          <ns3:TrackPointExtension>
            <ns3:hr>157</ns3:hr>
            <ns3:cad>88</ns3:cad>
          </ns3:TrackPointExtension>
        </extensions>
      </trkpt>
      <trkpt lat="30.61908381991088390350341796875" lon="103.99114728905260562896728515625">
        <ele>493.600006103515625</ele>
        <time>2026-02-27T12:27:36.000Z</time>
        <extensions>
          <ns3:TrackPointExtension>
            <ns3:hr>158</ns3:hr>
            <ns3:cad>88</ns3:cad>
          </ns3:TrackPointExtension>
        </extensions>
      </trkpt>
      <trkpt lat="30.61911047436296939849853515625" lon="103.99113823659718036651611328125">
        <ele>493.79998779296875</ele>
        <time>2026-02-27T12:27:37.000Z</time>
        <extensions>
          <ns3:TrackPointExtension>
            <ns3:hr>158</ns3:hr>
            <ns3:cad>88</ns3:cad>
          </ns3:TrackPointExtension>
        </extensions>
      </trkpt>
      <trkpt lat="30.6191393919289112091064453125" lon="103.991118706762790679931640625">
        <ele>493.79998779296875</ele>
        <time>2026-02-27T12:27:38.000Z</time>
        <extensions>
          <ns3:TrackPointExtension>
            <ns3:hr>158</ns3:hr>
            <ns3:cad>88</ns3:cad>
          </ns3:TrackPointExtension>
        </extensions>
      </trkpt>
      <trkpt lat="30.619158335030078887939453125" lon="103.99110026657581329345703125">
        <ele>493.79998779296875</ele>
        <time>2026-02-27T12:27:39.000Z</time>
        <extensions>
          <ns3:TrackPointExtension>
            <ns3:hr>158</ns3:hr>
            <ns3:cad>90</ns3:cad>
          </ns3:TrackPointExtension>
        </extensions>
      </trkpt>
      <trkpt lat="30.61917820014059543609619140625" lon="103.991076461970806121826171875">
        <ele>493.79998779296875</ele>
        <time>2026-02-27T12:27:40.000Z</time>
        <extensions>
          <ns3:TrackPointExtension>
            <ns3:hr>159</ns3:hr>
            <ns3:cad>90</ns3:cad>
          </ns3:TrackPointExtension>
        </extensions>
      </trkpt>
      <trkpt lat="30.61919462867081165313720703125" lon="103.9910521544516086578369140625">
        <ele>493.79998779296875</ele>
        <time>2026-02-27T12:27:41.000Z</time>
        <extensions>
          <ns3:TrackPointExtension>
            <ns3:hr>159</ns3:hr>
            <ns3:cad>90</ns3:cad>
          </ns3:TrackPointExtension>
        </extensions>
      </trkpt>
      <trkpt lat="30.61921499669551849365234375" lon="103.99102508090436458587646484375">
        <ele>493.79998779296875</ele>
        <time>2026-02-27T12:27:42.000Z</time>
        <extensions>
          <ns3:TrackPointExtension>
            <ns3:hr>159</ns3:hr>
            <ns3:cad>90</ns3:cad>
          </ns3:TrackPointExtension>
        </extensions>
      </trkpt>
      <trkpt lat="30.6192413158714771270751953125" lon="103.99099658243358135223388671875">
        <ele>494</ele>
        <time>2026-02-27T12:27:43.000Z</time>
        <extensions>
          <ns3:TrackPointExtension>
            <ns3:hr>159</ns3:hr>
            <ns3:cad>91</ns3:cad>
          </ns3:TrackPointExtension>
        </extensions>
      </trkpt>
      <trkpt lat="30.6192634440958499908447265625" lon="103.990977890789508819580078125">
        <ele>494.20001220703125</ele>
        <time>2026-02-27T12:27:44.000Z</time>
        <extensions>
          <ns3:TrackPointExtension>
            <ns3:hr>159</ns3:hr>
            <ns3:cad>91</ns3:cad>
          </ns3:TrackPointExtension>
        </extensions>
      </trkpt>
      <trkpt lat="30.6192813813686370849609375" lon="103.99096012115478515625">
        <ele>494.20001220703125</ele>
        <time>2026-02-27T12:27:45.000Z</time>
        <extensions>
          <ns3:TrackPointExtension>
            <ns3:hr>160</ns3:hr>
            <ns3:cad>91</ns3:cad>
          </ns3:TrackPointExtension>
        </extensions>
      </trkpt>
      <trkpt lat="30.61930191703140735626220703125" lon="103.99094142951071262359619140625">
        <ele>494.399993896484375</ele>
        <time>2026-02-27T12:27:46.000Z</time>
        <extensions>
          <ns3:TrackPointExtension>
            <ns3:hr>159</ns3:hr>
            <ns3:cad>91</ns3:cad>
          </ns3:TrackPointExtension>
        </extensions>
      </trkpt>
      <trkpt lat="30.6193174235522747039794921875" lon="103.99092483334243297576904296875">
        <ele>494.20001220703125</ele>
        <time>2026-02-27T12:27:47.000Z</time>
        <extensions>
          <ns3:TrackPointExtension>
            <ns3:hr>160</ns3:hr>
            <ns3:cad>91</ns3:cad>
          </ns3:TrackPointExtension>
        </extensions>
      </trkpt>
      <trkpt lat="30.619333349168300628662109375" lon="103.990910165011882781982421875">
        <ele>494</ele>
        <time>2026-02-27T12:27:48.000Z</time>
        <extensions>
          <ns3:TrackPointExtension>
            <ns3:hr>160</ns3:hr>
            <ns3:cad>91</ns3:cad>
          </ns3:TrackPointExtension>
        </extensions>
      </trkpt>
      <trkpt lat="30.6193422339856624603271484375" lon="103.990900777280330657958984375">
        <ele>494</ele>
        <time>2026-02-27T12:27:49.000Z</time>
        <extensions>
          <ns3:TrackPointExtension>
            <ns3:hr>160</ns3:hr>
            <ns3:cad>90</ns3:cad>
          </ns3:TrackPointExtension>
        </extensions>
      </trkpt>
      <trkpt lat="30.6193455867469310760498046875" lon="103.990898765623569488525390625">
        <ele>493.79998779296875</ele>
        <time>2026-02-27T12:27:50.000Z</time>
        <extensions>
          <ns3:TrackPointExtension>
            <ns3:hr>160</ns3:hr>
            <ns3:cad>90</ns3:cad>
          </ns3:TrackPointExtension>
        </extensions>
      </trkpt>
      <trkpt lat="30.6193591654300689697265625" lon="103.9908878691494464874267578125">
        <ele>493.79998779296875</ele>
        <time>2026-02-27T12:27:51.000Z</time>
        <extensions>
          <ns3:TrackPointExtension>
            <ns3:hr>160</ns3:hr>
            <ns3:cad>90</ns3:cad>
          </ns3:TrackPointExtension>
        </extensions>
      </trkpt>
      <trkpt lat="30.61936788260936737060546875" lon="103.99088166654109954833984375">
        <ele>493.79998779296875</ele>
        <time>2026-02-27T12:27:52.000Z</time>
        <extensions>
          <ns3:TrackPointExtension>
            <ns3:hr>160</ns3:hr>
            <ns3:cad>89</ns3:cad>
          </ns3:TrackPointExtension>
        </extensions>
      </trkpt>
      <trkpt lat="30.6193895079195499420166015625" lon="103.99087068624794483184814453125">
        <ele>493.79998779296875</ele>
        <time>2026-02-27T12:27:53.000Z</time>
        <extensions>
          <ns3:TrackPointExtension>
            <ns3:hr>159</ns3:hr>
            <ns3:cad>89</ns3:cad>
          </ns3:TrackPointExtension>
        </extensions>
      </trkpt>
      <trkpt lat="30.619411468505859375" lon="103.9908633939921855926513671875">
        <ele>493.600006103515625</ele>
        <time>2026-02-27T12:27:54.000Z</time>
        <extensions>
          <ns3:TrackPointExtension>
            <ns3:hr>159</ns3:hr>
            <ns3:cad>89</ns3:cad>
          </ns3:TrackPointExtension>
        </extensions>
      </trkpt>
      <trkpt lat="30.61943753622472286224365234375" lon="103.990863226354122161865234375">
        <ele>493.600006103515625</ele>
        <time>2026-02-27T12:27:55.000Z</time>
        <extensions>
          <ns3:TrackPointExtension>
            <ns3:hr>159</ns3:hr>
            <ns3:cad>89</ns3:cad>
          </ns3:TrackPointExtension>
        </extensions>
      </trkpt>
      <trkpt lat="30.61946117319166660308837890625" lon="103.9908613823354244232177734375">
        <ele>493.600006103515625</ele>
        <time>2026-02-27T12:27:56.000Z</time>
        <extensions>
          <ns3:TrackPointExtension>
            <ns3:hr>159</ns3:hr>
            <ns3:cad>89</ns3:cad>
          </ns3:TrackPointExtension>
        </extensions>
      </trkpt>
      <trkpt lat="30.61948196031153202056884765625" lon="103.99085576646029949188232421875">
        <ele>493.600006103515625</ele>
        <time>2026-02-27T12:27:57.000Z</time>
        <extensions>
          <ns3:TrackPointExtension>
            <ns3:hr>160</ns3:hr>
            <ns3:cad>89</ns3:cad>
          </ns3:TrackPointExtension>
        </extensions>
      </trkpt>
      <trkpt lat="30.61951247043907642364501953125" lon="103.99084637872874736785888671875">
        <ele>493.600006103515625</ele>
        <time>2026-02-27T12:27:58.000Z</time>
        <extensions>
          <ns3:TrackPointExtension>
            <ns3:hr>160</ns3:hr>
            <ns3:cad>89</ns3:cad>
          </ns3:TrackPointExtension>
        </extensions>
      </trkpt>
      <trkpt lat="30.61954683624207973480224609375" lon="103.99082357995212078094482421875">
        <ele>493.600006103515625</ele>
        <time>2026-02-27T12:27:59.000Z</time>
        <extensions>
          <ns3:TrackPointExtension>
            <ns3:hr>161</ns3:hr>
            <ns3:cad>89</ns3:cad>
          </ns3:TrackPointExtension>
        </extensions>
      </trkpt>
      <trkpt lat="30.61957315541803836822509765625" lon="103.9907933212816715240478515625">
        <ele>493.600006103515625</ele>
        <time>2026-02-27T12:28:00.000Z</time>
        <extensions>
          <ns3:TrackPointExtension>
            <ns3:hr>161</ns3:hr>
            <ns3:cad>89</ns3:cad>
          </ns3:TrackPointExtension>
        </extensions>
      </trkpt>
      <trkpt lat="30.61958849430084228515625" lon="103.9907648228108882904052734375">
        <ele>493.399993896484375</ele>
        <time>2026-02-27T12:28:01.000Z</time>
        <extensions>
          <ns3:TrackPointExtension>
            <ns3:hr>160</ns3:hr>
            <ns3:cad>89</ns3:cad>
          </ns3:TrackPointExtension>
        </extensions>
      </trkpt>
      <trkpt lat="30.61960651539266109466552734375" lon="103.9907309599220752716064453125">
        <ele>493.399993896484375</ele>
        <time>2026-02-27T12:28:02.000Z</time>
        <extensions>
          <ns3:TrackPointExtension>
            <ns3:hr>160</ns3:hr>
            <ns3:cad>89</ns3:cad>
          </ns3:TrackPointExtension>
        </extensions>
      </trkpt>
      <trkpt lat="30.6196161545813083648681640625" lon="103.9906984381377696990966796875">
        <ele>493.399993896484375</ele>
        <time>2026-02-27T12:28:03.000Z</time>
        <extensions>
          <ns3:TrackPointExtension>
            <ns3:hr>161</ns3:hr>
            <ns3:cad>89</ns3:cad>
          </ns3:TrackPointExtension>
        </extensions>
      </trkpt>
      <trkpt lat="30.61962805688381195068359375" lon="103.99066382087767124176025390625">
        <ele>493.399993896484375</ele>
        <time>2026-02-27T12:28:04.000Z</time>
        <extensions>
          <ns3:TrackPointExtension>
            <ns3:hr>160</ns3:hr>
            <ns3:cad>90</ns3:cad>
          </ns3:TrackPointExtension>
        </extensions>
      </trkpt>
      <trkpt lat="30.61963467858731746673583984375" lon="103.99063096381723880767822265625">
        <ele>493.399993896484375</ele>
        <time>2026-02-27T12:28:05.000Z</time>
        <extensions>
          <ns3:TrackPointExtension>
            <ns3:hr>160</ns3:hr>
            <ns3:cad>89</ns3:cad>
          </ns3:TrackPointExtension>
        </extensions>
      </trkpt>
      <trkpt lat="30.6196407973766326904296875" lon="103.99059039540588855743408203125">
        <ele>493.399993896484375</ele>
        <time>2026-02-27T12:28:06.000Z</time>
        <extensions>
          <ns3:TrackPointExtension>
            <ns3:hr>160</ns3:hr>
            <ns3:cad>89</ns3:cad>
          </ns3:TrackPointExtension>
        </extensions>
      </trkpt>
      <trkpt lat="30.61963920481503009796142578125" lon="103.99056424386799335479736328125">
        <ele>493.20001220703125</ele>
        <time>2026-02-27T12:28:07.000Z</time>
        <extensions>
          <ns3:TrackPointExtension>
            <ns3:hr>160</ns3:hr>
            <ns3:cad>89</ns3:cad>
          </ns3:TrackPointExtension>
        </extensions>
      </trkpt>
      <trkpt lat="30.61963065527379512786865234375" lon="103.99053423665463924407958984375">
        <ele>493.20001220703125</ele>
        <time>2026-02-27T12:28:08.000Z</time>
        <extensions>
          <ns3:TrackPointExtension>
            <ns3:hr>160</ns3:hr>
            <ns3:cad>89</ns3:cad>
          </ns3:TrackPointExtension>
        </extensions>
      </trkpt>
      <trkpt lat="30.61961456201970577239990234375" lon="103.99051529355347156524658203125">
        <ele>493</ele>
        <time>2026-02-27T12:28:09.000Z</time>
        <extensions>
          <ns3:TrackPointExtension>
            <ns3:hr>160</ns3:hr>
            <ns3:cad>90</ns3:cad>
          </ns3:TrackPointExtension>
        </extensions>
      </trkpt>
      <trkpt lat="30.61959712766110897064208984375" lon="103.9904875494539737701416015625">
        <ele>493</ele>
        <time>2026-02-27T12:28:10.000Z</time>
        <extensions>
          <ns3:TrackPointExtension>
            <ns3:hr>159</ns3:hr>
            <ns3:cad>90</ns3:cad>
          </ns3:TrackPointExtension>
        </extensions>
      </trkpt>
      <trkpt lat="30.61958019621670246124267578125" lon="103.9904701150953769683837890625">
        <ele>493</ele>
        <time>2026-02-27T12:28:11.000Z</time>
        <extensions>
          <ns3:TrackPointExtension>
            <ns3:hr>159</ns3:hr>
            <ns3:cad>90</ns3:cad>
          </ns3:TrackPointExtension>
        </extensions>
      </trkpt>
      <trkpt lat="30.6195656955242156982421875" lon="103.99044086225330829620361328125">
        <ele>493</ele>
        <time>2026-02-27T12:28:12.000Z</time>
        <extensions>
          <ns3:TrackPointExtension>
            <ns3:hr>159</ns3:hr>
            <ns3:cad>89</ns3:cad>
          </ns3:TrackPointExtension>
        </extensions>
      </trkpt>
      <trkpt lat="30.61955220066010951995849609375" lon="103.99042007513344287872314453125">
        <ele>493</ele>
        <time>2026-02-27T12:28:13.000Z</time>
        <extensions>
          <ns3:TrackPointExtension>
            <ns3:hr>159</ns3:hr>
            <ns3:cad>88</ns3:cad>
          </ns3:TrackPointExtension>
        </extensions>
      </trkpt>
      <trkpt lat="30.61954113654792308807373046875" lon="103.99038721807301044464111328125">
        <ele>493</ele>
        <time>2026-02-27T12:28:14.000Z</time>
        <extensions>
          <ns3:TrackPointExtension>
            <ns3:hr>159</ns3:hr>
            <ns3:cad>88</ns3:cad>
          </ns3:TrackPointExtension>
        </extensions>
      </trkpt>
      <trkpt lat="30.61953074298799037933349609375" lon="103.990363664925098419189453125">
        <ele>493</ele>
        <time>2026-02-27T12:28:15.000Z</time>
        <extensions>
          <ns3:TrackPointExtension>
            <ns3:hr>158</ns3:hr>
            <ns3:cad>88</ns3:cad>
          </ns3:TrackPointExtension>
        </extensions>
      </trkpt>
      <trkpt lat="30.6195283122360706329345703125" lon="103.99033407680690288543701171875">
        <ele>493</ele>
        <time>2026-02-27T12:28:16.000Z</time>
        <extensions>
          <ns3:TrackPointExtension>
            <ns3:hr>158</ns3:hr>
            <ns3:cad>88</ns3:cad>
          </ns3:TrackPointExtension>
        </extensions>
      </trkpt>
      <trkpt lat="30.61951817013323307037353515625" lon="103.99031345732510089874267578125">
        <ele>492.79998779296875</ele>
        <time>2026-02-27T12:28:17.000Z</time>
        <extensions>
          <ns3:TrackPointExtension>
            <ns3:hr>158</ns3:hr>
            <ns3:cad>88</ns3:cad>
          </ns3:TrackPointExtension>
        </extensions>
      </trkpt>
      <trkpt lat="30.61950593255460262298583984375" lon="103.990287892520427703857421875">
        <ele>492.79998779296875</ele>
        <time>2026-02-27T12:28:18.000Z</time>
        <extensions>
          <ns3:TrackPointExtension>
            <ns3:hr>157</ns3:hr>
            <ns3:cad>89</ns3:cad>
          </ns3:TrackPointExtension>
        </extensions>
      </trkpt>
      <trkpt lat="30.6194994784891605377197265625" lon="103.990265093743801116943359375">
        <ele>492.79998779296875</ele>
        <time>2026-02-27T12:28:19.000Z</time>
        <extensions>
          <ns3:TrackPointExtension>
            <ns3:hr>157</ns3:hr>
            <ns3:cad>89</ns3:cad>
          </ns3:TrackPointExtension>
        </extensions>
      </trkpt>
      <trkpt lat="30.61948916874825954437255859375" lon="103.99023701436817646026611328125">
        <ele>492.79998779296875</ele>
        <time>2026-02-27T12:28:20.000Z</time>
        <extensions>
          <ns3:TrackPointExtension>
            <ns3:hr>157</ns3:hr>
            <ns3:cad>89</ns3:cad>
          </ns3:TrackPointExtension>
        </extensions>
      </trkpt>
      <trkpt lat="30.6194817088544368743896484375" lon="103.99021186865866184234619140625">
        <ele>492.600006103515625</ele>
        <time>2026-02-27T12:28:21.000Z</time>
        <extensions>
          <ns3:TrackPointExtension>
            <ns3:hr>157</ns3:hr>
            <ns3:cad>87</ns3:cad>
          </ns3:TrackPointExtension>
        </extensions>
      </trkpt>
      <trkpt lat="30.619473494589328765869140625" lon="103.99018605239689350128173828125">
        <ele>492.600006103515625</ele>
        <time>2026-02-27T12:28:22.000Z</time>
        <extensions>
          <ns3:TrackPointExtension>
            <ns3:hr>156</ns3:hr>
            <ns3:cad>87</ns3:cad>
          </ns3:TrackPointExtension>
        </extensions>
      </trkpt>
      <trkpt lat="30.61946854926645755767822265625" lon="103.99015881121158599853515625">
        <ele>492.600006103515625</ele>
        <time>2026-02-27T12:28:23.000Z</time>
        <extensions>
          <ns3:TrackPointExtension>
            <ns3:hr>157</ns3:hr>
            <ns3:cad>87</ns3:cad>
          </ns3:TrackPointExtension>
        </extensions>
      </trkpt>
      <trkpt lat="30.619463436305522918701171875" lon="103.9901257865130901336669921875">
        <ele>492.600006103515625</ele>
        <time>2026-02-27T12:28:24.000Z</time>
        <extensions>
          <ns3:TrackPointExtension>
            <ns3:hr>157</ns3:hr>
            <ns3:cad>88</ns3:cad>
          </ns3:TrackPointExtension>
        </extensions>
      </trkpt>
      <trkpt lat="30.6194579042494297027587890625" lon="103.990096785128116607666015625">
        <ele>492.600006103515625</ele>
        <time>2026-02-27T12:28:25.000Z</time>
        <extensions>
          <ns3:TrackPointExtension>
            <ns3:hr>157</ns3:hr>
            <ns3:cad>89</ns3:cad>
          </ns3:TrackPointExtension>
        </extensions>
      </trkpt>
      <trkpt lat="30.61945111490786075592041015625" lon="103.990065939724445343017578125">
        <ele>492.600006103515625</ele>
        <time>2026-02-27T12:28:26.000Z</time>
        <extensions>
          <ns3:TrackPointExtension>
            <ns3:hr>156</ns3:hr>
            <ns3:cad>90</ns3:cad>
          </ns3:TrackPointExtension>
        </extensions>
      </trkpt>
      <trkpt lat="30.61943854205310344696044921875" lon="103.9900423027575016021728515625">
        <ele>492.600006103515625</ele>
        <time>2026-02-27T12:28:27.000Z</time>
        <extensions>
          <ns3:TrackPointExtension>
            <ns3:hr>157</ns3:hr>
            <ns3:cad>90</ns3:cad>
          </ns3:TrackPointExtension>
        </extensions>
      </trkpt>
      <trkpt lat="30.61942127533257007598876953125" lon="103.99001531302928924560546875">
        <ele>492.600006103515625</ele>
        <time>2026-02-27T12:28:28.000Z</time>
        <extensions>
          <ns3:TrackPointExtension>
            <ns3:hr>157</ns3:hr>
            <ns3:cad>90</ns3:cad>
          </ns3:TrackPointExtension>
        </extensions>
      </trkpt>
      <trkpt lat="30.61940551735460758209228515625" lon="103.98999645374715328216552734375">
        <ele>492.600006103515625</ele>
        <time>2026-02-27T12:28:29.000Z</time>
        <extensions>
          <ns3:TrackPointExtension>
            <ns3:hr>157</ns3:hr>
            <ns3:cad>90</ns3:cad>
          </ns3:TrackPointExtension>
        </extensions>
      </trkpt>
      <trkpt lat="30.619389675557613372802734375" lon="103.989968039095401763916015625">
        <ele>492.600006103515625</ele>
        <time>2026-02-27T12:28:30.000Z</time>
        <extensions>
          <ns3:TrackPointExtension>
            <ns3:hr>157</ns3:hr>
            <ns3:cad>91</ns3:cad>
          </ns3:TrackPointExtension>
        </extensions>
      </trkpt>
      <trkpt lat="30.6193754263222217559814453125" lon="103.98994616232812404632568359375">
        <ele>492.600006103515625</ele>
        <time>2026-02-27T12:28:31.000Z</time>
        <extensions>
          <ns3:TrackPointExtension>
            <ns3:hr>157</ns3:hr>
            <ns3:cad>92</ns3:cad>
          </ns3:TrackPointExtension>
        </extensions>
      </trkpt>
      <trkpt lat="30.61936008743941783905029296875" lon="103.98991766385734081268310546875">
        <ele>492.600006103515625</ele>
        <time>2026-02-27T12:28:32.000Z</time>
        <extensions>
          <ns3:TrackPointExtension>
            <ns3:hr>157</ns3:hr>
            <ns3:cad>92</ns3:cad>
          </ns3:TrackPointExtension>
        </extensions>
      </trkpt>
      <trkpt lat="30.61934315599501132965087890625" lon="103.98989821784198284149169921875">
        <ele>492.399993896484375</ele>
        <time>2026-02-27T12:28:33.000Z</time>
        <extensions>
          <ns3:TrackPointExtension>
            <ns3:hr>157</ns3:hr>
            <ns3:cad>92</ns3:cad>
          </ns3:TrackPointExtension>
        </extensions>
      </trkpt>
      <trkpt lat="30.6193271465599536895751953125" lon="103.98987181484699249267578125">
        <ele>492.399993896484375</ele>
        <time>2026-02-27T12:28:34.000Z</time>
        <extensions>
          <ns3:TrackPointExtension>
            <ns3:hr>157</ns3:hr>
            <ns3:cad>91</ns3:cad>
          </ns3:TrackPointExtension>
        </extensions>
      </trkpt>
      <trkpt lat="30.61931029893457889556884765625" lon="103.989850021898746490478515625">
        <ele>492.399993896484375</ele>
        <time>2026-02-27T12:28:35.000Z</time>
        <extensions>
          <ns3:TrackPointExtension>
            <ns3:hr>156</ns3:hr>
            <ns3:cad>90</ns3:cad>
          </ns3:TrackPointExtension>
        </extensions>
      </trkpt>
      <trkpt lat="30.6192942894995212554931640625" lon="103.98982311598956584930419921875">
        <ele>492.399993896484375</ele>
        <time>2026-02-27T12:28:36.000Z</time>
        <extensions>
          <ns3:TrackPointExtension>
            <ns3:hr>157</ns3:hr>
            <ns3:cad>89</ns3:cad>
          </ns3:TrackPointExtension>
        </extensions>
      </trkpt>
      <trkpt lat="30.61927576549351215362548828125" lon="103.9898045919835567474365234375">
        <ele>492.399993896484375</ele>
        <time>2026-02-27T12:28:37.000Z</time>
        <extensions>
          <ns3:TrackPointExtension>
            <ns3:hr>157</ns3:hr>
            <ns3:cad>89</ns3:cad>
          </ns3:TrackPointExtension>
        </extensions>
      </trkpt>
      <trkpt lat="30.61925564892590045928955078125" lon="103.989780284464359283447265625">
        <ele>492.399993896484375</ele>
        <time>2026-02-27T12:28:38.000Z</time>
        <extensions>
          <ns3:TrackPointExtension>
            <ns3:hr>156</ns3:hr>
            <ns3:cad>89</ns3:cad>
          </ns3:TrackPointExtension>
        </extensions>
      </trkpt>
      <trkpt lat="30.61924056150019168853759765625" lon="103.98975991643965244293212890625">
        <ele>492.399993896484375</ele>
        <time>2026-02-27T12:28:39.000Z</time>
        <extensions>
          <ns3:TrackPointExtension>
            <ns3:hr>157</ns3:hr>
            <ns3:cad>89</ns3:cad>
          </ns3:TrackPointExtension>
        </extensions>
      </trkpt>
      <trkpt lat="30.61922681517899036407470703125" lon="103.9897331781685352325439453125">
        <ele>492.399993896484375</ele>
        <time>2026-02-27T12:28:40.000Z</time>
        <extensions>
          <ns3:TrackPointExtension>
            <ns3:hr>157</ns3:hr>
            <ns3:cad>89</ns3:cad>
          </ns3:TrackPointExtension>
        </extensions>
      </trkpt>
      <trkpt lat="30.6192131526768207550048828125" lon="103.989709205925464630126953125">
        <ele>492.399993896484375</ele>
        <time>2026-02-27T12:28:41.000Z</time>
        <extensions>
          <ns3:TrackPointExtension>
            <ns3:hr>157</ns3:hr>
            <ns3:cad>89</ns3:cad>
          </ns3:TrackPointExtension>
        </extensions>
      </trkpt>
      <trkpt lat="30.619206614792346954345703125" lon="103.98967492394149303436279296875">
        <ele>492.399993896484375</ele>
        <time>2026-02-27T12:28:42.000Z</time>
        <extensions>
          <ns3:TrackPointExtension>
            <ns3:hr>157</ns3:hr>
            <ns3:cad>89</ns3:cad>
          </ns3:TrackPointExtension>
        </extensions>
      </trkpt>
      <trkpt lat="30.61920016072690486907958984375" lon="103.98964944295585155487060546875">
        <ele>492.399993896484375</ele>
        <time>2026-02-27T12:28:43.000Z</time>
        <extensions>
          <ns3:TrackPointExtension>
            <ns3:hr>157</ns3:hr>
            <ns3:cad>89</ns3:cad>
          </ns3:TrackPointExtension>
        </extensions>
      </trkpt>
      <trkpt lat="30.6191994063556194305419921875" lon="103.98961541242897510528564453125">
        <ele>492.399993896484375</ele>
        <time>2026-02-27T12:28:44.000Z</time>
        <extensions>
          <ns3:TrackPointExtension>
            <ns3:hr>157</ns3:hr>
            <ns3:cad>89</ns3:cad>
          </ns3:TrackPointExtension>
        </extensions>
      </trkpt>
      <trkpt lat="30.6191933713853359222412109375" lon="103.9895900152623653411865234375">
        <ele>492.399993896484375</ele>
        <time>2026-02-27T12:28:45.000Z</time>
        <extensions>
          <ns3:TrackPointExtension>
            <ns3:hr>157</ns3:hr>
            <ns3:cad>90</ns3:cad>
          </ns3:TrackPointExtension>
        </extensions>
      </trkpt>
      <trkpt lat="30.61918725259602069854736328125" lon="103.98955891840159893035888671875">
        <ele>492.399993896484375</ele>
        <time>2026-02-27T12:28:46.000Z</time>
        <extensions>
          <ns3:TrackPointExtension>
            <ns3:hr>157</ns3:hr>
            <ns3:cad>90</ns3:cad>
          </ns3:TrackPointExtension>
        </extensions>
      </trkpt>
      <trkpt lat="30.6191749311983585357666015625" lon="103.9895350299775600433349609375">
        <ele>492.399993896484375</ele>
        <time>2026-02-27T12:28:47.000Z</time>
        <extensions>
          <ns3:TrackPointExtension>
            <ns3:hr>158</ns3:hr>
            <ns3:cad>91</ns3:cad>
          </ns3:TrackPointExtension>
        </extensions>
      </trkpt>
      <trkpt lat="30.6191660463809967041015625" lon="103.9895031787455081939697265625">
        <ele>492.399993896484375</ele>
        <time>2026-02-27T12:28:48.000Z</time>
        <extensions>
          <ns3:TrackPointExtension>
            <ns3:hr>157</ns3:hr>
            <ns3:cad>91</ns3:cad>
          </ns3:TrackPointExtension>
        </extensions>
      </trkpt>
      <trkpt lat="30.61915841884911060333251953125" lon="103.9894733391702175140380859375">
        <ele>492.399993896484375</ele>
        <time>2026-02-27T12:28:49.000Z</time>
        <extensions>
          <ns3:TrackPointExtension>
            <ns3:hr>157</ns3:hr>
            <ns3:cad>91</ns3:cad>
          </ns3:TrackPointExtension>
        </extensions>
      </trkpt>
      <trkpt lat="30.6191526353359222412109375" lon="103.98944190703332424163818359375">
        <ele>492.399993896484375</ele>
        <time>2026-02-27T12:28:50.000Z</time>
        <extensions>
          <ns3:TrackPointExtension>
            <ns3:hr>158</ns3:hr>
            <ns3:cad>90</ns3:cad>
          </ns3:TrackPointExtension>
        </extensions>
      </trkpt>
      <trkpt lat="30.61914064921438694000244140625" lon="103.98942179046571254730224609375">
        <ele>492.399993896484375</ele>
        <time>2026-02-27T12:28:51.000Z</time>
        <extensions>
          <ns3:TrackPointExtension>
            <ns3:hr>157</ns3:hr>
            <ns3:cad>88</ns3:cad>
          </ns3:TrackPointExtension>
        </extensions>
      </trkpt>
      <trkpt lat="30.6191246397793292999267578125" lon="103.98940318264067173004150390625">
        <ele>492.399993896484375</ele>
        <time>2026-02-27T12:28:52.000Z</time>
        <extensions>
          <ns3:TrackPointExtension>
            <ns3:hr>158</ns3:hr>
            <ns3:cad>88</ns3:cad>
          </ns3:TrackPointExtension>
        </extensions>
      </trkpt>
      <trkpt lat="30.6191068701446056365966796875" lon="103.98938708938658237457275390625">
        <ele>492.399993896484375</ele>
        <time>2026-02-27T12:28:53.000Z</time>
        <extensions>
          <ns3:TrackPointExtension>
            <ns3:hr>158</ns3:hr>
            <ns3:cad>88</ns3:cad>
          </ns3:TrackPointExtension>
        </extensions>
      </trkpt>
      <trkpt lat="30.61908381991088390350341796875" lon="103.98937518708407878875732421875">
        <ele>492.399993896484375</ele>
        <time>2026-02-27T12:28:54.000Z</time>
        <extensions>
          <ns3:TrackPointExtension>
            <ns3:hr>158</ns3:hr>
            <ns3:cad>89</ns3:cad>
          </ns3:TrackPointExtension>
        </extensions>
      </trkpt>
      <trkpt lat="30.6190663017332553863525390625" lon="103.98935792036354541778564453125">
        <ele>492.399993896484375</ele>
        <time>2026-02-27T12:28:55.000Z</time>
        <extensions>
          <ns3:TrackPointExtension>
            <ns3:hr>157</ns3:hr>
            <ns3:cad>89</ns3:cad>
          </ns3:TrackPointExtension>
        </extensions>
      </trkpt>
      <trkpt lat="30.61904476024210453033447265625" lon="103.9893400669097900390625">
        <ele>492.399993896484375</ele>
        <time>2026-02-27T12:28:56.000Z</time>
        <extensions>
          <ns3:TrackPointExtension>
            <ns3:hr>158</ns3:hr>
            <ns3:cad>89</ns3:cad>
          </ns3:TrackPointExtension>
        </extensions>
      </trkpt>
      <trkpt lat="30.61902497895061969757080078125" lon="103.9893228001892566680908203125">
        <ele>492.600006103515625</ele>
        <time>2026-02-27T12:28:57.000Z</time>
        <extensions>
          <ns3:TrackPointExtension>
            <ns3:hr>158</ns3:hr>
            <ns3:cad>89</ns3:cad>
          </ns3:TrackPointExtension>
        </extensions>
      </trkpt>
      <trkpt lat="30.61900419183075428009033203125" lon="103.98930720984935760498046875">
        <ele>492.600006103515625</ele>
        <time>2026-02-27T12:28:58.000Z</time>
        <extensions>
          <ns3:TrackPointExtension>
            <ns3:hr>158</ns3:hr>
            <ns3:cad>89</ns3:cad>
          </ns3:TrackPointExtension>
        </extensions>
      </trkpt>
      <trkpt lat="30.61898239888250827789306640625" lon="103.98929170332849025726318359375">
        <ele>492.600006103515625</ele>
        <time>2026-02-27T12:28:59.000Z</time>
        <extensions>
          <ns3:TrackPointExtension>
            <ns3:hr>158</ns3:hr>
            <ns3:cad>89</ns3:cad>
          </ns3:TrackPointExtension>
        </extensions>
      </trkpt>
      <trkpt lat="30.61896446160972118377685546875" lon="103.9892741851508617401123046875">
        <ele>492.399993896484375</ele>
        <time>2026-02-27T12:29:00.000Z</time>
        <extensions>
          <ns3:TrackPointExtension>
            <ns3:hr>158</ns3:hr>
            <ns3:cad>89</ns3:cad>
          </ns3:TrackPointExtension>
        </extensions>
      </trkpt>
      <trkpt lat="30.618945769965648651123046875" lon="103.98925247602164745330810546875">
        <ele>492.399993896484375</ele>
        <time>2026-02-27T12:29:01.000Z</time>
        <extensions>
          <ns3:TrackPointExtension>
            <ns3:hr>158</ns3:hr>
            <ns3:cad>89</ns3:cad>
          </ns3:TrackPointExtension>
        </extensions>
      </trkpt>
      <trkpt lat="30.6189298443496227264404296875" lon="103.9892339520156383514404296875">
        <ele>492.600006103515625</ele>
        <time>2026-02-27T12:29:02.000Z</time>
        <extensions>
          <ns3:TrackPointExtension>
            <ns3:hr>157</ns3:hr>
            <ns3:cad>89</ns3:cad>
          </ns3:TrackPointExtension>
        </extensions>
      </trkpt>
      <trkpt lat="30.618917606770992279052734375" lon="103.98920436389744281768798828125">
        <ele>492.600006103515625</ele>
        <time>2026-02-27T12:29:03.000Z</time>
        <extensions>
          <ns3:TrackPointExtension>
            <ns3:hr>157</ns3:hr>
            <ns3:cad>89</ns3:cad>
          </ns3:TrackPointExtension>
        </extensions>
      </trkpt>
      <trkpt lat="30.61890679411590099334716796875" lon="103.9891833253204822540283203125">
        <ele>492.600006103515625</ele>
        <time>2026-02-27T12:29:04.000Z</time>
        <extensions>
          <ns3:TrackPointExtension>
            <ns3:hr>157</ns3:hr>
            <ns3:cad>90</ns3:cad>
          </ns3:TrackPointExtension>
        </extensions>
      </trkpt>
      <trkpt lat="30.6189026869833469390869140625" lon="103.9891548268496990203857421875">
        <ele>492.600006103515625</ele>
        <time>2026-02-27T12:29:05.000Z</time>
        <extensions>
          <ns3:TrackPointExtension>
            <ns3:hr>158</ns3:hr>
            <ns3:cad>90</ns3:cad>
          </ns3:TrackPointExtension>
        </extensions>
      </trkpt>
      <trkpt lat="30.6188919581472873687744140625" lon="103.98913177661597728729248046875">
        <ele>492.600006103515625</ele>
        <time>2026-02-27T12:29:06.000Z</time>
        <extensions>
          <ns3:TrackPointExtension>
            <ns3:hr>157</ns3:hr>
            <ns3:cad>89</ns3:cad>
          </ns3:TrackPointExtension>
        </extensions>
      </trkpt>
      <trkpt lat="30.618886090815067291259765625" lon="103.98910478688776493072509765625">
        <ele>492.79998779296875</ele>
        <time>2026-02-27T12:29:07.000Z</time>
        <extensions>
          <ns3:TrackPointExtension>
            <ns3:hr>157</ns3:hr>
            <ns3:cad>88</ns3:cad>
          </ns3:TrackPointExtension>
        </extensions>
      </trkpt>
      <trkpt lat="30.61888164840638637542724609375" lon="103.9890790544450283050537109375">
        <ele>492.79998779296875</ele>
        <time>2026-02-27T12:29:08.000Z</time>
        <extensions>
          <ns3:TrackPointExtension>
            <ns3:hr>157</ns3:hr>
            <ns3:cad>88</ns3:cad>
          </ns3:TrackPointExtension>
        </extensions>
      </trkpt>
      <trkpt lat="30.61888751573860645294189453125" lon="103.98904829286038875579833984375">
        <ele>492.79998779296875</ele>
        <time>2026-02-27T12:29:09.000Z</time>
        <extensions>
          <ns3:TrackPointExtension>
            <ns3:hr>157</ns3:hr>
            <ns3:cad>88</ns3:cad>
          </ns3:TrackPointExtension>
        </extensions>
      </trkpt>
      <trkpt lat="30.61888642609119415283203125" lon="103.98902582935988903045654296875">
        <ele>493</ele>
        <time>2026-02-27T12:29:10.000Z</time>
        <extensions>
          <ns3:TrackPointExtension>
            <ns3:hr>156</ns3:hr>
            <ns3:cad>89</ns3:cad>
          </ns3:TrackPointExtension>
        </extensions>
      </trkpt>
      <trkpt lat="30.6188966520130634307861328125" lon="103.98899850435554981231689453125">
        <ele>493</ele>
        <time>2026-02-27T12:29:11.000Z</time>
        <extensions>
          <ns3:TrackPointExtension>
            <ns3:hr>156</ns3:hr>
            <ns3:cad>90</ns3:cad>
          </ns3:TrackPointExtension>
        </extensions>
      </trkpt>
      <trkpt lat="30.6189023517072200775146484375" lon="103.9889734424650669097900390625">
        <ele>493</ele>
        <time>2026-02-27T12:29:12.000Z</time>
        <extensions>
          <ns3:TrackPointExtension>
            <ns3:hr>156</ns3:hr>
            <ns3:cad>90</ns3:cad>
          </ns3:TrackPointExtension>
        </extensions>
      </trkpt>
      <trkpt lat="30.61891450546681880950927734375" lon="103.9889405854046344757080078125">
        <ele>493</ele>
        <time>2026-02-27T12:29:13.000Z</time>
        <extensions>
          <ns3:TrackPointExtension>
            <ns3:hr>156</ns3:hr>
            <ns3:cad>89</ns3:cad>
          </ns3:TrackPointExtension>
        </extensions>
      </trkpt>
      <trkpt lat="30.61892204917967319488525390625" lon="103.98891451768577098846435546875">
        <ele>493</ele>
        <time>2026-02-27T12:29:14.000Z</time>
        <extensions>
          <ns3:TrackPointExtension>
            <ns3:hr>156</ns3:hr>
            <ns3:cad>88</ns3:cad>
          </ns3:TrackPointExtension>
        </extensions>
      </trkpt>
      <trkpt lat="30.6189405731856822967529296875" lon="103.988889791071414947509765625">
        <ele>493</ele>
        <time>2026-02-27T12:29:15.000Z</time>
        <extensions>
          <ns3:TrackPointExtension>
            <ns3:hr>156</ns3:hr>
            <ns3:cad>88</ns3:cad>
          </ns3:TrackPointExtension>
        </extensions>
      </trkpt>
      <trkpt lat="30.61895842663943767547607421875" lon="103.9888705126941204071044921875">
        <ele>493</ele>
        <time>2026-02-27T12:29:16.000Z</time>
        <extensions>
          <ns3:TrackPointExtension>
            <ns3:hr>156</ns3:hr>
            <ns3:cad>88</ns3:cad>
          </ns3:TrackPointExtension>
        </extensions>
      </trkpt>
      <trkpt lat="30.61898491345345973968505859375" lon="103.9888465404510498046875">
        <ele>493</ele>
        <time>2026-02-27T12:29:17.000Z</time>
        <extensions>
          <ns3:TrackPointExtension>
            <ns3:hr>156</ns3:hr>
            <ns3:cad>89</ns3:cad>
          </ns3:TrackPointExtension>
        </extensions>
      </trkpt>
      <trkpt lat="30.61900570057332515716552734375" lon="103.98883120156824588775634765625">
        <ele>493</ele>
        <time>2026-02-27T12:29:18.000Z</time>
        <extensions>
          <ns3:TrackPointExtension>
            <ns3:hr>155</ns3:hr>
            <ns3:cad>89</ns3:cad>
          </ns3:TrackPointExtension>
        </extensions>
      </trkpt>
      <trkpt lat="30.61902967281639575958251953125" lon="103.9888115040957927703857421875">
        <ele>493</ele>
        <time>2026-02-27T12:29:19.000Z</time>
        <extensions>
          <ns3:TrackPointExtension>
            <ns3:hr>155</ns3:hr>
            <ns3:cad>90</ns3:cad>
          </ns3:TrackPointExtension>
        </extensions>
      </trkpt>
      <trkpt lat="30.619048364460468292236328125" lon="103.9887957461178302764892578125">
        <ele>493.20001220703125</ele>
        <time>2026-02-27T12:29:20.000Z</time>
        <extensions>
          <ns3:TrackPointExtension>
            <ns3:hr>155</ns3:hr>
            <ns3:cad>90</ns3:cad>
          </ns3:TrackPointExtension>
        </extensions>
      </trkpt>
      <trkpt lat="30.6190736778080463409423828125" lon="103.9887830056250095367431640625">
        <ele>493.20001220703125</ele>
        <time>2026-02-27T12:29:21.000Z</time>
        <extensions>
          <ns3:TrackPointExtension>
            <ns3:hr>156</ns3:hr>
            <ns3:cad>89</ns3:cad>
          </ns3:TrackPointExtension>
        </extensions>
      </trkpt>
      <trkpt lat="30.61909588985145092010498046875" lon="103.9887754619121551513671875">
        <ele>493.20001220703125</ele>
        <time>2026-02-27T12:29:22.000Z</time>
        <extensions>
          <ns3:TrackPointExtension>
            <ns3:hr>156</ns3:hr>
            <ns3:cad>89</ns3:cad>
          </ns3:TrackPointExtension>
        </extensions>
      </trkpt>
      <trkpt lat="30.6191232986748218536376953125" lon="103.988767080008983612060546875">
        <ele>493.20001220703125</ele>
        <time>2026-02-27T12:29:23.000Z</time>
        <extensions>
          <ns3:TrackPointExtension>
            <ns3:hr>156</ns3:hr>
            <ns3:cad>89</ns3:cad>
          </ns3:TrackPointExtension>
        </extensions>
      </trkpt>
      <trkpt lat="30.61914919875562191009521484375" lon="103.98875777609646320343017578125">
        <ele>493.20001220703125</ele>
        <time>2026-02-27T12:29:24.000Z</time>
        <extensions>
          <ns3:TrackPointExtension>
            <ns3:hr>156</ns3:hr>
            <ns3:cad>89</ns3:cad>
          </ns3:TrackPointExtension>
        </extensions>
      </trkpt>
      <trkpt lat="30.6191732548177242279052734375" lon="103.98874721489846706390380859375">
        <ele>493.20001220703125</ele>
        <time>2026-02-27T12:29:25.000Z</time>
        <extensions>
          <ns3:TrackPointExtension>
            <ns3:hr>156</ns3:hr>
            <ns3:cad>89</ns3:cad>
          </ns3:TrackPointExtension>
        </extensions>
      </trkpt>
      <trkpt lat="30.6191963888704776763916015625" lon="103.98873531259596347808837890625">
        <ele>493.20001220703125</ele>
        <time>2026-02-27T12:29:26.000Z</time>
        <extensions>
          <ns3:TrackPointExtension>
            <ns3:hr>156</ns3:hr>
            <ns3:cad>89</ns3:cad>
          </ns3:TrackPointExtension>
        </extensions>
      </trkpt>
      <trkpt lat="30.61922245658934116363525390625" lon="103.98871905170381069183349609375">
        <ele>493.20001220703125</ele>
        <time>2026-02-27T12:29:27.000Z</time>
        <extensions>
          <ns3:TrackPointExtension>
            <ns3:hr>156</ns3:hr>
            <ns3:cad>89</ns3:cad>
          </ns3:TrackPointExtension>
        </extensions>
      </trkpt>
      <trkpt lat="30.61923955567181110382080078125" lon="103.98870170116424560546875">
        <ele>493.20001220703125</ele>
        <time>2026-02-27T12:29:28.000Z</time>
        <extensions>
          <ns3:TrackPointExtension>
            <ns3:hr>156</ns3:hr>
            <ns3:cad>89</ns3:cad>
          </ns3:TrackPointExtension>
        </extensions>
      </trkpt>
      <trkpt lat="30.61925799585878849029541015625" lon="103.98867278359830379486083984375">
        <ele>493.20001220703125</ele>
        <time>2026-02-27T12:29:29.000Z</time>
        <extensions>
          <ns3:TrackPointExtension>
            <ns3:hr>157</ns3:hr>
            <ns3:cad>89</ns3:cad>
          </ns3:TrackPointExtension>
        </extensions>
      </trkpt>
      <trkpt lat="30.61927291564643383026123046875" lon="103.98864897899329662322998046875">
        <ele>493</ele>
        <time>2026-02-27T12:29:30.000Z</time>
        <extensions>
          <ns3:TrackPointExtension>
            <ns3:hr>157</ns3:hr>
            <ns3:cad>89</ns3:cad>
          </ns3:TrackPointExtension>
        </extensions>
      </trkpt>
      <trkpt lat="30.61928967945277690887451171875" lon="103.98861679248511791229248046875">
        <ele>492.79998779296875</ele>
        <time>2026-02-27T12:29:31.000Z</time>
        <extensions>
          <ns3:TrackPointExtension>
            <ns3:hr>157</ns3:hr>
            <ns3:cad>89</ns3:cad>
          </ns3:TrackPointExtension>
        </extensions>
      </trkpt>
      <trkpt lat="30.6193023361265659332275390625" lon="103.98859164677560329437255859375">
        <ele>492.600006103515625</ele>
        <time>2026-02-27T12:29:32.000Z</time>
        <extensions>
          <ns3:TrackPointExtension>
            <ns3:hr>157</ns3:hr>
            <ns3:cad>90</ns3:cad>
          </ns3:TrackPointExtension>
        </extensions>
      </trkpt>
      <trkpt lat="30.619315914809703826904296875" lon="103.988554179668426513671875">
        <ele>492.399993896484375</ele>
        <time>2026-02-27T12:29:33.000Z</time>
        <extensions>
          <ns3:TrackPointExtension>
            <ns3:hr>158</ns3:hr>
            <ns3:cad>90</ns3:cad>
          </ns3:TrackPointExtension>
        </extensions>
      </trkpt>
      <trkpt lat="30.61932303942739963531494140625" lon="103.98852224461734294891357421875">
        <ele>492.20001220703125</ele>
        <time>2026-02-27T12:29:34.000Z</time>
        <extensions>
          <ns3:TrackPointExtension>
            <ns3:hr>158</ns3:hr>
            <ns3:cad>90</ns3:cad>
          </ns3:TrackPointExtension>
        </extensions>
      </trkpt>
      <trkpt lat="30.61933577992022037506103515625" lon="103.98848754353821277618408203125">
        <ele>492</ele>
        <time>2026-02-27T12:29:35.000Z</time>
        <extensions>
          <ns3:TrackPointExtension>
            <ns3:hr>158</ns3:hr>
            <ns3:cad>89</ns3:cad>
          </ns3:TrackPointExtension>
        </extensions>
      </trkpt>
      <trkpt lat="30.6193452514708042144775390625" lon="103.98845468647778034210205078125">
        <ele>492</ele>
        <time>2026-02-27T12:29:36.000Z</time>
        <extensions>
          <ns3:TrackPointExtension>
            <ns3:hr>157</ns3:hr>
            <ns3:cad>89</ns3:cad>
          </ns3:TrackPointExtension>
        </extensions>
      </trkpt>
      <trkpt lat="30.61935220845043659210205078125" lon="103.98841948248445987701416015625">
        <ele>492</ele>
        <time>2026-02-27T12:29:37.000Z</time>
        <extensions>
          <ns3:TrackPointExtension>
            <ns3:hr>158</ns3:hr>
            <ns3:cad>88</ns3:cad>
          </ns3:TrackPointExtension>
        </extensions>
      </trkpt>
      <trkpt lat="30.61935807578265666961669921875" lon="103.98838679306209087371826171875">
        <ele>492</ele>
        <time>2026-02-27T12:29:38.000Z</time>
        <extensions>
          <ns3:TrackPointExtension>
            <ns3:hr>158</ns3:hr>
            <ns3:cad>89</ns3:cad>
          </ns3:TrackPointExtension>
        </extensions>
      </trkpt>
      <trkpt lat="30.6193623505532741546630859375" lon="103.98835091851651668548583984375">
        <ele>492</ele>
        <time>2026-02-27T12:29:39.000Z</time>
        <extensions>
          <ns3:TrackPointExtension>
            <ns3:hr>158</ns3:hr>
            <ns3:cad>89</ns3:cad>
          </ns3:TrackPointExtension>
        </extensions>
      </trkpt>
      <trkpt lat="30.6193653680384159088134765625" lon="103.98832275532186031341552734375">
        <ele>492</ele>
        <time>2026-02-27T12:29:40.000Z</time>
        <extensions>
          <ns3:TrackPointExtension>
            <ns3:hr>159</ns3:hr>
            <ns3:cad>90</ns3:cad>
          </ns3:TrackPointExtension>
        </extensions>
      </trkpt>
      <trkpt lat="30.61936897225677967071533203125" lon="103.9882854558527469635009765625">
        <ele>492</ele>
        <time>2026-02-27T12:29:41.000Z</time>
        <extensions>
          <ns3:TrackPointExtension>
            <ns3:hr>159</ns3:hr>
            <ns3:cad>90</ns3:cad>
          </ns3:TrackPointExtension>
        </extensions>
      </trkpt>
      <trkpt lat="30.61937266029417514801025390625" lon="103.98825486190617084503173828125">
        <ele>492</ele>
        <time>2026-02-27T12:29:42.000Z</time>
        <extensions>
          <ns3:TrackPointExtension>
            <ns3:hr>160</ns3:hr>
            <ns3:cad>89</ns3:cad>
          </ns3:TrackPointExtension>
        </extensions>
      </trkpt>
      <trkpt lat="30.61936880461871623992919921875" lon="103.98822368122637271881103515625">
        <ele>492</ele>
        <time>2026-02-27T12:29:43.000Z</time>
        <extensions>
          <ns3:TrackPointExtension>
            <ns3:hr>160</ns3:hr>
            <ns3:cad>89</ns3:cad>
          </ns3:TrackPointExtension>
        </extensions>
      </trkpt>
      <trkpt lat="30.61936411075294017791748046875" lon="103.9881915785372257232666015625">
        <ele>492</ele>
        <time>2026-02-27T12:29:44.000Z</time>
        <extensions>
          <ns3:TrackPointExtension>
            <ns3:hr>161</ns3:hr>
            <ns3:cad>89</ns3:cad>
          </ns3:TrackPointExtension>
        </extensions>
      </trkpt>
      <trkpt lat="30.619354806840419769287109375" lon="103.98816266097128391265869140625">
        <ele>492</ele>
        <time>2026-02-27T12:29:45.000Z</time>
        <extensions>
          <ns3:TrackPointExtension>
            <ns3:hr>161</ns3:hr>
            <ns3:cad>89</ns3:cad>
          </ns3:TrackPointExtension>
        </extensions>
      </trkpt>
      <trkpt lat="30.619346760213375091552734375" lon="103.9881275407969951629638671875">
        <ele>492</ele>
        <time>2026-02-27T12:29:46.000Z</time>
        <extensions>
          <ns3:TrackPointExtension>
            <ns3:hr>161</ns3:hr>
            <ns3:cad>89</ns3:cad>
          </ns3:TrackPointExtension>
        </extensions>
      </trkpt>
      <trkpt lat="30.6193358637392520904541015625" lon="103.98809912614524364471435546875">
        <ele>492</ele>
        <time>2026-02-27T12:29:47.000Z</time>
        <extensions>
          <ns3:TrackPointExtension>
            <ns3:hr>161</ns3:hr>
            <ns3:cad>89</ns3:cad>
          </ns3:TrackPointExtension>
        </extensions>
      </trkpt>
      <trkpt lat="30.6193261407315731048583984375" lon="103.9880651794373989105224609375">
        <ele>492</ele>
        <time>2026-02-27T12:29:48.000Z</time>
        <extensions>
          <ns3:TrackPointExtension>
            <ns3:hr>161</ns3:hr>
            <ns3:cad>89</ns3:cad>
          </ns3:TrackPointExtension>
        </extensions>
      </trkpt>
      <trkpt lat="30.61931180767714977264404296875" lon="103.988043554127216339111328125">
        <ele>492</ele>
        <time>2026-02-27T12:29:49.000Z</time>
        <extensions>
          <ns3:TrackPointExtension>
            <ns3:hr>161</ns3:hr>
            <ns3:cad>89</ns3:cad>
          </ns3:TrackPointExtension>
        </extensions>
      </trkpt>
      <trkpt lat="30.6192932836711406707763671875" lon="103.98801304399967193603515625">
        <ele>492</ele>
        <time>2026-02-27T12:29:50.000Z</time>
        <extensions>
          <ns3:TrackPointExtension>
            <ns3:hr>161</ns3:hr>
            <ns3:cad>88</ns3:cad>
          </ns3:TrackPointExtension>
        </extensions>
      </trkpt>
      <trkpt lat="30.61927677132189273834228515625" lon="103.987993262708187103271484375">
        <ele>492</ele>
        <time>2026-02-27T12:29:51.000Z</time>
        <extensions>
          <ns3:TrackPointExtension>
            <ns3:hr>162</ns3:hr>
            <ns3:cad>88</ns3:cad>
          </ns3:TrackPointExtension>
        </extensions>
      </trkpt>
      <trkpt lat="30.6192567385733127593994140625" lon="103.98796250112354755401611328125">
        <ele>492</ele>
        <time>2026-02-27T12:29:52.000Z</time>
        <extensions>
          <ns3:TrackPointExtension>
            <ns3:hr>162</ns3:hr>
            <ns3:cad>88</ns3:cad>
          </ns3:TrackPointExtension>
        </extensions>
      </trkpt>
      <trkpt lat="30.61923603527247905731201171875" lon="103.98794506676495075225830078125">
        <ele>492</ele>
        <time>2026-02-27T12:29:53.000Z</time>
        <extensions>
          <ns3:TrackPointExtension>
            <ns3:hr>162</ns3:hr>
            <ns3:cad>89</ns3:cad>
          </ns3:TrackPointExtension>
        </extensions>
      </trkpt>
      <trkpt lat="30.61921172775328159332275390625" lon="103.987920172512531280517578125">
        <ele>492</ele>
        <time>2026-02-27T12:29:54.000Z</time>
        <extensions>
          <ns3:TrackPointExtension>
            <ns3:hr>162</ns3:hr>
            <ns3:cad>89</ns3:cad>
          </ns3:TrackPointExtension>
        </extensions>
      </trkpt>
      <trkpt lat="30.6191886775195598602294921875" lon="103.987907432019710540771484375">
        <ele>492</ele>
        <time>2026-02-27T12:29:55.000Z</time>
        <extensions>
          <ns3:TrackPointExtension>
            <ns3:hr>162</ns3:hr>
            <ns3:cad>89</ns3:cad>
          </ns3:TrackPointExtension>
        </extensions>
      </trkpt>
      <trkpt lat="30.6191568262875080108642578125" lon="103.98788857273757457733154296875">
        <ele>492</ele>
        <time>2026-02-27T12:29:56.000Z</time>
        <extensions>
          <ns3:TrackPointExtension>
            <ns3:hr>162</ns3:hr>
            <ns3:cad>90</ns3:cad>
          </ns3:TrackPointExtension>
        </extensions>
      </trkpt>
      <trkpt lat="30.619128160178661346435546875" lon="103.9878849685192108154296875">
        <ele>492</ele>
        <time>2026-02-27T12:29:57.000Z</time>
        <extensions>
          <ns3:TrackPointExtension>
            <ns3:hr>162</ns3:hr>
            <ns3:cad>90</ns3:cad>
          </ns3:TrackPointExtension>
        </extensions>
      </trkpt>
      <trkpt lat="30.6190951354801654815673828125" lon="103.98787315003573894500732421875">
        <ele>492</ele>
        <time>2026-02-27T12:29:58.000Z</time>
        <extensions>
          <ns3:TrackPointExtension>
            <ns3:hr>162</ns3:hr>
            <ns3:cad>88</ns3:cad>
          </ns3:TrackPointExtension>
        </extensions>
      </trkpt>
      <trkpt lat="30.61906890012323856353759765625" lon="103.98787281475961208343505859375">
        <ele>491.79998779296875</ele>
        <time>2026-02-27T12:29:59.000Z</time>
        <extensions>
          <ns3:TrackPointExtension>
            <ns3:hr>162</ns3:hr>
            <ns3:cad>88</ns3:cad>
          </ns3:TrackPointExtension>
        </extensions>
      </trkpt>
      <trkpt lat="30.61904006637632846832275390625" lon="103.987860493361949920654296875">
        <ele>491.79998779296875</ele>
        <time>2026-02-27T12:30:00.000Z</time>
        <extensions>
          <ns3:TrackPointExtension>
            <ns3:hr>162</ns3:hr>
            <ns3:cad>89</ns3:cad>
          </ns3:TrackPointExtension>
        </extensions>
      </trkpt>
      <trkpt lat="30.619016848504543304443359375" lon="103.98785470984876155853271484375">
        <ele>491.79998779296875</ele>
        <time>2026-02-27T12:30:01.000Z</time>
        <extensions>
          <ns3:TrackPointExtension>
            <ns3:hr>163</ns3:hr>
            <ns3:cad>89</ns3:cad>
          </ns3:TrackPointExtension>
        </extensions>
      </trkpt>
      <trkpt lat="30.6189891882240772247314453125" lon="103.98784263990819454193115234375">
        <ele>491.79998779296875</ele>
        <time>2026-02-27T12:30:02.000Z</time>
        <extensions>
          <ns3:TrackPointExtension>
            <ns3:hr>162</ns3:hr>
            <ns3:cad>89</ns3:cad>
          </ns3:TrackPointExtension>
        </extensions>
      </trkpt>
      <trkpt lat="30.6189700774848461151123046875" lon="103.98784314282238483428955078125">
        <ele>491.79998779296875</ele>
        <time>2026-02-27T12:30:03.000Z</time>
        <extensions>
          <ns3:TrackPointExtension>
            <ns3:hr>162</ns3:hr>
            <ns3:cad>89</ns3:cad>
          </ns3:TrackPointExtension>
        </extensions>
      </trkpt>
      <trkpt lat="30.61893914826214313507080078125" lon="103.98784406483173370361328125">
        <ele>491.79998779296875</ele>
        <time>2026-02-27T12:30:04.000Z</time>
        <extensions>
          <ns3:TrackPointExtension>
            <ns3:hr>162</ns3:hr>
            <ns3:cad>89</ns3:cad>
          </ns3:TrackPointExtension>
        </extensions>
      </trkpt>
      <trkpt lat="30.6189157627522945404052734375" lon="103.987845741212368011474609375">
        <ele>491.79998779296875</ele>
        <time>2026-02-27T12:30:05.000Z</time>
        <extensions>
          <ns3:TrackPointExtension>
            <ns3:hr>162</ns3:hr>
            <ns3:cad>88</ns3:cad>
          </ns3:TrackPointExtension>
        </extensions>
      </trkpt>
      <trkpt lat="30.61888449825346469879150390625" lon="103.98784247227013111114501953125">
        <ele>491.79998779296875</ele>
        <time>2026-02-27T12:30:06.000Z</time>
        <extensions>
          <ns3:TrackPointExtension>
            <ns3:hr>161</ns3:hr>
            <ns3:cad>88</ns3:cad>
          </ns3:TrackPointExtension>
        </extensions>
      </trkpt>
      <trkpt lat="30.61885826289653778076171875" lon="103.987840712070465087890625">
        <ele>492</ele>
        <time>2026-02-27T12:30:07.000Z</time>
        <extensions>
          <ns3:TrackPointExtension>
            <ns3:hr>161</ns3:hr>
            <ns3:cad>88</ns3:cad>
          </ns3:TrackPointExtension>
        </extensions>
      </trkpt>
      <trkpt lat="30.61882817186415195465087890625" lon="103.98783241398632526397705078125">
        <ele>492</ele>
        <time>2026-02-27T12:30:08.000Z</time>
        <extensions>
          <ns3:TrackPointExtension>
            <ns3:hr>161</ns3:hr>
            <ns3:cad>89</ns3:cad>
          </ns3:TrackPointExtension>
        </extensions>
      </trkpt>
      <trkpt lat="30.61879967339336872100830078125" lon="103.98782168515026569366455078125">
        <ele>492</ele>
        <time>2026-02-27T12:30:09.000Z</time>
        <extensions>
          <ns3:TrackPointExtension>
            <ns3:hr>161</ns3:hr>
            <ns3:cad>89</ns3:cad>
          </ns3:TrackPointExtension>
        </extensions>
      </trkpt>
      <trkpt lat="30.618772096931934356689453125" lon="103.98780643008649349212646484375">
        <ele>492</ele>
        <time>2026-02-27T12:30:10.000Z</time>
        <extensions>
          <ns3:TrackPointExtension>
            <ns3:hr>161</ns3:hr>
            <ns3:cad>89</ns3:cad>
          </ns3:TrackPointExtension>
        </extensions>
      </trkpt>
      <trkpt lat="30.61874921433627605438232421875" lon="103.98778773844242095947265625">
        <ele>492</ele>
        <time>2026-02-27T12:30:11.000Z</time>
        <extensions>
          <ns3:TrackPointExtension>
            <ns3:hr>161</ns3:hr>
            <ns3:cad>89</ns3:cad>
          </ns3:TrackPointExtension>
        </extensions>
      </trkpt>
      <trkpt lat="30.61872817575931549072265625" lon="103.9877657778561115264892578125">
        <ele>492</ele>
        <time>2026-02-27T12:30:12.000Z</time>
        <extensions>
          <ns3:TrackPointExtension>
            <ns3:hr>161</ns3:hr>
            <ns3:cad>88</ns3:cad>
          </ns3:TrackPointExtension>
        </extensions>
      </trkpt>
      <trkpt lat="30.618709735572338104248046875" lon="103.9877414703369140625">
        <ele>492</ele>
        <time>2026-02-27T12:30:13.000Z</time>
        <extensions>
          <ns3:TrackPointExtension>
            <ns3:hr>161</ns3:hr>
            <ns3:cad>88</ns3:cad>
          </ns3:TrackPointExtension>
        </extensions>
      </trkpt>
      <trkpt lat="30.6186938099563121795654296875" lon="103.9877185039222240447998046875">
        <ele>492</ele>
        <time>2026-02-27T12:30:14.000Z</time>
        <extensions>
          <ns3:TrackPointExtension>
            <ns3:hr>161</ns3:hr>
            <ns3:cad>88</ns3:cad>
          </ns3:TrackPointExtension>
        </extensions>
      </trkpt>
      <trkpt lat="30.6186834163963794708251953125" lon="103.987685143947601318359375">
        <ele>492.20001220703125</ele>
        <time>2026-02-27T12:30:15.000Z</time>
        <extensions>
          <ns3:TrackPointExtension>
            <ns3:hr>161</ns3:hr>
            <ns3:cad>88</ns3:cad>
          </ns3:TrackPointExtension>
        </extensions>
      </trkpt>
      <trkpt lat="30.618674196302890777587890625" lon="103.98766209371387958526611328125">
        <ele>492.20001220703125</ele>
        <time>2026-02-27T12:30:16.000Z</time>
        <extensions>
          <ns3:TrackPointExtension>
            <ns3:hr>160</ns3:hr>
            <ns3:cad>89</ns3:cad>
          </ns3:TrackPointExtension>
        </extensions>
      </trkpt>
      <trkpt lat="30.61866656877100467681884765625" lon="103.9876289851963520050048828125">
        <ele>492.20001220703125</ele>
        <time>2026-02-27T12:30:17.000Z</time>
        <extensions>
          <ns3:TrackPointExtension>
            <ns3:hr>161</ns3:hr>
            <ns3:cad>88</ns3:cad>
          </ns3:TrackPointExtension>
        </extensions>
      </trkpt>
      <trkpt lat="30.61865977942943572998046875" lon="103.98759989999234676361083984375">
        <ele>492.20001220703125</ele>
        <time>2026-02-27T12:30:18.000Z</time>
        <extensions>
          <ns3:TrackPointExtension>
            <ns3:hr>161</ns3:hr>
            <ns3:cad>88</ns3:cad>
          </ns3:TrackPointExtension>
        </extensions>
      </trkpt>
      <trkpt lat="30.6186591088771820068359375" lon="103.9875622652471065521240234375">
        <ele>492.20001220703125</ele>
        <time>2026-02-27T12:30:19.000Z</time>
        <extensions>
          <ns3:TrackPointExtension>
            <ns3:hr>161</ns3:hr>
            <ns3:cad>87</ns3:cad>
          </ns3:TrackPointExtension>
        </extensions>
      </trkpt>
      <trkpt lat="30.61865349300205707550048828125" lon="103.98752949200570583343505859375">
        <ele>492.20001220703125</ele>
        <time>2026-02-27T12:30:20.000Z</time>
        <extensions>
          <ns3:TrackPointExtension>
            <ns3:hr>160</ns3:hr>
            <ns3:cad>87</ns3:cad>
          </ns3:TrackPointExtension>
        </extensions>
      </trkpt>
      <trkpt lat="30.618652403354644775390625" lon="103.9874948747456073760986328125">
        <ele>492.399993896484375</ele>
        <time>2026-02-27T12:30:21.000Z</time>
        <extensions>
          <ns3:TrackPointExtension>
            <ns3:hr>161</ns3:hr>
            <ns3:cad>87</ns3:cad>
          </ns3:TrackPointExtension>
        </extensions>
      </trkpt>
      <trkpt lat="30.618646703660488128662109375" lon="103.98746319115161895751953125">
        <ele>492.399993896484375</ele>
        <time>2026-02-27T12:30:22.000Z</time>
        <extensions>
          <ns3:TrackPointExtension>
            <ns3:hr>161</ns3:hr>
            <ns3:cad>88</ns3:cad>
          </ns3:TrackPointExtension>
        </extensions>
      </trkpt>
      <trkpt lat="30.61863832175731658935546875" lon="103.98743159137666225433349609375">
        <ele>492.399993896484375</ele>
        <time>2026-02-27T12:30:23.000Z</time>
        <extensions>
          <ns3:TrackPointExtension>
            <ns3:hr>161</ns3:hr>
            <ns3:cad>88</ns3:cad>
          </ns3:TrackPointExtension>
        </extensions>
      </trkpt>
      <trkpt lat="30.61862885020673274993896484375" lon="103.9874050207436084747314453125">
        <ele>492.399993896484375</ele>
        <time>2026-02-27T12:30:24.000Z</time>
        <extensions>
          <ns3:TrackPointExtension>
            <ns3:hr>160</ns3:hr>
            <ns3:cad>89</ns3:cad>
          </ns3:TrackPointExtension>
        </extensions>
      </trkpt>
      <trkpt lat="30.618614852428436279296875" lon="103.9873753488063812255859375">
        <ele>492.399993896484375</ele>
        <time>2026-02-27T12:30:25.000Z</time>
        <extensions>
          <ns3:TrackPointExtension>
            <ns3:hr>161</ns3:hr>
            <ns3:cad>89</ns3:cad>
          </ns3:TrackPointExtension>
        </extensions>
      </trkpt>
      <trkpt lat="30.6186026148498058319091796875" lon="103.98734894581139087677001953125">
        <ele>492.399993896484375</ele>
        <time>2026-02-27T12:30:26.000Z</time>
        <extensions>
          <ns3:TrackPointExtension>
            <ns3:hr>161</ns3:hr>
            <ns3:cad>88</ns3:cad>
          </ns3:TrackPointExtension>
        </extensions>
      </trkpt>
      <trkpt lat="30.61858610250055789947509765625" lon="103.98732229135930538177490234375">
        <ele>492.600006103515625</ele>
        <time>2026-02-27T12:30:27.000Z</time>
        <extensions>
          <ns3:TrackPointExtension>
            <ns3:hr>161</ns3:hr>
            <ns3:cad>88</ns3:cad>
          </ns3:TrackPointExtension>
        </extensions>
      </trkpt>
      <trkpt lat="30.61856992542743682861328125" lon="103.98729630745947360992431640625">
        <ele>492.600006103515625</ele>
        <time>2026-02-27T12:30:28.000Z</time>
        <extensions>
          <ns3:TrackPointExtension>
            <ns3:hr>161</ns3:hr>
            <ns3:cad>87</ns3:cad>
          </ns3:TrackPointExtension>
        </extensions>
      </trkpt>
      <trkpt lat="30.61854754574596881866455078125" lon="103.987272419035434722900390625">
        <ele>492.600006103515625</ele>
        <time>2026-02-27T12:30:29.000Z</time>
        <extensions>
          <ns3:TrackPointExtension>
            <ns3:hr>161</ns3:hr>
            <ns3:cad>88</ns3:cad>
          </ns3:TrackPointExtension>
        </extensions>
      </trkpt>
      <trkpt lat="30.61852633953094482421875" lon="103.98724853061139583587646484375">
        <ele>492.600006103515625</ele>
        <time>2026-02-27T12:30:30.000Z</time>
        <extensions>
          <ns3:TrackPointExtension>
            <ns3:hr>162</ns3:hr>
            <ns3:cad>88</ns3:cad>
          </ns3:TrackPointExtension>
        </extensions>
      </trkpt>
      <trkpt lat="30.61849976889789104461669921875" lon="103.9872306771576404571533203125">
        <ele>492.600006103515625</ele>
        <time>2026-02-27T12:30:31.000Z</time>
        <extensions>
          <ns3:TrackPointExtension>
            <ns3:hr>162</ns3:hr>
            <ns3:cad>89</ns3:cad>
          </ns3:TrackPointExtension>
        </extensions>
      </trkpt>
      <trkpt lat="30.6184752099215984344482421875" lon="103.9872108958661556243896484375">
        <ele>492.79998779296875</ele>
        <time>2026-02-27T12:30:32.000Z</time>
        <extensions>
          <ns3:TrackPointExtension>
            <ns3:hr>162</ns3:hr>
            <ns3:cad>89</ns3:cad>
          </ns3:TrackPointExtension>
        </extensions>
      </trkpt>
      <trkpt lat="30.61845081858336925506591796875" lon="103.9871954731643199920654296875">
        <ele>492.79998779296875</ele>
        <time>2026-02-27T12:30:33.000Z</time>
        <extensions>
          <ns3:TrackPointExtension>
            <ns3:hr>162</ns3:hr>
            <ns3:cad>89</ns3:cad>
          </ns3:TrackPointExtension>
        </extensions>
      </trkpt>
      <trkpt lat="30.618426091969013214111328125" lon="103.987179212272167205810546875">
        <ele>492.79998779296875</ele>
        <time>2026-02-27T12:30:34.000Z</time>
        <extensions>
          <ns3:TrackPointExtension>
            <ns3:hr>161</ns3:hr>
            <ns3:cad>89</ns3:cad>
          </ns3:TrackPointExtension>
        </extensions>
      </trkpt>
      <trkpt lat="30.61840094625949859619140625" lon="103.98717108182609081268310546875">
        <ele>492.79998779296875</ele>
        <time>2026-02-27T12:30:35.000Z</time>
        <extensions>
          <ns3:TrackPointExtension>
            <ns3:hr>161</ns3:hr>
            <ns3:cad>88</ns3:cad>
          </ns3:TrackPointExtension>
        </extensions>
      </trkpt>
      <trkpt lat="30.6183773092925548553466796875" lon="103.98715180344879627227783203125">
        <ele>493</ele>
        <time>2026-02-27T12:30:36.000Z</time>
        <extensions>
          <ns3:TrackPointExtension>
            <ns3:hr>161</ns3:hr>
            <ns3:cad>88</ns3:cad>
          </ns3:TrackPointExtension>
        </extensions>
      </trkpt>
      <trkpt lat="30.61836146749556064605712890625" lon="103.98712984286248683929443359375">
        <ele>493.20001220703125</ele>
        <time>2026-02-27T12:30:37.000Z</time>
        <extensions>
          <ns3:TrackPointExtension>
            <ns3:hr>161</ns3:hr>
            <ns3:cad>89</ns3:cad>
          </ns3:TrackPointExtension>
        </extensions>
      </trkpt>
      <trkpt lat="30.61835132539272308349609375" lon="103.98709933273494243621826171875">
        <ele>493.20001220703125</ele>
        <time>2026-02-27T12:30:38.000Z</time>
        <extensions>
          <ns3:TrackPointExtension>
            <ns3:hr>161</ns3:hr>
            <ns3:cad>89</ns3:cad>
          </ns3:TrackPointExtension>
        </extensions>
      </trkpt>
      <trkpt lat="30.61833984218537807464599609375" lon="103.98707787506282329559326171875">
        <ele>493.20001220703125</ele>
        <time>2026-02-27T12:30:39.000Z</time>
        <extensions>
          <ns3:TrackPointExtension>
            <ns3:hr>162</ns3:hr>
            <ns3:cad>89</ns3:cad>
          </ns3:TrackPointExtension>
        </extensions>
      </trkpt>
      <trkpt lat="30.6183323822915554046630859375" lon="103.98704267106950283050537109375">
        <ele>493.20001220703125</ele>
        <time>2026-02-27T12:30:40.000Z</time>
        <extensions>
          <ns3:TrackPointExtension>
            <ns3:hr>162</ns3:hr>
            <ns3:cad>89</ns3:cad>
          </ns3:TrackPointExtension>
        </extensions>
      </trkpt>
      <trkpt lat="30.6183240003883838653564453125" lon="103.98701769299805164337158203125">
        <ele>493.20001220703125</ele>
        <time>2026-02-27T12:30:41.000Z</time>
        <extensions>
          <ns3:TrackPointExtension>
            <ns3:hr>162</ns3:hr>
            <ns3:cad>88</ns3:cad>
          </ns3:TrackPointExtension>
        </extensions>
      </trkpt>
      <trkpt lat="30.6183166243135929107666015625" lon="103.98698508739471435546875">
        <ele>493.20001220703125</ele>
        <time>2026-02-27T12:30:42.000Z</time>
        <extensions>
          <ns3:TrackPointExtension>
            <ns3:hr>162</ns3:hr>
            <ns3:cad>88</ns3:cad>
          </ns3:TrackPointExtension>
        </extensions>
      </trkpt>
      <trkpt lat="30.61830480583012104034423828125" lon="103.9869644679129123687744140625">
        <ele>493.20001220703125</ele>
        <time>2026-02-27T12:30:43.000Z</time>
        <extensions>
          <ns3:TrackPointExtension>
            <ns3:hr>162</ns3:hr>
            <ns3:cad>88</ns3:cad>
          </ns3:TrackPointExtension>
        </extensions>
      </trkpt>
      <trkpt lat="30.61828854493796825408935546875" lon="103.98694460280239582061767578125">
        <ele>493.399993896484375</ele>
        <time>2026-02-27T12:30:44.000Z</time>
        <extensions>
          <ns3:TrackPointExtension>
            <ns3:hr>162</ns3:hr>
            <ns3:cad>88</ns3:cad>
          </ns3:TrackPointExtension>
        </extensions>
      </trkpt>
      <trkpt lat="30.61826557852327823638916015625" lon="103.98693152703344821929931640625">
        <ele>493.399993896484375</ele>
        <time>2026-02-27T12:30:45.000Z</time>
        <extensions>
          <ns3:TrackPointExtension>
            <ns3:hr>161</ns3:hr>
            <ns3:cad>88</ns3:cad>
          </ns3:TrackPointExtension>
        </extensions>
      </trkpt>
      <trkpt lat="30.6182406842708587646484375" lon="103.986922390758991241455078125">
        <ele>493.600006103515625</ele>
        <time>2026-02-27T12:30:46.000Z</time>
        <extensions>
          <ns3:TrackPointExtension>
            <ns3:hr>162</ns3:hr>
            <ns3:cad>88</ns3:cad>
          </ns3:TrackPointExtension>
        </extensions>
      </trkpt>
      <trkpt lat="30.6182167120277881622314453125" lon="103.98690286092460155487060546875">
        <ele>493.399993896484375</ele>
        <time>2026-02-27T12:30:47.000Z</time>
        <extensions>
          <ns3:TrackPointExtension>
            <ns3:hr>162</ns3:hr>
            <ns3:cad>88</ns3:cad>
          </ns3:TrackPointExtension>
        </extensions>
      </trkpt>
      <trkpt lat="30.6181955896317958831787109375" lon="103.9868845045566558837890625">
        <ele>493.20001220703125</ele>
        <time>2026-02-27T12:30:48.000Z</time>
        <extensions>
          <ns3:TrackPointExtension>
            <ns3:hr>161</ns3:hr>
            <ns3:cad>87</ns3:cad>
          </ns3:TrackPointExtension>
        </extensions>
      </trkpt>
      <trkpt lat="30.61817706562578678131103515625" lon="103.98685893975198268890380859375">
        <ele>493.20001220703125</ele>
        <time>2026-02-27T12:30:49.000Z</time>
        <extensions>
          <ns3:TrackPointExtension>
            <ns3:hr>161</ns3:hr>
            <ns3:cad>87</ns3:cad>
          </ns3:TrackPointExtension>
        </extensions>
      </trkpt>
      <trkpt lat="30.618161894381046295166015625" lon="103.9868353866040706634521484375">
        <ele>493</ele>
        <time>2026-02-27T12:30:50.000Z</time>
        <extensions>
          <ns3:TrackPointExtension>
            <ns3:hr>161</ns3:hr>
            <ns3:cad>87</ns3:cad>
          </ns3:TrackPointExtension>
        </extensions>
      </trkpt>
      <trkpt lat="30.61816901899874210357666015625" lon="103.9868065528571605682373046875">
        <ele>492.600006103515625</ele>
        <time>2026-02-27T12:30:51.000Z</time>
        <extensions>
          <ns3:TrackPointExtension>
            <ns3:hr>161</ns3:hr>
            <ns3:cad>87</ns3:cad>
          </ns3:TrackPointExtension>
        </extensions>
      </trkpt>
      <trkpt lat="30.6181764788925647735595703125" lon="103.98678434081375598907470703125">
        <ele>492.399993896484375</ele>
        <time>2026-02-27T12:30:52.000Z</time>
        <extensions>
          <ns3:TrackPointExtension>
            <ns3:hr>161</ns3:hr>
            <ns3:cad>87</ns3:cad>
          </ns3:TrackPointExtension>
        </extensions>
      </trkpt>
      <trkpt lat="30.61819265596568584442138671875" lon="103.9867659844458103179931640625">
        <ele>492.399993896484375</ele>
        <time>2026-02-27T12:30:53.000Z</time>
        <extensions>
          <ns3:TrackPointExtension>
            <ns3:hr>161</ns3:hr>
            <ns3:cad>87</ns3:cad>
          </ns3:TrackPointExtension>
        </extensions>
      </trkpt>
      <trkpt lat="30.61820975504815578460693359375" lon="103.98674846626818180084228515625">
        <ele>492.20001220703125</ele>
        <time>2026-02-27T12:30:54.000Z</time>
        <extensions>
          <ns3:TrackPointExtension>
            <ns3:hr>161</ns3:hr>
            <ns3:cad>87</ns3:cad>
          </ns3:TrackPointExtension>
        </extensions>
      </trkpt>
      <trkpt lat="30.618229620158672332763671875" lon="103.98673153482377529144287109375">
        <ele>492.20001220703125</ele>
        <time>2026-02-27T12:30:55.000Z</time>
        <extensions>
          <ns3:TrackPointExtension>
            <ns3:hr>160</ns3:hr>
            <ns3:cad>88</ns3:cad>
          </ns3:TrackPointExtension>
        </extensions>
      </trkpt>
      <trkpt lat="30.61824630014598369598388671875" lon="103.9867155253887176513671875">
        <ele>492.20001220703125</ele>
        <time>2026-02-27T12:30:56.000Z</time>
        <extensions>
          <ns3:TrackPointExtension>
            <ns3:hr>161</ns3:hr>
            <ns3:cad>88</ns3:cad>
          </ns3:TrackPointExtension>
        </extensions>
      </trkpt>
      <trkpt lat="30.6182690151035785675048828125" lon="103.986697755753993988037109375">
        <ele>492.20001220703125</ele>
        <time>2026-02-27T12:30:57.000Z</time>
        <extensions>
          <ns3:TrackPointExtension>
            <ns3:hr>161</ns3:hr>
            <ns3:cad>88</ns3:cad>
          </ns3:TrackPointExtension>
        </extensions>
      </trkpt>
      <trkpt lat="30.618287622928619384765625" lon="103.98668375797569751739501953125">
        <ele>492.20001220703125</ele>
        <time>2026-02-27T12:30:58.000Z</time>
        <extensions>
          <ns3:TrackPointExtension>
            <ns3:hr>160</ns3:hr>
            <ns3:cad>87</ns3:cad>
          </ns3:TrackPointExtension>
        </extensions>
      </trkpt>
      <trkpt lat="30.61831654049456119537353515625" lon="103.98667101748287677764892578125">
        <ele>492.399993896484375</ele>
        <time>2026-02-27T12:30:59.000Z</time>
        <extensions>
          <ns3:TrackPointExtension>
            <ns3:hr>160</ns3:hr>
            <ns3:cad>87</ns3:cad>
          </ns3:TrackPointExtension>
        </extensions>
      </trkpt>
      <trkpt lat="30.61833246611058712005615234375" lon="103.9866570197045803070068359375">
        <ele>492.399993896484375</ele>
        <time>2026-02-27T12:31:00.000Z</time>
        <extensions>
          <ns3:TrackPointExtension>
            <ns3:hr>160</ns3:hr>
            <ns3:cad>89</ns3:cad>
          </ns3:TrackPointExtension>
        </extensions>
      </trkpt>
      <trkpt lat="30.61835291795432567596435546875" lon="103.98664251901209354400634765625">
        <ele>492.399993896484375</ele>
        <time>2026-02-27T12:31:01.000Z</time>
        <extensions>
          <ns3:TrackPointExtension>
            <ns3:hr>160</ns3:hr>
            <ns3:cad>89</ns3:cad>
          </ns3:TrackPointExtension>
        </extensions>
      </trkpt>
      <trkpt lat="30.6183665804564952850341796875" lon="103.98662961088120937347412109375">
        <ele>492.399993896484375</ele>
        <time>2026-02-27T12:31:02.000Z</time>
        <extensions>
          <ns3:TrackPointExtension>
            <ns3:hr>161</ns3:hr>
            <ns3:cad>89</ns3:cad>
          </ns3:TrackPointExtension>
        </extensions>
      </trkpt>
      <trkpt lat="30.6183860264718532562255859375" lon="103.986613266170024871826171875">
        <ele>492.399993896484375</ele>
        <time>2026-02-27T12:31:03.000Z</time>
        <extensions>
          <ns3:TrackPointExtension>
            <ns3:hr>160</ns3:hr>
            <ns3:cad>89</ns3:cad>
          </ns3:TrackPointExtension>
        </extensions>
      </trkpt>
      <trkpt lat="30.618397258222103118896484375" lon="103.9866010285913944244384765625">
        <ele>492.399993896484375</ele>
        <time>2026-02-27T12:31:04.000Z</time>
        <extensions>
          <ns3:TrackPointExtension>
            <ns3:hr>160</ns3:hr>
            <ns3:cad>89</ns3:cad>
          </ns3:TrackPointExtension>
        </extensions>
      </trkpt>
      <trkpt lat="30.61841930262744426727294921875" lon="103.98658669553697109222412109375">
        <ele>492.399993896484375</ele>
        <time>2026-02-27T12:31:05.000Z</time>
        <extensions>
          <ns3:TrackPointExtension>
            <ns3:hr>160</ns3:hr>
            <ns3:cad>88</ns3:cad>
          </ns3:TrackPointExtension>
        </extensions>
      </trkpt>
      <trkpt lat="30.618434809148311614990234375" lon="103.986571021378040313720703125">
        <ele>492.399993896484375</ele>
        <time>2026-02-27T12:31:06.000Z</time>
        <extensions>
          <ns3:TrackPointExtension>
            <ns3:hr>161</ns3:hr>
            <ns3:cad>88</ns3:cad>
          </ns3:TrackPointExtension>
        </extensions>
      </trkpt>
      <trkpt lat="30.6184500642120838165283203125" lon="103.9865500666201114654541015625">
        <ele>492.399993896484375</ele>
        <time>2026-02-27T12:31:07.000Z</time>
        <extensions>
          <ns3:TrackPointExtension>
            <ns3:hr>160</ns3:hr>
            <ns3:cad>89</ns3:cad>
          </ns3:TrackPointExtension>
        </extensions>
      </trkpt>
      <trkpt lat="30.61846339143812656402587890625" lon="103.98653271608054637908935546875">
        <ele>492.399993896484375</ele>
        <time>2026-02-27T12:31:08.000Z</time>
        <extensions>
          <ns3:TrackPointExtension>
            <ns3:hr>160</ns3:hr>
            <ns3:cad>89</ns3:cad>
          </ns3:TrackPointExtension>
        </extensions>
      </trkpt>
      <trkpt lat="30.61848166398704051971435546875" lon="103.986516706645488739013671875">
        <ele>492.600006103515625</ele>
        <time>2026-02-27T12:31:09.000Z</time>
        <extensions>
          <ns3:TrackPointExtension>
            <ns3:hr>160</ns3:hr>
            <ns3:cad>89</ns3:cad>
          </ns3:TrackPointExtension>
        </extensions>
      </trkpt>
      <trkpt lat="30.61850312165915966033935546875" lon="103.98650874383747577667236328125">
        <ele>492.600006103515625</ele>
        <time>2026-02-27T12:31:10.000Z</time>
        <extensions>
          <ns3:TrackPointExtension>
            <ns3:hr>160</ns3:hr>
            <ns3:cad>89</ns3:cad>
          </ns3:TrackPointExtension>
        </extensions>
      </trkpt>
      <trkpt lat="30.6185231544077396392822265625" lon="103.986499272286891937255859375">
        <ele>492.600006103515625</ele>
        <time>2026-02-27T12:31:11.000Z</time>
        <extensions>
          <ns3:TrackPointExtension>
            <ns3:hr>160</ns3:hr>
            <ns3:cad>88</ns3:cad>
          </ns3:TrackPointExtension>
        </extensions>
      </trkpt>
      <trkpt lat="30.61854503117501735687255859375" lon="103.98648527450859546661376953125">
        <ele>492.600006103515625</ele>
        <time>2026-02-27T12:31:12.000Z</time>
        <extensions>
          <ns3:TrackPointExtension>
            <ns3:hr>159</ns3:hr>
            <ns3:cad>87</ns3:cad>
          </ns3:TrackPointExtension>
        </extensions>
      </trkpt>
      <trkpt lat="30.6185630522668361663818359375" lon="103.9864652417600154876708984375">
        <ele>492.600006103515625</ele>
        <time>2026-02-27T12:31:13.000Z</time>
        <extensions>
          <ns3:TrackPointExtension>
            <ns3:hr>160</ns3:hr>
            <ns3:cad>87</ns3:cad>
          </ns3:TrackPointExtension>
        </extensions>
      </trkpt>
      <trkpt lat="30.618585012853145599365234375" lon="103.9864514954388141632080078125">
        <ele>492.600006103515625</ele>
        <time>2026-02-27T12:31:14.000Z</time>
        <extensions>
          <ns3:TrackPointExtension>
            <ns3:hr>160</ns3:hr>
            <ns3:cad>88</ns3:cad>
          </ns3:TrackPointExtension>
        </extensions>
      </trkpt>
      <trkpt lat="30.61860211193561553955078125" lon="103.9864357374608516693115234375">
        <ele>492.79998779296875</ele>
        <time>2026-02-27T12:31:15.000Z</time>
        <extensions>
          <ns3:TrackPointExtension>
            <ns3:hr>160</ns3:hr>
            <ns3:cad>88</ns3:cad>
          </ns3:TrackPointExtension>
        </extensions>
      </trkpt>
      <trkpt lat="30.61862164177000522613525390625" lon="103.98642023093998432159423828125">
        <ele>492.600006103515625</ele>
        <time>2026-02-27T12:31:16.000Z</time>
        <extensions>
          <ns3:TrackPointExtension>
            <ns3:hr>160</ns3:hr>
            <ns3:cad>89</ns3:cad>
          </ns3:TrackPointExtension>
        </extensions>
      </trkpt>
      <trkpt lat="30.6186368130147457122802734375" lon="103.9864022098481655120849609375">
        <ele>492.600006103515625</ele>
        <time>2026-02-27T12:31:17.000Z</time>
        <extensions>
          <ns3:TrackPointExtension>
            <ns3:hr>160</ns3:hr>
            <ns3:cad>89</ns3:cad>
          </ns3:TrackPointExtension>
        </extensions>
      </trkpt>
      <trkpt lat="30.61866355128586292266845703125" lon="103.98638921789824962615966796875">
        <ele>492.600006103515625</ele>
        <time>2026-02-27T12:31:18.000Z</time>
        <extensions>
          <ns3:TrackPointExtension>
            <ns3:hr>160</ns3:hr>
            <ns3:cad>89</ns3:cad>
          </ns3:TrackPointExtension>
        </extensions>
      </trkpt>
      <trkpt lat="30.61867729760706424713134765625" lon="103.986371867358684539794921875">
        <ele>492.600006103515625</ele>
        <time>2026-02-27T12:31:19.000Z</time>
        <extensions>
          <ns3:TrackPointExtension>
            <ns3:hr>160</ns3:hr>
            <ns3:cad>88</ns3:cad>
          </ns3:TrackPointExtension>
        </extensions>
      </trkpt>
      <trkpt lat="30.61870537698268890380859375" lon="103.98635275661945343017578125">
        <ele>492.600006103515625</ele>
        <time>2026-02-27T12:31:20.000Z</time>
        <extensions>
          <ns3:TrackPointExtension>
            <ns3:hr>160</ns3:hr>
            <ns3:cad>88</ns3:cad>
          </ns3:TrackPointExtension>
        </extensions>
      </trkpt>
      <trkpt lat="30.6187229789793491363525390625" lon="103.9863368310034275054931640625">
        <ele>492.600006103515625</ele>
        <time>2026-02-27T12:31:21.000Z</time>
        <extensions>
          <ns3:TrackPointExtension>
            <ns3:hr>160</ns3:hr>
            <ns3:cad>88</ns3:cad>
          </ns3:TrackPointExtension>
        </extensions>
      </trkpt>
      <trkpt lat="30.61875407584011554718017578125" lon="103.98632459342479705810546875">
        <ele>492.79998779296875</ele>
        <time>2026-02-27T12:31:22.000Z</time>
        <extensions>
          <ns3:TrackPointExtension>
            <ns3:hr>160</ns3:hr>
            <ns3:cad>88</ns3:cad>
          </ns3:TrackPointExtension>
        </extensions>
      </trkpt>
      <trkpt lat="30.61877301894128322601318359375" lon="103.9863120205700397491455078125">
        <ele>492.79998779296875</ele>
        <time>2026-02-27T12:31:23.000Z</time>
        <extensions>
          <ns3:TrackPointExtension>
            <ns3:hr>159</ns3:hr>
            <ns3:cad>89</ns3:cad>
          </ns3:TrackPointExtension>
        </extensions>
      </trkpt>
      <trkpt lat="30.61880453489720821380615234375" lon="103.9863079972565174102783203125">
        <ele>492.79998779296875</ele>
        <time>2026-02-27T12:31:24.000Z</time>
        <extensions>
          <ns3:TrackPointExtension>
            <ns3:hr>159</ns3:hr>
            <ns3:cad>89</ns3:cad>
          </ns3:TrackPointExtension>
        </extensions>
      </trkpt>
      <trkpt lat="30.61882565729320049285888671875" lon="103.98631428368389606475830078125">
        <ele>492.79998779296875</ele>
        <time>2026-02-27T12:31:25.000Z</time>
        <extensions>
          <ns3:TrackPointExtension>
            <ns3:hr>159</ns3:hr>
            <ns3:cad>89</ns3:cad>
          </ns3:TrackPointExtension>
        </extensions>
      </trkpt>
      <trkpt lat="30.61885113827884197235107421875" lon="103.98632585071027278900146484375">
        <ele>492.79998779296875</ele>
        <time>2026-02-27T12:31:26.000Z</time>
        <extensions>
          <ns3:TrackPointExtension>
            <ns3:hr>159</ns3:hr>
            <ns3:cad>89</ns3:cad>
          </ns3:TrackPointExtension>
        </extensions>
      </trkpt>
      <trkpt lat="30.61886899173259735107421875" lon="103.98633775301277637481689453125">
        <ele>492.79998779296875</ele>
        <time>2026-02-27T12:31:27.000Z</time>
        <extensions>
          <ns3:TrackPointExtension>
            <ns3:hr>159</ns3:hr>
            <ns3:cad>89</ns3:cad>
          </ns3:TrackPointExtension>
        </extensions>
      </trkpt>
      <trkpt lat="30.6188909523189067840576171875" lon="103.9863465540111064910888671875">
        <ele>492.79998779296875</ele>
        <time>2026-02-27T12:31:28.000Z</time>
        <extensions>
          <ns3:TrackPointExtension>
            <ns3:hr>159</ns3:hr>
            <ns3:cad>89</ns3:cad>
          </ns3:TrackPointExtension>
        </extensions>
      </trkpt>
      <trkpt lat="30.618914924561977386474609375" lon="103.98634881712496280670166015625">
        <ele>492.600006103515625</ele>
        <time>2026-02-27T12:31:29.000Z</time>
        <extensions>
          <ns3:TrackPointExtension>
            <ns3:hr>159</ns3:hr>
            <ns3:cad>89</ns3:cad>
          </ns3:TrackPointExtension>
        </extensions>
      </trkpt>
      <trkpt lat="30.61893613077700138092041015625" lon="103.98634127341210842132568359375">
        <ele>492.600006103515625</ele>
        <time>2026-02-27T12:31:30.000Z</time>
        <extensions>
          <ns3:TrackPointExtension>
            <ns3:hr>159</ns3:hr>
            <ns3:cad>88</ns3:cad>
          </ns3:TrackPointExtension>
        </extensions>
      </trkpt>
      <trkpt lat="30.61896731145679950714111328125" lon="103.98633238859474658966064453125">
        <ele>492.600006103515625</ele>
        <time>2026-02-27T12:31:31.000Z</time>
        <extensions>
          <ns3:TrackPointExtension>
            <ns3:hr>159</ns3:hr>
            <ns3:cad>88</ns3:cad>
          </ns3:TrackPointExtension>
        </extensions>
      </trkpt>
      <trkpt lat="30.61898793093860149383544921875" lon="103.9863212406635284423828125">
        <ele>492.399993896484375</ele>
        <time>2026-02-27T12:31:32.000Z</time>
        <extensions>
          <ns3:TrackPointExtension>
            <ns3:hr>159</ns3:hr>
            <ns3:cad>88</ns3:cad>
          </ns3:TrackPointExtension>
        </extensions>
      </trkpt>
      <trkpt lat="30.6190166808664798736572265625" lon="103.9863012917339801788330078125">
        <ele>492.399993896484375</ele>
        <time>2026-02-27T12:31:33.000Z</time>
        <extensions>
          <ns3:TrackPointExtension>
            <ns3:hr>158</ns3:hr>
            <ns3:cad>88</ns3:cad>
          </ns3:TrackPointExtension>
        </extensions>
      </trkpt>
      <trkpt lat="30.6190347857773303985595703125" lon="103.98628779686987400054931640625">
        <ele>492.399993896484375</ele>
        <time>2026-02-27T12:31:34.000Z</time>
        <extensions>
          <ns3:TrackPointExtension>
            <ns3:hr>158</ns3:hr>
            <ns3:cad>85</ns3:cad>
          </ns3:TrackPointExtension>
        </extensions>
      </trkpt>
      <trkpt lat="30.619044341146945953369140625" lon="103.98626885376870632171630859375">
        <ele>492.399993896484375</ele>
        <time>2026-02-27T12:31:35.000Z</time>
        <extensions>
          <ns3:TrackPointExtension>
            <ns3:hr>158</ns3:hr>
            <ns3:cad>85</ns3:cad>
          </ns3:TrackPointExtension>
        </extensions>
      </trkpt>
      <trkpt lat="30.61906001530587673187255859375" lon="103.9862439595162868499755859375">
        <ele>492.399993896484375</ele>
        <time>2026-02-27T12:31:36.000Z</time>
        <extensions>
          <ns3:TrackPointExtension>
            <ns3:hr>158</ns3:hr>
            <ns3:cad>85</ns3:cad>
          </ns3:TrackPointExtension>
        </extensions>
      </trkpt>
      <trkpt lat="30.619071163237094879150390625" lon="103.98622803390026092529296875">
        <ele>492.600006103515625</ele>
        <time>2026-02-27T12:31:37.000Z</time>
        <extensions>
          <ns3:TrackPointExtension>
            <ns3:hr>158</ns3:hr>
            <ns3:cad>85</ns3:cad>
          </ns3:TrackPointExtension>
        </extensions>
      </trkpt>
      <trkpt lat="30.61909488402307033538818359375" lon="103.98621973581612110137939453125">
        <ele>492.600006103515625</ele>
        <time>2026-02-27T12:31:38.000Z</time>
        <extensions>
          <ns3:TrackPointExtension>
            <ns3:hr>157</ns3:hr>
            <ns3:cad>85</ns3:cad>
          </ns3:TrackPointExtension>
        </extensions>
      </trkpt>
      <trkpt lat="30.61911282129585742950439453125" lon="103.98621487431228160858154296875">
        <ele>492.79998779296875</ele>
        <time>2026-02-27T12:31:39.000Z</time>
        <extensions>
          <ns3:TrackPointExtension>
            <ns3:hr>157</ns3:hr>
            <ns3:cad>85</ns3:cad>
          </ns3:TrackPointExtension>
        </extensions>
      </trkpt>
      <trkpt lat="30.61913494952023029327392578125" lon="103.98621328175067901611328125">
        <ele>492.79998779296875</ele>
        <time>2026-02-27T12:31:40.000Z</time>
        <extensions>
          <ns3:TrackPointExtension>
            <ns3:hr>157</ns3:hr>
            <ns3:cad>84</ns3:cad>
          </ns3:TrackPointExtension>
        </extensions>
      </trkpt>
      <trkpt lat="30.61915439553558826446533203125" lon="103.98621118627488613128662109375">
        <ele>492.79998779296875</ele>
        <time>2026-02-27T12:31:41.000Z</time>
        <extensions>
          <ns3:TrackPointExtension>
            <ns3:hr>157</ns3:hr>
            <ns3:cad>84</ns3:cad>
          </ns3:TrackPointExtension>
        </extensions>
      </trkpt>
      <trkpt lat="30.61918239109218120574951171875" lon="103.98621730506420135498046875">
        <ele>493</ele>
        <time>2026-02-27T12:31:42.000Z</time>
        <extensions>
          <ns3:TrackPointExtension>
            <ns3:hr>157</ns3:hr>
            <ns3:cad>85</ns3:cad>
          </ns3:TrackPointExtension>
        </extensions>
      </trkpt>
      <trkpt lat="30.619205273687839508056640625" lon="103.9862178079783916473388671875">
        <ele>493</ele>
        <time>2026-02-27T12:31:43.000Z</time>
        <extensions>
          <ns3:TrackPointExtension>
            <ns3:hr>157</ns3:hr>
            <ns3:cad>87</ns3:cad>
          </ns3:TrackPointExtension>
        </extensions>
      </trkpt>
      <trkpt lat="30.61923285014927387237548828125" lon="103.98621822707355022430419921875">
        <ele>493</ele>
        <time>2026-02-27T12:31:44.000Z</time>
        <extensions>
          <ns3:TrackPointExtension>
            <ns3:hr>157</ns3:hr>
            <ns3:cad>88</ns3:cad>
          </ns3:TrackPointExtension>
        </extensions>
      </trkpt>
      <trkpt lat="30.61925414018332958221435546875" lon="103.9862124435603618621826171875">
        <ele>493</ele>
        <time>2026-02-27T12:31:45.000Z</time>
        <extensions>
          <ns3:TrackPointExtension>
            <ns3:hr>158</ns3:hr>
            <ns3:cad>88</ns3:cad>
          </ns3:TrackPointExtension>
        </extensions>
      </trkpt>
      <trkpt lat="30.61927978880703449249267578125" lon="103.98620096035301685333251953125">
        <ele>493</ele>
        <time>2026-02-27T12:31:46.000Z</time>
        <extensions>
          <ns3:TrackPointExtension>
            <ns3:hr>158</ns3:hr>
            <ns3:cad>89</ns3:cad>
          </ns3:TrackPointExtension>
        </extensions>
      </trkpt>
      <trkpt lat="30.61930342577397823333740234375" lon="103.98619140498340129852294921875">
        <ele>493</ele>
        <time>2026-02-27T12:31:47.000Z</time>
        <extensions>
          <ns3:TrackPointExtension>
            <ns3:hr>158</ns3:hr>
            <ns3:cad>89</ns3:cad>
          </ns3:TrackPointExtension>
        </extensions>
      </trkpt>
      <trkpt lat="30.61933225952088832855224609375" lon="103.9861805923283100128173828125">
        <ele>493</ele>
        <time>2026-02-27T12:31:48.000Z</time>
        <extensions>
          <ns3:TrackPointExtension>
            <ns3:hr>158</ns3:hr>
            <ns3:cad>89</ns3:cad>
          </ns3:TrackPointExtension>
        </extensions>
      </trkpt>
      <trkpt lat="30.6193576566874980926513671875" lon="103.9861671812832355499267578125">
        <ele>493</ele>
        <time>2026-02-27T12:31:49.000Z</time>
        <extensions>
          <ns3:TrackPointExtension>
            <ns3:hr>159</ns3:hr>
            <ns3:cad>89</ns3:cad>
          </ns3:TrackPointExtension>
        </extensions>
      </trkpt>
      <trkpt lat="30.6193833053112030029296875" lon="103.98615871556103229522705078125">
        <ele>493</ele>
        <time>2026-02-27T12:31:50.000Z</time>
        <extensions>
          <ns3:TrackPointExtension>
            <ns3:hr>159</ns3:hr>
            <ns3:cad>89</ns3:cad>
          </ns3:TrackPointExtension>
        </extensions>
      </trkpt>
      <trkpt lat="30.61940803192555904388427734375" lon="103.9861544407904148101806640625">
        <ele>493</ele>
        <time>2026-02-27T12:31:51.000Z</time>
        <extensions>
          <ns3:TrackPointExtension>
            <ns3:hr>159</ns3:hr>
            <ns3:cad>89</ns3:cad>
          </ns3:TrackPointExtension>
        </extensions>
      </trkpt>
      <trkpt lat="30.61943233944475650787353515625" lon="103.9861549437046051025390625">
        <ele>493</ele>
        <time>2026-02-27T12:31:52.000Z</time>
        <extensions>
          <ns3:TrackPointExtension>
            <ns3:hr>159</ns3:hr>
            <ns3:cad>89</ns3:cad>
          </ns3:TrackPointExtension>
        </extensions>
      </trkpt>
      <trkpt lat="30.61945346184074878692626953125" lon="103.986155278980731964111328125">
        <ele>493</ele>
        <time>2026-02-27T12:31:53.000Z</time>
        <extensions>
          <ns3:TrackPointExtension>
            <ns3:hr>158</ns3:hr>
            <ns3:cad>90</ns3:cad>
          </ns3:TrackPointExtension>
        </extensions>
      </trkpt>
      <trkpt lat="30.6194763444364070892333984375" lon="103.98614890873432159423828125">
        <ele>493</ele>
        <time>2026-02-27T12:31:54.000Z</time>
        <extensions>
          <ns3:TrackPointExtension>
            <ns3:hr>159</ns3:hr>
            <ns3:cad>89</ns3:cad>
          </ns3:TrackPointExtension>
        </extensions>
      </trkpt>
      <trkpt lat="30.619497634470462799072265625" lon="103.986150585114955902099609375">
        <ele>493</ele>
        <time>2026-02-27T12:31:55.000Z</time>
        <extensions>
          <ns3:TrackPointExtension>
            <ns3:hr>159</ns3:hr>
            <ns3:cad>89</ns3:cad>
          </ns3:TrackPointExtension>
        </extensions>
      </trkpt>
      <trkpt lat="30.619518421590328216552734375" lon="103.986140191555023193359375">
        <ele>493</ele>
        <time>2026-02-27T12:31:56.000Z</time>
        <extensions>
          <ns3:TrackPointExtension>
            <ns3:hr>159</ns3:hr>
            <ns3:cad>89</ns3:cad>
          </ns3:TrackPointExtension>
        </extensions>
      </trkpt>
      <trkpt lat="30.619537197053432464599609375" lon="103.98612518794834613800048828125">
        <ele>493</ele>
        <time>2026-02-27T12:31:57.000Z</time>
        <extensions>
          <ns3:TrackPointExtension>
            <ns3:hr>159</ns3:hr>
            <ns3:cad>89</ns3:cad>
          </ns3:TrackPointExtension>
        </extensions>
      </trkpt>
      <trkpt lat="30.6195581518113613128662109375" lon="103.986109681427478790283203125">
        <ele>493</ele>
        <time>2026-02-27T12:31:58.000Z</time>
        <extensions>
          <ns3:TrackPointExtension>
            <ns3:hr>159</ns3:hr>
            <ns3:cad>89</ns3:cad>
          </ns3:TrackPointExtension>
        </extensions>
      </trkpt>
      <trkpt lat="30.61957307159900665283203125" lon="103.9860897324979305267333984375">
        <ele>493</ele>
        <time>2026-02-27T12:31:59.000Z</time>
        <extensions>
          <ns3:TrackPointExtension>
            <ns3:hr>159</ns3:hr>
            <ns3:cad>90</ns3:cad>
          </ns3:TrackPointExtension>
        </extensions>
      </trkpt>
      <trkpt lat="30.6195936910808086395263671875" lon="103.98607640527188777923583984375">
        <ele>493</ele>
        <time>2026-02-27T12:32:00.000Z</time>
        <extensions>
          <ns3:TrackPointExtension>
            <ns3:hr>159</ns3:hr>
            <ns3:cad>90</ns3:cad>
          </ns3:TrackPointExtension>
        </extensions>
      </trkpt>
      <trkpt lat="30.61961405910551548004150390625" lon="103.98606668226420879364013671875">
        <ele>493</ele>
        <time>2026-02-27T12:32:01.000Z</time>
        <extensions>
          <ns3:TrackPointExtension>
            <ns3:hr>159</ns3:hr>
            <ns3:cad>90</ns3:cad>
          </ns3:TrackPointExtension>
        </extensions>
      </trkpt>
      <trkpt lat="30.61963551677763462066650390625" lon="103.986061401665210723876953125">
        <ele>493</ele>
        <time>2026-02-27T12:32:02.000Z</time>
        <extensions>
          <ns3:TrackPointExtension>
            <ns3:hr>160</ns3:hr>
            <ns3:cad>90</ns3:cad>
          </ns3:TrackPointExtension>
        </extensions>
      </trkpt>
      <trkpt lat="30.61965881846845149993896484375" lon="103.98605410940945148468017578125">
        <ele>493.20001220703125</ele>
        <time>2026-02-27T12:32:03.000Z</time>
        <extensions>
          <ns3:TrackPointExtension>
            <ns3:hr>159</ns3:hr>
            <ns3:cad>90</ns3:cad>
          </ns3:TrackPointExtension>
        </extensions>
      </trkpt>
      <trkpt lat="30.61967910267412662506103515625" lon="103.98604589514434337615966796875">
        <ele>493.20001220703125</ele>
        <time>2026-02-27T12:32:04.000Z</time>
        <extensions>
          <ns3:TrackPointExtension>
            <ns3:hr>159</ns3:hr>
            <ns3:cad>89</ns3:cad>
          </ns3:TrackPointExtension>
        </extensions>
      </trkpt>
      <trkpt lat="30.61970206908881664276123046875" lon="103.98604790680110454559326171875">
        <ele>493.20001220703125</ele>
        <time>2026-02-27T12:32:05.000Z</time>
        <extensions>
          <ns3:TrackPointExtension>
            <ns3:hr>159</ns3:hr>
            <ns3:cad>89</ns3:cad>
          </ns3:TrackPointExtension>
        </extensions>
      </trkpt>
      <trkpt lat="30.619725622236728668212890625" lon="103.98604488931596279144287109375">
        <ele>493.20001220703125</ele>
        <time>2026-02-27T12:32:06.000Z</time>
        <extensions>
          <ns3:TrackPointExtension>
            <ns3:hr>159</ns3:hr>
            <ns3:cad>89</ns3:cad>
          </ns3:TrackPointExtension>
        </extensions>
      </trkpt>
      <trkpt lat="30.6197482533752918243408203125" lon="103.9860478229820728302001953125">
        <ele>493.20001220703125</ele>
        <time>2026-02-27T12:32:07.000Z</time>
        <extensions>
          <ns3:TrackPointExtension>
            <ns3:hr>159</ns3:hr>
            <ns3:cad>89</ns3:cad>
          </ns3:TrackPointExtension>
        </extensions>
      </trkpt>
      <trkpt lat="30.6197723932564258575439453125" lon="103.98604706861078739166259765625">
        <ele>493.20001220703125</ele>
        <time>2026-02-27T12:32:08.000Z</time>
        <extensions>
          <ns3:TrackPointExtension>
            <ns3:hr>159</ns3:hr>
            <ns3:cad>89</ns3:cad>
          </ns3:TrackPointExtension>
        </extensions>
      </trkpt>
      <trkpt lat="30.61979711987078189849853515625" lon="103.986052684485912322998046875">
        <ele>493.20001220703125</ele>
        <time>2026-02-27T12:32:09.000Z</time>
        <extensions>
          <ns3:TrackPointExtension>
            <ns3:hr>159</ns3:hr>
            <ns3:cad>90</ns3:cad>
          </ns3:TrackPointExtension>
        </extensions>
      </trkpt>
      <trkpt lat="30.6198267079889774322509765625" lon="103.9860568754374980926513671875">
        <ele>493.20001220703125</ele>
        <time>2026-02-27T12:32:10.000Z</time>
        <extensions>
          <ns3:TrackPointExtension>
            <ns3:hr>159</ns3:hr>
            <ns3:cad>90</ns3:cad>
          </ns3:TrackPointExtension>
        </extensions>
      </trkpt>
      <trkpt lat="30.6198500096797943115234375" lon="103.98605947382748126983642578125">
        <ele>493.20001220703125</ele>
        <time>2026-02-27T12:32:11.000Z</time>
        <extensions>
          <ns3:TrackPointExtension>
            <ns3:hr>159</ns3:hr>
            <ns3:cad>90</ns3:cad>
          </ns3:TrackPointExtension>
        </extensions>
      </trkpt>
      <trkpt lat="30.61988093890249729156494140625" lon="103.986058048903942108154296875">
        <ele>493.20001220703125</ele>
        <time>2026-02-27T12:32:12.000Z</time>
        <extensions>
          <ns3:TrackPointExtension>
            <ns3:hr>159</ns3:hr>
            <ns3:cad>90</ns3:cad>
          </ns3:TrackPointExtension>
        </extensions>
      </trkpt>
      <trkpt lat="30.61990910209715366363525390625" lon="103.98606081493198871612548828125">
        <ele>493.20001220703125</ele>
        <time>2026-02-27T12:32:13.000Z</time>
        <extensions>
          <ns3:TrackPointExtension>
            <ns3:hr>159</ns3:hr>
            <ns3:cad>90</ns3:cad>
          </ns3:TrackPointExtension>
        </extensions>
      </trkpt>
      <trkpt lat="30.61993558891117572784423828125" lon="103.98606215603649616241455078125">
        <ele>493.20001220703125</ele>
        <time>2026-02-27T12:32:14.000Z</time>
        <extensions>
          <ns3:TrackPointExtension>
            <ns3:hr>159</ns3:hr>
            <ns3:cad>89</ns3:cad>
          </ns3:TrackPointExtension>
        </extensions>
      </trkpt>
      <trkpt lat="30.6199537776410579681396484375" lon="103.98605595342814922332763671875">
        <ele>493.399993896484375</ele>
        <time>2026-02-27T12:32:15.000Z</time>
        <extensions>
          <ns3:TrackPointExtension>
            <ns3:hr>159</ns3:hr>
            <ns3:cad>89</ns3:cad>
          </ns3:TrackPointExtension>
        </extensions>
      </trkpt>
      <trkpt lat="30.61997540295124053955078125" lon="103.98605394177138805389404296875">
        <ele>493.399993896484375</ele>
        <time>2026-02-27T12:32:16.000Z</time>
        <extensions>
          <ns3:TrackPointExtension>
            <ns3:hr>159</ns3:hr>
            <ns3:cad>90</ns3:cad>
          </ns3:TrackPointExtension>
        </extensions>
      </trkpt>
      <trkpt lat="30.61999577097594738006591796875" lon="103.9860515110194683074951171875">
        <ele>493.20001220703125</ele>
        <time>2026-02-27T12:32:17.000Z</time>
        <extensions>
          <ns3:TrackPointExtension>
            <ns3:hr>159</ns3:hr>
            <ns3:cad>90</ns3:cad>
          </ns3:TrackPointExtension>
        </extensions>
      </trkpt>
      <trkpt lat="30.62001940794289112091064453125" lon="103.98604522459208965301513671875">
        <ele>493.20001220703125</ele>
        <time>2026-02-27T12:32:18.000Z</time>
        <extensions>
          <ns3:TrackPointExtension>
            <ns3:hr>159</ns3:hr>
            <ns3:cad>90</ns3:cad>
          </ns3:TrackPointExtension>
        </extensions>
      </trkpt>
      <trkpt lat="30.62003918923437595367431640625" lon="103.9860310591757297515869140625">
        <ele>493.399993896484375</ele>
        <time>2026-02-27T12:32:19.000Z</time>
        <extensions>
          <ns3:TrackPointExtension>
            <ns3:hr>159</ns3:hr>
            <ns3:cad>90</ns3:cad>
          </ns3:TrackPointExtension>
        </extensions>
      </trkpt>
      <trkpt lat="30.62006047926843166351318359375" lon="103.9860213361680507659912109375">
        <ele>493.399993896484375</ele>
        <time>2026-02-27T12:32:20.000Z</time>
        <extensions>
          <ns3:TrackPointExtension>
            <ns3:hr>159</ns3:hr>
            <ns3:cad>90</ns3:cad>
          </ns3:TrackPointExtension>
        </extensions>
      </trkpt>
      <trkpt lat="30.62008461914956569671630859375" lon="103.9860132895410060882568359375">
        <ele>493.399993896484375</ele>
        <time>2026-02-27T12:32:21.000Z</time>
        <extensions>
          <ns3:TrackPointExtension>
            <ns3:hr>159</ns3:hr>
            <ns3:cad>90</ns3:cad>
          </ns3:TrackPointExtension>
        </extensions>
      </trkpt>
      <trkpt lat="30.620105825364589691162109375" lon="103.98600599728524684906005859375">
        <ele>493.399993896484375</ele>
        <time>2026-02-27T12:32:22.000Z</time>
        <extensions>
          <ns3:TrackPointExtension>
            <ns3:hr>159</ns3:hr>
            <ns3:cad>90</ns3:cad>
          </ns3:TrackPointExtension>
        </extensions>
      </trkpt>
      <trkpt lat="30.6201297976076602935791015625" lon="103.9859998784959316253662109375">
        <ele>493.399993896484375</ele>
        <time>2026-02-27T12:32:23.000Z</time>
        <extensions>
          <ns3:TrackPointExtension>
            <ns3:hr>158</ns3:hr>
            <ns3:cad>90</ns3:cad>
          </ns3:TrackPointExtension>
        </extensions>
      </trkpt>
      <trkpt lat="30.620154775679111480712890625" lon="103.9859993755817413330078125">
        <ele>493.399993896484375</ele>
        <time>2026-02-27T12:32:24.000Z</time>
        <extensions>
          <ns3:TrackPointExtension>
            <ns3:hr>158</ns3:hr>
            <ns3:cad>90</ns3:cad>
          </ns3:TrackPointExtension>
        </extensions>
      </trkpt>
      <trkpt lat="30.62017790973186492919921875" lon="103.98599929176270961761474609375">
        <ele>493.399993896484375</ele>
        <time>2026-02-27T12:32:25.000Z</time>
        <extensions>
          <ns3:TrackPointExtension>
            <ns3:hr>158</ns3:hr>
            <ns3:cad>90</ns3:cad>
          </ns3:TrackPointExtension>
        </extensions>
      </trkpt>
      <trkpt lat="30.62020515091717243194580078125" lon="103.98600130341947078704833984375">
        <ele>493.399993896484375</ele>
        <time>2026-02-27T12:32:26.000Z</time>
        <extensions>
          <ns3:TrackPointExtension>
            <ns3:hr>158</ns3:hr>
            <ns3:cad>90</ns3:cad>
          </ns3:TrackPointExtension>
        </extensions>
      </trkpt>
      <trkpt lat="30.62023214064538478851318359375" lon="103.9859982021152973175048828125">
        <ele>493.399993896484375</ele>
        <time>2026-02-27T12:32:27.000Z</time>
        <extensions>
          <ns3:TrackPointExtension>
            <ns3:hr>158</ns3:hr>
            <ns3:cad>90</ns3:cad>
          </ns3:TrackPointExtension>
        </extensions>
      </trkpt>
      <trkpt lat="30.62025611288845539093017578125" lon="103.98599325679242610931396484375">
        <ele>493.399993896484375</ele>
        <time>2026-02-27T12:32:28.000Z</time>
        <extensions>
          <ns3:TrackPointExtension>
            <ns3:hr>158</ns3:hr>
            <ns3:cad>90</ns3:cad>
          </ns3:TrackPointExtension>
        </extensions>
      </trkpt>
      <trkpt lat="30.62027723528444766998291015625" lon="103.98598671890795230865478515625">
        <ele>493.399993896484375</ele>
        <time>2026-02-27T12:32:29.000Z</time>
        <extensions>
          <ns3:TrackPointExtension>
            <ns3:hr>158</ns3:hr>
            <ns3:cad>90</ns3:cad>
          </ns3:TrackPointExtension>
        </extensions>
      </trkpt>
      <trkpt lat="30.6203028000891208648681640625" lon="103.985984288156032562255859375">
        <ele>493.399993896484375</ele>
        <time>2026-02-27T12:32:30.000Z</time>
        <extensions>
          <ns3:TrackPointExtension>
            <ns3:hr>158</ns3:hr>
            <ns3:cad>90</ns3:cad>
          </ns3:TrackPointExtension>
        </extensions>
      </trkpt>
      <trkpt lat="30.6203296221792697906494140625" lon="103.98598152212798595428466796875">
        <ele>493.399993896484375</ele>
        <time>2026-02-27T12:32:31.000Z</time>
        <extensions>
          <ns3:TrackPointExtension>
            <ns3:hr>158</ns3:hr>
            <ns3:cad>91</ns3:cad>
          </ns3:TrackPointExtension>
        </extensions>
      </trkpt>
      <trkpt lat="30.62035518698394298553466796875" lon="103.9859730564057826995849609375">
        <ele>493.399993896484375</ele>
        <time>2026-02-27T12:32:32.000Z</time>
        <extensions>
          <ns3:TrackPointExtension>
            <ns3:hr>158</ns3:hr>
            <ns3:cad>91</ns3:cad>
          </ns3:TrackPointExtension>
        </extensions>
      </trkpt>
      <trkpt lat="30.62038251198828220367431640625" lon="103.98597012273967266082763671875">
        <ele>493.399993896484375</ele>
        <time>2026-02-27T12:32:33.000Z</time>
        <extensions>
          <ns3:TrackPointExtension>
            <ns3:hr>157</ns3:hr>
            <ns3:cad>90</ns3:cad>
          </ns3:TrackPointExtension>
        </extensions>
      </trkpt>
      <trkpt lat="30.6204052269458770751953125" lon="103.9859698712825775146484375">
        <ele>493.399993896484375</ele>
        <time>2026-02-27T12:32:34.000Z</time>
        <extensions>
          <ns3:TrackPointExtension>
            <ns3:hr>157</ns3:hr>
            <ns3:cad>89</ns3:cad>
          </ns3:TrackPointExtension>
        </extensions>
      </trkpt>
      <trkpt lat="30.6204308755695819854736328125" lon="103.9859686978161334991455078125">
        <ele>493.399993896484375</ele>
        <time>2026-02-27T12:32:35.000Z</time>
        <extensions>
          <ns3:TrackPointExtension>
            <ns3:hr>157</ns3:hr>
            <ns3:cad>88</ns3:cad>
          </ns3:TrackPointExtension>
        </extensions>
      </trkpt>
      <trkpt lat="30.620453841984272003173828125" lon="103.98596358485519886016845703125">
        <ele>493.399993896484375</ele>
        <time>2026-02-27T12:32:36.000Z</time>
        <extensions>
          <ns3:TrackPointExtension>
            <ns3:hr>158</ns3:hr>
            <ns3:cad>88</ns3:cad>
          </ns3:TrackPointExtension>
        </extensions>
      </trkpt>
      <trkpt lat="30.62048141844570636749267578125" lon="103.9859556220471858978271484375">
        <ele>493.399993896484375</ele>
        <time>2026-02-27T12:32:37.000Z</time>
        <extensions>
          <ns3:TrackPointExtension>
            <ns3:hr>157</ns3:hr>
            <ns3:cad>88</ns3:cad>
          </ns3:TrackPointExtension>
        </extensions>
      </trkpt>
      <trkpt lat="30.620498768985271453857421875" lon="103.9859455637633800506591796875">
        <ele>493.600006103515625</ele>
        <time>2026-02-27T12:32:38.000Z</time>
        <extensions>
          <ns3:TrackPointExtension>
            <ns3:hr>157</ns3:hr>
            <ns3:cad>89</ns3:cad>
          </ns3:TrackPointExtension>
        </extensions>
      </trkpt>
      <trkpt lat="30.6205177120864391326904296875" lon="103.985929302871227264404296875">
        <ele>493.600006103515625</ele>
        <time>2026-02-27T12:32:39.000Z</time>
        <extensions>
          <ns3:TrackPointExtension>
            <ns3:hr>158</ns3:hr>
            <ns3:cad>89</ns3:cad>
          </ns3:TrackPointExtension>
        </extensions>
      </trkpt>
      <trkpt lat="30.6205297820270061492919921875" lon="103.98590323515236377716064453125">
        <ele>493.600006103515625</ele>
        <time>2026-02-27T12:32:40.000Z</time>
        <extensions>
          <ns3:TrackPointExtension>
            <ns3:hr>158</ns3:hr>
            <ns3:cad>89</ns3:cad>
          </ns3:TrackPointExtension>
        </extensions>
      </trkpt>
      <trkpt lat="30.62053858302533626556396484375" lon="103.98587322793900966644287109375">
        <ele>493.600006103515625</ele>
        <time>2026-02-27T12:32:41.000Z</time>
        <extensions>
          <ns3:TrackPointExtension>
            <ns3:hr>158</ns3:hr>
            <ns3:cad>88</ns3:cad>
          </ns3:TrackPointExtension>
        </extensions>
      </trkpt>
      <trkpt lat="30.6205379962921142578125" lon="103.9858433045446872711181640625">
        <ele>493.600006103515625</ele>
        <time>2026-02-27T12:32:42.000Z</time>
        <extensions>
          <ns3:TrackPointExtension>
            <ns3:hr>158</ns3:hr>
            <ns3:cad>87</ns3:cad>
          </ns3:TrackPointExtension>
        </extensions>
      </trkpt>
      <trkpt lat="30.6205338053405284881591796875" lon="103.98581354878842830657958984375">
        <ele>493.600006103515625</ele>
        <time>2026-02-27T12:32:43.000Z</time>
        <extensions>
          <ns3:TrackPointExtension>
            <ns3:hr>158</ns3:hr>
            <ns3:cad>87</ns3:cad>
          </ns3:TrackPointExtension>
        </extensions>
      </trkpt>
      <trkpt lat="30.62052927911281585693359375" lon="103.98578672669827938079833984375">
        <ele>493.600006103515625</ele>
        <time>2026-02-27T12:32:44.000Z</time>
        <extensions>
          <ns3:TrackPointExtension>
            <ns3:hr>158</ns3:hr>
            <ns3:cad>86</ns3:cad>
          </ns3:TrackPointExtension>
        </extensions>
      </trkpt>
      <trkpt lat="30.620524920523166656494140625" lon="103.9857625029981136322021484375">
        <ele>493.399993896484375</ele>
        <time>2026-02-27T12:32:45.000Z</time>
        <extensions>
          <ns3:TrackPointExtension>
            <ns3:hr>158</ns3:hr>
            <ns3:cad>86</ns3:cad>
          </ns3:TrackPointExtension>
        </extensions>
      </trkpt>
      <trkpt lat="30.6205190531909465789794921875" lon="103.9857360161840915679931640625">
        <ele>493.399993896484375</ele>
        <time>2026-02-27T12:32:46.000Z</time>
        <extensions>
          <ns3:TrackPointExtension>
            <ns3:hr>158</ns3:hr>
            <ns3:cad>87</ns3:cad>
          </ns3:TrackPointExtension>
        </extensions>
      </trkpt>
      <trkpt lat="30.6205140240490436553955078125" lon="103.985710702836513519287109375">
        <ele>493.399993896484375</ele>
        <time>2026-02-27T12:32:47.000Z</time>
        <extensions>
          <ns3:TrackPointExtension>
            <ns3:hr>158</ns3:hr>
            <ns3:cad>87</ns3:cad>
          </ns3:TrackPointExtension>
        </extensions>
      </trkpt>
      <trkpt lat="30.6205069832503795623779296875" lon="103.98568279109895229339599609375">
        <ele>493.399993896484375</ele>
        <time>2026-02-27T12:32:48.000Z</time>
        <extensions>
          <ns3:TrackPointExtension>
            <ns3:hr>159</ns3:hr>
            <ns3:cad>88</ns3:cad>
          </ns3:TrackPointExtension>
        </extensions>
      </trkpt>
      <trkpt lat="30.6205026246607303619384765625" lon="103.9856528677046298980712890625">
        <ele>493.399993896484375</ele>
        <time>2026-02-27T12:32:49.000Z</time>
        <extensions>
          <ns3:TrackPointExtension>
            <ns3:hr>159</ns3:hr>
            <ns3:cad>88</ns3:cad>
          </ns3:TrackPointExtension>
        </extensions>
      </trkpt>
      <trkpt lat="30.6205016188323497772216796875" lon="103.985622189939022064208984375">
        <ele>493.399993896484375</ele>
        <time>2026-02-27T12:32:50.000Z</time>
        <extensions>
          <ns3:TrackPointExtension>
            <ns3:hr>159</ns3:hr>
            <ns3:cad>89</ns3:cad>
          </ns3:TrackPointExtension>
        </extensions>
      </trkpt>
      <trkpt lat="30.62050111591815948486328125" lon="103.98559461347758769989013671875">
        <ele>493.399993896484375</ele>
        <time>2026-02-27T12:32:51.000Z</time>
        <extensions>
          <ns3:TrackPointExtension>
            <ns3:hr>159</ns3:hr>
            <ns3:cad>89</ns3:cad>
          </ns3:TrackPointExtension>
        </extensions>
      </trkpt>
      <trkpt lat="30.62050522305071353912353515625" lon="103.9855670370161533355712890625">
        <ele>493.399993896484375</ele>
        <time>2026-02-27T12:32:52.000Z</time>
        <extensions>
          <ns3:TrackPointExtension>
            <ns3:hr>158</ns3:hr>
            <ns3:cad>90</ns3:cad>
          </ns3:TrackPointExtension>
        </extensions>
      </trkpt>
      <trkpt lat="30.6205096654593944549560546875" lon="103.98554616607725620269775390625">
        <ele>493.399993896484375</ele>
        <time>2026-02-27T12:32:53.000Z</time>
        <extensions>
          <ns3:TrackPointExtension>
            <ns3:hr>159</ns3:hr>
            <ns3:cad>90</ns3:cad>
          </ns3:TrackPointExtension>
        </extensions>
      </trkpt>
      <trkpt lat="30.6205197237432003021240234375" lon="103.98552554659545421600341796875">
        <ele>493.600006103515625</ele>
        <time>2026-02-27T12:32:54.000Z</time>
        <extensions>
          <ns3:TrackPointExtension>
            <ns3:hr>159</ns3:hr>
            <ns3:cad>88</ns3:cad>
          </ns3:TrackPointExtension>
        </extensions>
      </trkpt>
      <trkpt lat="30.6205284409224987030029296875" lon="103.985507525503635406494140625">
        <ele>493.600006103515625</ele>
        <time>2026-02-27T12:32:55.000Z</time>
        <extensions>
          <ns3:TrackPointExtension>
            <ns3:hr>159</ns3:hr>
            <ns3:cad>88</ns3:cad>
          </ns3:TrackPointExtension>
        </extensions>
      </trkpt>
      <trkpt lat="30.620543695986270904541015625" lon="103.98548749275505542755126953125">
        <ele>493.600006103515625</ele>
        <time>2026-02-27T12:32:56.000Z</time>
        <extensions>
          <ns3:TrackPointExtension>
            <ns3:hr>159</ns3:hr>
            <ns3:cad>88</ns3:cad>
          </ns3:TrackPointExtension>
        </extensions>
      </trkpt>
      <trkpt lat="30.62055199407041072845458984375" lon="103.985468633472919464111328125">
        <ele>493.79998779296875</ele>
        <time>2026-02-27T12:32:57.000Z</time>
        <extensions>
          <ns3:TrackPointExtension>
            <ns3:hr>159</ns3:hr>
            <ns3:cad>88</ns3:cad>
          </ns3:TrackPointExtension>
        </extensions>
      </trkpt>
      <trkpt lat="30.62056825496256351470947265625" lon="103.98544675670564174652099609375">
        <ele>493.79998779296875</ele>
        <time>2026-02-27T12:32:58.000Z</time>
        <extensions>
          <ns3:TrackPointExtension>
            <ns3:hr>159</ns3:hr>
            <ns3:cad>88</ns3:cad>
          </ns3:TrackPointExtension>
        </extensions>
      </trkpt>
      <trkpt lat="30.620580576360225677490234375" lon="103.9854282326996326446533203125">
        <ele>493.79998779296875</ele>
        <time>2026-02-27T12:32:59.000Z</time>
        <extensions>
          <ns3:TrackPointExtension>
            <ns3:hr>159</ns3:hr>
            <ns3:cad>88</ns3:cad>
          </ns3:TrackPointExtension>
        </extensions>
      </trkpt>
      <trkpt lat="30.62059775926172733306884765625" lon="103.98540836758911609649658203125">
        <ele>494</ele>
        <time>2026-02-27T12:33:00.000Z</time>
        <extensions>
          <ns3:TrackPointExtension>
            <ns3:hr>159</ns3:hr>
            <ns3:cad>88</ns3:cad>
          </ns3:TrackPointExtension>
        </extensions>
      </trkpt>
      <trkpt lat="30.62061318196356296539306640625" lon="103.98539252579212188720703125">
        <ele>494</ele>
        <time>2026-02-27T12:33:01.000Z</time>
        <extensions>
          <ns3:TrackPointExtension>
            <ns3:hr>158</ns3:hr>
            <ns3:cad>89</ns3:cad>
          </ns3:TrackPointExtension>
        </extensions>
      </trkpt>
      <trkpt lat="30.62062541954219341278076171875" lon="103.9853755943477153778076171875">
        <ele>494</ele>
        <time>2026-02-27T12:33:02.000Z</time>
        <extensions>
          <ns3:TrackPointExtension>
            <ns3:hr>159</ns3:hr>
            <ns3:cad>89</ns3:cad>
          </ns3:TrackPointExtension>
        </extensions>
      </trkpt>
      <trkpt lat="30.6206256709992885589599609375" lon="103.98536042310297489166259765625">
        <ele>494</ele>
        <time>2026-02-27T12:33:03.000Z</time>
        <extensions>
          <ns3:TrackPointExtension>
            <ns3:hr>159</ns3:hr>
            <ns3:cad>89</ns3:cad>
          </ns3:TrackPointExtension>
        </extensions>
      </trkpt>
      <trkpt lat="30.62061913311481475830078125" lon="103.98533443920314311981201171875">
        <ele>494</ele>
        <time>2026-02-27T12:33:04.000Z</time>
        <extensions>
          <ns3:TrackPointExtension>
            <ns3:hr>158</ns3:hr>
            <ns3:cad>88</ns3:cad>
          </ns3:TrackPointExtension>
        </extensions>
      </trkpt>
      <trkpt lat="30.6206117570400238037109375" lon="103.985313735902309417724609375">
        <ele>494</ele>
        <time>2026-02-27T12:33:05.000Z</time>
        <extensions>
          <ns3:TrackPointExtension>
            <ns3:hr>158</ns3:hr>
            <ns3:cad>88</ns3:cad>
          </ns3:TrackPointExtension>
        </extensions>
      </trkpt>
      <trkpt lat="30.6206068955361843109130859375" lon="103.98528699763119220733642578125">
        <ele>494</ele>
        <time>2026-02-27T12:33:06.000Z</time>
        <extensions>
          <ns3:TrackPointExtension>
            <ns3:hr>158</ns3:hr>
            <ns3:cad>88</ns3:cad>
          </ns3:TrackPointExtension>
        </extensions>
      </trkpt>
      <trkpt lat="30.6206042133271694183349609375" lon="103.985260762274265289306640625">
        <ele>494</ele>
        <time>2026-02-27T12:33:07.000Z</time>
        <extensions>
          <ns3:TrackPointExtension>
            <ns3:hr>159</ns3:hr>
            <ns3:cad>88</ns3:cad>
          </ns3:TrackPointExtension>
        </extensions>
      </trkpt>
      <trkpt lat="30.62059960328042507171630859375" lon="103.98523603565990924835205078125">
        <ele>494</ele>
        <time>2026-02-27T12:33:08.000Z</time>
        <extensions>
          <ns3:TrackPointExtension>
            <ns3:hr>158</ns3:hr>
            <ns3:cad>89</ns3:cad>
          </ns3:TrackPointExtension>
        </extensions>
      </trkpt>
      <trkpt lat="30.62059700489044189453125" lon="103.98521139286458492279052734375">
        <ele>494</ele>
        <time>2026-02-27T12:33:09.000Z</time>
        <extensions>
          <ns3:TrackPointExtension>
            <ns3:hr>158</ns3:hr>
            <ns3:cad>90</ns3:cad>
          </ns3:TrackPointExtension>
        </extensions>
      </trkpt>
      <trkpt lat="30.620591975748538970947265625" lon="103.98519295267760753631591796875">
        <ele>494</ele>
        <time>2026-02-27T12:33:10.000Z</time>
        <extensions>
          <ns3:TrackPointExtension>
            <ns3:hr>158</ns3:hr>
            <ns3:cad>90</ns3:cad>
          </ns3:TrackPointExtension>
        </extensions>
      </trkpt>
      <trkpt lat="30.62058820389211177825927734375" lon="103.98516948334872722625732421875">
        <ele>494</ele>
        <time>2026-02-27T12:33:11.000Z</time>
        <extensions>
          <ns3:TrackPointExtension>
            <ns3:hr>158</ns3:hr>
            <ns3:cad>89</ns3:cad>
          </ns3:TrackPointExtension>
        </extensions>
      </trkpt>
      <trkpt lat="30.62057998962700366973876953125" lon="103.98514718748629093170166015625">
        <ele>494</ele>
        <time>2026-02-27T12:33:12.000Z</time>
        <extensions>
          <ns3:TrackPointExtension>
            <ns3:hr>158</ns3:hr>
            <ns3:cad>88</ns3:cad>
          </ns3:TrackPointExtension>
        </extensions>
      </trkpt>
      <trkpt lat="30.62057412229478359222412109375" lon="103.985124640166759490966796875">
        <ele>494</ele>
        <time>2026-02-27T12:33:13.000Z</time>
        <extensions>
          <ns3:TrackPointExtension>
            <ns3:hr>158</ns3:hr>
            <ns3:cad>88</ns3:cad>
          </ns3:TrackPointExtension>
        </extensions>
      </trkpt>
      <trkpt lat="30.6205683387815952301025390625" lon="103.98510728962719440460205078125">
        <ele>494</ele>
        <time>2026-02-27T12:33:14.000Z</time>
        <extensions>
          <ns3:TrackPointExtension>
            <ns3:hr>158</ns3:hr>
            <ns3:cad>88</ns3:cad>
          </ns3:TrackPointExtension>
        </extensions>
      </trkpt>
      <trkpt lat="30.62055685557425022125244140625" lon="103.9850875921547412872314453125">
        <ele>494</ele>
        <time>2026-02-27T12:33:15.000Z</time>
        <extensions>
          <ns3:TrackPointExtension>
            <ns3:hr>158</ns3:hr>
            <ns3:cad>88</ns3:cad>
          </ns3:TrackPointExtension>
        </extensions>
      </trkpt>
      <trkpt lat="30.6205522455275058746337890625" lon="103.98506822995841503143310546875">
        <ele>494</ele>
        <time>2026-02-27T12:33:16.000Z</time>
        <extensions>
          <ns3:TrackPointExtension>
            <ns3:hr>157</ns3:hr>
            <ns3:cad>89</ns3:cad>
          </ns3:TrackPointExtension>
        </extensions>
      </trkpt>
      <trkpt lat="30.62054411508142948150634765625" lon="103.98504249751567840576171875">
        <ele>494</ele>
        <time>2026-02-27T12:33:17.000Z</time>
        <extensions>
          <ns3:TrackPointExtension>
            <ns3:hr>157</ns3:hr>
            <ns3:cad>89</ns3:cad>
          </ns3:TrackPointExtension>
        </extensions>
      </trkpt>
      <trkpt lat="30.62053942121565341949462890625" lon="103.9850191958248615264892578125">
        <ele>494</ele>
        <time>2026-02-27T12:33:18.000Z</time>
        <extensions>
          <ns3:TrackPointExtension>
            <ns3:hr>157</ns3:hr>
            <ns3:cad>89</ns3:cad>
          </ns3:TrackPointExtension>
        </extensions>
      </trkpt>
      <trkpt lat="30.62053640373051166534423828125" lon="103.9849940501153469085693359375">
        <ele>494</ele>
        <time>2026-02-27T12:33:19.000Z</time>
        <extensions>
          <ns3:TrackPointExtension>
            <ns3:hr>157</ns3:hr>
            <ns3:cad>88</ns3:cad>
          </ns3:TrackPointExtension>
        </extensions>
      </trkpt>
      <trkpt lat="30.620529614388942718505859375" lon="103.98497133515775203704833984375">
        <ele>494</ele>
        <time>2026-02-27T12:33:20.000Z</time>
        <extensions>
          <ns3:TrackPointExtension>
            <ns3:hr>157</ns3:hr>
            <ns3:cad>88</ns3:cad>
          </ns3:TrackPointExtension>
        </extensions>
      </trkpt>
      <trkpt lat="30.62052257359027862548828125" lon="103.98494862020015716552734375">
        <ele>494</ele>
        <time>2026-02-27T12:33:21.000Z</time>
        <extensions>
          <ns3:TrackPointExtension>
            <ns3:hr>158</ns3:hr>
            <ns3:cad>88</ns3:cad>
          </ns3:TrackPointExtension>
        </extensions>
      </trkpt>
      <trkpt lat="30.62051628716289997100830078125" lon="103.9849264919757843017578125">
        <ele>494</ele>
        <time>2026-02-27T12:33:22.000Z</time>
        <extensions>
          <ns3:TrackPointExtension>
            <ns3:hr>157</ns3:hr>
            <ns3:cad>88</ns3:cad>
          </ns3:TrackPointExtension>
        </extensions>
      </trkpt>
      <trkpt lat="30.6205016188323497772216796875" lon="103.98489589802920818328857421875">
        <ele>494</ele>
        <time>2026-02-27T12:33:23.000Z</time>
        <extensions>
          <ns3:TrackPointExtension>
            <ns3:hr>157</ns3:hr>
            <ns3:cad>90</ns3:cad>
          </ns3:TrackPointExtension>
        </extensions>
      </trkpt>
      <trkpt lat="30.62048762105405330657958984375" lon="103.98485566489398479461669921875">
        <ele>494.20001220703125</ele>
        <time>2026-02-27T12:33:24.000Z</time>
        <extensions>
          <ns3:TrackPointExtension>
            <ns3:hr>157</ns3:hr>
            <ns3:cad>90</ns3:cad>
          </ns3:TrackPointExtension>
        </extensions>
      </trkpt>
      <trkpt lat="30.620479993522167205810546875" lon="103.9848160184919834136962890625">
        <ele>494.20001220703125</ele>
        <time>2026-02-27T12:33:25.000Z</time>
        <extensions>
          <ns3:TrackPointExtension>
            <ns3:hr>157</ns3:hr>
            <ns3:cad>90</ns3:cad>
          </ns3:TrackPointExtension>
        </extensions>
      </trkpt>
      <trkpt lat="30.6204724498093128204345703125" lon="103.9847841672599315643310546875">
        <ele>494.20001220703125</ele>
        <time>2026-02-27T12:33:26.000Z</time>
        <extensions>
          <ns3:TrackPointExtension>
            <ns3:hr>157</ns3:hr>
            <ns3:cad>90</ns3:cad>
          </ns3:TrackPointExtension>
        </extensions>
      </trkpt>
      <trkpt lat="30.62046884559094905853271484375" lon="103.9847494661808013916015625">
        <ele>494.20001220703125</ele>
        <time>2026-02-27T12:33:27.000Z</time>
        <extensions>
          <ns3:TrackPointExtension>
            <ns3:hr>156</ns3:hr>
            <ns3:cad>88</ns3:cad>
          </ns3:TrackPointExtension>
        </extensions>
      </trkpt>
      <trkpt lat="30.6204640679061412811279296875" lon="103.9847221411764621734619140625">
        <ele>494.20001220703125</ele>
        <time>2026-02-27T12:33:28.000Z</time>
        <extensions>
          <ns3:TrackPointExtension>
            <ns3:hr>156</ns3:hr>
            <ns3:cad>88</ns3:cad>
          </ns3:TrackPointExtension>
        </extensions>
      </trkpt>
      <trkpt lat="30.62046079896390438079833984375" lon="103.98468249477446079254150390625">
        <ele>494.20001220703125</ele>
        <time>2026-02-27T12:33:29.000Z</time>
        <extensions>
          <ns3:TrackPointExtension>
            <ns3:hr>156</ns3:hr>
            <ns3:cad>88</ns3:cad>
          </ns3:TrackPointExtension>
        </extensions>
      </trkpt>
      <trkpt lat="30.62045074068009853363037109375" lon="103.98464511148631572723388671875">
        <ele>494.20001220703125</ele>
        <time>2026-02-27T12:33:30.000Z</time>
        <extensions>
          <ns3:TrackPointExtension>
            <ns3:hr>156</ns3:hr>
            <ns3:cad>88</ns3:cad>
          </ns3:TrackPointExtension>
        </extensions>
      </trkpt>
      <trkpt lat="30.62044369988143444061279296875" lon="103.98461057804524898529052734375">
        <ele>494.20001220703125</ele>
        <time>2026-02-27T12:33:31.000Z</time>
        <extensions>
          <ns3:TrackPointExtension>
            <ns3:hr>156</ns3:hr>
            <ns3:cad>88</ns3:cad>
          </ns3:TrackPointExtension>
        </extensions>
      </trkpt>
      <trkpt lat="30.62043540179729461669921875" lon="103.9845796488225460052490234375">
        <ele>494.20001220703125</ele>
        <time>2026-02-27T12:33:32.000Z</time>
        <extensions>
          <ns3:TrackPointExtension>
            <ns3:hr>156</ns3:hr>
            <ns3:cad>88</ns3:cad>
          </ns3:TrackPointExtension>
        </extensions>
      </trkpt>
      <trkpt lat="30.62043162994086742401123046875" lon="103.9845536649227142333984375">
        <ele>494.20001220703125</ele>
        <time>2026-02-27T12:33:33.000Z</time>
        <extensions>
          <ns3:TrackPointExtension>
            <ns3:hr>156</ns3:hr>
            <ns3:cad>88</ns3:cad>
          </ns3:TrackPointExtension>
        </extensions>
      </trkpt>
      <trkpt lat="30.62043162994086742401123046875" lon="103.9845300279557704925537109375">
        <ele>494.20001220703125</ele>
        <time>2026-02-27T12:33:34.000Z</time>
        <extensions>
          <ns3:TrackPointExtension>
            <ns3:hr>156</ns3:hr>
            <ns3:cad>88</ns3:cad>
          </ns3:TrackPointExtension>
        </extensions>
      </trkpt>
      <trkpt lat="30.6204298697412014007568359375" lon="103.98450873792171478271484375">
        <ele>494.20001220703125</ele>
        <time>2026-02-27T12:33:35.000Z</time>
        <extensions>
          <ns3:TrackPointExtension>
            <ns3:hr>157</ns3:hr>
            <ns3:cad>88</ns3:cad>
          </ns3:TrackPointExtension>
        </extensions>
      </trkpt>
      <trkpt lat="30.620427019894123077392578125" lon="103.98448434658348560333251953125">
        <ele>494.20001220703125</ele>
        <time>2026-02-27T12:33:36.000Z</time>
        <extensions>
          <ns3:TrackPointExtension>
            <ns3:hr>157</ns3:hr>
            <ns3:cad>88</ns3:cad>
          </ns3:TrackPointExtension>
        </extensions>
      </trkpt>
      <trkpt lat="30.6204293668270111083984375" lon="103.98446557112038135528564453125">
        <ele>494.20001220703125</ele>
        <time>2026-02-27T12:33:37.000Z</time>
        <extensions>
          <ns3:TrackPointExtension>
            <ns3:hr>157</ns3:hr>
            <ns3:cad>88</ns3:cad>
          </ns3:TrackPointExtension>
        </extensions>
      </trkpt>
      <trkpt lat="30.6204271875321865081787109375" lon="103.984434306621551513671875">
        <ele>494.20001220703125</ele>
        <time>2026-02-27T12:33:38.000Z</time>
        <extensions>
          <ns3:TrackPointExtension>
            <ns3:hr>156</ns3:hr>
            <ns3:cad>88</ns3:cad>
          </ns3:TrackPointExtension>
        </extensions>
      </trkpt>
      <trkpt lat="30.6204213201999664306640625" lon="103.98440991528332233428955078125">
        <ele>494.20001220703125</ele>
        <time>2026-02-27T12:33:39.000Z</time>
        <extensions>
          <ns3:TrackPointExtension>
            <ns3:hr>157</ns3:hr>
            <ns3:cad>88</ns3:cad>
          </ns3:TrackPointExtension>
        </extensions>
      </trkpt>
      <trkpt lat="30.6204188056290149688720703125" lon="103.984382338821887969970703125">
        <ele>494.20001220703125</ele>
        <time>2026-02-27T12:33:40.000Z</time>
        <extensions>
          <ns3:TrackPointExtension>
            <ns3:hr>157</ns3:hr>
            <ns3:cad>88</ns3:cad>
          </ns3:TrackPointExtension>
        </extensions>
      </trkpt>
      <trkpt lat="30.62041369266808032989501953125" lon="103.98435694165527820587158203125">
        <ele>494.20001220703125</ele>
        <time>2026-02-27T12:33:41.000Z</time>
        <extensions>
          <ns3:TrackPointExtension>
            <ns3:hr>156</ns3:hr>
            <ns3:cad>88</ns3:cad>
          </ns3:TrackPointExtension>
        </extensions>
      </trkpt>
      <trkpt lat="30.6204060651361942291259765625" lon="103.984330706298351287841796875">
        <ele>494.20001220703125</ele>
        <time>2026-02-27T12:33:42.000Z</time>
        <extensions>
          <ns3:TrackPointExtension>
            <ns3:hr>157</ns3:hr>
            <ns3:cad>87</ns3:cad>
          </ns3:TrackPointExtension>
        </extensions>
      </trkpt>
      <trkpt lat="30.62039508484303951263427734375" lon="103.9843057282269001007080078125">
        <ele>494.20001220703125</ele>
        <time>2026-02-27T12:33:43.000Z</time>
        <extensions>
          <ns3:TrackPointExtension>
            <ns3:hr>157</ns3:hr>
            <ns3:cad>87</ns3:cad>
          </ns3:TrackPointExtension>
        </extensions>
      </trkpt>
      <trkpt lat="30.620385445654392242431640625" lon="103.98427513428032398223876953125">
        <ele>494.20001220703125</ele>
        <time>2026-02-27T12:33:44.000Z</time>
        <extensions>
          <ns3:TrackPointExtension>
            <ns3:hr>157</ns3:hr>
            <ns3:cad>88</ns3:cad>
          </ns3:TrackPointExtension>
        </extensions>
      </trkpt>
      <trkpt lat="30.62037597410380840301513671875" lon="103.98425124585628509521484375">
        <ele>494.20001220703125</ele>
        <time>2026-02-27T12:33:45.000Z</time>
        <extensions>
          <ns3:TrackPointExtension>
            <ns3:hr>156</ns3:hr>
            <ns3:cad>89</ns3:cad>
          </ns3:TrackPointExtension>
        </extensions>
      </trkpt>
      <trkpt lat="30.62037278898060321807861328125" lon="103.98421629332005977630615234375">
        <ele>494.20001220703125</ele>
        <time>2026-02-27T12:33:46.000Z</time>
        <extensions>
          <ns3:TrackPointExtension>
            <ns3:hr>157</ns3:hr>
            <ns3:cad>89</ns3:cad>
          </ns3:TrackPointExtension>
        </extensions>
      </trkpt>
      <trkpt lat="30.6203648261725902557373046875" lon="103.98419114761054515838623046875">
        <ele>494.20001220703125</ele>
        <time>2026-02-27T12:33:47.000Z</time>
        <extensions>
          <ns3:TrackPointExtension>
            <ns3:hr>157</ns3:hr>
            <ns3:cad>89</ns3:cad>
          </ns3:TrackPointExtension>
        </extensions>
      </trkpt>
      <trkpt lat="30.6203527562320232391357421875" lon="103.9841629005968570709228515625">
        <ele>494.20001220703125</ele>
        <time>2026-02-27T12:33:48.000Z</time>
        <extensions>
          <ns3:TrackPointExtension>
            <ns3:hr>157</ns3:hr>
            <ns3:cad>89</ns3:cad>
          </ns3:TrackPointExtension>
        </extensions>
      </trkpt>
      <trkpt lat="30.620343871414661407470703125" lon="103.98413834162056446075439453125">
        <ele>494.20001220703125</ele>
        <time>2026-02-27T12:33:49.000Z</time>
        <extensions>
          <ns3:TrackPointExtension>
            <ns3:hr>157</ns3:hr>
            <ns3:cad>89</ns3:cad>
          </ns3:TrackPointExtension>
        </extensions>
      </trkpt>
      <trkpt lat="30.6203336454927921295166015625" lon="103.98410883732140064239501953125">
        <ele>494.20001220703125</ele>
        <time>2026-02-27T12:33:50.000Z</time>
        <extensions>
          <ns3:TrackPointExtension>
            <ns3:hr>158</ns3:hr>
            <ns3:cad>87</ns3:cad>
          </ns3:TrackPointExtension>
        </extensions>
      </trkpt>
      <trkpt lat="30.62032501213252544403076171875" lon="103.98408452980220317840576171875">
        <ele>494.20001220703125</ele>
        <time>2026-02-27T12:33:51.000Z</time>
        <extensions>
          <ns3:TrackPointExtension>
            <ns3:hr>157</ns3:hr>
            <ns3:cad>87</ns3:cad>
          </ns3:TrackPointExtension>
        </extensions>
      </trkpt>
      <trkpt lat="30.62031528912484645843505859375" lon="103.98406156338751316070556640625">
        <ele>494.20001220703125</ele>
        <time>2026-02-27T12:33:52.000Z</time>
        <extensions>
          <ns3:TrackPointExtension>
            <ns3:hr>157</ns3:hr>
            <ns3:cad>88</ns3:cad>
          </ns3:TrackPointExtension>
        </extensions>
      </trkpt>
      <trkpt lat="30.6203078292310237884521484375" lon="103.9840401895344257354736328125">
        <ele>494.20001220703125</ele>
        <time>2026-02-27T12:33:53.000Z</time>
        <extensions>
          <ns3:TrackPointExtension>
            <ns3:hr>158</ns3:hr>
            <ns3:cad>89</ns3:cad>
          </ns3:TrackPointExtension>
        </extensions>
      </trkpt>
      <trkpt lat="30.62030003406107425689697265625" lon="103.98401789367198944091796875">
        <ele>494.20001220703125</ele>
        <time>2026-02-27T12:33:54.000Z</time>
        <extensions>
          <ns3:TrackPointExtension>
            <ns3:hr>158</ns3:hr>
            <ns3:cad>89</ns3:cad>
          </ns3:TrackPointExtension>
        </extensions>
      </trkpt>
      <trkpt lat="30.62029860913753509521484375" lon="103.9839986152946949005126953125">
        <ele>494.20001220703125</ele>
        <time>2026-02-27T12:33:55.000Z</time>
        <extensions>
          <ns3:TrackPointExtension>
            <ns3:hr>157</ns3:hr>
            <ns3:cad>89</ns3:cad>
          </ns3:TrackPointExtension>
        </extensions>
      </trkpt>
      <trkpt lat="30.6202903948724269866943359375" lon="103.983985371887683868408203125">
        <ele>494.20001220703125</ele>
        <time>2026-02-27T12:33:56.000Z</time>
        <extensions>
          <ns3:TrackPointExtension>
            <ns3:hr>157</ns3:hr>
            <ns3:cad>88</ns3:cad>
          </ns3:TrackPointExtension>
        </extensions>
      </trkpt>
      <trkpt lat="30.62028762884438037872314453125" lon="103.98396047763526439666748046875">
        <ele>494.20001220703125</ele>
        <time>2026-02-27T12:33:57.000Z</time>
        <extensions>
          <ns3:TrackPointExtension>
            <ns3:hr>157</ns3:hr>
            <ns3:cad>87</ns3:cad>
          </ns3:TrackPointExtension>
        </extensions>
      </trkpt>
      <trkpt lat="30.62028385698795318603515625" lon="103.98393818177282810211181640625">
        <ele>494.20001220703125</ele>
        <time>2026-02-27T12:33:58.000Z</time>
        <extensions>
          <ns3:TrackPointExtension>
            <ns3:hr>158</ns3:hr>
            <ns3:cad>87</ns3:cad>
          </ns3:TrackPointExtension>
        </extensions>
      </trkpt>
      <trkpt lat="30.62028385698795318603515625" lon="103.983908928930759429931640625">
        <ele>494.20001220703125</ele>
        <time>2026-02-27T12:33:59.000Z</time>
        <extensions>
          <ns3:TrackPointExtension>
            <ns3:hr>157</ns3:hr>
            <ns3:cad>88</ns3:cad>
          </ns3:TrackPointExtension>
        </extensions>
      </trkpt>
      <trkpt lat="30.62027991749346256256103515625" lon="103.98388671688735485076904296875">
        <ele>494.20001220703125</ele>
        <time>2026-02-27T12:34:00.000Z</time>
        <extensions>
          <ns3:TrackPointExtension>
            <ns3:hr>157</ns3:hr>
            <ns3:cad>88</ns3:cad>
          </ns3:TrackPointExtension>
        </extensions>
      </trkpt>
      <trkpt lat="30.62027405016124248504638671875" lon="103.98385905660688877105712890625">
        <ele>494.20001220703125</ele>
        <time>2026-02-27T12:34:01.000Z</time>
        <extensions>
          <ns3:TrackPointExtension>
            <ns3:hr>157</ns3:hr>
            <ns3:cad>89</ns3:cad>
          </ns3:TrackPointExtension>
        </extensions>
      </trkpt>
      <trkpt lat="30.6202706135809421539306640625" lon="103.9838386885821819305419921875">
        <ele>494.20001220703125</ele>
        <time>2026-02-27T12:34:02.000Z</time>
        <extensions>
          <ns3:TrackPointExtension>
            <ns3:hr>157</ns3:hr>
            <ns3:cad>89</ns3:cad>
          </ns3:TrackPointExtension>
        </extensions>
      </trkpt>
      <trkpt lat="30.6202630698680877685546875" lon="103.983808346092700958251953125">
        <ele>494.20001220703125</ele>
        <time>2026-02-27T12:34:03.000Z</time>
        <extensions>
          <ns3:TrackPointExtension>
            <ns3:hr>156</ns3:hr>
            <ns3:cad>88</ns3:cad>
          </ns3:TrackPointExtension>
        </extensions>
      </trkpt>
      <trkpt lat="30.620254017412662506103515625" lon="103.98378194309771060943603515625">
        <ele>494.20001220703125</ele>
        <time>2026-02-27T12:34:04.000Z</time>
        <extensions>
          <ns3:TrackPointExtension>
            <ns3:hr>156</ns3:hr>
            <ns3:cad>87</ns3:cad>
          </ns3:TrackPointExtension>
        </extensions>
      </trkpt>
      <trkpt lat="30.6202464736998081207275390625" lon="103.983751349151134490966796875">
        <ele>494.399993896484375</ele>
        <time>2026-02-27T12:34:05.000Z</time>
        <extensions>
          <ns3:TrackPointExtension>
            <ns3:hr>156</ns3:hr>
            <ns3:cad>87</ns3:cad>
          </ns3:TrackPointExtension>
        </extensions>
      </trkpt>
      <trkpt lat="30.62023934908211231231689453125" lon="103.98372712545096874237060546875">
        <ele>494.399993896484375</ele>
        <time>2026-02-27T12:34:06.000Z</time>
        <extensions>
          <ns3:TrackPointExtension>
            <ns3:hr>156</ns3:hr>
            <ns3:cad>87</ns3:cad>
          </ns3:TrackPointExtension>
        </extensions>
      </trkpt>
      <trkpt lat="30.62023130245506763458251953125" lon="103.98370197974145412445068359375">
        <ele>494.399993896484375</ele>
        <time>2026-02-27T12:34:07.000Z</time>
        <extensions>
          <ns3:TrackPointExtension>
            <ns3:hr>156</ns3:hr>
            <ns3:cad>87</ns3:cad>
          </ns3:TrackPointExtension>
        </extensions>
      </trkpt>
      <trkpt lat="30.6202243454754352569580078125" lon="103.98367515765130519866943359375">
        <ele>494.399993896484375</ele>
        <time>2026-02-27T12:34:08.000Z</time>
        <extensions>
          <ns3:TrackPointExtension>
            <ns3:hr>157</ns3:hr>
            <ns3:cad>88</ns3:cad>
          </ns3:TrackPointExtension>
        </extensions>
      </trkpt>
      <trkpt lat="30.62021688558161258697509765625" lon="103.9836552925407886505126953125">
        <ele>494.399993896484375</ele>
        <time>2026-02-27T12:34:09.000Z</time>
        <extensions>
          <ns3:TrackPointExtension>
            <ns3:hr>156</ns3:hr>
            <ns3:cad>88</ns3:cad>
          </ns3:TrackPointExtension>
        </extensions>
      </trkpt>
      <trkpt lat="30.6202142871916294097900390625" lon="103.98362956009805202484130859375">
        <ele>494.399993896484375</ele>
        <time>2026-02-27T12:34:10.000Z</time>
        <extensions>
          <ns3:TrackPointExtension>
            <ns3:hr>156</ns3:hr>
            <ns3:cad>87</ns3:cad>
          </ns3:TrackPointExtension>
        </extensions>
      </trkpt>
      <trkpt lat="30.620203725993633270263671875" lon="103.983605839312076568603515625">
        <ele>494.399993896484375</ele>
        <time>2026-02-27T12:34:11.000Z</time>
        <extensions>
          <ns3:TrackPointExtension>
            <ns3:hr>156</ns3:hr>
            <ns3:cad>87</ns3:cad>
          </ns3:TrackPointExtension>
        </extensions>
      </trkpt>
      <trkpt lat="30.6201948411762714385986328125" lon="103.98357792757451534271240234375">
        <ele>494.399993896484375</ele>
        <time>2026-02-27T12:34:12.000Z</time>
        <extensions>
          <ns3:TrackPointExtension>
            <ns3:hr>156</ns3:hr>
            <ns3:cad>87</ns3:cad>
          </ns3:TrackPointExtension>
        </extensions>
      </trkpt>
      <trkpt lat="30.62018587253987789154052734375" lon="103.98355009965598583221435546875">
        <ele>494.399993896484375</ele>
        <time>2026-02-27T12:34:13.000Z</time>
        <extensions>
          <ns3:TrackPointExtension>
            <ns3:hr>156</ns3:hr>
            <ns3:cad>87</ns3:cad>
          </ns3:TrackPointExtension>
        </extensions>
      </trkpt>
      <trkpt lat="30.6201784126460552215576171875" lon="103.98351841606199741363525390625">
        <ele>494.399993896484375</ele>
        <time>2026-02-27T12:34:14.000Z</time>
        <extensions>
          <ns3:TrackPointExtension>
            <ns3:hr>156</ns3:hr>
            <ns3:cad>88</ns3:cad>
          </ns3:TrackPointExtension>
        </extensions>
      </trkpt>
      <trkpt lat="30.620171539485454559326171875" lon="103.98349352180957794189453125">
        <ele>494.399993896484375</ele>
        <time>2026-02-27T12:34:15.000Z</time>
        <extensions>
          <ns3:TrackPointExtension>
            <ns3:hr>156</ns3:hr>
            <ns3:cad>88</ns3:cad>
          </ns3:TrackPointExtension>
        </extensions>
      </trkpt>
      <trkpt lat="30.62016894109547138214111328125" lon="103.98346443660557270050048828125">
        <ele>494.399993896484375</ele>
        <time>2026-02-27T12:34:16.000Z</time>
        <extensions>
          <ns3:TrackPointExtension>
            <ns3:hr>156</ns3:hr>
            <ns3:cad>89</ns3:cad>
          </ns3:TrackPointExtension>
        </extensions>
      </trkpt>
      <trkpt lat="30.6201616488397121429443359375" lon="103.9834417216479778289794921875">
        <ele>494.399993896484375</ele>
        <time>2026-02-27T12:34:17.000Z</time>
        <extensions>
          <ns3:TrackPointExtension>
            <ns3:hr>156</ns3:hr>
            <ns3:cad>89</ns3:cad>
          </ns3:TrackPointExtension>
        </extensions>
      </trkpt>
      <trkpt lat="30.62015888281166553497314453125" lon="103.9834142290055751800537109375">
        <ele>494.399993896484375</ele>
        <time>2026-02-27T12:34:18.000Z</time>
        <extensions>
          <ns3:TrackPointExtension>
            <ns3:hr>155</ns3:hr>
            <ns3:cad>89</ns3:cad>
          </ns3:TrackPointExtension>
        </extensions>
      </trkpt>
      <trkpt lat="30.62015217728912830352783203125" lon="103.9833874069154262542724609375">
        <ele>494.600006103515625</ele>
        <time>2026-02-27T12:34:19.000Z</time>
        <extensions>
          <ns3:TrackPointExtension>
            <ns3:hr>155</ns3:hr>
            <ns3:cad>88</ns3:cad>
          </ns3:TrackPointExtension>
        </extensions>
      </trkpt>
      <trkpt lat="30.62014630995690822601318359375" lon="103.98335966281592845916748046875">
        <ele>494.600006103515625</ele>
        <time>2026-02-27T12:34:20.000Z</time>
        <extensions>
          <ns3:TrackPointExtension>
            <ns3:hr>155</ns3:hr>
            <ns3:cad>88</ns3:cad>
          </ns3:TrackPointExtension>
        </extensions>
      </trkpt>
      <trkpt lat="30.62014077790081501007080078125" lon="103.98333066143095493316650390625">
        <ele>494.79998779296875</ele>
        <time>2026-02-27T12:34:21.000Z</time>
        <extensions>
          <ns3:TrackPointExtension>
            <ns3:hr>156</ns3:hr>
            <ns3:cad>88</ns3:cad>
          </ns3:TrackPointExtension>
        </extensions>
      </trkpt>
      <trkpt lat="30.620136000216007232666015625" lon="103.98330367170274257659912109375">
        <ele>494.79998779296875</ele>
        <time>2026-02-27T12:34:22.000Z</time>
        <extensions>
          <ns3:TrackPointExtension>
            <ns3:hr>156</ns3:hr>
            <ns3:cad>88</ns3:cad>
          </ns3:TrackPointExtension>
        </extensions>
      </trkpt>
      <trkpt lat="30.620136670768260955810546875" lon="103.98328858427703380584716796875">
        <ele>494.79998779296875</ele>
        <time>2026-02-27T12:34:23.000Z</time>
        <extensions>
          <ns3:TrackPointExtension>
            <ns3:hr>156</ns3:hr>
            <ns3:cad>88</ns3:cad>
          </ns3:TrackPointExtension>
        </extensions>
      </trkpt>
      <trkpt lat="30.62013708986341953277587890625" lon="103.983274586498737335205078125">
        <ele>494.79998779296875</ele>
        <time>2026-02-27T12:34:24.000Z</time>
        <extensions>
          <ns3:TrackPointExtension>
            <ns3:hr>156</ns3:hr>
            <ns3:cad>88</ns3:cad>
          </ns3:TrackPointExtension>
        </extensions>
      </trkpt>
      <trkpt lat="30.62014102935791015625" lon="103.983257822692394256591796875">
        <ele>494.600006103515625</ele>
        <time>2026-02-27T12:34:25.000Z</time>
        <extensions>
          <ns3:TrackPointExtension>
            <ns3:hr>156</ns3:hr>
            <ns3:cad>88</ns3:cad>
          </ns3:TrackPointExtension>
        </extensions>
      </trkpt>
      <trkpt lat="30.62014530412852764129638671875" lon="103.98323812521994113922119140625">
        <ele>494.600006103515625</ele>
        <time>2026-02-27T12:34:26.000Z</time>
        <extensions>
          <ns3:TrackPointExtension>
            <ns3:hr>156</ns3:hr>
            <ns3:cad>42</ns3:cad>
          </ns3:TrackPointExtension>
        </extensions>
      </trkpt>
      <trkpt lat="30.6201482377946376800537109375" lon="103.9832311682403087615966796875">
        <ele>494.399993896484375</ele>
        <time>2026-02-27T12:34:27.000Z</time>
        <extensions>
          <ns3:TrackPointExtension>
            <ns3:hr>156</ns3:hr>
            <ns3:cad>42</ns3:cad>
          </ns3:TrackPointExtension>
        </extensions>
      </trkpt>
      <trkpt lat="30.62015117146074771881103515625" lon="103.983227312564849853515625">
        <ele>494.399993896484375</ele>
        <time>2026-02-27T12:34:28.000Z</time>
        <extensions>
          <ns3:TrackPointExtension>
            <ns3:hr>155</ns3:hr>
            <ns3:cad>42</ns3:cad>
          </ns3:TrackPointExtension>
        </extensions>
      </trkpt>
      <trkpt lat="30.62016726471483707427978515625" lon="103.9832284860312938690185546875">
        <ele>494.20001220703125</ele>
        <time>2026-02-27T12:34:29.000Z</time>
        <extensions>
          <ns3:TrackPointExtension>
            <ns3:hr>156</ns3:hr>
            <ns3:cad>42</ns3:cad>
          </ns3:TrackPointExtension>
        </extensions>
      </trkpt>
      <trkpt lat="30.62019207514822483062744140625" lon="103.98323225788772106170654296875">
        <ele>494.20001220703125</ele>
        <time>2026-02-27T12:34:30.000Z</time>
        <extensions>
          <ns3:TrackPointExtension>
            <ns3:hr>157</ns3:hr>
            <ns3:cad>42</ns3:cad>
          </ns3:TrackPointExtension>
        </extensions>
      </trkpt>
      <trkpt lat="30.6202136166393756866455078125" lon="103.983229659497737884521484375">
        <ele>494.20001220703125</ele>
        <time>2026-02-27T12:34:31.000Z</time>
        <extensions>
          <ns3:TrackPointExtension>
            <ns3:hr>157</ns3:hr>
            <ns3:cad>42</ns3:cad>
          </ns3:TrackPointExtension>
        </extensions>
      </trkpt>
      <trkpt lat="30.6202437914907932281494140625" lon="103.98322437889873981475830078125">
        <ele>494.399993896484375</ele>
        <time>2026-02-27T12:34:32.000Z</time>
        <extensions>
          <ns3:TrackPointExtension>
            <ns3:hr>156</ns3:hr>
            <ns3:cad>0</ns3:cad>
          </ns3:TrackPointExtension>
        </extensions>
      </trkpt>
      <trkpt lat="30.6202675960958003997802734375" lon="103.98321314714848995208740234375">
        <ele>494.399993896484375</ele>
        <time>2026-02-27T12:34:33.000Z</time>
        <extensions>
          <ns3:TrackPointExtension>
            <ns3:hr>156</ns3:hr>
            <ns3:cad>0</ns3:cad>
          </ns3:TrackPointExtension>
        </extensions>
      </trkpt>
      <trkpt lat="30.6202925741672515869140625" lon="103.98320895619690418243408203125">
        <ele>494.399993896484375</ele>
        <time>2026-02-27T12:34:34.000Z</time>
        <extensions>
          <ns3:TrackPointExtension>
            <ns3:hr>156</ns3:hr>
            <ns3:cad>91</ns3:cad>
          </ns3:TrackPointExtension>
        </extensions>
      </trkpt>
      <trkpt lat="30.62031579203903675079345703125" lon="103.98320392705500125885009765625">
        <ele>494.399993896484375</ele>
        <time>2026-02-27T12:34:35.000Z</time>
        <extensions>
          <ns3:TrackPointExtension>
            <ns3:hr>156</ns3:hr>
            <ns3:cad>91</ns3:cad>
          </ns3:TrackPointExtension>
        </extensions>
      </trkpt>
      <trkpt lat="30.620334483683109283447265625" lon="103.98320241831243038177490234375">
        <ele>494.399993896484375</ele>
        <time>2026-02-27T12:34:36.000Z</time>
        <extensions>
          <ns3:TrackPointExtension>
            <ns3:hr>156</ns3:hr>
            <ns3:cad>91</ns3:cad>
          </ns3:TrackPointExtension>
        </extensions>
      </trkpt>
      <trkpt lat="30.6203534267842769622802734375" lon="103.9831959642469882965087890625">
        <ele>494.399993896484375</ele>
        <time>2026-02-27T12:34:37.000Z</time>
        <extensions>
          <ns3:TrackPointExtension>
            <ns3:hr>157</ns3:hr>
            <ns3:cad>90</ns3:cad>
          </ns3:TrackPointExtension>
        </extensions>
      </trkpt>
      <trkpt lat="30.62037111259996891021728515625" lon="103.9831916056573390960693359375">
        <ele>494.399993896484375</ele>
        <time>2026-02-27T12:34:38.000Z</time>
        <extensions>
          <ns3:TrackPointExtension>
            <ns3:hr>157</ns3:hr>
            <ns3:cad>90</ns3:cad>
          </ns3:TrackPointExtension>
        </extensions>
      </trkpt>
      <trkpt lat="30.62038972042500972747802734375" lon="103.9831781946122646331787109375">
        <ele>494.399993896484375</ele>
        <time>2026-02-27T12:34:39.000Z</time>
        <extensions>
          <ns3:TrackPointExtension>
            <ns3:hr>156</ns3:hr>
            <ns3:cad>90</ns3:cad>
          </ns3:TrackPointExtension>
        </extensions>
      </trkpt>
      <trkpt lat="30.6204141117632389068603515625" lon="103.98316226899623870849609375">
        <ele>494.600006103515625</ele>
        <time>2026-02-27T12:34:40.000Z</time>
        <extensions>
          <ns3:TrackPointExtension>
            <ns3:hr>156</ns3:hr>
            <ns3:cad>90</ns3:cad>
          </ns3:TrackPointExtension>
        </extensions>
      </trkpt>
      <trkpt lat="30.62042525969445705413818359375" lon="103.9831493608653545379638671875">
        <ele>494.600006103515625</ele>
        <time>2026-02-27T12:34:41.000Z</time>
        <extensions>
          <ns3:TrackPointExtension>
            <ns3:hr>157</ns3:hr>
            <ns3:cad>90</ns3:cad>
          </ns3:TrackPointExtension>
        </extensions>
      </trkpt>
      <trkpt lat="30.62044621445238590240478515625" lon="103.98313385434448719024658203125">
        <ele>494.600006103515625</ele>
        <time>2026-02-27T12:34:42.000Z</time>
        <extensions>
          <ns3:TrackPointExtension>
            <ns3:hr>157</ns3:hr>
            <ns3:cad>87</ns3:cad>
          </ns3:TrackPointExtension>
        </extensions>
      </trkpt>
      <trkpt lat="30.62046146951615810394287109375" lon="103.9831141568720340728759765625">
        <ele>494.600006103515625</ele>
        <time>2026-02-27T12:34:43.000Z</time>
        <extensions>
          <ns3:TrackPointExtension>
            <ns3:hr>157</ns3:hr>
            <ns3:cad>87</ns3:cad>
          </ns3:TrackPointExtension>
        </extensions>
      </trkpt>
      <trkpt lat="30.62047471292316913604736328125" lon="103.98309194482862949371337890625">
        <ele>494.600006103515625</ele>
        <time>2026-02-27T12:34:44.000Z</time>
        <extensions>
          <ns3:TrackPointExtension>
            <ns3:hr>157</ns3:hr>
            <ns3:cad>87</ns3:cad>
          </ns3:TrackPointExtension>
        </extensions>
      </trkpt>
      <trkpt lat="30.620494745671749114990234375" lon="103.98307082243263721466064453125">
        <ele>494.600006103515625</ele>
        <time>2026-02-27T12:34:45.000Z</time>
        <extensions>
          <ns3:TrackPointExtension>
            <ns3:hr>156</ns3:hr>
            <ns3:cad>88</ns3:cad>
          </ns3:TrackPointExtension>
        </extensions>
      </trkpt>
      <trkpt lat="30.62051444314420223236083984375" lon="103.983050286769866943359375">
        <ele>494.600006103515625</ele>
        <time>2026-02-27T12:34:46.000Z</time>
        <extensions>
          <ns3:TrackPointExtension>
            <ns3:hr>156</ns3:hr>
            <ns3:cad>88</ns3:cad>
          </ns3:TrackPointExtension>
        </extensions>
      </trkpt>
      <trkpt lat="30.620539002120494842529296875" lon="103.9830382168292999267578125">
        <ele>494.600006103515625</ele>
        <time>2026-02-27T12:34:47.000Z</time>
        <extensions>
          <ns3:TrackPointExtension>
            <ns3:hr>156</ns3:hr>
            <ns3:cad>88</ns3:cad>
          </ns3:TrackPointExtension>
        </extensions>
      </trkpt>
      <trkpt lat="30.62056339345872402191162109375" lon="103.98302505724132061004638671875">
        <ele>494.600006103515625</ele>
        <time>2026-02-27T12:34:48.000Z</time>
        <extensions>
          <ns3:TrackPointExtension>
            <ns3:hr>156</ns3:hr>
            <ns3:cad>88</ns3:cad>
          </ns3:TrackPointExtension>
        </extensions>
      </trkpt>
      <trkpt lat="30.62058283947408199310302734375" lon="103.98301550187170505523681640625">
        <ele>494.600006103515625</ele>
        <time>2026-02-27T12:34:49.000Z</time>
        <extensions>
          <ns3:TrackPointExtension>
            <ns3:hr>157</ns3:hr>
            <ns3:cad>88</ns3:cad>
          </ns3:TrackPointExtension>
        </extensions>
      </trkpt>
      <trkpt lat="30.62060295604169368743896484375" lon="103.9830135740339756011962890625">
        <ele>494.600006103515625</ele>
        <time>2026-02-27T12:34:50.000Z</time>
        <extensions>
          <ns3:TrackPointExtension>
            <ns3:hr>156</ns3:hr>
            <ns3:cad>88</ns3:cad>
          </ns3:TrackPointExtension>
        </extensions>
      </trkpt>
      <trkpt lat="30.62063128687441349029541015625" lon="103.98301902227103710174560546875">
        <ele>494.600006103515625</ele>
        <time>2026-02-27T12:34:51.000Z</time>
        <extensions>
          <ns3:TrackPointExtension>
            <ns3:hr>156</ns3:hr>
            <ns3:cad>88</ns3:cad>
          </ns3:TrackPointExtension>
        </extensions>
      </trkpt>
      <trkpt lat="30.6206521578133106231689453125" lon="103.9830149151384830474853515625">
        <ele>494.600006103515625</ele>
        <time>2026-02-27T12:34:52.000Z</time>
        <extensions>
          <ns3:TrackPointExtension>
            <ns3:hr>156</ns3:hr>
            <ns3:cad>88</ns3:cad>
          </ns3:TrackPointExtension>
        </extensions>
      </trkpt>
      <trkpt lat="30.6206769682466983795166015625" lon="103.98301340639591217041015625">
        <ele>494.600006103515625</ele>
        <time>2026-02-27T12:34:53.000Z</time>
        <extensions>
          <ns3:TrackPointExtension>
            <ns3:hr>156</ns3:hr>
            <ns3:cad>88</ns3:cad>
          </ns3:TrackPointExtension>
        </extensions>
      </trkpt>
      <trkpt lat="30.620697923004627227783203125" lon="103.98301206529140472412109375">
        <ele>494.600006103515625</ele>
        <time>2026-02-27T12:34:54.000Z</time>
        <extensions>
          <ns3:TrackPointExtension>
            <ns3:hr>157</ns3:hr>
            <ns3:cad>88</ns3:cad>
          </ns3:TrackPointExtension>
        </extensions>
      </trkpt>
      <trkpt lat="30.62072533182799816131591796875" lon="103.98301583714783191680908203125">
        <ele>494.600006103515625</ele>
        <time>2026-02-27T12:34:55.000Z</time>
        <extensions>
          <ns3:TrackPointExtension>
            <ns3:hr>156</ns3:hr>
            <ns3:cad>88</ns3:cad>
          </ns3:TrackPointExtension>
        </extensions>
      </trkpt>
      <trkpt lat="30.6207446940243244171142578125" lon="103.9830155856907367706298828125">
        <ele>494.600006103515625</ele>
        <time>2026-02-27T12:34:56.000Z</time>
        <extensions>
          <ns3:TrackPointExtension>
            <ns3:hr>156</ns3:hr>
            <ns3:cad>88</ns3:cad>
          </ns3:TrackPointExtension>
        </extensions>
      </trkpt>
      <trkpt lat="30.62077411450445652008056640625" lon="103.98301835171878337860107421875">
        <ele>494.600006103515625</ele>
        <time>2026-02-27T12:34:57.000Z</time>
        <extensions>
          <ns3:TrackPointExtension>
            <ns3:hr>156</ns3:hr>
            <ns3:cad>88</ns3:cad>
          </ns3:TrackPointExtension>
        </extensions>
      </trkpt>
      <trkpt lat="30.620793141424655914306640625" lon="103.9830219559371471405029296875">
        <ele>494.600006103515625</ele>
        <time>2026-02-27T12:34:58.000Z</time>
        <extensions>
          <ns3:TrackPointExtension>
            <ns3:hr>156</ns3:hr>
            <ns3:cad>89</ns3:cad>
          </ns3:TrackPointExtension>
        </extensions>
      </trkpt>
      <trkpt lat="30.62081350944936275482177734375" lon="103.98303293623030185699462890625">
        <ele>494.600006103515625</ele>
        <time>2026-02-27T12:34:59.000Z</time>
        <extensions>
          <ns3:TrackPointExtension>
            <ns3:hr>155</ns3:hr>
            <ns3:cad>89</ns3:cad>
          </ns3:TrackPointExtension>
        </extensions>
      </trkpt>
      <trkpt lat="30.62082759104669094085693359375" lon="103.98304232396185398101806640625">
        <ele>494.600006103515625</ele>
        <time>2026-02-27T12:35:00.000Z</time>
        <extensions>
          <ns3:TrackPointExtension>
            <ns3:hr>155</ns3:hr>
            <ns3:cad>89</ns3:cad>
          </ns3:TrackPointExtension>
        </extensions>
      </trkpt>
      <trkpt lat="30.62084837816655635833740234375" lon="103.98304819129407405853271484375">
        <ele>494.600006103515625</ele>
        <time>2026-02-27T12:35:01.000Z</time>
        <extensions>
          <ns3:TrackPointExtension>
            <ns3:hr>155</ns3:hr>
            <ns3:cad>90</ns3:cad>
          </ns3:TrackPointExtension>
        </extensions>
      </trkpt>
      <trkpt lat="30.6208660639822483062744140625" lon="103.98305120877921581268310546875">
        <ele>494.79998779296875</ele>
        <time>2026-02-27T12:35:02.000Z</time>
        <extensions>
          <ns3:TrackPointExtension>
            <ns3:hr>155</ns3:hr>
            <ns3:cad>90</ns3:cad>
          </ns3:TrackPointExtension>
        </extensions>
      </trkpt>
      <trkpt lat="30.62088861130177974700927734375" lon="103.98305556736886501312255859375">
        <ele>494.79998779296875</ele>
        <time>2026-02-27T12:35:03.000Z</time>
        <extensions>
          <ns3:TrackPointExtension>
            <ns3:hr>155</ns3:hr>
            <ns3:cad>90</ns3:cad>
          </ns3:TrackPointExtension>
        </extensions>
      </trkpt>
      <trkpt lat="30.62090520747005939483642578125" lon="103.98306009359657764434814453125">
        <ele>494.600006103515625</ele>
        <time>2026-02-27T12:35:04.000Z</time>
        <extensions>
          <ns3:TrackPointExtension>
            <ns3:hr>155</ns3:hr>
            <ns3:cad>88</ns3:cad>
          </ns3:TrackPointExtension>
        </extensions>
      </trkpt>
      <trkpt lat="30.620927922427654266357421875" lon="103.98306814022362232208251953125">
        <ele>494.79998779296875</ele>
        <time>2026-02-27T12:35:05.000Z</time>
        <extensions>
          <ns3:TrackPointExtension>
            <ns3:hr>155</ns3:hr>
            <ns3:cad>88</ns3:cad>
          </ns3:TrackPointExtension>
        </extensions>
      </trkpt>
      <trkpt lat="30.6209465302526950836181640625" lon="103.98307099007070064544677734375">
        <ele>494.79998779296875</ele>
        <time>2026-02-27T12:35:06.000Z</time>
        <extensions>
          <ns3:TrackPointExtension>
            <ns3:hr>155</ns3:hr>
            <ns3:cad>89</ns3:cad>
          </ns3:TrackPointExtension>
        </extensions>
      </trkpt>
      <trkpt lat="30.62097310088574886322021484375" lon="103.9830709062516689300537109375">
        <ele>494.79998779296875</ele>
        <time>2026-02-27T12:35:07.000Z</time>
        <extensions>
          <ns3:TrackPointExtension>
            <ns3:hr>154</ns3:hr>
            <ns3:cad>89</ns3:cad>
          </ns3:TrackPointExtension>
        </extensions>
      </trkpt>
      <trkpt lat="30.62099673785269260406494140625" lon="103.98305942304432392120361328125">
        <ele>494.79998779296875</ele>
        <time>2026-02-27T12:35:08.000Z</time>
        <extensions>
          <ns3:TrackPointExtension>
            <ns3:hr>155</ns3:hr>
            <ns3:cad>89</ns3:cad>
          </ns3:TrackPointExtension>
        </extensions>
      </trkpt>
      <trkpt lat="30.62102909199893474578857421875" lon="103.98305824957787990570068359375">
        <ele>494.79998779296875</ele>
        <time>2026-02-27T12:35:09.000Z</time>
        <extensions>
          <ns3:TrackPointExtension>
            <ns3:hr>155</ns3:hr>
            <ns3:cad>89</ns3:cad>
          </ns3:TrackPointExtension>
        </extensions>
      </trkpt>
      <trkpt lat="30.6210551597177982330322265625" lon="103.98305724374949932098388671875">
        <ele>494.79998779296875</ele>
        <time>2026-02-27T12:35:10.000Z</time>
        <extensions>
          <ns3:TrackPointExtension>
            <ns3:hr>154</ns3:hr>
            <ns3:cad>89</ns3:cad>
          </ns3:TrackPointExtension>
        </extensions>
      </trkpt>
      <trkpt lat="30.62108181416988372802734375" lon="103.983050286769866943359375">
        <ele>494.79998779296875</ele>
        <time>2026-02-27T12:35:11.000Z</time>
        <extensions>
          <ns3:TrackPointExtension>
            <ns3:hr>154</ns3:hr>
            <ns3:cad>88</ns3:cad>
          </ns3:TrackPointExtension>
        </extensions>
      </trkpt>
      <trkpt lat="30.62110461294651031494140625" lon="103.98305833339691162109375">
        <ele>494.600006103515625</ele>
        <time>2026-02-27T12:35:12.000Z</time>
        <extensions>
          <ns3:TrackPointExtension>
            <ns3:hr>154</ns3:hr>
            <ns3:cad>87</ns3:cad>
          </ns3:TrackPointExtension>
        </extensions>
      </trkpt>
      <trkpt lat="30.6211232207715511322021484375" lon="103.9830595068633556365966796875">
        <ele>494.600006103515625</ele>
        <time>2026-02-27T12:35:13.000Z</time>
        <extensions>
          <ns3:TrackPointExtension>
            <ns3:hr>154</ns3:hr>
            <ns3:cad>87</ns3:cad>
          </ns3:TrackPointExtension>
        </extensions>
      </trkpt>
      <trkpt lat="30.62115146778523921966552734375" lon="103.98306076414883136749267578125">
        <ele>494.600006103515625</ele>
        <time>2026-02-27T12:35:14.000Z</time>
        <extensions>
          <ns3:TrackPointExtension>
            <ns3:hr>155</ns3:hr>
            <ns3:cad>89</ns3:cad>
          </ns3:TrackPointExtension>
        </extensions>
      </trkpt>
      <trkpt lat="30.62117141671478748321533203125" lon="103.98306411691009998321533203125">
        <ele>494.600006103515625</ele>
        <time>2026-02-27T12:35:15.000Z</time>
        <extensions>
          <ns3:TrackPointExtension>
            <ns3:hr>154</ns3:hr>
            <ns3:cad>89</ns3:cad>
          </ns3:TrackPointExtension>
        </extensions>
      </trkpt>
      <trkpt lat="30.621196813881397247314453125" lon="103.9830678887665271759033203125">
        <ele>494.600006103515625</ele>
        <time>2026-02-27T12:35:16.000Z</time>
        <extensions>
          <ns3:TrackPointExtension>
            <ns3:hr>154</ns3:hr>
            <ns3:cad>89</ns3:cad>
          </ns3:TrackPointExtension>
        </extensions>
      </trkpt>
      <trkpt lat="30.62121592462062835693359375" lon="103.98307149298489093780517578125">
        <ele>494.600006103515625</ele>
        <time>2026-02-27T12:35:17.000Z</time>
        <extensions>
          <ns3:TrackPointExtension>
            <ns3:hr>155</ns3:hr>
            <ns3:cad>89</ns3:cad>
          </ns3:TrackPointExtension>
        </extensions>
      </trkpt>
      <trkpt lat="30.621234364807605743408203125" lon="103.983078114688396453857421875">
        <ele>494.600006103515625</ele>
        <time>2026-02-27T12:35:18.000Z</time>
        <extensions>
          <ns3:TrackPointExtension>
            <ns3:hr>154</ns3:hr>
            <ns3:cad>87</ns3:cad>
          </ns3:TrackPointExtension>
        </extensions>
      </trkpt>
      <trkpt lat="30.62125615775585174560546875" lon="103.983081467449665069580078125">
        <ele>494.600006103515625</ele>
        <time>2026-02-27T12:35:19.000Z</time>
        <extensions>
          <ns3:TrackPointExtension>
            <ns3:hr>154</ns3:hr>
            <ns3:cad>87</ns3:cad>
          </ns3:TrackPointExtension>
        </extensions>
      </trkpt>
      <trkpt lat="30.6212804652750492095947265625" lon="103.98308071307837963104248046875">
        <ele>494.79998779296875</ele>
        <time>2026-02-27T12:35:20.000Z</time>
        <extensions>
          <ns3:TrackPointExtension>
            <ns3:hr>155</ns3:hr>
            <ns3:cad>88</ns3:cad>
          </ns3:TrackPointExtension>
        </extensions>
      </trkpt>
      <trkpt lat="30.6212995760142803192138671875" lon="103.983070068061351776123046875">
        <ele>494.79998779296875</ele>
        <time>2026-02-27T12:35:21.000Z</time>
        <extensions>
          <ns3:TrackPointExtension>
            <ns3:hr>154</ns3:hr>
            <ns3:cad>89</ns3:cad>
          </ns3:TrackPointExtension>
        </extensions>
      </trkpt>
      <trkpt lat="30.62132547609508037567138671875" lon="103.98306461982429027557373046875">
        <ele>494.79998779296875</ele>
        <time>2026-02-27T12:35:22.000Z</time>
        <extensions>
          <ns3:TrackPointExtension>
            <ns3:hr>154</ns3:hr>
            <ns3:cad>89</ns3:cad>
          </ns3:TrackPointExtension>
        </extensions>
      </trkpt>
      <trkpt lat="30.621345676481723785400390625" lon="103.98306034505367279052734375">
        <ele>494.79998779296875</ele>
        <time>2026-02-27T12:35:23.000Z</time>
        <extensions>
          <ns3:TrackPointExtension>
            <ns3:hr>155</ns3:hr>
            <ns3:cad>89</ns3:cad>
          </ns3:TrackPointExtension>
        </extensions>
      </trkpt>
      <trkpt lat="30.62136855907738208770751953125" lon="103.9830551482737064361572265625">
        <ele>494.79998779296875</ele>
        <time>2026-02-27T12:35:24.000Z</time>
        <extensions>
          <ns3:TrackPointExtension>
            <ns3:hr>154</ns3:hr>
            <ns3:cad>89</ns3:cad>
          </ns3:TrackPointExtension>
        </extensions>
      </trkpt>
      <trkpt lat="30.6213904358446598052978515625" lon="103.98305254988372325897216796875">
        <ele>494.79998779296875</ele>
        <time>2026-02-27T12:35:25.000Z</time>
        <extensions>
          <ns3:TrackPointExtension>
            <ns3:hr>154</ns3:hr>
            <ns3:cad>89</ns3:cad>
          </ns3:TrackPointExtension>
        </extensions>
      </trkpt>
      <trkpt lat="30.6214172579348087310791015625" lon="103.98304559290409088134765625">
        <ele>494.79998779296875</ele>
        <time>2026-02-27T12:35:26.000Z</time>
        <extensions>
          <ns3:TrackPointExtension>
            <ns3:hr>155</ns3:hr>
            <ns3:cad>89</ns3:cad>
          </ns3:TrackPointExtension>
        </extensions>
      </trkpt>
      <trkpt lat="30.62144936062395572662353515625" lon="103.98305070586502552032470703125">
        <ele>494.79998779296875</ele>
        <time>2026-02-27T12:35:27.000Z</time>
        <extensions>
          <ns3:TrackPointExtension>
            <ns3:hr>154</ns3:hr>
            <ns3:cad>89</ns3:cad>
          </ns3:TrackPointExtension>
        </extensions>
      </trkpt>
      <trkpt lat="30.6214755959808826446533203125" lon="103.98304919712245464324951171875">
        <ele>494.79998779296875</ele>
        <time>2026-02-27T12:35:28.000Z</time>
        <extensions>
          <ns3:TrackPointExtension>
            <ns3:hr>154</ns3:hr>
            <ns3:cad>89</ns3:cad>
          </ns3:TrackPointExtension>
        </extensions>
      </trkpt>
      <trkpt lat="30.6214995682239532470703125" lon="103.98304802365601062774658203125">
        <ele>495</ele>
        <time>2026-02-27T12:35:29.000Z</time>
        <extensions>
          <ns3:TrackPointExtension>
            <ns3:hr>155</ns3:hr>
            <ns3:cad>89</ns3:cad>
          </ns3:TrackPointExtension>
        </extensions>
      </trkpt>
      <trkpt lat="30.6215211935341358184814453125" lon="103.9830471016466617584228515625">
        <ele>495</ele>
        <time>2026-02-27T12:35:30.000Z</time>
        <extensions>
          <ns3:TrackPointExtension>
            <ns3:hr>154</ns3:hr>
            <ns3:cad>89</ns3:cad>
          </ns3:TrackPointExtension>
        </extensions>
      </trkpt>
      <trkpt lat="30.62154474668204784393310546875" lon="103.9830548129975795745849609375">
        <ele>495</ele>
        <time>2026-02-27T12:35:31.000Z</time>
        <extensions>
          <ns3:TrackPointExtension>
            <ns3:hr>154</ns3:hr>
            <ns3:cad>89</ns3:cad>
          </ns3:TrackPointExtension>
        </extensions>
      </trkpt>
      <trkpt lat="30.6215671263635158538818359375" lon="103.9830608479678630828857421875">
        <ele>495</ele>
        <time>2026-02-27T12:35:32.000Z</time>
        <extensions>
          <ns3:TrackPointExtension>
            <ns3:hr>155</ns3:hr>
            <ns3:cad>89</ns3:cad>
          </ns3:TrackPointExtension>
        </extensions>
      </trkpt>
      <trkpt lat="30.62158481217920780181884765625" lon="103.98306570947170257568359375">
        <ele>495</ele>
        <time>2026-02-27T12:35:33.000Z</time>
        <extensions>
          <ns3:TrackPointExtension>
            <ns3:hr>154</ns3:hr>
            <ns3:cad>89</ns3:cad>
          </ns3:TrackPointExtension>
        </extensions>
      </trkpt>
      <trkpt lat="30.6216087006032466888427734375" lon="103.98306763730943202972412109375">
        <ele>495</ele>
        <time>2026-02-27T12:35:34.000Z</time>
        <extensions>
          <ns3:TrackPointExtension>
            <ns3:hr>155</ns3:hr>
            <ns3:cad>89</ns3:cad>
          </ns3:TrackPointExtension>
        </extensions>
      </trkpt>
      <trkpt lat="30.62163778580725193023681640625" lon="103.9830819703638553619384765625">
        <ele>495</ele>
        <time>2026-02-27T12:35:35.000Z</time>
        <extensions>
          <ns3:TrackPointExtension>
            <ns3:hr>155</ns3:hr>
            <ns3:cad>89</ns3:cad>
          </ns3:TrackPointExtension>
        </extensions>
      </trkpt>
      <trkpt lat="30.621658153831958770751953125" lon="103.98308155126869678497314453125">
        <ele>495</ele>
        <time>2026-02-27T12:35:36.000Z</time>
        <extensions>
          <ns3:TrackPointExtension>
            <ns3:hr>155</ns3:hr>
            <ns3:cad>88</ns3:cad>
          </ns3:TrackPointExtension>
        </extensions>
      </trkpt>
      <trkpt lat="30.62168707139790058135986328125" lon="103.98308993317186832427978515625">
        <ele>495</ele>
        <time>2026-02-27T12:35:37.000Z</time>
        <extensions>
          <ns3:TrackPointExtension>
            <ns3:hr>154</ns3:hr>
            <ns3:cad>88</ns3:cad>
          </ns3:TrackPointExtension>
        </extensions>
      </trkpt>
      <trkpt lat="30.62170886434614658355712890625" lon="103.98308808915317058563232421875">
        <ele>495</ele>
        <time>2026-02-27T12:35:38.000Z</time>
        <extensions>
          <ns3:TrackPointExtension>
            <ns3:hr>155</ns3:hr>
            <ns3:cad>89</ns3:cad>
          </ns3:TrackPointExtension>
        </extensions>
      </trkpt>
      <trkpt lat="30.621731914579868316650390625" lon="103.9830926991999149322509765625">
        <ele>495.20001220703125</ele>
        <time>2026-02-27T12:35:39.000Z</time>
        <extensions>
          <ns3:TrackPointExtension>
            <ns3:hr>155</ns3:hr>
            <ns3:cad>89</ns3:cad>
          </ns3:TrackPointExtension>
        </extensions>
      </trkpt>
      <trkpt lat="30.6217542104423046112060546875" lon="103.98309253156185150146484375">
        <ele>495</ele>
        <time>2026-02-27T12:35:40.000Z</time>
        <extensions>
          <ns3:TrackPointExtension>
            <ns3:hr>154</ns3:hr>
            <ns3:cad>87</ns3:cad>
          </ns3:TrackPointExtension>
        </extensions>
      </trkpt>
      <trkpt lat="30.62177809886634349822998046875" lon="103.98309253156185150146484375">
        <ele>495</ele>
        <time>2026-02-27T12:35:41.000Z</time>
        <extensions>
          <ns3:TrackPointExtension>
            <ns3:hr>155</ns3:hr>
            <ns3:cad>87</ns3:cad>
          </ns3:TrackPointExtension>
        </extensions>
      </trkpt>
      <trkpt lat="30.621798299252986907958984375" lon="103.98309462703764438629150390625">
        <ele>495</ele>
        <time>2026-02-27T12:35:42.000Z</time>
        <extensions>
          <ns3:TrackPointExtension>
            <ns3:hr>155</ns3:hr>
            <ns3:cad>87</ns3:cad>
          </ns3:TrackPointExtension>
        </extensions>
      </trkpt>
      <trkpt lat="30.6218214333057403564453125" lon="103.9830943755805492401123046875">
        <ele>495</ele>
        <time>2026-02-27T12:35:43.000Z</time>
        <extensions>
          <ns3:TrackPointExtension>
            <ns3:hr>154</ns3:hr>
            <ns3:cad>87</ns3:cad>
          </ns3:TrackPointExtension>
        </extensions>
      </trkpt>
      <trkpt lat="30.62184699811041355133056640625" lon="103.98309496231377124786376953125">
        <ele>495</ele>
        <time>2026-02-27T12:35:44.000Z</time>
        <extensions>
          <ns3:TrackPointExtension>
            <ns3:hr>155</ns3:hr>
            <ns3:cad>88</ns3:cad>
          </ns3:TrackPointExtension>
        </extensions>
      </trkpt>
      <trkpt lat="30.621870718896389007568359375" lon="103.9830913580954074859619140625">
        <ele>495</ele>
        <time>2026-02-27T12:35:45.000Z</time>
        <extensions>
          <ns3:TrackPointExtension>
            <ns3:hr>155</ns3:hr>
            <ns3:cad>89</ns3:cad>
          </ns3:TrackPointExtension>
        </extensions>
      </trkpt>
      <trkpt lat="30.62189477495849132537841796875" lon="103.98309697397053241729736328125">
        <ele>495.20001220703125</ele>
        <time>2026-02-27T12:35:46.000Z</time>
        <extensions>
          <ns3:TrackPointExtension>
            <ns3:hr>155</ns3:hr>
            <ns3:cad>89</ns3:cad>
          </ns3:TrackPointExtension>
        </extensions>
      </trkpt>
      <trkpt lat="30.62191422097384929656982421875" lon="103.98309831507503986358642578125">
        <ele>495.20001220703125</ele>
        <time>2026-02-27T12:35:47.000Z</time>
        <extensions>
          <ns3:TrackPointExtension>
            <ns3:hr>154</ns3:hr>
            <ns3:cad>88</ns3:cad>
          </ns3:TrackPointExtension>
        </extensions>
      </trkpt>
      <trkpt lat="30.6219399534165859222412109375" lon="103.9830999076366424560546875">
        <ele>495.20001220703125</ele>
        <time>2026-02-27T12:35:48.000Z</time>
        <extensions>
          <ns3:TrackPointExtension>
            <ns3:hr>155</ns3:hr>
            <ns3:cad>87</ns3:cad>
          </ns3:TrackPointExtension>
        </extensions>
      </trkpt>
      <trkpt lat="30.62196350656449794769287109375" lon="103.98309965617954730987548828125">
        <ele>495.20001220703125</ele>
        <time>2026-02-27T12:35:49.000Z</time>
        <extensions>
          <ns3:TrackPointExtension>
            <ns3:hr>155</ns3:hr>
            <ns3:cad>86</ns3:cad>
          </ns3:TrackPointExtension>
        </extensions>
      </trkpt>
      <trkpt lat="30.62199099920690059661865234375" lon="103.98310870863497257232666015625">
        <ele>495.20001220703125</ele>
        <time>2026-02-27T12:35:50.000Z</time>
        <extensions>
          <ns3:TrackPointExtension>
            <ns3:hr>154</ns3:hr>
            <ns3:cad>86</ns3:cad>
          </ns3:TrackPointExtension>
        </extensions>
      </trkpt>
      <trkpt lat="30.62201430089771747589111328125" lon="103.98311474360525608062744140625">
        <ele>495.20001220703125</ele>
        <time>2026-02-27T12:35:51.000Z</time>
        <extensions>
          <ns3:TrackPointExtension>
            <ns3:hr>155</ns3:hr>
            <ns3:cad>87</ns3:cad>
          </ns3:TrackPointExtension>
        </extensions>
      </trkpt>
      <trkpt lat="30.62203207053244113922119140625" lon="103.9831222034990787506103515625">
        <ele>495.20001220703125</ele>
        <time>2026-02-27T12:35:52.000Z</time>
        <extensions>
          <ns3:TrackPointExtension>
            <ns3:hr>154</ns3:hr>
            <ns3:cad>88</ns3:cad>
          </ns3:TrackPointExtension>
        </extensions>
      </trkpt>
      <trkpt lat="30.6220499239861965179443359375" lon="103.98312547244131565093994140625">
        <ele>495.20001220703125</ele>
        <time>2026-02-27T12:35:53.000Z</time>
        <extensions>
          <ns3:TrackPointExtension>
            <ns3:hr>154</ns3:hr>
            <ns3:cad>89</ns3:cad>
          </ns3:TrackPointExtension>
        </extensions>
      </trkpt>
      <trkpt lat="30.6220722198486328125" lon="103.9831242151558399200439453125">
        <ele>495.20001220703125</ele>
        <time>2026-02-27T12:35:54.000Z</time>
        <extensions>
          <ns3:TrackPointExtension>
            <ns3:hr>154</ns3:hr>
            <ns3:cad>89</ns3:cad>
          </ns3:TrackPointExtension>
        </extensions>
      </trkpt>
      <trkpt lat="30.62209174968302249908447265625" lon="103.98312195204198360443115234375">
        <ele>495.20001220703125</ele>
        <time>2026-02-27T12:35:55.000Z</time>
        <extensions>
          <ns3:TrackPointExtension>
            <ns3:hr>155</ns3:hr>
            <ns3:cad>89</ns3:cad>
          </ns3:TrackPointExtension>
        </extensions>
      </trkpt>
      <trkpt lat="30.6221119500696659088134765625" lon="103.98311994038522243499755859375">
        <ele>495.20001220703125</ele>
        <time>2026-02-27T12:35:56.000Z</time>
        <extensions>
          <ns3:TrackPointExtension>
            <ns3:hr>154</ns3:hr>
            <ns3:cad>88</ns3:cad>
          </ns3:TrackPointExtension>
        </extensions>
      </trkpt>
      <trkpt lat="30.622133575379848480224609375" lon="103.98311558179557323455810546875">
        <ele>495.20001220703125</ele>
        <time>2026-02-27T12:35:57.000Z</time>
        <extensions>
          <ns3:TrackPointExtension>
            <ns3:hr>154</ns3:hr>
            <ns3:cad>88</ns3:cad>
          </ns3:TrackPointExtension>
        </extensions>
      </trkpt>
      <trkpt lat="30.62215629033744335174560546875" lon="103.98311742581427097320556640625">
        <ele>495.20001220703125</ele>
        <time>2026-02-27T12:35:58.000Z</time>
        <extensions>
          <ns3:TrackPointExtension>
            <ns3:hr>155</ns3:hr>
            <ns3:cad>88</ns3:cad>
          </ns3:TrackPointExtension>
        </extensions>
      </trkpt>
      <trkpt lat="30.6221779994666576385498046875" lon="103.98311340250074863433837890625">
        <ele>495.20001220703125</ele>
        <time>2026-02-27T12:35:59.000Z</time>
        <extensions>
          <ns3:TrackPointExtension>
            <ns3:hr>154</ns3:hr>
            <ns3:cad>88</ns3:cad>
          </ns3:TrackPointExtension>
        </extensions>
      </trkpt>
      <trkpt lat="30.6222048215568065643310546875" lon="103.983113653957843780517578125">
        <ele>495.20001220703125</ele>
        <time>2026-02-27T12:36:00.000Z</time>
        <extensions>
          <ns3:TrackPointExtension>
            <ns3:hr>154</ns3:hr>
            <ns3:cad>89</ns3:cad>
          </ns3:TrackPointExtension>
        </extensions>
      </trkpt>
      <trkpt lat="30.62222753651440143585205078125" lon="103.98311323486268520355224609375">
        <ele>495.20001220703125</ele>
        <time>2026-02-27T12:36:01.000Z</time>
        <extensions>
          <ns3:TrackPointExtension>
            <ns3:hr>155</ns3:hr>
            <ns3:cad>89</ns3:cad>
          </ns3:TrackPointExtension>
        </extensions>
      </trkpt>
      <trkpt lat="30.6222524307668209075927734375" lon="103.9831114746630191802978515625">
        <ele>495.20001220703125</ele>
        <time>2026-02-27T12:36:02.000Z</time>
        <extensions>
          <ns3:TrackPointExtension>
            <ns3:hr>155</ns3:hr>
            <ns3:cad>89</ns3:cad>
          </ns3:TrackPointExtension>
        </extensions>
      </trkpt>
      <trkpt lat="30.6222802586853504180908203125" lon="103.98311357013881206512451171875">
        <ele>495.20001220703125</ele>
        <time>2026-02-27T12:36:03.000Z</time>
        <extensions>
          <ns3:TrackPointExtension>
            <ns3:hr>155</ns3:hr>
            <ns3:cad>88</ns3:cad>
          </ns3:TrackPointExtension>
        </extensions>
      </trkpt>
      <trkpt lat="30.62230297364294528961181640625" lon="103.983115665614604949951171875">
        <ele>495.399993896484375</ele>
        <time>2026-02-27T12:36:04.000Z</time>
        <extensions>
          <ns3:TrackPointExtension>
            <ns3:hr>155</ns3:hr>
            <ns3:cad>87</ns3:cad>
          </ns3:TrackPointExtension>
        </extensions>
      </trkpt>
      <trkpt lat="30.62232811935245990753173828125" lon="103.9831191860139369964599609375">
        <ele>495.399993896484375</ele>
        <time>2026-02-27T12:36:05.000Z</time>
        <extensions>
          <ns3:TrackPointExtension>
            <ns3:hr>155</ns3:hr>
            <ns3:cad>87</ns3:cad>
          </ns3:TrackPointExtension>
        </extensions>
      </trkpt>
      <trkpt lat="30.6223479844629764556884765625" lon="103.98312069475650787353515625">
        <ele>495.399993896484375</ele>
        <time>2026-02-27T12:36:06.000Z</time>
        <extensions>
          <ns3:TrackPointExtension>
            <ns3:hr>155</ns3:hr>
            <ns3:cad>88</ns3:cad>
          </ns3:TrackPointExtension>
        </extensions>
      </trkpt>
      <trkpt lat="30.622369945049285888671875" lon="103.98313016630709171295166015625">
        <ele>495.399993896484375</ele>
        <time>2026-02-27T12:36:07.000Z</time>
        <extensions>
          <ns3:TrackPointExtension>
            <ns3:hr>155</ns3:hr>
            <ns3:cad>88</ns3:cad>
          </ns3:TrackPointExtension>
        </extensions>
      </trkpt>
      <trkpt lat="30.62239073216915130615234375" lon="103.98313150741159915924072265625">
        <ele>495.399993896484375</ele>
        <time>2026-02-27T12:36:08.000Z</time>
        <extensions>
          <ns3:TrackPointExtension>
            <ns3:hr>154</ns3:hr>
            <ns3:cad>89</ns3:cad>
          </ns3:TrackPointExtension>
        </extensions>
      </trkpt>
      <trkpt lat="30.62241344712674617767333984375" lon="103.9831396378576755523681640625">
        <ele>495.399993896484375</ele>
        <time>2026-02-27T12:36:09.000Z</time>
        <extensions>
          <ns3:TrackPointExtension>
            <ns3:hr>155</ns3:hr>
            <ns3:cad>89</ns3:cad>
          </ns3:TrackPointExtension>
        </extensions>
      </trkpt>
      <trkpt lat="30.62243423424661159515380859375" lon="103.9831374585628509521484375">
        <ele>495.399993896484375</ele>
        <time>2026-02-27T12:36:10.000Z</time>
        <extensions>
          <ns3:TrackPointExtension>
            <ns3:hr>155</ns3:hr>
            <ns3:cad>89</ns3:cad>
          </ns3:TrackPointExtension>
        </extensions>
      </trkpt>
      <trkpt lat="30.62246256507933139801025390625" lon="103.98313871584832668304443359375">
        <ele>495.399993896484375</ele>
        <time>2026-02-27T12:36:11.000Z</time>
        <extensions>
          <ns3:TrackPointExtension>
            <ns3:hr>155</ns3:hr>
            <ns3:cad>88</ns3:cad>
          </ns3:TrackPointExtension>
        </extensions>
      </trkpt>
      <trkpt lat="30.6224866211414337158203125" lon="103.98313603363931179046630859375">
        <ele>495.399993896484375</ele>
        <time>2026-02-27T12:36:12.000Z</time>
        <extensions>
          <ns3:TrackPointExtension>
            <ns3:hr>155</ns3:hr>
            <ns3:cad>88</ns3:cad>
          </ns3:TrackPointExtension>
        </extensions>
      </trkpt>
      <trkpt lat="30.62251545488834381103515625" lon="103.9831450022757053375244140625">
        <ele>495.600006103515625</ele>
        <time>2026-02-27T12:36:13.000Z</time>
        <extensions>
          <ns3:TrackPointExtension>
            <ns3:hr>156</ns3:hr>
            <ns3:cad>88</ns3:cad>
          </ns3:TrackPointExtension>
        </extensions>
      </trkpt>
      <trkpt lat="30.62253682874143123626708984375" lon="103.983143828809261322021484375">
        <ele>495.600006103515625</ele>
        <time>2026-02-27T12:36:14.000Z</time>
        <extensions>
          <ns3:TrackPointExtension>
            <ns3:hr>156</ns3:hr>
            <ns3:cad>88</ns3:cad>
          </ns3:TrackPointExtension>
        </extensions>
      </trkpt>
      <trkpt lat="30.622563399374485015869140625" lon="103.98314994759857654571533203125">
        <ele>495.600006103515625</ele>
        <time>2026-02-27T12:36:15.000Z</time>
        <extensions>
          <ns3:TrackPointExtension>
            <ns3:hr>156</ns3:hr>
            <ns3:cad>89</ns3:cad>
          </ns3:TrackPointExtension>
        </extensions>
      </trkpt>
      <trkpt lat="30.62258443795144557952880859375" lon="103.98315028287470340728759765625">
        <ele>495.600006103515625</ele>
        <time>2026-02-27T12:36:16.000Z</time>
        <extensions>
          <ns3:TrackPointExtension>
            <ns3:hr>156</ns3:hr>
            <ns3:cad>88</ns3:cad>
          </ns3:TrackPointExtension>
        </extensions>
      </trkpt>
      <trkpt lat="30.6226118467748165130615234375" lon="103.98315447382628917694091796875">
        <ele>495.600006103515625</ele>
        <time>2026-02-27T12:36:17.000Z</time>
        <extensions>
          <ns3:TrackPointExtension>
            <ns3:hr>156</ns3:hr>
            <ns3:cad>88</ns3:cad>
          </ns3:TrackPointExtension>
        </extensions>
      </trkpt>
      <trkpt lat="30.622631795704364776611328125" lon="103.9831507019698619842529296875">
        <ele>495.600006103515625</ele>
        <time>2026-02-27T12:36:18.000Z</time>
        <extensions>
          <ns3:TrackPointExtension>
            <ns3:hr>156</ns3:hr>
            <ns3:cad>88</ns3:cad>
          </ns3:TrackPointExtension>
        </extensions>
      </trkpt>
      <trkpt lat="30.62266163527965545654296875" lon="103.98314952850341796875">
        <ele>495.600006103515625</ele>
        <time>2026-02-27T12:36:19.000Z</time>
        <extensions>
          <ns3:TrackPointExtension>
            <ns3:hr>156</ns3:hr>
            <ns3:cad>88</ns3:cad>
          </ns3:TrackPointExtension>
        </extensions>
      </trkpt>
      <trkpt lat="30.62268418259918689727783203125" lon="103.9831460081040859222412109375">
        <ele>495.600006103515625</ele>
        <time>2026-02-27T12:36:20.000Z</time>
        <extensions>
          <ns3:TrackPointExtension>
            <ns3:hr>156</ns3:hr>
            <ns3:cad>88</ns3:cad>
          </ns3:TrackPointExtension>
        </extensions>
      </trkpt>
      <trkpt lat="30.62271033413708209991455078125" lon="103.98313720710575580596923828125">
        <ele>495.600006103515625</ele>
        <time>2026-02-27T12:36:21.000Z</time>
        <extensions>
          <ns3:TrackPointExtension>
            <ns3:hr>156</ns3:hr>
            <ns3:cad>88</ns3:cad>
          </ns3:TrackPointExtension>
        </extensions>
      </trkpt>
      <trkpt lat="30.6227308697998523712158203125" lon="103.98313050158321857452392578125">
        <ele>495.600006103515625</ele>
        <time>2026-02-27T12:36:22.000Z</time>
        <extensions>
          <ns3:TrackPointExtension>
            <ns3:hr>156</ns3:hr>
            <ns3:cad>89</ns3:cad>
          </ns3:TrackPointExtension>
        </extensions>
      </trkpt>
      <trkpt lat="30.622754506766796112060546875" lon="103.98312714882194995880126953125">
        <ele>495.600006103515625</ele>
        <time>2026-02-27T12:36:23.000Z</time>
        <extensions>
          <ns3:TrackPointExtension>
            <ns3:hr>156</ns3:hr>
            <ns3:cad>90</ns3:cad>
          </ns3:TrackPointExtension>
        </extensions>
      </trkpt>
      <trkpt lat="30.62277738936245441436767578125" lon="103.9831258915364742279052734375">
        <ele>495.600006103515625</ele>
        <time>2026-02-27T12:36:24.000Z</time>
        <extensions>
          <ns3:TrackPointExtension>
            <ns3:hr>156</ns3:hr>
            <ns3:cad>90</ns3:cad>
          </ns3:TrackPointExtension>
        </extensions>
      </trkpt>
      <trkpt lat="30.62280421145260334014892578125" lon="103.98312614299356937408447265625">
        <ele>495.600006103515625</ele>
        <time>2026-02-27T12:36:25.000Z</time>
        <extensions>
          <ns3:TrackPointExtension>
            <ns3:hr>156</ns3:hr>
            <ns3:cad>90</ns3:cad>
          </ns3:TrackPointExtension>
        </extensions>
      </trkpt>
      <trkpt lat="30.6228270940482616424560546875" lon="103.9831299148499965667724609375">
        <ele>495.600006103515625</ele>
        <time>2026-02-27T12:36:26.000Z</time>
        <extensions>
          <ns3:TrackPointExtension>
            <ns3:hr>156</ns3:hr>
            <ns3:cad>88</ns3:cad>
          </ns3:TrackPointExtension>
        </extensions>
      </trkpt>
      <trkpt lat="30.62285165302455425262451171875" lon="103.983128070831298828125">
        <ele>495.600006103515625</ele>
        <time>2026-02-27T12:36:27.000Z</time>
        <extensions>
          <ns3:TrackPointExtension>
            <ns3:hr>156</ns3:hr>
            <ns3:cad>88</ns3:cad>
          </ns3:TrackPointExtension>
        </extensions>
      </trkpt>
      <trkpt lat="30.62287394888699054718017578125" lon="103.98313586600124835968017578125">
        <ele>495.600006103515625</ele>
        <time>2026-02-27T12:36:28.000Z</time>
        <extensions>
          <ns3:TrackPointExtension>
            <ns3:hr>156</ns3:hr>
            <ns3:cad>88</ns3:cad>
          </ns3:TrackPointExtension>
        </extensions>
      </trkpt>
      <trkpt lat="30.6228938139975070953369140625" lon="103.98314709775149822235107421875">
        <ele>495.600006103515625</ele>
        <time>2026-02-27T12:36:29.000Z</time>
        <extensions>
          <ns3:TrackPointExtension>
            <ns3:hr>157</ns3:hr>
            <ns3:cad>88</ns3:cad>
          </ns3:TrackPointExtension>
        </extensions>
      </trkpt>
      <trkpt lat="30.62290839850902557373046875" lon="103.983168639242649078369140625">
        <ele>495.600006103515625</ele>
        <time>2026-02-27T12:36:30.000Z</time>
        <extensions>
          <ns3:TrackPointExtension>
            <ns3:hr>156</ns3:hr>
            <ns3:cad>89</ns3:cad>
          </ns3:TrackPointExtension>
        </extensions>
      </trkpt>
      <trkpt lat="30.6229203008115291595458984375" lon="103.9831889234483242034912109375">
        <ele>495.79998779296875</ele>
        <time>2026-02-27T12:36:31.000Z</time>
        <extensions>
          <ns3:TrackPointExtension>
            <ns3:hr>157</ns3:hr>
            <ns3:cad>90</ns3:cad>
          </ns3:TrackPointExtension>
        </extensions>
      </trkpt>
      <trkpt lat="30.6229223124682903289794921875" lon="103.98321750573813915252685546875">
        <ele>495.79998779296875</ele>
        <time>2026-02-27T12:36:32.000Z</time>
        <extensions>
          <ns3:TrackPointExtension>
            <ns3:hr>157</ns3:hr>
            <ns3:cad>90</ns3:cad>
          </ns3:TrackPointExtension>
        </extensions>
      </trkpt>
      <trkpt lat="30.62292390502989292144775390625" lon="103.9832402206957340240478515625">
        <ele>495.79998779296875</ele>
        <time>2026-02-27T12:36:33.000Z</time>
        <extensions>
          <ns3:TrackPointExtension>
            <ns3:hr>156</ns3:hr>
            <ns3:cad>87</ns3:cad>
          </ns3:TrackPointExtension>
        </extensions>
      </trkpt>
      <trkpt lat="30.62291719950735569000244140625" lon="103.9832673780620098114013671875">
        <ele>495.79998779296875</ele>
        <time>2026-02-27T12:36:34.000Z</time>
        <extensions>
          <ns3:TrackPointExtension>
            <ns3:hr>156</ns3:hr>
            <ns3:cad>86</ns3:cad>
          </ns3:TrackPointExtension>
        </extensions>
      </trkpt>
      <trkpt lat="30.62291518785059452056884765625" lon="103.98328833281993865966796875">
        <ele>495.79998779296875</ele>
        <time>2026-02-27T12:36:35.000Z</time>
        <extensions>
          <ns3:TrackPointExtension>
            <ns3:hr>156</ns3:hr>
            <ns3:cad>86</ns3:cad>
          </ns3:TrackPointExtension>
        </extensions>
      </trkpt>
      <trkpt lat="30.622911751270294189453125" lon="103.9833163283765316009521484375">
        <ele>495.79998779296875</ele>
        <time>2026-02-27T12:36:36.000Z</time>
        <extensions>
          <ns3:TrackPointExtension>
            <ns3:hr>156</ns3:hr>
            <ns3:cad>87</ns3:cad>
          </ns3:TrackPointExtension>
        </extensions>
      </trkpt>
      <trkpt lat="30.62291217036545276641845703125" lon="103.98334071971476078033447265625">
        <ele>495.600006103515625</ele>
        <time>2026-02-27T12:36:37.000Z</time>
        <extensions>
          <ns3:TrackPointExtension>
            <ns3:hr>156</ns3:hr>
            <ns3:cad>88</ns3:cad>
          </ns3:TrackPointExtension>
        </extensions>
      </trkpt>
      <trkpt lat="30.622911751270294189453125" lon="103.9833686314523220062255859375">
        <ele>495.600006103515625</ele>
        <time>2026-02-27T12:36:38.000Z</time>
        <extensions>
          <ns3:TrackPointExtension>
            <ns3:hr>157</ns3:hr>
            <ns3:cad>88</ns3:cad>
          </ns3:TrackPointExtension>
        </extensions>
      </trkpt>
      <trkpt lat="30.6229132600128650665283203125" lon="103.9833941124379634857177734375">
        <ele>495.600006103515625</ele>
        <time>2026-02-27T12:36:39.000Z</time>
        <extensions>
          <ns3:TrackPointExtension>
            <ns3:hr>156</ns3:hr>
            <ns3:cad>89</ns3:cad>
          </ns3:TrackPointExtension>
        </extensions>
      </trkpt>
      <trkpt lat="30.62290839850902557373046875" lon="103.9834256283938884735107421875">
        <ele>495.600006103515625</ele>
        <time>2026-02-27T12:36:40.000Z</time>
        <extensions>
          <ns3:TrackPointExtension>
            <ns3:hr>156</ns3:hr>
            <ns3:cad>89</ns3:cad>
          </ns3:TrackPointExtension>
        </extensions>
      </trkpt>
      <trkpt lat="30.622906722128391265869140625" lon="103.983452618122100830078125">
        <ele>495.600006103515625</ele>
        <time>2026-02-27T12:36:41.000Z</time>
        <extensions>
          <ns3:TrackPointExtension>
            <ns3:hr>156</ns3:hr>
            <ns3:cad>89</ns3:cad>
          </ns3:TrackPointExtension>
        </extensions>
      </trkpt>
      <trkpt lat="30.6229005195200443267822265625" lon="103.983481116592884063720703125">
        <ele>495.600006103515625</ele>
        <time>2026-02-27T12:36:42.000Z</time>
        <extensions>
          <ns3:TrackPointExtension>
            <ns3:hr>157</ns3:hr>
            <ns3:cad>88</ns3:cad>
          </ns3:TrackPointExtension>
        </extensions>
      </trkpt>
      <trkpt lat="30.62289624474942684173583984375" lon="103.98350617848336696624755859375">
        <ele>495.399993896484375</ele>
        <time>2026-02-27T12:36:43.000Z</time>
        <extensions>
          <ns3:TrackPointExtension>
            <ns3:hr>156</ns3:hr>
            <ns3:cad>88</ns3:cad>
          </ns3:TrackPointExtension>
        </extensions>
      </trkpt>
      <trkpt lat="30.6228924728929996490478515625" lon="103.98353375494480133056640625">
        <ele>495.399993896484375</ele>
        <time>2026-02-27T12:36:44.000Z</time>
        <extensions>
          <ns3:TrackPointExtension>
            <ns3:hr>156</ns3:hr>
            <ns3:cad>88</ns3:cad>
          </ns3:TrackPointExtension>
        </extensions>
      </trkpt>
      <trkpt lat="30.6228861026465892791748046875" lon="103.983554542064666748046875">
        <ele>495.20001220703125</ele>
        <time>2026-02-27T12:36:45.000Z</time>
        <extensions>
          <ns3:TrackPointExtension>
            <ns3:hr>156</ns3:hr>
            <ns3:cad>89</ns3:cad>
          </ns3:TrackPointExtension>
        </extensions>
      </trkpt>
      <trkpt lat="30.62288166023790836334228515625" lon="103.9835734851658344268798828125">
        <ele>495.20001220703125</ele>
        <time>2026-02-27T12:36:46.000Z</time>
        <extensions>
          <ns3:TrackPointExtension>
            <ns3:hr>156</ns3:hr>
            <ns3:cad>88</ns3:cad>
          </ns3:TrackPointExtension>
        </extensions>
      </trkpt>
    </trkseg>
  </trk>
</gpx>
