<gpx xmlns:ns3="http://www.garmin.com/xmlschemas/TrackPointExtension/v1" xmlns="http://www.topografix.com/GPX/1/1" xmlns:xsi="http://www.w3.org/2001/XMLSchema-instance" xmlns:ns2="http://www.garmin.com/xmlschemas/GpxExtensions/v3" creator="Garmin Connect" version="1.1" xsi:schemaLocation="http://www.topografix.com/GPX/1/1 http://www.topografix.com/GPX/11.xsd">
  <extensions>
<distance>6123.41</distance>
<average_hr>152.0</average_hr>
<average_speed>2.890000104904175</average_speed>
<start_time>2026-03-21T12:09:43+00:00</start_time>
<end_time>2026-03-21T12:45:02.087000+00:00</end_time>
<moving_time>2115.397</moving_time>
<elapsed_time>2233.497</elapsed_time>
</extensions>
<metadata>
    <link href="connect.garmin.com">
      <text>Garmin Connect</text>
    </link>
    <time>2026-03-21T12:09:43.000Z</time>
  </metadata>
  <trk>
    <name>Qingpu Running</name>
    <type>running</type>
    <trkseg>
      <trkpt lat="31.16153662092983722686767578125" lon="121.19760462082922458648681640625">
        <ele>2.400000095367431640625</ele>
        <time>2026-03-21T12:09:43.000Z</time>
        <extensions>
          <ns3:TrackPointExtension>
            <ns3:hr>78</ns3:hr>
            <ns3:cad>0</ns3:cad>
          </ns3:TrackPointExtension>
        </extensions>
      </trkpt>
      <trkpt lat="31.16154491901397705078125" lon="121.19759003631770610809326171875">
        <ele>2.400000095367431640625</ele>
        <time>2026-03-21T12:09:44.000Z</time>
        <extensions>
          <ns3:TrackPointExtension>
            <ns3:hr>82</ns3:hr>
            <ns3:cad>54</ns3:cad>
          </ns3:TrackPointExtension>
        </extensions>
      </trkpt>
      <trkpt lat="31.16155237890779972076416015625" lon="121.197592802345752716064453125">
        <ele>2.400000095367431640625</ele>
        <time>2026-03-21T12:09:45.000Z</time>
        <extensions>
          <ns3:TrackPointExtension>
            <ns3:hr>81</ns3:hr>
            <ns3:cad>59</ns3:cad>
          </ns3:TrackPointExtension>
        </extensions>
      </trkpt>
      <trkpt lat="31.16159914992749691009521484375" lon="121.19757377542555332183837890625">
        <ele>2.400000095367431640625</ele>
        <time>2026-03-21T12:09:46.000Z</time>
        <extensions>
          <ns3:TrackPointExtension>
            <ns3:hr>80</ns3:hr>
            <ns3:cad>59</ns3:cad>
          </ns3:TrackPointExtension>
        </extensions>
      </trkpt>
      <trkpt lat="31.1616159975528717041015625" lon="121.19757176376879215240478515625">
        <ele>2.400000095367431640625</ele>
        <time>2026-03-21T12:09:47.000Z</time>
        <extensions>
          <ns3:TrackPointExtension>
            <ns3:hr>82</ns3:hr>
            <ns3:cad>59</ns3:cad>
          </ns3:TrackPointExtension>
        </extensions>
      </trkpt>
      <trkpt lat="31.16164214909076690673828125" lon="121.197570003569126129150390625">
        <ele>2.400000095367431640625</ele>
        <time>2026-03-21T12:09:48.000Z</time>
        <extensions>
          <ns3:TrackPointExtension>
            <ns3:hr>87</ns3:hr>
            <ns3:cad>88</ns3:cad>
          </ns3:TrackPointExtension>
        </extensions>
      </trkpt>
      <trkpt lat="31.1616674624383449554443359375" lon="121.19758819229900836944580078125">
        <ele>2.400000095367431640625</ele>
        <time>2026-03-21T12:09:49.000Z</time>
        <extensions>
          <ns3:TrackPointExtension>
            <ns3:hr>91</ns3:hr>
            <ns3:cad>89</ns3:cad>
          </ns3:TrackPointExtension>
        </extensions>
      </trkpt>
      <trkpt lat="31.16168850101530551910400390625" lon="121.19759489782154560089111328125">
        <ele>2.400000095367431640625</ele>
        <time>2026-03-21T12:09:50.000Z</time>
        <extensions>
          <ns3:TrackPointExtension>
            <ns3:hr>94</ns3:hr>
            <ns3:cad>89</ns3:cad>
          </ns3:TrackPointExtension>
        </extensions>
      </trkpt>
      <trkpt lat="31.1617258004844188690185546875" lon="121.19760311208665370941162109375">
        <ele>2.400000095367431640625</ele>
        <time>2026-03-21T12:09:51.000Z</time>
        <extensions>
          <ns3:TrackPointExtension>
            <ns3:hr>96</ns3:hr>
            <ns3:cad>89</ns3:cad>
          </ns3:TrackPointExtension>
        </extensions>
      </trkpt>
      <trkpt lat="31.16175589151680469512939453125" lon="121.1975835822522640228271484375">
        <ele>2.400000095367431640625</ele>
        <time>2026-03-21T12:09:52.000Z</time>
        <extensions>
          <ns3:TrackPointExtension>
            <ns3:hr>96</ns3:hr>
            <ns3:cad>89</ns3:cad>
          </ns3:TrackPointExtension>
        </extensions>
      </trkpt>
      <trkpt lat="31.16178623400628566741943359375" lon="121.197574697434902191162109375">
        <ele>2.400000095367431640625</ele>
        <time>2026-03-21T12:09:53.000Z</time>
        <extensions>
          <ns3:TrackPointExtension>
            <ns3:hr>95</ns3:hr>
            <ns3:cad>90</ns3:cad>
          </ns3:TrackPointExtension>
        </extensions>
      </trkpt>
      <trkpt lat="31.1618123017251491546630859375" lon="121.1975651420652866363525390625">
        <ele>2.400000095367431640625</ele>
        <time>2026-03-21T12:09:54.000Z</time>
        <extensions>
          <ns3:TrackPointExtension>
            <ns3:hr>95</ns3:hr>
            <ns3:cad>90</ns3:cad>
          </ns3:TrackPointExtension>
        </extensions>
      </trkpt>
      <trkpt lat="31.16184256039559841156005859375" lon="121.197567991912364959716796875">
        <ele>2.400000095367431640625</ele>
        <time>2026-03-21T12:09:55.000Z</time>
        <extensions>
          <ns3:TrackPointExtension>
            <ns3:hr>96</ns3:hr>
            <ns3:cad>90</ns3:cad>
          </ns3:TrackPointExtension>
        </extensions>
      </trkpt>
      <trkpt lat="31.1618723161518573760986328125" lon="121.197564303874969482421875">
        <ele>2.400000095367431640625</ele>
        <time>2026-03-21T12:09:56.000Z</time>
        <extensions>
          <ns3:TrackPointExtension>
            <ns3:hr>96</ns3:hr>
            <ns3:cad>92</ns3:cad>
          </ns3:TrackPointExtension>
        </extensions>
      </trkpt>
      <trkpt lat="31.161902658641338348388671875" lon="121.1975601129233837127685546875">
        <ele>2.400000095367431640625</ele>
        <time>2026-03-21T12:09:57.000Z</time>
        <extensions>
          <ns3:TrackPointExtension>
            <ns3:hr>96</ns3:hr>
            <ns3:cad>92</ns3:cad>
          </ns3:TrackPointExtension>
        </extensions>
      </trkpt>
      <trkpt lat="31.161954961717128753662109375" lon="121.19754728861153125762939453125">
        <ele>2.400000095367431640625</ele>
        <time>2026-03-21T12:09:58.000Z</time>
        <extensions>
          <ns3:TrackPointExtension>
            <ns3:hr>95</ns3:hr>
            <ns3:cad>92</ns3:cad>
          </ns3:TrackPointExtension>
        </extensions>
      </trkpt>
      <trkpt lat="31.16199460811913013458251953125" lon="121.19754083454608917236328125">
        <ele>2.400000095367431640625</ele>
        <time>2026-03-21T12:09:59.000Z</time>
        <extensions>
          <ns3:TrackPointExtension>
            <ns3:hr>95</ns3:hr>
            <ns3:cad>92</ns3:cad>
          </ns3:TrackPointExtension>
        </extensions>
      </trkpt>
      <trkpt lat="31.1620330810546875" lon="121.197547204792499542236328125">
        <ele>2.400000095367431640625</ele>
        <time>2026-03-21T12:10:00.000Z</time>
        <extensions>
          <ns3:TrackPointExtension>
            <ns3:hr>95</ns3:hr>
            <ns3:cad>92</ns3:cad>
          </ns3:TrackPointExtension>
        </extensions>
      </trkpt>
      <trkpt lat="31.16205948404967784881591796875" lon="121.19755617342889308929443359375">
        <ele>2.599999904632568359375</ele>
        <time>2026-03-21T12:10:01.000Z</time>
        <extensions>
          <ns3:TrackPointExtension>
            <ns3:hr>96</ns3:hr>
            <ns3:cad>92</ns3:cad>
          </ns3:TrackPointExtension>
        </extensions>
      </trkpt>
      <trkpt lat="31.16207457147538661956787109375" lon="121.19757243432104587554931640625">
        <ele>2.599999904632568359375</ele>
        <time>2026-03-21T12:10:02.000Z</time>
        <extensions>
          <ns3:TrackPointExtension>
            <ns3:hr>97</ns3:hr>
            <ns3:cad>92</ns3:cad>
          </ns3:TrackPointExtension>
        </extensions>
      </trkpt>
      <trkpt lat="31.16207457147538661956787109375" lon="121.19757243432104587554931640625">
        <ele>2.599999904632568359375</ele>
        <time>2026-03-21T12:10:03.000Z</time>
        <extensions>
          <ns3:TrackPointExtension>
            <ns3:hr>98</ns3:hr>
            <ns3:cad>91</ns3:cad>
          </ns3:TrackPointExtension>
        </extensions>
      </trkpt>
      <trkpt lat="31.16207876242697238922119140625" lon="121.1976063810288906097412109375">
        <ele>2.599999904632568359375</ele>
        <time>2026-03-21T12:10:04.000Z</time>
        <extensions>
          <ns3:TrackPointExtension>
            <ns3:hr>99</ns3:hr>
            <ns3:cad>91</ns3:cad>
          </ns3:TrackPointExtension>
        </extensions>
      </trkpt>
      <trkpt lat="31.1620523594319820404052734375" lon="121.1976362206041812896728515625">
        <ele>2.599999904632568359375</ele>
        <time>2026-03-21T12:10:05.000Z</time>
        <extensions>
          <ns3:TrackPointExtension>
            <ns3:hr>100</ns3:hr>
            <ns3:cad>91</ns3:cad>
          </ns3:TrackPointExtension>
        </extensions>
      </trkpt>
      <trkpt lat="31.16203903220593929290771484375" lon="121.19766689836978912353515625">
        <ele>2.599999904632568359375</ele>
        <time>2026-03-21T12:10:06.000Z</time>
        <extensions>
          <ns3:TrackPointExtension>
            <ns3:hr>101</ns3:hr>
            <ns3:cad>90</ns3:cad>
          </ns3:TrackPointExtension>
        </extensions>
      </trkpt>
      <trkpt lat="31.16203199140727519989013671875" lon="121.19769682176411151885986328125">
        <ele>2.599999904632568359375</ele>
        <time>2026-03-21T12:10:07.000Z</time>
        <extensions>
          <ns3:TrackPointExtension>
            <ns3:hr>102</ns3:hr>
            <ns3:cad>88</ns3:cad>
          </ns3:TrackPointExtension>
        </extensions>
      </trkpt>
      <trkpt lat="31.16202570497989654541015625" lon="121.1977265775203704833984375">
        <ele>2.599999904632568359375</ele>
        <time>2026-03-21T12:10:08.000Z</time>
        <extensions>
          <ns3:TrackPointExtension>
            <ns3:hr>104</ns3:hr>
            <ns3:cad>89</ns3:cad>
          </ns3:TrackPointExtension>
        </extensions>
      </trkpt>
      <trkpt lat="31.1620238609611988067626953125" lon="121.197761781513690948486328125">
        <ele>2.599999904632568359375</ele>
        <time>2026-03-21T12:10:09.000Z</time>
        <extensions>
          <ns3:TrackPointExtension>
            <ns3:hr>105</ns3:hr>
            <ns3:cad>89</ns3:cad>
          </ns3:TrackPointExtension>
        </extensions>
      </trkpt>
      <trkpt lat="31.16202008910477161407470703125" lon="121.19779421947896480560302734375">
        <ele>2.599999904632568359375</ele>
        <time>2026-03-21T12:10:10.000Z</time>
        <extensions>
          <ns3:TrackPointExtension>
            <ns3:hr>106</ns3:hr>
            <ns3:cad>90</ns3:cad>
          </ns3:TrackPointExtension>
        </extensions>
      </trkpt>
      <trkpt lat="31.1620104499161243438720703125" lon="121.1978269927203655242919921875">
        <ele>2.599999904632568359375</ele>
        <time>2026-03-21T12:10:11.000Z</time>
        <extensions>
          <ns3:TrackPointExtension>
            <ns3:hr>107</ns3:hr>
            <ns3:cad>91</ns3:cad>
          </ns3:TrackPointExtension>
        </extensions>
      </trkpt>
      <trkpt lat="31.1620077677071094512939453125" lon="121.1978595145046710968017578125">
        <ele>2.599999904632568359375</ele>
        <time>2026-03-21T12:10:12.000Z</time>
        <extensions>
          <ns3:TrackPointExtension>
            <ns3:hr>108</ns3:hr>
            <ns3:cad>91</ns3:cad>
          </ns3:TrackPointExtension>
        </extensions>
      </trkpt>
      <trkpt lat="31.1620020680129528045654296875" lon="121.19788859970867633819580078125">
        <ele>2.599999904632568359375</ele>
        <time>2026-03-21T12:10:13.000Z</time>
        <extensions>
          <ns3:TrackPointExtension>
            <ns3:hr>109</ns3:hr>
            <ns3:cad>91</ns3:cad>
          </ns3:TrackPointExtension>
        </extensions>
      </trkpt>
      <trkpt lat="31.16199946962296962738037109375" lon="121.19791525416076183319091796875">
        <ele>2.599999904632568359375</ele>
        <time>2026-03-21T12:10:14.000Z</time>
        <extensions>
          <ns3:TrackPointExtension>
            <ns3:hr>110</ns3:hr>
            <ns3:cad>91</ns3:cad>
          </ns3:TrackPointExtension>
        </extensions>
      </trkpt>
      <trkpt lat="31.1619973741471767425537109375" lon="121.19794174097478389739990234375">
        <ele>2.599999904632568359375</ele>
        <time>2026-03-21T12:10:15.000Z</time>
        <extensions>
          <ns3:TrackPointExtension>
            <ns3:hr>111</ns3:hr>
            <ns3:cad>92</ns3:cad>
          </ns3:TrackPointExtension>
        </extensions>
      </trkpt>
      <trkpt lat="31.161998212337493896484375" lon="121.1979637853801250457763671875">
        <ele>2.599999904632568359375</ele>
        <time>2026-03-21T12:10:16.000Z</time>
        <extensions>
          <ns3:TrackPointExtension>
            <ns3:hr>112</ns3:hr>
            <ns3:cad>93</ns3:cad>
          </ns3:TrackPointExtension>
        </extensions>
      </trkpt>
      <trkpt lat="31.16199460811913013458251953125" lon="121.19799471460282802581787109375">
        <ele>2.7999999523162841796875</ele>
        <time>2026-03-21T12:10:17.000Z</time>
        <extensions>
          <ns3:TrackPointExtension>
            <ns3:hr>113</ns3:hr>
            <ns3:cad>93</ns3:cad>
          </ns3:TrackPointExtension>
        </extensions>
      </trkpt>
      <trkpt lat="31.161990500986576080322265625" lon="121.198022626340389251708984375">
        <ele>2.7999999523162841796875</ele>
        <time>2026-03-21T12:10:18.000Z</time>
        <extensions>
          <ns3:TrackPointExtension>
            <ns3:hr>114</ns3:hr>
            <ns3:cad>91</ns3:cad>
          </ns3:TrackPointExtension>
        </extensions>
      </trkpt>
      <trkpt lat="31.1619856394827365875244140625" lon="121.19805925525724887847900390625">
        <ele>2.7999999523162841796875</ele>
        <time>2026-03-21T12:10:19.000Z</time>
        <extensions>
          <ns3:TrackPointExtension>
            <ns3:hr>115</ns3:hr>
            <ns3:cad>91</ns3:cad>
          </ns3:TrackPointExtension>
        </extensions>
      </trkpt>
      <trkpt lat="31.16198086179792881011962890625" lon="121.19809211231768131256103515625">
        <ele>2.7999999523162841796875</ele>
        <time>2026-03-21T12:10:20.000Z</time>
        <extensions>
          <ns3:TrackPointExtension>
            <ns3:hr>116</ns3:hr>
            <ns3:cad>90</ns3:cad>
          </ns3:TrackPointExtension>
        </extensions>
      </trkpt>
      <trkpt lat="31.16197214461863040924072265625" lon="121.1981320939958095550537109375">
        <ele>2.7999999523162841796875</ele>
        <time>2026-03-21T12:10:21.000Z</time>
        <extensions>
          <ns3:TrackPointExtension>
            <ns3:hr>116</ns3:hr>
            <ns3:cad>90</ns3:cad>
          </ns3:TrackPointExtension>
        </extensions>
      </trkpt>
      <trkpt lat="31.16196745075285434722900390625" lon="121.19816218502819538116455078125">
        <ele>2.599999904632568359375</ele>
        <time>2026-03-21T12:10:22.000Z</time>
        <extensions>
          <ns3:TrackPointExtension>
            <ns3:hr>117</ns3:hr>
            <ns3:cad>90</ns3:cad>
          </ns3:TrackPointExtension>
        </extensions>
      </trkpt>
      <trkpt lat="31.1619628407061100006103515625" lon="121.19819688610732555389404296875">
        <ele>2.599999904632568359375</ele>
        <time>2026-03-21T12:10:23.000Z</time>
        <extensions>
          <ns3:TrackPointExtension>
            <ns3:hr>118</ns3:hr>
            <ns3:cad>91</ns3:cad>
          </ns3:TrackPointExtension>
        </extensions>
      </trkpt>
      <trkpt lat="31.16195940412580966949462890625" lon="121.19823175482451915740966796875">
        <ele>2.599999904632568359375</ele>
        <time>2026-03-21T12:10:24.000Z</time>
        <extensions>
          <ns3:TrackPointExtension>
            <ns3:hr>119</ns3:hr>
            <ns3:cad>91</ns3:cad>
          </ns3:TrackPointExtension>
        </extensions>
      </trkpt>
      <trkpt lat="31.1619561351835727691650390625" lon="121.19827131740748882293701171875">
        <ele>2.599999904632568359375</ele>
        <time>2026-03-21T12:10:25.000Z</time>
        <extensions>
          <ns3:TrackPointExtension>
            <ns3:hr>119</ns3:hr>
            <ns3:cad>91</ns3:cad>
          </ns3:TrackPointExtension>
        </extensions>
      </trkpt>
      <trkpt lat="31.161954961717128753662109375" lon="121.1983104608952999114990234375">
        <ele>2.599999904632568359375</ele>
        <time>2026-03-21T12:10:26.000Z</time>
        <extensions>
          <ns3:TrackPointExtension>
            <ns3:hr>120</ns3:hr>
            <ns3:cad>89</ns3:cad>
          </ns3:TrackPointExtension>
        </extensions>
      </trkpt>
      <trkpt lat="31.16196267306804656982421875" lon="121.19834507815539836883544921875">
        <ele>2.599999904632568359375</ele>
        <time>2026-03-21T12:10:27.000Z</time>
        <extensions>
          <ns3:TrackPointExtension>
            <ns3:hr>120</ns3:hr>
            <ns3:cad>89</ns3:cad>
          </ns3:TrackPointExtension>
        </extensions>
      </trkpt>
      <trkpt lat="31.16197985596954822540283203125" lon="121.19837558828294277191162109375">
        <ele>2.599999904632568359375</ele>
        <time>2026-03-21T12:10:28.000Z</time>
        <extensions>
          <ns3:TrackPointExtension>
            <ns3:hr>121</ns3:hr>
            <ns3:cad>88</ns3:cad>
          </ns3:TrackPointExtension>
        </extensions>
      </trkpt>
      <trkpt lat="31.1619926802814006805419921875" lon="121.19841347448527812957763671875">
        <ele>2.599999904632568359375</ele>
        <time>2026-03-21T12:10:29.000Z</time>
        <extensions>
          <ns3:TrackPointExtension>
            <ns3:hr>121</ns3:hr>
            <ns3:cad>86</ns3:cad>
          </ns3:TrackPointExtension>
        </extensions>
      </trkpt>
      <trkpt lat="31.1620104499161243438720703125" lon="121.19843292050063610076904296875">
        <ele>2.599999904632568359375</ele>
        <time>2026-03-21T12:10:30.000Z</time>
        <extensions>
          <ns3:TrackPointExtension>
            <ns3:hr>122</ns3:hr>
            <ns3:cad>88</ns3:cad>
          </ns3:TrackPointExtension>
        </extensions>
      </trkpt>
      <trkpt lat="31.1620238609611988067626953125" lon="121.19846259243786334991455078125">
        <ele>2.599999904632568359375</ele>
        <time>2026-03-21T12:10:31.000Z</time>
        <extensions>
          <ns3:TrackPointExtension>
            <ns3:hr>122</ns3:hr>
            <ns3:cad>88</ns3:cad>
          </ns3:TrackPointExtension>
        </extensions>
      </trkpt>
      <trkpt lat="31.16203375160694122314453125" lon="121.198485977947711944580078125">
        <ele>2.599999904632568359375</ele>
        <time>2026-03-21T12:10:32.000Z</time>
        <extensions>
          <ns3:TrackPointExtension>
            <ns3:hr>123</ns3:hr>
            <ns3:cad>89</ns3:cad>
          </ns3:TrackPointExtension>
        </extensions>
      </trkpt>
      <trkpt lat="31.16204624064266681671142578125" lon="121.19851640425622463226318359375">
        <ele>2.599999904632568359375</ele>
        <time>2026-03-21T12:10:33.000Z</time>
        <extensions>
          <ns3:TrackPointExtension>
            <ns3:hr>124</ns3:hr>
            <ns3:cad>89</ns3:cad>
          </ns3:TrackPointExtension>
        </extensions>
      </trkpt>
      <trkpt lat="31.1620585620403289794921875" lon="121.1985434778034687042236328125">
        <ele>2.599999904632568359375</ele>
        <time>2026-03-21T12:10:34.000Z</time>
        <extensions>
          <ns3:TrackPointExtension>
            <ns3:hr>125</ns3:hr>
            <ns3:cad>89</ns3:cad>
          </ns3:TrackPointExtension>
        </extensions>
      </trkpt>
      <trkpt lat="31.16207540966570377349853515625" lon="121.19857222773134708404541015625">
        <ele>2.599999904632568359375</ele>
        <time>2026-03-21T12:10:35.000Z</time>
        <extensions>
          <ns3:TrackPointExtension>
            <ns3:hr>125</ns3:hr>
            <ns3:cad>91</ns3:cad>
          </ns3:TrackPointExtension>
        </extensions>
      </trkpt>
      <trkpt lat="31.16208496503531932830810546875" lon="121.19860139675438404083251953125">
        <ele>2.7999999523162841796875</ele>
        <time>2026-03-21T12:10:36.000Z</time>
        <extensions>
          <ns3:TrackPointExtension>
            <ns3:hr>128</ns3:hr>
            <ns3:cad>91</ns3:cad>
          </ns3:TrackPointExtension>
        </extensions>
      </trkpt>
      <trkpt lat="31.16209535859525203704833984375" lon="121.1986343376338481903076171875">
        <ele>2.7999999523162841796875</ele>
        <time>2026-03-21T12:10:37.000Z</time>
        <extensions>
          <ns3:TrackPointExtension>
            <ns3:hr>128</ns3:hr>
            <ns3:cad>90</ns3:cad>
          </ns3:TrackPointExtension>
        </extensions>
      </trkpt>
      <trkpt lat="31.16210340522229671478271484375" lon="121.19866794906556606292724609375">
        <ele>2.7999999523162841796875</ele>
        <time>2026-03-21T12:10:38.000Z</time>
        <extensions>
          <ns3:TrackPointExtension>
            <ns3:hr>129</ns3:hr>
            <ns3:cad>88</ns3:cad>
          </ns3:TrackPointExtension>
        </extensions>
      </trkpt>
      <trkpt lat="31.162116564810276031494140625" lon="121.1987023986876010894775390625">
        <ele>2.7999999523162841796875</ele>
        <time>2026-03-21T12:10:39.000Z</time>
        <extensions>
          <ns3:TrackPointExtension>
            <ns3:hr>129</ns3:hr>
            <ns3:cad>88</ns3:cad>
          </ns3:TrackPointExtension>
        </extensions>
      </trkpt>
      <trkpt lat="31.162134669721126556396484375" lon="121.19873416610062122344970703125">
        <ele>2.7999999523162841796875</ele>
        <time>2026-03-21T12:10:40.000Z</time>
        <extensions>
          <ns3:TrackPointExtension>
            <ns3:hr>129</ns3:hr>
            <ns3:cad>89</ns3:cad>
          </ns3:TrackPointExtension>
        </extensions>
      </trkpt>
      <trkpt lat="31.162146739661693572998046875" lon="121.19876258075237274169921875">
        <ele>2.7999999523162841796875</ele>
        <time>2026-03-21T12:10:41.000Z</time>
        <extensions>
          <ns3:TrackPointExtension>
            <ns3:hr>129</ns3:hr>
            <ns3:cad>89</ns3:cad>
          </ns3:TrackPointExtension>
        </extensions>
      </trkpt>
      <trkpt lat="31.16216274909675121307373046875" lon="121.19879099540412425994873046875">
        <ele>2.7999999523162841796875</ele>
        <time>2026-03-21T12:10:42.000Z</time>
        <extensions>
          <ns3:TrackPointExtension>
            <ns3:hr>129</ns3:hr>
            <ns3:cad>89</ns3:cad>
          </ns3:TrackPointExtension>
        </extensions>
      </trkpt>
      <trkpt lat="31.16217498667538166046142578125" lon="121.19881480000913143157958984375">
        <ele>2.7999999523162841796875</ele>
        <time>2026-03-21T12:10:43.000Z</time>
        <extensions>
          <ns3:TrackPointExtension>
            <ns3:hr>130</ns3:hr>
            <ns3:cad>88</ns3:cad>
          </ns3:TrackPointExtension>
        </extensions>
      </trkpt>
      <trkpt lat="31.16219200193881988525390625" lon="121.19884329847991466522216796875">
        <ele>2.7999999523162841796875</ele>
        <time>2026-03-21T12:10:44.000Z</time>
        <extensions>
          <ns3:TrackPointExtension>
            <ns3:hr>130</ns3:hr>
            <ns3:cad>88</ns3:cad>
          </ns3:TrackPointExtension>
        </extensions>
      </trkpt>
      <trkpt lat="31.16220549680292606353759765625" lon="121.19886718690395355224609375">
        <ele>2.7999999523162841796875</ele>
        <time>2026-03-21T12:10:45.000Z</time>
        <extensions>
          <ns3:TrackPointExtension>
            <ns3:hr>131</ns3:hr>
            <ns3:cad>89</ns3:cad>
          </ns3:TrackPointExtension>
        </extensions>
      </trkpt>
      <trkpt lat="31.16221957840025424957275390625" lon="121.19890063069760799407958984375">
        <ele>3</ele>
        <time>2026-03-21T12:10:46.000Z</time>
        <extensions>
          <ns3:TrackPointExtension>
            <ns3:hr>131</ns3:hr>
            <ns3:cad>89</ns3:cad>
          </ns3:TrackPointExtension>
        </extensions>
      </trkpt>
      <trkpt lat="31.16223533637821674346923828125" lon="121.1989256925880908966064453125">
        <ele>3</ele>
        <time>2026-03-21T12:10:47.000Z</time>
        <extensions>
          <ns3:TrackPointExtension>
            <ns3:hr>132</ns3:hr>
            <ns3:cad>90</ns3:cad>
          </ns3:TrackPointExtension>
        </extensions>
      </trkpt>
      <trkpt lat="31.16224656812846660614013671875" lon="121.19895712472498416900634765625">
        <ele>3</ele>
        <time>2026-03-21T12:10:48.000Z</time>
        <extensions>
          <ns3:TrackPointExtension>
            <ns3:hr>133</ns3:hr>
            <ns3:cad>90</ns3:cad>
          </ns3:TrackPointExtension>
        </extensions>
      </trkpt>
      <trkpt lat="31.1622541956603527069091796875" lon="121.19898579083383083343505859375">
        <ele>3</ele>
        <time>2026-03-21T12:10:49.000Z</time>
        <extensions>
          <ns3:TrackPointExtension>
            <ns3:hr>133</ns3:hr>
            <ns3:cad>90</ns3:cad>
          </ns3:TrackPointExtension>
        </extensions>
      </trkpt>
      <trkpt lat="31.1622597277164459228515625" lon="121.19901462458074092864990234375">
        <ele>3</ele>
        <time>2026-03-21T12:10:50.000Z</time>
        <extensions>
          <ns3:TrackPointExtension>
            <ns3:hr>134</ns3:hr>
            <ns3:cad>90</ns3:cad>
          </ns3:TrackPointExtension>
        </extensions>
      </trkpt>
      <trkpt lat="31.16227204911410808563232421875" lon="121.1990497447550296783447265625">
        <ele>2.7999999523162841796875</ele>
        <time>2026-03-21T12:10:51.000Z</time>
        <extensions>
          <ns3:TrackPointExtension>
            <ns3:hr>134</ns3:hr>
            <ns3:cad>90</ns3:cad>
          </ns3:TrackPointExtension>
        </extensions>
      </trkpt>
      <trkpt lat="31.162282861769199371337890625" lon="121.1990849487483501434326171875">
        <ele>2.7999999523162841796875</ele>
        <time>2026-03-21T12:10:52.000Z</time>
        <extensions>
          <ns3:TrackPointExtension>
            <ns3:hr>135</ns3:hr>
            <ns3:cad>90</ns3:cad>
          </ns3:TrackPointExtension>
        </extensions>
      </trkpt>
      <trkpt lat="31.162292249500751495361328125" lon="121.19911688379943370819091796875">
        <ele>2.7999999523162841796875</ele>
        <time>2026-03-21T12:10:53.000Z</time>
        <extensions>
          <ns3:TrackPointExtension>
            <ns3:hr>135</ns3:hr>
            <ns3:cad>90</ns3:cad>
          </ns3:TrackPointExtension>
        </extensions>
      </trkpt>
      <trkpt lat="31.1623048223555088043212890625" lon="121.1991503275930881500244140625">
        <ele>2.7999999523162841796875</ele>
        <time>2026-03-21T12:10:54.000Z</time>
        <extensions>
          <ns3:TrackPointExtension>
            <ns3:hr>135</ns3:hr>
            <ns3:cad>90</ns3:cad>
          </ns3:TrackPointExtension>
        </extensions>
      </trkpt>
      <trkpt lat="31.16231161169707775115966796875" lon="121.19917589239776134490966796875">
        <ele>2.7999999523162841796875</ele>
        <time>2026-03-21T12:10:55.000Z</time>
        <extensions>
          <ns3:TrackPointExtension>
            <ns3:hr>136</ns3:hr>
            <ns3:cad>90</ns3:cad>
          </ns3:TrackPointExtension>
        </extensions>
      </trkpt>
      <trkpt lat="31.16232904605567455291748046875" lon="121.1992136947810649871826171875">
        <ele>2.7999999523162841796875</ele>
        <time>2026-03-21T12:10:56.000Z</time>
        <extensions>
          <ns3:TrackPointExtension>
            <ns3:hr>136</ns3:hr>
            <ns3:cad>90</ns3:cad>
          </ns3:TrackPointExtension>
        </extensions>
      </trkpt>
      <trkpt lat="31.1623366735875606536865234375" lon="121.1992381699383258819580078125">
        <ele>2.7999999523162841796875</ele>
        <time>2026-03-21T12:10:57.000Z</time>
        <extensions>
          <ns3:TrackPointExtension>
            <ns3:hr>136</ns3:hr>
            <ns3:cad>89</ns3:cad>
          </ns3:TrackPointExtension>
        </extensions>
      </trkpt>
      <trkpt lat="31.1623386852443218231201171875" lon="121.199276559054851531982421875">
        <ele>2.7999999523162841796875</ele>
        <time>2026-03-21T12:10:58.000Z</time>
        <extensions>
          <ns3:TrackPointExtension>
            <ns3:hr>137</ns3:hr>
            <ns3:cad>87</ns3:cad>
          </ns3:TrackPointExtension>
        </extensions>
      </trkpt>
      <trkpt lat="31.162346899509429931640625" lon="121.199301369488239288330078125">
        <ele>2.7999999523162841796875</ele>
        <time>2026-03-21T12:10:59.000Z</time>
        <extensions>
          <ns3:TrackPointExtension>
            <ns3:hr>137</ns3:hr>
            <ns3:cad>87</ns3:cad>
          </ns3:TrackPointExtension>
        </extensions>
      </trkpt>
      <trkpt lat="31.1623527668416500091552734375" lon="121.1993251740932464599609375">
        <ele>2.7999999523162841796875</ele>
        <time>2026-03-21T12:11:00.000Z</time>
        <extensions>
          <ns3:TrackPointExtension>
            <ns3:hr>137</ns3:hr>
            <ns3:cad>88</ns3:cad>
          </ns3:TrackPointExtension>
        </extensions>
      </trkpt>
      <trkpt lat="31.16235804744064807891845703125" lon="121.199346967041492462158203125">
        <ele>2.7999999523162841796875</ele>
        <time>2026-03-21T12:11:01.000Z</time>
        <extensions>
          <ns3:TrackPointExtension>
            <ns3:hr>137</ns3:hr>
            <ns3:cad>89</ns3:cad>
          </ns3:TrackPointExtension>
        </extensions>
      </trkpt>
      <trkpt lat="31.162361986935138702392578125" lon="121.19937873445451259613037109375">
        <ele>2.7999999523162841796875</ele>
        <time>2026-03-21T12:11:02.000Z</time>
        <extensions>
          <ns3:TrackPointExtension>
            <ns3:hr>137</ns3:hr>
            <ns3:cad>89</ns3:cad>
          </ns3:TrackPointExtension>
        </extensions>
      </trkpt>
      <trkpt lat="31.16236777044832706451416015625" lon="121.19940455071628093719482421875">
        <ele>2.7999999523162841796875</ele>
        <time>2026-03-21T12:11:03.000Z</time>
        <extensions>
          <ns3:TrackPointExtension>
            <ns3:hr>137</ns3:hr>
            <ns3:cad>89</ns3:cad>
          </ns3:TrackPointExtension>
        </extensions>
      </trkpt>
      <trkpt lat="31.16237581707537174224853515625" lon="121.199436485767364501953125">
        <ele>2.7999999523162841796875</ele>
        <time>2026-03-21T12:11:04.000Z</time>
        <extensions>
          <ns3:TrackPointExtension>
            <ns3:hr>138</ns3:hr>
            <ns3:cad>89</ns3:cad>
          </ns3:TrackPointExtension>
        </extensions>
      </trkpt>
      <trkpt lat="31.16238218732178211212158203125" lon="121.1994658224284648895263671875">
        <ele>2.7999999523162841796875</ele>
        <time>2026-03-21T12:11:05.000Z</time>
        <extensions>
          <ns3:TrackPointExtension>
            <ns3:hr>138</ns3:hr>
            <ns3:cad>89</ns3:cad>
          </ns3:TrackPointExtension>
        </extensions>
      </trkpt>
      <trkpt lat="31.16238738410174846649169921875" lon="121.199494488537311553955078125">
        <ele>2.7999999523162841796875</ele>
        <time>2026-03-21T12:11:06.000Z</time>
        <extensions>
          <ns3:TrackPointExtension>
            <ns3:hr>138</ns3:hr>
            <ns3:cad>86</ns3:cad>
          </ns3:TrackPointExtension>
        </extensions>
      </trkpt>
      <trkpt lat="31.162390820682048797607421875" lon="121.19952374137938022613525390625">
        <ele>2.7999999523162841796875</ele>
        <time>2026-03-21T12:11:07.000Z</time>
        <extensions>
          <ns3:TrackPointExtension>
            <ns3:hr>138</ns3:hr>
            <ns3:cad>87</ns3:cad>
          </ns3:TrackPointExtension>
        </extensions>
      </trkpt>
      <trkpt lat="31.16238101385533809661865234375" lon="121.19955693371593952178955078125">
        <ele>2.7999999523162841796875</ele>
        <time>2026-03-21T12:11:08.000Z</time>
        <extensions>
          <ns3:TrackPointExtension>
            <ns3:hr>138</ns3:hr>
            <ns3:cad>88</ns3:cad>
          </ns3:TrackPointExtension>
        </extensions>
      </trkpt>
      <trkpt lat="31.16237112320959568023681640625" lon="121.19958928786218166351318359375">
        <ele>2.7999999523162841796875</ele>
        <time>2026-03-21T12:11:09.000Z</time>
        <extensions>
          <ns3:TrackPointExtension>
            <ns3:hr>137</ns3:hr>
            <ns3:cad>88</ns3:cad>
          </ns3:TrackPointExtension>
        </extensions>
      </trkpt>
      <trkpt lat="31.16235016845166683197021484375" lon="121.19961476884782314300537109375">
        <ele>2.7999999523162841796875</ele>
        <time>2026-03-21T12:11:10.000Z</time>
        <extensions>
          <ns3:TrackPointExtension>
            <ns3:hr>138</ns3:hr>
            <ns3:cad>88</ns3:cad>
          </ns3:TrackPointExtension>
        </extensions>
      </trkpt>
      <trkpt lat="31.16232720203697681427001953125" lon="121.199626587331295013427734375">
        <ele>2.7999999523162841796875</ele>
        <time>2026-03-21T12:11:11.000Z</time>
        <extensions>
          <ns3:TrackPointExtension>
            <ns3:hr>138</ns3:hr>
            <ns3:cad>88</ns3:cad>
          </ns3:TrackPointExtension>
        </extensions>
      </trkpt>
      <trkpt lat="31.16229769773781299591064453125" lon="121.1996334604918956756591796875">
        <ele>3</ele>
        <time>2026-03-21T12:11:12.000Z</time>
        <extensions>
          <ns3:TrackPointExtension>
            <ns3:hr>138</ns3:hr>
            <ns3:cad>88</ns3:cad>
          </ns3:TrackPointExtension>
        </extensions>
      </trkpt>
      <trkpt lat="31.16225897334516048431396484375" lon="121.19963605888187885284423828125">
        <ele>2.7999999523162841796875</ele>
        <time>2026-03-21T12:11:13.000Z</time>
        <extensions>
          <ns3:TrackPointExtension>
            <ns3:hr>139</ns3:hr>
            <ns3:cad>88</ns3:cad>
          </ns3:TrackPointExtension>
        </extensions>
      </trkpt>
      <trkpt lat="31.16223089396953582763671875" lon="121.19964502751827239990234375">
        <ele>2.7999999523162841796875</ele>
        <time>2026-03-21T12:11:14.000Z</time>
        <extensions>
          <ns3:TrackPointExtension>
            <ns3:hr>138</ns3:hr>
            <ns3:cad>87</ns3:cad>
          </ns3:TrackPointExtension>
        </extensions>
      </trkpt>
      <trkpt lat="31.16219745017588138580322265625" lon="121.19964896701276302337646484375">
        <ele>2.7999999523162841796875</ele>
        <time>2026-03-21T12:11:15.000Z</time>
        <extensions>
          <ns3:TrackPointExtension>
            <ns3:hr>138</ns3:hr>
            <ns3:cad>87</ns3:cad>
          </ns3:TrackPointExtension>
        </extensions>
      </trkpt>
      <trkpt lat="31.16217079572379589080810546875" lon="121.1996532417833805084228515625">
        <ele>2.7999999523162841796875</ele>
        <time>2026-03-21T12:11:16.000Z</time>
        <extensions>
          <ns3:TrackPointExtension>
            <ns3:hr>138</ns3:hr>
            <ns3:cad>88</ns3:cad>
          </ns3:TrackPointExtension>
        </extensions>
      </trkpt>
      <trkpt lat="31.16214095614850521087646484375" lon="121.1996562592685222625732421875">
        <ele>2.7999999523162841796875</ele>
        <time>2026-03-21T12:11:17.000Z</time>
        <extensions>
          <ns3:TrackPointExtension>
            <ns3:hr>138</ns3:hr>
            <ns3:cad>88</ns3:cad>
          </ns3:TrackPointExtension>
        </extensions>
      </trkpt>
      <trkpt lat="31.162119247019290924072265625" lon="121.19966288097202777862548828125">
        <ele>2.7999999523162841796875</ele>
        <time>2026-03-21T12:11:18.000Z</time>
        <extensions>
          <ns3:TrackPointExtension>
            <ns3:hr>138</ns3:hr>
            <ns3:cad>89</ns3:cad>
          </ns3:TrackPointExtension>
        </extensions>
      </trkpt>
      <trkpt lat="31.16208949126303195953369140625" lon="121.1996696703135967254638671875">
        <ele>3</ele>
        <time>2026-03-21T12:11:19.000Z</time>
        <extensions>
          <ns3:TrackPointExtension>
            <ns3:hr>138</ns3:hr>
            <ns3:cad>89</ns3:cad>
          </ns3:TrackPointExtension>
        </extensions>
      </trkpt>
      <trkpt lat="31.16206501610577106475830078125" lon="121.19967897422611713409423828125">
        <ele>3</ele>
        <time>2026-03-21T12:11:20.000Z</time>
        <extensions>
          <ns3:TrackPointExtension>
            <ns3:hr>139</ns3:hr>
            <ns3:cad>89</ns3:cad>
          </ns3:TrackPointExtension>
        </extensions>
      </trkpt>
      <trkpt lat="31.162032075226306915283203125" lon="121.19968635030090808868408203125">
        <ele>3</ele>
        <time>2026-03-21T12:11:21.000Z</time>
        <extensions>
          <ns3:TrackPointExtension>
            <ns3:hr>139</ns3:hr>
            <ns3:cad>89</ns3:cad>
          </ns3:TrackPointExtension>
        </extensions>
      </trkpt>
      <trkpt lat="31.1620049178600311279296875" lon="121.1996988393366336822509765625">
        <ele>3</ele>
        <time>2026-03-21T12:11:22.000Z</time>
        <extensions>
          <ns3:TrackPointExtension>
            <ns3:hr>141</ns3:hr>
            <ns3:cad>89</ns3:cad>
          </ns3:TrackPointExtension>
        </extensions>
      </trkpt>
      <trkpt lat="31.16197817958891391754150390625" lon="121.19970764033496379852294921875">
        <ele>3</ele>
        <time>2026-03-21T12:11:23.000Z</time>
        <extensions>
          <ns3:TrackPointExtension>
            <ns3:hr>142</ns3:hr>
            <ns3:cad>90</ns3:cad>
          </ns3:TrackPointExtension>
        </extensions>
      </trkpt>
      <trkpt lat="31.16195688955485820770263671875" lon="121.1997166089713573455810546875">
        <ele>3</ele>
        <time>2026-03-21T12:11:24.000Z</time>
        <extensions>
          <ns3:TrackPointExtension>
            <ns3:hr>142</ns3:hr>
            <ns3:cad>89</ns3:cad>
          </ns3:TrackPointExtension>
        </extensions>
      </trkpt>
      <trkpt lat="31.16193057037889957427978515625" lon="121.19972138665616512298583984375">
        <ele>3</ele>
        <time>2026-03-21T12:11:25.000Z</time>
        <extensions>
          <ns3:TrackPointExtension>
            <ns3:hr>142</ns3:hr>
            <ns3:cad>89</ns3:cad>
          </ns3:TrackPointExtension>
        </extensions>
      </trkpt>
      <trkpt lat="31.16190559230744838714599609375" lon="121.19972809217870235443115234375">
        <ele>3</ele>
        <time>2026-03-21T12:11:26.000Z</time>
        <extensions>
          <ns3:TrackPointExtension>
            <ns3:hr>142</ns3:hr>
            <ns3:cad>89</ns3:cad>
          </ns3:TrackPointExtension>
        </extensions>
      </trkpt>
      <trkpt lat="31.16187290288507938385009765625" lon="121.1997276730835437774658203125">
        <ele>3.2000000476837158203125</ele>
        <time>2026-03-21T12:11:27.000Z</time>
        <extensions>
          <ns3:TrackPointExtension>
            <ns3:hr>142</ns3:hr>
            <ns3:cad>88</ns3:cad>
          </ns3:TrackPointExtension>
        </extensions>
      </trkpt>
      <trkpt lat="31.16184306330978870391845703125" lon="121.19973161257803440093994140625">
        <ele>3.2000000476837158203125</ele>
        <time>2026-03-21T12:11:28.000Z</time>
        <extensions>
          <ns3:TrackPointExtension>
            <ns3:hr>142</ns3:hr>
            <ns3:cad>88</ns3:cad>
          </ns3:TrackPointExtension>
        </extensions>
      </trkpt>
      <trkpt lat="31.161811463534832000732421875" lon="121.19973580352962017059326171875">
        <ele>3.2000000476837158203125</ele>
        <time>2026-03-21T12:11:29.000Z</time>
        <extensions>
          <ns3:TrackPointExtension>
            <ns3:hr>143</ns3:hr>
            <ns3:cad>89</ns3:cad>
          </ns3:TrackPointExtension>
        </extensions>
      </trkpt>
      <trkpt lat="31.16178355179727077484130859375" lon="121.19974292814731597900390625">
        <ele>3.2000000476837158203125</ele>
        <time>2026-03-21T12:11:30.000Z</time>
        <extensions>
          <ns3:TrackPointExtension>
            <ns3:hr>143</ns3:hr>
            <ns3:cad>89</ns3:cad>
          </ns3:TrackPointExtension>
        </extensions>
      </trkpt>
      <trkpt lat="31.1617593280971050262451171875" lon="121.19975105859339237213134765625">
        <ele>3.2000000476837158203125</ele>
        <time>2026-03-21T12:11:31.000Z</time>
        <extensions>
          <ns3:TrackPointExtension>
            <ns3:hr>143</ns3:hr>
            <ns3:cad>89</ns3:cad>
          </ns3:TrackPointExtension>
        </extensions>
      </trkpt>
      <trkpt lat="31.16172873415052890777587890625" lon="121.19975508190691471099853515625">
        <ele>3.2000000476837158203125</ele>
        <time>2026-03-21T12:11:32.000Z</time>
        <extensions>
          <ns3:TrackPointExtension>
            <ns3:hr>143</ns3:hr>
            <ns3:cad>89</ns3:cad>
          </ns3:TrackPointExtension>
        </extensions>
      </trkpt>
      <trkpt lat="31.161704845726490020751953125" lon="121.19976899586617946624755859375">
        <ele>3.2000000476837158203125</ele>
        <time>2026-03-21T12:11:33.000Z</time>
        <extensions>
          <ns3:TrackPointExtension>
            <ns3:hr>143</ns3:hr>
            <ns3:cad>89</ns3:cad>
          </ns3:TrackPointExtension>
        </extensions>
      </trkpt>
      <trkpt lat="31.1616734974086284637451171875" lon="121.19977670721709728240966796875">
        <ele>3.2000000476837158203125</ele>
        <time>2026-03-21T12:11:34.000Z</time>
        <extensions>
          <ns3:TrackPointExtension>
            <ns3:hr>143</ns3:hr>
            <ns3:cad>88</ns3:cad>
          </ns3:TrackPointExtension>
        </extensions>
      </trkpt>
      <trkpt lat="31.1616500280797481536865234375" lon="121.19978508912026882171630859375">
        <ele>3.2000000476837158203125</ele>
        <time>2026-03-21T12:11:35.000Z</time>
        <extensions>
          <ns3:TrackPointExtension>
            <ns3:hr>143</ns3:hr>
            <ns3:cad>87</ns3:cad>
          </ns3:TrackPointExtension>
        </extensions>
      </trkpt>
      <trkpt lat="31.1616186797618865966796875" lon="121.1997910402715206146240234375">
        <ele>3</ele>
        <time>2026-03-21T12:11:36.000Z</time>
        <extensions>
          <ns3:TrackPointExtension>
            <ns3:hr>144</ns3:hr>
            <ns3:cad>88</ns3:cad>
          </ns3:TrackPointExtension>
        </extensions>
      </trkpt>
      <trkpt lat="31.16159412078559398651123046875" lon="121.19980101473629474639892578125">
        <ele>3</ele>
        <time>2026-03-21T12:11:37.000Z</time>
        <extensions>
          <ns3:TrackPointExtension>
            <ns3:hr>144</ns3:hr>
            <ns3:cad>88</ns3:cad>
          </ns3:TrackPointExtension>
        </extensions>
      </trkpt>
      <trkpt lat="31.16156159900128841400146484375" lon="121.1998106539249420166015625">
        <ele>3</ele>
        <time>2026-03-21T12:11:38.000Z</time>
        <extensions>
          <ns3:TrackPointExtension>
            <ns3:hr>144</ns3:hr>
            <ns3:cad>88</ns3:cad>
          </ns3:TrackPointExtension>
        </extensions>
      </trkpt>
      <trkpt lat="31.16153486073017120361328125" lon="121.19982163421809673309326171875">
        <ele>3.2000000476837158203125</ele>
        <time>2026-03-21T12:11:39.000Z</time>
        <extensions>
          <ns3:TrackPointExtension>
            <ns3:hr>144</ns3:hr>
            <ns3:cad>88</ns3:cad>
          </ns3:TrackPointExtension>
        </extensions>
      </trkpt>
      <trkpt lat="31.161507032811641693115234375" lon="121.19983186013996601104736328125">
        <ele>3.2000000476837158203125</ele>
        <time>2026-03-21T12:11:40.000Z</time>
        <extensions>
          <ns3:TrackPointExtension>
            <ns3:hr>144</ns3:hr>
            <ns3:cad>87</ns3:cad>
          </ns3:TrackPointExtension>
        </extensions>
      </trkpt>
      <trkpt lat="31.161477863788604736328125" lon="121.1998393200337886810302734375">
        <ele>3.400000095367431640625</ele>
        <time>2026-03-21T12:11:41.000Z</time>
        <extensions>
          <ns3:TrackPointExtension>
            <ns3:hr>144</ns3:hr>
            <ns3:cad>87</ns3:cad>
          </ns3:TrackPointExtension>
        </extensions>
      </trkpt>
      <trkpt lat="31.16145045496523380279541015625" lon="121.1998369731009006500244140625">
        <ele>3.400000095367431640625</ele>
        <time>2026-03-21T12:11:42.000Z</time>
        <extensions>
          <ns3:TrackPointExtension>
            <ns3:hr>144</ns3:hr>
            <ns3:cad>87</ns3:cad>
          </ns3:TrackPointExtension>
        </extensions>
      </trkpt>
      <trkpt lat="31.16142514161765575408935546875" lon="121.19981928728520870208740234375">
        <ele>3.400000095367431640625</ele>
        <time>2026-03-21T12:11:43.000Z</time>
        <extensions>
          <ns3:TrackPointExtension>
            <ns3:hr>144</ns3:hr>
            <ns3:cad>88</ns3:cad>
          </ns3:TrackPointExtension>
        </extensions>
      </trkpt>
      <trkpt lat="31.16140821017324924468994140625" lon="121.19979263283312320709228515625">
        <ele>3.400000095367431640625</ele>
        <time>2026-03-21T12:11:44.000Z</time>
        <extensions>
          <ns3:TrackPointExtension>
            <ns3:hr>144</ns3:hr>
            <ns3:cad>88</ns3:cad>
          </ns3:TrackPointExtension>
        </extensions>
      </trkpt>
      <trkpt lat="31.1613995768129825592041015625" lon="121.19976296089589595794677734375">
        <ele>3.400000095367431640625</ele>
        <time>2026-03-21T12:11:45.000Z</time>
        <extensions>
          <ns3:TrackPointExtension>
            <ns3:hr>144</ns3:hr>
            <ns3:cad>88</ns3:cad>
          </ns3:TrackPointExtension>
        </extensions>
      </trkpt>
      <trkpt lat="31.16138943471014499664306640625" lon="121.19973161257803440093994140625">
        <ele>3.400000095367431640625</ele>
        <time>2026-03-21T12:11:46.000Z</time>
        <extensions>
          <ns3:TrackPointExtension>
            <ns3:hr>144</ns3:hr>
            <ns3:cad>88</ns3:cad>
          </ns3:TrackPointExtension>
        </extensions>
      </trkpt>
      <trkpt lat="31.16138021461665630340576171875" lon="121.19969909079372882843017578125">
        <ele>3.400000095367431640625</ele>
        <time>2026-03-21T12:11:47.000Z</time>
        <extensions>
          <ns3:TrackPointExtension>
            <ns3:hr>144</ns3:hr>
            <ns3:cad>88</ns3:cad>
          </ns3:TrackPointExtension>
        </extensions>
      </trkpt>
      <trkpt lat="31.1613697372376918792724609375" lon="121.199675537645816802978515625">
        <ele>3.400000095367431640625</ele>
        <time>2026-03-21T12:11:48.000Z</time>
        <extensions>
          <ns3:TrackPointExtension>
            <ns3:hr>144</ns3:hr>
            <ns3:cad>88</ns3:cad>
          </ns3:TrackPointExtension>
        </extensions>
      </trkpt>
      <trkpt lat="31.16136278025805950164794921875" lon="121.19964209385216236114501953125">
        <ele>3.400000095367431640625</ele>
        <time>2026-03-21T12:11:49.000Z</time>
        <extensions>
          <ns3:TrackPointExtension>
            <ns3:hr>144</ns3:hr>
            <ns3:cad>87</ns3:cad>
          </ns3:TrackPointExtension>
        </extensions>
      </trkpt>
      <trkpt lat="31.161357499659061431884765625" lon="121.19961418211460113525390625">
        <ele>3.400000095367431640625</ele>
        <time>2026-03-21T12:11:50.000Z</time>
        <extensions>
          <ns3:TrackPointExtension>
            <ns3:hr>144</ns3:hr>
            <ns3:cad>87</ns3:cad>
          </ns3:TrackPointExtension>
        </extensions>
      </trkpt>
      <trkpt lat="31.16135657764971256256103515625" lon="121.199578307569026947021484375">
        <ele>3.400000095367431640625</ele>
        <time>2026-03-21T12:11:51.000Z</time>
        <extensions>
          <ns3:TrackPointExtension>
            <ns3:hr>144</ns3:hr>
            <ns3:cad>88</ns3:cad>
          </ns3:TrackPointExtension>
        </extensions>
      </trkpt>
      <trkpt lat="31.16135272197425365447998046875" lon="121.1995496414601802825927734375">
        <ele>3.400000095367431640625</ele>
        <time>2026-03-21T12:11:52.000Z</time>
        <extensions>
          <ns3:TrackPointExtension>
            <ns3:hr>145</ns3:hr>
            <ns3:cad>89</ns3:cad>
          </ns3:TrackPointExtension>
        </extensions>
      </trkpt>
      <trkpt lat="31.16134886629879474639892578125" lon="121.19951133616268634796142578125">
        <ele>3.400000095367431640625</ele>
        <time>2026-03-21T12:11:53.000Z</time>
        <extensions>
          <ns3:TrackPointExtension>
            <ns3:hr>144</ns3:hr>
            <ns3:cad>89</ns3:cad>
          </ns3:TrackPointExtension>
        </extensions>
      </trkpt>
      <trkpt lat="31.161344759166240692138671875" lon="121.19947982020676136016845703125">
        <ele>3.400000095367431640625</ele>
        <time>2026-03-21T12:11:54.000Z</time>
        <extensions>
          <ns3:TrackPointExtension>
            <ns3:hr>144</ns3:hr>
            <ns3:cad>89</ns3:cad>
          </ns3:TrackPointExtension>
        </extensions>
      </trkpt>
      <trkpt lat="31.16133763454854488372802734375" lon="121.199443526566028594970703125">
        <ele>3.400000095367431640625</ele>
        <time>2026-03-21T12:11:55.000Z</time>
        <extensions>
          <ns3:TrackPointExtension>
            <ns3:hr>144</ns3:hr>
            <ns3:cad>89</ns3:cad>
          </ns3:TrackPointExtension>
        </extensions>
      </trkpt>
      <trkpt lat="31.16133260540664196014404296875" lon="121.19941075332462787628173828125">
        <ele>3.400000095367431640625</ele>
        <time>2026-03-21T12:11:56.000Z</time>
        <extensions>
          <ns3:TrackPointExtension>
            <ns3:hr>144</ns3:hr>
            <ns3:cad>89</ns3:cad>
          </ns3:TrackPointExtension>
        </extensions>
      </trkpt>
      <trkpt lat="31.16132975555956363677978515625" lon="121.199375800788402557373046875">
        <ele>3.400000095367431640625</ele>
        <time>2026-03-21T12:11:57.000Z</time>
        <extensions>
          <ns3:TrackPointExtension>
            <ns3:hr>145</ns3:hr>
            <ns3:cad>87</ns3:cad>
          </ns3:TrackPointExtension>
        </extensions>
      </trkpt>
      <trkpt lat="31.16132489405572414398193359375" lon="121.19934537447988986968994140625">
        <ele>3.400000095367431640625</ele>
        <time>2026-03-21T12:11:58.000Z</time>
        <extensions>
          <ns3:TrackPointExtension>
            <ns3:hr>144</ns3:hr>
            <ns3:cad>87</ns3:cad>
          </ns3:TrackPointExtension>
        </extensions>
      </trkpt>
      <trkpt lat="31.1613207869231700897216796875" lon="121.19931419380009174346923828125">
        <ele>3.400000095367431640625</ele>
        <time>2026-03-21T12:11:59.000Z</time>
        <extensions>
          <ns3:TrackPointExtension>
            <ns3:hr>144</ns3:hr>
            <ns3:cad>88</ns3:cad>
          </ns3:TrackPointExtension>
        </extensions>
      </trkpt>
      <trkpt lat="31.16131684742867946624755859375" lon="121.19928234256803989410400390625">
        <ele>3.400000095367431640625</ele>
        <time>2026-03-21T12:12:00.000Z</time>
        <extensions>
          <ns3:TrackPointExtension>
            <ns3:hr>145</ns3:hr>
            <ns3:cad>88</ns3:cad>
          </ns3:TrackPointExtension>
        </extensions>
      </trkpt>
      <trkpt lat="31.161312572658061981201171875" lon="121.1992522515356540679931640625">
        <ele>3.599999904632568359375</ele>
        <time>2026-03-21T12:12:01.000Z</time>
        <extensions>
          <ns3:TrackPointExtension>
            <ns3:hr>144</ns3:hr>
            <ns3:cad>88</ns3:cad>
          </ns3:TrackPointExtension>
        </extensions>
      </trkpt>
      <trkpt lat="31.16130963899195194244384765625" lon="121.19922148995101451873779296875">
        <ele>3.599999904632568359375</ele>
        <time>2026-03-21T12:12:02.000Z</time>
        <extensions>
          <ns3:TrackPointExtension>
            <ns3:hr>144</ns3:hr>
            <ns3:cad>88</ns3:cad>
          </ns3:TrackPointExtension>
        </extensions>
      </trkpt>
      <trkpt lat="31.1613030172884464263916015625" lon="121.19919198565185070037841796875">
        <ele>3.599999904632568359375</ele>
        <time>2026-03-21T12:12:03.000Z</time>
        <extensions>
          <ns3:TrackPointExtension>
            <ns3:hr>145</ns3:hr>
            <ns3:cad>88</ns3:cad>
          </ns3:TrackPointExtension>
        </extensions>
      </trkpt>
      <trkpt lat="31.16129924543201923370361328125" lon="121.199161224067211151123046875">
        <ele>3.400000095367431640625</ele>
        <time>2026-03-21T12:12:04.000Z</time>
        <extensions>
          <ns3:TrackPointExtension>
            <ns3:hr>144</ns3:hr>
            <ns3:cad>88</ns3:cad>
          </ns3:TrackPointExtension>
        </extensions>
      </trkpt>
      <trkpt lat="31.16129304282367229461669921875" lon="121.1991332285106182098388671875">
        <ele>3.400000095367431640625</ele>
        <time>2026-03-21T12:12:05.000Z</time>
        <extensions>
          <ns3:TrackPointExtension>
            <ns3:hr>144</ns3:hr>
            <ns3:cad>89</ns3:cad>
          </ns3:TrackPointExtension>
        </extensions>
      </trkpt>
      <trkpt lat="31.1612899415194988250732421875" lon="121.19910011999309062957763671875">
        <ele>3.400000095367431640625</ele>
        <time>2026-03-21T12:12:06.000Z</time>
        <extensions>
          <ns3:TrackPointExtension>
            <ns3:hr>145</ns3:hr>
            <ns3:cad>90</ns3:cad>
          </ns3:TrackPointExtension>
        </extensions>
      </trkpt>
      <trkpt lat="31.16128516383469104766845703125" lon="121.19907346554100513458251953125">
        <ele>3.400000095367431640625</ele>
        <time>2026-03-21T12:12:07.000Z</time>
        <extensions>
          <ns3:TrackPointExtension>
            <ns3:hr>145</ns3:hr>
            <ns3:cad>90</ns3:cad>
          </ns3:TrackPointExtension>
        </extensions>
      </trkpt>
      <trkpt lat="31.16128080524504184722900390625" lon="121.19903943501412868499755859375">
        <ele>3.400000095367431640625</ele>
        <time>2026-03-21T12:12:08.000Z</time>
        <extensions>
          <ns3:TrackPointExtension>
            <ns3:hr>145</ns3:hr>
            <ns3:cad>90</ns3:cad>
          </ns3:TrackPointExtension>
        </extensions>
      </trkpt>
      <trkpt lat="31.161273010075092315673828125" lon="121.1990148760378360748291015625">
        <ele>3.400000095367431640625</ele>
        <time>2026-03-21T12:12:09.000Z</time>
        <extensions>
          <ns3:TrackPointExtension>
            <ns3:hr>145</ns3:hr>
            <ns3:cad>90</ns3:cad>
          </ns3:TrackPointExtension>
        </extensions>
      </trkpt>
      <trkpt lat="31.1612688191235065460205078125" lon="121.19898109696805477142333984375">
        <ele>3.599999904632568359375</ele>
        <time>2026-03-21T12:12:10.000Z</time>
        <extensions>
          <ns3:TrackPointExtension>
            <ns3:hr>144</ns3:hr>
            <ns3:cad>89</ns3:cad>
          </ns3:TrackPointExtension>
        </extensions>
      </trkpt>
      <trkpt lat="31.16125934757292270660400390625" lon="121.1989585496485233306884765625">
        <ele>3.599999904632568359375</ele>
        <time>2026-03-21T12:12:11.000Z</time>
        <extensions>
          <ns3:TrackPointExtension>
            <ns3:hr>145</ns3:hr>
            <ns3:cad>88</ns3:cad>
          </ns3:TrackPointExtension>
        </extensions>
      </trkpt>
      <trkpt lat="31.16125163622200489044189453125" lon="121.19892410002648830413818359375">
        <ele>3.599999904632568359375</ele>
        <time>2026-03-21T12:12:12.000Z</time>
        <extensions>
          <ns3:TrackPointExtension>
            <ns3:hr>145</ns3:hr>
            <ns3:cad>87</ns3:cad>
          </ns3:TrackPointExtension>
        </extensions>
      </trkpt>
      <trkpt lat="31.16123872809112071990966796875" lon="121.1988987028598785400390625">
        <ele>3.599999904632568359375</ele>
        <time>2026-03-21T12:12:13.000Z</time>
        <extensions>
          <ns3:TrackPointExtension>
            <ns3:hr>145</ns3:hr>
            <ns3:cad>88</ns3:cad>
          </ns3:TrackPointExtension>
        </extensions>
      </trkpt>
      <trkpt lat="31.16123621352016925811767578125" lon="121.1988606490194797515869140625">
        <ele>3.599999904632568359375</ele>
        <time>2026-03-21T12:12:14.000Z</time>
        <extensions>
          <ns3:TrackPointExtension>
            <ns3:hr>145</ns3:hr>
            <ns3:cad>89</ns3:cad>
          </ns3:TrackPointExtension>
        </extensions>
      </trkpt>
      <trkpt lat="31.16123177111148834228515625" lon="121.19882837869226932525634765625">
        <ele>3.599999904632568359375</ele>
        <time>2026-03-21T12:12:15.000Z</time>
        <extensions>
          <ns3:TrackPointExtension>
            <ns3:hr>144</ns3:hr>
            <ns3:cad>89</ns3:cad>
          </ns3:TrackPointExtension>
        </extensions>
      </trkpt>
      <trkpt lat="31.16122716106474399566650390625" lon="121.198794431984424591064453125">
        <ele>3.599999904632568359375</ele>
        <time>2026-03-21T12:12:16.000Z</time>
        <extensions>
          <ns3:TrackPointExtension>
            <ns3:hr>145</ns3:hr>
            <ns3:cad>89</ns3:cad>
          </ns3:TrackPointExtension>
        </extensions>
      </trkpt>
      <trkpt lat="31.16122506558895111083984375" lon="121.1987565457820892333984375">
        <ele>3.400000095367431640625</ele>
        <time>2026-03-21T12:12:17.000Z</time>
        <extensions>
          <ns3:TrackPointExtension>
            <ns3:hr>145</ns3:hr>
            <ns3:cad>89</ns3:cad>
          </ns3:TrackPointExtension>
        </extensions>
      </trkpt>
      <trkpt lat="31.16122196428477764129638671875" lon="121.1987189948558807373046875">
        <ele>3.400000095367431640625</ele>
        <time>2026-03-21T12:12:18.000Z</time>
        <extensions>
          <ns3:TrackPointExtension>
            <ns3:hr>145</ns3:hr>
            <ns3:cad>87</ns3:cad>
          </ns3:TrackPointExtension>
        </extensions>
      </trkpt>
      <trkpt lat="31.16121836006641387939453125" lon="121.19868974201381206512451171875">
        <ele>3.400000095367431640625</ele>
        <time>2026-03-21T12:12:19.000Z</time>
        <extensions>
          <ns3:TrackPointExtension>
            <ns3:hr>144</ns3:hr>
            <ns3:cad>87</ns3:cad>
          </ns3:TrackPointExtension>
        </extensions>
      </trkpt>
      <trkpt lat="31.16121576167643070220947265625" lon="121.1986573040485382080078125">
        <ele>3.400000095367431640625</ele>
        <time>2026-03-21T12:12:20.000Z</time>
        <extensions>
          <ns3:TrackPointExtension>
            <ns3:hr>144</ns3:hr>
            <ns3:cad>88</ns3:cad>
          </ns3:TrackPointExtension>
        </extensions>
      </trkpt>
      <trkpt lat="31.16121307946741580963134765625" lon="121.19863006286323070526123046875">
        <ele>3.400000095367431640625</ele>
        <time>2026-03-21T12:12:21.000Z</time>
        <extensions>
          <ns3:TrackPointExtension>
            <ns3:hr>144</ns3:hr>
            <ns3:cad>88</ns3:cad>
          </ns3:TrackPointExtension>
        </extensions>
      </trkpt>
      <trkpt lat="31.16121165454387664794921875" lon="121.19859485886991024017333984375">
        <ele>3.599999904632568359375</ele>
        <time>2026-03-21T12:12:22.000Z</time>
        <extensions>
          <ns3:TrackPointExtension>
            <ns3:hr>144</ns3:hr>
            <ns3:cad>88</ns3:cad>
          </ns3:TrackPointExtension>
        </extensions>
      </trkpt>
      <trkpt lat="31.16120654158294200897216796875" lon="121.19856585748493671417236328125">
        <ele>3.400000095367431640625</ele>
        <time>2026-03-21T12:12:23.000Z</time>
        <extensions>
          <ns3:TrackPointExtension>
            <ns3:hr>144</ns3:hr>
            <ns3:cad>88</ns3:cad>
          </ns3:TrackPointExtension>
        </extensions>
      </trkpt>
      <trkpt lat="31.16119916550815105438232421875" lon="121.19853467680513858795166015625">
        <ele>3.400000095367431640625</ele>
        <time>2026-03-21T12:12:24.000Z</time>
        <extensions>
          <ns3:TrackPointExtension>
            <ns3:hr>144</ns3:hr>
            <ns3:cad>88</ns3:cad>
          </ns3:TrackPointExtension>
        </extensions>
      </trkpt>
      <trkpt lat="31.161197237670421600341796875" lon="121.1985045857727527618408203125">
        <ele>3.400000095367431640625</ele>
        <time>2026-03-21T12:12:25.000Z</time>
        <extensions>
          <ns3:TrackPointExtension>
            <ns3:hr>143</ns3:hr>
            <ns3:cad>88</ns3:cad>
          </ns3:TrackPointExtension>
        </extensions>
      </trkpt>
      <trkpt lat="31.16119162179529666900634765625" lon="121.198472566902637481689453125">
        <ele>3.400000095367431640625</ele>
        <time>2026-03-21T12:12:26.000Z</time>
        <extensions>
          <ns3:TrackPointExtension>
            <ns3:hr>143</ns3:hr>
            <ns3:cad>88</ns3:cad>
          </ns3:TrackPointExtension>
        </extensions>
      </trkpt>
      <trkpt lat="31.16118793375790119171142578125" lon="121.19843929074704647064208984375">
        <ele>3.400000095367431640625</ele>
        <time>2026-03-21T12:12:27.000Z</time>
        <extensions>
          <ns3:TrackPointExtension>
            <ns3:hr>143</ns3:hr>
            <ns3:cad>89</ns3:cad>
          </ns3:TrackPointExtension>
        </extensions>
      </trkpt>
      <trkpt lat="31.16118156351149082183837890625" lon="121.19840919971466064453125">
        <ele>3.599999904632568359375</ele>
        <time>2026-03-21T12:12:28.000Z</time>
        <extensions>
          <ns3:TrackPointExtension>
            <ns3:hr>143</ns3:hr>
            <ns3:cad>89</ns3:cad>
          </ns3:TrackPointExtension>
        </extensions>
      </trkpt>
      <trkpt lat="31.16117812693119049072265625" lon="121.19837500154972076416015625">
        <ele>3.599999904632568359375</ele>
        <time>2026-03-21T12:12:29.000Z</time>
        <extensions>
          <ns3:TrackPointExtension>
            <ns3:hr>143</ns3:hr>
            <ns3:cad>89</ns3:cad>
          </ns3:TrackPointExtension>
        </extensions>
      </trkpt>
      <trkpt lat="31.161171086132526397705078125" lon="121.1983473412692546844482421875">
        <ele>3.599999904632568359375</ele>
        <time>2026-03-21T12:12:30.000Z</time>
        <extensions>
          <ns3:TrackPointExtension>
            <ns3:hr>143</ns3:hr>
            <ns3:cad>89</ns3:cad>
          </ns3:TrackPointExtension>
        </extensions>
      </trkpt>
      <trkpt lat="31.1611705832183361053466796875" lon="121.1983166635036468505859375">
        <ele>3.599999904632568359375</ele>
        <time>2026-03-21T12:12:31.000Z</time>
        <extensions>
          <ns3:TrackPointExtension>
            <ns3:hr>143</ns3:hr>
            <ns3:cad>89</ns3:cad>
          </ns3:TrackPointExtension>
        </extensions>
      </trkpt>
      <trkpt lat="31.16116379387676715850830078125" lon="121.198288165032863616943359375">
        <ele>3.599999904632568359375</ele>
        <time>2026-03-21T12:12:32.000Z</time>
        <extensions>
          <ns3:TrackPointExtension>
            <ns3:hr>143</ns3:hr>
            <ns3:cad>89</ns3:cad>
          </ns3:TrackPointExtension>
        </extensions>
      </trkpt>
      <trkpt lat="31.16116027347743511199951171875" lon="121.19825220666825771331787109375">
        <ele>3.599999904632568359375</ele>
        <time>2026-03-21T12:12:33.000Z</time>
        <extensions>
          <ns3:TrackPointExtension>
            <ns3:hr>143</ns3:hr>
            <ns3:cad>88</ns3:cad>
          </ns3:TrackPointExtension>
        </extensions>
      </trkpt>
      <trkpt lat="31.16115172393620014190673828125" lon="121.19822253473103046417236328125">
        <ele>3.599999904632568359375</ele>
        <time>2026-03-21T12:12:34.000Z</time>
        <extensions>
          <ns3:TrackPointExtension>
            <ns3:hr>143</ns3:hr>
            <ns3:cad>88</ns3:cad>
          </ns3:TrackPointExtension>
        </extensions>
      </trkpt>
      <trkpt lat="31.16115071810781955718994140625" lon="121.19818230159580707550048828125">
        <ele>3.599999904632568359375</ele>
        <time>2026-03-21T12:12:35.000Z</time>
        <extensions>
          <ns3:TrackPointExtension>
            <ns3:hr>143</ns3:hr>
            <ns3:cad>89</ns3:cad>
          </ns3:TrackPointExtension>
        </extensions>
      </trkpt>
      <trkpt lat="31.16113965399563312530517578125" lon="121.19815615005791187286376953125">
        <ele>3.599999904632568359375</ele>
        <time>2026-03-21T12:12:36.000Z</time>
        <extensions>
          <ns3:TrackPointExtension>
            <ns3:hr>142</ns3:hr>
            <ns3:cad>89</ns3:cad>
          </ns3:TrackPointExtension>
        </extensions>
      </trkpt>
      <trkpt lat="31.16113378666341304779052734375" lon="121.19811952114105224609375">
        <ele>3.599999904632568359375</ele>
        <time>2026-03-21T12:12:37.000Z</time>
        <extensions>
          <ns3:TrackPointExtension>
            <ns3:hr>143</ns3:hr>
            <ns3:cad>90</ns3:cad>
          </ns3:TrackPointExtension>
        </extensions>
      </trkpt>
      <trkpt lat="31.16112808696925640106201171875" lon="121.1980940401554107666015625">
        <ele>3.599999904632568359375</ele>
        <time>2026-03-21T12:12:38.000Z</time>
        <extensions>
          <ns3:TrackPointExtension>
            <ns3:hr>143</ns3:hr>
            <ns3:cad>90</ns3:cad>
          </ns3:TrackPointExtension>
        </extensions>
      </trkpt>
      <trkpt lat="31.16112758405506610870361328125" lon="121.1980576626956462860107421875">
        <ele>3.599999904632568359375</ele>
        <time>2026-03-21T12:12:39.000Z</time>
        <extensions>
          <ns3:TrackPointExtension>
            <ns3:hr>143</ns3:hr>
            <ns3:cad>90</ns3:cad>
          </ns3:TrackPointExtension>
        </extensions>
      </trkpt>
      <trkpt lat="31.1611209623515605926513671875" lon="121.19803033769130706787109375">
        <ele>3.599999904632568359375</ele>
        <time>2026-03-21T12:12:40.000Z</time>
        <extensions>
          <ns3:TrackPointExtension>
            <ns3:hr>143</ns3:hr>
            <ns3:cad>88</ns3:cad>
          </ns3:TrackPointExtension>
        </extensions>
      </trkpt>
      <trkpt lat="31.161118447780609130859375" lon="121.1979976482689380645751953125">
        <ele>3.7999999523162841796875</ele>
        <time>2026-03-21T12:12:41.000Z</time>
        <extensions>
          <ns3:TrackPointExtension>
            <ns3:hr>143</ns3:hr>
            <ns3:cad>88</ns3:cad>
          </ns3:TrackPointExtension>
        </extensions>
      </trkpt>
      <trkpt lat="31.16111232899129390716552734375" lon="121.19797124527394771575927734375">
        <ele>3.7999999523162841796875</ele>
        <time>2026-03-21T12:12:42.000Z</time>
        <extensions>
          <ns3:TrackPointExtension>
            <ns3:hr>143</ns3:hr>
            <ns3:cad>88</ns3:cad>
          </ns3:TrackPointExtension>
        </extensions>
      </trkpt>
      <trkpt lat="31.161112077534198760986328125" lon="121.19793377816677093505859375">
        <ele>3.7999999523162841796875</ele>
        <time>2026-03-21T12:12:43.000Z</time>
        <extensions>
          <ns3:TrackPointExtension>
            <ns3:hr>143</ns3:hr>
            <ns3:cad>89</ns3:cad>
          </ns3:TrackPointExtension>
        </extensions>
      </trkpt>
      <trkpt lat="31.16110813803970813751220703125" lon="121.19790687225759029388427734375">
        <ele>3.7999999523162841796875</ele>
        <time>2026-03-21T12:12:44.000Z</time>
        <extensions>
          <ns3:TrackPointExtension>
            <ns3:hr>142</ns3:hr>
            <ns3:cad>90</ns3:cad>
          </ns3:TrackPointExtension>
        </extensions>
      </trkpt>
      <trkpt lat="31.16110838949680328369140625" lon="121.1978668905794620513916015625">
        <ele>3.7999999523162841796875</ele>
        <time>2026-03-21T12:12:45.000Z</time>
        <extensions>
          <ns3:TrackPointExtension>
            <ns3:hr>143</ns3:hr>
            <ns3:cad>90</ns3:cad>
          </ns3:TrackPointExtension>
        </extensions>
      </trkpt>
      <trkpt lat="31.16110160015523433685302734375" lon="121.1978387273848056793212890625">
        <ele>3.599999904632568359375</ele>
        <time>2026-03-21T12:12:46.000Z</time>
        <extensions>
          <ns3:TrackPointExtension>
            <ns3:hr>143</ns3:hr>
            <ns3:cad>90</ns3:cad>
          </ns3:TrackPointExtension>
        </extensions>
      </trkpt>
      <trkpt lat="31.1610961519181728363037109375" lon="121.1977995000779628753662109375">
        <ele>3.599999904632568359375</ele>
        <time>2026-03-21T12:12:47.000Z</time>
        <extensions>
          <ns3:TrackPointExtension>
            <ns3:hr>143</ns3:hr>
            <ns3:cad>89</ns3:cad>
          </ns3:TrackPointExtension>
        </extensions>
      </trkpt>
      <trkpt lat="31.16108827292919158935546875" lon="121.19776924140751361846923828125">
        <ele>3.599999904632568359375</ele>
        <time>2026-03-21T12:12:48.000Z</time>
        <extensions>
          <ns3:TrackPointExtension>
            <ns3:hr>143</ns3:hr>
            <ns3:cad>89</ns3:cad>
          </ns3:TrackPointExtension>
        </extensions>
      </trkpt>
      <trkpt lat="31.1610830761492252349853515625" lon="121.19773353450000286102294921875">
        <ele>3.599999904632568359375</ele>
        <time>2026-03-21T12:12:49.000Z</time>
        <extensions>
          <ns3:TrackPointExtension>
            <ns3:hr>143</ns3:hr>
            <ns3:cad>89</ns3:cad>
          </ns3:TrackPointExtension>
        </extensions>
      </trkpt>
      <trkpt lat="31.1610780470073223114013671875" lon="121.19770444929599761962890625">
        <ele>3.599999904632568359375</ele>
        <time>2026-03-21T12:12:50.000Z</time>
        <extensions>
          <ns3:TrackPointExtension>
            <ns3:hr>142</ns3:hr>
            <ns3:cad>89</ns3:cad>
          </ns3:TrackPointExtension>
        </extensions>
      </trkpt>
      <trkpt lat="31.161080561578273773193359375" lon="121.19766891002655029296875">
        <ele>3.599999904632568359375</ele>
        <time>2026-03-21T12:12:51.000Z</time>
        <extensions>
          <ns3:TrackPointExtension>
            <ns3:hr>143</ns3:hr>
            <ns3:cad>89</ns3:cad>
          </ns3:TrackPointExtension>
        </extensions>
      </trkpt>
      <trkpt lat="31.16107561625540256500244140625" lon="121.1976425908505916595458984375">
        <ele>3.599999904632568359375</ele>
        <time>2026-03-21T12:12:52.000Z</time>
        <extensions>
          <ns3:TrackPointExtension>
            <ns3:hr>143</ns3:hr>
            <ns3:cad>89</ns3:cad>
          </ns3:TrackPointExtension>
        </extensions>
      </trkpt>
      <trkpt lat="31.16107276640832424163818359375" lon="121.1976070515811443328857421875">
        <ele>3.599999904632568359375</ele>
        <time>2026-03-21T12:12:53.000Z</time>
        <extensions>
          <ns3:TrackPointExtension>
            <ns3:hr>143</ns3:hr>
            <ns3:cad>89</ns3:cad>
          </ns3:TrackPointExtension>
        </extensions>
      </trkpt>
      <trkpt lat="31.1610696651041507720947265625" lon="121.197580061852931976318359375">
        <ele>3.599999904632568359375</ele>
        <time>2026-03-21T12:12:54.000Z</time>
        <extensions>
          <ns3:TrackPointExtension>
            <ns3:hr>143</ns3:hr>
            <ns3:cad>89</ns3:cad>
          </ns3:TrackPointExtension>
        </extensions>
      </trkpt>
      <trkpt lat="31.16106589324772357940673828125" lon="121.19754577986896038055419921875">
        <ele>3.599999904632568359375</ele>
        <time>2026-03-21T12:12:55.000Z</time>
        <extensions>
          <ns3:TrackPointExtension>
            <ns3:hr>144</ns3:hr>
            <ns3:cad>89</ns3:cad>
          </ns3:TrackPointExtension>
        </extensions>
      </trkpt>
      <trkpt lat="31.1610567569732666015625" lon="121.19751870632171630859375">
        <ele>3.599999904632568359375</ele>
        <time>2026-03-21T12:12:56.000Z</time>
        <extensions>
          <ns3:TrackPointExtension>
            <ns3:hr>144</ns3:hr>
            <ns3:cad>89</ns3:cad>
          </ns3:TrackPointExtension>
        </extensions>
      </trkpt>
      <trkpt lat="31.1610505543649196624755859375" lon="121.19748408906161785125732421875">
        <ele>3.599999904632568359375</ele>
        <time>2026-03-21T12:12:57.000Z</time>
        <extensions>
          <ns3:TrackPointExtension>
            <ns3:hr>144</ns3:hr>
            <ns3:cad>89</ns3:cad>
          </ns3:TrackPointExtension>
        </extensions>
      </trkpt>
      <trkpt lat="31.16104133427143096923828125" lon="121.19745827279984951019287109375">
        <ele>3.7999999523162841796875</ele>
        <time>2026-03-21T12:12:58.000Z</time>
        <extensions>
          <ns3:TrackPointExtension>
            <ns3:hr>144</ns3:hr>
            <ns3:cad>89</ns3:cad>
          </ns3:TrackPointExtension>
        </extensions>
      </trkpt>
      <trkpt lat="31.161037981510162353515625" lon="121.197419464588165283203125">
        <ele>3.7999999523162841796875</ele>
        <time>2026-03-21T12:12:59.000Z</time>
        <extensions>
          <ns3:TrackPointExtension>
            <ns3:hr>145</ns3:hr>
            <ns3:cad>89</ns3:cad>
          </ns3:TrackPointExtension>
        </extensions>
      </trkpt>
      <trkpt lat="31.16103320382535457611083984375" lon="121.197388954460620880126953125">
        <ele>3.7999999523162841796875</ele>
        <time>2026-03-21T12:13:00.000Z</time>
        <extensions>
          <ns3:TrackPointExtension>
            <ns3:hr>145</ns3:hr>
            <ns3:cad>89</ns3:cad>
          </ns3:TrackPointExtension>
        </extensions>
      </trkpt>
      <trkpt lat="31.16102926433086395263671875" lon="121.197349727153778076171875">
        <ele>3.7999999523162841796875</ele>
        <time>2026-03-21T12:13:01.000Z</time>
        <extensions>
          <ns3:TrackPointExtension>
            <ns3:hr>145</ns3:hr>
            <ns3:cad>89</ns3:cad>
          </ns3:TrackPointExtension>
        </extensions>
      </trkpt>
      <trkpt lat="31.1610150150954723358154296875" lon="121.19732097722589969635009765625">
        <ele>3.7999999523162841796875</ele>
        <time>2026-03-21T12:13:02.000Z</time>
        <extensions>
          <ns3:TrackPointExtension>
            <ns3:hr>146</ns3:hr>
            <ns3:cad>89</ns3:cad>
          </ns3:TrackPointExtension>
        </extensions>
      </trkpt>
      <trkpt lat="31.16098769009113311767578125" lon="121.1973036266863346099853515625">
        <ele>3.7999999523162841796875</ele>
        <time>2026-03-21T12:13:03.000Z</time>
        <extensions>
          <ns3:TrackPointExtension>
            <ns3:hr>146</ns3:hr>
            <ns3:cad>89</ns3:cad>
          </ns3:TrackPointExtension>
        </extensions>
      </trkpt>
      <trkpt lat="31.1609717644751071929931640625" lon="121.19731393642723560333251953125">
        <ele>3.7999999523162841796875</ele>
        <time>2026-03-21T12:13:04.000Z</time>
        <extensions>
          <ns3:TrackPointExtension>
            <ns3:hr>147</ns3:hr>
            <ns3:cad>89</ns3:cad>
          </ns3:TrackPointExtension>
        </extensions>
      </trkpt>
      <trkpt lat="31.16095474921166896820068359375" lon="121.19733564555644989013671875">
        <ele>3.7999999523162841796875</ele>
        <time>2026-03-21T12:13:05.000Z</time>
        <extensions>
          <ns3:TrackPointExtension>
            <ns3:hr>148</ns3:hr>
            <ns3:cad>89</ns3:cad>
          </ns3:TrackPointExtension>
        </extensions>
      </trkpt>
      <trkpt lat="31.16095340810716152191162109375" lon="121.19736406020820140838623046875">
        <ele>3.7999999523162841796875</ele>
        <time>2026-03-21T12:13:06.000Z</time>
        <extensions>
          <ns3:TrackPointExtension>
            <ns3:hr>148</ns3:hr>
            <ns3:cad>89</ns3:cad>
          </ns3:TrackPointExtension>
        </extensions>
      </trkpt>
      <trkpt lat="31.16095609031617641448974609375" lon="121.1973968334496021270751953125">
        <ele>3.7999999523162841796875</ele>
        <time>2026-03-21T12:13:07.000Z</time>
        <extensions>
          <ns3:TrackPointExtension>
            <ns3:hr>148</ns3:hr>
            <ns3:cad>90</ns3:cad>
          </ns3:TrackPointExtension>
        </extensions>
      </trkpt>
      <trkpt lat="31.1609657295048236846923828125" lon="121.19742156006395816802978515625">
        <ele>3.7999999523162841796875</ele>
        <time>2026-03-21T12:13:08.000Z</time>
        <extensions>
          <ns3:TrackPointExtension>
            <ns3:hr>147</ns3:hr>
            <ns3:cad>90</ns3:cad>
          </ns3:TrackPointExtension>
        </extensions>
      </trkpt>
      <trkpt lat="31.1609710939228534698486328125" lon="121.19745743460953235626220703125">
        <ele>3.7999999523162841796875</ele>
        <time>2026-03-21T12:13:09.000Z</time>
        <extensions>
          <ns3:TrackPointExtension>
            <ns3:hr>148</ns3:hr>
            <ns3:cad>90</ns3:cad>
          </ns3:TrackPointExtension>
        </extensions>
      </trkpt>
      <trkpt lat="31.160981319844722747802734375" lon="121.1974876932799816131591796875">
        <ele>3.7999999523162841796875</ele>
        <time>2026-03-21T12:13:10.000Z</time>
        <extensions>
          <ns3:TrackPointExtension>
            <ns3:hr>148</ns3:hr>
            <ns3:cad>88</ns3:cad>
          </ns3:TrackPointExtension>
        </extensions>
      </trkpt>
      <trkpt lat="31.16099079139530658721923828125" lon="121.1975205503404140472412109375">
        <ele>3.7999999523162841796875</ele>
        <time>2026-03-21T12:13:11.000Z</time>
        <extensions>
          <ns3:TrackPointExtension>
            <ns3:hr>148</ns3:hr>
            <ns3:cad>88</ns3:cad>
          </ns3:TrackPointExtension>
        </extensions>
      </trkpt>
      <trkpt lat="31.16100084967911243438720703125" lon="121.1975480429828166961669921875">
        <ele>3.7999999523162841796875</ele>
        <time>2026-03-21T12:13:12.000Z</time>
        <extensions>
          <ns3:TrackPointExtension>
            <ns3:hr>147</ns3:hr>
            <ns3:cad>88</ns3:cad>
          </ns3:TrackPointExtension>
        </extensions>
      </trkpt>
      <trkpt lat="31.1610076390206813812255859375" lon="121.1975859291851520538330078125">
        <ele>3.7999999523162841796875</ele>
        <time>2026-03-21T12:13:13.000Z</time>
        <extensions>
          <ns3:TrackPointExtension>
            <ns3:hr>148</ns3:hr>
            <ns3:cad>89</ns3:cad>
          </ns3:TrackPointExtension>
        </extensions>
      </trkpt>
      <trkpt lat="31.1610170267522335052490234375" lon="121.19761870242655277252197265625">
        <ele>3.7999999523162841796875</ele>
        <time>2026-03-21T12:13:14.000Z</time>
        <extensions>
          <ns3:TrackPointExtension>
            <ns3:hr>148</ns3:hr>
            <ns3:cad>89</ns3:cad>
          </ns3:TrackPointExtension>
        </extensions>
      </trkpt>
      <trkpt lat="31.161022223532199859619140625" lon="121.19765290059149265289306640625">
        <ele>3.7999999523162841796875</ele>
        <time>2026-03-21T12:13:15.000Z</time>
        <extensions>
          <ns3:TrackPointExtension>
            <ns3:hr>147</ns3:hr>
            <ns3:cad>89</ns3:cad>
          </ns3:TrackPointExtension>
        </extensions>
      </trkpt>
      <trkpt lat="31.16102767176926136016845703125" lon="121.19768290780484676361083984375">
        <ele>3.7999999523162841796875</ele>
        <time>2026-03-21T12:13:16.000Z</time>
        <extensions>
          <ns3:TrackPointExtension>
            <ns3:hr>148</ns3:hr>
            <ns3:cad>89</ns3:cad>
          </ns3:TrackPointExtension>
        </extensions>
      </trkpt>
      <trkpt lat="31.16103135980665683746337890625" lon="121.19771325029432773590087890625">
        <ele>3.7999999523162841796875</ele>
        <time>2026-03-21T12:13:17.000Z</time>
        <extensions>
          <ns3:TrackPointExtension>
            <ns3:hr>148</ns3:hr>
            <ns3:cad>89</ns3:cad>
          </ns3:TrackPointExtension>
        </extensions>
      </trkpt>
      <trkpt lat="31.161036305129528045654296875" lon="121.19774979539215564727783203125">
        <ele>3.7999999523162841796875</ele>
        <time>2026-03-21T12:13:18.000Z</time>
        <extensions>
          <ns3:TrackPointExtension>
            <ns3:hr>147</ns3:hr>
            <ns3:cad>89</ns3:cad>
          </ns3:TrackPointExtension>
        </extensions>
      </trkpt>
      <trkpt lat="31.1610458604991436004638671875" lon="121.197779886424541473388671875">
        <ele>3.7999999523162841796875</ele>
        <time>2026-03-21T12:13:19.000Z</time>
        <extensions>
          <ns3:TrackPointExtension>
            <ns3:hr>148</ns3:hr>
            <ns3:cad>89</ns3:cad>
          </ns3:TrackPointExtension>
        </extensions>
      </trkpt>
      <trkpt lat="31.1610512249171733856201171875" lon="121.197815425693988800048828125">
        <ele>3.7999999523162841796875</ele>
        <time>2026-03-21T12:13:20.000Z</time>
        <extensions>
          <ns3:TrackPointExtension>
            <ns3:hr>148</ns3:hr>
            <ns3:cad>89</ns3:cad>
          </ns3:TrackPointExtension>
        </extensions>
      </trkpt>
      <trkpt lat="31.161057092249393463134765625" lon="121.197846941649913787841796875">
        <ele>3.7999999523162841796875</ele>
        <time>2026-03-21T12:13:21.000Z</time>
        <extensions>
          <ns3:TrackPointExtension>
            <ns3:hr>147</ns3:hr>
            <ns3:cad>89</ns3:cad>
          </ns3:TrackPointExtension>
        </extensions>
      </trkpt>
      <trkpt lat="31.16106337867677211761474609375" lon="121.19788155891001224517822265625">
        <ele>3.7999999523162841796875</ele>
        <time>2026-03-21T12:13:22.000Z</time>
        <extensions>
          <ns3:TrackPointExtension>
            <ns3:hr>148</ns3:hr>
            <ns3:cad>89</ns3:cad>
          </ns3:TrackPointExtension>
        </extensions>
      </trkpt>
      <trkpt lat="31.1610706709325313568115234375" lon="121.1979144997894763946533203125">
        <ele>3.7999999523162841796875</ele>
        <time>2026-03-21T12:13:23.000Z</time>
        <extensions>
          <ns3:TrackPointExtension>
            <ns3:hr>148</ns3:hr>
            <ns3:cad>90</ns3:cad>
          </ns3:TrackPointExtension>
        </extensions>
      </trkpt>
      <trkpt lat="31.1610782146453857421875" lon="121.19794542901217937469482421875">
        <ele>4</ele>
        <time>2026-03-21T12:13:24.000Z</time>
        <extensions>
          <ns3:TrackPointExtension>
            <ns3:hr>147</ns3:hr>
            <ns3:cad>90</ns3:cad>
          </ns3:TrackPointExtension>
        </extensions>
      </trkpt>
      <trkpt lat="31.161085255444049835205078125" lon="121.1979812197387218475341796875">
        <ele>4</ele>
        <time>2026-03-21T12:13:25.000Z</time>
        <extensions>
          <ns3:TrackPointExtension>
            <ns3:hr>148</ns3:hr>
            <ns3:cad>90</ns3:cad>
          </ns3:TrackPointExtension>
        </extensions>
      </trkpt>
      <trkpt lat="31.16109053604304790496826171875" lon="121.19802002795040607452392578125">
        <ele>3.7999999523162841796875</ele>
        <time>2026-03-21T12:13:26.000Z</time>
        <extensions>
          <ns3:TrackPointExtension>
            <ns3:hr>148</ns3:hr>
            <ns3:cad>90</ns3:cad>
          </ns3:TrackPointExtension>
        </extensions>
      </trkpt>
      <trkpt lat="31.16109640337526798248291015625" lon="121.19804911315441131591796875">
        <ele>3.7999999523162841796875</ele>
        <time>2026-03-21T12:13:27.000Z</time>
        <extensions>
          <ns3:TrackPointExtension>
            <ns3:hr>148</ns3:hr>
            <ns3:cad>90</ns3:cad>
          </ns3:TrackPointExtension>
        </extensions>
      </trkpt>
      <trkpt lat="31.16110193543136119842529296875" lon="121.19808398187160491943359375">
        <ele>3.7999999523162841796875</ele>
        <time>2026-03-21T12:13:28.000Z</time>
        <extensions>
          <ns3:TrackPointExtension>
            <ns3:hr>147</ns3:hr>
            <ns3:cad>90</ns3:cad>
          </ns3:TrackPointExtension>
        </extensions>
      </trkpt>
      <trkpt lat="31.16110830567777156829833984375" lon="121.1981180123984813690185546875">
        <ele>3.7999999523162841796875</ele>
        <time>2026-03-21T12:13:29.000Z</time>
        <extensions>
          <ns3:TrackPointExtension>
            <ns3:hr>148</ns3:hr>
            <ns3:cad>90</ns3:cad>
          </ns3:TrackPointExtension>
        </extensions>
      </trkpt>
      <trkpt lat="31.16111434064805507659912109375" lon="121.1981518752872943878173828125">
        <ele>3.7999999523162841796875</ele>
        <time>2026-03-21T12:13:30.000Z</time>
        <extensions>
          <ns3:TrackPointExtension>
            <ns3:hr>148</ns3:hr>
            <ns3:cad>90</ns3:cad>
          </ns3:TrackPointExtension>
        </extensions>
      </trkpt>
      <trkpt lat="31.161122806370258331298828125" lon="121.19818313978612422943115234375">
        <ele>3.7999999523162841796875</ele>
        <time>2026-03-21T12:13:31.000Z</time>
        <extensions>
          <ns3:TrackPointExtension>
            <ns3:hr>148</ns3:hr>
            <ns3:cad>90</ns3:cad>
          </ns3:TrackPointExtension>
        </extensions>
      </trkpt>
      <trkpt lat="31.16112775169312953948974609375" lon="121.1982165835797786712646484375">
        <ele>3.7999999523162841796875</ele>
        <time>2026-03-21T12:13:32.000Z</time>
        <extensions>
          <ns3:TrackPointExtension>
            <ns3:hr>148</ns3:hr>
            <ns3:cad>90</ns3:cad>
          </ns3:TrackPointExtension>
        </extensions>
      </trkpt>
      <trkpt lat="31.16113697178661823272705078125" lon="121.19824466295540332794189453125">
        <ele>3.7999999523162841796875</ele>
        <time>2026-03-21T12:13:33.000Z</time>
        <extensions>
          <ns3:TrackPointExtension>
            <ns3:hr>148</ns3:hr>
            <ns3:cad>89</ns3:cad>
          </ns3:TrackPointExtension>
        </extensions>
      </trkpt>
      <trkpt lat="31.16114468313753604888916015625" lon="121.198275424540042877197265625">
        <ele>3.7999999523162841796875</ele>
        <time>2026-03-21T12:13:34.000Z</time>
        <extensions>
          <ns3:TrackPointExtension>
            <ns3:hr>148</ns3:hr>
            <ns3:cad>89</ns3:cad>
          </ns3:TrackPointExtension>
        </extensions>
      </trkpt>
      <trkpt lat="31.16115172393620014190673828125" lon="121.19830392301082611083984375">
        <ele>4</ele>
        <time>2026-03-21T12:13:35.000Z</time>
        <extensions>
          <ns3:TrackPointExtension>
            <ns3:hr>148</ns3:hr>
            <ns3:cad>90</ns3:cad>
          </ns3:TrackPointExtension>
        </extensions>
      </trkpt>
      <trkpt lat="31.16115675307810306549072265625" lon="121.1983352713286876678466796875">
        <ele>4</ele>
        <time>2026-03-21T12:13:36.000Z</time>
        <extensions>
          <ns3:TrackPointExtension>
            <ns3:hr>148</ns3:hr>
            <ns3:cad>90</ns3:cad>
          </ns3:TrackPointExtension>
        </extensions>
      </trkpt>
      <trkpt lat="31.16116329096257686614990234375" lon="121.1983671225607395172119140625">
        <ele>3.7999999523162841796875</ele>
        <time>2026-03-21T12:13:37.000Z</time>
        <extensions>
          <ns3:TrackPointExtension>
            <ns3:hr>149</ns3:hr>
            <ns3:cad>90</ns3:cad>
          </ns3:TrackPointExtension>
        </extensions>
      </trkpt>
      <trkpt lat="31.1611645482480525970458984375" lon="121.19840375147759914398193359375">
        <ele>4</ele>
        <time>2026-03-21T12:13:38.000Z</time>
        <extensions>
          <ns3:TrackPointExtension>
            <ns3:hr>150</ns3:hr>
            <ns3:cad>90</ns3:cad>
          </ns3:TrackPointExtension>
        </extensions>
      </trkpt>
      <trkpt lat="31.16117016412317752838134765625" lon="121.1984360218048095703125">
        <ele>4</ele>
        <time>2026-03-21T12:13:39.000Z</time>
        <extensions>
          <ns3:TrackPointExtension>
            <ns3:hr>150</ns3:hr>
            <ns3:cad>89</ns3:cad>
          </ns3:TrackPointExtension>
        </extensions>
      </trkpt>
      <trkpt lat="31.161171086132526397705078125" lon="121.1984740756452083587646484375">
        <ele>4</ele>
        <time>2026-03-21T12:13:40.000Z</time>
        <extensions>
          <ns3:TrackPointExtension>
            <ns3:hr>150</ns3:hr>
            <ns3:cad>89</ns3:cad>
          </ns3:TrackPointExtension>
        </extensions>
      </trkpt>
      <trkpt lat="31.16117821075022220611572265625" lon="121.1985022388398647308349609375">
        <ele>3.7999999523162841796875</ele>
        <time>2026-03-21T12:13:41.000Z</time>
        <extensions>
          <ns3:TrackPointExtension>
            <ns3:hr>150</ns3:hr>
            <ns3:cad>89</ns3:cad>
          </ns3:TrackPointExtension>
        </extensions>
      </trkpt>
      <trkpt lat="31.16118349134922027587890625" lon="121.19853861629962921142578125">
        <ele>4</ele>
        <time>2026-03-21T12:13:42.000Z</time>
        <extensions>
          <ns3:TrackPointExtension>
            <ns3:hr>150</ns3:hr>
            <ns3:cad>89</ns3:cad>
          </ns3:TrackPointExtension>
        </extensions>
      </trkpt>
      <trkpt lat="31.16119413636624813079833984375" lon="121.19856384582817554473876953125">
        <ele>4</ele>
        <time>2026-03-21T12:13:43.000Z</time>
        <extensions>
          <ns3:TrackPointExtension>
            <ns3:hr>150</ns3:hr>
            <ns3:cad>89</ns3:cad>
          </ns3:TrackPointExtension>
        </extensions>
      </trkpt>
      <trkpt lat="31.1611974053084850311279296875" lon="121.19859770871698856353759765625">
        <ele>4</ele>
        <time>2026-03-21T12:13:44.000Z</time>
        <extensions>
          <ns3:TrackPointExtension>
            <ns3:hr>150</ns3:hr>
            <ns3:cad>89</ns3:cad>
          </ns3:TrackPointExtension>
        </extensions>
      </trkpt>
      <trkpt lat="31.161205284297466278076171875" lon="121.198622100055217742919921875">
        <ele>4</ele>
        <time>2026-03-21T12:13:45.000Z</time>
        <extensions>
          <ns3:TrackPointExtension>
            <ns3:hr>150</ns3:hr>
            <ns3:cad>89</ns3:cad>
          </ns3:TrackPointExtension>
        </extensions>
      </trkpt>
      <trkpt lat="31.16121006198227405548095703125" lon="121.198658309876918792724609375">
        <ele>4</ele>
        <time>2026-03-21T12:13:46.000Z</time>
        <extensions>
          <ns3:TrackPointExtension>
            <ns3:hr>150</ns3:hr>
            <ns3:cad>88</ns3:cad>
          </ns3:TrackPointExtension>
        </extensions>
      </trkpt>
      <trkpt lat="31.1612148396670818328857421875" lon="121.1986876465380191802978515625">
        <ele>4</ele>
        <time>2026-03-21T12:13:47.000Z</time>
        <extensions>
          <ns3:TrackPointExtension>
            <ns3:hr>150</ns3:hr>
            <ns3:cad>88</ns3:cad>
          </ns3:TrackPointExtension>
        </extensions>
      </trkpt>
      <trkpt lat="31.16121140308678150177001953125" lon="121.19872570037841796875">
        <ele>4</ele>
        <time>2026-03-21T12:13:48.000Z</time>
        <extensions>
          <ns3:TrackPointExtension>
            <ns3:hr>150</ns3:hr>
            <ns3:cad>89</ns3:cad>
          </ns3:TrackPointExtension>
        </extensions>
      </trkpt>
      <trkpt lat="31.1612163484096527099609375" lon="121.198754198849201202392578125">
        <ele>4</ele>
        <time>2026-03-21T12:13:49.000Z</time>
        <extensions>
          <ns3:TrackPointExtension>
            <ns3:hr>150</ns3:hr>
            <ns3:cad>89</ns3:cad>
          </ns3:TrackPointExtension>
        </extensions>
      </trkpt>
      <trkpt lat="31.1612190306186676025390625" lon="121.1987972818315029144287109375">
        <ele>4</ele>
        <time>2026-03-21T12:13:50.000Z</time>
        <extensions>
          <ns3:TrackPointExtension>
            <ns3:hr>150</ns3:hr>
            <ns3:cad>90</ns3:cad>
          </ns3:TrackPointExtension>
        </extensions>
      </trkpt>
      <trkpt lat="31.1612252332270145416259765625" lon="121.19882561266422271728515625">
        <ele>4</ele>
        <time>2026-03-21T12:13:51.000Z</time>
        <extensions>
          <ns3:TrackPointExtension>
            <ns3:hr>150</ns3:hr>
            <ns3:cad>90</ns3:cad>
          </ns3:TrackPointExtension>
        </extensions>
      </trkpt>
      <trkpt lat="31.16122908890247344970703125" lon="121.19886274449527263641357421875">
        <ele>4</ele>
        <time>2026-03-21T12:13:52.000Z</time>
        <extensions>
          <ns3:TrackPointExtension>
            <ns3:hr>150</ns3:hr>
            <ns3:cad>90</ns3:cad>
          </ns3:TrackPointExtension>
        </extensions>
      </trkpt>
      <trkpt lat="31.161234788596630096435546875" lon="121.19889107532799243927001953125">
        <ele>4</ele>
        <time>2026-03-21T12:13:53.000Z</time>
        <extensions>
          <ns3:TrackPointExtension>
            <ns3:hr>150</ns3:hr>
            <ns3:cad>90</ns3:cad>
          </ns3:TrackPointExtension>
        </extensions>
      </trkpt>
      <trkpt lat="31.1612379737198352813720703125" lon="121.1989297159016132354736328125">
        <ele>4</ele>
        <time>2026-03-21T12:13:54.000Z</time>
        <extensions>
          <ns3:TrackPointExtension>
            <ns3:hr>150</ns3:hr>
            <ns3:cad>90</ns3:cad>
          </ns3:TrackPointExtension>
        </extensions>
      </trkpt>
      <trkpt lat="31.16124576888978481292724609375" lon="121.19895561598241329193115234375">
        <ele>4</ele>
        <time>2026-03-21T12:13:55.000Z</time>
        <extensions>
          <ns3:TrackPointExtension>
            <ns3:hr>150</ns3:hr>
            <ns3:cad>91</ns3:cad>
          </ns3:TrackPointExtension>
        </extensions>
      </trkpt>
      <trkpt lat="31.16124794818460941314697265625" lon="121.1989950947463512420654296875">
        <ele>4.19999980926513671875</ele>
        <time>2026-03-21T12:13:56.000Z</time>
        <extensions>
          <ns3:TrackPointExtension>
            <ns3:hr>151</ns3:hr>
            <ns3:cad>91</ns3:cad>
          </ns3:TrackPointExtension>
        </extensions>
      </trkpt>
      <trkpt lat="31.16125314496457576751708984375" lon="121.19902300648391246795654296875">
        <ele>4.19999980926513671875</ele>
        <time>2026-03-21T12:13:57.000Z</time>
        <extensions>
          <ns3:TrackPointExtension>
            <ns3:hr>150</ns3:hr>
            <ns3:cad>91</ns3:cad>
          </ns3:TrackPointExtension>
        </extensions>
      </trkpt>
      <trkpt lat="31.161252222955226898193359375" lon="121.19905971921980381011962890625">
        <ele>4.19999980926513671875</ele>
        <time>2026-03-21T12:13:58.000Z</time>
        <extensions>
          <ns3:TrackPointExtension>
            <ns3:hr>151</ns3:hr>
            <ns3:cad>91</ns3:cad>
          </ns3:TrackPointExtension>
        </extensions>
      </trkpt>
      <trkpt lat="31.16125834174454212188720703125" lon="121.1990849487483501434326171875">
        <ele>4.19999980926513671875</ele>
        <time>2026-03-21T12:13:59.000Z</time>
        <extensions>
          <ns3:TrackPointExtension>
            <ns3:hr>151</ns3:hr>
            <ns3:cad>91</ns3:cad>
          </ns3:TrackPointExtension>
        </extensions>
      </trkpt>
      <trkpt lat="31.1612619459629058837890625" lon="121.1991228349506855010986328125">
        <ele>4.19999980926513671875</ele>
        <time>2026-03-21T12:14:00.000Z</time>
        <extensions>
          <ns3:TrackPointExtension>
            <ns3:hr>151</ns3:hr>
            <ns3:cad>91</ns3:cad>
          </ns3:TrackPointExtension>
        </extensions>
      </trkpt>
      <trkpt lat="31.1612681485712528228759765625" lon="121.1991513334214687347412109375">
        <ele>4.19999980926513671875</ele>
        <time>2026-03-21T12:14:01.000Z</time>
        <extensions>
          <ns3:TrackPointExtension>
            <ns3:hr>151</ns3:hr>
            <ns3:cad>90</ns3:cad>
          </ns3:TrackPointExtension>
        </extensions>
      </trkpt>
      <trkpt lat="31.1612701602280139923095703125" lon="121.19918913580477237701416015625">
        <ele>4.19999980926513671875</ele>
        <time>2026-03-21T12:14:02.000Z</time>
        <extensions>
          <ns3:TrackPointExtension>
            <ns3:hr>151</ns3:hr>
            <ns3:cad>89</ns3:cad>
          </ns3:TrackPointExtension>
        </extensions>
      </trkpt>
      <trkpt lat="31.1612772010266780853271484375" lon="121.19921796955168247222900390625">
        <ele>4.19999980926513671875</ele>
        <time>2026-03-21T12:14:03.000Z</time>
        <extensions>
          <ns3:TrackPointExtension>
            <ns3:hr>151</ns3:hr>
            <ns3:cad>89</ns3:cad>
          </ns3:TrackPointExtension>
        </extensions>
      </trkpt>
      <trkpt lat="31.16128382273018360137939453125" lon="121.1992532573640346527099609375">
        <ele>4.19999980926513671875</ele>
        <time>2026-03-21T12:14:04.000Z</time>
        <extensions>
          <ns3:TrackPointExtension>
            <ns3:hr>151</ns3:hr>
            <ns3:cad>90</ns3:cad>
          </ns3:TrackPointExtension>
        </extensions>
      </trkpt>
      <trkpt lat="31.16129153408110141754150390625" lon="121.199280582368373870849609375">
        <ele>4.19999980926513671875</ele>
        <time>2026-03-21T12:14:05.000Z</time>
        <extensions>
          <ns3:TrackPointExtension>
            <ns3:hr>151</ns3:hr>
            <ns3:cad>90</ns3:cad>
          </ns3:TrackPointExtension>
        </extensions>
      </trkpt>
      <trkpt lat="31.16129874251782894134521484375" lon="121.1993189714848995208740234375">
        <ele>4.19999980926513671875</ele>
        <time>2026-03-21T12:14:06.000Z</time>
        <extensions>
          <ns3:TrackPointExtension>
            <ns3:hr>151</ns3:hr>
            <ns3:cad>90</ns3:cad>
          </ns3:TrackPointExtension>
        </extensions>
      </trkpt>
      <trkpt lat="31.16130779497325420379638671875" lon="121.19934721849858760833740234375">
        <ele>4.19999980926513671875</ele>
        <time>2026-03-21T12:14:07.000Z</time>
        <extensions>
          <ns3:TrackPointExtension>
            <ns3:hr>151</ns3:hr>
            <ns3:cad>90</ns3:cad>
          </ns3:TrackPointExtension>
        </extensions>
      </trkpt>
      <trkpt lat="31.16131114773452281951904296875" lon="121.1993887089192867279052734375">
        <ele>4.19999980926513671875</ele>
        <time>2026-03-21T12:14:08.000Z</time>
        <extensions>
          <ns3:TrackPointExtension>
            <ns3:hr>151</ns3:hr>
            <ns3:cad>90</ns3:cad>
          </ns3:TrackPointExtension>
        </extensions>
      </trkpt>
      <trkpt lat="31.1613177694380283355712890625" lon="121.19941703975200653076171875">
        <ele>4.19999980926513671875</ele>
        <time>2026-03-21T12:14:09.000Z</time>
        <extensions>
          <ns3:TrackPointExtension>
            <ns3:hr>152</ns3:hr>
            <ns3:cad>90</ns3:cad>
          </ns3:TrackPointExtension>
        </extensions>
      </trkpt>
      <trkpt lat="31.1613182723522186279296875" lon="121.19945350103080272674560546875">
        <ele>4.19999980926513671875</ele>
        <time>2026-03-21T12:14:10.000Z</time>
        <extensions>
          <ns3:TrackPointExtension>
            <ns3:hr>152</ns3:hr>
            <ns3:cad>89</ns3:cad>
          </ns3:TrackPointExtension>
        </extensions>
      </trkpt>
      <trkpt lat="31.16132430732250213623046875" lon="121.1994825862348079681396484375">
        <ele>4.19999980926513671875</ele>
        <time>2026-03-21T12:14:11.000Z</time>
        <extensions>
          <ns3:TrackPointExtension>
            <ns3:hr>152</ns3:hr>
            <ns3:cad>89</ns3:cad>
          </ns3:TrackPointExtension>
        </extensions>
      </trkpt>
      <trkpt lat="31.16132372058928012847900390625" lon="121.19952240027487277984619140625">
        <ele>4.19999980926513671875</ele>
        <time>2026-03-21T12:14:12.000Z</time>
        <extensions>
          <ns3:TrackPointExtension>
            <ns3:hr>152</ns3:hr>
            <ns3:cad>90</ns3:cad>
          </ns3:TrackPointExtension>
        </extensions>
      </trkpt>
      <trkpt lat="31.16132455877959728240966796875" lon="121.1995519883930683135986328125">
        <ele>4.19999980926513671875</ele>
        <time>2026-03-21T12:14:13.000Z</time>
        <extensions>
          <ns3:TrackPointExtension>
            <ns3:hr>153</ns3:hr>
            <ns3:cad>90</ns3:cad>
          </ns3:TrackPointExtension>
        </extensions>
      </trkpt>
      <trkpt lat="31.161317937076091766357421875" lon="121.19958710856735706329345703125">
        <ele>4.19999980926513671875</ele>
        <time>2026-03-21T12:14:14.000Z</time>
        <extensions>
          <ns3:TrackPointExtension>
            <ns3:hr>153</ns3:hr>
            <ns3:cad>90</ns3:cad>
          </ns3:TrackPointExtension>
        </extensions>
      </trkpt>
      <trkpt lat="31.161317266523838043212890625" lon="121.1996148526668548583984375">
        <ele>4.19999980926513671875</ele>
        <time>2026-03-21T12:14:15.000Z</time>
        <extensions>
          <ns3:TrackPointExtension>
            <ns3:hr>153</ns3:hr>
            <ns3:cad>90</ns3:cad>
          </ns3:TrackPointExtension>
        </extensions>
      </trkpt>
      <trkpt lat="31.161314584314823150634765625" lon="121.19964527897536754608154296875">
        <ele>4.19999980926513671875</ele>
        <time>2026-03-21T12:14:16.000Z</time>
        <extensions>
          <ns3:TrackPointExtension>
            <ns3:hr>153</ns3:hr>
            <ns3:cad>90</ns3:cad>
          </ns3:TrackPointExtension>
        </extensions>
      </trkpt>
      <trkpt lat="31.16131969727575778961181640625" lon="121.199671514332294464111328125">
        <ele>4.19999980926513671875</ele>
        <time>2026-03-21T12:14:17.000Z</time>
        <extensions>
          <ns3:TrackPointExtension>
            <ns3:hr>153</ns3:hr>
            <ns3:cad>89</ns3:cad>
          </ns3:TrackPointExtension>
        </extensions>
      </trkpt>
      <trkpt lat="31.1613244749605655670166015625" lon="121.19970361702144145965576171875">
        <ele>4.400000095367431640625</ele>
        <time>2026-03-21T12:14:18.000Z</time>
        <extensions>
          <ns3:TrackPointExtension>
            <ns3:hr>153</ns3:hr>
            <ns3:cad>89</ns3:cad>
          </ns3:TrackPointExtension>
        </extensions>
      </trkpt>
      <trkpt lat="31.1613338626921176910400390625" lon="121.19972893036901950836181640625">
        <ele>4.400000095367431640625</ele>
        <time>2026-03-21T12:14:19.000Z</time>
        <extensions>
          <ns3:TrackPointExtension>
            <ns3:hr>153</ns3:hr>
            <ns3:cad>89</ns3:cad>
          </ns3:TrackPointExtension>
        </extensions>
      </trkpt>
      <trkpt lat="31.16133830510079860687255859375" lon="121.19976706802845001220703125">
        <ele>4.400000095367431640625</ele>
        <time>2026-03-21T12:14:20.000Z</time>
        <extensions>
          <ns3:TrackPointExtension>
            <ns3:hr>153</ns3:hr>
            <ns3:cad>89</ns3:cad>
          </ns3:TrackPointExtension>
        </extensions>
      </trkpt>
      <trkpt lat="31.161338053643703460693359375" lon="121.19979850016534328460693359375">
        <ele>4.400000095367431640625</ele>
        <time>2026-03-21T12:14:21.000Z</time>
        <extensions>
          <ns3:TrackPointExtension>
            <ns3:hr>153</ns3:hr>
            <ns3:cad>90</ns3:cad>
          </ns3:TrackPointExtension>
        </extensions>
      </trkpt>
      <trkpt lat="31.1613150872290134429931640625" lon="121.19982548989355564117431640625">
        <ele>4.400000095367431640625</ele>
        <time>2026-03-21T12:14:22.000Z</time>
        <extensions>
          <ns3:TrackPointExtension>
            <ns3:hr>153</ns3:hr>
            <ns3:cad>90</ns3:cad>
          </ns3:TrackPointExtension>
        </extensions>
      </trkpt>
      <trkpt lat="31.1612953059375286102294921875" lon="121.1998396553099155426025390625">
        <ele>4.400000095367431640625</ele>
        <time>2026-03-21T12:14:23.000Z</time>
        <extensions>
          <ns3:TrackPointExtension>
            <ns3:hr>153</ns3:hr>
            <ns3:cad>90</ns3:cad>
          </ns3:TrackPointExtension>
        </extensions>
      </trkpt>
      <trkpt lat="31.16126135922968387603759765625" lon="121.19985046796500682830810546875">
        <ele>4.400000095367431640625</ele>
        <time>2026-03-21T12:14:24.000Z</time>
        <extensions>
          <ns3:TrackPointExtension>
            <ns3:hr>154</ns3:hr>
            <ns3:cad>89</ns3:cad>
          </ns3:TrackPointExtension>
        </extensions>
      </trkpt>
      <trkpt lat="31.16123822517693042755126953125" lon="121.19986102916300296783447265625">
        <ele>4.599999904632568359375</ele>
        <time>2026-03-21T12:14:25.000Z</time>
        <extensions>
          <ns3:TrackPointExtension>
            <ns3:hr>153</ns3:hr>
            <ns3:cad>88</ns3:cad>
          </ns3:TrackPointExtension>
        </extensions>
      </trkpt>
      <trkpt lat="31.1612027697265148162841796875" lon="121.19987108744680881500244140625">
        <ele>4.599999904632568359375</ele>
        <time>2026-03-21T12:14:26.000Z</time>
        <extensions>
          <ns3:TrackPointExtension>
            <ns3:hr>153</ns3:hr>
            <ns3:cad>88</ns3:cad>
          </ns3:TrackPointExtension>
        </extensions>
      </trkpt>
      <trkpt lat="31.161181144416332244873046875" lon="121.1998798884451389312744140625">
        <ele>4.400000095367431640625</ele>
        <time>2026-03-21T12:14:27.000Z</time>
        <extensions>
          <ns3:TrackPointExtension>
            <ns3:hr>154</ns3:hr>
            <ns3:cad>90</ns3:cad>
          </ns3:TrackPointExtension>
        </extensions>
      </trkpt>
      <trkpt lat="31.16115155629813671112060546875" lon="121.1998862586915493011474609375">
        <ele>4.400000095367431640625</ele>
        <time>2026-03-21T12:14:28.000Z</time>
        <extensions>
          <ns3:TrackPointExtension>
            <ns3:hr>153</ns3:hr>
            <ns3:cad>90</ns3:cad>
          </ns3:TrackPointExtension>
        </extensions>
      </trkpt>
      <trkpt lat="31.16113428957760334014892578125" lon="121.19989137165248394012451171875">
        <ele>4.400000095367431640625</ele>
        <time>2026-03-21T12:14:29.000Z</time>
        <extensions>
          <ns3:TrackPointExtension>
            <ns3:hr>153</ns3:hr>
            <ns3:cad>90</ns3:cad>
          </ns3:TrackPointExtension>
        </extensions>
      </trkpt>
      <trkpt lat="31.1611063778400421142578125" lon="121.1998963169753551483154296875">
        <ele>4.400000095367431640625</ele>
        <time>2026-03-21T12:14:30.000Z</time>
        <extensions>
          <ns3:TrackPointExtension>
            <ns3:hr>153</ns3:hr>
            <ns3:cad>90</ns3:cad>
          </ns3:TrackPointExtension>
        </extensions>
      </trkpt>
      <trkpt lat="31.1610889434814453125" lon="121.19990411214530467987060546875">
        <ele>4.400000095367431640625</ele>
        <time>2026-03-21T12:14:31.000Z</time>
        <extensions>
          <ns3:TrackPointExtension>
            <ns3:hr>154</ns3:hr>
            <ns3:cad>90</ns3:cad>
          </ns3:TrackPointExtension>
        </extensions>
      </trkpt>
      <trkpt lat="31.16106220521032810211181640625" lon="121.1999103985726833343505859375">
        <ele>4.400000095367431640625</ele>
        <time>2026-03-21T12:14:32.000Z</time>
        <extensions>
          <ns3:TrackPointExtension>
            <ns3:hr>153</ns3:hr>
            <ns3:cad>88</ns3:cad>
          </ns3:TrackPointExtension>
        </extensions>
      </trkpt>
      <trkpt lat="31.1610420048236846923828125" lon="121.19991551153361797332763671875">
        <ele>4.400000095367431640625</ele>
        <time>2026-03-21T12:14:33.000Z</time>
        <extensions>
          <ns3:TrackPointExtension>
            <ns3:hr>153</ns3:hr>
            <ns3:cad>89</ns3:cad>
          </ns3:TrackPointExtension>
        </extensions>
      </trkpt>
      <trkpt lat="31.16101392544806003570556640625" lon="121.1999211274087429046630859375">
        <ele>4.400000095367431640625</ele>
        <time>2026-03-21T12:14:34.000Z</time>
        <extensions>
          <ns3:TrackPointExtension>
            <ns3:hr>154</ns3:hr>
            <ns3:cad>89</ns3:cad>
          </ns3:TrackPointExtension>
        </extensions>
      </trkpt>
      <trkpt lat="31.1609885282814502716064453125" lon="121.19992422871291637420654296875">
        <ele>4.400000095367431640625</ele>
        <time>2026-03-21T12:14:35.000Z</time>
        <extensions>
          <ns3:TrackPointExtension>
            <ns3:hr>154</ns3:hr>
            <ns3:cad>89</ns3:cad>
          </ns3:TrackPointExtension>
        </extensions>
      </trkpt>
      <trkpt lat="31.16096296347677707672119140625" lon="121.1999295093119144439697265625">
        <ele>4.400000095367431640625</ele>
        <time>2026-03-21T12:14:36.000Z</time>
        <extensions>
          <ns3:TrackPointExtension>
            <ns3:hr>154</ns3:hr>
            <ns3:cad>89</ns3:cad>
          </ns3:TrackPointExtension>
        </extensions>
      </trkpt>
      <trkpt lat="31.16093513555824756622314453125" lon="121.199930012226104736328125">
        <ele>4.400000095367431640625</ele>
        <time>2026-03-21T12:14:37.000Z</time>
        <extensions>
          <ns3:TrackPointExtension>
            <ns3:hr>153</ns3:hr>
            <ns3:cad>89</ns3:cad>
          </ns3:TrackPointExtension>
        </extensions>
      </trkpt>
      <trkpt lat="31.1609105765819549560546875" lon="121.199930347502231597900390625">
        <ele>4.599999904632568359375</ele>
        <time>2026-03-21T12:14:38.000Z</time>
        <extensions>
          <ns3:TrackPointExtension>
            <ns3:hr>154</ns3:hr>
            <ns3:cad>89</ns3:cad>
          </ns3:TrackPointExtension>
        </extensions>
      </trkpt>
      <trkpt lat="31.1608825810253620147705078125" lon="121.19992204941809177398681640625">
        <ele>4.599999904632568359375</ele>
        <time>2026-03-21T12:14:39.000Z</time>
        <extensions>
          <ns3:TrackPointExtension>
            <ns3:hr>154</ns3:hr>
            <ns3:cad>87</ns3:cad>
          </ns3:TrackPointExtension>
        </extensions>
      </trkpt>
      <trkpt lat="31.1608581058681011199951171875" lon="121.19992841966450214385986328125">
        <ele>4.599999904632568359375</ele>
        <time>2026-03-21T12:14:40.000Z</time>
        <extensions>
          <ns3:TrackPointExtension>
            <ns3:hr>153</ns3:hr>
            <ns3:cad>87</ns3:cad>
          </ns3:TrackPointExtension>
        </extensions>
      </trkpt>
      <trkpt lat="31.1608269251883029937744140625" lon="121.1999340355396270751953125">
        <ele>4.599999904632568359375</ele>
        <time>2026-03-21T12:14:41.000Z</time>
        <extensions>
          <ns3:TrackPointExtension>
            <ns3:hr>154</ns3:hr>
            <ns3:cad>87</ns3:cad>
          </ns3:TrackPointExtension>
        </extensions>
      </trkpt>
      <trkpt lat="31.16079985164105892181396484375" lon="121.19994300417602062225341796875">
        <ele>4.599999904632568359375</ele>
        <time>2026-03-21T12:14:42.000Z</time>
        <extensions>
          <ns3:TrackPointExtension>
            <ns3:hr>154</ns3:hr>
            <ns3:cad>89</ns3:cad>
          </ns3:TrackPointExtension>
        </extensions>
      </trkpt>
      <trkpt lat="31.16076548583805561065673828125" lon="121.19994535110890865325927734375">
        <ele>4.599999904632568359375</ele>
        <time>2026-03-21T12:14:43.000Z</time>
        <extensions>
          <ns3:TrackPointExtension>
            <ns3:hr>154</ns3:hr>
            <ns3:cad>90</ns3:cad>
          </ns3:TrackPointExtension>
        </extensions>
      </trkpt>
      <trkpt lat="31.1607389152050018310546875" lon="121.19994954206049442291259765625">
        <ele>4.599999904632568359375</ele>
        <time>2026-03-21T12:14:44.000Z</time>
        <extensions>
          <ns3:TrackPointExtension>
            <ns3:hr>154</ns3:hr>
            <ns3:cad>90</ns3:cad>
          </ns3:TrackPointExtension>
        </extensions>
      </trkpt>
      <trkpt lat="31.16070605814456939697265625" lon="121.1999502964317798614501953125">
        <ele>4.599999904632568359375</ele>
        <time>2026-03-21T12:14:45.000Z</time>
        <extensions>
          <ns3:TrackPointExtension>
            <ns3:hr>154</ns3:hr>
            <ns3:cad>90</ns3:cad>
          </ns3:TrackPointExtension>
        </extensions>
      </trkpt>
      <trkpt lat="31.16068451665341854095458984375" lon="121.19995272718369960784912109375">
        <ele>4.599999904632568359375</ele>
        <time>2026-03-21T12:14:46.000Z</time>
        <extensions>
          <ns3:TrackPointExtension>
            <ns3:hr>154</ns3:hr>
            <ns3:cad>90</ns3:cad>
          </ns3:TrackPointExtension>
        </extensions>
      </trkpt>
      <trkpt lat="31.160654090344905853271484375" lon="121.19995708577334880828857421875">
        <ele>4.599999904632568359375</ele>
        <time>2026-03-21T12:14:47.000Z</time>
        <extensions>
          <ns3:TrackPointExtension>
            <ns3:hr>154</ns3:hr>
            <ns3:cad>88</ns3:cad>
          </ns3:TrackPointExtension>
        </extensions>
      </trkpt>
      <trkpt lat="31.16063254885375499725341796875" lon="121.1999620310962200164794921875">
        <ele>4.599999904632568359375</ele>
        <time>2026-03-21T12:14:48.000Z</time>
        <extensions>
          <ns3:TrackPointExtension>
            <ns3:hr>154</ns3:hr>
            <ns3:cad>88</ns3:cad>
          </ns3:TrackPointExtension>
        </extensions>
      </trkpt>
      <trkpt lat="31.1606089957058429718017578125" lon="121.19997083209455013275146484375">
        <ele>4.599999904632568359375</ele>
        <time>2026-03-21T12:14:49.000Z</time>
        <extensions>
          <ns3:TrackPointExtension>
            <ns3:hr>153</ns3:hr>
            <ns3:cad>89</ns3:cad>
          </ns3:TrackPointExtension>
        </extensions>
      </trkpt>
      <trkpt lat="31.1605887115001678466796875" lon="121.199975945055484771728515625">
        <ele>4.599999904632568359375</ele>
        <time>2026-03-21T12:14:50.000Z</time>
        <extensions>
          <ns3:TrackPointExtension>
            <ns3:hr>154</ns3:hr>
            <ns3:cad>89</ns3:cad>
          </ns3:TrackPointExtension>
        </extensions>
      </trkpt>
      <trkpt lat="31.16055945865809917449951171875" lon="121.199978627264499664306640625">
        <ele>4.599999904632568359375</ele>
        <time>2026-03-21T12:14:51.000Z</time>
        <extensions>
          <ns3:TrackPointExtension>
            <ns3:hr>153</ns3:hr>
            <ns3:cad>90</ns3:cad>
          </ns3:TrackPointExtension>
        </extensions>
      </trkpt>
      <trkpt lat="31.16053883917629718780517578125" lon="121.199984662234783172607421875">
        <ele>4.599999904632568359375</ele>
        <time>2026-03-21T12:14:52.000Z</time>
        <extensions>
          <ns3:TrackPointExtension>
            <ns3:hr>153</ns3:hr>
            <ns3:cad>90</ns3:cad>
          </ns3:TrackPointExtension>
        </extensions>
      </trkpt>
      <trkpt lat="31.1605064012110233306884765625" lon="121.19999027810990810394287109375">
        <ele>4.599999904632568359375</ele>
        <time>2026-03-21T12:14:53.000Z</time>
        <extensions>
          <ns3:TrackPointExtension>
            <ns3:hr>153</ns3:hr>
            <ns3:cad>90</ns3:cad>
          </ns3:TrackPointExtension>
        </extensions>
      </trkpt>
      <trkpt lat="31.16048636846244335174560546875" lon="121.19999832473695278167724609375">
        <ele>4.599999904632568359375</ele>
        <time>2026-03-21T12:14:54.000Z</time>
        <extensions>
          <ns3:TrackPointExtension>
            <ns3:hr>154</ns3:hr>
            <ns3:cad>88</ns3:cad>
          </ns3:TrackPointExtension>
        </extensions>
      </trkpt>
      <trkpt lat="31.16045820526778697967529296875" lon="121.2000009231269359588623046875">
        <ele>4.599999904632568359375</ele>
        <time>2026-03-21T12:14:55.000Z</time>
        <extensions>
          <ns3:TrackPointExtension>
            <ns3:hr>153</ns3:hr>
            <ns3:cad>89</ns3:cad>
          </ns3:TrackPointExtension>
        </extensions>
      </trkpt>
      <trkpt lat="31.16043808870017528533935546875" lon="121.200006119906902313232421875">
        <ele>4.599999904632568359375</ele>
        <time>2026-03-21T12:14:56.000Z</time>
        <extensions>
          <ns3:TrackPointExtension>
            <ns3:hr>153</ns3:hr>
            <ns3:cad>89</ns3:cad>
          </ns3:TrackPointExtension>
        </extensions>
      </trkpt>
      <trkpt lat="31.16040539927780628204345703125" lon="121.20000620372593402862548828125">
        <ele>4.599999904632568359375</ele>
        <time>2026-03-21T12:14:57.000Z</time>
        <extensions>
          <ns3:TrackPointExtension>
            <ns3:hr>153</ns3:hr>
            <ns3:cad>89</ns3:cad>
          </ns3:TrackPointExtension>
        </extensions>
      </trkpt>
      <trkpt lat="31.1603806726634502410888671875" lon="121.2000123225152492523193359375">
        <ele>4.599999904632568359375</ele>
        <time>2026-03-21T12:14:58.000Z</time>
        <extensions>
          <ns3:TrackPointExtension>
            <ns3:hr>153</ns3:hr>
            <ns3:cad>89</ns3:cad>
          </ns3:TrackPointExtension>
        </extensions>
      </trkpt>
      <trkpt lat="31.160348318517208099365234375" lon="121.2000176869332790374755859375">
        <ele>4.599999904632568359375</ele>
        <time>2026-03-21T12:14:59.000Z</time>
        <extensions>
          <ns3:TrackPointExtension>
            <ns3:hr>153</ns3:hr>
            <ns3:cad>89</ns3:cad>
          </ns3:TrackPointExtension>
        </extensions>
      </trkpt>
      <trkpt lat="31.16032057441771030426025390625" lon="121.2000220455229282379150390625">
        <ele>4.599999904632568359375</ele>
        <time>2026-03-21T12:15:00.000Z</time>
        <extensions>
          <ns3:TrackPointExtension>
            <ns3:hr>152</ns3:hr>
            <ns3:cad>89</ns3:cad>
          </ns3:TrackPointExtension>
        </extensions>
      </trkpt>
      <trkpt lat="31.16029107011854648590087890625" lon="121.20002917014062404632568359375">
        <ele>4.599999904632568359375</ele>
        <time>2026-03-21T12:15:01.000Z</time>
        <extensions>
          <ns3:TrackPointExtension>
            <ns3:hr>152</ns3:hr>
            <ns3:cad>88</ns3:cad>
          </ns3:TrackPointExtension>
        </extensions>
      </trkpt>
      <trkpt lat="31.160263828933238983154296875" lon="121.20003000833094120025634765625">
        <ele>4.599999904632568359375</ele>
        <time>2026-03-21T12:15:02.000Z</time>
        <extensions>
          <ns3:TrackPointExtension>
            <ns3:hr>152</ns3:hr>
            <ns3:cad>87</ns3:cad>
          </ns3:TrackPointExtension>
        </extensions>
      </trkpt>
      <trkpt lat="31.16023189388215541839599609375" lon="121.2000347860157489776611328125">
        <ele>4.599999904632568359375</ele>
        <time>2026-03-21T12:15:03.000Z</time>
        <extensions>
          <ns3:TrackPointExtension>
            <ns3:hr>152</ns3:hr>
            <ns3:cad>88</ns3:cad>
          </ns3:TrackPointExtension>
        </extensions>
      </trkpt>
      <trkpt lat="31.16020222194492816925048828125" lon="121.2000458501279354095458984375">
        <ele>4.599999904632568359375</ele>
        <time>2026-03-21T12:15:04.000Z</time>
        <extensions>
          <ns3:TrackPointExtension>
            <ns3:hr>152</ns3:hr>
            <ns3:cad>89</ns3:cad>
          </ns3:TrackPointExtension>
        </extensions>
      </trkpt>
      <trkpt lat="31.16017824970185756683349609375" lon="121.2000579200685024261474609375">
        <ele>4.599999904632568359375</ele>
        <time>2026-03-21T12:15:05.000Z</time>
        <extensions>
          <ns3:TrackPointExtension>
            <ns3:hr>152</ns3:hr>
            <ns3:cad>89</ns3:cad>
          </ns3:TrackPointExtension>
        </extensions>
      </trkpt>
      <trkpt lat="31.16015712730586528778076171875" lon="121.20007594116032123565673828125">
        <ele>4.599999904632568359375</ele>
        <time>2026-03-21T12:15:06.000Z</time>
        <extensions>
          <ns3:TrackPointExtension>
            <ns3:hr>153</ns3:hr>
            <ns3:cad>89</ns3:cad>
          </ns3:TrackPointExtension>
        </extensions>
      </trkpt>
      <trkpt lat="31.16013516671955585479736328125" lon="121.200091280043125152587890625">
        <ele>4.599999904632568359375</ele>
        <time>2026-03-21T12:15:07.000Z</time>
        <extensions>
          <ns3:TrackPointExtension>
            <ns3:hr>153</ns3:hr>
            <ns3:cad>90</ns3:cad>
          </ns3:TrackPointExtension>
        </extensions>
      </trkpt>
      <trkpt lat="31.16010926663875579833984375" lon="121.200099997222423553466796875">
        <ele>4.599999904632568359375</ele>
        <time>2026-03-21T12:15:08.000Z</time>
        <extensions>
          <ns3:TrackPointExtension>
            <ns3:hr>152</ns3:hr>
            <ns3:cad>90</ns3:cad>
          </ns3:TrackPointExtension>
        </extensions>
      </trkpt>
      <trkpt lat="31.1600822769105434417724609375" lon="121.200113408267498016357421875">
        <ele>4.599999904632568359375</ele>
        <time>2026-03-21T12:15:09.000Z</time>
        <extensions>
          <ns3:TrackPointExtension>
            <ns3:hr>152</ns3:hr>
            <ns3:cad>90</ns3:cad>
          </ns3:TrackPointExtension>
        </extensions>
      </trkpt>
      <trkpt lat="31.16005822084844112396240234375" lon="121.20012220926582813262939453125">
        <ele>4.599999904632568359375</ele>
        <time>2026-03-21T12:15:10.000Z</time>
        <extensions>
          <ns3:TrackPointExtension>
            <ns3:hr>152</ns3:hr>
            <ns3:cad>88</ns3:cad>
          </ns3:TrackPointExtension>
        </extensions>
      </trkpt>
      <trkpt lat="31.16003374569118022918701171875" lon="121.20012824423611164093017578125">
        <ele>4.599999904632568359375</ele>
        <time>2026-03-21T12:15:11.000Z</time>
        <extensions>
          <ns3:TrackPointExtension>
            <ns3:hr>153</ns3:hr>
            <ns3:cad>88</ns3:cad>
          </ns3:TrackPointExtension>
        </extensions>
      </trkpt>
      <trkpt lat="31.16000323556363582611083984375" lon="121.20013562031090259552001953125">
        <ele>4.599999904632568359375</ele>
        <time>2026-03-21T12:15:12.000Z</time>
        <extensions>
          <ns3:TrackPointExtension>
            <ns3:hr>152</ns3:hr>
            <ns3:cad>89</ns3:cad>
          </ns3:TrackPointExtension>
        </extensions>
      </trkpt>
      <trkpt lat="31.159975826740264892578125" lon="121.20014727115631103515625">
        <ele>4.599999904632568359375</ele>
        <time>2026-03-21T12:15:13.000Z</time>
        <extensions>
          <ns3:TrackPointExtension>
            <ns3:hr>152</ns3:hr>
            <ns3:cad>90</ns3:cad>
          </ns3:TrackPointExtension>
        </extensions>
      </trkpt>
      <trkpt lat="31.1599461548030376434326171875" lon="121.200154311954975128173828125">
        <ele>4.599999904632568359375</ele>
        <time>2026-03-21T12:15:14.000Z</time>
        <extensions>
          <ns3:TrackPointExtension>
            <ns3:hr>153</ns3:hr>
            <ns3:cad>90</ns3:cad>
          </ns3:TrackPointExtension>
        </extensions>
      </trkpt>
      <trkpt lat="31.1599216796457767486572265625" lon="121.2001620233058929443359375">
        <ele>4.599999904632568359375</ele>
        <time>2026-03-21T12:15:15.000Z</time>
        <extensions>
          <ns3:TrackPointExtension>
            <ns3:hr>152</ns3:hr>
            <ns3:cad>90</ns3:cad>
          </ns3:TrackPointExtension>
        </extensions>
      </trkpt>
      <trkpt lat="31.1598878167569637298583984375" lon="121.2001699022948741912841796875">
        <ele>4.599999904632568359375</ele>
        <time>2026-03-21T12:15:16.000Z</time>
        <extensions>
          <ns3:TrackPointExtension>
            <ns3:hr>152</ns3:hr>
            <ns3:cad>88</ns3:cad>
          </ns3:TrackPointExtension>
        </extensions>
      </trkpt>
      <trkpt lat="31.15985940210521221160888671875" lon="121.20017610490322113037109375">
        <ele>4.599999904632568359375</ele>
        <time>2026-03-21T12:15:17.000Z</time>
        <extensions>
          <ns3:TrackPointExtension>
            <ns3:hr>152</ns3:hr>
            <ns3:cad>88</ns3:cad>
          </ns3:TrackPointExtension>
        </extensions>
      </trkpt>
      <trkpt lat="31.15982805378735065460205078125" lon="121.2001802958548069000244140625">
        <ele>4.599999904632568359375</ele>
        <time>2026-03-21T12:15:18.000Z</time>
        <extensions>
          <ns3:TrackPointExtension>
            <ns3:hr>152</ns3:hr>
            <ns3:cad>89</ns3:cad>
          </ns3:TrackPointExtension>
        </extensions>
      </trkpt>
      <trkpt lat="31.15980559028685092926025390625" lon="121.2001861631870269775390625">
        <ele>4.599999904632568359375</ele>
        <time>2026-03-21T12:15:19.000Z</time>
        <extensions>
          <ns3:TrackPointExtension>
            <ns3:hr>153</ns3:hr>
            <ns3:cad>89</ns3:cad>
          </ns3:TrackPointExtension>
        </extensions>
      </trkpt>
      <trkpt lat="31.15977876819670200347900390625" lon="121.2001863308250904083251953125">
        <ele>4.599999904632568359375</ele>
        <time>2026-03-21T12:15:20.000Z</time>
        <extensions>
          <ns3:TrackPointExtension>
            <ns3:hr>152</ns3:hr>
            <ns3:cad>89</ns3:cad>
          </ns3:TrackPointExtension>
        </extensions>
      </trkpt>
      <trkpt lat="31.15975814871490001678466796875" lon="121.200192533433437347412109375">
        <ele>4.599999904632568359375</ele>
        <time>2026-03-21T12:15:21.000Z</time>
        <extensions>
          <ns3:TrackPointExtension>
            <ns3:hr>152</ns3:hr>
            <ns3:cad>89</ns3:cad>
          </ns3:TrackPointExtension>
        </extensions>
      </trkpt>
      <trkpt lat="31.15973417647182941436767578125" lon="121.200197227299213409423828125">
        <ele>4.599999904632568359375</ele>
        <time>2026-03-21T12:15:22.000Z</time>
        <extensions>
          <ns3:TrackPointExtension>
            <ns3:hr>152</ns3:hr>
            <ns3:cad>89</ns3:cad>
          </ns3:TrackPointExtension>
        </extensions>
      </trkpt>
      <trkpt lat="31.15971338935196399688720703125" lon="121.20020602829754352569580078125">
        <ele>4.599999904632568359375</ele>
        <time>2026-03-21T12:15:23.000Z</time>
        <extensions>
          <ns3:TrackPointExtension>
            <ns3:hr>152</ns3:hr>
            <ns3:cad>89</ns3:cad>
          </ns3:TrackPointExtension>
        </extensions>
      </trkpt>
      <trkpt lat="31.1596849747002124786376953125" lon="121.20020787231624126434326171875">
        <ele>4.599999904632568359375</ele>
        <time>2026-03-21T12:15:24.000Z</time>
        <extensions>
          <ns3:TrackPointExtension>
            <ns3:hr>152</ns3:hr>
            <ns3:cad>88</ns3:cad>
          </ns3:TrackPointExtension>
        </extensions>
      </trkpt>
      <trkpt lat="31.1596591584384441375732421875" lon="121.20021658949553966522216796875">
        <ele>4.599999904632568359375</ele>
        <time>2026-03-21T12:15:25.000Z</time>
        <extensions>
          <ns3:TrackPointExtension>
            <ns3:hr>153</ns3:hr>
            <ns3:cad>89</ns3:cad>
          </ns3:TrackPointExtension>
        </extensions>
      </trkpt>
      <trkpt lat="31.15963359363377094268798828125" lon="121.20022094808518886566162109375">
        <ele>4.599999904632568359375</ele>
        <time>2026-03-21T12:15:26.000Z</time>
        <extensions>
          <ns3:TrackPointExtension>
            <ns3:hr>153</ns3:hr>
            <ns3:cad>89</ns3:cad>
          </ns3:TrackPointExtension>
        </extensions>
      </trkpt>
      <trkpt lat="31.15960660390555858612060546875" lon="121.200223378837108612060546875">
        <ele>4.599999904632568359375</ele>
        <time>2026-03-21T12:15:27.000Z</time>
        <extensions>
          <ns3:TrackPointExtension>
            <ns3:hr>153</ns3:hr>
            <ns3:cad>89</ns3:cad>
          </ns3:TrackPointExtension>
        </extensions>
      </trkpt>
      <trkpt lat="31.15957844071090221405029296875" lon="121.20023000054061412811279296875">
        <ele>4.599999904632568359375</ele>
        <time>2026-03-21T12:15:28.000Z</time>
        <extensions>
          <ns3:TrackPointExtension>
            <ns3:hr>153</ns3:hr>
            <ns3:cad>89</ns3:cad>
          </ns3:TrackPointExtension>
        </extensions>
      </trkpt>
      <trkpt lat="31.15955111570656299591064453125" lon="121.2002366222441196441650390625">
        <ele>4.599999904632568359375</ele>
        <time>2026-03-21T12:15:29.000Z</time>
        <extensions>
          <ns3:TrackPointExtension>
            <ns3:hr>153</ns3:hr>
            <ns3:cad>89</ns3:cad>
          </ns3:TrackPointExtension>
        </extensions>
      </trkpt>
      <trkpt lat="31.15952362306416034698486328125" lon="121.2002456746995449066162109375">
        <ele>4.599999904632568359375</ele>
        <time>2026-03-21T12:15:30.000Z</time>
        <extensions>
          <ns3:TrackPointExtension>
            <ns3:hr>153</ns3:hr>
            <ns3:cad>88</ns3:cad>
          </ns3:TrackPointExtension>
        </extensions>
      </trkpt>
      <trkpt lat="31.15949680097401142120361328125" lon="121.20025120675563812255859375">
        <ele>4.599999904632568359375</ele>
        <time>2026-03-21T12:15:31.000Z</time>
        <extensions>
          <ns3:TrackPointExtension>
            <ns3:hr>153</ns3:hr>
            <ns3:cad>88</ns3:cad>
          </ns3:TrackPointExtension>
        </extensions>
      </trkpt>
      <trkpt lat="31.15947098471224308013916015625" lon="121.20025699026882648468017578125">
        <ele>4.599999904632568359375</ele>
        <time>2026-03-21T12:15:32.000Z</time>
        <extensions>
          <ns3:TrackPointExtension>
            <ns3:hr>153</ns3:hr>
            <ns3:cad>87</ns3:cad>
          </ns3:TrackPointExtension>
        </extensions>
      </trkpt>
      <trkpt lat="31.15944449789822101593017578125" lon="121.2002637796103954315185546875">
        <ele>4.599999904632568359375</ele>
        <time>2026-03-21T12:15:33.000Z</time>
        <extensions>
          <ns3:TrackPointExtension>
            <ns3:hr>153</ns3:hr>
            <ns3:cad>87</ns3:cad>
          </ns3:TrackPointExtension>
        </extensions>
      </trkpt>
      <trkpt lat="31.15942262113094329833984375" lon="121.20027325116097927093505859375">
        <ele>4.599999904632568359375</ele>
        <time>2026-03-21T12:15:34.000Z</time>
        <extensions>
          <ns3:TrackPointExtension>
            <ns3:hr>153</ns3:hr>
            <ns3:cad>88</ns3:cad>
          </ns3:TrackPointExtension>
        </extensions>
      </trkpt>
      <trkpt lat="31.159391440451145172119140625" lon="121.2002731673419475555419921875">
        <ele>4.599999904632568359375</ele>
        <time>2026-03-21T12:15:35.000Z</time>
        <extensions>
          <ns3:TrackPointExtension>
            <ns3:hr>154</ns3:hr>
            <ns3:cad>88</ns3:cad>
          </ns3:TrackPointExtension>
        </extensions>
      </trkpt>
      <trkpt lat="31.15936771966516971588134765625" lon="121.200283728539943695068359375">
        <ele>4.599999904632568359375</ele>
        <time>2026-03-21T12:15:36.000Z</time>
        <extensions>
          <ns3:TrackPointExtension>
            <ns3:hr>154</ns3:hr>
            <ns3:cad>88</ns3:cad>
          </ns3:TrackPointExtension>
        </extensions>
      </trkpt>
      <trkpt lat="31.15933804772794246673583984375" lon="121.200291775166988372802734375">
        <ele>4.599999904632568359375</ele>
        <time>2026-03-21T12:15:37.000Z</time>
        <extensions>
          <ns3:TrackPointExtension>
            <ns3:hr>154</ns3:hr>
            <ns3:cad>88</ns3:cad>
          </ns3:TrackPointExtension>
        </extensions>
      </trkpt>
      <trkpt lat="31.15931474603712558746337890625" lon="121.20029973797500133514404296875">
        <ele>4.599999904632568359375</ele>
        <time>2026-03-21T12:15:38.000Z</time>
        <extensions>
          <ns3:TrackPointExtension>
            <ns3:hr>154</ns3:hr>
            <ns3:cad>88</ns3:cad>
          </ns3:TrackPointExtension>
        </extensions>
      </trkpt>
      <trkpt lat="31.159284152090549468994140625" lon="121.20030711404979228973388671875">
        <ele>4.80000019073486328125</ele>
        <time>2026-03-21T12:15:39.000Z</time>
        <extensions>
          <ns3:TrackPointExtension>
            <ns3:hr>154</ns3:hr>
            <ns3:cad>87</ns3:cad>
          </ns3:TrackPointExtension>
        </extensions>
      </trkpt>
      <trkpt lat="31.159264035522937774658203125" lon="121.2003147415816783905029296875">
        <ele>4.80000019073486328125</ele>
        <time>2026-03-21T12:15:40.000Z</time>
        <extensions>
          <ns3:TrackPointExtension>
            <ns3:hr>153</ns3:hr>
            <ns3:cad>87</ns3:cad>
          </ns3:TrackPointExtension>
        </extensions>
      </trkpt>
      <trkpt lat="31.15923729725182056427001953125" lon="121.2003207765519618988037109375">
        <ele>4.599999904632568359375</ele>
        <time>2026-03-21T12:15:41.000Z</time>
        <extensions>
          <ns3:TrackPointExtension>
            <ns3:hr>154</ns3:hr>
            <ns3:cad>88</ns3:cad>
          </ns3:TrackPointExtension>
        </extensions>
      </trkpt>
      <trkpt lat="31.15921449847519397735595703125" lon="121.2003256380558013916015625">
        <ele>4.599999904632568359375</ele>
        <time>2026-03-21T12:15:42.000Z</time>
        <extensions>
          <ns3:TrackPointExtension>
            <ns3:hr>154</ns3:hr>
            <ns3:cad>89</ns3:cad>
          </ns3:TrackPointExtension>
        </extensions>
      </trkpt>
      <trkpt lat="31.15918767638504505157470703125" lon="121.20032739825546741485595703125">
        <ele>4.599999904632568359375</ele>
        <time>2026-03-21T12:15:43.000Z</time>
        <extensions>
          <ns3:TrackPointExtension>
            <ns3:hr>154</ns3:hr>
            <ns3:cad>89</ns3:cad>
          </ns3:TrackPointExtension>
        </extensions>
      </trkpt>
      <trkpt lat="31.15916102193295955657958984375" lon="121.2003311701118946075439453125">
        <ele>4.599999904632568359375</ele>
        <time>2026-03-21T12:15:44.000Z</time>
        <extensions>
          <ns3:TrackPointExtension>
            <ns3:hr>154</ns3:hr>
            <ns3:cad>89</ns3:cad>
          </ns3:TrackPointExtension>
        </extensions>
      </trkpt>
      <trkpt lat="31.15913386456668376922607421875" lon="121.20033728890120983123779296875">
        <ele>4.599999904632568359375</ele>
        <time>2026-03-21T12:15:45.000Z</time>
        <extensions>
          <ns3:TrackPointExtension>
            <ns3:hr>154</ns3:hr>
            <ns3:cad>89</ns3:cad>
          </ns3:TrackPointExtension>
        </extensions>
      </trkpt>
      <trkpt lat="31.15910737775266170501708984375" lon="121.2003465928137302398681640625">
        <ele>4.599999904632568359375</ele>
        <time>2026-03-21T12:15:46.000Z</time>
        <extensions>
          <ns3:TrackPointExtension>
            <ns3:hr>153</ns3:hr>
            <ns3:cad>89</ns3:cad>
          </ns3:TrackPointExtension>
        </extensions>
      </trkpt>
      <trkpt lat="31.159080304205417633056640625" lon="121.2003522925078868865966796875">
        <ele>4.80000019073486328125</ele>
        <time>2026-03-21T12:15:47.000Z</time>
        <extensions>
          <ns3:TrackPointExtension>
            <ns3:hr>153</ns3:hr>
            <ns3:cad>90</ns3:cad>
          </ns3:TrackPointExtension>
        </extensions>
      </trkpt>
      <trkpt lat="31.15905339829623699188232421875" lon="121.2003583274781703948974609375">
        <ele>4.80000019073486328125</ele>
        <time>2026-03-21T12:15:48.000Z</time>
        <extensions>
          <ns3:TrackPointExtension>
            <ns3:hr>153</ns3:hr>
            <ns3:cad>90</ns3:cad>
          </ns3:TrackPointExtension>
        </extensions>
      </trkpt>
      <trkpt lat="31.1590261571109294891357421875" lon="121.200360842049121856689453125">
        <ele>4.80000019073486328125</ele>
        <time>2026-03-21T12:15:49.000Z</time>
        <extensions>
          <ns3:TrackPointExtension>
            <ns3:hr>153</ns3:hr>
            <ns3:cad>90</ns3:cad>
          </ns3:TrackPointExtension>
        </extensions>
      </trkpt>
      <trkpt lat="31.1590023525059223175048828125" lon="121.2003658711910247802734375">
        <ele>4.80000019073486328125</ele>
        <time>2026-03-21T12:15:50.000Z</time>
        <extensions>
          <ns3:TrackPointExtension>
            <ns3:hr>153</ns3:hr>
            <ns3:cad>89</ns3:cad>
          </ns3:TrackPointExtension>
        </extensions>
      </trkpt>
      <trkpt lat="31.1589762009680271148681640625" lon="121.20037257671356201171875">
        <ele>4.80000019073486328125</ele>
        <time>2026-03-21T12:15:51.000Z</time>
        <extensions>
          <ns3:TrackPointExtension>
            <ns3:hr>153</ns3:hr>
            <ns3:cad>89</ns3:cad>
          </ns3:TrackPointExtension>
        </extensions>
      </trkpt>
      <trkpt lat="31.15894963033497333526611328125" lon="121.20038037188351154327392578125">
        <ele>4.80000019073486328125</ele>
        <time>2026-03-21T12:15:52.000Z</time>
        <extensions>
          <ns3:TrackPointExtension>
            <ns3:hr>152</ns3:hr>
            <ns3:cad>88</ns3:cad>
          </ns3:TrackPointExtension>
        </extensions>
      </trkpt>
      <trkpt lat="31.1589235626161098480224609375" lon="121.2003873288631439208984375">
        <ele>4.80000019073486328125</ele>
        <time>2026-03-21T12:15:53.000Z</time>
        <extensions>
          <ns3:TrackPointExtension>
            <ns3:hr>153</ns3:hr>
            <ns3:cad>88</ns3:cad>
          </ns3:TrackPointExtension>
        </extensions>
      </trkpt>
      <trkpt lat="31.15890026092529296875" lon="121.2003888376057147979736328125">
        <ele>4.80000019073486328125</ele>
        <time>2026-03-21T12:15:54.000Z</time>
        <extensions>
          <ns3:TrackPointExtension>
            <ns3:hr>153</ns3:hr>
            <ns3:cad>88</ns3:cad>
          </ns3:TrackPointExtension>
        </extensions>
      </trkpt>
      <trkpt lat="31.15887369029223918914794921875" lon="121.20039210654795169830322265625">
        <ele>4.80000019073486328125</ele>
        <time>2026-03-21T12:15:55.000Z</time>
        <extensions>
          <ns3:TrackPointExtension>
            <ns3:hr>153</ns3:hr>
            <ns3:cad>90</ns3:cad>
          </ns3:TrackPointExtension>
        </extensions>
      </trkpt>
      <trkpt lat="31.15884636528789997100830078125" lon="121.20039545930922031402587890625">
        <ele>4.80000019073486328125</ele>
        <time>2026-03-21T12:15:56.000Z</time>
        <extensions>
          <ns3:TrackPointExtension>
            <ns3:hr>152</ns3:hr>
            <ns3:cad>90</ns3:cad>
          </ns3:TrackPointExtension>
        </extensions>
      </trkpt>
      <trkpt lat="31.1588223092257976531982421875" lon="121.200398392975330352783203125">
        <ele>4.80000019073486328125</ele>
        <time>2026-03-21T12:15:57.000Z</time>
        <extensions>
          <ns3:TrackPointExtension>
            <ns3:hr>152</ns3:hr>
            <ns3:cad>90</ns3:cad>
          </ns3:TrackPointExtension>
        </extensions>
      </trkpt>
      <trkpt lat="31.15879892371594905853271484375" lon="121.2004042603075504302978515625">
        <ele>4.80000019073486328125</ele>
        <time>2026-03-21T12:15:58.000Z</time>
        <extensions>
          <ns3:TrackPointExtension>
            <ns3:hr>153</ns3:hr>
            <ns3:cad>90</ns3:cad>
          </ns3:TrackPointExtension>
        </extensions>
      </trkpt>
      <trkpt lat="31.1587747000157833099365234375" lon="121.2004099600017070770263671875">
        <ele>4.80000019073486328125</ele>
        <time>2026-03-21T12:15:59.000Z</time>
        <extensions>
          <ns3:TrackPointExtension>
            <ns3:hr>153</ns3:hr>
            <ns3:cad>90</ns3:cad>
          </ns3:TrackPointExtension>
        </extensions>
      </trkpt>
      <trkpt lat="31.1587515659630298614501953125" lon="121.2004141509532928466796875">
        <ele>4.80000019073486328125</ele>
        <time>2026-03-21T12:16:00.000Z</time>
        <extensions>
          <ns3:TrackPointExtension>
            <ns3:hr>153</ns3:hr>
            <ns3:cad>89</ns3:cad>
          </ns3:TrackPointExtension>
        </extensions>
      </trkpt>
      <trkpt lat="31.158724911510944366455078125" lon="121.20042144320905208587646484375">
        <ele>4.80000019073486328125</ele>
        <time>2026-03-21T12:16:01.000Z</time>
        <extensions>
          <ns3:TrackPointExtension>
            <ns3:hr>153</ns3:hr>
            <ns3:cad>89</ns3:cad>
          </ns3:TrackPointExtension>
        </extensions>
      </trkpt>
      <trkpt lat="31.15869549103081226348876953125" lon="121.20042429305613040924072265625">
        <ele>4.80000019073486328125</ele>
        <time>2026-03-21T12:16:02.000Z</time>
        <extensions>
          <ns3:TrackPointExtension>
            <ns3:hr>153</ns3:hr>
            <ns3:cad>89</ns3:cad>
          </ns3:TrackPointExtension>
        </extensions>
      </trkpt>
      <trkpt lat="31.15867084823548793792724609375" lon="121.20043200440704822540283203125">
        <ele>4.80000019073486328125</ele>
        <time>2026-03-21T12:16:03.000Z</time>
        <extensions>
          <ns3:TrackPointExtension>
            <ns3:hr>152</ns3:hr>
            <ns3:cad>89</ns3:cad>
          </ns3:TrackPointExtension>
        </extensions>
      </trkpt>
      <trkpt lat="31.15864268504083156585693359375" lon="121.20043569244444370269775390625">
        <ele>4.80000019073486328125</ele>
        <time>2026-03-21T12:16:04.000Z</time>
        <extensions>
          <ns3:TrackPointExtension>
            <ns3:hr>153</ns3:hr>
            <ns3:cad>89</ns3:cad>
          </ns3:TrackPointExtension>
        </extensions>
      </trkpt>
      <trkpt lat="31.1586172878742218017578125" lon="121.20044440962374210357666015625">
        <ele>4.80000019073486328125</ele>
        <time>2026-03-21T12:16:05.000Z</time>
        <extensions>
          <ns3:TrackPointExtension>
            <ns3:hr>153</ns3:hr>
            <ns3:cad>89</ns3:cad>
          </ns3:TrackPointExtension>
        </extensions>
      </trkpt>
      <trkpt lat="31.15859038196504116058349609375" lon="121.2004463374614715576171875">
        <ele>4.80000019073486328125</ele>
        <time>2026-03-21T12:16:06.000Z</time>
        <extensions>
          <ns3:TrackPointExtension>
            <ns3:hr>153</ns3:hr>
            <ns3:cad>89</ns3:cad>
          </ns3:TrackPointExtension>
        </extensions>
      </trkpt>
      <trkpt lat="31.15856724791228771209716796875" lon="121.20045505464076995849609375">
        <ele>4.80000019073486328125</ele>
        <time>2026-03-21T12:16:07.000Z</time>
        <extensions>
          <ns3:TrackPointExtension>
            <ns3:hr>153</ns3:hr>
            <ns3:cad>89</ns3:cad>
          </ns3:TrackPointExtension>
        </extensions>
      </trkpt>
      <trkpt lat="31.158537827432155609130859375" lon="121.200455725193023681640625">
        <ele>4.80000019073486328125</ele>
        <time>2026-03-21T12:16:08.000Z</time>
        <extensions>
          <ns3:TrackPointExtension>
            <ns3:hr>152</ns3:hr>
            <ns3:cad>89</ns3:cad>
          </ns3:TrackPointExtension>
        </extensions>
      </trkpt>
      <trkpt lat="31.15851662121713161468505859375" lon="121.20046234689652919769287109375">
        <ele>4.80000019073486328125</ele>
        <time>2026-03-21T12:16:09.000Z</time>
        <extensions>
          <ns3:TrackPointExtension>
            <ns3:hr>153</ns3:hr>
            <ns3:cad>88</ns3:cad>
          </ns3:TrackPointExtension>
        </extensions>
      </trkpt>
      <trkpt lat="31.15848829038441181182861328125" lon="121.20047005824744701385498046875">
        <ele>5</ele>
        <time>2026-03-21T12:16:10.000Z</time>
        <extensions>
          <ns3:TrackPointExtension>
            <ns3:hr>153</ns3:hr>
            <ns3:cad>87</ns3:cad>
          </ns3:TrackPointExtension>
        </extensions>
      </trkpt>
      <trkpt lat="31.15846582688391208648681640625" lon="121.20047911070287227630615234375">
        <ele>5</ele>
        <time>2026-03-21T12:16:11.000Z</time>
        <extensions>
          <ns3:TrackPointExtension>
            <ns3:hr>153</ns3:hr>
            <ns3:cad>87</ns3:cad>
          </ns3:TrackPointExtension>
        </extensions>
      </trkpt>
      <trkpt lat="31.15843749605119228363037109375" lon="121.20048900134861469268798828125">
        <ele>5</ele>
        <time>2026-03-21T12:16:12.000Z</time>
        <extensions>
          <ns3:TrackPointExtension>
            <ns3:hr>153</ns3:hr>
            <ns3:cad>87</ns3:cad>
          </ns3:TrackPointExtension>
        </extensions>
      </trkpt>
      <trkpt lat="31.15841251797974109649658203125" lon="121.2004961259663105010986328125">
        <ele>5</ele>
        <time>2026-03-21T12:16:13.000Z</time>
        <extensions>
          <ns3:TrackPointExtension>
            <ns3:hr>152</ns3:hr>
            <ns3:cad>88</ns3:cad>
          </ns3:TrackPointExtension>
        </extensions>
      </trkpt>
      <trkpt lat="31.1583854444324970245361328125" lon="121.200498305261135101318359375">
        <ele>5</ele>
        <time>2026-03-21T12:16:14.000Z</time>
        <extensions>
          <ns3:TrackPointExtension>
            <ns3:hr>153</ns3:hr>
            <ns3:cad>88</ns3:cad>
          </ns3:TrackPointExtension>
        </extensions>
      </trkpt>
      <trkpt lat="31.15836071781814098358154296875" lon="121.2005035020411014556884765625">
        <ele>4.80000019073486328125</ele>
        <time>2026-03-21T12:16:15.000Z</time>
        <extensions>
          <ns3:TrackPointExtension>
            <ns3:hr>153</ns3:hr>
            <ns3:cad>88</ns3:cad>
          </ns3:TrackPointExtension>
        </extensions>
      </trkpt>
      <trkpt lat="31.15833087824285030364990234375" lon="121.2005115486681461334228515625">
        <ele>4.80000019073486328125</ele>
        <time>2026-03-21T12:16:16.000Z</time>
        <extensions>
          <ns3:TrackPointExtension>
            <ns3:hr>153</ns3:hr>
            <ns3:cad>88</ns3:cad>
          </ns3:TrackPointExtension>
        </extensions>
      </trkpt>
      <trkpt lat="31.1583036370575428009033203125" lon="121.2005182541906833648681640625">
        <ele>4.80000019073486328125</ele>
        <time>2026-03-21T12:16:17.000Z</time>
        <extensions>
          <ns3:TrackPointExtension>
            <ns3:hr>153</ns3:hr>
            <ns3:cad>88</ns3:cad>
          </ns3:TrackPointExtension>
        </extensions>
      </trkpt>
      <trkpt lat="31.15827924571931362152099609375" lon="121.200527139008045196533203125">
        <ele>4.80000019073486328125</ele>
        <time>2026-03-21T12:16:18.000Z</time>
        <extensions>
          <ns3:TrackPointExtension>
            <ns3:hr>153</ns3:hr>
            <ns3:cad>88</ns3:cad>
          </ns3:TrackPointExtension>
        </extensions>
      </trkpt>
      <trkpt lat="31.15825158543884754180908203125" lon="121.200537197291851043701171875">
        <ele>5</ele>
        <time>2026-03-21T12:16:19.000Z</time>
        <extensions>
          <ns3:TrackPointExtension>
            <ns3:hr>153</ns3:hr>
            <ns3:cad>89</ns3:cad>
          </ns3:TrackPointExtension>
        </extensions>
      </trkpt>
      <trkpt lat="31.1582261882722377777099609375" lon="121.2005437351763248443603515625">
        <ele>5</ele>
        <time>2026-03-21T12:16:20.000Z</time>
        <extensions>
          <ns3:TrackPointExtension>
            <ns3:hr>153</ns3:hr>
            <ns3:cad>89</ns3:cad>
          </ns3:TrackPointExtension>
        </extensions>
      </trkpt>
      <trkpt lat="31.15819877944886684417724609375" lon="121.20054800994694232940673828125">
        <ele>5</ele>
        <time>2026-03-21T12:16:21.000Z</time>
        <extensions>
          <ns3:TrackPointExtension>
            <ns3:hr>153</ns3:hr>
            <ns3:cad>89</ns3:cad>
          </ns3:TrackPointExtension>
        </extensions>
      </trkpt>
      <trkpt lat="31.15817229263484477996826171875" lon="121.2005551345646381378173828125">
        <ele>5</ele>
        <time>2026-03-21T12:16:22.000Z</time>
        <extensions>
          <ns3:TrackPointExtension>
            <ns3:hr>153</ns3:hr>
            <ns3:cad>89</ns3:cad>
          </ns3:TrackPointExtension>
        </extensions>
      </trkpt>
      <trkpt lat="31.15814362652599811553955078125" lon="121.20056309737265110015869140625">
        <ele>5</ele>
        <time>2026-03-21T12:16:23.000Z</time>
        <extensions>
          <ns3:TrackPointExtension>
            <ns3:hr>153</ns3:hr>
            <ns3:cad>89</ns3:cad>
          </ns3:TrackPointExtension>
        </extensions>
      </trkpt>
      <trkpt lat="31.15812049247324466705322265625" lon="121.200570054352283477783203125">
        <ele>5</ele>
        <time>2026-03-21T12:16:24.000Z</time>
        <extensions>
          <ns3:TrackPointExtension>
            <ns3:hr>154</ns3:hr>
            <ns3:cad>89</ns3:cad>
          </ns3:TrackPointExtension>
        </extensions>
      </trkpt>
      <trkpt lat="31.158095933496952056884765625" lon="121.20057801716029644012451171875">
        <ele>4.80000019073486328125</ele>
        <time>2026-03-21T12:16:25.000Z</time>
        <extensions>
          <ns3:TrackPointExtension>
            <ns3:hr>154</ns3:hr>
            <ns3:cad>89</ns3:cad>
          </ns3:TrackPointExtension>
        </extensions>
      </trkpt>
      <trkpt lat="31.1580733023583889007568359375" lon="121.2005804479122161865234375">
        <ele>4.80000019073486328125</ele>
        <time>2026-03-21T12:16:26.000Z</time>
        <extensions>
          <ns3:TrackPointExtension>
            <ns3:hr>154</ns3:hr>
            <ns3:cad>89</ns3:cad>
          </ns3:TrackPointExtension>
        </extensions>
      </trkpt>
      <trkpt lat="31.15804539062082767486572265625" lon="121.20058656670153141021728515625">
        <ele>4.80000019073486328125</ele>
        <time>2026-03-21T12:16:27.000Z</time>
        <extensions>
          <ns3:TrackPointExtension>
            <ns3:hr>154</ns3:hr>
            <ns3:cad>89</ns3:cad>
          </ns3:TrackPointExtension>
        </extensions>
      </trkpt>
      <trkpt lat="31.1580203287303447723388671875" lon="121.2005913443863391876220703125">
        <ele>4.80000019073486328125</ele>
        <time>2026-03-21T12:16:28.000Z</time>
        <extensions>
          <ns3:TrackPointExtension>
            <ns3:hr>154</ns3:hr>
            <ns3:cad>90</ns3:cad>
          </ns3:TrackPointExtension>
        </extensions>
      </trkpt>
      <trkpt lat="31.157994009554386138916015625" lon="121.200599558651447296142578125">
        <ele>4.80000019073486328125</ele>
        <time>2026-03-21T12:16:29.000Z</time>
        <extensions>
          <ns3:TrackPointExtension>
            <ns3:hr>155</ns3:hr>
            <ns3:cad>90</ns3:cad>
          </ns3:TrackPointExtension>
        </extensions>
      </trkpt>
      <trkpt lat="31.15796760655939579010009765625" lon="121.2006037496030330657958984375">
        <ele>4.80000019073486328125</ele>
        <time>2026-03-21T12:16:30.000Z</time>
        <extensions>
          <ns3:TrackPointExtension>
            <ns3:hr>155</ns3:hr>
            <ns3:cad>90</ns3:cad>
          </ns3:TrackPointExtension>
        </extensions>
      </trkpt>
      <trkpt lat="31.15794003009796142578125" lon="121.20060794055461883544921875">
        <ele>4.80000019073486328125</ele>
        <time>2026-03-21T12:16:31.000Z</time>
        <extensions>
          <ns3:TrackPointExtension>
            <ns3:hr>155</ns3:hr>
            <ns3:cad>90</ns3:cad>
          </ns3:TrackPointExtension>
        </extensions>
      </trkpt>
      <trkpt lat="31.15791681222617626190185546875" lon="121.20060735382139682769775390625">
        <ele>4.80000019073486328125</ele>
        <time>2026-03-21T12:16:32.000Z</time>
        <extensions>
          <ns3:TrackPointExtension>
            <ns3:hr>155</ns3:hr>
            <ns3:cad>90</ns3:cad>
          </ns3:TrackPointExtension>
        </extensions>
      </trkpt>
      <trkpt lat="31.15789066068828105926513671875" lon="121.20061238296329975128173828125">
        <ele>4.80000019073486328125</ele>
        <time>2026-03-21T12:16:33.000Z</time>
        <extensions>
          <ns3:TrackPointExtension>
            <ns3:hr>154</ns3:hr>
            <ns3:cad>90</ns3:cad>
          </ns3:TrackPointExtension>
        </extensions>
      </trkpt>
      <trkpt lat="31.1578671075403690338134765625" lon="121.200619004666805267333984375">
        <ele>4.80000019073486328125</ele>
        <time>2026-03-21T12:16:34.000Z</time>
        <extensions>
          <ns3:TrackPointExtension>
            <ns3:hr>155</ns3:hr>
            <ns3:cad>90</ns3:cad>
          </ns3:TrackPointExtension>
        </extensions>
      </trkpt>
      <trkpt lat="31.157839111983776092529296875" lon="121.20062931440770626068115234375">
        <ele>5</ele>
        <time>2026-03-21T12:16:35.000Z</time>
        <extensions>
          <ns3:TrackPointExtension>
            <ns3:hr>155</ns3:hr>
            <ns3:cad>90</ns3:cad>
          </ns3:TrackPointExtension>
        </extensions>
      </trkpt>
      <trkpt lat="31.1578131280839443206787109375" lon="121.20064389891922473907470703125">
        <ele>5</ele>
        <time>2026-03-21T12:16:36.000Z</time>
        <extensions>
          <ns3:TrackPointExtension>
            <ns3:hr>155</ns3:hr>
            <ns3:cad>90</ns3:cad>
          </ns3:TrackPointExtension>
        </extensions>
      </trkpt>
      <trkpt lat="31.1577819474041461944580078125" lon="121.200652532279491424560546875">
        <ele>5</ele>
        <time>2026-03-21T12:16:37.000Z</time>
        <extensions>
          <ns3:TrackPointExtension>
            <ns3:hr>155</ns3:hr>
            <ns3:cad>90</ns3:cad>
          </ns3:TrackPointExtension>
        </extensions>
      </trkpt>
      <trkpt lat="31.1577584780752658843994140625" lon="121.20066183619201183319091796875">
        <ele>4.80000019073486328125</ele>
        <time>2026-03-21T12:16:38.000Z</time>
        <extensions>
          <ns3:TrackPointExtension>
            <ns3:hr>155</ns3:hr>
            <ns3:cad>89</ns3:cad>
          </ns3:TrackPointExtension>
        </extensions>
      </trkpt>
      <trkpt lat="31.157727800309658050537109375" lon="121.20066233910620212554931640625">
        <ele>4.80000019073486328125</ele>
        <time>2026-03-21T12:16:39.000Z</time>
        <extensions>
          <ns3:TrackPointExtension>
            <ns3:hr>155</ns3:hr>
            <ns3:cad>88</ns3:cad>
          </ns3:TrackPointExtension>
        </extensions>
      </trkpt>
      <trkpt lat="31.15770005621016025543212890625" lon="121.2006637640297412872314453125">
        <ele>4.80000019073486328125</ele>
        <time>2026-03-21T12:16:40.000Z</time>
        <extensions>
          <ns3:TrackPointExtension>
            <ns3:hr>155</ns3:hr>
            <ns3:cad>88</ns3:cad>
          </ns3:TrackPointExtension>
        </extensions>
      </trkpt>
      <trkpt lat="31.1576686240732669830322265625" lon="121.200659573078155517578125">
        <ele>4.80000019073486328125</ele>
        <time>2026-03-21T12:16:41.000Z</time>
        <extensions>
          <ns3:TrackPointExtension>
            <ns3:hr>155</ns3:hr>
            <ns3:cad>89</ns3:cad>
          </ns3:TrackPointExtension>
        </extensions>
      </trkpt>
      <trkpt lat="31.15764372982084751129150390625" lon="121.200660578906536102294921875">
        <ele>4.80000019073486328125</ele>
        <time>2026-03-21T12:16:42.000Z</time>
        <extensions>
          <ns3:TrackPointExtension>
            <ns3:hr>154</ns3:hr>
            <ns3:cad>89</ns3:cad>
          </ns3:TrackPointExtension>
        </extensions>
      </trkpt>
      <trkpt lat="31.157613135874271392822265625" lon="121.2006600759923458099365234375">
        <ele>4.80000019073486328125</ele>
        <time>2026-03-21T12:16:43.000Z</time>
        <extensions>
          <ns3:TrackPointExtension>
            <ns3:hr>154</ns3:hr>
            <ns3:cad>89</ns3:cad>
          </ns3:TrackPointExtension>
        </extensions>
      </trkpt>
      <trkpt lat="31.15759276784956455230712890625" lon="121.2006671167910099029541015625">
        <ele>5</ele>
        <time>2026-03-21T12:16:44.000Z</time>
        <extensions>
          <ns3:TrackPointExtension>
            <ns3:hr>155</ns3:hr>
            <ns3:cad>89</ns3:cad>
          </ns3:TrackPointExtension>
        </extensions>
      </trkpt>
      <trkpt lat="31.15756343118846416473388671875" lon="121.20067658834159374237060546875">
        <ele>5</ele>
        <time>2026-03-21T12:16:45.000Z</time>
        <extensions>
          <ns3:TrackPointExtension>
            <ns3:hr>155</ns3:hr>
            <ns3:cad>89</ns3:cad>
          </ns3:TrackPointExtension>
        </extensions>
      </trkpt>
      <trkpt lat="31.15754247643053531646728515625" lon="121.2006850540637969970703125">
        <ele>5</ele>
        <time>2026-03-21T12:16:46.000Z</time>
        <extensions>
          <ns3:TrackPointExtension>
            <ns3:hr>156</ns3:hr>
            <ns3:cad>89</ns3:cad>
          </ns3:TrackPointExtension>
        </extensions>
      </trkpt>
      <trkpt lat="31.1575137265026569366455078125" lon="121.20069066993892192840576171875">
        <ele>5.19999980926513671875</ele>
        <time>2026-03-21T12:16:47.000Z</time>
        <extensions>
          <ns3:TrackPointExtension>
            <ns3:hr>156</ns3:hr>
            <ns3:cad>88</ns3:cad>
          </ns3:TrackPointExtension>
        </extensions>
      </trkpt>
      <trkpt lat="31.1574922688305377960205078125" lon="121.200697124004364013671875">
        <ele>5.400000095367431640625</ele>
        <time>2026-03-21T12:16:48.000Z</time>
        <extensions>
          <ns3:TrackPointExtension>
            <ns3:hr>156</ns3:hr>
            <ns3:cad>89</ns3:cad>
          </ns3:TrackPointExtension>
        </extensions>
      </trkpt>
      <trkpt lat="31.1574641056358814239501953125" lon="121.200698800384998321533203125">
        <ele>5.400000095367431640625</ele>
        <time>2026-03-21T12:16:49.000Z</time>
        <extensions>
          <ns3:TrackPointExtension>
            <ns3:hr>157</ns3:hr>
            <ns3:cad>89</ns3:cad>
          </ns3:TrackPointExtension>
        </extensions>
      </trkpt>
      <trkpt lat="31.15744055248796939849853515625" lon="121.20070491917431354522705078125">
        <ele>5.599999904632568359375</ele>
        <time>2026-03-21T12:16:50.000Z</time>
        <extensions>
          <ns3:TrackPointExtension>
            <ns3:hr>156</ns3:hr>
            <ns3:cad>89</ns3:cad>
          </ns3:TrackPointExtension>
        </extensions>
      </trkpt>
      <trkpt lat="31.15741356275975704193115234375" lon="121.200701482594013214111328125">
        <ele>5.599999904632568359375</ele>
        <time>2026-03-21T12:16:51.000Z</time>
        <extensions>
          <ns3:TrackPointExtension>
            <ns3:hr>156</ns3:hr>
            <ns3:cad>89</ns3:cad>
          </ns3:TrackPointExtension>
        </extensions>
      </trkpt>
      <trkpt lat="31.157393194735050201416015625" lon="121.2007076852023601531982421875">
        <ele>5.80000019073486328125</ele>
        <time>2026-03-21T12:16:52.000Z</time>
        <extensions>
          <ns3:TrackPointExtension>
            <ns3:hr>156</ns3:hr>
            <ns3:cad>89</ns3:cad>
          </ns3:TrackPointExtension>
        </extensions>
      </trkpt>
      <trkpt lat="31.15736260078847408294677734375" lon="121.2007105350494384765625">
        <ele>5.80000019073486328125</ele>
        <time>2026-03-21T12:16:53.000Z</time>
        <extensions>
          <ns3:TrackPointExtension>
            <ns3:hr>156</ns3:hr>
            <ns3:cad>89</ns3:cad>
          </ns3:TrackPointExtension>
        </extensions>
      </trkpt>
      <trkpt lat="31.15734390914440155029296875" lon="121.20072034187614917755126953125">
        <ele>5.80000019073486328125</ele>
        <time>2026-03-21T12:16:54.000Z</time>
        <extensions>
          <ns3:TrackPointExtension>
            <ns3:hr>156</ns3:hr>
            <ns3:cad>89</ns3:cad>
          </ns3:TrackPointExtension>
        </extensions>
      </trkpt>
      <trkpt lat="31.15731448866426944732666015625" lon="121.20072671212255954742431640625">
        <ele>6</ele>
        <time>2026-03-21T12:16:55.000Z</time>
        <extensions>
          <ns3:TrackPointExtension>
            <ns3:hr>156</ns3:hr>
            <ns3:cad>90</ns3:cad>
          </ns3:TrackPointExtension>
        </extensions>
      </trkpt>
      <trkpt lat="31.15728967823088169097900390625" lon="121.2007324956357479095458984375">
        <ele>6</ele>
        <time>2026-03-21T12:16:56.000Z</time>
        <extensions>
          <ns3:TrackPointExtension>
            <ns3:hr>156</ns3:hr>
            <ns3:cad>90</ns3:cad>
          </ns3:TrackPointExtension>
        </extensions>
      </trkpt>
      <trkpt lat="31.15725246258080005645751953125" lon="121.2007428891956806182861328125">
        <ele>6</ele>
        <time>2026-03-21T12:16:57.000Z</time>
        <extensions>
          <ns3:TrackPointExtension>
            <ns3:hr>156</ns3:hr>
            <ns3:cad>90</ns3:cad>
          </ns3:TrackPointExtension>
        </extensions>
      </trkpt>
      <trkpt lat="31.157229579985141754150390625" lon="121.200750432908535003662109375">
        <ele>6</ele>
        <time>2026-03-21T12:16:58.000Z</time>
        <extensions>
          <ns3:TrackPointExtension>
            <ns3:hr>156</ns3:hr>
            <ns3:cad>90</ns3:cad>
          </ns3:TrackPointExtension>
        </extensions>
      </trkpt>
      <trkpt lat="31.15719697438180446624755859375" lon="121.20075822807848453521728515625">
        <ele>6</ele>
        <time>2026-03-21T12:16:59.000Z</time>
        <extensions>
          <ns3:TrackPointExtension>
            <ns3:hr>156</ns3:hr>
            <ns3:cad>90</ns3:cad>
          </ns3:TrackPointExtension>
        </extensions>
      </trkpt>
      <trkpt lat="31.15717736072838306427001953125" lon="121.20076778344810009002685546875">
        <ele>5.80000019073486328125</ele>
        <time>2026-03-21T12:17:00.000Z</time>
        <extensions>
          <ns3:TrackPointExtension>
            <ns3:hr>156</ns3:hr>
            <ns3:cad>90</ns3:cad>
          </ns3:TrackPointExtension>
        </extensions>
      </trkpt>
      <trkpt lat="31.157141737639904022216796875" lon="121.20077432133257389068603515625">
        <ele>5.80000019073486328125</ele>
        <time>2026-03-21T12:17:01.000Z</time>
        <extensions>
          <ns3:TrackPointExtension>
            <ns3:hr>156</ns3:hr>
            <ns3:cad>89</ns3:cad>
          </ns3:TrackPointExtension>
        </extensions>
      </trkpt>
      <trkpt lat="31.15711851976811885833740234375" lon="121.20078119449317455291748046875">
        <ele>5.80000019073486328125</ele>
        <time>2026-03-21T12:17:02.000Z</time>
        <extensions>
          <ns3:TrackPointExtension>
            <ns3:hr>156</ns3:hr>
            <ns3:cad>88</ns3:cad>
          </ns3:TrackPointExtension>
        </extensions>
      </trkpt>
      <trkpt lat="31.1570882610976696014404296875" lon="121.20077482424676418304443359375">
        <ele>5.599999904632568359375</ele>
        <time>2026-03-21T12:17:03.000Z</time>
        <extensions>
          <ns3:TrackPointExtension>
            <ns3:hr>156</ns3:hr>
            <ns3:cad>89</ns3:cad>
          </ns3:TrackPointExtension>
        </extensions>
      </trkpt>
      <trkpt lat="31.1570751853287220001220703125" lon="121.20075370185077190399169921875">
        <ele>5.400000095367431640625</ele>
        <time>2026-03-21T12:17:04.000Z</time>
        <extensions>
          <ns3:TrackPointExtension>
            <ns3:hr>156</ns3:hr>
            <ns3:cad>89</ns3:cad>
          </ns3:TrackPointExtension>
        </extensions>
      </trkpt>
      <trkpt lat="31.15707141347229480743408203125" lon="121.20071531273424625396728515625">
        <ele>5.400000095367431640625</ele>
        <time>2026-03-21T12:17:05.000Z</time>
        <extensions>
          <ns3:TrackPointExtension>
            <ns3:hr>156</ns3:hr>
            <ns3:cad>89</ns3:cad>
          </ns3:TrackPointExtension>
        </extensions>
      </trkpt>
      <trkpt lat="31.15706739015877246856689453125" lon="121.20068547315895557403564453125">
        <ele>5.19999980926513671875</ele>
        <time>2026-03-21T12:17:06.000Z</time>
        <extensions>
          <ns3:TrackPointExtension>
            <ns3:hr>156</ns3:hr>
            <ns3:cad>89</ns3:cad>
          </ns3:TrackPointExtension>
        </extensions>
      </trkpt>
      <trkpt lat="31.157062947750091552734375" lon="121.2006466649472713470458984375">
        <ele>5.19999980926513671875</ele>
        <time>2026-03-21T12:17:07.000Z</time>
        <extensions>
          <ns3:TrackPointExtension>
            <ns3:hr>156</ns3:hr>
            <ns3:cad>89</ns3:cad>
          </ns3:TrackPointExtension>
        </extensions>
      </trkpt>
      <trkpt lat="31.15705532021820545196533203125" lon="121.20061791501939296722412109375">
        <ele>5.19999980926513671875</ele>
        <time>2026-03-21T12:17:08.000Z</time>
        <extensions>
          <ns3:TrackPointExtension>
            <ns3:hr>157</ns3:hr>
            <ns3:cad>89</ns3:cad>
          </ns3:TrackPointExtension>
        </extensions>
      </trkpt>
      <trkpt lat="31.157054901123046875" lon="121.20058170519769191741943359375">
        <ele>5.19999980926513671875</ele>
        <time>2026-03-21T12:17:09.000Z</time>
        <extensions>
          <ns3:TrackPointExtension>
            <ns3:hr>156</ns3:hr>
            <ns3:cad>89</ns3:cad>
          </ns3:TrackPointExtension>
        </extensions>
      </trkpt>
      <trkpt lat="31.1570480279624462127685546875" lon="121.20055454783141613006591796875">
        <ele>5.19999980926513671875</ele>
        <time>2026-03-21T12:17:10.000Z</time>
        <extensions>
          <ns3:TrackPointExtension>
            <ns3:hr>156</ns3:hr>
            <ns3:cad>89</ns3:cad>
          </ns3:TrackPointExtension>
        </extensions>
      </trkpt>
      <trkpt lat="31.15704526193439960479736328125" lon="121.2005149014294147491455078125">
        <ele>5.19999980926513671875</ele>
        <time>2026-03-21T12:17:11.000Z</time>
        <extensions>
          <ns3:TrackPointExtension>
            <ns3:hr>156</ns3:hr>
            <ns3:cad>90</ns3:cad>
          </ns3:TrackPointExtension>
        </extensions>
      </trkpt>
      <trkpt lat="31.15703813731670379638671875" lon="121.2004877440631389617919921875">
        <ele>5.19999980926513671875</ele>
        <time>2026-03-21T12:17:12.000Z</time>
        <extensions>
          <ns3:TrackPointExtension>
            <ns3:hr>156</ns3:hr>
            <ns3:cad>90</ns3:cad>
          </ns3:TrackPointExtension>
        </extensions>
      </trkpt>
      <trkpt lat="31.15703335963189601898193359375" lon="121.20045773684978485107421875">
        <ele>5.19999980926513671875</ele>
        <time>2026-03-21T12:17:13.000Z</time>
        <extensions>
          <ns3:TrackPointExtension>
            <ns3:hr>156</ns3:hr>
            <ns3:cad>90</ns3:cad>
          </ns3:TrackPointExtension>
        </extensions>
      </trkpt>
      <trkpt lat="31.15703067742288112640380859375" lon="121.20042823255062103271484375">
        <ele>5.19999980926513671875</ele>
        <time>2026-03-21T12:17:14.000Z</time>
        <extensions>
          <ns3:TrackPointExtension>
            <ns3:hr>156</ns3:hr>
            <ns3:cad>90</ns3:cad>
          </ns3:TrackPointExtension>
        </extensions>
      </trkpt>
      <trkpt lat="31.15702874958515167236328125" lon="121.2003931961953639984130859375">
        <ele>5.19999980926513671875</ele>
        <time>2026-03-21T12:17:15.000Z</time>
        <extensions>
          <ns3:TrackPointExtension>
            <ns3:hr>156</ns3:hr>
            <ns3:cad>89</ns3:cad>
          </ns3:TrackPointExtension>
        </extensions>
      </trkpt>
      <trkpt lat="31.157021708786487579345703125" lon="121.20036528445780277252197265625">
        <ele>5.19999980926513671875</ele>
        <time>2026-03-21T12:17:16.000Z</time>
        <extensions>
          <ns3:TrackPointExtension>
            <ns3:hr>156</ns3:hr>
            <ns3:cad>89</ns3:cad>
          </ns3:TrackPointExtension>
        </extensions>
      </trkpt>
      <trkpt lat="31.15701525472104549407958984375" lon="121.200329996645450592041015625">
        <ele>5</ele>
        <time>2026-03-21T12:17:17.000Z</time>
        <extensions>
          <ns3:TrackPointExtension>
            <ns3:hr>156</ns3:hr>
            <ns3:cad>88</ns3:cad>
          </ns3:TrackPointExtension>
        </extensions>
      </trkpt>
      <trkpt lat="31.1570108123123645782470703125" lon="121.20029772631824016571044921875">
        <ele>5</ele>
        <time>2026-03-21T12:17:18.000Z</time>
        <extensions>
          <ns3:TrackPointExtension>
            <ns3:hr>156</ns3:hr>
            <ns3:cad>89</ns3:cad>
          </ns3:TrackPointExtension>
        </extensions>
      </trkpt>
      <trkpt lat="31.15700662136077880859375" lon="121.2002647854387760162353515625">
        <ele>5</ele>
        <time>2026-03-21T12:17:19.000Z</time>
        <extensions>
          <ns3:TrackPointExtension>
            <ns3:hr>156</ns3:hr>
            <ns3:cad>89</ns3:cad>
          </ns3:TrackPointExtension>
        </extensions>
      </trkpt>
      <trkpt lat="31.15700251422822475433349609375" lon="121.20023570023477077484130859375">
        <ele>5.19999980926513671875</ele>
        <time>2026-03-21T12:17:20.000Z</time>
        <extensions>
          <ns3:TrackPointExtension>
            <ns3:hr>156</ns3:hr>
            <ns3:cad>89</ns3:cad>
          </ns3:TrackPointExtension>
        </extensions>
      </trkpt>
      <trkpt lat="31.15699589252471923828125" lon="121.2002071179449558258056640625">
        <ele>5.19999980926513671875</ele>
        <time>2026-03-21T12:17:21.000Z</time>
        <extensions>
          <ns3:TrackPointExtension>
            <ns3:hr>156</ns3:hr>
            <ns3:cad>89</ns3:cad>
          </ns3:TrackPointExtension>
        </extensions>
      </trkpt>
      <trkpt lat="31.1569873429834842681884765625" lon="121.20017535053193569183349609375">
        <ele>5.19999980926513671875</ele>
        <time>2026-03-21T12:17:22.000Z</time>
        <extensions>
          <ns3:TrackPointExtension>
            <ns3:hr>156</ns3:hr>
            <ns3:cad>89</ns3:cad>
          </ns3:TrackPointExtension>
        </extensions>
      </trkpt>
      <trkpt lat="31.156978793442249298095703125" lon="121.20014634914696216583251953125">
        <ele>5.19999980926513671875</ele>
        <time>2026-03-21T12:17:23.000Z</time>
        <extensions>
          <ns3:TrackPointExtension>
            <ns3:hr>155</ns3:hr>
            <ns3:cad>89</ns3:cad>
          </ns3:TrackPointExtension>
        </extensions>
      </trkpt>
      <trkpt lat="31.15697217173874378204345703125" lon="121.20011751540005207061767578125">
        <ele>5.19999980926513671875</ele>
        <time>2026-03-21T12:17:24.000Z</time>
        <extensions>
          <ns3:TrackPointExtension>
            <ns3:hr>156</ns3:hr>
            <ns3:cad>89</ns3:cad>
          </ns3:TrackPointExtension>
        </extensions>
      </trkpt>
      <trkpt lat="31.1569635383784770965576171875" lon="121.200085580348968505859375">
        <ele>5</ele>
        <time>2026-03-21T12:17:25.000Z</time>
        <extensions>
          <ns3:TrackPointExtension>
            <ns3:hr>156</ns3:hr>
            <ns3:cad>89</ns3:cad>
          </ns3:TrackPointExtension>
        </extensions>
      </trkpt>
      <trkpt lat="31.15695876069366931915283203125" lon="121.2000518850982189178466796875">
        <ele>5.19999980926513671875</ele>
        <time>2026-03-21T12:17:26.000Z</time>
        <extensions>
          <ns3:TrackPointExtension>
            <ns3:hr>155</ns3:hr>
            <ns3:cad>90</ns3:cad>
          </ns3:TrackPointExtension>
        </extensions>
      </trkpt>
      <trkpt lat="31.1569489538669586181640625" lon="121.200022213160991668701171875">
        <ele>5</ele>
        <time>2026-03-21T12:17:27.000Z</time>
        <extensions>
          <ns3:TrackPointExtension>
            <ns3:hr>155</ns3:hr>
            <ns3:cad>90</ns3:cad>
          </ns3:TrackPointExtension>
        </extensions>
      </trkpt>
      <trkpt lat="31.15694451145827770233154296875" lon="121.19999111630022525787353515625">
        <ele>5</ele>
        <time>2026-03-21T12:17:28.000Z</time>
        <extensions>
          <ns3:TrackPointExtension>
            <ns3:hr>155</ns3:hr>
            <ns3:cad>90</ns3:cad>
          </ns3:TrackPointExtension>
        </extensions>
      </trkpt>
      <trkpt lat="31.1569368839263916015625" lon="121.199959181249141693115234375">
        <ele>5</ele>
        <time>2026-03-21T12:17:29.000Z</time>
        <extensions>
          <ns3:TrackPointExtension>
            <ns3:hr>155</ns3:hr>
            <ns3:cad>90</ns3:cad>
          </ns3:TrackPointExtension>
        </extensions>
      </trkpt>
      <trkpt lat="31.156931854784488677978515625" lon="121.19992875494062900543212890625">
        <ele>5</ele>
        <time>2026-03-21T12:17:30.000Z</time>
        <extensions>
          <ns3:TrackPointExtension>
            <ns3:hr>156</ns3:hr>
            <ns3:cad>90</ns3:cad>
          </ns3:TrackPointExtension>
        </extensions>
      </trkpt>
      <trkpt lat="31.15692154504358768463134765625" lon="121.1998989991843700408935546875">
        <ele>5</ele>
        <time>2026-03-21T12:17:31.000Z</time>
        <extensions>
          <ns3:TrackPointExtension>
            <ns3:hr>155</ns3:hr>
            <ns3:cad>89</ns3:cad>
          </ns3:TrackPointExtension>
        </extensions>
      </trkpt>
      <trkpt lat="31.15691232495009899139404296875" lon="121.19986589066684246063232421875">
        <ele>5</ele>
        <time>2026-03-21T12:17:32.000Z</time>
        <extensions>
          <ns3:TrackPointExtension>
            <ns3:hr>155</ns3:hr>
            <ns3:cad>89</ns3:cad>
          </ns3:TrackPointExtension>
        </extensions>
      </trkpt>
      <trkpt lat="31.156912408769130706787109375" lon="121.1998322792351245880126953125">
        <ele>5</ele>
        <time>2026-03-21T12:17:33.000Z</time>
        <extensions>
          <ns3:TrackPointExtension>
            <ns3:hr>155</ns3:hr>
            <ns3:cad>89</ns3:cad>
          </ns3:TrackPointExtension>
        </extensions>
      </trkpt>
      <trkpt lat="31.15692221559584140777587890625" lon="121.199794225394725799560546875">
        <ele>5</ele>
        <time>2026-03-21T12:17:34.000Z</time>
        <extensions>
          <ns3:TrackPointExtension>
            <ns3:hr>155</ns3:hr>
            <ns3:cad>89</ns3:cad>
          </ns3:TrackPointExtension>
        </extensions>
      </trkpt>
      <trkpt lat="31.1569333635270595550537109375" lon="121.1997623741626739501953125">
        <ele>5</ele>
        <time>2026-03-21T12:17:35.000Z</time>
        <extensions>
          <ns3:TrackPointExtension>
            <ns3:hr>155</ns3:hr>
            <ns3:cad>89</ns3:cad>
          </ns3:TrackPointExtension>
        </extensions>
      </trkpt>
      <trkpt lat="31.1569541506469249725341796875" lon="121.19973580352962017059326171875">
        <ele>4.80000019073486328125</ele>
        <time>2026-03-21T12:17:36.000Z</time>
        <extensions>
          <ns3:TrackPointExtension>
            <ns3:hr>155</ns3:hr>
            <ns3:cad>90</ns3:cad>
          </ns3:TrackPointExtension>
        </extensions>
      </trkpt>
      <trkpt lat="31.1569712497293949127197265625" lon="121.19971233420073986053466796875">
        <ele>4.80000019073486328125</ele>
        <time>2026-03-21T12:17:37.000Z</time>
        <extensions>
          <ns3:TrackPointExtension>
            <ns3:hr>154</ns3:hr>
            <ns3:cad>90</ns3:cad>
          </ns3:TrackPointExtension>
        </extensions>
      </trkpt>
      <trkpt lat="31.1569947190582752227783203125" lon="121.199701689183712005615234375">
        <ele>4.80000019073486328125</ele>
        <time>2026-03-21T12:17:38.000Z</time>
        <extensions>
          <ns3:TrackPointExtension>
            <ns3:hr>154</ns3:hr>
            <ns3:cad>90</ns3:cad>
          </ns3:TrackPointExtension>
        </extensions>
      </trkpt>
      <trkpt lat="31.15701827220618724822998046875" lon="121.19969808496534824371337890625">
        <ele>4.80000019073486328125</ele>
        <time>2026-03-21T12:17:39.000Z</time>
        <extensions>
          <ns3:TrackPointExtension>
            <ns3:hr>155</ns3:hr>
            <ns3:cad>90</ns3:cad>
          </ns3:TrackPointExtension>
        </extensions>
      </trkpt>
      <trkpt lat="31.1570409871637821197509765625" lon="121.19970076717436313629150390625">
        <ele>4.80000019073486328125</ele>
        <time>2026-03-21T12:17:40.000Z</time>
        <extensions>
          <ns3:TrackPointExtension>
            <ns3:hr>155</ns3:hr>
            <ns3:cad>89</ns3:cad>
          </ns3:TrackPointExtension>
        </extensions>
      </trkpt>
      <trkpt lat="31.1570654623210430145263671875" lon="121.19969959370791912078857421875">
        <ele>5</ele>
        <time>2026-03-21T12:17:41.000Z</time>
        <extensions>
          <ns3:TrackPointExtension>
            <ns3:hr>155</ns3:hr>
            <ns3:cad>89</ns3:cad>
          </ns3:TrackPointExtension>
        </extensions>
      </trkpt>
      <trkpt lat="31.157089769840240478515625" lon="121.19970001280307769775390625">
        <ele>5</ele>
        <time>2026-03-21T12:17:42.000Z</time>
        <extensions>
          <ns3:TrackPointExtension>
            <ns3:hr>154</ns3:hr>
            <ns3:cad>89</ns3:cad>
          </ns3:TrackPointExtension>
        </extensions>
      </trkpt>
      <trkpt lat="31.15711114369332790374755859375" lon="121.19969489984214305877685546875">
        <ele>5</ele>
        <time>2026-03-21T12:17:43.000Z</time>
        <extensions>
          <ns3:TrackPointExtension>
            <ns3:hr>155</ns3:hr>
            <ns3:cad>89</ns3:cad>
          </ns3:TrackPointExtension>
        </extensions>
      </trkpt>
      <trkpt lat="31.15713461302220821380615234375" lon="121.199686266481876373291015625">
        <ele>5.19999980926513671875</ele>
        <time>2026-03-21T12:17:44.000Z</time>
        <extensions>
          <ns3:TrackPointExtension>
            <ns3:hr>155</ns3:hr>
            <ns3:cad>89</ns3:cad>
          </ns3:TrackPointExtension>
        </extensions>
      </trkpt>
      <trkpt lat="31.1571549810469150543212890625" lon="121.1996797285974025726318359375">
        <ele>5.19999980926513671875</ele>
        <time>2026-03-21T12:17:45.000Z</time>
        <extensions>
          <ns3:TrackPointExtension>
            <ns3:hr>154</ns3:hr>
            <ns3:cad>90</ns3:cad>
          </ns3:TrackPointExtension>
        </extensions>
      </trkpt>
      <trkpt lat="31.1571821384131908416748046875" lon="121.19967428036034107208251953125">
        <ele>5.19999980926513671875</ele>
        <time>2026-03-21T12:17:46.000Z</time>
        <extensions>
          <ns3:TrackPointExtension>
            <ns3:hr>155</ns3:hr>
            <ns3:cad>90</ns3:cad>
          </ns3:TrackPointExtension>
        </extensions>
      </trkpt>
      <trkpt lat="31.15720669738948345184326171875" lon="121.19966782629489898681640625">
        <ele>5.19999980926513671875</ele>
        <time>2026-03-21T12:17:47.000Z</time>
        <extensions>
          <ns3:TrackPointExtension>
            <ns3:hr>155</ns3:hr>
            <ns3:cad>90</ns3:cad>
          </ns3:TrackPointExtension>
        </extensions>
      </trkpt>
      <trkpt lat="31.15723234601318836212158203125" lon="121.1996602825820446014404296875">
        <ele>5.19999980926513671875</ele>
        <time>2026-03-21T12:17:48.000Z</time>
        <extensions>
          <ns3:TrackPointExtension>
            <ns3:hr>155</ns3:hr>
            <ns3:cad>90</ns3:cad>
          </ns3:TrackPointExtension>
        </extensions>
      </trkpt>
      <trkpt lat="31.15725430659949779510498046875" lon="121.19965416379272937774658203125">
        <ele>5.19999980926513671875</ele>
        <time>2026-03-21T12:17:49.000Z</time>
        <extensions>
          <ns3:TrackPointExtension>
            <ns3:hr>155</ns3:hr>
            <ns3:cad>90</ns3:cad>
          </ns3:TrackPointExtension>
        </extensions>
      </trkpt>
      <trkpt lat="31.15728079341351985931396484375" lon="121.19965114630758762359619140625">
        <ele>5.400000095367431640625</ele>
        <time>2026-03-21T12:17:50.000Z</time>
        <extensions>
          <ns3:TrackPointExtension>
            <ns3:hr>155</ns3:hr>
            <ns3:cad>90</ns3:cad>
          </ns3:TrackPointExtension>
        </extensions>
      </trkpt>
      <trkpt lat="31.15730375982820987701416015625" lon="121.1996465362608432769775390625">
        <ele>5.400000095367431640625</ele>
        <time>2026-03-21T12:17:51.000Z</time>
        <extensions>
          <ns3:TrackPointExtension>
            <ns3:hr>155</ns3:hr>
            <ns3:cad>91</ns3:cad>
          </ns3:TrackPointExtension>
        </extensions>
      </trkpt>
      <trkpt lat="31.15732873789966106414794921875" lon="121.19963823817670345306396484375">
        <ele>5.400000095367431640625</ele>
        <time>2026-03-21T12:17:52.000Z</time>
        <extensions>
          <ns3:TrackPointExtension>
            <ns3:hr>155</ns3:hr>
            <ns3:cad>91</ns3:cad>
          </ns3:TrackPointExtension>
        </extensions>
      </trkpt>
      <trkpt lat="31.157350949943065643310546875" lon="121.19962566532194614410400390625">
        <ele>5.400000095367431640625</ele>
        <time>2026-03-21T12:17:53.000Z</time>
        <extensions>
          <ns3:TrackPointExtension>
            <ns3:hr>155</ns3:hr>
            <ns3:cad>91</ns3:cad>
          </ns3:TrackPointExtension>
        </extensions>
      </trkpt>
      <trkpt lat="31.15738003514707088470458984375" lon="121.1996200494468212127685546875">
        <ele>5.400000095367431640625</ele>
        <time>2026-03-21T12:17:54.000Z</time>
        <extensions>
          <ns3:TrackPointExtension>
            <ns3:hr>155</ns3:hr>
            <ns3:cad>89</ns3:cad>
          </ns3:TrackPointExtension>
        </extensions>
      </trkpt>
      <trkpt lat="31.1574049293994903564453125" lon="121.1996156908571720123291015625">
        <ele>5.400000095367431640625</ele>
        <time>2026-03-21T12:17:55.000Z</time>
        <extensions>
          <ns3:TrackPointExtension>
            <ns3:hr>156</ns3:hr>
            <ns3:cad>88</ns3:cad>
          </ns3:TrackPointExtension>
        </extensions>
      </trkpt>
      <trkpt lat="31.15743502043187618255615234375" lon="121.1996106617152690887451171875">
        <ele>5.400000095367431640625</ele>
        <time>2026-03-21T12:17:56.000Z</time>
        <extensions>
          <ns3:TrackPointExtension>
            <ns3:hr>156</ns3:hr>
            <ns3:cad>88</ns3:cad>
          </ns3:TrackPointExtension>
        </extensions>
      </trkpt>
      <trkpt lat="31.15745790302753448486328125" lon="121.19960420764982700347900390625">
        <ele>5.599999904632568359375</ele>
        <time>2026-03-21T12:17:57.000Z</time>
        <extensions>
          <ns3:TrackPointExtension>
            <ns3:hr>156</ns3:hr>
            <ns3:cad>88</ns3:cad>
          </ns3:TrackPointExtension>
        </extensions>
      </trkpt>
      <trkpt lat="31.1574855633080005645751953125" lon="121.19959565810859203338623046875">
        <ele>5.599999904632568359375</ele>
        <time>2026-03-21T12:17:58.000Z</time>
        <extensions>
          <ns3:TrackPointExtension>
            <ns3:hr>156</ns3:hr>
            <ns3:cad>89</ns3:cad>
          </ns3:TrackPointExtension>
        </extensions>
      </trkpt>
      <trkpt lat="31.15750676952302455902099609375" lon="121.19958601891994476318359375">
        <ele>5.599999904632568359375</ele>
        <time>2026-03-21T12:17:59.000Z</time>
        <extensions>
          <ns3:TrackPointExtension>
            <ns3:hr>156</ns3:hr>
            <ns3:cad>89</ns3:cad>
          </ns3:TrackPointExtension>
        </extensions>
      </trkpt>
      <trkpt lat="31.1575361900031566619873046875" lon="121.19958258233964443206787109375">
        <ele>5.80000019073486328125</ele>
        <time>2026-03-21T12:18:00.000Z</time>
        <extensions>
          <ns3:TrackPointExtension>
            <ns3:hr>156</ns3:hr>
            <ns3:cad>89</ns3:cad>
          </ns3:TrackPointExtension>
        </extensions>
      </trkpt>
      <trkpt lat="31.157561503350734710693359375" lon="121.199570260941982269287109375">
        <ele>5.80000019073486328125</ele>
        <time>2026-03-21T12:18:01.000Z</time>
        <extensions>
          <ns3:TrackPointExtension>
            <ns3:hr>156</ns3:hr>
            <ns3:cad>88</ns3:cad>
          </ns3:TrackPointExtension>
        </extensions>
      </trkpt>
      <trkpt lat="31.15759545005857944488525390625" lon="121.19956414215266704559326171875">
        <ele>6</ele>
        <time>2026-03-21T12:18:02.000Z</time>
        <extensions>
          <ns3:TrackPointExtension>
            <ns3:hr>157</ns3:hr>
            <ns3:cad>88</ns3:cad>
          </ns3:TrackPointExtension>
        </extensions>
      </trkpt>
      <trkpt lat="31.157621853053569793701171875" lon="121.19955383241176605224609375">
        <ele>6</ele>
        <time>2026-03-21T12:18:03.000Z</time>
        <extensions>
          <ns3:TrackPointExtension>
            <ns3:hr>157</ns3:hr>
            <ns3:cad>88</ns3:cad>
          </ns3:TrackPointExtension>
        </extensions>
      </trkpt>
      <trkpt lat="31.15765328519046306610107421875" lon="121.199544779956340789794921875">
        <ele>6</ele>
        <time>2026-03-21T12:18:04.000Z</time>
        <extensions>
          <ns3:TrackPointExtension>
            <ns3:hr>156</ns3:hr>
            <ns3:cad>90</ns3:cad>
          </ns3:TrackPointExtension>
        </extensions>
      </trkpt>
      <trkpt lat="31.15767675451934337615966796875" lon="121.19953371584415435791015625">
        <ele>6</ele>
        <time>2026-03-21T12:18:05.000Z</time>
        <extensions>
          <ns3:TrackPointExtension>
            <ns3:hr>156</ns3:hr>
            <ns3:cad>90</ns3:cad>
          </ns3:TrackPointExtension>
        </extensions>
      </trkpt>
      <trkpt lat="31.1577091924846172332763671875" lon="121.19953061453998088836669921875">
        <ele>6</ele>
        <time>2026-03-21T12:18:06.000Z</time>
        <extensions>
          <ns3:TrackPointExtension>
            <ns3:hr>156</ns3:hr>
            <ns3:cad>90</ns3:cad>
          </ns3:TrackPointExtension>
        </extensions>
      </trkpt>
      <trkpt lat="31.1577308177947998046875" lon="121.19951971806585788726806640625">
        <ele>6</ele>
        <time>2026-03-21T12:18:07.000Z</time>
        <extensions>
          <ns3:TrackPointExtension>
            <ns3:hr>157</ns3:hr>
            <ns3:cad>90</ns3:cad>
          </ns3:TrackPointExtension>
        </extensions>
      </trkpt>
      <trkpt lat="31.15775956772267818450927734375" lon="121.19951586239039897918701171875">
        <ele>6</ele>
        <time>2026-03-21T12:18:08.000Z</time>
        <extensions>
          <ns3:TrackPointExtension>
            <ns3:hr>156</ns3:hr>
            <ns3:cad>90</ns3:cad>
          </ns3:TrackPointExtension>
        </extensions>
      </trkpt>
      <trkpt lat="31.15778102539479732513427734375" lon="121.19950748048722743988037109375">
        <ele>6.19999980926513671875</ele>
        <time>2026-03-21T12:18:09.000Z</time>
        <extensions>
          <ns3:TrackPointExtension>
            <ns3:hr>156</ns3:hr>
            <ns3:cad>88</ns3:cad>
          </ns3:TrackPointExtension>
        </extensions>
      </trkpt>
      <trkpt lat="31.157807596027851104736328125" lon="121.19950178079307079315185546875">
        <ele>6</ele>
        <time>2026-03-21T12:18:10.000Z</time>
        <extensions>
          <ns3:TrackPointExtension>
            <ns3:hr>157</ns3:hr>
            <ns3:cad>88</ns3:cad>
          </ns3:TrackPointExtension>
        </extensions>
      </trkpt>
      <trkpt lat="31.157830059528350830078125" lon="121.1994906328618526458740234375">
        <ele>6</ele>
        <time>2026-03-21T12:18:11.000Z</time>
        <extensions>
          <ns3:TrackPointExtension>
            <ns3:hr>156</ns3:hr>
            <ns3:cad>88</ns3:cad>
          </ns3:TrackPointExtension>
        </extensions>
      </trkpt>
      <trkpt lat="31.15785847418010234832763671875" lon="121.19948267005383968353271484375">
        <ele>6.19999980926513671875</ele>
        <time>2026-03-21T12:18:12.000Z</time>
        <extensions>
          <ns3:TrackPointExtension>
            <ns3:hr>156</ns3:hr>
            <ns3:cad>89</ns3:cad>
          </ns3:TrackPointExtension>
        </extensions>
      </trkpt>
      <trkpt lat="31.1578825302422046661376953125" lon="121.19947361759841442108154296875">
        <ele>6.19999980926513671875</ele>
        <time>2026-03-21T12:18:13.000Z</time>
        <extensions>
          <ns3:TrackPointExtension>
            <ns3:hr>156</ns3:hr>
            <ns3:cad>90</ns3:cad>
          </ns3:TrackPointExtension>
        </extensions>
      </trkpt>
      <trkpt lat="31.15790742449462413787841796875" lon="121.19946892373263835906982421875">
        <ele>6.19999980926513671875</ele>
        <time>2026-03-21T12:18:14.000Z</time>
        <extensions>
          <ns3:TrackPointExtension>
            <ns3:hr>157</ns3:hr>
            <ns3:cad>90</ns3:cad>
          </ns3:TrackPointExtension>
        </extensions>
      </trkpt>
      <trkpt lat="31.15792972035706043243408203125" lon="121.1994567699730396270751953125">
        <ele>6</ele>
        <time>2026-03-21T12:18:15.000Z</time>
        <extensions>
          <ns3:TrackPointExtension>
            <ns3:hr>156</ns3:hr>
            <ns3:cad>90</ns3:cad>
          </ns3:TrackPointExtension>
        </extensions>
      </trkpt>
      <trkpt lat="31.15795352496206760406494140625" lon="121.19944746606051921844482421875">
        <ele>6</ele>
        <time>2026-03-21T12:18:16.000Z</time>
        <extensions>
          <ns3:TrackPointExtension>
            <ns3:hr>156</ns3:hr>
            <ns3:cad>89</ns3:cad>
          </ns3:TrackPointExtension>
        </extensions>
      </trkpt>
      <trkpt lat="31.15797732956707477569580078125" lon="121.199436821043491363525390625">
        <ele>5.80000019073486328125</ele>
        <time>2026-03-21T12:18:17.000Z</time>
        <extensions>
          <ns3:TrackPointExtension>
            <ns3:hr>157</ns3:hr>
            <ns3:cad>89</ns3:cad>
          </ns3:TrackPointExtension>
        </extensions>
      </trkpt>
      <trkpt lat="31.15800180472433567047119140625" lon="121.19942508637905120849609375">
        <ele>5.80000019073486328125</ele>
        <time>2026-03-21T12:18:18.000Z</time>
        <extensions>
          <ns3:TrackPointExtension>
            <ns3:hr>156</ns3:hr>
            <ns3:cad>89</ns3:cad>
          </ns3:TrackPointExtension>
        </extensions>
      </trkpt>
      <trkpt lat="31.15802544169127941131591796875" lon="121.19941435754299163818359375">
        <ele>5.80000019073486328125</ele>
        <time>2026-03-21T12:18:19.000Z</time>
        <extensions>
          <ns3:TrackPointExtension>
            <ns3:hr>156</ns3:hr>
            <ns3:cad>89</ns3:cad>
          </ns3:TrackPointExtension>
        </extensions>
      </trkpt>
      <trkpt lat="31.15804530680179595947265625" lon="121.199405305087566375732421875">
        <ele>5.80000019073486328125</ele>
        <time>2026-03-21T12:18:20.000Z</time>
        <extensions>
          <ns3:TrackPointExtension>
            <ns3:hr>156</ns3:hr>
            <ns3:cad>89</ns3:cad>
          </ns3:TrackPointExtension>
        </extensions>
      </trkpt>
      <trkpt lat="31.158065758645534515380859375" lon="121.19939466007053852081298828125">
        <ele>5.80000019073486328125</ele>
        <time>2026-03-21T12:18:21.000Z</time>
        <extensions>
          <ns3:TrackPointExtension>
            <ns3:hr>156</ns3:hr>
            <ns3:cad>89</ns3:cad>
          </ns3:TrackPointExtension>
        </extensions>
      </trkpt>
      <trkpt lat="31.15808394737541675567626953125" lon="121.19938074611127376556396484375">
        <ele>5.599999904632568359375</ele>
        <time>2026-03-21T12:18:22.000Z</time>
        <extensions>
          <ns3:TrackPointExtension>
            <ns3:hr>156</ns3:hr>
            <ns3:cad>89</ns3:cad>
          </ns3:TrackPointExtension>
        </extensions>
      </trkpt>
      <trkpt lat="31.1581105180084705352783203125" lon="121.1993712745606899261474609375">
        <ele>5.599999904632568359375</ele>
        <time>2026-03-21T12:18:23.000Z</time>
        <extensions>
          <ns3:TrackPointExtension>
            <ns3:hr>156</ns3:hr>
            <ns3:cad>89</ns3:cad>
          </ns3:TrackPointExtension>
        </extensions>
      </trkpt>
      <trkpt lat="31.158132143318653106689453125" lon="121.1993578635156154632568359375">
        <ele>5.599999904632568359375</ele>
        <time>2026-03-21T12:18:24.000Z</time>
        <extensions>
          <ns3:TrackPointExtension>
            <ns3:hr>156</ns3:hr>
            <ns3:cad>89</ns3:cad>
          </ns3:TrackPointExtension>
        </extensions>
      </trkpt>
      <trkpt lat="31.15815418772399425506591796875" lon="121.1993461288511753082275390625">
        <ele>5.599999904632568359375</ele>
        <time>2026-03-21T12:18:25.000Z</time>
        <extensions>
          <ns3:TrackPointExtension>
            <ns3:hr>156</ns3:hr>
            <ns3:cad>89</ns3:cad>
          </ns3:TrackPointExtension>
        </extensions>
      </trkpt>
      <trkpt lat="31.15817606449127197265625" lon="121.19933162815868854522705078125">
        <ele>5.599999904632568359375</ele>
        <time>2026-03-21T12:18:26.000Z</time>
        <extensions>
          <ns3:TrackPointExtension>
            <ns3:hr>156</ns3:hr>
            <ns3:cad>89</ns3:cad>
          </ns3:TrackPointExtension>
        </extensions>
      </trkpt>
      <trkpt lat="31.15820347331464290618896484375" lon="121.199316792190074920654296875">
        <ele>5.599999904632568359375</ele>
        <time>2026-03-21T12:18:27.000Z</time>
        <extensions>
          <ns3:TrackPointExtension>
            <ns3:hr>156</ns3:hr>
            <ns3:cad>89</ns3:cad>
          </ns3:TrackPointExtension>
        </extensions>
      </trkpt>
      <trkpt lat="31.15822325460612773895263671875" lon="121.19930128566920757293701171875">
        <ele>5.599999904632568359375</ele>
        <time>2026-03-21T12:18:28.000Z</time>
        <extensions>
          <ns3:TrackPointExtension>
            <ns3:hr>156</ns3:hr>
            <ns3:cad>89</ns3:cad>
          </ns3:TrackPointExtension>
        </extensions>
      </trkpt>
      <trkpt lat="31.15824923850595951080322265625" lon="121.1992834322154521942138671875">
        <ele>5.400000095367431640625</ele>
        <time>2026-03-21T12:18:29.000Z</time>
        <extensions>
          <ns3:TrackPointExtension>
            <ns3:hr>156</ns3:hr>
            <ns3:cad>89</ns3:cad>
          </ns3:TrackPointExtension>
        </extensions>
      </trkpt>
      <trkpt lat="31.15827002562582492828369140625" lon="121.19926147162914276123046875">
        <ele>5.400000095367431640625</ele>
        <time>2026-03-21T12:18:30.000Z</time>
        <extensions>
          <ns3:TrackPointExtension>
            <ns3:hr>156</ns3:hr>
            <ns3:cad>89</ns3:cad>
          </ns3:TrackPointExtension>
        </extensions>
      </trkpt>
      <trkpt lat="31.15829416550695896148681640625" lon="121.19924068450927734375">
        <ele>5.400000095367431640625</ele>
        <time>2026-03-21T12:18:31.000Z</time>
        <extensions>
          <ns3:TrackPointExtension>
            <ns3:hr>156</ns3:hr>
            <ns3:cad>89</ns3:cad>
          </ns3:TrackPointExtension>
        </extensions>
      </trkpt>
      <trkpt lat="31.1583141982555389404296875" lon="121.1992240883409976959228515625">
        <ele>5.400000095367431640625</ele>
        <time>2026-03-21T12:18:32.000Z</time>
        <extensions>
          <ns3:TrackPointExtension>
            <ns3:hr>156</ns3:hr>
            <ns3:cad>87</ns3:cad>
          </ns3:TrackPointExtension>
        </extensions>
      </trkpt>
      <trkpt lat="31.15833657793700695037841796875" lon="121.19920120574533939361572265625">
        <ele>5.400000095367431640625</ele>
        <time>2026-03-21T12:18:33.000Z</time>
        <extensions>
          <ns3:TrackPointExtension>
            <ns3:hr>156</ns3:hr>
            <ns3:cad>88</ns3:cad>
          </ns3:TrackPointExtension>
        </extensions>
      </trkpt>
      <trkpt lat="31.15835820324718952178955078125" lon="121.19918494485318660736083984375">
        <ele>5.400000095367431640625</ele>
        <time>2026-03-21T12:18:34.000Z</time>
        <extensions>
          <ns3:TrackPointExtension>
            <ns3:hr>156</ns3:hr>
            <ns3:cad>89</ns3:cad>
          </ns3:TrackPointExtension>
        </extensions>
      </trkpt>
      <trkpt lat="31.15837932564318180084228515625" lon="121.1991543509066104888916015625">
        <ele>5.19999980926513671875</ele>
        <time>2026-03-21T12:18:35.000Z</time>
        <extensions>
          <ns3:TrackPointExtension>
            <ns3:hr>156</ns3:hr>
            <ns3:cad>89</ns3:cad>
          </ns3:TrackPointExtension>
        </extensions>
      </trkpt>
      <trkpt lat="31.15839659236371517181396484375" lon="121.1991359107196331024169921875">
        <ele>5.19999980926513671875</ele>
        <time>2026-03-21T12:18:36.000Z</time>
        <extensions>
          <ns3:TrackPointExtension>
            <ns3:hr>156</ns3:hr>
            <ns3:cad>89</ns3:cad>
          </ns3:TrackPointExtension>
        </extensions>
      </trkpt>
      <trkpt lat="31.1584134399890899658203125" lon="121.1991077475249767303466796875">
        <ele>5.19999980926513671875</ele>
        <time>2026-03-21T12:18:37.000Z</time>
        <extensions>
          <ns3:TrackPointExtension>
            <ns3:hr>155</ns3:hr>
            <ns3:cad>89</ns3:cad>
          </ns3:TrackPointExtension>
        </extensions>
      </trkpt>
      <trkpt lat="31.15842676721513271331787109375" lon="121.19908067397773265838623046875">
        <ele>5</ele>
        <time>2026-03-21T12:18:38.000Z</time>
        <extensions>
          <ns3:TrackPointExtension>
            <ns3:hr>156</ns3:hr>
            <ns3:cad>88</ns3:cad>
          </ns3:TrackPointExtension>
        </extensions>
      </trkpt>
      <trkpt lat="31.15844554267823696136474609375" lon="121.19905452243983745574951171875">
        <ele>5</ele>
        <time>2026-03-21T12:18:39.000Z</time>
        <extensions>
          <ns3:TrackPointExtension>
            <ns3:hr>156</ns3:hr>
            <ns3:cad>87</ns3:cad>
          </ns3:TrackPointExtension>
        </extensions>
      </trkpt>
      <trkpt lat="31.1584702692925930023193359375" lon="121.19903390295803546905517578125">
        <ele>5</ele>
        <time>2026-03-21T12:18:40.000Z</time>
        <extensions>
          <ns3:TrackPointExtension>
            <ns3:hr>156</ns3:hr>
            <ns3:cad>87</ns3:cad>
          </ns3:TrackPointExtension>
        </extensions>
      </trkpt>
      <trkpt lat="31.1584885418415069580078125" lon="121.1990128643810749053955078125">
        <ele>4.80000019073486328125</ele>
        <time>2026-03-21T12:18:41.000Z</time>
        <extensions>
          <ns3:TrackPointExtension>
            <ns3:hr>156</ns3:hr>
            <ns3:cad>89</ns3:cad>
          </ns3:TrackPointExtension>
        </extensions>
      </trkpt>
      <trkpt lat="31.15851343609392642974853515625" lon="121.19899333454668521881103515625">
        <ele>4.80000019073486328125</ele>
        <time>2026-03-21T12:18:42.000Z</time>
        <extensions>
          <ns3:TrackPointExtension>
            <ns3:hr>156</ns3:hr>
            <ns3:cad>89</ns3:cad>
          </ns3:TrackPointExtension>
        </extensions>
      </trkpt>
      <trkpt lat="31.15853372029960155487060546875" lon="121.198970116674900054931640625">
        <ele>4.80000019073486328125</ele>
        <time>2026-03-21T12:18:43.000Z</time>
        <extensions>
          <ns3:TrackPointExtension>
            <ns3:hr>155</ns3:hr>
            <ns3:cad>90</ns3:cad>
          </ns3:TrackPointExtension>
        </extensions>
      </trkpt>
      <trkpt lat="31.15855601616203784942626953125" lon="121.19894874282181262969970703125">
        <ele>4.80000019073486328125</ele>
        <time>2026-03-21T12:18:44.000Z</time>
        <extensions>
          <ns3:TrackPointExtension>
            <ns3:hr>156</ns3:hr>
            <ns3:cad>90</ns3:cad>
          </ns3:TrackPointExtension>
        </extensions>
      </trkpt>
      <trkpt lat="31.15857680328190326690673828125" lon="121.19892292656004428863525390625">
        <ele>4.80000019073486328125</ele>
        <time>2026-03-21T12:18:45.000Z</time>
        <extensions>
          <ns3:TrackPointExtension>
            <ns3:hr>156</ns3:hr>
            <ns3:cad>90</ns3:cad>
          </ns3:TrackPointExtension>
        </extensions>
      </trkpt>
      <trkpt lat="31.1586011946201324462890625" lon="121.19890096597373485565185546875">
        <ele>4.80000019073486328125</ele>
        <time>2026-03-21T12:18:46.000Z</time>
        <extensions>
          <ns3:TrackPointExtension>
            <ns3:hr>155</ns3:hr>
            <ns3:cad>88</ns3:cad>
          </ns3:TrackPointExtension>
        </extensions>
      </trkpt>
      <trkpt lat="31.15862340666353702545166015625" lon="121.19888017885386943817138671875">
        <ele>4.80000019073486328125</ele>
        <time>2026-03-21T12:18:47.000Z</time>
        <extensions>
          <ns3:TrackPointExtension>
            <ns3:hr>155</ns3:hr>
            <ns3:cad>88</ns3:cad>
          </ns3:TrackPointExtension>
        </extensions>
      </trkpt>
      <trkpt lat="31.1586462892591953277587890625" lon="121.19886324740946292877197265625">
        <ele>4.80000019073486328125</ele>
        <time>2026-03-21T12:18:48.000Z</time>
        <extensions>
          <ns3:TrackPointExtension>
            <ns3:hr>155</ns3:hr>
            <ns3:cad>88</ns3:cad>
          </ns3:TrackPointExtension>
        </extensions>
      </trkpt>
      <trkpt lat="31.1586657352745532989501953125" lon="121.1988458968698978424072265625">
        <ele>4.80000019073486328125</ele>
        <time>2026-03-21T12:18:49.000Z</time>
        <extensions>
          <ns3:TrackPointExtension>
            <ns3:hr>155</ns3:hr>
            <ns3:cad>89</ns3:cad>
          </ns3:TrackPointExtension>
        </extensions>
      </trkpt>
      <trkpt lat="31.158692054450511932373046875" lon="121.1988261155784130096435546875">
        <ele>4.80000019073486328125</ele>
        <time>2026-03-21T12:18:50.000Z</time>
        <extensions>
          <ns3:TrackPointExtension>
            <ns3:hr>155</ns3:hr>
            <ns3:cad>89</ns3:cad>
          </ns3:TrackPointExtension>
        </extensions>
      </trkpt>
      <trkpt lat="31.1587109975516796112060546875" lon="121.19880591519176959991455078125">
        <ele>4.80000019073486328125</ele>
        <time>2026-03-21T12:18:51.000Z</time>
        <extensions>
          <ns3:TrackPointExtension>
            <ns3:hr>154</ns3:hr>
            <ns3:cad>89</ns3:cad>
          </ns3:TrackPointExtension>
        </extensions>
      </trkpt>
      <trkpt lat="31.15873538888990879058837890625" lon="121.1987848766148090362548828125">
        <ele>4.599999904632568359375</ele>
        <time>2026-03-21T12:18:52.000Z</time>
        <extensions>
          <ns3:TrackPointExtension>
            <ns3:hr>155</ns3:hr>
            <ns3:cad>89</ns3:cad>
          </ns3:TrackPointExtension>
        </extensions>
      </trkpt>
      <trkpt lat="31.15875198505818843841552734375" lon="121.198765933513641357421875">
        <ele>4.599999904632568359375</ele>
        <time>2026-03-21T12:18:53.000Z</time>
        <extensions>
          <ns3:TrackPointExtension>
            <ns3:hr>155</ns3:hr>
            <ns3:cad>89</ns3:cad>
          </ns3:TrackPointExtension>
        </extensions>
      </trkpt>
      <trkpt lat="31.15877746604382991790771484375" lon="121.19874405674636363983154296875">
        <ele>4.599999904632568359375</ele>
        <time>2026-03-21T12:18:54.000Z</time>
        <extensions>
          <ns3:TrackPointExtension>
            <ns3:hr>154</ns3:hr>
            <ns3:cad>88</ns3:cad>
          </ns3:TrackPointExtension>
        </extensions>
      </trkpt>
      <trkpt lat="31.1587968282401561737060546875" lon="121.19872477836906909942626953125">
        <ele>4.599999904632568359375</ele>
        <time>2026-03-21T12:18:55.000Z</time>
        <extensions>
          <ns3:TrackPointExtension>
            <ns3:hr>155</ns3:hr>
            <ns3:cad>88</ns3:cad>
          </ns3:TrackPointExtension>
        </extensions>
      </trkpt>
      <trkpt lat="31.15881937555968761444091796875" lon="121.19870549999177455902099609375">
        <ele>4.599999904632568359375</ele>
        <time>2026-03-21T12:18:56.000Z</time>
        <extensions>
          <ns3:TrackPointExtension>
            <ns3:hr>155</ns3:hr>
            <ns3:cad>88</ns3:cad>
          </ns3:TrackPointExtension>
        </extensions>
      </trkpt>
      <trkpt lat="31.15883655846118927001953125" lon="121.19868747889995574951171875">
        <ele>4.400000095367431640625</ele>
        <time>2026-03-21T12:18:57.000Z</time>
        <extensions>
          <ns3:TrackPointExtension>
            <ns3:hr>154</ns3:hr>
            <ns3:cad>89</ns3:cad>
          </ns3:TrackPointExtension>
        </extensions>
      </trkpt>
      <trkpt lat="31.1588613688945770263671875" lon="121.19866861961781978607177734375">
        <ele>4.400000095367431640625</ele>
        <time>2026-03-21T12:18:58.000Z</time>
        <extensions>
          <ns3:TrackPointExtension>
            <ns3:hr>155</ns3:hr>
            <ns3:cad>90</ns3:cad>
          </ns3:TrackPointExtension>
        </extensions>
      </trkpt>
      <trkpt lat="31.1588769592344760894775390625" lon="121.19865319691598415374755859375">
        <ele>4.400000095367431640625</ele>
        <time>2026-03-21T12:18:59.000Z</time>
        <extensions>
          <ns3:TrackPointExtension>
            <ns3:hr>154</ns3:hr>
            <ns3:cad>90</ns3:cad>
          </ns3:TrackPointExtension>
        </extensions>
      </trkpt>
      <trkpt lat="31.15890252403914928436279296875" lon="121.1986343376338481903076171875">
        <ele>4.400000095367431640625</ele>
        <time>2026-03-21T12:19:00.000Z</time>
        <extensions>
          <ns3:TrackPointExtension>
            <ns3:hr>155</ns3:hr>
            <ns3:cad>90</ns3:cad>
          </ns3:TrackPointExtension>
        </extensions>
      </trkpt>
      <trkpt lat="31.1589202098548412322998046875" lon="121.1986162327229976654052734375">
        <ele>4.400000095367431640625</ele>
        <time>2026-03-21T12:19:01.000Z</time>
        <extensions>
          <ns3:TrackPointExtension>
            <ns3:hr>155</ns3:hr>
            <ns3:cad>89</ns3:cad>
          </ns3:TrackPointExtension>
        </extensions>
      </trkpt>
      <trkpt lat="31.15894678048789501190185546875" lon="121.19859737344086170196533203125">
        <ele>4.400000095367431640625</ele>
        <time>2026-03-21T12:19:02.000Z</time>
        <extensions>
          <ns3:TrackPointExtension>
            <ns3:hr>155</ns3:hr>
            <ns3:cad>89</ns3:cad>
          </ns3:TrackPointExtension>
        </extensions>
      </trkpt>
      <trkpt lat="31.15896522067487239837646484375" lon="121.19857993908226490020751953125">
        <ele>4.400000095367431640625</ele>
        <time>2026-03-21T12:19:03.000Z</time>
        <extensions>
          <ns3:TrackPointExtension>
            <ns3:hr>155</ns3:hr>
            <ns3:cad>89</ns3:cad>
          </ns3:TrackPointExtension>
        </extensions>
      </trkpt>
      <trkpt lat="31.158991120755672454833984375" lon="121.19855940341949462890625">
        <ele>4.400000095367431640625</ele>
        <time>2026-03-21T12:19:04.000Z</time>
        <extensions>
          <ns3:TrackPointExtension>
            <ns3:hr>154</ns3:hr>
            <ns3:cad>89</ns3:cad>
          </ns3:TrackPointExtension>
        </extensions>
      </trkpt>
      <trkpt lat="31.15900847129523754119873046875" lon="121.19854423217475414276123046875">
        <ele>4.400000095367431640625</ele>
        <time>2026-03-21T12:19:05.000Z</time>
        <extensions>
          <ns3:TrackPointExtension>
            <ns3:hr>155</ns3:hr>
            <ns3:cad>89</ns3:cad>
          </ns3:TrackPointExtension>
        </extensions>
      </trkpt>
      <trkpt lat="31.1590352095663547515869140625" lon="121.19852243922650814056396484375">
        <ele>4.400000095367431640625</ele>
        <time>2026-03-21T12:19:06.000Z</time>
        <extensions>
          <ns3:TrackPointExtension>
            <ns3:hr>154</ns3:hr>
            <ns3:cad>89</ns3:cad>
          </ns3:TrackPointExtension>
        </extensions>
      </trkpt>
      <trkpt lat="31.159050129354000091552734375" lon="121.1985059268772602081298828125">
        <ele>4.400000095367431640625</ele>
        <time>2026-03-21T12:19:07.000Z</time>
        <extensions>
          <ns3:TrackPointExtension>
            <ns3:hr>154</ns3:hr>
            <ns3:cad>89</ns3:cad>
          </ns3:TrackPointExtension>
        </extensions>
      </trkpt>
      <trkpt lat="31.159074604511260986328125" lon="121.19848706759512424468994140625">
        <ele>4.400000095367431640625</ele>
        <time>2026-03-21T12:19:08.000Z</time>
        <extensions>
          <ns3:TrackPointExtension>
            <ns3:hr>155</ns3:hr>
            <ns3:cad>89</ns3:cad>
          </ns3:TrackPointExtension>
        </extensions>
      </trkpt>
      <trkpt lat="31.1590915359556674957275390625" lon="121.198467873036861419677734375">
        <ele>4.400000095367431640625</ele>
        <time>2026-03-21T12:19:09.000Z</time>
        <extensions>
          <ns3:TrackPointExtension>
            <ns3:hr>155</ns3:hr>
            <ns3:cad>89</ns3:cad>
          </ns3:TrackPointExtension>
        </extensions>
      </trkpt>
      <trkpt lat="31.159119196236133575439453125" lon="121.1984469182789325714111328125">
        <ele>4.400000095367431640625</ele>
        <time>2026-03-21T12:19:10.000Z</time>
        <extensions>
          <ns3:TrackPointExtension>
            <ns3:hr>155</ns3:hr>
            <ns3:cad>90</ns3:cad>
          </ns3:TrackPointExtension>
        </extensions>
      </trkpt>
      <trkpt lat="31.1591347865760326385498046875" lon="121.19842940010130405426025390625">
        <ele>4.400000095367431640625</ele>
        <time>2026-03-21T12:19:11.000Z</time>
        <extensions>
          <ns3:TrackPointExtension>
            <ns3:hr>154</ns3:hr>
            <ns3:cad>90</ns3:cad>
          </ns3:TrackPointExtension>
        </extensions>
      </trkpt>
      <trkpt lat="31.159162111580371856689453125" lon="121.19840718805789947509765625">
        <ele>4.400000095367431640625</ele>
        <time>2026-03-21T12:19:12.000Z</time>
        <extensions>
          <ns3:TrackPointExtension>
            <ns3:hr>155</ns3:hr>
            <ns3:cad>90</ns3:cad>
          </ns3:TrackPointExtension>
        </extensions>
      </trkpt>
      <trkpt lat="31.1591783724725246429443359375" lon="121.19838866405189037322998046875">
        <ele>4.400000095367431640625</ele>
        <time>2026-03-21T12:19:13.000Z</time>
        <extensions>
          <ns3:TrackPointExtension>
            <ns3:hr>155</ns3:hr>
            <ns3:cad>90</ns3:cad>
          </ns3:TrackPointExtension>
        </extensions>
      </trkpt>
      <trkpt lat="31.15920376963913440704345703125" lon="121.1983687989413738250732421875">
        <ele>4.400000095367431640625</ele>
        <time>2026-03-21T12:19:14.000Z</time>
        <extensions>
          <ns3:TrackPointExtension>
            <ns3:hr>154</ns3:hr>
            <ns3:cad>90</ns3:cad>
          </ns3:TrackPointExtension>
        </extensions>
      </trkpt>
      <trkpt lat="31.15922153927385807037353515625" lon="121.198352873325347900390625">
        <ele>4.400000095367431640625</ele>
        <time>2026-03-21T12:19:15.000Z</time>
        <extensions>
          <ns3:TrackPointExtension>
            <ns3:hr>155</ns3:hr>
            <ns3:cad>90</ns3:cad>
          </ns3:TrackPointExtension>
        </extensions>
      </trkpt>
      <trkpt lat="31.1592494510114192962646484375" lon="121.19833233766257762908935546875">
        <ele>4.400000095367431640625</ele>
        <time>2026-03-21T12:19:16.000Z</time>
        <extensions>
          <ns3:TrackPointExtension>
            <ns3:hr>154</ns3:hr>
            <ns3:cad>90</ns3:cad>
          </ns3:TrackPointExtension>
        </extensions>
      </trkpt>
      <trkpt lat="31.159267723560333251953125" lon="121.19831272400915622711181640625">
        <ele>4.400000095367431640625</ele>
        <time>2026-03-21T12:19:17.000Z</time>
        <extensions>
          <ns3:TrackPointExtension>
            <ns3:hr>154</ns3:hr>
            <ns3:cad>89</ns3:cad>
          </ns3:TrackPointExtension>
        </extensions>
      </trkpt>
      <trkpt lat="31.15929110907018184661865234375" lon="121.1982925236225128173828125">
        <ele>4.400000095367431640625</ele>
        <time>2026-03-21T12:19:18.000Z</time>
        <extensions>
          <ns3:TrackPointExtension>
            <ns3:hr>154</ns3:hr>
            <ns3:cad>90</ns3:cad>
          </ns3:TrackPointExtension>
        </extensions>
      </trkpt>
      <trkpt lat="31.15931005217134952545166015625" lon="121.1982742510735988616943359375">
        <ele>4.400000095367431640625</ele>
        <time>2026-03-21T12:19:19.000Z</time>
        <extensions>
          <ns3:TrackPointExtension>
            <ns3:hr>155</ns3:hr>
            <ns3:cad>90</ns3:cad>
          </ns3:TrackPointExtension>
        </extensions>
      </trkpt>
      <trkpt lat="31.15933318622410297393798828125" lon="121.198259331285953521728515625">
        <ele>4.400000095367431640625</ele>
        <time>2026-03-21T12:19:20.000Z</time>
        <extensions>
          <ns3:TrackPointExtension>
            <ns3:hr>154</ns3:hr>
            <ns3:cad>89</ns3:cad>
          </ns3:TrackPointExtension>
        </extensions>
      </trkpt>
      <trkpt lat="31.15935246460139751434326171875" lon="121.19824281893670558929443359375">
        <ele>4.400000095367431640625</ele>
        <time>2026-03-21T12:19:21.000Z</time>
        <extensions>
          <ns3:TrackPointExtension>
            <ns3:hr>155</ns3:hr>
            <ns3:cad>89</ns3:cad>
          </ns3:TrackPointExtension>
        </extensions>
      </trkpt>
      <trkpt lat="31.159373335540294647216796875" lon="121.1982209421694278717041015625">
        <ele>4.400000095367431640625</ele>
        <time>2026-03-21T12:19:22.000Z</time>
        <extensions>
          <ns3:TrackPointExtension>
            <ns3:hr>155</ns3:hr>
            <ns3:cad>88</ns3:cad>
          </ns3:TrackPointExtension>
        </extensions>
      </trkpt>
      <trkpt lat="31.15939445793628692626953125" lon="121.1982001550495624542236328125">
        <ele>4.400000095367431640625</ele>
        <time>2026-03-21T12:19:23.000Z</time>
        <extensions>
          <ns3:TrackPointExtension>
            <ns3:hr>155</ns3:hr>
            <ns3:cad>87</ns3:cad>
          </ns3:TrackPointExtension>
        </extensions>
      </trkpt>
      <trkpt lat="31.1594134010374546051025390625" lon="121.19817861355841159820556640625">
        <ele>4.599999904632568359375</ele>
        <time>2026-03-21T12:19:24.000Z</time>
        <extensions>
          <ns3:TrackPointExtension>
            <ns3:hr>154</ns3:hr>
            <ns3:cad>87</ns3:cad>
          </ns3:TrackPointExtension>
        </extensions>
      </trkpt>
      <trkpt lat="31.159435026347637176513671875" lon="121.19816034100949764251708984375">
        <ele>4.599999904632568359375</ele>
        <time>2026-03-21T12:19:25.000Z</time>
        <extensions>
          <ns3:TrackPointExtension>
            <ns3:hr>155</ns3:hr>
            <ns3:cad>87</ns3:cad>
          </ns3:TrackPointExtension>
        </extensions>
      </trkpt>
      <trkpt lat="31.1594516225159168243408203125" lon="121.19814290665090084075927734375">
        <ele>4.599999904632568359375</ele>
        <time>2026-03-21T12:19:26.000Z</time>
        <extensions>
          <ns3:TrackPointExtension>
            <ns3:hr>155</ns3:hr>
            <ns3:cad>88</ns3:cad>
          </ns3:TrackPointExtension>
        </extensions>
      </trkpt>
      <trkpt lat="31.15947467274963855743408203125" lon="121.19812949560582637786865234375">
        <ele>4.400000095367431640625</ele>
        <time>2026-03-21T12:19:27.000Z</time>
        <extensions>
          <ns3:TrackPointExtension>
            <ns3:hr>154</ns3:hr>
            <ns3:cad>89</ns3:cad>
          </ns3:TrackPointExtension>
        </extensions>
      </trkpt>
      <trkpt lat="31.1594931967556476593017578125" lon="121.19811222888529300689697265625">
        <ele>4.400000095367431640625</ele>
        <time>2026-03-21T12:19:28.000Z</time>
        <extensions>
          <ns3:TrackPointExtension>
            <ns3:hr>154</ns3:hr>
            <ns3:cad>89</ns3:cad>
          </ns3:TrackPointExtension>
        </extensions>
      </trkpt>
      <trkpt lat="31.15951540879905223846435546875" lon="121.1980967223644256591796875">
        <ele>4.400000095367431640625</ele>
        <time>2026-03-21T12:19:29.000Z</time>
        <extensions>
          <ns3:TrackPointExtension>
            <ns3:hr>154</ns3:hr>
            <ns3:cad>89</ns3:cad>
          </ns3:TrackPointExtension>
        </extensions>
      </trkpt>
      <trkpt lat="31.1595317535102367401123046875" lon="121.19807434268295764923095703125">
        <ele>4.400000095367431640625</ele>
        <time>2026-03-21T12:19:30.000Z</time>
        <extensions>
          <ns3:TrackPointExtension>
            <ns3:hr>155</ns3:hr>
            <ns3:cad>89</ns3:cad>
          </ns3:TrackPointExtension>
        </extensions>
      </trkpt>
      <trkpt lat="31.15955673158168792724609375" lon="121.198054812848567962646484375">
        <ele>4.400000095367431640625</ele>
        <time>2026-03-21T12:19:31.000Z</time>
        <extensions>
          <ns3:TrackPointExtension>
            <ns3:hr>154</ns3:hr>
            <ns3:cad>88</ns3:cad>
          </ns3:TrackPointExtension>
        </extensions>
      </trkpt>
      <trkpt lat="31.15957676433026790618896484375" lon="121.198034696280956268310546875">
        <ele>4.400000095367431640625</ele>
        <time>2026-03-21T12:19:32.000Z</time>
        <extensions>
          <ns3:TrackPointExtension>
            <ns3:hr>154</ns3:hr>
            <ns3:cad>88</ns3:cad>
          </ns3:TrackPointExtension>
        </extensions>
      </trkpt>
      <trkpt lat="31.159600652754306793212890625" lon="121.19801231659948825836181640625">
        <ele>4.400000095367431640625</ele>
        <time>2026-03-21T12:19:33.000Z</time>
        <extensions>
          <ns3:TrackPointExtension>
            <ns3:hr>155</ns3:hr>
            <ns3:cad>90</ns3:cad>
          </ns3:TrackPointExtension>
        </extensions>
      </trkpt>
      <trkpt lat="31.159617416560649871826171875" lon="121.19799010455608367919921875">
        <ele>4.400000095367431640625</ele>
        <time>2026-03-21T12:19:34.000Z</time>
        <extensions>
          <ns3:TrackPointExtension>
            <ns3:hr>154</ns3:hr>
            <ns3:cad>90</ns3:cad>
          </ns3:TrackPointExtension>
        </extensions>
      </trkpt>
      <trkpt lat="31.15964348427951335906982421875" lon="121.19796671904623508453369140625">
        <ele>4.400000095367431640625</ele>
        <time>2026-03-21T12:19:35.000Z</time>
        <extensions>
          <ns3:TrackPointExtension>
            <ns3:hr>154</ns3:hr>
            <ns3:cad>90</ns3:cad>
          </ns3:TrackPointExtension>
        </extensions>
      </trkpt>
      <trkpt lat="31.1596611700952053070068359375" lon="121.19794593192636966705322265625">
        <ele>4.400000095367431640625</ele>
        <time>2026-03-21T12:19:36.000Z</time>
        <extensions>
          <ns3:TrackPointExtension>
            <ns3:hr>154</ns3:hr>
            <ns3:cad>90</ns3:cad>
          </ns3:TrackPointExtension>
        </extensions>
      </trkpt>
      <trkpt lat="31.15968740545213222503662109375" lon="121.1979269050061702728271484375">
        <ele>4.400000095367431640625</ele>
        <time>2026-03-21T12:19:37.000Z</time>
        <extensions>
          <ns3:TrackPointExtension>
            <ns3:hr>155</ns3:hr>
            <ns3:cad>89</ns3:cad>
          </ns3:TrackPointExtension>
        </extensions>
      </trkpt>
      <trkpt lat="31.1597049236297607421875" lon="121.197909973561763763427734375">
        <ele>4.400000095367431640625</ele>
        <time>2026-03-21T12:19:38.000Z</time>
        <extensions>
          <ns3:TrackPointExtension>
            <ns3:hr>154</ns3:hr>
            <ns3:cad>88</ns3:cad>
          </ns3:TrackPointExtension>
        </extensions>
      </trkpt>
      <trkpt lat="31.159725375473499298095703125" lon="121.1978886835277080535888671875">
        <ele>4.599999904632568359375</ele>
        <time>2026-03-21T12:19:39.000Z</time>
        <extensions>
          <ns3:TrackPointExtension>
            <ns3:hr>154</ns3:hr>
            <ns3:cad>88</ns3:cad>
          </ns3:TrackPointExtension>
        </extensions>
      </trkpt>
      <trkpt lat="31.15974389947950839996337890625" lon="121.19786940515041351318359375">
        <ele>4.599999904632568359375</ele>
        <time>2026-03-21T12:19:40.000Z</time>
        <extensions>
          <ns3:TrackPointExtension>
            <ns3:hr>154</ns3:hr>
            <ns3:cad>88</ns3:cad>
          </ns3:TrackPointExtension>
        </extensions>
      </trkpt>
      <trkpt lat="31.15976594388484954833984375" lon="121.19785130023956298828125">
        <ele>4.599999904632568359375</ele>
        <time>2026-03-21T12:19:41.000Z</time>
        <extensions>
          <ns3:TrackPointExtension>
            <ns3:hr>154</ns3:hr>
            <ns3:cad>88</ns3:cad>
          </ns3:TrackPointExtension>
        </extensions>
      </trkpt>
      <trkpt lat="31.15978715009987354278564453125" lon="121.1978338658809661865234375">
        <ele>4.599999904632568359375</ele>
        <time>2026-03-21T12:19:42.000Z</time>
        <extensions>
          <ns3:TrackPointExtension>
            <ns3:hr>155</ns3:hr>
            <ns3:cad>88</ns3:cad>
          </ns3:TrackPointExtension>
        </extensions>
      </trkpt>
      <trkpt lat="31.159809529781341552734375" lon="121.19781710207462310791015625">
        <ele>4.599999904632568359375</ele>
        <time>2026-03-21T12:19:43.000Z</time>
        <extensions>
          <ns3:TrackPointExtension>
            <ns3:hr>154</ns3:hr>
            <ns3:cad>89</ns3:cad>
          </ns3:TrackPointExtension>
        </extensions>
      </trkpt>
      <trkpt lat="31.15983190946280956268310546875" lon="121.1977974884212017059326171875">
        <ele>4.599999904632568359375</ele>
        <time>2026-03-21T12:19:44.000Z</time>
        <extensions>
          <ns3:TrackPointExtension>
            <ns3:hr>154</ns3:hr>
            <ns3:cad>89</ns3:cad>
          </ns3:TrackPointExtension>
        </extensions>
      </trkpt>
      <trkpt lat="31.15985311567783355712890625" lon="121.19778223335742950439453125">
        <ele>4.599999904632568359375</ele>
        <time>2026-03-21T12:19:45.000Z</time>
        <extensions>
          <ns3:TrackPointExtension>
            <ns3:hr>155</ns3:hr>
            <ns3:cad>90</ns3:cad>
          </ns3:TrackPointExtension>
        </extensions>
      </trkpt>
      <trkpt lat="31.1598765850067138671875" lon="121.1977694928646087646484375">
        <ele>4.400000095367431640625</ele>
        <time>2026-03-21T12:19:46.000Z</time>
        <extensions>
          <ns3:TrackPointExtension>
            <ns3:hr>154</ns3:hr>
            <ns3:cad>90</ns3:cad>
          </ns3:TrackPointExtension>
        </extensions>
      </trkpt>
      <trkpt lat="31.159898377954959869384765625" lon="121.19775331579148769378662109375">
        <ele>4.400000095367431640625</ele>
        <time>2026-03-21T12:19:47.000Z</time>
        <extensions>
          <ns3:TrackPointExtension>
            <ns3:hr>154</ns3:hr>
            <ns3:cad>89</ns3:cad>
          </ns3:TrackPointExtension>
        </extensions>
      </trkpt>
      <trkpt lat="31.15992008708417415618896484375" lon="121.19773638434708118438720703125">
        <ele>4.400000095367431640625</ele>
        <time>2026-03-21T12:19:48.000Z</time>
        <extensions>
          <ns3:TrackPointExtension>
            <ns3:hr>155</ns3:hr>
            <ns3:cad>88</ns3:cad>
          </ns3:TrackPointExtension>
        </extensions>
      </trkpt>
      <trkpt lat="31.1599396169185638427734375" lon="121.19771610014140605926513671875">
        <ele>4.400000095367431640625</ele>
        <time>2026-03-21T12:19:49.000Z</time>
        <extensions>
          <ns3:TrackPointExtension>
            <ns3:hr>155</ns3:hr>
            <ns3:cad>89</ns3:cad>
          </ns3:TrackPointExtension>
        </extensions>
      </trkpt>
      <trkpt lat="31.159959733486175537109375" lon="121.19769749231636524200439453125">
        <ele>4.400000095367431640625</ele>
        <time>2026-03-21T12:19:50.000Z</time>
        <extensions>
          <ns3:TrackPointExtension>
            <ns3:hr>155</ns3:hr>
            <ns3:cad>89</ns3:cad>
          </ns3:TrackPointExtension>
        </extensions>
      </trkpt>
      <trkpt lat="31.15997783839702606201171875" lon="121.19767762720584869384765625">
        <ele>4.400000095367431640625</ele>
        <time>2026-03-21T12:19:51.000Z</time>
        <extensions>
          <ns3:TrackPointExtension>
            <ns3:hr>155</ns3:hr>
            <ns3:cad>89</ns3:cad>
          </ns3:TrackPointExtension>
        </extensions>
      </trkpt>
      <trkpt lat="31.1600004695355892181396484375" lon="121.1976566724479198455810546875">
        <ele>4.400000095367431640625</ele>
        <time>2026-03-21T12:19:52.000Z</time>
        <extensions>
          <ns3:TrackPointExtension>
            <ns3:hr>154</ns3:hr>
            <ns3:cad>89</ns3:cad>
          </ns3:TrackPointExtension>
        </extensions>
      </trkpt>
      <trkpt lat="31.16001807153224945068359375" lon="121.19763898663222789764404296875">
        <ele>4.400000095367431640625</ele>
        <time>2026-03-21T12:19:53.000Z</time>
        <extensions>
          <ns3:TrackPointExtension>
            <ns3:hr>154</ns3:hr>
            <ns3:cad>87</ns3:cad>
          </ns3:TrackPointExtension>
        </extensions>
      </trkpt>
      <trkpt lat="31.1600410379469394683837890625" lon="121.19762540794909000396728515625">
        <ele>4.400000095367431640625</ele>
        <time>2026-03-21T12:19:54.000Z</time>
        <extensions>
          <ns3:TrackPointExtension>
            <ns3:hr>155</ns3:hr>
            <ns3:cad>87</ns3:cad>
          </ns3:TrackPointExtension>
        </extensions>
      </trkpt>
      <trkpt lat="31.1600608192384243011474609375" lon="121.19760747067630290985107421875">
        <ele>4.400000095367431640625</ele>
        <time>2026-03-21T12:19:55.000Z</time>
        <extensions>
          <ns3:TrackPointExtension>
            <ns3:hr>155</ns3:hr>
            <ns3:cad>89</ns3:cad>
          </ns3:TrackPointExtension>
        </extensions>
      </trkpt>
      <trkpt lat="31.160083450376987457275390625" lon="121.19758903048932552337646484375">
        <ele>4.400000095367431640625</ele>
        <time>2026-03-21T12:19:56.000Z</time>
        <extensions>
          <ns3:TrackPointExtension>
            <ns3:hr>155</ns3:hr>
            <ns3:cad>90</ns3:cad>
          </ns3:TrackPointExtension>
        </extensions>
      </trkpt>
      <trkpt lat="31.16010189056396484375" lon="121.197564303874969482421875">
        <ele>4.400000095367431640625</ele>
        <time>2026-03-21T12:19:57.000Z</time>
        <extensions>
          <ns3:TrackPointExtension>
            <ns3:hr>154</ns3:hr>
            <ns3:cad>90</ns3:cad>
          </ns3:TrackPointExtension>
        </extensions>
      </trkpt>
      <trkpt lat="31.16012535989284515380859375" lon="121.1975467018783092498779296875">
        <ele>4.400000095367431640625</ele>
        <time>2026-03-21T12:19:58.000Z</time>
        <extensions>
          <ns3:TrackPointExtension>
            <ns3:hr>155</ns3:hr>
            <ns3:cad>90</ns3:cad>
          </ns3:TrackPointExtension>
        </extensions>
      </trkpt>
      <trkpt lat="31.160143800079822540283203125" lon="121.19753018952906131744384765625">
        <ele>4.400000095367431640625</ele>
        <time>2026-03-21T12:19:59.000Z</time>
        <extensions>
          <ns3:TrackPointExtension>
            <ns3:hr>155</ns3:hr>
            <ns3:cad>90</ns3:cad>
          </ns3:TrackPointExtension>
        </extensions>
      </trkpt>
      <trkpt lat="31.1601701192557811737060546875" lon="121.1975131742656230926513671875">
        <ele>4.400000095367431640625</ele>
        <time>2026-03-21T12:20:00.000Z</time>
        <extensions>
          <ns3:TrackPointExtension>
            <ns3:hr>155</ns3:hr>
            <ns3:cad>90</ns3:cad>
          </ns3:TrackPointExtension>
        </extensions>
      </trkpt>
      <trkpt lat="31.1601863801479339599609375" lon="121.19749699719250202178955078125">
        <ele>4.400000095367431640625</ele>
        <time>2026-03-21T12:20:01.000Z</time>
        <extensions>
          <ns3:TrackPointExtension>
            <ns3:hr>154</ns3:hr>
            <ns3:cad>88</ns3:cad>
          </ns3:TrackPointExtension>
        </extensions>
      </trkpt>
      <trkpt lat="31.1602120287716388702392578125" lon="121.19747755117714405059814453125">
        <ele>4.400000095367431640625</ele>
        <time>2026-03-21T12:20:02.000Z</time>
        <extensions>
          <ns3:TrackPointExtension>
            <ns3:hr>155</ns3:hr>
            <ns3:cad>89</ns3:cad>
          </ns3:TrackPointExtension>
        </extensions>
      </trkpt>
      <trkpt lat="31.16022803820669651031494140625" lon="121.197462715208530426025390625">
        <ele>4.400000095367431640625</ele>
        <time>2026-03-21T12:20:03.000Z</time>
        <extensions>
          <ns3:TrackPointExtension>
            <ns3:hr>155</ns3:hr>
            <ns3:cad>89</ns3:cad>
          </ns3:TrackPointExtension>
        </extensions>
      </trkpt>
      <trkpt lat="31.1602515913546085357666015625" lon="121.19744368828833103179931640625">
        <ele>4.400000095367431640625</ele>
        <time>2026-03-21T12:20:04.000Z</time>
        <extensions>
          <ns3:TrackPointExtension>
            <ns3:hr>154</ns3:hr>
            <ns3:cad>89</ns3:cad>
          </ns3:TrackPointExtension>
        </extensions>
      </trkpt>
      <trkpt lat="31.160269193351268768310546875" lon="121.19742675684392452239990234375">
        <ele>4.400000095367431640625</ele>
        <time>2026-03-21T12:20:05.000Z</time>
        <extensions>
          <ns3:TrackPointExtension>
            <ns3:hr>154</ns3:hr>
            <ns3:cad>89</ns3:cad>
          </ns3:TrackPointExtension>
        </extensions>
      </trkpt>
      <trkpt lat="31.160295344889163970947265625" lon="121.197403036057949066162109375">
        <ele>4.400000095367431640625</ele>
        <time>2026-03-21T12:20:06.000Z</time>
        <extensions>
          <ns3:TrackPointExtension>
            <ns3:hr>154</ns3:hr>
            <ns3:cad>89</ns3:cad>
          </ns3:TrackPointExtension>
        </extensions>
      </trkpt>
      <trkpt lat="31.16031185723841190338134765625" lon="121.19738124310970306396484375">
        <ele>4.400000095367431640625</ele>
        <time>2026-03-21T12:20:07.000Z</time>
        <extensions>
          <ns3:TrackPointExtension>
            <ns3:hr>155</ns3:hr>
            <ns3:cad>89</ns3:cad>
          </ns3:TrackPointExtension>
        </extensions>
      </trkpt>
      <trkpt lat="31.1603360809385776519775390625" lon="121.19735735468566417694091796875">
        <ele>4.400000095367431640625</ele>
        <time>2026-03-21T12:20:08.000Z</time>
        <extensions>
          <ns3:TrackPointExtension>
            <ns3:hr>155</ns3:hr>
            <ns3:cad>89</ns3:cad>
          </ns3:TrackPointExtension>
        </extensions>
      </trkpt>
      <trkpt lat="31.1603525094687938690185546875" lon="121.19733572937548160552978515625">
        <ele>4.400000095367431640625</ele>
        <time>2026-03-21T12:20:09.000Z</time>
        <extensions>
          <ns3:TrackPointExtension>
            <ns3:hr>154</ns3:hr>
            <ns3:cad>88</ns3:cad>
          </ns3:TrackPointExtension>
        </extensions>
      </trkpt>
      <trkpt lat="31.16037547588348388671875" lon="121.19731561280786991119384765625">
        <ele>4.400000095367431640625</ele>
        <time>2026-03-21T12:20:10.000Z</time>
        <extensions>
          <ns3:TrackPointExtension>
            <ns3:hr>154</ns3:hr>
            <ns3:cad>88</ns3:cad>
          </ns3:TrackPointExtension>
        </extensions>
      </trkpt>
      <trkpt lat="31.16039265878498554229736328125" lon="121.197297088801860809326171875">
        <ele>4.400000095367431640625</ele>
        <time>2026-03-21T12:20:11.000Z</time>
        <extensions>
          <ns3:TrackPointExtension>
            <ns3:hr>154</ns3:hr>
            <ns3:cad>89</ns3:cad>
          </ns3:TrackPointExtension>
        </extensions>
      </trkpt>
      <trkpt lat="31.16041495464742183685302734375" lon="121.19727722369134426116943359375">
        <ele>4.400000095367431640625</ele>
        <time>2026-03-21T12:20:12.000Z</time>
        <extensions>
          <ns3:TrackPointExtension>
            <ns3:hr>154</ns3:hr>
            <ns3:cad>90</ns3:cad>
          </ns3:TrackPointExtension>
        </extensions>
      </trkpt>
      <trkpt lat="31.16043406538665294647216796875" lon="121.1972580291330814361572265625">
        <ele>4.400000095367431640625</ele>
        <time>2026-03-21T12:20:13.000Z</time>
        <extensions>
          <ns3:TrackPointExtension>
            <ns3:hr>154</ns3:hr>
            <ns3:cad>90</ns3:cad>
          </ns3:TrackPointExtension>
        </extensions>
      </trkpt>
      <trkpt lat="31.16045569069683551788330078125" lon="121.19723782874643802642822265625">
        <ele>4.400000095367431640625</ele>
        <time>2026-03-21T12:20:14.000Z</time>
        <extensions>
          <ns3:TrackPointExtension>
            <ns3:hr>154</ns3:hr>
            <ns3:cad>90</ns3:cad>
          </ns3:TrackPointExtension>
        </extensions>
      </trkpt>
      <trkpt lat="31.1604745499789714813232421875" lon="121.197219304740428924560546875">
        <ele>4.400000095367431640625</ele>
        <time>2026-03-21T12:20:15.000Z</time>
        <extensions>
          <ns3:TrackPointExtension>
            <ns3:hr>153</ns3:hr>
            <ns3:cad>90</ns3:cad>
          </ns3:TrackPointExtension>
        </extensions>
      </trkpt>
      <trkpt lat="31.16049860604107379913330078125" lon="121.19719876907765865325927734375">
        <ele>4.400000095367431640625</ele>
        <time>2026-03-21T12:20:16.000Z</time>
        <extensions>
          <ns3:TrackPointExtension>
            <ns3:hr>153</ns3:hr>
            <ns3:cad>89</ns3:cad>
          </ns3:TrackPointExtension>
        </extensions>
      </trkpt>
      <trkpt lat="31.16051604039967060089111328125" lon="121.19718049652874469757080078125">
        <ele>4.400000095367431640625</ele>
        <time>2026-03-21T12:20:17.000Z</time>
        <extensions>
          <ns3:TrackPointExtension>
            <ns3:hr>153</ns3:hr>
            <ns3:cad>89</ns3:cad>
          </ns3:TrackPointExtension>
        </extensions>
      </trkpt>
      <trkpt lat="31.16053816862404346466064453125" lon="121.19715727865695953369140625">
        <ele>4.400000095367431640625</ele>
        <time>2026-03-21T12:20:18.000Z</time>
        <extensions>
          <ns3:TrackPointExtension>
            <ns3:hr>153</ns3:hr>
            <ns3:cad>89</ns3:cad>
          </ns3:TrackPointExtension>
        </extensions>
      </trkpt>
      <trkpt lat="31.16055711172521114349365234375" lon="121.1971380002796649932861328125">
        <ele>4.400000095367431640625</ele>
        <time>2026-03-21T12:20:19.000Z</time>
        <extensions>
          <ns3:TrackPointExtension>
            <ns3:hr>153</ns3:hr>
            <ns3:cad>89</ns3:cad>
          </ns3:TrackPointExtension>
        </extensions>
      </trkpt>
      <trkpt lat="31.1605788208544254302978515625" lon="121.19711629115045070648193359375">
        <ele>4.400000095367431640625</ele>
        <time>2026-03-21T12:20:20.000Z</time>
        <extensions>
          <ns3:TrackPointExtension>
            <ns3:hr>153</ns3:hr>
            <ns3:cad>89</ns3:cad>
          </ns3:TrackPointExtension>
        </extensions>
      </trkpt>
      <trkpt lat="31.16060304455459117889404296875" lon="121.19710153900086879730224609375">
        <ele>4.400000095367431640625</ele>
        <time>2026-03-21T12:20:21.000Z</time>
        <extensions>
          <ns3:TrackPointExtension>
            <ns3:hr>153</ns3:hr>
            <ns3:cad>89</ns3:cad>
          </ns3:TrackPointExtension>
        </extensions>
      </trkpt>
      <trkpt lat="31.1606227420270442962646484375" lon="121.19708326645195484161376953125">
        <ele>4.400000095367431640625</ele>
        <time>2026-03-21T12:20:22.000Z</time>
        <extensions>
          <ns3:TrackPointExtension>
            <ns3:hr>153</ns3:hr>
            <ns3:cad>89</ns3:cad>
          </ns3:TrackPointExtension>
        </extensions>
      </trkpt>
      <trkpt lat="31.1606458760797977447509765625" lon="121.19706449098885059356689453125">
        <ele>4.400000095367431640625</ele>
        <time>2026-03-21T12:20:23.000Z</time>
        <extensions>
          <ns3:TrackPointExtension>
            <ns3:hr>153</ns3:hr>
            <ns3:cad>87</ns3:cad>
          </ns3:TrackPointExtension>
        </extensions>
      </trkpt>
      <trkpt lat="31.16066423244774341583251953125" lon="121.19704638607800006866455078125">
        <ele>4.400000095367431640625</ele>
        <time>2026-03-21T12:20:24.000Z</time>
        <extensions>
          <ns3:TrackPointExtension>
            <ns3:hr>153</ns3:hr>
            <ns3:cad>87</ns3:cad>
          </ns3:TrackPointExtension>
        </extensions>
      </trkpt>
      <trkpt lat="31.16068728268146514892578125" lon="121.197026185691356658935546875">
        <ele>4.400000095367431640625</ele>
        <time>2026-03-21T12:20:25.000Z</time>
        <extensions>
          <ns3:TrackPointExtension>
            <ns3:hr>153</ns3:hr>
            <ns3:cad>88</ns3:cad>
          </ns3:TrackPointExtension>
        </extensions>
      </trkpt>
      <trkpt lat="31.16070203483104705810546875" lon="121.19700682349503040313720703125">
        <ele>4.400000095367431640625</ele>
        <time>2026-03-21T12:20:26.000Z</time>
        <extensions>
          <ns3:TrackPointExtension>
            <ns3:hr>153</ns3:hr>
            <ns3:cad>89</ns3:cad>
          </ns3:TrackPointExtension>
        </extensions>
      </trkpt>
      <trkpt lat="31.16072609089314937591552734375" lon="121.19698486290872097015380859375">
        <ele>4.599999904632568359375</ele>
        <time>2026-03-21T12:20:27.000Z</time>
        <extensions>
          <ns3:TrackPointExtension>
            <ns3:hr>153</ns3:hr>
            <ns3:cad>89</ns3:cad>
          </ns3:TrackPointExtension>
        </extensions>
      </trkpt>
      <trkpt lat="31.16074117831885814666748046875" lon="121.19696575216948986053466796875">
        <ele>4.599999904632568359375</ele>
        <time>2026-03-21T12:20:28.000Z</time>
        <extensions>
          <ns3:TrackPointExtension>
            <ns3:hr>153</ns3:hr>
            <ns3:cad>89</ns3:cad>
          </ns3:TrackPointExtension>
        </extensions>
      </trkpt>
      <trkpt lat="31.16076649166643619537353515625" lon="121.19693934917449951171875">
        <ele>4.400000095367431640625</ele>
        <time>2026-03-21T12:20:29.000Z</time>
        <extensions>
          <ns3:TrackPointExtension>
            <ns3:hr>153</ns3:hr>
            <ns3:cad>89</ns3:cad>
          </ns3:TrackPointExtension>
        </extensions>
      </trkpt>
      <trkpt lat="31.16078141145408153533935546875" lon="121.196920908987522125244140625">
        <ele>4.400000095367431640625</ele>
        <time>2026-03-21T12:20:30.000Z</time>
        <extensions>
          <ns3:TrackPointExtension>
            <ns3:hr>153</ns3:hr>
            <ns3:cad>89</ns3:cad>
          </ns3:TrackPointExtension>
        </extensions>
      </trkpt>
      <trkpt lat="31.16080395877361297607421875" lon="121.1968989484012126922607421875">
        <ele>4.400000095367431640625</ele>
        <time>2026-03-21T12:20:31.000Z</time>
        <extensions>
          <ns3:TrackPointExtension>
            <ns3:hr>154</ns3:hr>
            <ns3:cad>88</ns3:cad>
          </ns3:TrackPointExtension>
        </extensions>
      </trkpt>
      <trkpt lat="31.16082063876092433929443359375" lon="121.1968801729381084442138671875">
        <ele>4.400000095367431640625</ele>
        <time>2026-03-21T12:20:32.000Z</time>
        <extensions>
          <ns3:TrackPointExtension>
            <ns3:hr>153</ns3:hr>
            <ns3:cad>88</ns3:cad>
          </ns3:TrackPointExtension>
        </extensions>
      </trkpt>
      <trkpt lat="31.16084159351885318756103515625" lon="121.1968570388853549957275390625">
        <ele>4.400000095367431640625</ele>
        <time>2026-03-21T12:20:33.000Z</time>
        <extensions>
          <ns3:TrackPointExtension>
            <ns3:hr>153</ns3:hr>
            <ns3:cad>89</ns3:cad>
          </ns3:TrackPointExtension>
        </extensions>
      </trkpt>
      <trkpt lat="31.16085802204906940460205078125" lon="121.1968365870416164398193359375">
        <ele>4.400000095367431640625</ele>
        <time>2026-03-21T12:20:34.000Z</time>
        <extensions>
          <ns3:TrackPointExtension>
            <ns3:hr>154</ns3:hr>
            <ns3:cad>89</ns3:cad>
          </ns3:TrackPointExtension>
        </extensions>
      </trkpt>
      <trkpt lat="31.1608845926821231842041015625" lon="121.1968164704740047454833984375">
        <ele>4.400000095367431640625</ele>
        <time>2026-03-21T12:20:35.000Z</time>
        <extensions>
          <ns3:TrackPointExtension>
            <ns3:hr>153</ns3:hr>
            <ns3:cad>89</ns3:cad>
          </ns3:TrackPointExtension>
        </extensions>
      </trkpt>
      <trkpt lat="31.16090009920299053192138671875" lon="121.1967953480780124664306640625">
        <ele>4.400000095367431640625</ele>
        <time>2026-03-21T12:20:36.000Z</time>
        <extensions>
          <ns3:TrackPointExtension>
            <ns3:hr>153</ns3:hr>
            <ns3:cad>89</ns3:cad>
          </ns3:TrackPointExtension>
        </extensions>
      </trkpt>
      <trkpt lat="31.1609208025038242340087890625" lon="121.19678311049938201904296875">
        <ele>4.400000095367431640625</ele>
        <time>2026-03-21T12:20:37.000Z</time>
        <extensions>
          <ns3:TrackPointExtension>
            <ns3:hr>153</ns3:hr>
            <ns3:cad>89</ns3:cad>
          </ns3:TrackPointExtension>
        </extensions>
      </trkpt>
      <trkpt lat="31.1609392426908016204833984375" lon="121.19676726870238780975341796875">
        <ele>4.400000095367431640625</ele>
        <time>2026-03-21T12:20:38.000Z</time>
        <extensions>
          <ns3:TrackPointExtension>
            <ns3:hr>153</ns3:hr>
            <ns3:cad>89</ns3:cad>
          </ns3:TrackPointExtension>
        </extensions>
      </trkpt>
      <trkpt lat="31.16096355020999908447265625" lon="121.19674731977283954620361328125">
        <ele>4.400000095367431640625</ele>
        <time>2026-03-21T12:20:39.000Z</time>
        <extensions>
          <ns3:TrackPointExtension>
            <ns3:hr>154</ns3:hr>
            <ns3:cad>88</ns3:cad>
          </ns3:TrackPointExtension>
        </extensions>
      </trkpt>
      <trkpt lat="31.16098190657794475555419921875" lon="121.19672887958586215972900390625">
        <ele>4.400000095367431640625</ele>
        <time>2026-03-21T12:20:40.000Z</time>
        <extensions>
          <ns3:TrackPointExtension>
            <ns3:hr>153</ns3:hr>
            <ns3:cad>89</ns3:cad>
          </ns3:TrackPointExtension>
        </extensions>
      </trkpt>
      <trkpt lat="31.16100336425006389617919921875" lon="121.19671496562659740447998046875">
        <ele>4.400000095367431640625</ele>
        <time>2026-03-21T12:20:41.000Z</time>
        <extensions>
          <ns3:TrackPointExtension>
            <ns3:hr>153</ns3:hr>
            <ns3:cad>89</ns3:cad>
          </ns3:TrackPointExtension>
        </extensions>
      </trkpt>
      <trkpt lat="31.1610257439315319061279296875" lon="121.19669727981090545654296875">
        <ele>4.400000095367431640625</ele>
        <time>2026-03-21T12:20:42.000Z</time>
        <extensions>
          <ns3:TrackPointExtension>
            <ns3:hr>153</ns3:hr>
            <ns3:cad>89</ns3:cad>
          </ns3:TrackPointExtension>
        </extensions>
      </trkpt>
      <trkpt lat="31.16104803979396820068359375" lon="121.19668529368937015533447265625">
        <ele>4.400000095367431640625</ele>
        <time>2026-03-21T12:20:43.000Z</time>
        <extensions>
          <ns3:TrackPointExtension>
            <ns3:hr>154</ns3:hr>
            <ns3:cad>90</ns3:cad>
          </ns3:TrackPointExtension>
        </extensions>
      </trkpt>
      <trkpt lat="31.1610634624958038330078125" lon="121.196666769683361053466796875">
        <ele>4.400000095367431640625</ele>
        <time>2026-03-21T12:20:44.000Z</time>
        <extensions>
          <ns3:TrackPointExtension>
            <ns3:hr>153</ns3:hr>
            <ns3:cad>90</ns3:cad>
          </ns3:TrackPointExtension>
        </extensions>
      </trkpt>
      <trkpt lat="31.161082573235034942626953125" lon="121.1966491676867008209228515625">
        <ele>4.400000095367431640625</ele>
        <time>2026-03-21T12:20:45.000Z</time>
        <extensions>
          <ns3:TrackPointExtension>
            <ns3:hr>154</ns3:hr>
            <ns3:cad>90</ns3:cad>
          </ns3:TrackPointExtension>
        </extensions>
      </trkpt>
      <trkpt lat="31.1611015163362026214599609375" lon="121.196630895137786865234375">
        <ele>4.400000095367431640625</ele>
        <time>2026-03-21T12:20:46.000Z</time>
        <extensions>
          <ns3:TrackPointExtension>
            <ns3:hr>154</ns3:hr>
            <ns3:cad>88</ns3:cad>
          </ns3:TrackPointExtension>
        </extensions>
      </trkpt>
      <trkpt lat="31.161118783056735992431640625" lon="121.19661371223628520965576171875">
        <ele>4.400000095367431640625</ele>
        <time>2026-03-21T12:20:47.000Z</time>
        <extensions>
          <ns3:TrackPointExtension>
            <ns3:hr>154</ns3:hr>
            <ns3:cad>88</ns3:cad>
          </ns3:TrackPointExtension>
        </extensions>
      </trkpt>
      <trkpt lat="31.16114468313753604888916015625" lon="121.19659896008670330047607421875">
        <ele>4.400000095367431640625</ele>
        <time>2026-03-21T12:20:48.000Z</time>
        <extensions>
          <ns3:TrackPointExtension>
            <ns3:hr>154</ns3:hr>
            <ns3:cad>88</ns3:cad>
          </ns3:TrackPointExtension>
        </extensions>
      </trkpt>
      <trkpt lat="31.1611662246286869049072265625" lon="121.19658060371875762939453125">
        <ele>4.400000095367431640625</ele>
        <time>2026-03-21T12:20:49.000Z</time>
        <extensions>
          <ns3:TrackPointExtension>
            <ns3:hr>154</ns3:hr>
            <ns3:cad>89</ns3:cad>
          </ns3:TrackPointExtension>
        </extensions>
      </trkpt>
      <trkpt lat="31.1611868441104888916015625" lon="121.19656182825565338134765625">
        <ele>4.400000095367431640625</ele>
        <time>2026-03-21T12:20:50.000Z</time>
        <extensions>
          <ns3:TrackPointExtension>
            <ns3:hr>155</ns3:hr>
            <ns3:cad>90</ns3:cad>
          </ns3:TrackPointExtension>
        </extensions>
      </trkpt>
      <trkpt lat="31.16120587103068828582763671875" lon="121.19653995148837566375732421875">
        <ele>4.400000095367431640625</ele>
        <time>2026-03-21T12:20:51.000Z</time>
        <extensions>
          <ns3:TrackPointExtension>
            <ns3:hr>154</ns3:hr>
            <ns3:cad>90</ns3:cad>
          </ns3:TrackPointExtension>
        </extensions>
      </trkpt>
      <trkpt lat="31.1612292565405368804931640625" lon="121.1965170688927173614501953125">
        <ele>4.400000095367431640625</ele>
        <time>2026-03-21T12:20:52.000Z</time>
        <extensions>
          <ns3:TrackPointExtension>
            <ns3:hr>154</ns3:hr>
            <ns3:cad>90</ns3:cad>
          </ns3:TrackPointExtension>
        </extensions>
      </trkpt>
      <trkpt lat="31.1612485349178314208984375" lon="121.19649770669639110565185546875">
        <ele>4.400000095367431640625</ele>
        <time>2026-03-21T12:20:53.000Z</time>
        <extensions>
          <ns3:TrackPointExtension>
            <ns3:hr>155</ns3:hr>
            <ns3:cad>88</ns3:cad>
          </ns3:TrackPointExtension>
        </extensions>
      </trkpt>
      <trkpt lat="31.16127175278961658477783203125" lon="121.196477673947811126708984375">
        <ele>4.19999980926513671875</ele>
        <time>2026-03-21T12:20:54.000Z</time>
        <extensions>
          <ns3:TrackPointExtension>
            <ns3:hr>154</ns3:hr>
            <ns3:cad>88</ns3:cad>
          </ns3:TrackPointExtension>
        </extensions>
      </trkpt>
      <trkpt lat="31.1612909473478794097900390625" lon="121.1964580602943897247314453125">
        <ele>4.19999980926513671875</ele>
        <time>2026-03-21T12:20:55.000Z</time>
        <extensions>
          <ns3:TrackPointExtension>
            <ns3:hr>154</ns3:hr>
            <ns3:cad>88</ns3:cad>
          </ns3:TrackPointExtension>
        </extensions>
      </trkpt>
      <trkpt lat="31.1613144166767597198486328125" lon="121.19643433950841426849365234375">
        <ele>4.19999980926513671875</ele>
        <time>2026-03-21T12:20:56.000Z</time>
        <extensions>
          <ns3:TrackPointExtension>
            <ns3:hr>155</ns3:hr>
            <ns3:cad>89</ns3:cad>
          </ns3:TrackPointExtension>
        </extensions>
      </trkpt>
      <trkpt lat="31.161336041986942291259765625" lon="121.1964114569127559661865234375">
        <ele>4.19999980926513671875</ele>
        <time>2026-03-21T12:20:57.000Z</time>
        <extensions>
          <ns3:TrackPointExtension>
            <ns3:hr>154</ns3:hr>
            <ns3:cad>89</ns3:cad>
          </ns3:TrackPointExtension>
        </extensions>
      </trkpt>
      <trkpt lat="31.16135976277291774749755859375" lon="121.1963899992406368255615234375">
        <ele>4.19999980926513671875</ele>
        <time>2026-03-21T12:20:58.000Z</time>
        <extensions>
          <ns3:TrackPointExtension>
            <ns3:hr>154</ns3:hr>
            <ns3:cad>89</ns3:cad>
          </ns3:TrackPointExtension>
        </extensions>
      </trkpt>
      <trkpt lat="31.16137702949345111846923828125" lon="121.196369715034961700439453125">
        <ele>4.19999980926513671875</ele>
        <time>2026-03-21T12:20:59.000Z</time>
        <extensions>
          <ns3:TrackPointExtension>
            <ns3:hr>155</ns3:hr>
            <ns3:cad>89</ns3:cad>
          </ns3:TrackPointExtension>
        </extensions>
      </trkpt>
      <trkpt lat="31.16140435449779033660888671875" lon="121.19634783826768398284912109375">
        <ele>4.19999980926513671875</ele>
        <time>2026-03-21T12:21:00.000Z</time>
        <extensions>
          <ns3:TrackPointExtension>
            <ns3:hr>154</ns3:hr>
            <ns3:cad>89</ns3:cad>
          </ns3:TrackPointExtension>
        </extensions>
      </trkpt>
      <trkpt lat="31.161424219608306884765625" lon="121.196330152451992034912109375">
        <ele>4.19999980926513671875</ele>
        <time>2026-03-21T12:21:01.000Z</time>
        <extensions>
          <ns3:TrackPointExtension>
            <ns3:hr>154</ns3:hr>
            <ns3:cad>90</ns3:cad>
          </ns3:TrackPointExtension>
        </extensions>
      </trkpt>
      <trkpt lat="31.16144777275621891021728515625" lon="121.19631095789372920989990234375">
        <ele>4.19999980926513671875</ele>
        <time>2026-03-21T12:21:02.000Z</time>
        <extensions>
          <ns3:TrackPointExtension>
            <ns3:hr>155</ns3:hr>
            <ns3:cad>90</ns3:cad>
          </ns3:TrackPointExtension>
        </extensions>
      </trkpt>
      <trkpt lat="31.16146654821932315826416015625" lon="121.196295954287052154541015625">
        <ele>4.19999980926513671875</ele>
        <time>2026-03-21T12:21:03.000Z</time>
        <extensions>
          <ns3:TrackPointExtension>
            <ns3:hr>154</ns3:hr>
            <ns3:cad>90</ns3:cad>
          </ns3:TrackPointExtension>
        </extensions>
      </trkpt>
      <trkpt lat="31.16148926317691802978515625" lon="121.19628019630908966064453125">
        <ele>4.19999980926513671875</ele>
        <time>2026-03-21T12:21:04.000Z</time>
        <extensions>
          <ns3:TrackPointExtension>
            <ns3:hr>154</ns3:hr>
            <ns3:cad>90</ns3:cad>
          </ns3:TrackPointExtension>
        </extensions>
      </trkpt>
      <trkpt lat="31.16150745190680027008056640625" lon="121.196260750293731689453125">
        <ele>4.19999980926513671875</ele>
        <time>2026-03-21T12:21:05.000Z</time>
        <extensions>
          <ns3:TrackPointExtension>
            <ns3:hr>155</ns3:hr>
            <ns3:cad>90</ns3:cad>
          </ns3:TrackPointExtension>
        </extensions>
      </trkpt>
      <trkpt lat="31.161531172692775726318359375" lon="121.196239627897739410400390625">
        <ele>4.19999980926513671875</ele>
        <time>2026-03-21T12:21:06.000Z</time>
        <extensions>
          <ns3:TrackPointExtension>
            <ns3:hr>154</ns3:hr>
            <ns3:cad>90</ns3:cad>
          </ns3:TrackPointExtension>
        </extensions>
      </trkpt>
      <trkpt lat="31.16155003197491168975830078125" lon="121.1962183378636837005615234375">
        <ele>4.19999980926513671875</ele>
        <time>2026-03-21T12:21:07.000Z</time>
        <extensions>
          <ns3:TrackPointExtension>
            <ns3:hr>154</ns3:hr>
            <ns3:cad>89</ns3:cad>
          </ns3:TrackPointExtension>
        </extensions>
      </trkpt>
      <trkpt lat="31.161574088037014007568359375" lon="121.19619931094348430633544921875">
        <ele>4</ele>
        <time>2026-03-21T12:21:08.000Z</time>
        <extensions>
          <ns3:TrackPointExtension>
            <ns3:hr>155</ns3:hr>
            <ns3:cad>88</ns3:cad>
          </ns3:TrackPointExtension>
        </extensions>
      </trkpt>
      <trkpt lat="31.16159386932849884033203125" lon="121.196180284023284912109375">
        <ele>4</ele>
        <time>2026-03-21T12:21:09.000Z</time>
        <extensions>
          <ns3:TrackPointExtension>
            <ns3:hr>154</ns3:hr>
            <ns3:cad>88</ns3:cad>
          </ns3:TrackPointExtension>
        </extensions>
      </trkpt>
      <trkpt lat="31.16161893121898174285888671875" lon="121.19616025127470493316650390625">
        <ele>4</ele>
        <time>2026-03-21T12:21:10.000Z</time>
        <extensions>
          <ns3:TrackPointExtension>
            <ns3:hr>154</ns3:hr>
            <ns3:cad>89</ns3:cad>
          </ns3:TrackPointExtension>
        </extensions>
      </trkpt>
      <trkpt lat="31.16163636557757854461669921875" lon="121.19614399038255214691162109375">
        <ele>4</ele>
        <time>2026-03-21T12:21:11.000Z</time>
        <extensions>
          <ns3:TrackPointExtension>
            <ns3:hr>155</ns3:hr>
            <ns3:cad>89</ns3:cad>
          </ns3:TrackPointExtension>
        </extensions>
      </trkpt>
      <trkpt lat="31.16166117601096630096435546875" lon="121.1961244605481624603271484375">
        <ele>4</ele>
        <time>2026-03-21T12:21:12.000Z</time>
        <extensions>
          <ns3:TrackPointExtension>
            <ns3:hr>154</ns3:hr>
            <ns3:cad>90</ns3:cad>
          </ns3:TrackPointExtension>
        </extensions>
      </trkpt>
      <trkpt lat="31.16168104112148284912109375" lon="121.19610593654215335845947265625">
        <ele>4</ele>
        <time>2026-03-21T12:21:13.000Z</time>
        <extensions>
          <ns3:TrackPointExtension>
            <ns3:hr>154</ns3:hr>
            <ns3:cad>90</ns3:cad>
          </ns3:TrackPointExtension>
        </extensions>
      </trkpt>
      <trkpt lat="31.16170342080295085906982421875" lon="121.19609168730676174163818359375">
        <ele>4</ele>
        <time>2026-03-21T12:21:14.000Z</time>
        <extensions>
          <ns3:TrackPointExtension>
            <ns3:hr>155</ns3:hr>
            <ns3:cad>90</ns3:cad>
          </ns3:TrackPointExtension>
        </extensions>
      </trkpt>
      <trkpt lat="31.1617231182754039764404296875" lon="121.19607458822429180145263671875">
        <ele>4</ele>
        <time>2026-03-21T12:21:15.000Z</time>
        <extensions>
          <ns3:TrackPointExtension>
            <ns3:hr>154</ns3:hr>
            <ns3:cad>89</ns3:cad>
          </ns3:TrackPointExtension>
        </extensions>
      </trkpt>
      <trkpt lat="31.16174533031880855560302734375" lon="121.19605665095150470733642578125">
        <ele>4</ele>
        <time>2026-03-21T12:21:16.000Z</time>
        <extensions>
          <ns3:TrackPointExtension>
            <ns3:hr>155</ns3:hr>
            <ns3:cad>89</ns3:cad>
          </ns3:TrackPointExtension>
        </extensions>
      </trkpt>
      <trkpt lat="31.1617606692016124725341796875" lon="121.196039132773876190185546875">
        <ele>4</ele>
        <time>2026-03-21T12:21:17.000Z</time>
        <extensions>
          <ns3:TrackPointExtension>
            <ns3:hr>155</ns3:hr>
            <ns3:cad>90</ns3:cad>
          </ns3:TrackPointExtension>
        </extensions>
      </trkpt>
      <trkpt lat="31.16178019903600215911865234375" lon="121.196021027863025665283203125">
        <ele>4</ele>
        <time>2026-03-21T12:21:18.000Z</time>
        <extensions>
          <ns3:TrackPointExtension>
            <ns3:hr>155</ns3:hr>
            <ns3:cad>90</ns3:cad>
          </ns3:TrackPointExtension>
        </extensions>
      </trkpt>
      <trkpt lat="31.16179863922297954559326171875" lon="121.19600485078990459442138671875">
        <ele>4</ele>
        <time>2026-03-21T12:21:19.000Z</time>
        <extensions>
          <ns3:TrackPointExtension>
            <ns3:hr>154</ns3:hr>
            <ns3:cad>90</ns3:cad>
          </ns3:TrackPointExtension>
        </extensions>
      </trkpt>
      <trkpt lat="31.161819510161876678466796875" lon="121.1959826387465000152587890625">
        <ele>4</ele>
        <time>2026-03-21T12:21:20.000Z</time>
        <extensions>
          <ns3:TrackPointExtension>
            <ns3:hr>155</ns3:hr>
            <ns3:cad>90</ns3:cad>
          </ns3:TrackPointExtension>
        </extensions>
      </trkpt>
      <trkpt lat="31.1618357710540294647216796875" lon="121.1959631927311420440673828125">
        <ele>4</ele>
        <time>2026-03-21T12:21:21.000Z</time>
        <extensions>
          <ns3:TrackPointExtension>
            <ns3:hr>155</ns3:hr>
            <ns3:cad>90</ns3:cad>
          </ns3:TrackPointExtension>
        </extensions>
      </trkpt>
      <trkpt lat="31.16185748018324375152587890625" lon="121.195938885211944580078125">
        <ele>4</ele>
        <time>2026-03-21T12:21:22.000Z</time>
        <extensions>
          <ns3:TrackPointExtension>
            <ns3:hr>155</ns3:hr>
            <ns3:cad>90</ns3:cad>
          </ns3:TrackPointExtension>
        </extensions>
      </trkpt>
      <trkpt lat="31.1618709750473499298095703125" lon="121.1959162540733814239501953125">
        <ele>4</ele>
        <time>2026-03-21T12:21:23.000Z</time>
        <extensions>
          <ns3:TrackPointExtension>
            <ns3:hr>155</ns3:hr>
            <ns3:cad>88</ns3:cad>
          </ns3:TrackPointExtension>
        </extensions>
      </trkpt>
      <trkpt lat="31.1618874035775661468505859375" lon="121.19589203037321567535400390625">
        <ele>4</ele>
        <time>2026-03-21T12:21:24.000Z</time>
        <extensions>
          <ns3:TrackPointExtension>
            <ns3:hr>155</ns3:hr>
            <ns3:cad>89</ns3:cad>
          </ns3:TrackPointExtension>
        </extensions>
      </trkpt>
      <trkpt lat="31.16190508939325809478759765625" lon="121.195866800844669342041015625">
        <ele>4.19999980926513671875</ele>
        <time>2026-03-21T12:21:25.000Z</time>
        <extensions>
          <ns3:TrackPointExtension>
            <ns3:hr>155</ns3:hr>
            <ns3:cad>89</ns3:cad>
          </ns3:TrackPointExtension>
        </extensions>
      </trkpt>
      <trkpt lat="31.16192168556153774261474609375" lon="121.1958409845829010009765625">
        <ele>4.19999980926513671875</ele>
        <time>2026-03-21T12:21:26.000Z</time>
        <extensions>
          <ns3:TrackPointExtension>
            <ns3:hr>155</ns3:hr>
            <ns3:cad>89</ns3:cad>
          </ns3:TrackPointExtension>
        </extensions>
      </trkpt>
      <trkpt lat="31.161936186254024505615234375" lon="121.1958203651010990142822265625">
        <ele>4.19999980926513671875</ele>
        <time>2026-03-21T12:21:27.000Z</time>
        <extensions>
          <ns3:TrackPointExtension>
            <ns3:hr>154</ns3:hr>
            <ns3:cad>89</ns3:cad>
          </ns3:TrackPointExtension>
        </extensions>
      </trkpt>
      <trkpt lat="31.1619450710713863372802734375" lon="121.19579731486737728118896484375">
        <ele>4.19999980926513671875</ele>
        <time>2026-03-21T12:21:28.000Z</time>
        <extensions>
          <ns3:TrackPointExtension>
            <ns3:hr>155</ns3:hr>
            <ns3:cad>89</ns3:cad>
          </ns3:TrackPointExtension>
        </extensions>
      </trkpt>
      <trkpt lat="31.1619557999074459075927734375" lon="121.1957687325775623321533203125">
        <ele>4.19999980926513671875</ele>
        <time>2026-03-21T12:21:29.000Z</time>
        <extensions>
          <ns3:TrackPointExtension>
            <ns3:hr>154</ns3:hr>
            <ns3:cad>88</ns3:cad>
          </ns3:TrackPointExtension>
        </extensions>
      </trkpt>
      <trkpt lat="31.1619638465344905853271484375" lon="121.195738725364208221435546875">
        <ele>4.19999980926513671875</ele>
        <time>2026-03-21T12:21:30.000Z</time>
        <extensions>
          <ns3:TrackPointExtension>
            <ns3:hr>154</ns3:hr>
            <ns3:cad>88</ns3:cad>
          </ns3:TrackPointExtension>
        </extensions>
      </trkpt>
      <trkpt lat="31.16197331808507442474365234375" lon="121.19570813141763210296630859375">
        <ele>4.19999980926513671875</ele>
        <time>2026-03-21T12:21:31.000Z</time>
        <extensions>
          <ns3:TrackPointExtension>
            <ns3:hr>154</ns3:hr>
            <ns3:cad>89</ns3:cad>
          </ns3:TrackPointExtension>
        </extensions>
      </trkpt>
      <trkpt lat="31.161976419389247894287109375" lon="121.1956827342510223388671875">
        <ele>4.19999980926513671875</ele>
        <time>2026-03-21T12:21:32.000Z</time>
        <extensions>
          <ns3:TrackPointExtension>
            <ns3:hr>154</ns3:hr>
            <ns3:cad>89</ns3:cad>
          </ns3:TrackPointExtension>
        </extensions>
      </trkpt>
      <trkpt lat="31.16198471747338771820068359375" lon="121.19565096683800220489501953125">
        <ele>4.19999980926513671875</ele>
        <time>2026-03-21T12:21:33.000Z</time>
        <extensions>
          <ns3:TrackPointExtension>
            <ns3:hr>154</ns3:hr>
            <ns3:cad>90</ns3:cad>
          </ns3:TrackPointExtension>
        </extensions>
      </trkpt>
      <trkpt lat="31.1619889922440052032470703125" lon="121.1956237256526947021484375">
        <ele>4.19999980926513671875</ele>
        <time>2026-03-21T12:21:34.000Z</time>
        <extensions>
          <ns3:TrackPointExtension>
            <ns3:hr>153</ns3:hr>
            <ns3:cad>90</ns3:cad>
          </ns3:TrackPointExtension>
        </extensions>
      </trkpt>
      <trkpt lat="31.16199611686170101165771484375" lon="121.19559447281062602996826171875">
        <ele>4.19999980926513671875</ele>
        <time>2026-03-21T12:21:35.000Z</time>
        <extensions>
          <ns3:TrackPointExtension>
            <ns3:hr>153</ns3:hr>
            <ns3:cad>90</ns3:cad>
          </ns3:TrackPointExtension>
        </extensions>
      </trkpt>
      <trkpt lat="31.161999888718128204345703125" lon="121.195568405091762542724609375">
        <ele>4.19999980926513671875</ele>
        <time>2026-03-21T12:21:36.000Z</time>
        <extensions>
          <ns3:TrackPointExtension>
            <ns3:hr>153</ns3:hr>
            <ns3:cad>90</ns3:cad>
          </ns3:TrackPointExtension>
        </extensions>
      </trkpt>
      <trkpt lat="31.162011623382568359375" lon="121.19554049335420131683349609375">
        <ele>4.19999980926513671875</ele>
        <time>2026-03-21T12:21:37.000Z</time>
        <extensions>
          <ns3:TrackPointExtension>
            <ns3:hr>154</ns3:hr>
            <ns3:cad>87</ns3:cad>
          </ns3:TrackPointExtension>
        </extensions>
      </trkpt>
      <trkpt lat="31.16201338358223438262939453125" lon="121.19551350362598896026611328125">
        <ele>4.19999980926513671875</ele>
        <time>2026-03-21T12:21:38.000Z</time>
        <extensions>
          <ns3:TrackPointExtension>
            <ns3:hr>154</ns3:hr>
            <ns3:cad>87</ns3:cad>
          </ns3:TrackPointExtension>
        </extensions>
      </trkpt>
      <trkpt lat="31.16201992146670818328857421875" lon="121.19547980837523937225341796875">
        <ele>4</ele>
        <time>2026-03-21T12:21:39.000Z</time>
        <extensions>
          <ns3:TrackPointExtension>
            <ns3:hr>154</ns3:hr>
            <ns3:cad>89</ns3:cad>
          </ns3:TrackPointExtension>
        </extensions>
      </trkpt>
      <trkpt lat="31.1620191670954227447509765625" lon="121.19545516557991504669189453125">
        <ele>4</ele>
        <time>2026-03-21T12:21:40.000Z</time>
        <extensions>
          <ns3:TrackPointExtension>
            <ns3:hr>154</ns3:hr>
            <ns3:cad>89</ns3:cad>
          </ns3:TrackPointExtension>
        </extensions>
      </trkpt>
      <trkpt lat="31.16202075965702533721923828125" lon="121.1954176984727382659912109375">
        <ele>4</ele>
        <time>2026-03-21T12:21:41.000Z</time>
        <extensions>
          <ns3:TrackPointExtension>
            <ns3:hr>154</ns3:hr>
            <ns3:cad>90</ns3:cad>
          </ns3:TrackPointExtension>
        </extensions>
      </trkpt>
      <trkpt lat="31.162015311419963836669921875" lon="121.19538777507841587066650390625">
        <ele>3.7999999523162841796875</ele>
        <time>2026-03-21T12:21:42.000Z</time>
        <extensions>
          <ns3:TrackPointExtension>
            <ns3:hr>154</ns3:hr>
            <ns3:cad>90</ns3:cad>
          </ns3:TrackPointExtension>
        </extensions>
      </trkpt>
      <trkpt lat="31.162014305591583251953125" lon="121.19535148143768310546875">
        <ele>3.7999999523162841796875</ele>
        <time>2026-03-21T12:21:43.000Z</time>
        <extensions>
          <ns3:TrackPointExtension>
            <ns3:hr>154</ns3:hr>
            <ns3:cad>90</ns3:cad>
          </ns3:TrackPointExtension>
        </extensions>
      </trkpt>
      <trkpt lat="31.1620067618787288665771484375" lon="121.19532390497624874114990234375">
        <ele>3.7999999523162841796875</ele>
        <time>2026-03-21T12:21:44.000Z</time>
        <extensions>
          <ns3:TrackPointExtension>
            <ns3:hr>155</ns3:hr>
            <ns3:cad>88</ns3:cad>
          </ns3:TrackPointExtension>
        </extensions>
      </trkpt>
      <trkpt lat="31.16200366057455539703369140625" lon="121.19528870098292827606201171875">
        <ele>3.7999999523162841796875</ele>
        <time>2026-03-21T12:21:45.000Z</time>
        <extensions>
          <ns3:TrackPointExtension>
            <ns3:hr>154</ns3:hr>
            <ns3:cad>88</ns3:cad>
          </ns3:TrackPointExtension>
        </extensions>
      </trkpt>
      <trkpt lat="31.161997206509113311767578125" lon="121.19526254944503307342529296875">
        <ele>3.7999999523162841796875</ele>
        <time>2026-03-21T12:21:46.000Z</time>
        <extensions>
          <ns3:TrackPointExtension>
            <ns3:hr>154</ns3:hr>
            <ns3:cad>88</ns3:cad>
          </ns3:TrackPointExtension>
        </extensions>
      </trkpt>
      <trkpt lat="31.1619943566620349884033203125" lon="121.195230782032012939453125">
        <ele>3.7999999523162841796875</ele>
        <time>2026-03-21T12:21:47.000Z</time>
        <extensions>
          <ns3:TrackPointExtension>
            <ns3:hr>155</ns3:hr>
            <ns3:cad>89</ns3:cad>
          </ns3:TrackPointExtension>
        </extensions>
      </trkpt>
      <trkpt lat="31.16199083626270294189453125" lon="121.195204295217990875244140625">
        <ele>3.7999999523162841796875</ele>
        <time>2026-03-21T12:21:48.000Z</time>
        <extensions>
          <ns3:TrackPointExtension>
            <ns3:hr>155</ns3:hr>
            <ns3:cad>90</ns3:cad>
          </ns3:TrackPointExtension>
        </extensions>
      </trkpt>
      <trkpt lat="31.16198639385402202606201171875" lon="121.19516800157725811004638671875">
        <ele>3.7999999523162841796875</ele>
        <time>2026-03-21T12:21:49.000Z</time>
        <extensions>
          <ns3:TrackPointExtension>
            <ns3:hr>155</ns3:hr>
            <ns3:cad>90</ns3:cad>
          </ns3:TrackPointExtension>
        </extensions>
      </trkpt>
      <trkpt lat="31.1619807779788970947265625" lon="121.19513916783034801483154296875">
        <ele>3.7999999523162841796875</ele>
        <time>2026-03-21T12:21:50.000Z</time>
        <extensions>
          <ns3:TrackPointExtension>
            <ns3:hr>155</ns3:hr>
            <ns3:cad>90</ns3:cad>
          </ns3:TrackPointExtension>
        </extensions>
      </trkpt>
      <trkpt lat="31.1619769223034381866455078125" lon="121.1951079033315181732177734375">
        <ele>3.7999999523162841796875</ele>
        <time>2026-03-21T12:21:51.000Z</time>
        <extensions>
          <ns3:TrackPointExtension>
            <ns3:hr>154</ns3:hr>
            <ns3:cad>89</ns3:cad>
          </ns3:TrackPointExtension>
        </extensions>
      </trkpt>
      <trkpt lat="31.161970384418964385986328125" lon="121.1950814165174961090087890625">
        <ele>3.7999999523162841796875</ele>
        <time>2026-03-21T12:21:52.000Z</time>
        <extensions>
          <ns3:TrackPointExtension>
            <ns3:hr>155</ns3:hr>
            <ns3:cad>89</ns3:cad>
          </ns3:TrackPointExtension>
        </extensions>
      </trkpt>
      <trkpt lat="31.16196644492447376251220703125" lon="121.19505216367542743682861328125">
        <ele>3.7999999523162841796875</ele>
        <time>2026-03-21T12:21:53.000Z</time>
        <extensions>
          <ns3:TrackPointExtension>
            <ns3:hr>155</ns3:hr>
            <ns3:cad>89</ns3:cad>
          </ns3:TrackPointExtension>
        </extensions>
      </trkpt>
      <trkpt lat="31.1619641818106174468994140625" lon="121.195021905004978179931640625">
        <ele>3.7999999523162841796875</ele>
        <time>2026-03-21T12:21:54.000Z</time>
        <extensions>
          <ns3:TrackPointExtension>
            <ns3:hr>155</ns3:hr>
            <ns3:cad>90</ns3:cad>
          </ns3:TrackPointExtension>
        </extensions>
      </trkpt>
      <trkpt lat="31.16196040995419025421142578125" lon="121.1949875392019748687744140625">
        <ele>3.7999999523162841796875</ele>
        <time>2026-03-21T12:21:55.000Z</time>
        <extensions>
          <ns3:TrackPointExtension>
            <ns3:hr>154</ns3:hr>
            <ns3:cad>90</ns3:cad>
          </ns3:TrackPointExtension>
        </extensions>
      </trkpt>
      <trkpt lat="31.16195705719292163848876953125" lon="121.19495929218828678131103515625">
        <ele>3.7999999523162841796875</ele>
        <time>2026-03-21T12:21:56.000Z</time>
        <extensions>
          <ns3:TrackPointExtension>
            <ns3:hr>155</ns3:hr>
            <ns3:cad>89</ns3:cad>
          </ns3:TrackPointExtension>
        </extensions>
      </trkpt>
      <trkpt lat="31.16195521317422389984130859375" lon="121.1949258483946323394775390625">
        <ele>3.7999999523162841796875</ele>
        <time>2026-03-21T12:21:57.000Z</time>
        <extensions>
          <ns3:TrackPointExtension>
            <ns3:hr>155</ns3:hr>
            <ns3:cad>89</ns3:cad>
          </ns3:TrackPointExtension>
        </extensions>
      </trkpt>
      <trkpt lat="31.1619460768997669219970703125" lon="121.19490279816091060638427734375">
        <ele>4</ele>
        <time>2026-03-21T12:21:58.000Z</time>
        <extensions>
          <ns3:TrackPointExtension>
            <ns3:hr>155</ns3:hr>
            <ns3:cad>89</ns3:cad>
          </ns3:TrackPointExtension>
        </extensions>
      </trkpt>
      <trkpt lat="31.16193979047238826751708984375" lon="121.1948698572814464569091796875">
        <ele>4</ele>
        <time>2026-03-21T12:21:59.000Z</time>
        <extensions>
          <ns3:TrackPointExtension>
            <ns3:hr>155</ns3:hr>
            <ns3:cad>89</ns3:cad>
          </ns3:TrackPointExtension>
        </extensions>
      </trkpt>
      <trkpt lat="31.1619316600263118743896484375" lon="121.1948453821241855621337890625">
        <ele>4</ele>
        <time>2026-03-21T12:22:00.000Z</time>
        <extensions>
          <ns3:TrackPointExtension>
            <ns3:hr>155</ns3:hr>
            <ns3:cad>88</ns3:cad>
          </ns3:TrackPointExtension>
        </extensions>
      </trkpt>
      <trkpt lat="31.161925792694091796875" lon="121.1948085017502307891845703125">
        <ele>4</ele>
        <time>2026-03-21T12:22:01.000Z</time>
        <extensions>
          <ns3:TrackPointExtension>
            <ns3:hr>155</ns3:hr>
            <ns3:cad>89</ns3:cad>
          </ns3:TrackPointExtension>
        </extensions>
      </trkpt>
      <trkpt lat="31.1619179137051105499267578125" lon="121.19477991946041584014892578125">
        <ele>4</ele>
        <time>2026-03-21T12:22:02.000Z</time>
        <extensions>
          <ns3:TrackPointExtension>
            <ns3:hr>155</ns3:hr>
            <ns3:cad>89</ns3:cad>
          </ns3:TrackPointExtension>
        </extensions>
      </trkpt>
      <trkpt lat="31.161916740238666534423828125" lon="121.19474236853420734405517578125">
        <ele>4</ele>
        <time>2026-03-21T12:22:03.000Z</time>
        <extensions>
          <ns3:TrackPointExtension>
            <ns3:hr>155</ns3:hr>
            <ns3:cad>89</ns3:cad>
          </ns3:TrackPointExtension>
        </extensions>
      </trkpt>
      <trkpt lat="31.1619115434587001800537109375" lon="121.19471512734889984130859375">
        <ele>4</ele>
        <time>2026-03-21T12:22:04.000Z</time>
        <extensions>
          <ns3:TrackPointExtension>
            <ns3:hr>155</ns3:hr>
            <ns3:cad>89</ns3:cad>
          </ns3:TrackPointExtension>
        </extensions>
      </trkpt>
      <trkpt lat="31.161908693611621856689453125" lon="121.19467782787978649139404296875">
        <ele>3.7999999523162841796875</ele>
        <time>2026-03-21T12:22:05.000Z</time>
        <extensions>
          <ns3:TrackPointExtension>
            <ns3:hr>155</ns3:hr>
            <ns3:cad>90</ns3:cad>
          </ns3:TrackPointExtension>
        </extensions>
      </trkpt>
      <trkpt lat="31.16190022788941860198974609375" lon="121.1946522630751132965087890625">
        <ele>4</ele>
        <time>2026-03-21T12:22:06.000Z</time>
        <extensions>
          <ns3:TrackPointExtension>
            <ns3:hr>155</ns3:hr>
            <ns3:cad>90</ns3:cad>
          </ns3:TrackPointExtension>
        </extensions>
      </trkpt>
      <trkpt lat="31.16189830005168914794921875" lon="121.19461731053888797760009765625">
        <ele>4</ele>
        <time>2026-03-21T12:22:07.000Z</time>
        <extensions>
          <ns3:TrackPointExtension>
            <ns3:hr>155</ns3:hr>
            <ns3:cad>90</ns3:cad>
          </ns3:TrackPointExtension>
        </extensions>
      </trkpt>
      <trkpt lat="31.16188966669142246246337890625" lon="121.194594092667102813720703125">
        <ele>4</ele>
        <time>2026-03-21T12:22:08.000Z</time>
        <extensions>
          <ns3:TrackPointExtension>
            <ns3:hr>155</ns3:hr>
            <ns3:cad>90</ns3:cad>
          </ns3:TrackPointExtension>
        </extensions>
      </trkpt>
      <trkpt lat="31.16188597865402698516845703125" lon="121.19455461390316486358642578125">
        <ele>4</ele>
        <time>2026-03-21T12:22:09.000Z</time>
        <extensions>
          <ns3:TrackPointExtension>
            <ns3:hr>156</ns3:hr>
            <ns3:cad>90</ns3:cad>
          </ns3:TrackPointExtension>
        </extensions>
      </trkpt>
      <trkpt lat="31.16187818348407745361328125" lon="121.1945302225649356842041015625">
        <ele>4</ele>
        <time>2026-03-21T12:22:10.000Z</time>
        <extensions>
          <ns3:TrackPointExtension>
            <ns3:hr>155</ns3:hr>
            <ns3:cad>90</ns3:cad>
          </ns3:TrackPointExtension>
        </extensions>
      </trkpt>
      <trkpt lat="31.161877848207950592041015625" lon="121.19449527002871036529541015625">
        <ele>4</ele>
        <time>2026-03-21T12:22:11.000Z</time>
        <extensions>
          <ns3:TrackPointExtension>
            <ns3:hr>155</ns3:hr>
            <ns3:cad>90</ns3:cad>
          </ns3:TrackPointExtension>
        </extensions>
      </trkpt>
      <trkpt lat="31.16187189705669879913330078125" lon="121.194468028843402862548828125">
        <ele>4</ele>
        <time>2026-03-21T12:22:12.000Z</time>
        <extensions>
          <ns3:TrackPointExtension>
            <ns3:hr>155</ns3:hr>
            <ns3:cad>90</ns3:cad>
          </ns3:TrackPointExtension>
        </extensions>
      </trkpt>
      <trkpt lat="31.1618706397712230682373046875" lon="121.19443324394524097442626953125">
        <ele>4</ele>
        <time>2026-03-21T12:22:13.000Z</time>
        <extensions>
          <ns3:TrackPointExtension>
            <ns3:hr>155</ns3:hr>
            <ns3:cad>90</ns3:cad>
          </ns3:TrackPointExtension>
        </extensions>
      </trkpt>
      <trkpt lat="31.161867119371891021728515625" lon="121.19440625421702861785888671875">
        <ele>3.7999999523162841796875</ele>
        <time>2026-03-21T12:22:14.000Z</time>
        <extensions>
          <ns3:TrackPointExtension>
            <ns3:hr>155</ns3:hr>
            <ns3:cad>89</ns3:cad>
          </ns3:TrackPointExtension>
        </extensions>
      </trkpt>
      <trkpt lat="31.16186611354351043701171875" lon="121.194370798766613006591796875">
        <ele>3.7999999523162841796875</ele>
        <time>2026-03-21T12:22:15.000Z</time>
        <extensions>
          <ns3:TrackPointExtension>
            <ns3:hr>155</ns3:hr>
            <ns3:cad>88</ns3:cad>
          </ns3:TrackPointExtension>
        </extensions>
      </trkpt>
      <trkpt lat="31.1618642695248126983642578125" lon="121.19434037245810031890869140625">
        <ele>3.7999999523162841796875</ele>
        <time>2026-03-21T12:22:16.000Z</time>
        <extensions>
          <ns3:TrackPointExtension>
            <ns3:hr>155</ns3:hr>
            <ns3:cad>89</ns3:cad>
          </ns3:TrackPointExtension>
        </extensions>
      </trkpt>
      <trkpt lat="31.1618599109351634979248046875" lon="121.1943119578063488006591796875">
        <ele>3.7999999523162841796875</ele>
        <time>2026-03-21T12:22:17.000Z</time>
        <extensions>
          <ns3:TrackPointExtension>
            <ns3:hr>155</ns3:hr>
            <ns3:cad>89</ns3:cad>
          </ns3:TrackPointExtension>
        </extensions>
      </trkpt>
      <trkpt lat="31.16185580380260944366455078125" lon="121.1942871473729610443115234375">
        <ele>3.7999999523162841796875</ele>
        <time>2026-03-21T12:22:18.000Z</time>
        <extensions>
          <ns3:TrackPointExtension>
            <ns3:hr>155</ns3:hr>
            <ns3:cad>89</ns3:cad>
          </ns3:TrackPointExtension>
        </extensions>
      </trkpt>
      <trkpt lat="31.1618545465171337127685546875" lon="121.194258145987987518310546875">
        <ele>3.7999999523162841796875</ele>
        <time>2026-03-21T12:22:19.000Z</time>
        <extensions>
          <ns3:TrackPointExtension>
            <ns3:hr>155</ns3:hr>
            <ns3:cad>89</ns3:cad>
          </ns3:TrackPointExtension>
        </extensions>
      </trkpt>
      <trkpt lat="31.161851696670055389404296875" lon="121.194231323897838592529296875">
        <ele>3.7999999523162841796875</ele>
        <time>2026-03-21T12:22:20.000Z</time>
        <extensions>
          <ns3:TrackPointExtension>
            <ns3:hr>155</ns3:hr>
            <ns3:cad>89</ns3:cad>
          </ns3:TrackPointExtension>
        </extensions>
      </trkpt>
      <trkpt lat="31.16184976883232593536376953125" lon="121.19420190341770648956298828125">
        <ele>3.7999999523162841796875</ele>
        <time>2026-03-21T12:22:21.000Z</time>
        <extensions>
          <ns3:TrackPointExtension>
            <ns3:hr>155</ns3:hr>
            <ns3:cad>88</ns3:cad>
          </ns3:TrackPointExtension>
        </extensions>
      </trkpt>
      <trkpt lat="31.16184608079493045806884765625" lon="121.1941704712808132171630859375">
        <ele>3.7999999523162841796875</ele>
        <time>2026-03-21T12:22:22.000Z</time>
        <extensions>
          <ns3:TrackPointExtension>
            <ns3:hr>156</ns3:hr>
            <ns3:cad>88</ns3:cad>
          </ns3:TrackPointExtension>
        </extensions>
      </trkpt>
      <trkpt lat="31.16183820180594921112060546875" lon="121.19413912296295166015625">
        <ele>3.7999999523162841796875</ele>
        <time>2026-03-21T12:22:23.000Z</time>
        <extensions>
          <ns3:TrackPointExtension>
            <ns3:hr>155</ns3:hr>
            <ns3:cad>89</ns3:cad>
          </ns3:TrackPointExtension>
        </extensions>
      </trkpt>
      <trkpt lat="31.16183602251112461090087890625" lon="121.1941055953502655029296875">
        <ele>3.7999999523162841796875</ele>
        <time>2026-03-21T12:22:24.000Z</time>
        <extensions>
          <ns3:TrackPointExtension>
            <ns3:hr>155</ns3:hr>
            <ns3:cad>89</ns3:cad>
          </ns3:TrackPointExtension>
        </extensions>
      </trkpt>
      <trkpt lat="31.1618310771882534027099609375" lon="121.194076426327228546142578125">
        <ele>3.7999999523162841796875</ele>
        <time>2026-03-21T12:22:25.000Z</time>
        <extensions>
          <ns3:TrackPointExtension>
            <ns3:hr>155</ns3:hr>
            <ns3:cad>89</ns3:cad>
          </ns3:TrackPointExtension>
        </extensions>
      </trkpt>
      <trkpt lat="31.16182856261730194091796875" lon="121.19404532946646213531494140625">
        <ele>3.7999999523162841796875</ele>
        <time>2026-03-21T12:22:26.000Z</time>
        <extensions>
          <ns3:TrackPointExtension>
            <ns3:hr>155</ns3:hr>
            <ns3:cad>89</ns3:cad>
          </ns3:TrackPointExtension>
        </extensions>
      </trkpt>
      <trkpt lat="31.16182059980928897857666015625" lon="121.1940175853669643402099609375">
        <ele>3.7999999523162841796875</ele>
        <time>2026-03-21T12:22:27.000Z</time>
        <extensions>
          <ns3:TrackPointExtension>
            <ns3:hr>154</ns3:hr>
            <ns3:cad>89</ns3:cad>
          </ns3:TrackPointExtension>
        </extensions>
      </trkpt>
      <trkpt lat="31.1618176661431789398193359375" lon="121.19398154318332672119140625">
        <ele>3.7999999523162841796875</ele>
        <time>2026-03-21T12:22:28.000Z</time>
        <extensions>
          <ns3:TrackPointExtension>
            <ns3:hr>154</ns3:hr>
            <ns3:cad>88</ns3:cad>
          </ns3:TrackPointExtension>
        </extensions>
      </trkpt>
      <trkpt lat="31.161808781325817108154296875" lon="121.19395363144576549530029296875">
        <ele>3.7999999523162841796875</ele>
        <time>2026-03-21T12:22:29.000Z</time>
        <extensions>
          <ns3:TrackPointExtension>
            <ns3:hr>154</ns3:hr>
            <ns3:cad>88</ns3:cad>
          </ns3:TrackPointExtension>
        </extensions>
      </trkpt>
      <trkpt lat="31.1618066020309925079345703125" lon="121.19391725398600101470947265625">
        <ele>3.7999999523162841796875</ele>
        <time>2026-03-21T12:22:30.000Z</time>
        <extensions>
          <ns3:TrackPointExtension>
            <ns3:hr>153</ns3:hr>
            <ns3:cad>88</ns3:cad>
          </ns3:TrackPointExtension>
        </extensions>
      </trkpt>
      <trkpt lat="31.16180081851780414581298828125" lon="121.1938908509910106658935546875">
        <ele>3.7999999523162841796875</ele>
        <time>2026-03-21T12:22:31.000Z</time>
        <extensions>
          <ns3:TrackPointExtension>
            <ns3:hr>153</ns3:hr>
            <ns3:cad>88</ns3:cad>
          </ns3:TrackPointExtension>
        </extensions>
      </trkpt>
      <trkpt lat="31.16180115379393100738525390625" lon="121.19385355152189731597900390625">
        <ele>3.7999999523162841796875</ele>
        <time>2026-03-21T12:22:32.000Z</time>
        <extensions>
          <ns3:TrackPointExtension>
            <ns3:hr>152</ns3:hr>
            <ns3:cad>89</ns3:cad>
          </ns3:TrackPointExtension>
        </extensions>
      </trkpt>
      <trkpt lat="31.16179612465202808380126953125" lon="121.193833015859127044677734375">
        <ele>3.7999999523162841796875</ele>
        <time>2026-03-21T12:22:33.000Z</time>
        <extensions>
          <ns3:TrackPointExtension>
            <ns3:hr>152</ns3:hr>
            <ns3:cad>89</ns3:cad>
          </ns3:TrackPointExtension>
        </extensions>
      </trkpt>
      <trkpt lat="31.16179361008107662200927734375" lon="121.19379688985645771026611328125">
        <ele>3.7999999523162841796875</ele>
        <time>2026-03-21T12:22:34.000Z</time>
        <extensions>
          <ns3:TrackPointExtension>
            <ns3:hr>152</ns3:hr>
            <ns3:cad>89</ns3:cad>
          </ns3:TrackPointExtension>
        </extensions>
      </trkpt>
      <trkpt lat="31.16178564727306365966796875" lon="121.19377342052757740020751953125">
        <ele>3.7999999523162841796875</ele>
        <time>2026-03-21T12:22:35.000Z</time>
        <extensions>
          <ns3:TrackPointExtension>
            <ns3:hr>152</ns3:hr>
            <ns3:cad>88</ns3:cad>
          </ns3:TrackPointExtension>
        </extensions>
      </trkpt>
      <trkpt lat="31.16176846437156200408935546875" lon="121.19374777190387248992919921875">
        <ele>3.7999999523162841796875</ele>
        <time>2026-03-21T12:22:36.000Z</time>
        <extensions>
          <ns3:TrackPointExtension>
            <ns3:hr>152</ns3:hr>
            <ns3:cad>87</ns3:cad>
          </ns3:TrackPointExtension>
        </extensions>
      </trkpt>
      <trkpt lat="31.16174616850912570953369140625" lon="121.19373301975429058074951171875">
        <ele>3.599999904632568359375</ele>
        <time>2026-03-21T12:22:37.000Z</time>
        <extensions>
          <ns3:TrackPointExtension>
            <ns3:hr>151</ns3:hr>
            <ns3:cad>87</ns3:cad>
          </ns3:TrackPointExtension>
        </extensions>
      </trkpt>
      <trkpt lat="31.16172923706471920013427734375" lon="121.1937212012708187103271484375">
        <ele>3.599999904632568359375</ele>
        <time>2026-03-21T12:22:38.000Z</time>
        <extensions>
          <ns3:TrackPointExtension>
            <ns3:hr>152</ns3:hr>
            <ns3:cad>88</ns3:cad>
          </ns3:TrackPointExtension>
        </extensions>
      </trkpt>
      <trkpt lat="31.16171113215386867523193359375" lon="121.1937138251960277557373046875">
        <ele>3.599999904632568359375</ele>
        <time>2026-03-21T12:22:39.000Z</time>
        <extensions>
          <ns3:TrackPointExtension>
            <ns3:hr>152</ns3:hr>
            <ns3:cad>88</ns3:cad>
          </ns3:TrackPointExtension>
        </extensions>
      </trkpt>
      <trkpt lat="31.161695457994937896728515625" lon="121.193709634244441986083984375">
        <ele>3.7999999523162841796875</ele>
        <time>2026-03-21T12:22:40.000Z</time>
        <extensions>
          <ns3:TrackPointExtension>
            <ns3:hr>152</ns3:hr>
            <ns3:cad>88</ns3:cad>
          </ns3:TrackPointExtension>
        </extensions>
      </trkpt>
      <trkpt lat="31.161683388054370880126953125" lon="121.19370519183576107025146484375">
        <ele>3.7999999523162841796875</ele>
        <time>2026-03-21T12:22:41.000Z</time>
        <extensions>
          <ns3:TrackPointExtension>
            <ns3:hr>152</ns3:hr>
            <ns3:cad>88</ns3:cad>
          </ns3:TrackPointExtension>
        </extensions>
      </trkpt>
      <trkpt lat="31.16167240776121616363525390625" lon="121.193699575960636138916015625">
        <ele>4</ele>
        <time>2026-03-21T12:22:42.000Z</time>
        <extensions>
          <ns3:TrackPointExtension>
            <ns3:hr>152</ns3:hr>
            <ns3:cad>88</ns3:cad>
          </ns3:TrackPointExtension>
        </extensions>
      </trkpt>
      <trkpt lat="31.16166436113417148590087890625" lon="121.19369857013225555419921875">
        <ele>4</ele>
        <time>2026-03-21T12:22:43.000Z</time>
        <extensions>
          <ns3:TrackPointExtension>
            <ns3:hr>153</ns3:hr>
            <ns3:cad>0</ns3:cad>
          </ns3:TrackPointExtension>
        </extensions>
      </trkpt>
      <trkpt lat="31.16165044717490673065185546875" lon="121.1937014199793338775634765625">
        <ele>4</ele>
        <time>2026-03-21T12:22:44.000Z</time>
        <extensions>
          <ns3:TrackPointExtension>
            <ns3:hr>153</ns3:hr>
            <ns3:cad>0</ns3:cad>
          </ns3:TrackPointExtension>
        </extensions>
      </trkpt>
      <trkpt lat="31.16162513382732868194580078125" lon="121.193709634244441986083984375">
        <ele>4</ele>
        <time>2026-03-21T12:22:45.000Z</time>
        <extensions>
          <ns3:TrackPointExtension>
            <ns3:hr>153</ns3:hr>
            <ns3:cad>0</ns3:cad>
          </ns3:TrackPointExtension>
        </extensions>
      </trkpt>
      <trkpt lat="31.161597557365894317626953125" lon="121.19372128508985042572021484375">
        <ele>4</ele>
        <time>2026-03-21T12:22:46.000Z</time>
        <extensions>
          <ns3:TrackPointExtension>
            <ns3:hr>153</ns3:hr>
            <ns3:cad>0</ns3:cad>
          </ns3:TrackPointExtension>
        </extensions>
      </trkpt>
      <trkpt lat="31.16156998090445995330810546875" lon="121.19373218156397342681884765625">
        <ele>3.7999999523162841796875</ele>
        <time>2026-03-21T12:22:47.000Z</time>
        <extensions>
          <ns3:TrackPointExtension>
            <ns3:hr>153</ns3:hr>
            <ns3:cad>0</ns3:cad>
          </ns3:TrackPointExtension>
        </extensions>
      </trkpt>
      <trkpt lat="31.16155120544135570526123046875" lon="121.1937434971332550048828125">
        <ele>3.7999999523162841796875</ele>
        <time>2026-03-21T12:22:48.000Z</time>
        <extensions>
          <ns3:TrackPointExtension>
            <ns3:hr>153</ns3:hr>
            <ns3:cad>88</ns3:cad>
          </ns3:TrackPointExtension>
        </extensions>
      </trkpt>
      <trkpt lat="31.16152773611247539520263671875" lon="121.19375514797866344451904296875">
        <ele>3.7999999523162841796875</ele>
        <time>2026-03-21T12:22:49.000Z</time>
        <extensions>
          <ns3:TrackPointExtension>
            <ns3:hr>152</ns3:hr>
            <ns3:cad>88</ns3:cad>
          </ns3:TrackPointExtension>
        </extensions>
      </trkpt>
      <trkpt lat="31.16150678135454654693603515625" lon="121.19376696646213531494140625">
        <ele>3.7999999523162841796875</ele>
        <time>2026-03-21T12:22:50.000Z</time>
        <extensions>
          <ns3:TrackPointExtension>
            <ns3:hr>152</ns3:hr>
            <ns3:cad>89</ns3:cad>
          </ns3:TrackPointExtension>
        </extensions>
      </trkpt>
      <trkpt lat="31.16148121654987335205078125" lon="121.19377476163208484649658203125">
        <ele>4</ele>
        <time>2026-03-21T12:22:51.000Z</time>
        <extensions>
          <ns3:TrackPointExtension>
            <ns3:hr>152</ns3:hr>
            <ns3:cad>89</ns3:cad>
          </ns3:TrackPointExtension>
        </extensions>
      </trkpt>
      <trkpt lat="31.16145648993551731109619140625" lon="121.19378113187849521636962890625">
        <ele>4</ele>
        <time>2026-03-21T12:22:52.000Z</time>
        <extensions>
          <ns3:TrackPointExtension>
            <ns3:hr>152</ns3:hr>
            <ns3:cad>90</ns3:cad>
          </ns3:TrackPointExtension>
        </extensions>
      </trkpt>
      <trkpt lat="31.161429584026336669921875" lon="121.19377878494560718536376953125">
        <ele>4</ele>
        <time>2026-03-21T12:22:53.000Z</time>
        <extensions>
          <ns3:TrackPointExtension>
            <ns3:hr>152</ns3:hr>
            <ns3:cad>90</ns3:cad>
          </ns3:TrackPointExtension>
        </extensions>
      </trkpt>
      <trkpt lat="31.16140536032617092132568359375" lon="121.1937802098691463470458984375">
        <ele>4.19999980926513671875</ele>
        <time>2026-03-21T12:22:54.000Z</time>
        <extensions>
          <ns3:TrackPointExtension>
            <ns3:hr>152</ns3:hr>
            <ns3:cad>90</ns3:cad>
          </ns3:TrackPointExtension>
        </extensions>
      </trkpt>
      <trkpt lat="31.161376945674419403076171875" lon="121.19377903640270233154296875">
        <ele>4.19999980926513671875</ele>
        <time>2026-03-21T12:22:55.000Z</time>
        <extensions>
          <ns3:TrackPointExtension>
            <ns3:hr>153</ns3:hr>
            <ns3:cad>89</ns3:cad>
          </ns3:TrackPointExtension>
        </extensions>
      </trkpt>
      <trkpt lat="31.16135590709745883941650390625" lon="121.19378481991589069366455078125">
        <ele>4</ele>
        <time>2026-03-21T12:22:56.000Z</time>
        <extensions>
          <ns3:TrackPointExtension>
            <ns3:hr>153</ns3:hr>
            <ns3:cad>89</ns3:cad>
          </ns3:TrackPointExtension>
        </extensions>
      </trkpt>
      <trkpt lat="31.16132833063602447509765625" lon="121.19378507137298583984375">
        <ele>4</ele>
        <time>2026-03-21T12:22:57.000Z</time>
        <extensions>
          <ns3:TrackPointExtension>
            <ns3:hr>153</ns3:hr>
            <ns3:cad>89</ns3:cad>
          </ns3:TrackPointExtension>
        </extensions>
      </trkpt>
      <trkpt lat="31.16130553185939788818359375" lon="121.19378683157265186309814453125">
        <ele>4</ele>
        <time>2026-03-21T12:22:58.000Z</time>
        <extensions>
          <ns3:TrackPointExtension>
            <ns3:hr>153</ns3:hr>
            <ns3:cad>89</ns3:cad>
          </ns3:TrackPointExtension>
        </extensions>
      </trkpt>
      <trkpt lat="31.16127896122634410858154296875" lon="121.19378716684877872467041015625">
        <ele>4</ele>
        <time>2026-03-21T12:22:59.000Z</time>
        <extensions>
          <ns3:TrackPointExtension>
            <ns3:hr>153</ns3:hr>
            <ns3:cad>88</ns3:cad>
          </ns3:TrackPointExtension>
        </extensions>
      </trkpt>
      <trkpt lat="31.16125683300197124481201171875" lon="121.193790771067142486572265625">
        <ele>4</ele>
        <time>2026-03-21T12:23:00.000Z</time>
        <extensions>
          <ns3:TrackPointExtension>
            <ns3:hr>153</ns3:hr>
            <ns3:cad>88</ns3:cad>
          </ns3:TrackPointExtension>
        </extensions>
      </trkpt>
      <trkpt lat="31.16122850216925144195556640625" lon="121.193790771067142486572265625">
        <ele>4</ele>
        <time>2026-03-21T12:23:01.000Z</time>
        <extensions>
          <ns3:TrackPointExtension>
            <ns3:hr>153</ns3:hr>
            <ns3:cad>89</ns3:cad>
          </ns3:TrackPointExtension>
        </extensions>
      </trkpt>
      <trkpt lat="31.16120737977325916290283203125" lon="121.19379454292356967926025390625">
        <ele>4</ele>
        <time>2026-03-21T12:23:02.000Z</time>
        <extensions>
          <ns3:TrackPointExtension>
            <ns3:hr>153</ns3:hr>
            <ns3:cad>89</ns3:cad>
          </ns3:TrackPointExtension>
        </extensions>
      </trkpt>
      <trkpt lat="31.1611766181886196136474609375" lon="121.193799488246440887451171875">
        <ele>4</ele>
        <time>2026-03-21T12:23:03.000Z</time>
        <extensions>
          <ns3:TrackPointExtension>
            <ns3:hr>153</ns3:hr>
            <ns3:cad>90</ns3:cad>
          </ns3:TrackPointExtension>
        </extensions>
      </trkpt>
      <trkpt lat="31.16115541197359561920166015625" lon="121.19380527175962924957275390625">
        <ele>3.7999999523162841796875</ele>
        <time>2026-03-21T12:23:04.000Z</time>
        <extensions>
          <ns3:TrackPointExtension>
            <ns3:hr>153</ns3:hr>
            <ns3:cad>90</ns3:cad>
          </ns3:TrackPointExtension>
        </extensions>
      </trkpt>
      <trkpt lat="31.16112305782735347747802734375" lon="121.193811558187007904052734375">
        <ele>3.7999999523162841796875</ele>
        <time>2026-03-21T12:23:05.000Z</time>
        <extensions>
          <ns3:TrackPointExtension>
            <ns3:hr>153</ns3:hr>
            <ns3:cad>90</ns3:cad>
          </ns3:TrackPointExtension>
        </extensions>
      </trkpt>
      <trkpt lat="31.16110092960298061370849609375" lon="121.19381767697632312774658203125">
        <ele>3.7999999523162841796875</ele>
        <time>2026-03-21T12:23:06.000Z</time>
        <extensions>
          <ns3:TrackPointExtension>
            <ns3:hr>152</ns3:hr>
            <ns3:cad>89</ns3:cad>
          </ns3:TrackPointExtension>
        </extensions>
      </trkpt>
      <trkpt lat="31.16107217967510223388671875" lon="121.1938227899372577667236328125">
        <ele>3.7999999523162841796875</ele>
        <time>2026-03-21T12:23:07.000Z</time>
        <extensions>
          <ns3:TrackPointExtension>
            <ns3:hr>153</ns3:hr>
            <ns3:cad>88</ns3:cad>
          </ns3:TrackPointExtension>
        </extensions>
      </trkpt>
      <trkpt lat="31.16105164401233196258544921875" lon="121.193830668926239013671875">
        <ele>3.7999999523162841796875</ele>
        <time>2026-03-21T12:23:08.000Z</time>
        <extensions>
          <ns3:TrackPointExtension>
            <ns3:hr>153</ns3:hr>
            <ns3:cad>89</ns3:cad>
          </ns3:TrackPointExtension>
        </extensions>
      </trkpt>
      <trkpt lat="31.16102264262735843658447265625" lon="121.19383611716330051422119140625">
        <ele>3.7999999523162841796875</ele>
        <time>2026-03-21T12:23:09.000Z</time>
        <extensions>
          <ns3:TrackPointExtension>
            <ns3:hr>153</ns3:hr>
            <ns3:cad>89</ns3:cad>
          </ns3:TrackPointExtension>
        </extensions>
      </trkpt>
      <trkpt lat="31.16099799983203411102294921875" lon="121.1938405595719814300537109375">
        <ele>3.7999999523162841796875</ele>
        <time>2026-03-21T12:23:10.000Z</time>
        <extensions>
          <ns3:TrackPointExtension>
            <ns3:hr>152</ns3:hr>
            <ns3:cad>89</ns3:cad>
          </ns3:TrackPointExtension>
        </extensions>
      </trkpt>
      <trkpt lat="31.1609700880944728851318359375" lon="121.193847768008708953857421875">
        <ele>3.7999999523162841796875</ele>
        <time>2026-03-21T12:23:11.000Z</time>
        <extensions>
          <ns3:TrackPointExtension>
            <ns3:hr>153</ns3:hr>
            <ns3:cad>89</ns3:cad>
          </ns3:TrackPointExtension>
        </extensions>
      </trkpt>
      <trkpt lat="31.160951815545558929443359375" lon="121.19386352598667144775390625">
        <ele>3.7999999523162841796875</ele>
        <time>2026-03-21T12:23:12.000Z</time>
        <extensions>
          <ns3:TrackPointExtension>
            <ns3:hr>153</ns3:hr>
            <ns3:cad>89</ns3:cad>
          </ns3:TrackPointExtension>
        </extensions>
      </trkpt>
      <trkpt lat="31.16092222742736339569091796875" lon="121.19387148879468441009521484375">
        <ele>3.7999999523162841796875</ele>
        <time>2026-03-21T12:23:13.000Z</time>
        <extensions>
          <ns3:TrackPointExtension>
            <ns3:hr>153</ns3:hr>
            <ns3:cad>89</ns3:cad>
          </ns3:TrackPointExtension>
        </extensions>
      </trkpt>
      <trkpt lat="31.16090009920299053192138671875" lon="121.193878613412380218505859375">
        <ele>4</ele>
        <time>2026-03-21T12:23:14.000Z</time>
        <extensions>
          <ns3:TrackPointExtension>
            <ns3:hr>153</ns3:hr>
            <ns3:cad>89</ns3:cad>
          </ns3:TrackPointExtension>
        </extensions>
      </trkpt>
      <trkpt lat="31.16087042726576328277587890625" lon="121.19388774968683719635009765625">
        <ele>3.7999999523162841796875</ele>
        <time>2026-03-21T12:23:15.000Z</time>
        <extensions>
          <ns3:TrackPointExtension>
            <ns3:hr>153</ns3:hr>
            <ns3:cad>89</ns3:cad>
          </ns3:TrackPointExtension>
        </extensions>
      </trkpt>
      <trkpt lat="31.16084779612720012664794921875" lon="121.1938995681703090667724609375">
        <ele>3.7999999523162841796875</ele>
        <time>2026-03-21T12:23:16.000Z</time>
        <extensions>
          <ns3:TrackPointExtension>
            <ns3:hr>153</ns3:hr>
            <ns3:cad>89</ns3:cad>
          </ns3:TrackPointExtension>
        </extensions>
      </trkpt>
      <trkpt lat="31.1608185432851314544677734375" lon="121.193909458816051483154296875">
        <ele>4</ele>
        <time>2026-03-21T12:23:17.000Z</time>
        <extensions>
          <ns3:TrackPointExtension>
            <ns3:hr>153</ns3:hr>
            <ns3:cad>89</ns3:cad>
          </ns3:TrackPointExtension>
        </extensions>
      </trkpt>
      <trkpt lat="31.160795576870441436767578125" lon="121.193916164338588714599609375">
        <ele>3.7999999523162841796875</ele>
        <time>2026-03-21T12:23:18.000Z</time>
        <extensions>
          <ns3:TrackPointExtension>
            <ns3:hr>153</ns3:hr>
            <ns3:cad>89</ns3:cad>
          </ns3:TrackPointExtension>
        </extensions>
      </trkpt>
      <trkpt lat="31.1607685871422290802001953125" lon="121.193929575383663177490234375">
        <ele>3.7999999523162841796875</ele>
        <time>2026-03-21T12:23:19.000Z</time>
        <extensions>
          <ns3:TrackPointExtension>
            <ns3:hr>153</ns3:hr>
            <ns3:cad>89</ns3:cad>
          </ns3:TrackPointExtension>
        </extensions>
      </trkpt>
      <trkpt lat="31.1607478000223636627197265625" lon="121.19393921457231044769287109375">
        <ele>4</ele>
        <time>2026-03-21T12:23:20.000Z</time>
        <extensions>
          <ns3:TrackPointExtension>
            <ns3:hr>153</ns3:hr>
            <ns3:cad>89</ns3:cad>
          </ns3:TrackPointExtension>
        </extensions>
      </trkpt>
      <trkpt lat="31.16072290576994419097900390625" lon="121.1939481832087039947509765625">
        <ele>4</ele>
        <time>2026-03-21T12:23:21.000Z</time>
        <extensions>
          <ns3:TrackPointExtension>
            <ns3:hr>153</ns3:hr>
            <ns3:cad>89</ns3:cad>
          </ns3:TrackPointExtension>
        </extensions>
      </trkpt>
      <trkpt lat="31.1607015319168567657470703125" lon="121.19395899586379528045654296875">
        <ele>4</ele>
        <time>2026-03-21T12:23:22.000Z</time>
        <extensions>
          <ns3:TrackPointExtension>
            <ns3:hr>153</ns3:hr>
            <ns3:cad>89</ns3:cad>
          </ns3:TrackPointExtension>
        </extensions>
      </trkpt>
      <trkpt lat="31.1606767214834690093994140625" lon="121.19397207163274288177490234375">
        <ele>4.19999980926513671875</ele>
        <time>2026-03-21T12:23:23.000Z</time>
        <extensions>
          <ns3:TrackPointExtension>
            <ns3:hr>153</ns3:hr>
            <ns3:cad>89</ns3:cad>
          </ns3:TrackPointExtension>
        </extensions>
      </trkpt>
      <trkpt lat="31.160651408135890960693359375" lon="121.19398045353591442108154296875">
        <ele>4.19999980926513671875</ele>
        <time>2026-03-21T12:23:24.000Z</time>
        <extensions>
          <ns3:TrackPointExtension>
            <ns3:hr>153</ns3:hr>
            <ns3:cad>89</ns3:cad>
          </ns3:TrackPointExtension>
        </extensions>
      </trkpt>
      <trkpt lat="31.1606271006166934967041015625" lon="121.1939902603626251220703125">
        <ele>4.19999980926513671875</ele>
        <time>2026-03-21T12:23:25.000Z</time>
        <extensions>
          <ns3:TrackPointExtension>
            <ns3:hr>153</ns3:hr>
            <ns3:cad>90</ns3:cad>
          </ns3:TrackPointExtension>
        </extensions>
      </trkpt>
      <trkpt lat="31.1606046371161937713623046875" lon="121.19400040246546268463134765625">
        <ele>4.400000095367431640625</ele>
        <time>2026-03-21T12:23:26.000Z</time>
        <extensions>
          <ns3:TrackPointExtension>
            <ns3:hr>154</ns3:hr>
            <ns3:cad>90</ns3:cad>
          </ns3:TrackPointExtension>
        </extensions>
      </trkpt>
      <trkpt lat="31.1605835147202014923095703125" lon="121.1940122209489345550537109375">
        <ele>4.19999980926513671875</ele>
        <time>2026-03-21T12:23:27.000Z</time>
        <extensions>
          <ns3:TrackPointExtension>
            <ns3:hr>154</ns3:hr>
            <ns3:cad>90</ns3:cad>
          </ns3:TrackPointExtension>
        </extensions>
      </trkpt>
      <trkpt lat="31.16055719554424285888671875" lon="121.1940224468708038330078125">
        <ele>4.19999980926513671875</ele>
        <time>2026-03-21T12:23:28.000Z</time>
        <extensions>
          <ns3:TrackPointExtension>
            <ns3:hr>154</ns3:hr>
            <ns3:cad>88</ns3:cad>
          </ns3:TrackPointExtension>
        </extensions>
      </trkpt>
      <trkpt lat="31.1605350673198699951171875" lon="121.1940353550016880035400390625">
        <ele>4.19999980926513671875</ele>
        <time>2026-03-21T12:23:29.000Z</time>
        <extensions>
          <ns3:TrackPointExtension>
            <ns3:hr>154</ns3:hr>
            <ns3:cad>88</ns3:cad>
          </ns3:TrackPointExtension>
        </extensions>
      </trkpt>
      <trkpt lat="31.160506904125213623046875" lon="121.1940470896661281585693359375">
        <ele>4.19999980926513671875</ele>
        <time>2026-03-21T12:23:30.000Z</time>
        <extensions>
          <ns3:TrackPointExtension>
            <ns3:hr>154</ns3:hr>
            <ns3:cad>89</ns3:cad>
          </ns3:TrackPointExtension>
        </extensions>
      </trkpt>
      <trkpt lat="31.16048720665276050567626953125" lon="121.19405974633991718292236328125">
        <ele>4</ele>
        <time>2026-03-21T12:23:31.000Z</time>
        <extensions>
          <ns3:TrackPointExtension>
            <ns3:hr>154</ns3:hr>
            <ns3:cad>89</ns3:cad>
          </ns3:TrackPointExtension>
        </extensions>
      </trkpt>
      <trkpt lat="31.16046197712421417236328125" lon="121.19407449848949909210205078125">
        <ele>4</ele>
        <time>2026-03-21T12:23:32.000Z</time>
        <extensions>
          <ns3:TrackPointExtension>
            <ns3:hr>155</ns3:hr>
            <ns3:cad>89</ns3:cad>
          </ns3:TrackPointExtension>
        </extensions>
      </trkpt>
      <trkpt lat="31.16044596768915653228759765625" lon="121.19409344159066677093505859375">
        <ele>4</ele>
        <time>2026-03-21T12:23:33.000Z</time>
        <extensions>
          <ns3:TrackPointExtension>
            <ns3:hr>155</ns3:hr>
            <ns3:cad>89</ns3:cad>
          </ns3:TrackPointExtension>
        </extensions>
      </trkpt>
      <trkpt lat="31.16042316891252994537353515625" lon="121.19410333223640918731689453125">
        <ele>4</ele>
        <time>2026-03-21T12:23:34.000Z</time>
        <extensions>
          <ns3:TrackPointExtension>
            <ns3:hr>155</ns3:hr>
            <ns3:cad>89</ns3:cad>
          </ns3:TrackPointExtension>
        </extensions>
      </trkpt>
      <trkpt lat="31.16040456108748912811279296875" lon="121.194115988910198211669921875">
        <ele>4</ele>
        <time>2026-03-21T12:23:35.000Z</time>
        <extensions>
          <ns3:TrackPointExtension>
            <ns3:hr>154</ns3:hr>
            <ns3:cad>89</ns3:cad>
          </ns3:TrackPointExtension>
        </extensions>
      </trkpt>
      <trkpt lat="31.160379834473133087158203125" lon="121.19412914849817752838134765625">
        <ele>4</ele>
        <time>2026-03-21T12:23:36.000Z</time>
        <extensions>
          <ns3:TrackPointExtension>
            <ns3:hr>155</ns3:hr>
            <ns3:cad>89</ns3:cad>
          </ns3:TrackPointExtension>
        </extensions>
      </trkpt>
      <trkpt lat="31.1603548564016819000244140625" lon="121.19414088316261768341064453125">
        <ele>4</ele>
        <time>2026-03-21T12:23:37.000Z</time>
        <extensions>
          <ns3:TrackPointExtension>
            <ns3:hr>155</ns3:hr>
            <ns3:cad>90</ns3:cad>
          </ns3:TrackPointExtension>
        </extensions>
      </trkpt>
      <trkpt lat="31.16033130325376987457275390625" lon="121.1941592395305633544921875">
        <ele>4</ele>
        <time>2026-03-21T12:23:38.000Z</time>
        <extensions>
          <ns3:TrackPointExtension>
            <ns3:hr>154</ns3:hr>
            <ns3:cad>90</ns3:cad>
          </ns3:TrackPointExtension>
        </extensions>
      </trkpt>
      <trkpt lat="31.1603099294006824493408203125" lon="121.1941741593182086944580078125">
        <ele>4</ele>
        <time>2026-03-21T12:23:39.000Z</time>
        <extensions>
          <ns3:TrackPointExtension>
            <ns3:hr>155</ns3:hr>
            <ns3:cad>90</ns3:cad>
          </ns3:TrackPointExtension>
        </extensions>
      </trkpt>
      <trkpt lat="31.16028369404375553131103515625" lon="121.19419134221971035003662109375">
        <ele>4</ele>
        <time>2026-03-21T12:23:40.000Z</time>
        <extensions>
          <ns3:TrackPointExtension>
            <ns3:hr>155</ns3:hr>
            <ns3:cad>90</ns3:cad>
          </ns3:TrackPointExtension>
        </extensions>
      </trkpt>
      <trkpt lat="31.1602680198848247528076171875" lon="121.19420575909316539764404296875">
        <ele>4</ele>
        <time>2026-03-21T12:23:41.000Z</time>
        <extensions>
          <ns3:TrackPointExtension>
            <ns3:hr>154</ns3:hr>
            <ns3:cad>90</ns3:cad>
          </ns3:TrackPointExtension>
        </extensions>
      </trkpt>
      <trkpt lat="31.16024740040302276611328125" lon="121.1942231096327304840087890625">
        <ele>4</ele>
        <time>2026-03-21T12:23:42.000Z</time>
        <extensions>
          <ns3:TrackPointExtension>
            <ns3:hr>154</ns3:hr>
            <ns3:cad>90</ns3:cad>
          </ns3:TrackPointExtension>
        </extensions>
      </trkpt>
      <trkpt lat="31.160232312977313995361328125" lon="121.1942385323345661163330078125">
        <ele>4</ele>
        <time>2026-03-21T12:23:43.000Z</time>
        <extensions>
          <ns3:TrackPointExtension>
            <ns3:hr>154</ns3:hr>
            <ns3:cad>89</ns3:cad>
          </ns3:TrackPointExtension>
        </extensions>
      </trkpt>
      <trkpt lat="31.160207502543926239013671875" lon="121.19424850679934024810791015625">
        <ele>4</ele>
        <time>2026-03-21T12:23:44.000Z</time>
        <extensions>
          <ns3:TrackPointExtension>
            <ns3:hr>154</ns3:hr>
            <ns3:cad>88</ns3:cad>
          </ns3:TrackPointExtension>
        </extensions>
      </trkpt>
      <trkpt lat="31.16018277592957019805908203125" lon="121.19426141493022441864013671875">
        <ele>4</ele>
        <time>2026-03-21T12:23:45.000Z</time>
        <extensions>
          <ns3:TrackPointExtension>
            <ns3:hr>155</ns3:hr>
            <ns3:cad>89</ns3:cad>
          </ns3:TrackPointExtension>
        </extensions>
      </trkpt>
      <trkpt lat="31.160159893333911895751953125" lon="121.19427767582237720489501953125">
        <ele>4</ele>
        <time>2026-03-21T12:23:46.000Z</time>
        <extensions>
          <ns3:TrackPointExtension>
            <ns3:hr>154</ns3:hr>
            <ns3:cad>90</ns3:cad>
          </ns3:TrackPointExtension>
        </extensions>
      </trkpt>
      <trkpt lat="31.16013701073825359344482421875" lon="121.1942925117909908294677734375">
        <ele>4</ele>
        <time>2026-03-21T12:23:47.000Z</time>
        <extensions>
          <ns3:TrackPointExtension>
            <ns3:hr>154</ns3:hr>
            <ns3:cad>90</ns3:cad>
          </ns3:TrackPointExtension>
        </extensions>
      </trkpt>
      <trkpt lat="31.16010817699134349822998046875" lon="121.19430952705442905426025390625">
        <ele>4</ele>
        <time>2026-03-21T12:23:48.000Z</time>
        <extensions>
          <ns3:TrackPointExtension>
            <ns3:hr>154</ns3:hr>
            <ns3:cad>90</ns3:cad>
          </ns3:TrackPointExtension>
        </extensions>
      </trkpt>
      <trkpt lat="31.16008940152823925018310546875" lon="121.19432277046144008636474609375">
        <ele>4</ele>
        <time>2026-03-21T12:23:49.000Z</time>
        <extensions>
          <ns3:TrackPointExtension>
            <ns3:hr>154</ns3:hr>
            <ns3:cad>90</ns3:cad>
          </ns3:TrackPointExtension>
        </extensions>
      </trkpt>
      <trkpt lat="31.16005989722907543182373046875" lon="121.19434766471385955810546875">
        <ele>4</ele>
        <time>2026-03-21T12:23:50.000Z</time>
        <extensions>
          <ns3:TrackPointExtension>
            <ns3:hr>154</ns3:hr>
            <ns3:cad>90</ns3:cad>
          </ns3:TrackPointExtension>
        </extensions>
      </trkpt>
      <trkpt lat="31.16004179231822490692138671875" lon="121.19436669163405895233154296875">
        <ele>4</ele>
        <time>2026-03-21T12:23:51.000Z</time>
        <extensions>
          <ns3:TrackPointExtension>
            <ns3:hr>153</ns3:hr>
            <ns3:cad>90</ns3:cad>
          </ns3:TrackPointExtension>
        </extensions>
      </trkpt>
      <trkpt lat="31.160013712942600250244140625" lon="121.19437943212687969207763671875">
        <ele>4</ele>
        <time>2026-03-21T12:23:52.000Z</time>
        <extensions>
          <ns3:TrackPointExtension>
            <ns3:hr>153</ns3:hr>
            <ns3:cad>89</ns3:cad>
          </ns3:TrackPointExtension>
        </extensions>
      </trkpt>
      <trkpt lat="31.15999066270887851715087890625" lon="121.1943971179425716400146484375">
        <ele>4</ele>
        <time>2026-03-21T12:23:53.000Z</time>
        <extensions>
          <ns3:TrackPointExtension>
            <ns3:hr>153</ns3:hr>
            <ns3:cad>89</ns3:cad>
          </ns3:TrackPointExtension>
        </extensions>
      </trkpt>
      <trkpt lat="31.15996576845645904541015625" lon="121.1944162286818027496337890625">
        <ele>4</ele>
        <time>2026-03-21T12:23:54.000Z</time>
        <extensions>
          <ns3:TrackPointExtension>
            <ns3:hr>153</ns3:hr>
            <ns3:cad>90</ns3:cad>
          </ns3:TrackPointExtension>
        </extensions>
      </trkpt>
      <trkpt lat="31.15994305349886417388916015625" lon="121.1944336630403995513916015625">
        <ele>4</ele>
        <time>2026-03-21T12:23:55.000Z</time>
        <extensions>
          <ns3:TrackPointExtension>
            <ns3:hr>153</ns3:hr>
            <ns3:cad>90</ns3:cad>
          </ns3:TrackPointExtension>
        </extensions>
      </trkpt>
      <trkpt lat="31.15991413593292236328125" lon="121.19445520453155040740966796875">
        <ele>4</ele>
        <time>2026-03-21T12:23:56.000Z</time>
        <extensions>
          <ns3:TrackPointExtension>
            <ns3:hr>153</ns3:hr>
            <ns3:cad>90</ns3:cad>
          </ns3:TrackPointExtension>
        </extensions>
      </trkpt>
      <trkpt lat="31.15988940931856632232666015625" lon="121.19447113014757633209228515625">
        <ele>4</ele>
        <time>2026-03-21T12:23:57.000Z</time>
        <extensions>
          <ns3:TrackPointExtension>
            <ns3:hr>154</ns3:hr>
            <ns3:cad>88</ns3:cad>
          </ns3:TrackPointExtension>
        </extensions>
      </trkpt>
      <trkpt lat="31.15986359305679798126220703125" lon="121.19448403827846050262451171875">
        <ele>4</ele>
        <time>2026-03-21T12:23:58.000Z</time>
        <extensions>
          <ns3:TrackPointExtension>
            <ns3:hr>153</ns3:hr>
            <ns3:cad>88</ns3:cad>
          </ns3:TrackPointExtension>
        </extensions>
      </trkpt>
      <trkpt lat="31.15984548814594745635986328125" lon="121.19450046680867671966552734375">
        <ele>4</ele>
        <time>2026-03-21T12:23:59.000Z</time>
        <extensions>
          <ns3:TrackPointExtension>
            <ns3:hr>153</ns3:hr>
            <ns3:cad>88</ns3:cad>
          </ns3:TrackPointExtension>
        </extensions>
      </trkpt>
      <trkpt lat="31.15982000716030597686767578125" lon="121.1945174820721149444580078125">
        <ele>4</ele>
        <time>2026-03-21T12:24:00.000Z</time>
        <extensions>
          <ns3:TrackPointExtension>
            <ns3:hr>153</ns3:hr>
            <ns3:cad>89</ns3:cad>
          </ns3:TrackPointExtension>
        </extensions>
      </trkpt>
      <trkpt lat="31.15979871712625026702880859375" lon="121.1945345811545848846435546875">
        <ele>4</ele>
        <time>2026-03-21T12:24:01.000Z</time>
        <extensions>
          <ns3:TrackPointExtension>
            <ns3:hr>153</ns3:hr>
            <ns3:cad>90</ns3:cad>
          </ns3:TrackPointExtension>
        </extensions>
      </trkpt>
      <trkpt lat="31.15977440960705280303955078125" lon="121.19455226697027683258056640625">
        <ele>4</ele>
        <time>2026-03-21T12:24:02.000Z</time>
        <extensions>
          <ns3:TrackPointExtension>
            <ns3:hr>154</ns3:hr>
            <ns3:cad>90</ns3:cad>
          </ns3:TrackPointExtension>
        </extensions>
      </trkpt>
      <trkpt lat="31.159750521183013916015625" lon="121.1945657618343830108642578125">
        <ele>4</ele>
        <time>2026-03-21T12:24:03.000Z</time>
        <extensions>
          <ns3:TrackPointExtension>
            <ns3:hr>154</ns3:hr>
            <ns3:cad>90</ns3:cad>
          </ns3:TrackPointExtension>
        </extensions>
      </trkpt>
      <trkpt lat="31.15972327999770641326904296875" lon="121.19457967579364776611328125">
        <ele>4</ele>
        <time>2026-03-21T12:24:04.000Z</time>
        <extensions>
          <ns3:TrackPointExtension>
            <ns3:hr>154</ns3:hr>
            <ns3:cad>90</ns3:cad>
          </ns3:TrackPointExtension>
        </extensions>
      </trkpt>
      <trkpt lat="31.15970467217266559600830078125" lon="121.1945942603051662445068359375">
        <ele>4</ele>
        <time>2026-03-21T12:24:05.000Z</time>
        <extensions>
          <ns3:TrackPointExtension>
            <ns3:hr>154</ns3:hr>
            <ns3:cad>90</ns3:cad>
          </ns3:TrackPointExtension>
        </extensions>
      </trkpt>
      <trkpt lat="31.15967835299670696258544921875" lon="121.1946070007979869842529296875">
        <ele>4</ele>
        <time>2026-03-21T12:24:06.000Z</time>
        <extensions>
          <ns3:TrackPointExtension>
            <ns3:hr>154</ns3:hr>
            <ns3:cad>89</ns3:cad>
          </ns3:TrackPointExtension>
        </extensions>
      </trkpt>
      <trkpt lat="31.15965463221073150634765625" lon="121.19461831636726856231689453125">
        <ele>4</ele>
        <time>2026-03-21T12:24:07.000Z</time>
        <extensions>
          <ns3:TrackPointExtension>
            <ns3:hr>154</ns3:hr>
            <ns3:cad>89</ns3:cad>
          </ns3:TrackPointExtension>
        </extensions>
      </trkpt>
      <trkpt lat="31.15962336771190166473388671875" lon="121.1946287937462329864501953125">
        <ele>4</ele>
        <time>2026-03-21T12:24:08.000Z</time>
        <extensions>
          <ns3:TrackPointExtension>
            <ns3:hr>154</ns3:hr>
            <ns3:cad>89</ns3:cad>
          </ns3:TrackPointExtension>
        </extensions>
      </trkpt>
      <trkpt lat="31.15960006602108478546142578125" lon="121.19464094750583171844482421875">
        <ele>4</ele>
        <time>2026-03-21T12:24:09.000Z</time>
        <extensions>
          <ns3:TrackPointExtension>
            <ns3:hr>155</ns3:hr>
            <ns3:cad>89</ns3:cad>
          </ns3:TrackPointExtension>
        </extensions>
      </trkpt>
      <trkpt lat="31.15956972353160381317138671875" lon="121.19464899413287639617919921875">
        <ele>4</ele>
        <time>2026-03-21T12:24:10.000Z</time>
        <extensions>
          <ns3:TrackPointExtension>
            <ns3:hr>155</ns3:hr>
            <ns3:cad>89</ns3:cad>
          </ns3:TrackPointExtension>
        </extensions>
      </trkpt>
      <trkpt lat="31.1595453321933746337890625" lon="121.1946582980453968048095703125">
        <ele>3.7999999523162841796875</ele>
        <time>2026-03-21T12:24:11.000Z</time>
        <extensions>
          <ns3:TrackPointExtension>
            <ns3:hr>155</ns3:hr>
            <ns3:cad>89</ns3:cad>
          </ns3:TrackPointExtension>
        </extensions>
      </trkpt>
      <trkpt lat="31.15952161140739917755126953125" lon="121.1946688592433929443359375">
        <ele>3.7999999523162841796875</ele>
        <time>2026-03-21T12:24:12.000Z</time>
        <extensions>
          <ns3:TrackPointExtension>
            <ns3:hr>154</ns3:hr>
            <ns3:cad>89</ns3:cad>
          </ns3:TrackPointExtension>
        </extensions>
      </trkpt>
      <trkpt lat="31.15949763916432857513427734375" lon="121.19468067772686481475830078125">
        <ele>3.7999999523162841796875</ele>
        <time>2026-03-21T12:24:13.000Z</time>
        <extensions>
          <ns3:TrackPointExtension>
            <ns3:hr>155</ns3:hr>
            <ns3:cad>89</ns3:cad>
          </ns3:TrackPointExtension>
        </extensions>
      </trkpt>
      <trkpt lat="31.159471571445465087890625" lon="121.19469224475324153900146484375">
        <ele>3.7999999523162841796875</ele>
        <time>2026-03-21T12:24:14.000Z</time>
        <extensions>
          <ns3:TrackPointExtension>
            <ns3:hr>155</ns3:hr>
            <ns3:cad>89</ns3:cad>
          </ns3:TrackPointExtension>
        </extensions>
      </trkpt>
      <trkpt lat="31.15944541990756988525390625" lon="121.19470230303704738616943359375">
        <ele>3.7999999523162841796875</ele>
        <time>2026-03-21T12:24:15.000Z</time>
        <extensions>
          <ns3:TrackPointExtension>
            <ns3:hr>155</ns3:hr>
            <ns3:cad>89</ns3:cad>
          </ns3:TrackPointExtension>
        </extensions>
      </trkpt>
      <trkpt lat="31.15942220203578472137451171875" lon="121.19471403770148754119873046875">
        <ele>3.7999999523162841796875</ele>
        <time>2026-03-21T12:24:16.000Z</time>
        <extensions>
          <ns3:TrackPointExtension>
            <ns3:hr>155</ns3:hr>
            <ns3:cad>89</ns3:cad>
          </ns3:TrackPointExtension>
        </extensions>
      </trkpt>
      <trkpt lat="31.15939638577401638031005859375" lon="121.19472191669046878814697265625">
        <ele>3.7999999523162841796875</ele>
        <time>2026-03-21T12:24:17.000Z</time>
        <extensions>
          <ns3:TrackPointExtension>
            <ns3:hr>155</ns3:hr>
            <ns3:cad>89</ns3:cad>
          </ns3:TrackPointExtension>
        </extensions>
      </trkpt>
      <trkpt lat="31.1593765206634998321533203125" lon="121.1947313882410526275634765625">
        <ele>3.7999999523162841796875</ele>
        <time>2026-03-21T12:24:18.000Z</time>
        <extensions>
          <ns3:TrackPointExtension>
            <ns3:hr>155</ns3:hr>
            <ns3:cad>89</ns3:cad>
          </ns3:TrackPointExtension>
        </extensions>
      </trkpt>
      <trkpt lat="31.15934877656400203704833984375" lon="121.19473566301167011260986328125">
        <ele>3.7999999523162841796875</ele>
        <time>2026-03-21T12:24:19.000Z</time>
        <extensions>
          <ns3:TrackPointExtension>
            <ns3:hr>155</ns3:hr>
            <ns3:cad>89</ns3:cad>
          </ns3:TrackPointExtension>
        </extensions>
      </trkpt>
      <trkpt lat="31.15932874381542205810546875" lon="121.1947441287338733673095703125">
        <ele>3.7999999523162841796875</ele>
        <time>2026-03-21T12:24:20.000Z</time>
        <extensions>
          <ns3:TrackPointExtension>
            <ns3:hr>155</ns3:hr>
            <ns3:cad>89</ns3:cad>
          </ns3:TrackPointExtension>
        </extensions>
      </trkpt>
      <trkpt lat="31.1593010835349559783935546875" lon="121.1947494931519031524658203125">
        <ele>3.7999999523162841796875</ele>
        <time>2026-03-21T12:24:21.000Z</time>
        <extensions>
          <ns3:TrackPointExtension>
            <ns3:hr>155</ns3:hr>
            <ns3:cad>87</ns3:cad>
          </ns3:TrackPointExtension>
        </extensions>
      </trkpt>
      <trkpt lat="31.1592792905867099761962890625" lon="121.1947595514357089996337890625">
        <ele>3.7999999523162841796875</ele>
        <time>2026-03-21T12:24:22.000Z</time>
        <extensions>
          <ns3:TrackPointExtension>
            <ns3:hr>155</ns3:hr>
            <ns3:cad>88</ns3:cad>
          </ns3:TrackPointExtension>
        </extensions>
      </trkpt>
      <trkpt lat="31.1592474393546581268310546875" lon="121.1947639100253582000732421875">
        <ele>3.7999999523162841796875</ele>
        <time>2026-03-21T12:24:23.000Z</time>
        <extensions>
          <ns3:TrackPointExtension>
            <ns3:hr>155</ns3:hr>
            <ns3:cad>89</ns3:cad>
          </ns3:TrackPointExtension>
        </extensions>
      </trkpt>
      <trkpt lat="31.1592263169586658477783203125" lon="121.19477354921400547027587890625">
        <ele>3.7999999523162841796875</ele>
        <time>2026-03-21T12:24:24.000Z</time>
        <extensions>
          <ns3:TrackPointExtension>
            <ns3:hr>155</ns3:hr>
            <ns3:cad>89</ns3:cad>
          </ns3:TrackPointExtension>
        </extensions>
      </trkpt>
      <trkpt lat="31.1591966450214385986328125" lon="121.1947766505181789398193359375">
        <ele>3.7999999523162841796875</ele>
        <time>2026-03-21T12:24:25.000Z</time>
        <extensions>
          <ns3:TrackPointExtension>
            <ns3:hr>154</ns3:hr>
            <ns3:cad>88</ns3:cad>
          </ns3:TrackPointExtension>
        </extensions>
      </trkpt>
      <trkpt lat="31.1591751873493194580078125" lon="121.194785535335540771484375">
        <ele>3.7999999523162841796875</ele>
        <time>2026-03-21T12:24:26.000Z</time>
        <extensions>
          <ns3:TrackPointExtension>
            <ns3:hr>155</ns3:hr>
            <ns3:cad>88</ns3:cad>
          </ns3:TrackPointExtension>
        </extensions>
      </trkpt>
      <trkpt lat="31.159145347774028778076171875" lon="121.19479031302034854888916015625">
        <ele>3.7999999523162841796875</ele>
        <time>2026-03-21T12:24:27.000Z</time>
        <extensions>
          <ns3:TrackPointExtension>
            <ns3:hr>155</ns3:hr>
            <ns3:cad>88</ns3:cad>
          </ns3:TrackPointExtension>
        </extensions>
      </trkpt>
      <trkpt lat="31.15912489593029022216796875" lon="121.1947997845709323883056640625">
        <ele>3.7999999523162841796875</ele>
        <time>2026-03-21T12:24:28.000Z</time>
        <extensions>
          <ns3:TrackPointExtension>
            <ns3:hr>154</ns3:hr>
            <ns3:cad>87</ns3:cad>
          </ns3:TrackPointExtension>
        </extensions>
      </trkpt>
      <trkpt lat="31.15909296087920665740966796875" lon="121.19480690918862819671630859375">
        <ele>3.7999999523162841796875</ele>
        <time>2026-03-21T12:24:29.000Z</time>
        <extensions>
          <ns3:TrackPointExtension>
            <ns3:hr>155</ns3:hr>
            <ns3:cad>87</ns3:cad>
          </ns3:TrackPointExtension>
        </extensions>
      </trkpt>
      <trkpt lat="31.15907100029289722442626953125" lon="121.19480959139764308929443359375">
        <ele>3.7999999523162841796875</ele>
        <time>2026-03-21T12:24:30.000Z</time>
        <extensions>
          <ns3:TrackPointExtension>
            <ns3:hr>155</ns3:hr>
            <ns3:cad>88</ns3:cad>
          </ns3:TrackPointExtension>
        </extensions>
      </trkpt>
      <trkpt lat="31.159045435488224029541015625" lon="121.19481529109179973602294921875">
        <ele>3.7999999523162841796875</ele>
        <time>2026-03-21T12:24:31.000Z</time>
        <extensions>
          <ns3:TrackPointExtension>
            <ns3:hr>154</ns3:hr>
            <ns3:cad>89</ns3:cad>
          </ns3:TrackPointExtension>
        </extensions>
      </trkpt>
      <trkpt lat="31.15902506746351718902587890625" lon="121.194821409881114959716796875">
        <ele>3.7999999523162841796875</ele>
        <time>2026-03-21T12:24:32.000Z</time>
        <extensions>
          <ns3:TrackPointExtension>
            <ns3:hr>155</ns3:hr>
            <ns3:cad>90</ns3:cad>
          </ns3:TrackPointExtension>
        </extensions>
      </trkpt>
      <trkpt lat="31.158995144069194793701171875" lon="121.1948242597281932830810546875">
        <ele>3.7999999523162841796875</ele>
        <time>2026-03-21T12:24:33.000Z</time>
        <extensions>
          <ns3:TrackPointExtension>
            <ns3:hr>154</ns3:hr>
            <ns3:cad>90</ns3:cad>
          </ns3:TrackPointExtension>
        </extensions>
      </trkpt>
      <trkpt lat="31.15897309966385364532470703125" lon="121.19482643902301788330078125">
        <ele>3.7999999523162841796875</ele>
        <time>2026-03-21T12:24:34.000Z</time>
        <extensions>
          <ns3:TrackPointExtension>
            <ns3:hr>154</ns3:hr>
            <ns3:cad>90</ns3:cad>
          </ns3:TrackPointExtension>
        </extensions>
      </trkpt>
      <trkpt lat="31.1589456908404827117919921875" lon="121.19483104906976222991943359375">
        <ele>3.7999999523162841796875</ele>
        <time>2026-03-21T12:24:35.000Z</time>
        <extensions>
          <ns3:TrackPointExtension>
            <ns3:hr>154</ns3:hr>
            <ns3:cad>89</ns3:cad>
          </ns3:TrackPointExtension>
        </extensions>
      </trkpt>
      <trkpt lat="31.15892104804515838623046875" lon="121.19483104906976222991943359375">
        <ele>3.7999999523162841796875</ele>
        <time>2026-03-21T12:24:36.000Z</time>
        <extensions>
          <ns3:TrackPointExtension>
            <ns3:hr>154</ns3:hr>
            <ns3:cad>89</ns3:cad>
          </ns3:TrackPointExtension>
        </extensions>
      </trkpt>
      <trkpt lat="31.15889246575534343719482421875" lon="121.19483440183103084564208984375">
        <ele>3.7999999523162841796875</ele>
        <time>2026-03-21T12:24:37.000Z</time>
        <extensions>
          <ns3:TrackPointExtension>
            <ns3:hr>154</ns3:hr>
            <ns3:cad>89</ns3:cad>
          </ns3:TrackPointExtension>
        </extensions>
      </trkpt>
      <trkpt lat="31.15886564366519451141357421875" lon="121.1948343180119991302490234375">
        <ele>3.7999999523162841796875</ele>
        <time>2026-03-21T12:24:38.000Z</time>
        <extensions>
          <ns3:TrackPointExtension>
            <ns3:hr>154</ns3:hr>
            <ns3:cad>89</ns3:cad>
          </ns3:TrackPointExtension>
        </extensions>
      </trkpt>
      <trkpt lat="31.15884267725050449371337890625" lon="121.1948386766016483306884765625">
        <ele>3.7999999523162841796875</ele>
        <time>2026-03-21T12:24:39.000Z</time>
        <extensions>
          <ns3:TrackPointExtension>
            <ns3:hr>154</ns3:hr>
            <ns3:cad>89</ns3:cad>
          </ns3:TrackPointExtension>
        </extensions>
      </trkpt>
      <trkpt lat="31.15881384350359439849853515625" lon="121.194836162030696868896484375">
        <ele>3.7999999523162841796875</ele>
        <time>2026-03-21T12:24:40.000Z</time>
        <extensions>
          <ns3:TrackPointExtension>
            <ns3:hr>154</ns3:hr>
            <ns3:cad>89</ns3:cad>
          </ns3:TrackPointExtension>
        </extensions>
      </trkpt>
      <trkpt lat="31.15879188291728496551513671875" lon="121.1948380060493946075439453125">
        <ele>3.7999999523162841796875</ele>
        <time>2026-03-21T12:24:41.000Z</time>
        <extensions>
          <ns3:TrackPointExtension>
            <ns3:hr>154</ns3:hr>
            <ns3:cad>89</ns3:cad>
          </ns3:TrackPointExtension>
        </extensions>
      </trkpt>
      <trkpt lat="31.1587596125900745391845703125" lon="121.19483649730682373046875">
        <ele>3.7999999523162841796875</ele>
        <time>2026-03-21T12:24:42.000Z</time>
        <extensions>
          <ns3:TrackPointExtension>
            <ns3:hr>154</ns3:hr>
            <ns3:cad>88</ns3:cad>
          </ns3:TrackPointExtension>
        </extensions>
      </trkpt>
      <trkpt lat="31.1587405018508434295654296875" lon="121.19484211318194866180419921875">
        <ele>3.7999999523162841796875</ele>
        <time>2026-03-21T12:24:43.000Z</time>
        <extensions>
          <ns3:TrackPointExtension>
            <ns3:hr>153</ns3:hr>
            <ns3:cad>87</ns3:cad>
          </ns3:TrackPointExtension>
        </extensions>
      </trkpt>
      <trkpt lat="31.1587099917232990264892578125" lon="121.194838173687458038330078125">
        <ele>3.7999999523162841796875</ele>
        <time>2026-03-21T12:24:44.000Z</time>
        <extensions>
          <ns3:TrackPointExtension>
            <ns3:hr>153</ns3:hr>
            <ns3:cad>88</ns3:cad>
          </ns3:TrackPointExtension>
        </extensions>
      </trkpt>
      <trkpt lat="31.15868828259408473968505859375" lon="121.19484663940966129302978515625">
        <ele>3.7999999523162841796875</ele>
        <time>2026-03-21T12:24:45.000Z</time>
        <extensions>
          <ns3:TrackPointExtension>
            <ns3:hr>153</ns3:hr>
            <ns3:cad>88</ns3:cad>
          </ns3:TrackPointExtension>
        </extensions>
      </trkpt>
      <trkpt lat="31.1586570180952548980712890625" lon="121.19484932161867618560791015625">
        <ele>3.7999999523162841796875</ele>
        <time>2026-03-21T12:24:46.000Z</time>
        <extensions>
          <ns3:TrackPointExtension>
            <ns3:hr>153</ns3:hr>
            <ns3:cad>89</ns3:cad>
          </ns3:TrackPointExtension>
        </extensions>
      </trkpt>
      <trkpt lat="31.15863463841378688812255859375" lon="121.19485066272318363189697265625">
        <ele>3.7999999523162841796875</ele>
        <time>2026-03-21T12:24:47.000Z</time>
        <extensions>
          <ns3:TrackPointExtension>
            <ns3:hr>154</ns3:hr>
            <ns3:cad>89</ns3:cad>
          </ns3:TrackPointExtension>
        </extensions>
      </trkpt>
      <trkpt lat="31.158602871000766754150390625" lon="121.19485057890415191650390625">
        <ele>3.7999999523162841796875</ele>
        <time>2026-03-21T12:24:48.000Z</time>
        <extensions>
          <ns3:TrackPointExtension>
            <ns3:hr>153</ns3:hr>
            <ns3:cad>89</ns3:cad>
          </ns3:TrackPointExtension>
        </extensions>
      </trkpt>
      <trkpt lat="31.15857965312898159027099609375" lon="121.19485099799931049346923828125">
        <ele>3.7999999523162841796875</ele>
        <time>2026-03-21T12:24:49.000Z</time>
        <extensions>
          <ns3:TrackPointExtension>
            <ns3:hr>153</ns3:hr>
            <ns3:cad>88</ns3:cad>
          </ns3:TrackPointExtension>
        </extensions>
      </trkpt>
      <trkpt lat="31.1585527472198009490966796875" lon="121.19485485367476940155029296875">
        <ele>3.7999999523162841796875</ele>
        <time>2026-03-21T12:24:50.000Z</time>
        <extensions>
          <ns3:TrackPointExtension>
            <ns3:hr>154</ns3:hr>
            <ns3:cad>87</ns3:cad>
          </ns3:TrackPointExtension>
        </extensions>
      </trkpt>
      <trkpt lat="31.15852936170995235443115234375" lon="121.1948566138744354248046875">
        <ele>3.7999999523162841796875</ele>
        <time>2026-03-21T12:24:51.000Z</time>
        <extensions>
          <ns3:TrackPointExtension>
            <ns3:hr>154</ns3:hr>
            <ns3:cad>87</ns3:cad>
          </ns3:TrackPointExtension>
        </extensions>
      </trkpt>
      <trkpt lat="31.1585004441440105438232421875" lon="121.1948577873408794403076171875">
        <ele>3.599999904632568359375</ele>
        <time>2026-03-21T12:24:52.000Z</time>
        <extensions>
          <ns3:TrackPointExtension>
            <ns3:hr>153</ns3:hr>
            <ns3:cad>87</ns3:cad>
          </ns3:TrackPointExtension>
        </extensions>
      </trkpt>
      <trkpt lat="31.15847722627222537994384765625" lon="121.1948604695498943328857421875">
        <ele>3.599999904632568359375</ele>
        <time>2026-03-21T12:24:53.000Z</time>
        <extensions>
          <ns3:TrackPointExtension>
            <ns3:hr>154</ns3:hr>
            <ns3:cad>88</ns3:cad>
          </ns3:TrackPointExtension>
        </extensions>
      </trkpt>
      <trkpt lat="31.15844788961112499237060546875" lon="121.194855608046054840087890625">
        <ele>3.599999904632568359375</ele>
        <time>2026-03-21T12:24:54.000Z</time>
        <extensions>
          <ns3:TrackPointExtension>
            <ns3:hr>154</ns3:hr>
            <ns3:cad>89</ns3:cad>
          </ns3:TrackPointExtension>
        </extensions>
      </trkpt>
      <trkpt lat="31.1584233306348323822021484375" lon="121.1948581226170063018798828125">
        <ele>3.599999904632568359375</ele>
        <time>2026-03-21T12:24:55.000Z</time>
        <extensions>
          <ns3:TrackPointExtension>
            <ns3:hr>154</ns3:hr>
            <ns3:cad>89</ns3:cad>
          </ns3:TrackPointExtension>
        </extensions>
      </trkpt>
      <trkpt lat="31.15839122794568538665771484375" lon="121.1948587931692600250244140625">
        <ele>3.599999904632568359375</ele>
        <time>2026-03-21T12:24:56.000Z</time>
        <extensions>
          <ns3:TrackPointExtension>
            <ns3:hr>154</ns3:hr>
            <ns3:cad>89</ns3:cad>
          </ns3:TrackPointExtension>
        </extensions>
      </trkpt>
      <trkpt lat="31.15836474113166332244873046875" lon="121.194862313568592071533203125">
        <ele>3.599999904632568359375</ele>
        <time>2026-03-21T12:24:57.000Z</time>
        <extensions>
          <ns3:TrackPointExtension>
            <ns3:hr>154</ns3:hr>
            <ns3:cad>90</ns3:cad>
          </ns3:TrackPointExtension>
        </extensions>
      </trkpt>
      <trkpt lat="31.158336661756038665771484375" lon="121.194868348538875579833984375">
        <ele>3.599999904632568359375</ele>
        <time>2026-03-21T12:24:58.000Z</time>
        <extensions>
          <ns3:TrackPointExtension>
            <ns3:hr>154</ns3:hr>
            <ns3:cad>89</ns3:cad>
          </ns3:TrackPointExtension>
        </extensions>
      </trkpt>
      <trkpt lat="31.15831394679844379425048828125" lon="121.1948752216994762420654296875">
        <ele>3.599999904632568359375</ele>
        <time>2026-03-21T12:24:59.000Z</time>
        <extensions>
          <ns3:TrackPointExtension>
            <ns3:hr>153</ns3:hr>
            <ns3:cad>89</ns3:cad>
          </ns3:TrackPointExtension>
        </extensions>
      </trkpt>
      <trkpt lat="31.1582922376692295074462890625" lon="121.19488452561199665069580078125">
        <ele>3.599999904632568359375</ele>
        <time>2026-03-21T12:25:00.000Z</time>
        <extensions>
          <ns3:TrackPointExtension>
            <ns3:hr>154</ns3:hr>
            <ns3:cad>89</ns3:cad>
          </ns3:TrackPointExtension>
        </extensions>
      </trkpt>
      <trkpt lat="31.15826767869293689727783203125" lon="121.1948970146477222442626953125">
        <ele>3.599999904632568359375</ele>
        <time>2026-03-21T12:25:01.000Z</time>
        <extensions>
          <ns3:TrackPointExtension>
            <ns3:hr>154</ns3:hr>
            <ns3:cad>89</ns3:cad>
          </ns3:TrackPointExtension>
        </extensions>
      </trkpt>
      <trkpt lat="31.15824135951697826385498046875" lon="121.19490916840732097625732421875">
        <ele>3.599999904632568359375</ele>
        <time>2026-03-21T12:25:02.000Z</time>
        <extensions>
          <ns3:TrackPointExtension>
            <ns3:hr>154</ns3:hr>
            <ns3:cad>89</ns3:cad>
          </ns3:TrackPointExtension>
        </extensions>
      </trkpt>
      <trkpt lat="31.15821520797908306121826171875" lon="121.194915287196636199951171875">
        <ele>3.599999904632568359375</ele>
        <time>2026-03-21T12:25:03.000Z</time>
        <extensions>
          <ns3:TrackPointExtension>
            <ns3:hr>154</ns3:hr>
            <ns3:cad>89</ns3:cad>
          </ns3:TrackPointExtension>
        </extensions>
      </trkpt>
      <trkpt lat="31.15819056518375873565673828125" lon="121.1949218250811100006103515625">
        <ele>3.599999904632568359375</ele>
        <time>2026-03-21T12:25:04.000Z</time>
        <extensions>
          <ns3:TrackPointExtension>
            <ns3:hr>154</ns3:hr>
            <ns3:cad>89</ns3:cad>
          </ns3:TrackPointExtension>
        </extensions>
      </trkpt>
      <trkpt lat="31.15816424600780010223388671875" lon="121.19492744095623493194580078125">
        <ele>3.400000095367431640625</ele>
        <time>2026-03-21T12:25:05.000Z</time>
        <extensions>
          <ns3:TrackPointExtension>
            <ns3:hr>154</ns3:hr>
            <ns3:cad>89</ns3:cad>
          </ns3:TrackPointExtension>
        </extensions>
      </trkpt>
      <trkpt lat="31.15813918411731719970703125" lon="121.19493263773620128631591796875">
        <ele>3.400000095367431640625</ele>
        <time>2026-03-21T12:25:06.000Z</time>
        <extensions>
          <ns3:TrackPointExtension>
            <ns3:hr>155</ns3:hr>
            <ns3:cad>89</ns3:cad>
          </ns3:TrackPointExtension>
        </extensions>
      </trkpt>
      <trkpt lat="31.15810967981815338134765625" lon="121.19493448175489902496337890625">
        <ele>3.400000095367431640625</ele>
        <time>2026-03-21T12:25:07.000Z</time>
        <extensions>
          <ns3:TrackPointExtension>
            <ns3:hr>154</ns3:hr>
            <ns3:cad>89</ns3:cad>
          </ns3:TrackPointExtension>
        </extensions>
      </trkpt>
      <trkpt lat="31.15808562375605106353759765625" lon="121.1949432827532291412353515625">
        <ele>3.400000095367431640625</ele>
        <time>2026-03-21T12:25:08.000Z</time>
        <extensions>
          <ns3:TrackPointExtension>
            <ns3:hr>155</ns3:hr>
            <ns3:cad>89</ns3:cad>
          </ns3:TrackPointExtension>
        </extensions>
      </trkpt>
      <trkpt lat="31.1580548621714115142822265625" lon="121.19494713842868804931640625">
        <ele>3.400000095367431640625</ele>
        <time>2026-03-21T12:25:09.000Z</time>
        <extensions>
          <ns3:TrackPointExtension>
            <ns3:hr>155</ns3:hr>
            <ns3:cad>90</ns3:cad>
          </ns3:TrackPointExtension>
        </extensions>
      </trkpt>
      <trkpt lat="31.15802963264286518096923828125" lon="121.19495476596057415008544921875">
        <ele>3.400000095367431640625</ele>
        <time>2026-03-21T12:25:10.000Z</time>
        <extensions>
          <ns3:TrackPointExtension>
            <ns3:hr>155</ns3:hr>
            <ns3:cad>89</ns3:cad>
          </ns3:TrackPointExtension>
        </extensions>
      </trkpt>
      <trkpt lat="31.158002056181430816650390625" lon="121.194961555302143096923828125">
        <ele>3.400000095367431640625</ele>
        <time>2026-03-21T12:25:11.000Z</time>
        <extensions>
          <ns3:TrackPointExtension>
            <ns3:hr>154</ns3:hr>
            <ns3:cad>89</ns3:cad>
          </ns3:TrackPointExtension>
        </extensions>
      </trkpt>
      <trkpt lat="31.15797934122383594512939453125" lon="121.19496834464371204376220703125">
        <ele>3.2000000476837158203125</ele>
        <time>2026-03-21T12:25:12.000Z</time>
        <extensions>
          <ns3:TrackPointExtension>
            <ns3:hr>155</ns3:hr>
            <ns3:cad>89</ns3:cad>
          </ns3:TrackPointExtension>
        </extensions>
      </trkpt>
      <trkpt lat="31.1579485796391963958740234375" lon="121.1949721165001392364501953125">
        <ele>3.400000095367431640625</ele>
        <time>2026-03-21T12:25:13.000Z</time>
        <extensions>
          <ns3:TrackPointExtension>
            <ns3:hr>155</ns3:hr>
            <ns3:cad>88</ns3:cad>
          </ns3:TrackPointExtension>
        </extensions>
      </trkpt>
      <trkpt lat="31.15792653523385524749755859375" lon="121.1949804984033107757568359375">
        <ele>3.400000095367431640625</ele>
        <time>2026-03-21T12:25:14.000Z</time>
        <extensions>
          <ns3:TrackPointExtension>
            <ns3:hr>155</ns3:hr>
            <ns3:cad>88</ns3:cad>
          </ns3:TrackPointExtension>
        </extensions>
      </trkpt>
      <trkpt lat="31.1578966118395328521728515625" lon="121.19498334825038909912109375">
        <ele>3.400000095367431640625</ele>
        <time>2026-03-21T12:25:15.000Z</time>
        <extensions>
          <ns3:TrackPointExtension>
            <ns3:hr>156</ns3:hr>
            <ns3:cad>89</ns3:cad>
          </ns3:TrackPointExtension>
        </extensions>
      </trkpt>
      <trkpt lat="31.1578761599957942962646484375" lon="121.19499298743903636932373046875">
        <ele>3.400000095367431640625</ele>
        <time>2026-03-21T12:25:16.000Z</time>
        <extensions>
          <ns3:TrackPointExtension>
            <ns3:hr>156</ns3:hr>
            <ns3:cad>89</ns3:cad>
          </ns3:TrackPointExtension>
        </extensions>
      </trkpt>
      <trkpt lat="31.15784439258277416229248046875" lon="121.194995753467082977294921875">
        <ele>3.400000095367431640625</ele>
        <time>2026-03-21T12:25:17.000Z</time>
        <extensions>
          <ns3:TrackPointExtension>
            <ns3:hr>156</ns3:hr>
            <ns3:cad>89</ns3:cad>
          </ns3:TrackPointExtension>
        </extensions>
      </trkpt>
      <trkpt lat="31.15782259963452816009521484375" lon="121.19500354863703250885009765625">
        <ele>3.400000095367431640625</ele>
        <time>2026-03-21T12:25:18.000Z</time>
        <extensions>
          <ns3:TrackPointExtension>
            <ns3:hr>156</ns3:hr>
            <ns3:cad>89</ns3:cad>
          </ns3:TrackPointExtension>
        </extensions>
      </trkpt>
      <trkpt lat="31.157792173326015472412109375" lon="121.19500690139830112457275390625">
        <ele>3.400000095367431640625</ele>
        <time>2026-03-21T12:25:19.000Z</time>
        <extensions>
          <ns3:TrackPointExtension>
            <ns3:hr>156</ns3:hr>
            <ns3:cad>89</ns3:cad>
          </ns3:TrackPointExtension>
        </extensions>
      </trkpt>
      <trkpt lat="31.1577742360532283782958984375" lon="121.19501419365406036376953125">
        <ele>3.400000095367431640625</ele>
        <time>2026-03-21T12:25:20.000Z</time>
        <extensions>
          <ns3:TrackPointExtension>
            <ns3:hr>157</ns3:hr>
            <ns3:cad>88</ns3:cad>
          </ns3:TrackPointExtension>
        </extensions>
      </trkpt>
      <trkpt lat="31.15774716250598430633544921875" lon="121.19501830078661441802978515625">
        <ele>3.400000095367431640625</ele>
        <time>2026-03-21T12:25:21.000Z</time>
        <extensions>
          <ns3:TrackPointExtension>
            <ns3:hr>156</ns3:hr>
            <ns3:cad>87</ns3:cad>
          </ns3:TrackPointExtension>
        </extensions>
      </trkpt>
      <trkpt lat="31.15772402845323085784912109375" lon="121.195026598870754241943359375">
        <ele>3.400000095367431640625</ele>
        <time>2026-03-21T12:25:22.000Z</time>
        <extensions>
          <ns3:TrackPointExtension>
            <ns3:hr>156</ns3:hr>
            <ns3:cad>88</ns3:cad>
          </ns3:TrackPointExtension>
        </extensions>
      </trkpt>
      <trkpt lat="31.15769804455339908599853515625" lon="121.19503171183168888092041015625">
        <ele>3.400000095367431640625</ele>
        <time>2026-03-21T12:25:23.000Z</time>
        <extensions>
          <ns3:TrackPointExtension>
            <ns3:hr>157</ns3:hr>
            <ns3:cad>88</ns3:cad>
          </ns3:TrackPointExtension>
        </extensions>
      </trkpt>
      <trkpt lat="31.1576760001480579376220703125" lon="121.19503942318260669708251953125">
        <ele>3.400000095367431640625</ele>
        <time>2026-03-21T12:25:24.000Z</time>
        <extensions>
          <ns3:TrackPointExtension>
            <ns3:hr>157</ns3:hr>
            <ns3:cad>89</ns3:cad>
          </ns3:TrackPointExtension>
        </extensions>
      </trkpt>
      <trkpt lat="31.1576478369534015655517578125" lon="121.19504461996257305145263671875">
        <ele>3.599999904632568359375</ele>
        <time>2026-03-21T12:25:25.000Z</time>
        <extensions>
          <ns3:TrackPointExtension>
            <ns3:hr>157</ns3:hr>
            <ns3:cad>89</ns3:cad>
          </ns3:TrackPointExtension>
        </extensions>
      </trkpt>
      <trkpt lat="31.1576247029006481170654296875" lon="121.195055432617664337158203125">
        <ele>3.599999904632568359375</ele>
        <time>2026-03-21T12:25:26.000Z</time>
        <extensions>
          <ns3:TrackPointExtension>
            <ns3:hr>157</ns3:hr>
            <ns3:cad>89</ns3:cad>
          </ns3:TrackPointExtension>
        </extensions>
      </trkpt>
      <trkpt lat="31.1575980484485626220703125" lon="121.1950700171291828155517578125">
        <ele>3.599999904632568359375</ele>
        <time>2026-03-21T12:25:27.000Z</time>
        <extensions>
          <ns3:TrackPointExtension>
            <ns3:hr>157</ns3:hr>
            <ns3:cad>89</ns3:cad>
          </ns3:TrackPointExtension>
        </extensions>
      </trkpt>
      <trkpt lat="31.15757592022418975830078125" lon="121.19508334435522556304931640625">
        <ele>3.400000095367431640625</ele>
        <time>2026-03-21T12:25:28.000Z</time>
        <extensions>
          <ns3:TrackPointExtension>
            <ns3:hr>157</ns3:hr>
            <ns3:cad>89</ns3:cad>
          </ns3:TrackPointExtension>
        </extensions>
      </trkpt>
      <trkpt lat="31.15754918195307254791259765625" lon="121.19509642012417316436767578125">
        <ele>3.400000095367431640625</ele>
        <time>2026-03-21T12:25:29.000Z</time>
        <extensions>
          <ns3:TrackPointExtension>
            <ns3:hr>157</ns3:hr>
            <ns3:cad>88</ns3:cad>
          </ns3:TrackPointExtension>
        </extensions>
      </trkpt>
      <trkpt lat="31.1575241200625896453857421875" lon="121.19510941207408905029296875">
        <ele>3.599999904632568359375</ele>
        <time>2026-03-21T12:25:30.000Z</time>
        <extensions>
          <ns3:TrackPointExtension>
            <ns3:hr>157</ns3:hr>
            <ns3:cad>89</ns3:cad>
          </ns3:TrackPointExtension>
        </extensions>
      </trkpt>
      <trkpt lat="31.1574996449053287506103515625" lon="121.19512056000530719757080078125">
        <ele>3.599999904632568359375</ele>
        <time>2026-03-21T12:25:31.000Z</time>
        <extensions>
          <ns3:TrackPointExtension>
            <ns3:hr>158</ns3:hr>
            <ns3:cad>89</ns3:cad>
          </ns3:TrackPointExtension>
        </extensions>
      </trkpt>
      <trkpt lat="31.157476007938385009765625" lon="121.19512625969946384429931640625">
        <ele>3.599999904632568359375</ele>
        <time>2026-03-21T12:25:32.000Z</time>
        <extensions>
          <ns3:TrackPointExtension>
            <ns3:hr>157</ns3:hr>
            <ns3:cad>89</ns3:cad>
          </ns3:TrackPointExtension>
        </extensions>
      </trkpt>
      <trkpt lat="31.1574520356953144073486328125" lon="121.1951374076306819915771484375">
        <ele>3.599999904632568359375</ele>
        <time>2026-03-21T12:25:33.000Z</time>
        <extensions>
          <ns3:TrackPointExtension>
            <ns3:hr>157</ns3:hr>
            <ns3:cad>89</ns3:cad>
          </ns3:TrackPointExtension>
        </extensions>
      </trkpt>
      <trkpt lat="31.15742932073771953582763671875" lon="121.19514704681932926177978515625">
        <ele>3.599999904632568359375</ele>
        <time>2026-03-21T12:25:34.000Z</time>
        <extensions>
          <ns3:TrackPointExtension>
            <ns3:hr>157</ns3:hr>
            <ns3:cad>89</ns3:cad>
          </ns3:TrackPointExtension>
        </extensions>
      </trkpt>
      <trkpt lat="31.1574034206569194793701171875" lon="121.19516045786440372467041015625">
        <ele>3.599999904632568359375</ele>
        <time>2026-03-21T12:25:35.000Z</time>
        <extensions>
          <ns3:TrackPointExtension>
            <ns3:hr>157</ns3:hr>
            <ns3:cad>89</ns3:cad>
          </ns3:TrackPointExtension>
        </extensions>
      </trkpt>
      <trkpt lat="31.15737550891935825347900390625" lon="121.195169426500797271728515625">
        <ele>3.599999904632568359375</ele>
        <time>2026-03-21T12:25:36.000Z</time>
        <extensions>
          <ns3:TrackPointExtension>
            <ns3:hr>157</ns3:hr>
            <ns3:cad>89</ns3:cad>
          </ns3:TrackPointExtension>
        </extensions>
      </trkpt>
      <trkpt lat="31.15735589526593685150146484375" lon="121.19518308900296688079833984375">
        <ele>3.599999904632568359375</ele>
        <time>2026-03-21T12:25:37.000Z</time>
        <extensions>
          <ns3:TrackPointExtension>
            <ns3:hr>157</ns3:hr>
            <ns3:cad>89</ns3:cad>
          </ns3:TrackPointExtension>
        </extensions>
      </trkpt>
      <trkpt lat="31.15732915699481964111328125" lon="121.1951937340199947357177734375">
        <ele>3.599999904632568359375</ele>
        <time>2026-03-21T12:25:38.000Z</time>
        <extensions>
          <ns3:TrackPointExtension>
            <ns3:hr>157</ns3:hr>
            <ns3:cad>89</ns3:cad>
          </ns3:TrackPointExtension>
        </extensions>
      </trkpt>
      <trkpt lat="31.15730828605592250823974609375" lon="121.19520538486540317535400390625">
        <ele>3.599999904632568359375</ele>
        <time>2026-03-21T12:25:39.000Z</time>
        <extensions>
          <ns3:TrackPointExtension>
            <ns3:hr>158</ns3:hr>
            <ns3:cad>89</ns3:cad>
          </ns3:TrackPointExtension>
        </extensions>
      </trkpt>
      <trkpt lat="31.1572803743183612823486328125" lon="121.19521661661565303802490234375">
        <ele>3.599999904632568359375</ele>
        <time>2026-03-21T12:25:40.000Z</time>
        <extensions>
          <ns3:TrackPointExtension>
            <ns3:hr>157</ns3:hr>
            <ns3:cad>89</ns3:cad>
          </ns3:TrackPointExtension>
        </extensions>
      </trkpt>
      <trkpt lat="31.15726319141685962677001953125" lon="121.1952262558043003082275390625">
        <ele>3.599999904632568359375</ele>
        <time>2026-03-21T12:25:41.000Z</time>
        <extensions>
          <ns3:TrackPointExtension>
            <ns3:hr>157</ns3:hr>
            <ns3:cad>89</ns3:cad>
          </ns3:TrackPointExtension>
        </extensions>
      </trkpt>
      <trkpt lat="31.15723259747028350830078125" lon="121.19524528272449970245361328125">
        <ele>3.7999999523162841796875</ele>
        <time>2026-03-21T12:25:42.000Z</time>
        <extensions>
          <ns3:TrackPointExtension>
            <ns3:hr>157</ns3:hr>
            <ns3:cad>89</ns3:cad>
          </ns3:TrackPointExtension>
        </extensions>
      </trkpt>
      <trkpt lat="31.15721558220684528350830078125" lon="121.1952668242156505584716796875">
        <ele>3.7999999523162841796875</ele>
        <time>2026-03-21T12:25:43.000Z</time>
        <extensions>
          <ns3:TrackPointExtension>
            <ns3:hr>157</ns3:hr>
            <ns3:cad>88</ns3:cad>
          </ns3:TrackPointExtension>
        </extensions>
      </trkpt>
      <trkpt lat="31.15719077177345752716064453125" lon="121.1952839232981204986572265625">
        <ele>3.7999999523162841796875</ele>
        <time>2026-03-21T12:25:44.000Z</time>
        <extensions>
          <ns3:TrackPointExtension>
            <ns3:hr>157</ns3:hr>
            <ns3:cad>88</ns3:cad>
          </ns3:TrackPointExtension>
        </extensions>
      </trkpt>
      <trkpt lat="31.1571707390248775482177734375" lon="121.19530119001865386962890625">
        <ele>3.7999999523162841796875</ele>
        <time>2026-03-21T12:25:45.000Z</time>
        <extensions>
          <ns3:TrackPointExtension>
            <ns3:hr>157</ns3:hr>
            <ns3:cad>88</ns3:cad>
          </ns3:TrackPointExtension>
        </extensions>
      </trkpt>
      <trkpt lat="31.15714517422020435333251953125" lon="121.19531217031180858612060546875">
        <ele>4</ele>
        <time>2026-03-21T12:25:46.000Z</time>
        <extensions>
          <ns3:TrackPointExtension>
            <ns3:hr>157</ns3:hr>
            <ns3:cad>88</ns3:cad>
          </ns3:TrackPointExtension>
        </extensions>
      </trkpt>
      <trkpt lat="31.15712606348097324371337890625" lon="121.19532759301364421844482421875">
        <ele>4</ele>
        <time>2026-03-21T12:25:47.000Z</time>
        <extensions>
          <ns3:TrackPointExtension>
            <ns3:hr>157</ns3:hr>
            <ns3:cad>89</ns3:cad>
          </ns3:TrackPointExtension>
        </extensions>
      </trkpt>
      <trkpt lat="31.157099492847919464111328125" lon="121.19534284807741641998291015625">
        <ele>4</ele>
        <time>2026-03-21T12:25:48.000Z</time>
        <extensions>
          <ns3:TrackPointExtension>
            <ns3:hr>157</ns3:hr>
            <ns3:cad>89</ns3:cad>
          </ns3:TrackPointExtension>
        </extensions>
      </trkpt>
      <trkpt lat="31.15708381868898868560791015625" lon="121.19536246173083782196044921875">
        <ele>4</ele>
        <time>2026-03-21T12:25:49.000Z</time>
        <extensions>
          <ns3:TrackPointExtension>
            <ns3:hr>157</ns3:hr>
            <ns3:cad>89</ns3:cad>
          </ns3:TrackPointExtension>
        </extensions>
      </trkpt>
      <trkpt lat="31.15705615840852260589599609375" lon="121.1953788064420223236083984375">
        <ele>4.19999980926513671875</ele>
        <time>2026-03-21T12:25:50.000Z</time>
        <extensions>
          <ns3:TrackPointExtension>
            <ns3:hr>158</ns3:hr>
            <ns3:cad>90</ns3:cad>
          </ns3:TrackPointExtension>
        </extensions>
      </trkpt>
      <trkpt lat="31.157041825354099273681640625" lon="121.19539431296288967132568359375">
        <ele>4.19999980926513671875</ele>
        <time>2026-03-21T12:25:51.000Z</time>
        <extensions>
          <ns3:TrackPointExtension>
            <ns3:hr>157</ns3:hr>
            <ns3:cad>90</ns3:cad>
          </ns3:TrackPointExtension>
        </extensions>
      </trkpt>
      <trkpt lat="31.15701206959784030914306640625" lon="121.1954104900360107421875">
        <ele>4.19999980926513671875</ele>
        <time>2026-03-21T12:25:52.000Z</time>
        <extensions>
          <ns3:TrackPointExtension>
            <ns3:hr>157</ns3:hr>
            <ns3:cad>90</ns3:cad>
          </ns3:TrackPointExtension>
        </extensions>
      </trkpt>
      <trkpt lat="31.156993210315704345703125" lon="121.1954277567565441131591796875">
        <ele>4.400000095367431640625</ele>
        <time>2026-03-21T12:25:53.000Z</time>
        <extensions>
          <ns3:TrackPointExtension>
            <ns3:hr>158</ns3:hr>
            <ns3:cad>90</ns3:cad>
          </ns3:TrackPointExtension>
        </extensions>
      </trkpt>
      <trkpt lat="31.15696613676846027374267578125" lon="121.19544426910579204559326171875">
        <ele>4.400000095367431640625</ele>
        <time>2026-03-21T12:25:54.000Z</time>
        <extensions>
          <ns3:TrackPointExtension>
            <ns3:hr>157</ns3:hr>
            <ns3:cad>90</ns3:cad>
          </ns3:TrackPointExtension>
        </extensions>
      </trkpt>
      <trkpt lat="31.156947948038578033447265625" lon="121.195465140044689178466796875">
        <ele>4.400000095367431640625</ele>
        <time>2026-03-21T12:25:55.000Z</time>
        <extensions>
          <ns3:TrackPointExtension>
            <ns3:hr>157</ns3:hr>
            <ns3:cad>90</ns3:cad>
          </ns3:TrackPointExtension>
        </extensions>
      </trkpt>
      <trkpt lat="31.15691936574876308441162109375" lon="121.19548416696488857269287109375">
        <ele>4.400000095367431640625</ele>
        <time>2026-03-21T12:25:56.000Z</time>
        <extensions>
          <ns3:TrackPointExtension>
            <ns3:hr>157</ns3:hr>
            <ns3:cad>90</ns3:cad>
          </ns3:TrackPointExtension>
        </extensions>
      </trkpt>
      <trkpt lat="31.15689656697213649749755859375" lon="121.195503361523151397705078125">
        <ele>4.400000095367431640625</ele>
        <time>2026-03-21T12:25:57.000Z</time>
        <extensions>
          <ns3:TrackPointExtension>
            <ns3:hr>157</ns3:hr>
            <ns3:cad>89</ns3:cad>
          </ns3:TrackPointExtension>
        </extensions>
      </trkpt>
      <trkpt lat="31.15686907432973384857177734375" lon="121.195521466434001922607421875">
        <ele>4.19999980926513671875</ele>
        <time>2026-03-21T12:25:58.000Z</time>
        <extensions>
          <ns3:TrackPointExtension>
            <ns3:hr>157</ns3:hr>
            <ns3:cad>89</ns3:cad>
          </ns3:TrackPointExtension>
        </extensions>
      </trkpt>
      <trkpt lat="31.1568445153534412384033203125" lon="121.1955370567739009857177734375">
        <ele>4.19999980926513671875</ele>
        <time>2026-03-21T12:25:59.000Z</time>
        <extensions>
          <ns3:TrackPointExtension>
            <ns3:hr>158</ns3:hr>
            <ns3:cad>88</ns3:cad>
          </ns3:TrackPointExtension>
        </extensions>
      </trkpt>
      <trkpt lat="31.1568186990916728973388671875" lon="121.19555222801864147186279296875">
        <ele>4</ele>
        <time>2026-03-21T12:26:00.000Z</time>
        <extensions>
          <ns3:TrackPointExtension>
            <ns3:hr>157</ns3:hr>
            <ns3:cad>88</ns3:cad>
          </ns3:TrackPointExtension>
        </extensions>
      </trkpt>
      <trkpt lat="31.15679405629634857177734375" lon="121.1955647170543670654296875">
        <ele>4</ele>
        <time>2026-03-21T12:26:01.000Z</time>
        <extensions>
          <ns3:TrackPointExtension>
            <ns3:hr>157</ns3:hr>
            <ns3:cad>89</ns3:cad>
          </ns3:TrackPointExtension>
        </extensions>
      </trkpt>
      <trkpt lat="31.1567714251577854156494140625" lon="121.19557787664234638214111328125">
        <ele>3.7999999523162841796875</ele>
        <time>2026-03-21T12:26:02.000Z</time>
        <extensions>
          <ns3:TrackPointExtension>
            <ns3:hr>157</ns3:hr>
            <ns3:cad>89</ns3:cad>
          </ns3:TrackPointExtension>
        </extensions>
      </trkpt>
      <trkpt lat="31.1567499674856662750244140625" lon="121.1955943889915943145751953125">
        <ele>3.599999904632568359375</ele>
        <time>2026-03-21T12:26:03.000Z</time>
        <extensions>
          <ns3:TrackPointExtension>
            <ns3:hr>158</ns3:hr>
            <ns3:cad>89</ns3:cad>
          </ns3:TrackPointExtension>
        </extensions>
      </trkpt>
      <trkpt lat="31.156726665794849395751953125" lon="121.19560939259827136993408203125">
        <ele>3.599999904632568359375</ele>
        <time>2026-03-21T12:26:04.000Z</time>
        <extensions>
          <ns3:TrackPointExtension>
            <ns3:hr>157</ns3:hr>
            <ns3:cad>89</ns3:cad>
          </ns3:TrackPointExtension>
        </extensions>
      </trkpt>
      <trkpt lat="31.15670621395111083984375" lon="121.19562263600528240203857421875">
        <ele>3.400000095367431640625</ele>
        <time>2026-03-21T12:26:05.000Z</time>
        <extensions>
          <ns3:TrackPointExtension>
            <ns3:hr>157</ns3:hr>
            <ns3:cad>88</ns3:cad>
          </ns3:TrackPointExtension>
        </extensions>
      </trkpt>
      <trkpt lat="31.15668416954576969146728515625" lon="121.1956362985074520111083984375">
        <ele>3.400000095367431640625</ele>
        <time>2026-03-21T12:26:06.000Z</time>
        <extensions>
          <ns3:TrackPointExtension>
            <ns3:hr>158</ns3:hr>
            <ns3:cad>88</ns3:cad>
          </ns3:TrackPointExtension>
        </extensions>
      </trkpt>
      <trkpt lat="31.1566611193120479583740234375" lon="121.1956500448286533355712890625">
        <ele>3.400000095367431640625</ele>
        <time>2026-03-21T12:26:07.000Z</time>
        <extensions>
          <ns3:TrackPointExtension>
            <ns3:hr>157</ns3:hr>
            <ns3:cad>88</ns3:cad>
          </ns3:TrackPointExtension>
        </extensions>
      </trkpt>
      <trkpt lat="31.15664008073508739471435546875" lon="121.19566504843533039093017578125">
        <ele>3.400000095367431640625</ele>
        <time>2026-03-21T12:26:08.000Z</time>
        <extensions>
          <ns3:TrackPointExtension>
            <ns3:hr>157</ns3:hr>
            <ns3:cad>90</ns3:cad>
          </ns3:TrackPointExtension>
        </extensions>
      </trkpt>
      <trkpt lat="31.15661191754043102264404296875" lon="121.1956800520420074462890625">
        <ele>3.400000095367431640625</ele>
        <time>2026-03-21T12:26:09.000Z</time>
        <extensions>
          <ns3:TrackPointExtension>
            <ns3:hr>158</ns3:hr>
            <ns3:cad>90</ns3:cad>
          </ns3:TrackPointExtension>
        </extensions>
      </trkpt>
      <trkpt lat="31.15659280680119991302490234375" lon="121.19569656439125537872314453125">
        <ele>3.400000095367431640625</ele>
        <time>2026-03-21T12:26:10.000Z</time>
        <extensions>
          <ns3:TrackPointExtension>
            <ns3:hr>158</ns3:hr>
            <ns3:cad>89</ns3:cad>
          </ns3:TrackPointExtension>
        </extensions>
      </trkpt>
      <trkpt lat="31.1565648950636386871337890625" lon="121.195713579654693603515625">
        <ele>3.400000095367431640625</ele>
        <time>2026-03-21T12:26:11.000Z</time>
        <extensions>
          <ns3:TrackPointExtension>
            <ns3:hr>158</ns3:hr>
            <ns3:cad>89</ns3:cad>
          </ns3:TrackPointExtension>
        </extensions>
      </trkpt>
      <trkpt lat="31.15654352121055126190185546875" lon="121.19572539813816547393798828125">
        <ele>3.400000095367431640625</ele>
        <time>2026-03-21T12:26:12.000Z</time>
        <extensions>
          <ns3:TrackPointExtension>
            <ns3:hr>158</ns3:hr>
            <ns3:cad>89</ns3:cad>
          </ns3:TrackPointExtension>
        </extensions>
      </trkpt>
      <trkpt lat="31.15651636384427547454833984375" lon="121.19574098847806453704833984375">
        <ele>3.400000095367431640625</ele>
        <time>2026-03-21T12:26:13.000Z</time>
        <extensions>
          <ns3:TrackPointExtension>
            <ns3:hr>157</ns3:hr>
            <ns3:cad>89</ns3:cad>
          </ns3:TrackPointExtension>
        </extensions>
      </trkpt>
      <trkpt lat="31.15649742074310779571533203125" lon="121.1957549862563610076904296875">
        <ele>3.400000095367431640625</ele>
        <time>2026-03-21T12:26:14.000Z</time>
        <extensions>
          <ns3:TrackPointExtension>
            <ns3:hr>158</ns3:hr>
            <ns3:cad>87</ns3:cad>
          </ns3:TrackPointExtension>
        </extensions>
      </trkpt>
      <trkpt lat="31.15647026337683200836181640625" lon="121.19577049277722835540771484375">
        <ele>3.400000095367431640625</ele>
        <time>2026-03-21T12:26:15.000Z</time>
        <extensions>
          <ns3:TrackPointExtension>
            <ns3:hr>158</ns3:hr>
            <ns3:cad>89</ns3:cad>
          </ns3:TrackPointExtension>
        </extensions>
      </trkpt>
      <trkpt lat="31.15645182318985462188720703125" lon="121.195784993469715118408203125">
        <ele>3.400000095367431640625</ele>
        <time>2026-03-21T12:26:16.000Z</time>
        <extensions>
          <ns3:TrackPointExtension>
            <ns3:hr>158</ns3:hr>
            <ns3:cad>89</ns3:cad>
          </ns3:TrackPointExtension>
        </extensions>
      </trkpt>
      <trkpt lat="31.15642148070037364959716796875" lon="121.1957952193915843963623046875">
        <ele>3.2000000476837158203125</ele>
        <time>2026-03-21T12:26:17.000Z</time>
        <extensions>
          <ns3:TrackPointExtension>
            <ns3:hr>158</ns3:hr>
            <ns3:cad>89</ns3:cad>
          </ns3:TrackPointExtension>
        </extensions>
      </trkpt>
      <trkpt lat="31.156402789056301116943359375" lon="121.19581089355051517486572265625">
        <ele>3.2000000476837158203125</ele>
        <time>2026-03-21T12:26:18.000Z</time>
        <extensions>
          <ns3:TrackPointExtension>
            <ns3:hr>158</ns3:hr>
            <ns3:cad>89</ns3:cad>
          </ns3:TrackPointExtension>
        </extensions>
      </trkpt>
      <trkpt lat="31.15637554787099361419677734375" lon="121.19583268649876117706298828125">
        <ele>3.2000000476837158203125</ele>
        <time>2026-03-21T12:26:19.000Z</time>
        <extensions>
          <ns3:TrackPointExtension>
            <ns3:hr>158</ns3:hr>
            <ns3:cad>89</ns3:cad>
          </ns3:TrackPointExtension>
        </extensions>
      </trkpt>
      <trkpt lat="31.15635744296014308929443359375" lon="121.19585028849542140960693359375">
        <ele>3.2000000476837158203125</ele>
        <time>2026-03-21T12:26:20.000Z</time>
        <extensions>
          <ns3:TrackPointExtension>
            <ns3:hr>158</ns3:hr>
            <ns3:cad>89</ns3:cad>
          </ns3:TrackPointExtension>
        </extensions>
      </trkpt>
      <trkpt lat="31.15633028559386730194091796875" lon="121.1958636157214641571044921875">
        <ele>3.2000000476837158203125</ele>
        <time>2026-03-21T12:26:21.000Z</time>
        <extensions>
          <ns3:TrackPointExtension>
            <ns3:hr>158</ns3:hr>
            <ns3:cad>88</ns3:cad>
          </ns3:TrackPointExtension>
        </extensions>
      </trkpt>
      <trkpt lat="31.15630882792174816131591796875" lon="121.1958780325949192047119140625">
        <ele>3</ele>
        <time>2026-03-21T12:26:22.000Z</time>
        <extensions>
          <ns3:TrackPointExtension>
            <ns3:hr>158</ns3:hr>
            <ns3:cad>88</ns3:cad>
          </ns3:TrackPointExtension>
        </extensions>
      </trkpt>
      <trkpt lat="31.1562812514603137969970703125" lon="121.195879876613616943359375">
        <ele>3</ele>
        <time>2026-03-21T12:26:23.000Z</time>
        <extensions>
          <ns3:TrackPointExtension>
            <ns3:hr>158</ns3:hr>
            <ns3:cad>88</ns3:cad>
          </ns3:TrackPointExtension>
        </extensions>
      </trkpt>
      <trkpt lat="31.15626088343560695648193359375" lon="121.19587794877588748931884765625">
        <ele>3</ele>
        <time>2026-03-21T12:26:24.000Z</time>
        <extensions>
          <ns3:TrackPointExtension>
            <ns3:hr>158</ns3:hr>
            <ns3:cad>88</ns3:cad>
          </ns3:TrackPointExtension>
        </extensions>
      </trkpt>
      <trkpt lat="31.156236827373504638671875" lon="121.1958636157214641571044921875">
        <ele>3</ele>
        <time>2026-03-21T12:26:25.000Z</time>
        <extensions>
          <ns3:TrackPointExtension>
            <ns3:hr>158</ns3:hr>
            <ns3:cad>89</ns3:cad>
          </ns3:TrackPointExtension>
        </extensions>
      </trkpt>
      <trkpt lat="31.15622031502425670623779296875" lon="121.19585112668573856353759765625">
        <ele>2.7999999523162841796875</ele>
        <time>2026-03-21T12:26:26.000Z</time>
        <extensions>
          <ns3:TrackPointExtension>
            <ns3:hr>157</ns3:hr>
            <ns3:cad>89</ns3:cad>
          </ns3:TrackPointExtension>
        </extensions>
      </trkpt>
      <trkpt lat="31.15620656870305538177490234375" lon="121.1958267353475093841552734375">
        <ele>2.7999999523162841796875</ele>
        <time>2026-03-21T12:26:27.000Z</time>
        <extensions>
          <ns3:TrackPointExtension>
            <ns3:hr>157</ns3:hr>
            <ns3:cad>89</ns3:cad>
          </ns3:TrackPointExtension>
        </extensions>
      </trkpt>
      <trkpt lat="31.1561974324285984039306640625" lon="121.19579873979091644287109375">
        <ele>2.7999999523162841796875</ele>
        <time>2026-03-21T12:26:28.000Z</time>
        <extensions>
          <ns3:TrackPointExtension>
            <ns3:hr>157</ns3:hr>
            <ns3:cad>89</ns3:cad>
          </ns3:TrackPointExtension>
        </extensions>
      </trkpt>
      <trkpt lat="31.15619014017283916473388671875" lon="121.19576261378824710845947265625">
        <ele>2.7999999523162841796875</ele>
        <time>2026-03-21T12:26:29.000Z</time>
        <extensions>
          <ns3:TrackPointExtension>
            <ns3:hr>158</ns3:hr>
            <ns3:cad>89</ns3:cad>
          </ns3:TrackPointExtension>
        </extensions>
      </trkpt>
      <trkpt lat="31.1561845242977142333984375" lon="121.19573646225035190582275390625">
        <ele>2.7999999523162841796875</ele>
        <time>2026-03-21T12:26:30.000Z</time>
        <extensions>
          <ns3:TrackPointExtension>
            <ns3:hr>157</ns3:hr>
            <ns3:cad>88</ns3:cad>
          </ns3:TrackPointExtension>
        </extensions>
      </trkpt>
      <trkpt lat="31.156176142394542694091796875" lon="121.19570712558925151824951171875">
        <ele>2.7999999523162841796875</ele>
        <time>2026-03-21T12:26:31.000Z</time>
        <extensions>
          <ns3:TrackPointExtension>
            <ns3:hr>157</ns3:hr>
            <ns3:cad>88</ns3:cad>
          </ns3:TrackPointExtension>
        </extensions>
      </trkpt>
      <trkpt lat="31.15616834722459316253662109375" lon="121.19567929767072200775146484375">
        <ele>2.7999999523162841796875</ele>
        <time>2026-03-21T12:26:32.000Z</time>
        <extensions>
          <ns3:TrackPointExtension>
            <ns3:hr>158</ns3:hr>
            <ns3:cad>89</ns3:cad>
          </ns3:TrackPointExtension>
        </extensions>
      </trkpt>
      <trkpt lat="31.15615946240723133087158203125" lon="121.1956517212092876434326171875">
        <ele>2.7999999523162841796875</ele>
        <time>2026-03-21T12:26:33.000Z</time>
        <extensions>
          <ns3:TrackPointExtension>
            <ns3:hr>157</ns3:hr>
            <ns3:cad>90</ns3:cad>
          </ns3:TrackPointExtension>
        </extensions>
      </trkpt>
      <trkpt lat="31.15615644492208957672119140625" lon="121.19562263600528240203857421875">
        <ele>2.7999999523162841796875</ele>
        <time>2026-03-21T12:26:34.000Z</time>
        <extensions>
          <ns3:TrackPointExtension>
            <ns3:hr>157</ns3:hr>
            <ns3:cad>90</ns3:cad>
          </ns3:TrackPointExtension>
        </extensions>
      </trkpt>
      <trkpt lat="31.15615359507501125335693359375" lon="121.195590198040008544921875">
        <ele>2.7999999523162841796875</ele>
        <time>2026-03-21T12:26:35.000Z</time>
        <extensions>
          <ns3:TrackPointExtension>
            <ns3:hr>158</ns3:hr>
            <ns3:cad>90</ns3:cad>
          </ns3:TrackPointExtension>
        </extensions>
      </trkpt>
      <trkpt lat="31.15614890120923519134521484375" lon="121.1955566704273223876953125">
        <ele>2.7999999523162841796875</ele>
        <time>2026-03-21T12:26:36.000Z</time>
        <extensions>
          <ns3:TrackPointExtension>
            <ns3:hr>157</ns3:hr>
            <ns3:cad>89</ns3:cad>
          </ns3:TrackPointExtension>
        </extensions>
      </trkpt>
      <trkpt lat="31.15614001639187335968017578125" lon="121.19552649557590484619140625">
        <ele>2.7999999523162841796875</ele>
        <time>2026-03-21T12:26:37.000Z</time>
        <extensions>
          <ns3:TrackPointExtension>
            <ns3:hr>157</ns3:hr>
            <ns3:cad>89</ns3:cad>
          </ns3:TrackPointExtension>
        </extensions>
      </trkpt>
      <trkpt lat="31.1561320535838603973388671875" lon="121.19549405761063098907470703125">
        <ele>2.7999999523162841796875</ele>
        <time>2026-03-21T12:26:38.000Z</time>
        <extensions>
          <ns3:TrackPointExtension>
            <ns3:hr>157</ns3:hr>
            <ns3:cad>89</ns3:cad>
          </ns3:TrackPointExtension>
        </extensions>
      </trkpt>
      <trkpt lat="31.1561266891658306121826171875" lon="121.1954659782350063323974609375">
        <ele>2.7999999523162841796875</ele>
        <time>2026-03-21T12:26:39.000Z</time>
        <extensions>
          <ns3:TrackPointExtension>
            <ns3:hr>157</ns3:hr>
            <ns3:cad>89</ns3:cad>
          </ns3:TrackPointExtension>
        </extensions>
      </trkpt>
      <trkpt lat="31.15612559951841831207275390625" lon="121.19543437846004962921142578125">
        <ele>2.7999999523162841796875</ele>
        <time>2026-03-21T12:26:40.000Z</time>
        <extensions>
          <ns3:TrackPointExtension>
            <ns3:hr>156</ns3:hr>
            <ns3:cad>89</ns3:cad>
          </ns3:TrackPointExtension>
        </extensions>
      </trkpt>
      <trkpt lat="31.15611973218619823455810546875" lon="121.1954069696366786956787109375">
        <ele>2.7999999523162841796875</ele>
        <time>2026-03-21T12:26:41.000Z</time>
        <extensions>
          <ns3:TrackPointExtension>
            <ns3:hr>156</ns3:hr>
            <ns3:cad>89</ns3:cad>
          </ns3:TrackPointExtension>
        </extensions>
      </trkpt>
      <trkpt lat="31.15611872635781764984130859375" lon="121.19538056664168834686279296875">
        <ele>3</ele>
        <time>2026-03-21T12:26:42.000Z</time>
        <extensions>
          <ns3:TrackPointExtension>
            <ns3:hr>156</ns3:hr>
            <ns3:cad>89</ns3:cad>
          </ns3:TrackPointExtension>
        </extensions>
      </trkpt>
      <trkpt lat="31.15611503832042217254638671875" lon="121.195349134504795074462890625">
        <ele>3</ele>
        <time>2026-03-21T12:26:43.000Z</time>
        <extensions>
          <ns3:TrackPointExtension>
            <ns3:hr>156</ns3:hr>
            <ns3:cad>89</ns3:cad>
          </ns3:TrackPointExtension>
        </extensions>
      </trkpt>
      <trkpt lat="31.1561099253594875335693359375" lon="121.19532206095755100250244140625">
        <ele>3</ele>
        <time>2026-03-21T12:26:44.000Z</time>
        <extensions>
          <ns3:TrackPointExtension>
            <ns3:hr>156</ns3:hr>
            <ns3:cad>89</ns3:cad>
          </ns3:TrackPointExtension>
        </extensions>
      </trkpt>
      <trkpt lat="31.1561032198369503021240234375" lon="121.19529180228710174560546875">
        <ele>3</ele>
        <time>2026-03-21T12:26:45.000Z</time>
        <extensions>
          <ns3:TrackPointExtension>
            <ns3:hr>156</ns3:hr>
            <ns3:cad>90</ns3:cad>
          </ns3:TrackPointExtension>
        </extensions>
      </trkpt>
      <trkpt lat="31.15609894506633281707763671875" lon="121.19526808150112628936767578125">
        <ele>3.2000000476837158203125</ele>
        <time>2026-03-21T12:26:46.000Z</time>
        <extensions>
          <ns3:TrackPointExtension>
            <ns3:hr>156</ns3:hr>
            <ns3:cad>90</ns3:cad>
          </ns3:TrackPointExtension>
        </extensions>
      </trkpt>
      <trkpt lat="31.15609358064830303192138671875" lon="121.1952396668493747711181640625">
        <ele>3.2000000476837158203125</ele>
        <time>2026-03-21T12:26:47.000Z</time>
        <extensions>
          <ns3:TrackPointExtension>
            <ns3:hr>156</ns3:hr>
            <ns3:cad>90</ns3:cad>
          </ns3:TrackPointExtension>
        </extensions>
      </trkpt>
      <trkpt lat="31.156086623668670654296875" lon="121.195212341845035552978515625">
        <ele>3.2000000476837158203125</ele>
        <time>2026-03-21T12:26:48.000Z</time>
        <extensions>
          <ns3:TrackPointExtension>
            <ns3:hr>156</ns3:hr>
            <ns3:cad>91</ns3:cad>
          </ns3:TrackPointExtension>
        </extensions>
      </trkpt>
      <trkpt lat="31.15608167834579944610595703125" lon="121.19518493302166461944580078125">
        <ele>3.2000000476837158203125</ele>
        <time>2026-03-21T12:26:49.000Z</time>
        <extensions>
          <ns3:TrackPointExtension>
            <ns3:hr>156</ns3:hr>
            <ns3:cad>91</ns3:cad>
          </ns3:TrackPointExtension>
        </extensions>
      </trkpt>
      <trkpt lat="31.15607782267034053802490234375" lon="121.1951558478176593780517578125">
        <ele>3.2000000476837158203125</ele>
        <time>2026-03-21T12:26:50.000Z</time>
        <extensions>
          <ns3:TrackPointExtension>
            <ns3:hr>156</ns3:hr>
            <ns3:cad>91</ns3:cad>
          </ns3:TrackPointExtension>
        </extensions>
      </trkpt>
      <trkpt lat="31.15606994368135929107666015625" lon="121.195123828947544097900390625">
        <ele>3.400000095367431640625</ele>
        <time>2026-03-21T12:26:51.000Z</time>
        <extensions>
          <ns3:TrackPointExtension>
            <ns3:hr>157</ns3:hr>
            <ns3:cad>90</ns3:cad>
          </ns3:TrackPointExtension>
        </extensions>
      </trkpt>
      <trkpt lat="31.156062148511409759521484375" lon="121.195093654096126556396484375">
        <ele>3.2000000476837158203125</ele>
        <time>2026-03-21T12:26:52.000Z</time>
        <extensions>
          <ns3:TrackPointExtension>
            <ns3:hr>156</ns3:hr>
            <ns3:cad>89</ns3:cad>
          </ns3:TrackPointExtension>
        </extensions>
      </trkpt>
      <trkpt lat="31.15605502389371395111083984375" lon="121.19506389833986759185791015625">
        <ele>3.2000000476837158203125</ele>
        <time>2026-03-21T12:26:53.000Z</time>
        <extensions>
          <ns3:TrackPointExtension>
            <ns3:hr>157</ns3:hr>
            <ns3:cad>89</ns3:cad>
          </ns3:TrackPointExtension>
        </extensions>
      </trkpt>
      <trkpt lat="31.15605502389371395111083984375" lon="121.1950284428894519805908203125">
        <ele>3.2000000476837158203125</ele>
        <time>2026-03-21T12:26:54.000Z</time>
        <extensions>
          <ns3:TrackPointExtension>
            <ns3:hr>157</ns3:hr>
            <ns3:cad>89</ns3:cad>
          </ns3:TrackPointExtension>
        </extensions>
      </trkpt>
      <trkpt lat="31.15605510771274566650390625" lon="121.19499818421900272369384765625">
        <ele>3</ele>
        <time>2026-03-21T12:26:55.000Z</time>
        <extensions>
          <ns3:TrackPointExtension>
            <ns3:hr>157</ns3:hr>
            <ns3:cad>90</ns3:cad>
          </ns3:TrackPointExtension>
        </extensions>
      </trkpt>
      <trkpt lat="31.15605778992176055908203125" lon="121.19496666826307773590087890625">
        <ele>3</ele>
        <time>2026-03-21T12:26:56.000Z</time>
        <extensions>
          <ns3:TrackPointExtension>
            <ns3:hr>156</ns3:hr>
            <ns3:cad>89</ns3:cad>
          </ns3:TrackPointExtension>
        </extensions>
      </trkpt>
      <trkpt lat="31.15605686791241168975830078125" lon="121.1949446238577365875244140625">
        <ele>3</ele>
        <time>2026-03-21T12:26:57.000Z</time>
        <extensions>
          <ns3:TrackPointExtension>
            <ns3:hr>156</ns3:hr>
            <ns3:cad>89</ns3:cad>
          </ns3:TrackPointExtension>
        </extensions>
      </trkpt>
      <trkpt lat="31.15605468861758708953857421875" lon="121.19491218589246273040771484375">
        <ele>3</ele>
        <time>2026-03-21T12:26:58.000Z</time>
        <extensions>
          <ns3:TrackPointExtension>
            <ns3:hr>156</ns3:hr>
            <ns3:cad>89</ns3:cad>
          </ns3:TrackPointExtension>
        </extensions>
      </trkpt>
      <trkpt lat="31.1560462228953838348388671875" lon="121.1948923207819461822509765625">
        <ele>3.2000000476837158203125</ele>
        <time>2026-03-21T12:26:59.000Z</time>
        <extensions>
          <ns3:TrackPointExtension>
            <ns3:hr>156</ns3:hr>
            <ns3:cad>87</ns3:cad>
          </ns3:TrackPointExtension>
        </extensions>
      </trkpt>
      <trkpt lat="31.15604178048670291900634765625" lon="121.19486222974956035614013671875">
        <ele>3.2000000476837158203125</ele>
        <time>2026-03-21T12:27:00.000Z</time>
        <extensions>
          <ns3:TrackPointExtension>
            <ns3:hr>156</ns3:hr>
            <ns3:cad>87</ns3:cad>
          </ns3:TrackPointExtension>
        </extensions>
      </trkpt>
      <trkpt lat="31.1560344882309436798095703125" lon="121.19484278373420238494873046875">
        <ele>3.2000000476837158203125</ele>
        <time>2026-03-21T12:27:01.000Z</time>
        <extensions>
          <ns3:TrackPointExtension>
            <ns3:hr>156</ns3:hr>
            <ns3:cad>88</ns3:cad>
          </ns3:TrackPointExtension>
        </extensions>
      </trkpt>
      <trkpt lat="31.15603188984096050262451171875" lon="121.19480841793119907379150390625">
        <ele>3.2000000476837158203125</ele>
        <time>2026-03-21T12:27:02.000Z</time>
        <extensions>
          <ns3:TrackPointExtension>
            <ns3:hr>157</ns3:hr>
            <ns3:cad>88</ns3:cad>
          </ns3:TrackPointExtension>
        </extensions>
      </trkpt>
      <trkpt lat="31.1560220830142498016357421875" lon="121.1947867088019847869873046875">
        <ele>3.2000000476837158203125</ele>
        <time>2026-03-21T12:27:03.000Z</time>
        <extensions>
          <ns3:TrackPointExtension>
            <ns3:hr>156</ns3:hr>
            <ns3:cad>89</ns3:cad>
          </ns3:TrackPointExtension>
        </extensions>
      </trkpt>
      <trkpt lat="31.1560173891484737396240234375" lon="121.19475326500833034515380859375">
        <ele>3.2000000476837158203125</ele>
        <time>2026-03-21T12:27:04.000Z</time>
        <extensions>
          <ns3:TrackPointExtension>
            <ns3:hr>156</ns3:hr>
            <ns3:cad>89</ns3:cad>
          </ns3:TrackPointExtension>
        </extensions>
      </trkpt>
      <trkpt lat="31.15601085126399993896484375" lon="121.19472845457494258880615234375">
        <ele>3.2000000476837158203125</ele>
        <time>2026-03-21T12:27:05.000Z</time>
        <extensions>
          <ns3:TrackPointExtension>
            <ns3:hr>156</ns3:hr>
            <ns3:cad>89</ns3:cad>
          </ns3:TrackPointExtension>
        </extensions>
      </trkpt>
      <trkpt lat="31.1560016311705112457275390625" lon="121.19469341821968555450439453125">
        <ele>3.2000000476837158203125</ele>
        <time>2026-03-21T12:27:06.000Z</time>
        <extensions>
          <ns3:TrackPointExtension>
            <ns3:hr>156</ns3:hr>
            <ns3:cad>88</ns3:cad>
          </ns3:TrackPointExtension>
        </extensions>
      </trkpt>
      <trkpt lat="31.15599836222827434539794921875" lon="121.194665171205997467041015625">
        <ele>3.2000000476837158203125</ele>
        <time>2026-03-21T12:27:07.000Z</time>
        <extensions>
          <ns3:TrackPointExtension>
            <ns3:hr>156</ns3:hr>
            <ns3:cad>87</ns3:cad>
          </ns3:TrackPointExtension>
        </extensions>
      </trkpt>
      <trkpt lat="31.1559909023344516754150390625" lon="121.19463826529681682586669921875">
        <ele>3.2000000476837158203125</ele>
        <time>2026-03-21T12:27:08.000Z</time>
        <extensions>
          <ns3:TrackPointExtension>
            <ns3:hr>156</ns3:hr>
            <ns3:cad>88</ns3:cad>
          </ns3:TrackPointExtension>
        </extensions>
      </trkpt>
      <trkpt lat="31.1559875495731830596923828125" lon="121.19460825808346271514892578125">
        <ele>3.2000000476837158203125</ele>
        <time>2026-03-21T12:27:09.000Z</time>
        <extensions>
          <ns3:TrackPointExtension>
            <ns3:hr>156</ns3:hr>
            <ns3:cad>88</ns3:cad>
          </ns3:TrackPointExtension>
        </extensions>
      </trkpt>
      <trkpt lat="31.1559811793267726898193359375" lon="121.19458294473588466644287109375">
        <ele>3.2000000476837158203125</ele>
        <time>2026-03-21T12:27:10.000Z</time>
        <extensions>
          <ns3:TrackPointExtension>
            <ns3:hr>156</ns3:hr>
            <ns3:cad>88</ns3:cad>
          </ns3:TrackPointExtension>
        </extensions>
      </trkpt>
      <trkpt lat="31.1559764854609966278076171875" lon="121.19455310516059398651123046875">
        <ele>3.2000000476837158203125</ele>
        <time>2026-03-21T12:27:11.000Z</time>
        <extensions>
          <ns3:TrackPointExtension>
            <ns3:hr>156</ns3:hr>
            <ns3:cad>88</ns3:cad>
          </ns3:TrackPointExtension>
        </extensions>
      </trkpt>
      <trkpt lat="31.1559731326997280120849609375" lon="121.19452737271785736083984375">
        <ele>3.2000000476837158203125</ele>
        <time>2026-03-21T12:27:12.000Z</time>
        <extensions>
          <ns3:TrackPointExtension>
            <ns3:hr>155</ns3:hr>
            <ns3:cad>87</ns3:cad>
          </ns3:TrackPointExtension>
        </extensions>
      </trkpt>
      <trkpt lat="31.15596936084330081939697265625" lon="121.19449409656226634979248046875">
        <ele>3.2000000476837158203125</ele>
        <time>2026-03-21T12:27:13.000Z</time>
        <extensions>
          <ns3:TrackPointExtension>
            <ns3:hr>155</ns3:hr>
            <ns3:cad>87</ns3:cad>
          </ns3:TrackPointExtension>
        </extensions>
      </trkpt>
      <trkpt lat="31.15596148185431957244873046875" lon="121.19447163306176662445068359375">
        <ele>3.2000000476837158203125</ele>
        <time>2026-03-21T12:27:14.000Z</time>
        <extensions>
          <ns3:TrackPointExtension>
            <ns3:hr>155</ns3:hr>
            <ns3:cad>87</ns3:cad>
          </ns3:TrackPointExtension>
        </extensions>
      </trkpt>
      <trkpt lat="31.1559573747217655181884765625" lon="121.1944403685629367828369140625">
        <ele>3.2000000476837158203125</ele>
        <time>2026-03-21T12:27:15.000Z</time>
        <extensions>
          <ns3:TrackPointExtension>
            <ns3:hr>155</ns3:hr>
            <ns3:cad>88</ns3:cad>
          </ns3:TrackPointExtension>
        </extensions>
      </trkpt>
      <trkpt lat="31.15594924427568912506103515625" lon="121.19441664777696132659912109375">
        <ele>3.2000000476837158203125</ele>
        <time>2026-03-21T12:27:16.000Z</time>
        <extensions>
          <ns3:TrackPointExtension>
            <ns3:hr>155</ns3:hr>
            <ns3:cad>89</ns3:cad>
          </ns3:TrackPointExtension>
        </extensions>
      </trkpt>
      <trkpt lat="31.15594706498086452484130859375" lon="121.19438932277262210845947265625">
        <ele>3.2000000476837158203125</ele>
        <time>2026-03-21T12:27:17.000Z</time>
        <extensions>
          <ns3:TrackPointExtension>
            <ns3:hr>155</ns3:hr>
            <ns3:cad>89</ns3:cad>
          </ns3:TrackPointExtension>
        </extensions>
      </trkpt>
      <trkpt lat="31.155938096344470977783203125" lon="121.194364763796329498291015625">
        <ele>3.2000000476837158203125</ele>
        <time>2026-03-21T12:27:18.000Z</time>
        <extensions>
          <ns3:TrackPointExtension>
            <ns3:hr>154</ns3:hr>
            <ns3:cad>89</ns3:cad>
          </ns3:TrackPointExtension>
        </extensions>
      </trkpt>
      <trkpt lat="31.1559322290122509002685546875" lon="121.19433199055492877960205078125">
        <ele>3.2000000476837158203125</ele>
        <time>2026-03-21T12:27:19.000Z</time>
        <extensions>
          <ns3:TrackPointExtension>
            <ns3:hr>154</ns3:hr>
            <ns3:cad>89</ns3:cad>
          </ns3:TrackPointExtension>
        </extensions>
      </trkpt>
      <trkpt lat="31.15592711605131626129150390625" lon="121.19430801831185817718505859375">
        <ele>3.2000000476837158203125</ele>
        <time>2026-03-21T12:27:20.000Z</time>
        <extensions>
          <ns3:TrackPointExtension>
            <ns3:hr>154</ns3:hr>
            <ns3:cad>89</ns3:cad>
          </ns3:TrackPointExtension>
        </extensions>
      </trkpt>
      <trkpt lat="31.15592770278453826904296875" lon="121.19427382014691829681396484375">
        <ele>3.2000000476837158203125</ele>
        <time>2026-03-21T12:27:21.000Z</time>
        <extensions>
          <ns3:TrackPointExtension>
            <ns3:hr>155</ns3:hr>
            <ns3:cad>88</ns3:cad>
          </ns3:TrackPointExtension>
        </extensions>
      </trkpt>
      <trkpt lat="31.15592460148036479949951171875" lon="121.19424766860902309417724609375">
        <ele>3.2000000476837158203125</ele>
        <time>2026-03-21T12:27:22.000Z</time>
        <extensions>
          <ns3:TrackPointExtension>
            <ns3:hr>154</ns3:hr>
            <ns3:cad>88</ns3:cad>
          </ns3:TrackPointExtension>
        </extensions>
      </trkpt>
      <trkpt lat="31.1559161357581615447998046875" lon="121.1942184157669544219970703125">
        <ele>3.2000000476837158203125</ele>
        <time>2026-03-21T12:27:23.000Z</time>
        <extensions>
          <ns3:TrackPointExtension>
            <ns3:hr>154</ns3:hr>
            <ns3:cad>88</ns3:cad>
          </ns3:TrackPointExtension>
        </extensions>
      </trkpt>
      <trkpt lat="31.15590532310307025909423828125" lon="121.1941922642290592193603515625">
        <ele>3.2000000476837158203125</ele>
        <time>2026-03-21T12:27:24.000Z</time>
        <extensions>
          <ns3:TrackPointExtension>
            <ns3:hr>154</ns3:hr>
            <ns3:cad>88</ns3:cad>
          </ns3:TrackPointExtension>
        </extensions>
      </trkpt>
      <trkpt lat="31.15589149296283721923828125" lon="121.19416099973022937774658203125">
        <ele>3.2000000476837158203125</ele>
        <time>2026-03-21T12:27:25.000Z</time>
        <extensions>
          <ns3:TrackPointExtension>
            <ns3:hr>155</ns3:hr>
            <ns3:cad>89</ns3:cad>
          </ns3:TrackPointExtension>
        </extensions>
      </trkpt>
      <trkpt lat="31.1558846198022365570068359375" lon="121.1941356025636196136474609375">
        <ele>3.2000000476837158203125</ele>
        <time>2026-03-21T12:27:26.000Z</time>
        <extensions>
          <ns3:TrackPointExtension>
            <ns3:hr>154</ns3:hr>
            <ns3:cad>89</ns3:cad>
          </ns3:TrackPointExtension>
        </extensions>
      </trkpt>
      <trkpt lat="31.15588009357452392578125" lon="121.19409830309450626373291015625">
        <ele>3.400000095367431640625</ele>
        <time>2026-03-21T12:27:27.000Z</time>
        <extensions>
          <ns3:TrackPointExtension>
            <ns3:hr>154</ns3:hr>
            <ns3:cad>89</ns3:cad>
          </ns3:TrackPointExtension>
        </extensions>
      </trkpt>
      <trkpt lat="31.15587447769939899444580078125" lon="121.19407215155661106109619140625">
        <ele>3.2000000476837158203125</ele>
        <time>2026-03-21T12:27:28.000Z</time>
        <extensions>
          <ns3:TrackPointExtension>
            <ns3:hr>154</ns3:hr>
            <ns3:cad>89</ns3:cad>
          </ns3:TrackPointExtension>
        </extensions>
      </trkpt>
      <trkpt lat="31.15586827509105205535888671875" lon="121.19403661228716373443603515625">
        <ele>3.2000000476837158203125</ele>
        <time>2026-03-21T12:27:29.000Z</time>
        <extensions>
          <ns3:TrackPointExtension>
            <ns3:hr>155</ns3:hr>
            <ns3:cad>89</ns3:cad>
          </ns3:TrackPointExtension>
        </extensions>
      </trkpt>
      <trkpt lat="31.15586198866367340087890625" lon="121.194010712206363677978515625">
        <ele>3.400000095367431640625</ele>
        <time>2026-03-21T12:27:30.000Z</time>
        <extensions>
          <ns3:TrackPointExtension>
            <ns3:hr>154</ns3:hr>
            <ns3:cad>90</ns3:cad>
          </ns3:TrackPointExtension>
        </extensions>
      </trkpt>
      <trkpt lat="31.15586006082594394683837890625" lon="121.19397819042205810546875">
        <ele>3.400000095367431640625</ele>
        <time>2026-03-21T12:27:31.000Z</time>
        <extensions>
          <ns3:TrackPointExtension>
            <ns3:hr>154</ns3:hr>
            <ns3:cad>90</ns3:cad>
          </ns3:TrackPointExtension>
        </extensions>
      </trkpt>
      <trkpt lat="31.15585352294147014617919921875" lon="121.19395069777965545654296875">
        <ele>3.2000000476837158203125</ele>
        <time>2026-03-21T12:27:32.000Z</time>
        <extensions>
          <ns3:TrackPointExtension>
            <ns3:hr>155</ns3:hr>
            <ns3:cad>90</ns3:cad>
          </ns3:TrackPointExtension>
        </extensions>
      </trkpt>
      <trkpt lat="31.1558519303798675537109375" lon="121.19391918182373046875">
        <ele>3.400000095367431640625</ele>
        <time>2026-03-21T12:27:33.000Z</time>
        <extensions>
          <ns3:TrackPointExtension>
            <ns3:hr>154</ns3:hr>
            <ns3:cad>90</ns3:cad>
          </ns3:TrackPointExtension>
        </extensions>
      </trkpt>
      <trkpt lat="31.15584681741893291473388671875" lon="121.193890683352947235107421875">
        <ele>3.400000095367431640625</ele>
        <time>2026-03-21T12:27:34.000Z</time>
        <extensions>
          <ns3:TrackPointExtension>
            <ns3:hr>154</ns3:hr>
            <ns3:cad>90</ns3:cad>
          </ns3:TrackPointExtension>
        </extensions>
      </trkpt>
      <trkpt lat="31.1558353342115879058837890625" lon="121.19386360980570316314697265625">
        <ele>3.400000095367431640625</ele>
        <time>2026-03-21T12:27:35.000Z</time>
        <extensions>
          <ns3:TrackPointExtension>
            <ns3:hr>154</ns3:hr>
            <ns3:cad>90</ns3:cad>
          </ns3:TrackPointExtension>
        </extensions>
      </trkpt>
      <trkpt lat="31.15583156235516071319580078125" lon="121.193834356963634490966796875">
        <ele>3.400000095367431640625</ele>
        <time>2026-03-21T12:27:36.000Z</time>
        <extensions>
          <ns3:TrackPointExtension>
            <ns3:hr>154</ns3:hr>
            <ns3:cad>89</ns3:cad>
          </ns3:TrackPointExtension>
        </extensions>
      </trkpt>
      <trkpt lat="31.15582418628036975860595703125" lon="121.19380610994994640350341796875">
        <ele>3.400000095367431640625</ele>
        <time>2026-03-21T12:27:37.000Z</time>
        <extensions>
          <ns3:TrackPointExtension>
            <ns3:hr>154</ns3:hr>
            <ns3:cad>87</ns3:cad>
          </ns3:TrackPointExtension>
        </extensions>
      </trkpt>
      <trkpt lat="31.15581982769072055816650390625" lon="121.19377593509852886199951171875">
        <ele>3.400000095367431640625</ele>
        <time>2026-03-21T12:27:38.000Z</time>
        <extensions>
          <ns3:TrackPointExtension>
            <ns3:hr>154</ns3:hr>
            <ns3:cad>88</ns3:cad>
          </ns3:TrackPointExtension>
        </extensions>
      </trkpt>
      <trkpt lat="31.15581479854881763458251953125" lon="121.19374542497098445892333984375">
        <ele>3.400000095367431640625</ele>
        <time>2026-03-21T12:27:39.000Z</time>
        <extensions>
          <ns3:TrackPointExtension>
            <ns3:hr>154</ns3:hr>
            <ns3:cad>89</ns3:cad>
          </ns3:TrackPointExtension>
        </extensions>
      </trkpt>
      <trkpt lat="31.15581563673913478851318359375" lon="121.193714328110218048095703125">
        <ele>3.400000095367431640625</ele>
        <time>2026-03-21T12:27:40.000Z</time>
        <extensions>
          <ns3:TrackPointExtension>
            <ns3:hr>154</ns3:hr>
            <ns3:cad>89</ns3:cad>
          </ns3:TrackPointExtension>
        </extensions>
      </trkpt>
      <trkpt lat="31.155812703073024749755859375" lon="121.1936843208968639373779296875">
        <ele>3.400000095367431640625</ele>
        <time>2026-03-21T12:27:41.000Z</time>
        <extensions>
          <ns3:TrackPointExtension>
            <ns3:hr>154</ns3:hr>
            <ns3:cad>89</ns3:cad>
          </ns3:TrackPointExtension>
        </extensions>
      </trkpt>
      <trkpt lat="31.15581781603395938873291015625" lon="121.193653643131256103515625">
        <ele>3.400000095367431640625</ele>
        <time>2026-03-21T12:27:42.000Z</time>
        <extensions>
          <ns3:TrackPointExtension>
            <ns3:hr>153</ns3:hr>
            <ns3:cad>89</ns3:cad>
          </ns3:TrackPointExtension>
        </extensions>
      </trkpt>
      <trkpt lat="31.1558242700994014739990234375" lon="121.19362749159336090087890625">
        <ele>3.400000095367431640625</ele>
        <time>2026-03-21T12:27:43.000Z</time>
        <extensions>
          <ns3:TrackPointExtension>
            <ns3:hr>153</ns3:hr>
            <ns3:cad>89</ns3:cad>
          </ns3:TrackPointExtension>
        </extensions>
      </trkpt>
      <trkpt lat="31.15584497340023517608642578125" lon="121.19360737502574920654296875">
        <ele>3.400000095367431640625</ele>
        <time>2026-03-21T12:27:44.000Z</time>
        <extensions>
          <ns3:TrackPointExtension>
            <ns3:hr>153</ns3:hr>
            <ns3:cad>89</ns3:cad>
          </ns3:TrackPointExtension>
        </extensions>
      </trkpt>
      <trkpt lat="31.155860312283039093017578125" lon="121.1935894377529621124267578125">
        <ele>3.400000095367431640625</ele>
        <time>2026-03-21T12:27:45.000Z</time>
        <extensions>
          <ns3:TrackPointExtension>
            <ns3:hr>153</ns3:hr>
            <ns3:cad>89</ns3:cad>
          </ns3:TrackPointExtension>
        </extensions>
      </trkpt>
      <trkpt lat="31.15588688291609287261962890625" lon="121.19358030147850513458251953125">
        <ele>3.599999904632568359375</ele>
        <time>2026-03-21T12:27:46.000Z</time>
        <extensions>
          <ns3:TrackPointExtension>
            <ns3:hr>153</ns3:hr>
            <ns3:cad>89</ns3:cad>
          </ns3:TrackPointExtension>
        </extensions>
      </trkpt>
      <trkpt lat="31.155903898179531097412109375" lon="121.19356705807149410247802734375">
        <ele>3.599999904632568359375</ele>
        <time>2026-03-21T12:27:47.000Z</time>
        <extensions>
          <ns3:TrackPointExtension>
            <ns3:hr>153</ns3:hr>
            <ns3:cad>89</ns3:cad>
          </ns3:TrackPointExtension>
        </extensions>
      </trkpt>
      <trkpt lat="31.15593147464096546173095703125" lon="121.19355699978768825531005859375">
        <ele>3.599999904632568359375</ele>
        <time>2026-03-21T12:27:48.000Z</time>
        <extensions>
          <ns3:TrackPointExtension>
            <ns3:hr>153</ns3:hr>
            <ns3:cad>90</ns3:cad>
          </ns3:TrackPointExtension>
        </extensions>
      </trkpt>
      <trkpt lat="31.155954860150814056396484375" lon="121.19354358874261379241943359375">
        <ele>3.599999904632568359375</ele>
        <time>2026-03-21T12:27:49.000Z</time>
        <extensions>
          <ns3:TrackPointExtension>
            <ns3:hr>153</ns3:hr>
            <ns3:cad>90</ns3:cad>
          </ns3:TrackPointExtension>
        </extensions>
      </trkpt>
      <trkpt lat="31.15598268806934356689453125" lon="121.193532608449459075927734375">
        <ele>3.599999904632568359375</ele>
        <time>2026-03-21T12:27:50.000Z</time>
        <extensions>
          <ns3:TrackPointExtension>
            <ns3:hr>153</ns3:hr>
            <ns3:cad>90</ns3:cad>
          </ns3:TrackPointExtension>
        </extensions>
      </trkpt>
      <trkpt lat="31.15600439719855785369873046875" lon="121.193517856299877166748046875">
        <ele>3.599999904632568359375</ele>
        <time>2026-03-21T12:27:51.000Z</time>
        <extensions>
          <ns3:TrackPointExtension>
            <ns3:hr>154</ns3:hr>
            <ns3:cad>89</ns3:cad>
          </ns3:TrackPointExtension>
        </extensions>
      </trkpt>
      <trkpt lat="31.1560261063277721405029296875" lon="121.19350545108318328857421875">
        <ele>3.7999999523162841796875</ele>
        <time>2026-03-21T12:27:52.000Z</time>
        <extensions>
          <ns3:TrackPointExtension>
            <ns3:hr>153</ns3:hr>
            <ns3:cad>88</ns3:cad>
          </ns3:TrackPointExtension>
        </extensions>
      </trkpt>
      <trkpt lat="31.15604731254279613494873046875" lon="121.1934932135045528411865234375">
        <ele>3.7999999523162841796875</ele>
        <time>2026-03-21T12:27:53.000Z</time>
        <extensions>
          <ns3:TrackPointExtension>
            <ns3:hr>153</ns3:hr>
            <ns3:cad>88</ns3:cad>
          </ns3:TrackPointExtension>
        </extensions>
      </trkpt>
      <trkpt lat="31.15607195533812046051025390625" lon="121.19348340667784214019775390625">
        <ele>3.7999999523162841796875</ele>
        <time>2026-03-21T12:27:54.000Z</time>
        <extensions>
          <ns3:TrackPointExtension>
            <ns3:hr>154</ns3:hr>
            <ns3:cad>89</ns3:cad>
          </ns3:TrackPointExtension>
        </extensions>
      </trkpt>
      <trkpt lat="31.15609399974346160888671875" lon="121.19347334839403629302978515625">
        <ele>3.7999999523162841796875</ele>
        <time>2026-03-21T12:27:55.000Z</time>
        <extensions>
          <ns3:TrackPointExtension>
            <ns3:hr>154</ns3:hr>
            <ns3:cad>89</ns3:cad>
          </ns3:TrackPointExtension>
        </extensions>
      </trkpt>
      <trkpt lat="31.15612057037651538848876953125" lon="121.1934610269963741302490234375">
        <ele>3.7999999523162841796875</ele>
        <time>2026-03-21T12:27:56.000Z</time>
        <extensions>
          <ns3:TrackPointExtension>
            <ns3:hr>154</ns3:hr>
            <ns3:cad>89</ns3:cad>
          </ns3:TrackPointExtension>
        </extensions>
      </trkpt>
      <trkpt lat="31.15614353679120540618896484375" lon="121.193449459969997406005859375">
        <ele>4</ele>
        <time>2026-03-21T12:27:57.000Z</time>
        <extensions>
          <ns3:TrackPointExtension>
            <ns3:hr>154</ns3:hr>
            <ns3:cad>89</ns3:cad>
          </ns3:TrackPointExtension>
        </extensions>
      </trkpt>
      <trkpt lat="31.15616734139621257781982421875" lon="121.19343965314328670501708984375">
        <ele>4</ele>
        <time>2026-03-21T12:27:58.000Z</time>
        <extensions>
          <ns3:TrackPointExtension>
            <ns3:hr>154</ns3:hr>
            <ns3:cad>89</ns3:cad>
          </ns3:TrackPointExtension>
        </extensions>
      </trkpt>
      <trkpt lat="31.1561898887157440185546875" lon="121.19342993013560771942138671875">
        <ele>4</ele>
        <time>2026-03-21T12:27:59.000Z</time>
        <extensions>
          <ns3:TrackPointExtension>
            <ns3:hr>154</ns3:hr>
            <ns3:cad>88</ns3:cad>
          </ns3:TrackPointExtension>
        </extensions>
      </trkpt>
      <trkpt lat="31.1562131904065608978271484375" lon="121.19341693818569183349609375">
        <ele>4.19999980926513671875</ele>
        <time>2026-03-21T12:28:00.000Z</time>
        <extensions>
          <ns3:TrackPointExtension>
            <ns3:hr>154</ns3:hr>
            <ns3:cad>88</ns3:cad>
          </ns3:TrackPointExtension>
        </extensions>
      </trkpt>
      <trkpt lat="31.15623347461223602294921875" lon="121.19341216050088405609130859375">
        <ele>4.19999980926513671875</ele>
        <time>2026-03-21T12:28:01.000Z</time>
        <extensions>
          <ns3:TrackPointExtension>
            <ns3:hr>154</ns3:hr>
            <ns3:cad>89</ns3:cad>
          </ns3:TrackPointExtension>
        </extensions>
      </trkpt>
      <trkpt lat="31.15625417791306972503662109375" lon="121.19340126402676105499267578125">
        <ele>4.400000095367431640625</ele>
        <time>2026-03-21T12:28:02.000Z</time>
        <extensions>
          <ns3:TrackPointExtension>
            <ns3:hr>155</ns3:hr>
            <ns3:cad>89</ns3:cad>
          </ns3:TrackPointExtension>
        </extensions>
      </trkpt>
      <trkpt lat="31.15627630613744258880615234375" lon="121.19339053519070148468017578125">
        <ele>4.400000095367431640625</ele>
        <time>2026-03-21T12:28:03.000Z</time>
        <extensions>
          <ns3:TrackPointExtension>
            <ns3:hr>154</ns3:hr>
            <ns3:cad>89</ns3:cad>
          </ns3:TrackPointExtension>
        </extensions>
      </trkpt>
      <trkpt lat="31.15629306994378566741943359375" lon="121.193379051983356475830078125">
        <ele>4.400000095367431640625</ele>
        <time>2026-03-21T12:28:04.000Z</time>
        <extensions>
          <ns3:TrackPointExtension>
            <ns3:hr>154</ns3:hr>
            <ns3:cad>89</ns3:cad>
          </ns3:TrackPointExtension>
        </extensions>
      </trkpt>
      <trkpt lat="31.15631368942558765411376953125" lon="121.1933733522891998291015625">
        <ele>4.599999904632568359375</ele>
        <time>2026-03-21T12:28:05.000Z</time>
        <extensions>
          <ns3:TrackPointExtension>
            <ns3:hr>155</ns3:hr>
            <ns3:cad>89</ns3:cad>
          </ns3:TrackPointExtension>
        </extensions>
      </trkpt>
      <trkpt lat="31.1563342250883579254150390625" lon="121.19336237199604511260986328125">
        <ele>4.599999904632568359375</ele>
        <time>2026-03-21T12:28:06.000Z</time>
        <extensions>
          <ns3:TrackPointExtension>
            <ns3:hr>154</ns3:hr>
            <ns3:cad>88</ns3:cad>
          </ns3:TrackPointExtension>
        </extensions>
      </trkpt>
      <trkpt lat="31.15635492838919162750244140625" lon="121.19334979914128780364990234375">
        <ele>4.80000019073486328125</ele>
        <time>2026-03-21T12:28:07.000Z</time>
        <extensions>
          <ns3:TrackPointExtension>
            <ns3:hr>154</ns3:hr>
            <ns3:cad>87</ns3:cad>
          </ns3:TrackPointExtension>
        </extensions>
      </trkpt>
      <trkpt lat="31.15637487731873989105224609375" lon="121.19334342889487743377685546875">
        <ele>4.80000019073486328125</ele>
        <time>2026-03-21T12:28:08.000Z</time>
        <extensions>
          <ns3:TrackPointExtension>
            <ns3:hr>155</ns3:hr>
            <ns3:cad>87</ns3:cad>
          </ns3:TrackPointExtension>
        </extensions>
      </trkpt>
      <trkpt lat="31.15639717318117618560791015625" lon="121.1933331191539764404296875">
        <ele>5</ele>
        <time>2026-03-21T12:28:09.000Z</time>
        <extensions>
          <ns3:TrackPointExtension>
            <ns3:hr>155</ns3:hr>
            <ns3:cad>88</ns3:cad>
          </ns3:TrackPointExtension>
        </extensions>
      </trkpt>
      <trkpt lat="31.1564210616052150726318359375" lon="121.19332037866115570068359375">
        <ele>5</ele>
        <time>2026-03-21T12:28:10.000Z</time>
        <extensions>
          <ns3:TrackPointExtension>
            <ns3:hr>155</ns3:hr>
            <ns3:cad>89</ns3:cad>
          </ns3:TrackPointExtension>
        </extensions>
      </trkpt>
      <trkpt lat="31.15644997917115688323974609375" lon="121.19330830872058868408203125">
        <ele>5</ele>
        <time>2026-03-21T12:28:11.000Z</time>
        <extensions>
          <ns3:TrackPointExtension>
            <ns3:hr>154</ns3:hr>
            <ns3:cad>89</ns3:cad>
          </ns3:TrackPointExtension>
        </extensions>
      </trkpt>
      <trkpt lat="31.15647110156714916229248046875" lon="121.193294562399387359619140625">
        <ele>5</ele>
        <time>2026-03-21T12:28:12.000Z</time>
        <extensions>
          <ns3:TrackPointExtension>
            <ns3:hr>155</ns3:hr>
            <ns3:cad>89</ns3:cad>
          </ns3:TrackPointExtension>
        </extensions>
      </trkpt>
      <trkpt lat="31.1565021984279155731201171875" lon="121.1932873539626598358154296875">
        <ele>5.19999980926513671875</ele>
        <time>2026-03-21T12:28:13.000Z</time>
        <extensions>
          <ns3:TrackPointExtension>
            <ns3:hr>155</ns3:hr>
            <ns3:cad>89</ns3:cad>
          </ns3:TrackPointExtension>
        </extensions>
      </trkpt>
      <trkpt lat="31.1565239913761615753173828125" lon="121.19327737949788570404052734375">
        <ele>5.19999980926513671875</ele>
        <time>2026-03-21T12:28:14.000Z</time>
        <extensions>
          <ns3:TrackPointExtension>
            <ns3:hr>154</ns3:hr>
            <ns3:cad>88</ns3:cad>
          </ns3:TrackPointExtension>
        </extensions>
      </trkpt>
      <trkpt lat="31.15655575878918170928955078125" lon="121.19327067397534847259521484375">
        <ele>5.19999980926513671875</ele>
        <time>2026-03-21T12:28:15.000Z</time>
        <extensions>
          <ns3:TrackPointExtension>
            <ns3:hr>155</ns3:hr>
            <ns3:cad>88</ns3:cad>
          </ns3:TrackPointExtension>
        </extensions>
      </trkpt>
      <trkpt lat="31.156579814851284027099609375" lon="121.19326028041541576385498046875">
        <ele>5.19999980926513671875</ele>
        <time>2026-03-21T12:28:16.000Z</time>
        <extensions>
          <ns3:TrackPointExtension>
            <ns3:hr>154</ns3:hr>
            <ns3:cad>88</ns3:cad>
          </ns3:TrackPointExtension>
        </extensions>
      </trkpt>
      <trkpt lat="31.15661300718784332275390625" lon="121.19325072504580020904541015625">
        <ele>5.19999980926513671875</ele>
        <time>2026-03-21T12:28:17.000Z</time>
        <extensions>
          <ns3:TrackPointExtension>
            <ns3:hr>154</ns3:hr>
            <ns3:cad>89</ns3:cad>
          </ns3:TrackPointExtension>
        </extensions>
      </trkpt>
      <trkpt lat="31.15663605742156505584716796875" lon="121.19324150495231151580810546875">
        <ele>5</ele>
        <time>2026-03-21T12:28:18.000Z</time>
        <extensions>
          <ns3:TrackPointExtension>
            <ns3:hr>154</ns3:hr>
            <ns3:cad>89</ns3:cad>
          </ns3:TrackPointExtension>
        </extensions>
      </trkpt>
      <trkpt lat="31.156664974987506866455078125" lon="121.1932310275733470916748046875">
        <ele>5</ele>
        <time>2026-03-21T12:28:19.000Z</time>
        <extensions>
          <ns3:TrackPointExtension>
            <ns3:hr>154</ns3:hr>
            <ns3:cad>89</ns3:cad>
          </ns3:TrackPointExtension>
        </extensions>
      </trkpt>
      <trkpt lat="31.1566849239170551300048828125" lon="121.19321669451892375946044921875">
        <ele>5</ele>
        <time>2026-03-21T12:28:20.000Z</time>
        <extensions>
          <ns3:TrackPointExtension>
            <ns3:hr>154</ns3:hr>
            <ns3:cad>89</ns3:cad>
          </ns3:TrackPointExtension>
        </extensions>
      </trkpt>
      <trkpt lat="31.15671166218817234039306640625" lon="121.1932021938264369964599609375">
        <ele>5</ele>
        <time>2026-03-21T12:28:21.000Z</time>
        <extensions>
          <ns3:TrackPointExtension>
            <ns3:hr>154</ns3:hr>
            <ns3:cad>89</ns3:cad>
          </ns3:TrackPointExtension>
        </extensions>
      </trkpt>
      <trkpt lat="31.1567325331270694732666015625" lon="121.1931948177516460418701171875">
        <ele>5</ele>
        <time>2026-03-21T12:28:22.000Z</time>
        <extensions>
          <ns3:TrackPointExtension>
            <ns3:hr>154</ns3:hr>
            <ns3:cad>88</ns3:cad>
          </ns3:TrackPointExtension>
        </extensions>
      </trkpt>
      <trkpt lat="31.156762205064296722412109375" lon="121.1931884475052356719970703125">
        <ele>4.80000019073486328125</ele>
        <time>2026-03-21T12:28:23.000Z</time>
        <extensions>
          <ns3:TrackPointExtension>
            <ns3:hr>154</ns3:hr>
            <ns3:cad>89</ns3:cad>
          </ns3:TrackPointExtension>
        </extensions>
      </trkpt>
      <trkpt lat="31.1567828245460987091064453125" lon="121.19317880831658840179443359375">
        <ele>4.80000019073486328125</ele>
        <time>2026-03-21T12:28:24.000Z</time>
        <extensions>
          <ns3:TrackPointExtension>
            <ns3:hr>155</ns3:hr>
            <ns3:cad>89</ns3:cad>
          </ns3:TrackPointExtension>
        </extensions>
      </trkpt>
      <trkpt lat="31.15680755116045475006103515625" lon="121.1931730248034000396728515625">
        <ele>4.599999904632568359375</ele>
        <time>2026-03-21T12:28:25.000Z</time>
        <extensions>
          <ns3:TrackPointExtension>
            <ns3:hr>154</ns3:hr>
            <ns3:cad>89</ns3:cad>
          </ns3:TrackPointExtension>
        </extensions>
      </trkpt>
      <trkpt lat="31.1568284220993518829345703125" lon="121.19316774420440196990966796875">
        <ele>4.599999904632568359375</ele>
        <time>2026-03-21T12:28:26.000Z</time>
        <extensions>
          <ns3:TrackPointExtension>
            <ns3:hr>154</ns3:hr>
            <ns3:cad>89</ns3:cad>
          </ns3:TrackPointExtension>
        </extensions>
      </trkpt>
      <trkpt lat="31.156853735446929931640625" lon="121.193158440291881561279296875">
        <ele>4.400000095367431640625</ele>
        <time>2026-03-21T12:28:27.000Z</time>
        <extensions>
          <ns3:TrackPointExtension>
            <ns3:hr>155</ns3:hr>
            <ns3:cad>89</ns3:cad>
          </ns3:TrackPointExtension>
        </extensions>
      </trkpt>
      <trkpt lat="31.1568793840706348419189453125" lon="121.1931505613029003143310546875">
        <ele>4.400000095367431640625</ele>
        <time>2026-03-21T12:28:28.000Z</time>
        <extensions>
          <ns3:TrackPointExtension>
            <ns3:hr>154</ns3:hr>
            <ns3:cad>89</ns3:cad>
          </ns3:TrackPointExtension>
        </extensions>
      </trkpt>
      <trkpt lat="31.156904362142086029052734375" lon="121.19313606061041355133056640625">
        <ele>4.400000095367431640625</ele>
        <time>2026-03-21T12:28:29.000Z</time>
        <extensions>
          <ns3:TrackPointExtension>
            <ns3:hr>154</ns3:hr>
            <ns3:cad>89</ns3:cad>
          </ns3:TrackPointExtension>
        </extensions>
      </trkpt>
      <trkpt lat="31.15692825056612491607666015625" lon="121.19312399066984653472900390625">
        <ele>4.400000095367431640625</ele>
        <time>2026-03-21T12:28:30.000Z</time>
        <extensions>
          <ns3:TrackPointExtension>
            <ns3:hr>155</ns3:hr>
            <ns3:cad>88</ns3:cad>
          </ns3:TrackPointExtension>
        </extensions>
      </trkpt>
      <trkpt lat="31.15694903768599033355712890625" lon="121.1931133456528186798095703125">
        <ele>4.19999980926513671875</ele>
        <time>2026-03-21T12:28:31.000Z</time>
        <extensions>
          <ns3:TrackPointExtension>
            <ns3:hr>154</ns3:hr>
            <ns3:cad>88</ns3:cad>
          </ns3:TrackPointExtension>
        </extensions>
      </trkpt>
      <trkpt lat="31.156972758471965789794921875" lon="121.19310622103512287139892578125">
        <ele>4.19999980926513671875</ele>
        <time>2026-03-21T12:28:32.000Z</time>
        <extensions>
          <ns3:TrackPointExtension>
            <ns3:hr>154</ns3:hr>
            <ns3:cad>89</ns3:cad>
          </ns3:TrackPointExtension>
        </extensions>
      </trkpt>
      <trkpt lat="31.1569953896105289459228515625" lon="121.1930995993316173553466796875">
        <ele>4.19999980926513671875</ele>
        <time>2026-03-21T12:28:33.000Z</time>
        <extensions>
          <ns3:TrackPointExtension>
            <ns3:hr>155</ns3:hr>
            <ns3:cad>89</ns3:cad>
          </ns3:TrackPointExtension>
        </extensions>
      </trkpt>
      <trkpt lat="31.15702045150101184844970703125" lon="121.19309641420841217041015625">
        <ele>4.19999980926513671875</ele>
        <time>2026-03-21T12:28:34.000Z</time>
        <extensions>
          <ns3:TrackPointExtension>
            <ns3:hr>154</ns3:hr>
            <ns3:cad>89</ns3:cad>
          </ns3:TrackPointExtension>
        </extensions>
      </trkpt>
      <trkpt lat="31.15704392082989215850830078125" lon="121.19309280999004840850830078125">
        <ele>4.19999980926513671875</ele>
        <time>2026-03-21T12:28:35.000Z</time>
        <extensions>
          <ns3:TrackPointExtension>
            <ns3:hr>154</ns3:hr>
            <ns3:cad>89</ns3:cad>
          </ns3:TrackPointExtension>
        </extensions>
      </trkpt>
      <trkpt lat="31.15707342512905597686767578125" lon="121.19309197179973125457763671875">
        <ele>4.19999980926513671875</ele>
        <time>2026-03-21T12:28:36.000Z</time>
        <extensions>
          <ns3:TrackPointExtension>
            <ns3:hr>155</ns3:hr>
            <ns3:cad>88</ns3:cad>
          </ns3:TrackPointExtension>
        </extensions>
      </trkpt>
      <trkpt lat="31.15709840320050716400146484375" lon="121.19308568537235260009765625">
        <ele>4.19999980926513671875</ele>
        <time>2026-03-21T12:28:37.000Z</time>
        <extensions>
          <ns3:TrackPointExtension>
            <ns3:hr>154</ns3:hr>
            <ns3:cad>88</ns3:cad>
          </ns3:TrackPointExtension>
        </extensions>
      </trkpt>
      <trkpt lat="31.15712665021419525146484375" lon="121.193084008991718292236328125">
        <ele>4.19999980926513671875</ele>
        <time>2026-03-21T12:28:38.000Z</time>
        <extensions>
          <ns3:TrackPointExtension>
            <ns3:hr>154</ns3:hr>
            <ns3:cad>88</ns3:cad>
          </ns3:TrackPointExtension>
        </extensions>
      </trkpt>
      <trkpt lat="31.15714785642921924591064453125" lon="121.19307495653629302978515625">
        <ele>4</ele>
        <time>2026-03-21T12:28:39.000Z</time>
        <extensions>
          <ns3:TrackPointExtension>
            <ns3:hr>155</ns3:hr>
            <ns3:cad>89</ns3:cad>
          </ns3:TrackPointExtension>
        </extensions>
      </trkpt>
      <trkpt lat="31.1571769416332244873046875" lon="121.19307151995599269866943359375">
        <ele>4</ele>
        <time>2026-03-21T12:28:40.000Z</time>
        <extensions>
          <ns3:TrackPointExtension>
            <ns3:hr>154</ns3:hr>
            <ns3:cad>90</ns3:cad>
          </ns3:TrackPointExtension>
        </extensions>
      </trkpt>
      <trkpt lat="31.15719772875308990478515625" lon="121.193064562976360321044921875">
        <ele>4</ele>
        <time>2026-03-21T12:28:41.000Z</time>
        <extensions>
          <ns3:TrackPointExtension>
            <ns3:hr>154</ns3:hr>
            <ns3:cad>89</ns3:cad>
          </ns3:TrackPointExtension>
        </extensions>
      </trkpt>
      <trkpt lat="31.1572225391864776611328125" lon="121.193064562976360321044921875">
        <ele>4</ele>
        <time>2026-03-21T12:28:42.000Z</time>
        <extensions>
          <ns3:TrackPointExtension>
            <ns3:hr>155</ns3:hr>
            <ns3:cad>89</ns3:cad>
          </ns3:TrackPointExtension>
        </extensions>
      </trkpt>
      <trkpt lat="31.1572428233921527862548828125" lon="121.1930573545396327972412109375">
        <ele>4</ele>
        <time>2026-03-21T12:28:43.000Z</time>
        <extensions>
          <ns3:TrackPointExtension>
            <ns3:hr>154</ns3:hr>
            <ns3:cad>89</ns3:cad>
          </ns3:TrackPointExtension>
        </extensions>
      </trkpt>
      <trkpt lat="31.1572693102061748504638671875" lon="121.193057186901569366455078125">
        <ele>4</ele>
        <time>2026-03-21T12:28:44.000Z</time>
        <extensions>
          <ns3:TrackPointExtension>
            <ns3:hr>155</ns3:hr>
            <ns3:cad>89</ns3:cad>
          </ns3:TrackPointExtension>
        </extensions>
      </trkpt>
      <trkpt lat="31.15729303099215030670166015625" lon="121.1930529959499835968017578125">
        <ele>4</ele>
        <time>2026-03-21T12:28:45.000Z</time>
        <extensions>
          <ns3:TrackPointExtension>
            <ns3:hr>155</ns3:hr>
            <ns3:cad>88</ns3:cad>
          </ns3:TrackPointExtension>
        </extensions>
      </trkpt>
      <trkpt lat="31.1573219485580921173095703125" lon="121.19305207394063472747802734375">
        <ele>4</ele>
        <time>2026-03-21T12:28:46.000Z</time>
        <extensions>
          <ns3:TrackPointExtension>
            <ns3:hr>154</ns3:hr>
            <ns3:cad>87</ns3:cad>
          </ns3:TrackPointExtension>
        </extensions>
      </trkpt>
      <trkpt lat="31.157345585525035858154296875" lon="121.193049140274524688720703125">
        <ele>4</ele>
        <time>2026-03-21T12:28:47.000Z</time>
        <extensions>
          <ns3:TrackPointExtension>
            <ns3:hr>154</ns3:hr>
            <ns3:cad>88</ns3:cad>
          </ns3:TrackPointExtension>
        </extensions>
      </trkpt>
      <trkpt lat="31.157378442585468292236328125" lon="121.193052493035793304443359375">
        <ele>4</ele>
        <time>2026-03-21T12:28:48.000Z</time>
        <extensions>
          <ns3:TrackPointExtension>
            <ns3:hr>154</ns3:hr>
            <ns3:cad>89</ns3:cad>
          </ns3:TrackPointExtension>
        </extensions>
      </trkpt>
      <trkpt lat="31.15740233100950717926025390625" lon="121.1930466257035732269287109375">
        <ele>4</ele>
        <time>2026-03-21T12:28:49.000Z</time>
        <extensions>
          <ns3:TrackPointExtension>
            <ns3:hr>155</ns3:hr>
            <ns3:cad>89</ns3:cad>
          </ns3:TrackPointExtension>
        </extensions>
      </trkpt>
      <trkpt lat="31.15742764435708522796630859375" lon="121.1930503137409687042236328125">
        <ele>3.7999999523162841796875</ele>
        <time>2026-03-21T12:28:50.000Z</time>
        <extensions>
          <ns3:TrackPointExtension>
            <ns3:hr>154</ns3:hr>
            <ns3:cad>89</ns3:cad>
          </ns3:TrackPointExtension>
        </extensions>
      </trkpt>
      <trkpt lat="31.157451532781124114990234375" lon="121.19304972700774669647216796875">
        <ele>3.7999999523162841796875</ele>
        <time>2026-03-21T12:28:51.000Z</time>
        <extensions>
          <ns3:TrackPointExtension>
            <ns3:hr>154</ns3:hr>
            <ns3:cad>89</ns3:cad>
          </ns3:TrackPointExtension>
        </extensions>
      </trkpt>
      <trkpt lat="31.15748070180416107177734375" lon="121.19305106811225414276123046875">
        <ele>3.7999999523162841796875</ele>
        <time>2026-03-21T12:28:52.000Z</time>
        <extensions>
          <ns3:TrackPointExtension>
            <ns3:hr>155</ns3:hr>
            <ns3:cad>89</ns3:cad>
          </ns3:TrackPointExtension>
        </extensions>
      </trkpt>
      <trkpt lat="31.1575023271143436431884765625" lon="121.193050481379032135009765625">
        <ele>3.7999999523162841796875</ele>
        <time>2026-03-21T12:28:53.000Z</time>
        <extensions>
          <ns3:TrackPointExtension>
            <ns3:hr>154</ns3:hr>
            <ns3:cad>88</ns3:cad>
          </ns3:TrackPointExtension>
        </extensions>
      </trkpt>
      <trkpt lat="31.1575281433761119842529296875" lon="121.1930479668080806732177734375">
        <ele>3.7999999523162841796875</ele>
        <time>2026-03-21T12:28:54.000Z</time>
        <extensions>
          <ns3:TrackPointExtension>
            <ns3:hr>154</ns3:hr>
            <ns3:cad>88</ns3:cad>
          </ns3:TrackPointExtension>
        </extensions>
      </trkpt>
      <trkpt lat="31.157548762857913970947265625" lon="121.1930452845990657806396484375">
        <ele>3.7999999523162841796875</ele>
        <time>2026-03-21T12:28:55.000Z</time>
        <extensions>
          <ns3:TrackPointExtension>
            <ns3:hr>155</ns3:hr>
            <ns3:cad>88</ns3:cad>
          </ns3:TrackPointExtension>
        </extensions>
      </trkpt>
      <trkpt lat="31.157576926052570343017578125" lon="121.19304285384714603424072265625">
        <ele>3.7999999523162841796875</ele>
        <time>2026-03-21T12:28:56.000Z</time>
        <extensions>
          <ns3:TrackPointExtension>
            <ns3:hr>154</ns3:hr>
            <ns3:cad>89</ns3:cad>
          </ns3:TrackPointExtension>
        </extensions>
      </trkpt>
      <trkpt lat="31.157602407038211822509765625" lon="121.19303933344781398773193359375">
        <ele>3.599999904632568359375</ele>
        <time>2026-03-21T12:28:57.000Z</time>
        <extensions>
          <ns3:TrackPointExtension>
            <ns3:hr>154</ns3:hr>
            <ns3:cad>90</ns3:cad>
          </ns3:TrackPointExtension>
        </extensions>
      </trkpt>
      <trkpt lat="31.1576297320425510406494140625" lon="121.1930432729423046112060546875">
        <ele>3.599999904632568359375</ele>
        <time>2026-03-21T12:28:58.000Z</time>
        <extensions>
          <ns3:TrackPointExtension>
            <ns3:hr>155</ns3:hr>
            <ns3:cad>90</ns3:cad>
          </ns3:TrackPointExtension>
        </extensions>
      </trkpt>
      <trkpt lat="31.15765244700014591217041015625" lon="121.19304000400006771087646484375">
        <ele>3.599999904632568359375</ele>
        <time>2026-03-21T12:28:59.000Z</time>
        <extensions>
          <ns3:TrackPointExtension>
            <ns3:hr>154</ns3:hr>
            <ns3:cad>90</ns3:cad>
          </ns3:TrackPointExtension>
        </extensions>
      </trkpt>
      <trkpt lat="31.15768262185156345367431640625" lon="121.193037070333957672119140625">
        <ele>3.599999904632568359375</ele>
        <time>2026-03-21T12:29:00.000Z</time>
        <extensions>
          <ns3:TrackPointExtension>
            <ns3:hr>154</ns3:hr>
            <ns3:cad>89</ns3:cad>
          </ns3:TrackPointExtension>
        </extensions>
      </trkpt>
      <trkpt lat="31.15771061740815639495849609375" lon="121.19304000400006771087646484375">
        <ele>3.599999904632568359375</ele>
        <time>2026-03-21T12:29:01.000Z</time>
        <extensions>
          <ns3:TrackPointExtension>
            <ns3:hr>155</ns3:hr>
            <ns3:cad>89</ns3:cad>
          </ns3:TrackPointExtension>
        </extensions>
      </trkpt>
      <trkpt lat="31.157740540802478790283203125" lon="121.19303732179105281829833984375">
        <ele>3.599999904632568359375</ele>
        <time>2026-03-21T12:29:02.000Z</time>
        <extensions>
          <ns3:TrackPointExtension>
            <ns3:hr>154</ns3:hr>
            <ns3:cad>89</ns3:cad>
          </ns3:TrackPointExtension>
        </extensions>
      </trkpt>
      <trkpt lat="31.15776845254004001617431640625" lon="121.19304184801876544952392578125">
        <ele>3.599999904632568359375</ele>
        <time>2026-03-21T12:29:03.000Z</time>
        <extensions>
          <ns3:TrackPointExtension>
            <ns3:hr>154</ns3:hr>
            <ns3:cad>89</ns3:cad>
          </ns3:TrackPointExtension>
        </extensions>
      </trkpt>
      <trkpt lat="31.15779611282050609588623046875" lon="121.19303631596267223358154296875">
        <ele>3.599999904632568359375</ele>
        <time>2026-03-21T12:29:04.000Z</time>
        <extensions>
          <ns3:TrackPointExtension>
            <ns3:hr>155</ns3:hr>
            <ns3:cad>89</ns3:cad>
          </ns3:TrackPointExtension>
        </extensions>
      </trkpt>
      <trkpt lat="31.1578233540058135986328125" lon="121.1930379085242748260498046875">
        <ele>3.599999904632568359375</ele>
        <time>2026-03-21T12:29:05.000Z</time>
        <extensions>
          <ns3:TrackPointExtension>
            <ns3:hr>154</ns3:hr>
            <ns3:cad>89</ns3:cad>
          </ns3:TrackPointExtension>
        </extensions>
      </trkpt>
      <trkpt lat="31.157850511372089385986328125" lon="121.19304168038070201873779296875">
        <ele>3.599999904632568359375</ele>
        <time>2026-03-21T12:29:06.000Z</time>
        <extensions>
          <ns3:TrackPointExtension>
            <ns3:hr>154</ns3:hr>
            <ns3:cad>89</ns3:cad>
          </ns3:TrackPointExtension>
        </extensions>
      </trkpt>
      <trkpt lat="31.157875321805477142333984375" lon="121.193045116961002349853515625">
        <ele>3.599999904632568359375</ele>
        <time>2026-03-21T12:29:07.000Z</time>
        <extensions>
          <ns3:TrackPointExtension>
            <ns3:hr>155</ns3:hr>
            <ns3:cad>89</ns3:cad>
          </ns3:TrackPointExtension>
        </extensions>
      </trkpt>
      <trkpt lat="31.15790239535272121429443359375" lon="121.19304670952260494232177734375">
        <ele>3.599999904632568359375</ele>
        <time>2026-03-21T12:29:08.000Z</time>
        <extensions>
          <ns3:TrackPointExtension>
            <ns3:hr>154</ns3:hr>
            <ns3:cad>88</ns3:cad>
          </ns3:TrackPointExtension>
        </extensions>
      </trkpt>
      <trkpt lat="31.1579311452805995941162109375" lon="121.1930536665022373199462890625">
        <ele>3.599999904632568359375</ele>
        <time>2026-03-21T12:29:09.000Z</time>
        <extensions>
          <ns3:TrackPointExtension>
            <ns3:hr>154</ns3:hr>
            <ns3:cad>88</ns3:cad>
          </ns3:TrackPointExtension>
        </extensions>
      </trkpt>
      <trkpt lat="31.1579542793333530426025390625" lon="121.19305509142577648162841796875">
        <ele>3.599999904632568359375</ele>
        <time>2026-03-21T12:29:10.000Z</time>
        <extensions>
          <ns3:TrackPointExtension>
            <ns3:hr>155</ns3:hr>
            <ns3:cad>88</ns3:cad>
          </ns3:TrackPointExtension>
        </extensions>
      </trkpt>
      <trkpt lat="31.15798294544219970703125" lon="121.193059198558330535888671875">
        <ele>3.599999904632568359375</ele>
        <time>2026-03-21T12:29:11.000Z</time>
        <extensions>
          <ns3:TrackPointExtension>
            <ns3:hr>155</ns3:hr>
            <ns3:cad>89</ns3:cad>
          </ns3:TrackPointExtension>
        </extensions>
      </trkpt>
      <trkpt lat="31.15800348110496997833251953125" lon="121.1930597014725208282470703125">
        <ele>3.599999904632568359375</ele>
        <time>2026-03-21T12:29:12.000Z</time>
        <extensions>
          <ns3:TrackPointExtension>
            <ns3:hr>155</ns3:hr>
            <ns3:cad>89</ns3:cad>
          </ns3:TrackPointExtension>
        </extensions>
      </trkpt>
      <trkpt lat="31.158030889928340911865234375" lon="121.19306598789989948272705078125">
        <ele>3.599999904632568359375</ele>
        <time>2026-03-21T12:29:13.000Z</time>
        <extensions>
          <ns3:TrackPointExtension>
            <ns3:hr>155</ns3:hr>
            <ns3:cad>89</ns3:cad>
          </ns3:TrackPointExtension>
        </extensions>
      </trkpt>
      <trkpt lat="31.1580538563430309295654296875" lon="121.193063557147979736328125">
        <ele>3.599999904632568359375</ele>
        <time>2026-03-21T12:29:14.000Z</time>
        <extensions>
          <ns3:TrackPointExtension>
            <ns3:hr>155</ns3:hr>
            <ns3:cad>90</ns3:cad>
          </ns3:TrackPointExtension>
        </extensions>
      </trkpt>
      <trkpt lat="31.15808227099478244781494140625" lon="121.193071939051151275634765625">
        <ele>3.599999904632568359375</ele>
        <time>2026-03-21T12:29:15.000Z</time>
        <extensions>
          <ns3:TrackPointExtension>
            <ns3:hr>154</ns3:hr>
            <ns3:cad>90</ns3:cad>
          </ns3:TrackPointExtension>
        </extensions>
      </trkpt>
      <trkpt lat="31.15810565650463104248046875" lon="121.19307219050824642181396484375">
        <ele>3.599999904632568359375</ele>
        <time>2026-03-21T12:29:16.000Z</time>
        <extensions>
          <ns3:TrackPointExtension>
            <ns3:hr>155</ns3:hr>
            <ns3:cad>89</ns3:cad>
          </ns3:TrackPointExtension>
        </extensions>
      </trkpt>
      <trkpt lat="31.15813004784286022186279296875" lon="121.19307571090757846832275390625">
        <ele>3.599999904632568359375</ele>
        <time>2026-03-21T12:29:17.000Z</time>
        <extensions>
          <ns3:TrackPointExtension>
            <ns3:hr>155</ns3:hr>
            <ns3:cad>89</ns3:cad>
          </ns3:TrackPointExtension>
        </extensions>
      </trkpt>
      <trkpt lat="31.15815393626689910888671875" lon="121.19307872839272022247314453125">
        <ele>3.599999904632568359375</ele>
        <time>2026-03-21T12:29:18.000Z</time>
        <extensions>
          <ns3:TrackPointExtension>
            <ns3:hr>154</ns3:hr>
            <ns3:cad>89</ns3:cad>
          </ns3:TrackPointExtension>
        </extensions>
      </trkpt>
      <trkpt lat="31.1581809259951114654541015625" lon="121.19308543391525745391845703125">
        <ele>3.599999904632568359375</ele>
        <time>2026-03-21T12:29:19.000Z</time>
        <extensions>
          <ns3:TrackPointExtension>
            <ns3:hr>155</ns3:hr>
            <ns3:cad>90</ns3:cad>
          </ns3:TrackPointExtension>
        </extensions>
      </trkpt>
      <trkpt lat="31.15820280276238918304443359375" lon="121.19308191351592540740966796875">
        <ele>3.599999904632568359375</ele>
        <time>2026-03-21T12:29:20.000Z</time>
        <extensions>
          <ns3:TrackPointExtension>
            <ns3:hr>155</ns3:hr>
            <ns3:cad>90</ns3:cad>
          </ns3:TrackPointExtension>
        </extensions>
      </trkpt>
      <trkpt lat="31.1582332290709018707275390625" lon="121.19308769702911376953125">
        <ele>3.599999904632568359375</ele>
        <time>2026-03-21T12:29:21.000Z</time>
        <extensions>
          <ns3:TrackPointExtension>
            <ns3:hr>154</ns3:hr>
            <ns3:cad>90</ns3:cad>
          </ns3:TrackPointExtension>
        </extensions>
      </trkpt>
      <trkpt lat="31.15825460292398929595947265625" lon="121.19308593682944774627685546875">
        <ele>3.599999904632568359375</ele>
        <time>2026-03-21T12:29:22.000Z</time>
        <extensions>
          <ns3:TrackPointExtension>
            <ns3:hr>155</ns3:hr>
            <ns3:cad>90</ns3:cad>
          </ns3:TrackPointExtension>
        </extensions>
      </trkpt>
      <trkpt lat="31.15828176029026508331298828125" lon="121.1930952407419681549072265625">
        <ele>3.599999904632568359375</ele>
        <time>2026-03-21T12:29:23.000Z</time>
        <extensions>
          <ns3:TrackPointExtension>
            <ns3:hr>155</ns3:hr>
            <ns3:cad>89</ns3:cad>
          </ns3:TrackPointExtension>
        </extensions>
      </trkpt>
      <trkpt lat="31.158305145800113677978515625" lon="121.1930952407419681549072265625">
        <ele>3.599999904632568359375</ele>
        <time>2026-03-21T12:29:24.000Z</time>
        <extensions>
          <ns3:TrackPointExtension>
            <ns3:hr>154</ns3:hr>
            <ns3:cad>89</ns3:cad>
          </ns3:TrackPointExtension>
        </extensions>
      </trkpt>
      <trkpt lat="31.15833523683249950408935546875" lon="121.193103455007076263427734375">
        <ele>3.599999904632568359375</ele>
        <time>2026-03-21T12:29:25.000Z</time>
        <extensions>
          <ns3:TrackPointExtension>
            <ns3:hr>155</ns3:hr>
            <ns3:cad>89</ns3:cad>
          </ns3:TrackPointExtension>
        </extensions>
      </trkpt>
      <trkpt lat="31.158356778323650360107421875" lon="121.1930997669696807861328125">
        <ele>3.599999904632568359375</ele>
        <time>2026-03-21T12:29:26.000Z</time>
        <extensions>
          <ns3:TrackPointExtension>
            <ns3:hr>155</ns3:hr>
            <ns3:cad>90</ns3:cad>
          </ns3:TrackPointExtension>
        </extensions>
      </trkpt>
      <trkpt lat="31.15838502533733844757080078125" lon="121.19310203008353710174560546875">
        <ele>3.599999904632568359375</ele>
        <time>2026-03-21T12:29:27.000Z</time>
        <extensions>
          <ns3:TrackPointExtension>
            <ns3:hr>154</ns3:hr>
            <ns3:cad>90</ns3:cad>
          </ns3:TrackPointExtension>
        </extensions>
      </trkpt>
      <trkpt lat="31.158409416675567626953125" lon="121.19309616275131702423095703125">
        <ele>3.599999904632568359375</ele>
        <time>2026-03-21T12:29:28.000Z</time>
        <extensions>
          <ns3:TrackPointExtension>
            <ns3:hr>155</ns3:hr>
            <ns3:cad>90</ns3:cad>
          </ns3:TrackPointExtension>
        </extensions>
      </trkpt>
      <trkpt lat="31.1584400944411754608154296875" lon="121.1931012757122516632080078125">
        <ele>3.599999904632568359375</ele>
        <time>2026-03-21T12:29:29.000Z</time>
        <extensions>
          <ns3:TrackPointExtension>
            <ns3:hr>155</ns3:hr>
            <ns3:cad>90</ns3:cad>
          </ns3:TrackPointExtension>
        </extensions>
      </trkpt>
      <trkpt lat="31.158462055027484893798828125" lon="121.19310001842677593231201171875">
        <ele>3.599999904632568359375</ele>
        <time>2026-03-21T12:29:30.000Z</time>
        <extensions>
          <ns3:TrackPointExtension>
            <ns3:hr>154</ns3:hr>
            <ns3:cad>90</ns3:cad>
          </ns3:TrackPointExtension>
        </extensions>
      </trkpt>
      <trkpt lat="31.1584939062595367431640625" lon="121.19309767149388790130615234375">
        <ele>3.599999904632568359375</ele>
        <time>2026-03-21T12:29:31.000Z</time>
        <extensions>
          <ns3:TrackPointExtension>
            <ns3:hr>155</ns3:hr>
            <ns3:cad>88</ns3:cad>
          </ns3:TrackPointExtension>
        </extensions>
      </trkpt>
      <trkpt lat="31.1585158668458461761474609375" lon="121.193094067275524139404296875">
        <ele>3.599999904632568359375</ele>
        <time>2026-03-21T12:29:32.000Z</time>
        <extensions>
          <ns3:TrackPointExtension>
            <ns3:hr>155</ns3:hr>
            <ns3:cad>88</ns3:cad>
          </ns3:TrackPointExtension>
        </extensions>
      </trkpt>
      <trkpt lat="31.15854495204985141754150390625" lon="121.19309113360941410064697265625">
        <ele>3.599999904632568359375</ele>
        <time>2026-03-21T12:29:33.000Z</time>
        <extensions>
          <ns3:TrackPointExtension>
            <ns3:hr>154</ns3:hr>
            <ns3:cad>89</ns3:cad>
          </ns3:TrackPointExtension>
        </extensions>
      </trkpt>
      <trkpt lat="31.15856775082647800445556640625" lon="121.19308811612427234649658203125">
        <ele>3.7999999523162841796875</ele>
        <time>2026-03-21T12:29:34.000Z</time>
        <extensions>
          <ns3:TrackPointExtension>
            <ns3:hr>155</ns3:hr>
            <ns3:cad>89</ns3:cad>
          </ns3:TrackPointExtension>
        </extensions>
      </trkpt>
      <trkpt lat="31.15859742276370525360107421875" lon="121.19308392517268657684326171875">
        <ele>3.7999999523162841796875</ele>
        <time>2026-03-21T12:29:35.000Z</time>
        <extensions>
          <ns3:TrackPointExtension>
            <ns3:hr>155</ns3:hr>
            <ns3:cad>89</ns3:cad>
          </ns3:TrackPointExtension>
        </extensions>
      </trkpt>
      <trkpt lat="31.15861837752163410186767578125" lon="121.193082332611083984375">
        <ele>3.7999999523162841796875</ele>
        <time>2026-03-21T12:29:36.000Z</time>
        <extensions>
          <ns3:TrackPointExtension>
            <ns3:hr>154</ns3:hr>
            <ns3:cad>89</ns3:cad>
          </ns3:TrackPointExtension>
        </extensions>
      </trkpt>
      <trkpt lat="31.1586432717740535736083984375" lon="121.1930783092975616455078125">
        <ele>3.7999999523162841796875</ele>
        <time>2026-03-21T12:29:37.000Z</time>
        <extensions>
          <ns3:TrackPointExtension>
            <ns3:hr>155</ns3:hr>
            <ns3:cad>88</ns3:cad>
          </ns3:TrackPointExtension>
        </extensions>
      </trkpt>
      <trkpt lat="31.15866900421679019927978515625" lon="121.1930737830698490142822265625">
        <ele>3.599999904632568359375</ele>
        <time>2026-03-21T12:29:38.000Z</time>
        <extensions>
          <ns3:TrackPointExtension>
            <ns3:hr>155</ns3:hr>
            <ns3:cad>88</ns3:cad>
          </ns3:TrackPointExtension>
        </extensions>
      </trkpt>
      <trkpt lat="31.15869532339274883270263671875" lon="121.1930700950324535369873046875">
        <ele>3.599999904632568359375</ele>
        <time>2026-03-21T12:29:39.000Z</time>
        <extensions>
          <ns3:TrackPointExtension>
            <ns3:hr>154</ns3:hr>
            <ns3:cad>88</ns3:cad>
          </ns3:TrackPointExtension>
        </extensions>
      </trkpt>
      <trkpt lat="31.1587220616638660430908203125" lon="121.19307101704180240631103515625">
        <ele>3.599999904632568359375</ele>
        <time>2026-03-21T12:29:40.000Z</time>
        <extensions>
          <ns3:TrackPointExtension>
            <ns3:hr>155</ns3:hr>
            <ns3:cad>88</ns3:cad>
          </ns3:TrackPointExtension>
        </extensions>
      </trkpt>
      <trkpt lat="31.15874561481177806854248046875" lon="121.1930660717189311981201171875">
        <ele>3.599999904632568359375</ele>
        <time>2026-03-21T12:29:41.000Z</time>
        <extensions>
          <ns3:TrackPointExtension>
            <ns3:hr>155</ns3:hr>
            <ns3:cad>88</ns3:cad>
          </ns3:TrackPointExtension>
        </extensions>
      </trkpt>
      <trkpt lat="31.15877092815935611724853515625" lon="121.193066574633121490478515625">
        <ele>3.599999904632568359375</ele>
        <time>2026-03-21T12:29:42.000Z</time>
        <extensions>
          <ns3:TrackPointExtension>
            <ns3:hr>154</ns3:hr>
            <ns3:cad>88</ns3:cad>
          </ns3:TrackPointExtension>
        </extensions>
      </trkpt>
      <trkpt lat="31.15879364311695098876953125" lon="121.193061210215091705322265625">
        <ele>3.599999904632568359375</ele>
        <time>2026-03-21T12:29:43.000Z</time>
        <extensions>
          <ns3:TrackPointExtension>
            <ns3:hr>154</ns3:hr>
            <ns3:cad>88</ns3:cad>
          </ns3:TrackPointExtension>
        </extensions>
      </trkpt>
      <trkpt lat="31.15882021375000476837158203125" lon="121.1930622160434722900390625">
        <ele>3.599999904632568359375</ele>
        <time>2026-03-21T12:29:44.000Z</time>
        <extensions>
          <ns3:TrackPointExtension>
            <ns3:hr>154</ns3:hr>
            <ns3:cad>88</ns3:cad>
          </ns3:TrackPointExtension>
        </extensions>
      </trkpt>
      <trkpt lat="31.15884150378406047821044921875" lon="121.19305810891091823577880859375">
        <ele>3.599999904632568359375</ele>
        <time>2026-03-21T12:29:45.000Z</time>
        <extensions>
          <ns3:TrackPointExtension>
            <ns3:hr>154</ns3:hr>
            <ns3:cad>88</ns3:cad>
          </ns3:TrackPointExtension>
        </extensions>
      </trkpt>
      <trkpt lat="31.1588692478835582733154296875" lon="121.1930573545396327972412109375">
        <ele>3.599999904632568359375</ele>
        <time>2026-03-21T12:29:46.000Z</time>
        <extensions>
          <ns3:TrackPointExtension>
            <ns3:hr>154</ns3:hr>
            <ns3:cad>87</ns3:cad>
          </ns3:TrackPointExtension>
        </extensions>
      </trkpt>
      <trkpt lat="31.1588920466601848602294921875" lon="121.1930506490170955657958984375">
        <ele>3.7999999523162841796875</ele>
        <time>2026-03-21T12:29:47.000Z</time>
        <extensions>
          <ns3:TrackPointExtension>
            <ns3:hr>154</ns3:hr>
            <ns3:cad>88</ns3:cad>
          </ns3:TrackPointExtension>
        </extensions>
      </trkpt>
      <trkpt lat="31.15891912020742893218994140625" lon="121.19304771535098552703857421875">
        <ele>3.7999999523162841796875</ele>
        <time>2026-03-21T12:29:48.000Z</time>
        <extensions>
          <ns3:TrackPointExtension>
            <ns3:hr>153</ns3:hr>
            <ns3:cad>88</ns3:cad>
          </ns3:TrackPointExtension>
        </extensions>
      </trkpt>
      <trkpt lat="31.15893890149891376495361328125" lon="121.193042099475860595703125">
        <ele>3.7999999523162841796875</ele>
        <time>2026-03-21T12:29:49.000Z</time>
        <extensions>
          <ns3:TrackPointExtension>
            <ns3:hr>153</ns3:hr>
            <ns3:cad>89</ns3:cad>
          </ns3:TrackPointExtension>
        </extensions>
      </trkpt>
      <trkpt lat="31.1589668132364749908447265625" lon="121.19303732179105281829833984375">
        <ele>3.7999999523162841796875</ele>
        <time>2026-03-21T12:29:50.000Z</time>
        <extensions>
          <ns3:TrackPointExtension>
            <ns3:hr>153</ns3:hr>
            <ns3:cad>90</ns3:cad>
          </ns3:TrackPointExtension>
        </extensions>
      </trkpt>
      <trkpt lat="31.1589855886995792388916015625" lon="121.19303338229656219482421875">
        <ele>3.7999999523162841796875</ele>
        <time>2026-03-21T12:29:51.000Z</time>
        <extensions>
          <ns3:TrackPointExtension>
            <ns3:hr>153</ns3:hr>
            <ns3:cad>90</ns3:cad>
          </ns3:TrackPointExtension>
        </extensions>
      </trkpt>
      <trkpt lat="31.1590124107897281646728515625" lon="121.19303313083946704864501953125">
        <ele>3.7999999523162841796875</ele>
        <time>2026-03-21T12:29:52.000Z</time>
        <extensions>
          <ns3:TrackPointExtension>
            <ns3:hr>153</ns3:hr>
            <ns3:cad>90</ns3:cad>
          </ns3:TrackPointExtension>
        </extensions>
      </trkpt>
      <trkpt lat="31.15903244353830814361572265625" lon="121.1930265091359615325927734375">
        <ele>3.7999999523162841796875</ele>
        <time>2026-03-21T12:29:53.000Z</time>
        <extensions>
          <ns3:TrackPointExtension>
            <ns3:hr>153</ns3:hr>
            <ns3:cad>90</ns3:cad>
          </ns3:TrackPointExtension>
        </extensions>
      </trkpt>
      <trkpt lat="31.15905859507620334625244140625" lon="121.19302625767886638641357421875">
        <ele>3.7999999523162841796875</ele>
        <time>2026-03-21T12:29:54.000Z</time>
        <extensions>
          <ns3:TrackPointExtension>
            <ns3:hr>153</ns3:hr>
            <ns3:cad>89</ns3:cad>
          </ns3:TrackPointExtension>
        </extensions>
      </trkpt>
      <trkpt lat="31.15907787345349788665771484375" lon="121.19302022270858287811279296875">
        <ele>3.7999999523162841796875</ele>
        <time>2026-03-21T12:29:55.000Z</time>
        <extensions>
          <ns3:TrackPointExtension>
            <ns3:hr>153</ns3:hr>
            <ns3:cad>89</ns3:cad>
          </ns3:TrackPointExtension>
        </extensions>
      </trkpt>
      <trkpt lat="31.15910469554364681243896484375" lon="121.193014942109584808349609375">
        <ele>3.7999999523162841796875</ele>
        <time>2026-03-21T12:29:56.000Z</time>
        <extensions>
          <ns3:TrackPointExtension>
            <ns3:hr>153</ns3:hr>
            <ns3:cad>89</ns3:cad>
          </ns3:TrackPointExtension>
        </extensions>
      </trkpt>
      <trkpt lat="31.15912380628287792205810546875" lon="121.19300597347319126129150390625">
        <ele>3.7999999523162841796875</ele>
        <time>2026-03-21T12:29:57.000Z</time>
        <extensions>
          <ns3:TrackPointExtension>
            <ns3:hr>153</ns3:hr>
            <ns3:cad>89</ns3:cad>
          </ns3:TrackPointExtension>
        </extensions>
      </trkpt>
      <trkpt lat="31.15915196947753429412841796875" lon="121.19300111196935176849365234375">
        <ele>3.7999999523162841796875</ele>
        <time>2026-03-21T12:29:58.000Z</time>
        <extensions>
          <ns3:TrackPointExtension>
            <ns3:hr>153</ns3:hr>
            <ns3:cad>89</ns3:cad>
          </ns3:TrackPointExtension>
        </extensions>
      </trkpt>
      <trkpt lat="31.159170158207416534423828125" lon="121.19299055077135562896728515625">
        <ele>3.7999999523162841796875</ele>
        <time>2026-03-21T12:29:59.000Z</time>
        <extensions>
          <ns3:TrackPointExtension>
            <ns3:hr>153</ns3:hr>
            <ns3:cad>89</ns3:cad>
          </ns3:TrackPointExtension>
        </extensions>
      </trkpt>
      <trkpt lat="31.15919739939272403717041015625" lon="121.19298082776367664337158203125">
        <ele>3.7999999523162841796875</ele>
        <time>2026-03-21T12:30:00.000Z</time>
        <extensions>
          <ns3:TrackPointExtension>
            <ns3:hr>152</ns3:hr>
            <ns3:cad>89</ns3:cad>
          </ns3:TrackPointExtension>
        </extensions>
      </trkpt>
      <trkpt lat="31.15921466611325740814208984375" lon="121.192972026765346527099609375">
        <ele>3.7999999523162841796875</ele>
        <time>2026-03-21T12:30:01.000Z</time>
        <extensions>
          <ns3:TrackPointExtension>
            <ns3:hr>153</ns3:hr>
            <ns3:cad>88</ns3:cad>
          </ns3:TrackPointExtension>
        </extensions>
      </trkpt>
      <trkpt lat="31.15924349986016750335693359375" lon="121.192965321242809295654296875">
        <ele>4</ele>
        <time>2026-03-21T12:30:02.000Z</time>
        <extensions>
          <ns3:TrackPointExtension>
            <ns3:hr>153</ns3:hr>
            <ns3:cad>88</ns3:cad>
          </ns3:TrackPointExtension>
        </extensions>
      </trkpt>
      <trkpt lat="31.15926294587552547454833984375" lon="121.19295350275933742523193359375">
        <ele>4</ele>
        <time>2026-03-21T12:30:03.000Z</time>
        <extensions>
          <ns3:TrackPointExtension>
            <ns3:hr>153</ns3:hr>
            <ns3:cad>89</ns3:cad>
          </ns3:TrackPointExtension>
        </extensions>
      </trkpt>
      <trkpt lat="31.15928742103278636932373046875" lon="121.1929415166378021240234375">
        <ele>4</ele>
        <time>2026-03-21T12:30:04.000Z</time>
        <extensions>
          <ns3:TrackPointExtension>
            <ns3:hr>153</ns3:hr>
            <ns3:cad>89</ns3:cad>
          </ns3:TrackPointExtension>
        </extensions>
      </trkpt>
      <trkpt lat="31.1593098007142543792724609375" lon="121.1929333023726940155029296875">
        <ele>4</ele>
        <time>2026-03-21T12:30:05.000Z</time>
        <extensions>
          <ns3:TrackPointExtension>
            <ns3:hr>153</ns3:hr>
            <ns3:cad>89</ns3:cad>
          </ns3:TrackPointExtension>
        </extensions>
      </trkpt>
      <trkpt lat="31.159331761300563812255859375" lon="121.19292207062244415283203125">
        <ele>4</ele>
        <time>2026-03-21T12:30:06.000Z</time>
        <extensions>
          <ns3:TrackPointExtension>
            <ns3:hr>153</ns3:hr>
            <ns3:cad>89</ns3:cad>
          </ns3:TrackPointExtension>
        </extensions>
      </trkpt>
      <trkpt lat="31.15935447625815868377685546875" lon="121.19291536509990692138671875">
        <ele>4</ele>
        <time>2026-03-21T12:30:07.000Z</time>
        <extensions>
          <ns3:TrackPointExtension>
            <ns3:hr>153</ns3:hr>
            <ns3:cad>89</ns3:cad>
          </ns3:TrackPointExtension>
        </extensions>
      </trkpt>
      <trkpt lat="31.15937643684446811676025390625" lon="121.1929064802825450897216796875">
        <ele>4</ele>
        <time>2026-03-21T12:30:08.000Z</time>
        <extensions>
          <ns3:TrackPointExtension>
            <ns3:hr>153</ns3:hr>
            <ns3:cad>88</ns3:cad>
          </ns3:TrackPointExtension>
        </extensions>
      </trkpt>
      <trkpt lat="31.1594006605446338653564453125" lon="121.19290170259773731231689453125">
        <ele>4</ele>
        <time>2026-03-21T12:30:09.000Z</time>
        <extensions>
          <ns3:TrackPointExtension>
            <ns3:hr>153</ns3:hr>
            <ns3:cad>86</ns3:cad>
          </ns3:TrackPointExtension>
        </extensions>
      </trkpt>
      <trkpt lat="31.15942304022610187530517578125" lon="121.1928923986852169036865234375">
        <ele>4</ele>
        <time>2026-03-21T12:30:10.000Z</time>
        <extensions>
          <ns3:TrackPointExtension>
            <ns3:hr>153</ns3:hr>
            <ns3:cad>87</ns3:cad>
          </ns3:TrackPointExtension>
        </extensions>
      </trkpt>
      <trkpt lat="31.1594482697546482086181640625" lon="121.19288275949656963348388671875">
        <ele>4</ele>
        <time>2026-03-21T12:30:11.000Z</time>
        <extensions>
          <ns3:TrackPointExtension>
            <ns3:hr>153</ns3:hr>
            <ns3:cad>88</ns3:cad>
          </ns3:TrackPointExtension>
        </extensions>
      </trkpt>
      <trkpt lat="31.15946981124579906463623046875" lon="121.192872785031795501708984375">
        <ele>4</ele>
        <time>2026-03-21T12:30:12.000Z</time>
        <extensions>
          <ns3:TrackPointExtension>
            <ns3:hr>152</ns3:hr>
            <ns3:cad>89</ns3:cad>
          </ns3:TrackPointExtension>
        </extensions>
      </trkpt>
      <trkpt lat="31.1594968847930431365966796875" lon="121.19286440312862396240234375">
        <ele>4</ele>
        <time>2026-03-21T12:30:13.000Z</time>
        <extensions>
          <ns3:TrackPointExtension>
            <ns3:hr>152</ns3:hr>
            <ns3:cad>90</ns3:cad>
          </ns3:TrackPointExtension>
        </extensions>
      </trkpt>
      <trkpt lat="31.15951783955097198486328125" lon="121.19285291992127895355224609375">
        <ele>4</ele>
        <time>2026-03-21T12:30:14.000Z</time>
        <extensions>
          <ns3:TrackPointExtension>
            <ns3:hr>152</ns3:hr>
            <ns3:cad>90</ns3:cad>
          </ns3:TrackPointExtension>
        </extensions>
      </trkpt>
      <trkpt lat="31.159541308879852294921875" lon="121.1928431130945682525634765625">
        <ele>4</ele>
        <time>2026-03-21T12:30:15.000Z</time>
        <extensions>
          <ns3:TrackPointExtension>
            <ns3:hr>152</ns3:hr>
            <ns3:cad>90</ns3:cad>
          </ns3:TrackPointExtension>
        </extensions>
      </trkpt>
      <trkpt lat="31.15955882705748081207275390625" lon="121.1928283609449863433837890625">
        <ele>4.19999980926513671875</ele>
        <time>2026-03-21T12:30:16.000Z</time>
        <extensions>
          <ns3:TrackPointExtension>
            <ns3:hr>151</ns3:hr>
            <ns3:cad>89</ns3:cad>
          </ns3:TrackPointExtension>
        </extensions>
      </trkpt>
      <trkpt lat="31.15958296693861484527587890625" lon="121.1928206495940685272216796875">
        <ele>4.19999980926513671875</ele>
        <time>2026-03-21T12:30:17.000Z</time>
        <extensions>
          <ns3:TrackPointExtension>
            <ns3:hr>151</ns3:hr>
            <ns3:cad>89</ns3:cad>
          </ns3:TrackPointExtension>
        </extensions>
      </trkpt>
      <trkpt lat="31.159599311649799346923828125" lon="121.19280765764415264129638671875">
        <ele>4.19999980926513671875</ele>
        <time>2026-03-21T12:30:18.000Z</time>
        <extensions>
          <ns3:TrackPointExtension>
            <ns3:hr>151</ns3:hr>
            <ns3:cad>89</ns3:cad>
          </ns3:TrackPointExtension>
        </extensions>
      </trkpt>
      <trkpt lat="31.15962219424545764923095703125" lon="121.192800700664520263671875">
        <ele>4.19999980926513671875</ele>
        <time>2026-03-21T12:30:19.000Z</time>
        <extensions>
          <ns3:TrackPointExtension>
            <ns3:hr>151</ns3:hr>
            <ns3:cad>89</ns3:cad>
          </ns3:TrackPointExtension>
        </extensions>
      </trkpt>
      <trkpt lat="31.15964381955564022064208984375" lon="121.19278871454298496246337890625">
        <ele>4.19999980926513671875</ele>
        <time>2026-03-21T12:30:20.000Z</time>
        <extensions>
          <ns3:TrackPointExtension>
            <ns3:hr>152</ns3:hr>
            <ns3:cad>89</ns3:cad>
          </ns3:TrackPointExtension>
        </extensions>
      </trkpt>
      <trkpt lat="31.15967206656932830810546875" lon="121.19278033263981342315673828125">
        <ele>4.19999980926513671875</ele>
        <time>2026-03-21T12:30:21.000Z</time>
        <extensions>
          <ns3:TrackPointExtension>
            <ns3:hr>152</ns3:hr>
            <ns3:cad>89</ns3:cad>
          </ns3:TrackPointExtension>
        </extensions>
      </trkpt>
      <trkpt lat="31.15969595499336719512939453125" lon="121.19276541285216808319091796875">
        <ele>4.19999980926513671875</ele>
        <time>2026-03-21T12:30:22.000Z</time>
        <extensions>
          <ns3:TrackPointExtension>
            <ns3:hr>152</ns3:hr>
            <ns3:cad>89</ns3:cad>
          </ns3:TrackPointExtension>
        </extensions>
      </trkpt>
      <trkpt lat="31.15972126834094524383544921875" lon="121.19275200180709362030029296875">
        <ele>4.19999980926513671875</ele>
        <time>2026-03-21T12:30:23.000Z</time>
        <extensions>
          <ns3:TrackPointExtension>
            <ns3:hr>152</ns3:hr>
            <ns3:cad>89</ns3:cad>
          </ns3:TrackPointExtension>
        </extensions>
      </trkpt>
      <trkpt lat="31.1597411334514617919921875" lon="121.1927351541817188262939453125">
        <ele>4.19999980926513671875</ele>
        <time>2026-03-21T12:30:24.000Z</time>
        <extensions>
          <ns3:TrackPointExtension>
            <ns3:hr>151</ns3:hr>
            <ns3:cad>89</ns3:cad>
          </ns3:TrackPointExtension>
        </extensions>
      </trkpt>
      <trkpt lat="31.15976703353226184844970703125" lon="121.1927240900695323944091796875">
        <ele>4.19999980926513671875</ele>
        <time>2026-03-21T12:30:25.000Z</time>
        <extensions>
          <ns3:TrackPointExtension>
            <ns3:hr>151</ns3:hr>
            <ns3:cad>89</ns3:cad>
          </ns3:TrackPointExtension>
        </extensions>
      </trkpt>
      <trkpt lat="31.15978782065212726593017578125" lon="121.1927096731960773468017578125">
        <ele>4.19999980926513671875</ele>
        <time>2026-03-21T12:30:26.000Z</time>
        <extensions>
          <ns3:TrackPointExtension>
            <ns3:hr>151</ns3:hr>
            <ns3:cad>89</ns3:cad>
          </ns3:TrackPointExtension>
        </extensions>
      </trkpt>
      <trkpt lat="31.15980877541005611419677734375" lon="121.19269785471260547637939453125">
        <ele>4.19999980926513671875</ele>
        <time>2026-03-21T12:30:27.000Z</time>
        <extensions>
          <ns3:TrackPointExtension>
            <ns3:hr>152</ns3:hr>
            <ns3:cad>89</ns3:cad>
          </ns3:TrackPointExtension>
        </extensions>
      </trkpt>
      <trkpt lat="31.15982939489185810089111328125" lon="121.1926865391433238983154296875">
        <ele>4.19999980926513671875</ele>
        <time>2026-03-21T12:30:28.000Z</time>
        <extensions>
          <ns3:TrackPointExtension>
            <ns3:hr>152</ns3:hr>
            <ns3:cad>89</ns3:cad>
          </ns3:TrackPointExtension>
        </extensions>
      </trkpt>
      <trkpt lat="31.15985085256397724151611328125" lon="121.19267488829791545867919921875">
        <ele>4.19999980926513671875</ele>
        <time>2026-03-21T12:30:29.000Z</time>
        <extensions>
          <ns3:TrackPointExtension>
            <ns3:hr>152</ns3:hr>
            <ns3:cad>89</ns3:cad>
          </ns3:TrackPointExtension>
        </extensions>
      </trkpt>
      <trkpt lat="31.1598703823983669281005859375" lon="121.19266063906252384185791015625">
        <ele>4.19999980926513671875</ele>
        <time>2026-03-21T12:30:30.000Z</time>
        <extensions>
          <ns3:TrackPointExtension>
            <ns3:hr>152</ns3:hr>
            <ns3:cad>89</ns3:cad>
          </ns3:TrackPointExtension>
        </extensions>
      </trkpt>
      <trkpt lat="31.15989334881305694580078125" lon="121.1926479823887348175048828125">
        <ele>4.19999980926513671875</ele>
        <time>2026-03-21T12:30:31.000Z</time>
        <extensions>
          <ns3:TrackPointExtension>
            <ns3:hr>151</ns3:hr>
            <ns3:cad>89</ns3:cad>
          </ns3:TrackPointExtension>
        </extensions>
      </trkpt>
      <trkpt lat="31.15991455502808094024658203125" lon="121.19263197295367717742919921875">
        <ele>4.19999980926513671875</ele>
        <time>2026-03-21T12:30:32.000Z</time>
        <extensions>
          <ns3:TrackPointExtension>
            <ns3:hr>152</ns3:hr>
            <ns3:cad>89</ns3:cad>
          </ns3:TrackPointExtension>
        </extensions>
      </trkpt>
      <trkpt lat="31.15993802435696125030517578125" lon="121.192615292966365814208984375">
        <ele>4.19999980926513671875</ele>
        <time>2026-03-21T12:30:33.000Z</time>
        <extensions>
          <ns3:TrackPointExtension>
            <ns3:hr>152</ns3:hr>
            <ns3:cad>89</ns3:cad>
          </ns3:TrackPointExtension>
        </extensions>
      </trkpt>
      <trkpt lat="31.1599615775048732757568359375" lon="121.1926017142832279205322265625">
        <ele>4.19999980926513671875</ele>
        <time>2026-03-21T12:30:34.000Z</time>
        <extensions>
          <ns3:TrackPointExtension>
            <ns3:hr>152</ns3:hr>
            <ns3:cad>89</ns3:cad>
          </ns3:TrackPointExtension>
        </extensions>
      </trkpt>
      <trkpt lat="31.15998446010053157806396484375" lon="121.19258469901978969573974609375">
        <ele>4.19999980926513671875</ele>
        <time>2026-03-21T12:30:35.000Z</time>
        <extensions>
          <ns3:TrackPointExtension>
            <ns3:hr>152</ns3:hr>
            <ns3:cad>89</ns3:cad>
          </ns3:TrackPointExtension>
        </extensions>
      </trkpt>
      <trkpt lat="31.16000776179134845733642578125" lon="121.1925713717937469482421875">
        <ele>4.19999980926513671875</ele>
        <time>2026-03-21T12:30:36.000Z</time>
        <extensions>
          <ns3:TrackPointExtension>
            <ns3:hr>152</ns3:hr>
            <ns3:cad>89</ns3:cad>
          </ns3:TrackPointExtension>
        </extensions>
      </trkpt>
      <trkpt lat="31.1600319854915142059326171875" lon="121.19255837984383106231689453125">
        <ele>4.19999980926513671875</ele>
        <time>2026-03-21T12:30:37.000Z</time>
        <extensions>
          <ns3:TrackPointExtension>
            <ns3:hr>152</ns3:hr>
            <ns3:cad>89</ns3:cad>
          </ns3:TrackPointExtension>
        </extensions>
      </trkpt>
      <trkpt lat="31.1600578017532825469970703125" lon="121.1925440467894077301025390625">
        <ele>4</ele>
        <time>2026-03-21T12:30:38.000Z</time>
        <extensions>
          <ns3:TrackPointExtension>
            <ns3:hr>153</ns3:hr>
            <ns3:cad>88</ns3:cad>
          </ns3:TrackPointExtension>
        </extensions>
      </trkpt>
      <trkpt lat="31.16007816977798938751220703125" lon="121.19252837263047695159912109375">
        <ele>4</ele>
        <time>2026-03-21T12:30:39.000Z</time>
        <extensions>
          <ns3:TrackPointExtension>
            <ns3:hr>153</ns3:hr>
            <ns3:cad>88</ns3:cad>
          </ns3:TrackPointExtension>
        </extensions>
      </trkpt>
      <trkpt lat="31.1601032316684722900390625" lon="121.19251932017505168914794921875">
        <ele>4</ele>
        <time>2026-03-21T12:30:40.000Z</time>
        <extensions>
          <ns3:TrackPointExtension>
            <ns3:hr>153</ns3:hr>
            <ns3:cad>88</ns3:cad>
          </ns3:TrackPointExtension>
        </extensions>
      </trkpt>
      <trkpt lat="31.16012209095060825347900390625" lon="121.192507334053516387939453125">
        <ele>4.19999980926513671875</ele>
        <time>2026-03-21T12:30:41.000Z</time>
        <extensions>
          <ns3:TrackPointExtension>
            <ns3:hr>152</ns3:hr>
            <ns3:cad>89</ns3:cad>
          </ns3:TrackPointExtension>
        </extensions>
      </trkpt>
      <trkpt lat="31.160143800079822540283203125" lon="121.192495264112949371337890625">
        <ele>4.19999980926513671875</ele>
        <time>2026-03-21T12:30:42.000Z</time>
        <extensions>
          <ns3:TrackPointExtension>
            <ns3:hr>153</ns3:hr>
            <ns3:cad>89</ns3:cad>
          </ns3:TrackPointExtension>
        </extensions>
      </trkpt>
      <trkpt lat="31.160163916647434234619140625" lon="121.19247975759208202362060546875">
        <ele>4.19999980926513671875</ele>
        <time>2026-03-21T12:30:43.000Z</time>
        <extensions>
          <ns3:TrackPointExtension>
            <ns3:hr>153</ns3:hr>
            <ns3:cad>89</ns3:cad>
          </ns3:TrackPointExtension>
        </extensions>
      </trkpt>
      <trkpt lat="31.1601852066814899444580078125" lon="121.19246601127088069915771484375">
        <ele>4.19999980926513671875</ele>
        <time>2026-03-21T12:30:44.000Z</time>
        <extensions>
          <ns3:TrackPointExtension>
            <ns3:hr>153</ns3:hr>
            <ns3:cad>89</ns3:cad>
          </ns3:TrackPointExtension>
        </extensions>
      </trkpt>
      <trkpt lat="31.1602056585252285003662109375" lon="121.19245075620710849761962890625">
        <ele>4.19999980926513671875</ele>
        <time>2026-03-21T12:30:45.000Z</time>
        <extensions>
          <ns3:TrackPointExtension>
            <ns3:hr>153</ns3:hr>
            <ns3:cad>89</ns3:cad>
          </ns3:TrackPointExtension>
        </extensions>
      </trkpt>
      <trkpt lat="31.16022736765444278717041015625" lon="121.19243902154266834259033203125">
        <ele>4.19999980926513671875</ele>
        <time>2026-03-21T12:30:46.000Z</time>
        <extensions>
          <ns3:TrackPointExtension>
            <ns3:hr>152</ns3:hr>
            <ns3:cad>89</ns3:cad>
          </ns3:TrackPointExtension>
        </extensions>
      </trkpt>
      <trkpt lat="31.160245724022388458251953125" lon="121.1924226768314838409423828125">
        <ele>4.19999980926513671875</ele>
        <time>2026-03-21T12:30:47.000Z</time>
        <extensions>
          <ns3:TrackPointExtension>
            <ns3:hr>152</ns3:hr>
            <ns3:cad>88</ns3:cad>
          </ns3:TrackPointExtension>
        </extensions>
      </trkpt>
      <trkpt lat="31.16027045063674449920654296875" lon="121.19240532629191875457763671875">
        <ele>4.19999980926513671875</ele>
        <time>2026-03-21T12:30:48.000Z</time>
        <extensions>
          <ns3:TrackPointExtension>
            <ns3:hr>152</ns3:hr>
            <ns3:cad>88</ns3:cad>
          </ns3:TrackPointExtension>
        </extensions>
      </trkpt>
      <trkpt lat="31.16028939373791217803955078125" lon="121.19238906539976596832275390625">
        <ele>4.19999980926513671875</ele>
        <time>2026-03-21T12:30:49.000Z</time>
        <extensions>
          <ns3:TrackPointExtension>
            <ns3:hr>152</ns3:hr>
            <ns3:cad>89</ns3:cad>
          </ns3:TrackPointExtension>
        </extensions>
      </trkpt>
      <trkpt lat="31.1603196524083614349365234375" lon="121.1923764087259769439697265625">
        <ele>4</ele>
        <time>2026-03-21T12:30:50.000Z</time>
        <extensions>
          <ns3:TrackPointExtension>
            <ns3:hr>152</ns3:hr>
            <ns3:cad>89</ns3:cad>
          </ns3:TrackPointExtension>
        </extensions>
      </trkpt>
      <trkpt lat="31.1603421159088611602783203125" lon="121.19236241094768047332763671875">
        <ele>4</ele>
        <time>2026-03-21T12:30:51.000Z</time>
        <extensions>
          <ns3:TrackPointExtension>
            <ns3:hr>152</ns3:hr>
            <ns3:cad>90</ns3:cad>
          </ns3:TrackPointExtension>
        </extensions>
      </trkpt>
      <trkpt lat="31.16036675870418548583984375" lon="121.19235352613031864166259765625">
        <ele>4</ele>
        <time>2026-03-21T12:30:52.000Z</time>
        <extensions>
          <ns3:TrackPointExtension>
            <ns3:hr>152</ns3:hr>
            <ns3:cad>90</ns3:cad>
          </ns3:TrackPointExtension>
        </extensions>
      </trkpt>
      <trkpt lat="31.16038578562438488006591796875" lon="121.19233894161880016326904296875">
        <ele>4</ele>
        <time>2026-03-21T12:30:53.000Z</time>
        <extensions>
          <ns3:TrackPointExtension>
            <ns3:hr>152</ns3:hr>
            <ns3:cad>90</ns3:cad>
          </ns3:TrackPointExtension>
        </extensions>
      </trkpt>
      <trkpt lat="31.16040959022939205169677734375" lon="121.1923230998218059539794921875">
        <ele>4</ele>
        <time>2026-03-21T12:30:54.000Z</time>
        <extensions>
          <ns3:TrackPointExtension>
            <ns3:hr>152</ns3:hr>
            <ns3:cad>90</ns3:cad>
          </ns3:TrackPointExtension>
        </extensions>
      </trkpt>
      <trkpt lat="31.160430125892162322998046875" lon="121.19231128133833408355712890625">
        <ele>4</ele>
        <time>2026-03-21T12:30:55.000Z</time>
        <extensions>
          <ns3:TrackPointExtension>
            <ns3:hr>152</ns3:hr>
            <ns3:cad>90</ns3:cad>
          </ns3:TrackPointExtension>
        </extensions>
      </trkpt>
      <trkpt lat="31.1604547686874866485595703125" lon="121.1923058331012725830078125">
        <ele>4</ele>
        <time>2026-03-21T12:30:56.000Z</time>
        <extensions>
          <ns3:TrackPointExtension>
            <ns3:hr>151</ns3:hr>
            <ns3:cad>90</ns3:cad>
          </ns3:TrackPointExtension>
        </extensions>
      </trkpt>
      <trkpt lat="31.16047379560768604278564453125" lon="121.19229652918875217437744140625">
        <ele>4</ele>
        <time>2026-03-21T12:30:57.000Z</time>
        <extensions>
          <ns3:TrackPointExtension>
            <ns3:hr>152</ns3:hr>
            <ns3:cad>89</ns3:cad>
          </ns3:TrackPointExtension>
        </extensions>
      </trkpt>
      <trkpt lat="31.1604993604123592376708984375" lon="121.19229166768491268157958984375">
        <ele>4</ele>
        <time>2026-03-21T12:30:58.000Z</time>
        <extensions>
          <ns3:TrackPointExtension>
            <ns3:hr>152</ns3:hr>
            <ns3:cad>89</ns3:cad>
          </ns3:TrackPointExtension>
        </extensions>
      </trkpt>
      <trkpt lat="31.16051821969449520111083984375" lon="121.1922843754291534423828125">
        <ele>4</ele>
        <time>2026-03-21T12:30:59.000Z</time>
        <extensions>
          <ns3:TrackPointExtension>
            <ns3:hr>151</ns3:hr>
            <ns3:cad>89</ns3:cad>
          </ns3:TrackPointExtension>
        </extensions>
      </trkpt>
      <trkpt lat="31.160544455051422119140625" lon="121.19227540679275989532470703125">
        <ele>4.19999980926513671875</ele>
        <time>2026-03-21T12:31:00.000Z</time>
        <extensions>
          <ns3:TrackPointExtension>
            <ns3:hr>151</ns3:hr>
            <ns3:cad>89</ns3:cad>
          </ns3:TrackPointExtension>
        </extensions>
      </trkpt>
      <trkpt lat="31.1605637334287166595458984375" lon="121.19226685725152492523193359375">
        <ele>4.19999980926513671875</ele>
        <time>2026-03-21T12:31:01.000Z</time>
        <extensions>
          <ns3:TrackPointExtension>
            <ns3:hr>151</ns3:hr>
            <ns3:cad>88</ns3:cad>
          </ns3:TrackPointExtension>
        </extensions>
      </trkpt>
      <trkpt lat="31.16059483028948307037353515625" lon="121.19225763715803623199462890625">
        <ele>4.19999980926513671875</ele>
        <time>2026-03-21T12:31:02.000Z</time>
        <extensions>
          <ns3:TrackPointExtension>
            <ns3:hr>152</ns3:hr>
            <ns3:cad>88</ns3:cad>
          </ns3:TrackPointExtension>
        </extensions>
      </trkpt>
      <trkpt lat="31.16061377339065074920654296875" lon="121.1922479979693889617919921875">
        <ele>4.19999980926513671875</ele>
        <time>2026-03-21T12:31:03.000Z</time>
        <extensions>
          <ns3:TrackPointExtension>
            <ns3:hr>151</ns3:hr>
            <ns3:cad>87</ns3:cad>
          </ns3:TrackPointExtension>
        </extensions>
      </trkpt>
      <trkpt lat="31.16064227186143398284912109375" lon="121.19223634712398052215576171875">
        <ele>4.19999980926513671875</ele>
        <time>2026-03-21T12:31:04.000Z</time>
        <extensions>
          <ns3:TrackPointExtension>
            <ns3:hr>151</ns3:hr>
            <ns3:cad>88</ns3:cad>
          </ns3:TrackPointExtension>
        </extensions>
      </trkpt>
      <trkpt lat="31.16066356189548969268798828125" lon="121.192227713763713836669921875">
        <ele>4.19999980926513671875</ele>
        <time>2026-03-21T12:31:05.000Z</time>
        <extensions>
          <ns3:TrackPointExtension>
            <ns3:hr>150</ns3:hr>
            <ns3:cad>89</ns3:cad>
          </ns3:TrackPointExtension>
        </extensions>
      </trkpt>
      <trkpt lat="31.16069004870951175689697265625" lon="121.1922231875360012054443359375">
        <ele>4.19999980926513671875</ele>
        <time>2026-03-21T12:31:06.000Z</time>
        <extensions>
          <ns3:TrackPointExtension>
            <ns3:hr>150</ns3:hr>
            <ns3:cad>89</ns3:cad>
          </ns3:TrackPointExtension>
        </extensions>
      </trkpt>
      <trkpt lat="31.1607125960290431976318359375" lon="121.19221606291830539703369140625">
        <ele>4.19999980926513671875</ele>
        <time>2026-03-21T12:31:07.000Z</time>
        <extensions>
          <ns3:TrackPointExtension>
            <ns3:hr>150</ns3:hr>
            <ns3:cad>89</ns3:cad>
          </ns3:TrackPointExtension>
        </extensions>
      </trkpt>
      <trkpt lat="31.16073916666209697723388671875" lon="121.192211620509624481201171875">
        <ele>4.19999980926513671875</ele>
        <time>2026-03-21T12:31:08.000Z</time>
        <extensions>
          <ns3:TrackPointExtension>
            <ns3:hr>150</ns3:hr>
            <ns3:cad>89</ns3:cad>
          </ns3:TrackPointExtension>
        </extensions>
      </trkpt>
      <trkpt lat="31.1607628874480724334716796875" lon="121.19220986030995845794677734375">
        <ele>4.19999980926513671875</ele>
        <time>2026-03-21T12:31:09.000Z</time>
        <extensions>
          <ns3:TrackPointExtension>
            <ns3:hr>150</ns3:hr>
            <ns3:cad>89</ns3:cad>
          </ns3:TrackPointExtension>
        </extensions>
      </trkpt>
      <trkpt lat="31.1607887037098407745361328125" lon="121.192204914987087249755859375">
        <ele>4.19999980926513671875</ele>
        <time>2026-03-21T12:31:10.000Z</time>
        <extensions>
          <ns3:TrackPointExtension>
            <ns3:hr>150</ns3:hr>
            <ns3:cad>88</ns3:cad>
          </ns3:TrackPointExtension>
        </extensions>
      </trkpt>
      <trkpt lat="31.16081141866743564605712890625" lon="121.19220382533967494964599609375">
        <ele>4.400000095367431640625</ele>
        <time>2026-03-21T12:31:11.000Z</time>
        <extensions>
          <ns3:TrackPointExtension>
            <ns3:hr>150</ns3:hr>
            <ns3:cad>87</ns3:cad>
          </ns3:TrackPointExtension>
        </extensions>
      </trkpt>
      <trkpt lat="31.160833798348903656005859375" lon="121.1921987123787403106689453125">
        <ele>4.400000095367431640625</ele>
        <time>2026-03-21T12:31:12.000Z</time>
        <extensions>
          <ns3:TrackPointExtension>
            <ns3:hr>150</ns3:hr>
            <ns3:cad>88</ns3:cad>
          </ns3:TrackPointExtension>
        </extensions>
      </trkpt>
      <trkpt lat="31.16085886023938655853271484375" lon="121.192195527255535125732421875">
        <ele>4.400000095367431640625</ele>
        <time>2026-03-21T12:31:13.000Z</time>
        <extensions>
          <ns3:TrackPointExtension>
            <ns3:hr>151</ns3:hr>
            <ns3:cad>88</ns3:cad>
          </ns3:TrackPointExtension>
        </extensions>
      </trkpt>
      <trkpt lat="31.1608812399208545684814453125" lon="121.1921903304755687713623046875">
        <ele>4.400000095367431640625</ele>
        <time>2026-03-21T12:31:14.000Z</time>
        <extensions>
          <ns3:TrackPointExtension>
            <ns3:hr>151</ns3:hr>
            <ns3:cad>89</ns3:cad>
          </ns3:TrackPointExtension>
        </extensions>
      </trkpt>
      <trkpt lat="31.1609047092497348785400390625" lon="121.19218253530561923980712890625">
        <ele>4.400000095367431640625</ele>
        <time>2026-03-21T12:31:15.000Z</time>
        <extensions>
          <ns3:TrackPointExtension>
            <ns3:hr>151</ns3:hr>
            <ns3:cad>89</ns3:cad>
          </ns3:TrackPointExtension>
        </extensions>
      </trkpt>
      <trkpt lat="31.1609258316457271575927734375" lon="121.19217415340244770050048828125">
        <ele>4.400000095367431640625</ele>
        <time>2026-03-21T12:31:16.000Z</time>
        <extensions>
          <ns3:TrackPointExtension>
            <ns3:hr>152</ns3:hr>
            <ns3:cad>89</ns3:cad>
          </ns3:TrackPointExtension>
        </extensions>
      </trkpt>
      <trkpt lat="31.16095139645040035247802734375" lon="121.19217147119343280792236328125">
        <ele>4.400000095367431640625</ele>
        <time>2026-03-21T12:31:17.000Z</time>
        <extensions>
          <ns3:TrackPointExtension>
            <ns3:hr>152</ns3:hr>
            <ns3:cad>89</ns3:cad>
          </ns3:TrackPointExtension>
        </extensions>
      </trkpt>
      <trkpt lat="31.1609700880944728851318359375" lon="121.19216459803283214569091796875">
        <ele>4.19999980926513671875</ele>
        <time>2026-03-21T12:31:18.000Z</time>
        <extensions>
          <ns3:TrackPointExtension>
            <ns3:hr>152</ns3:hr>
            <ns3:cad>87</ns3:cad>
          </ns3:TrackPointExtension>
        </extensions>
      </trkpt>
      <trkpt lat="31.16099582053720951080322265625" lon="121.19216090999543666839599609375">
        <ele>4.400000095367431640625</ele>
        <time>2026-03-21T12:31:19.000Z</time>
        <extensions>
          <ns3:TrackPointExtension>
            <ns3:hr>153</ns3:hr>
            <ns3:cad>88</ns3:cad>
          </ns3:TrackPointExtension>
        </extensions>
      </trkpt>
      <trkpt lat="31.16101677529513835906982421875" lon="121.19215403683483600616455078125">
        <ele>4.400000095367431640625</ele>
        <time>2026-03-21T12:31:20.000Z</time>
        <extensions>
          <ns3:TrackPointExtension>
            <ns3:hr>153</ns3:hr>
            <ns3:cad>88</ns3:cad>
          </ns3:TrackPointExtension>
        </extensions>
      </trkpt>
      <trkpt lat="31.1610468663275241851806640625" lon="121.192152611911296844482421875">
        <ele>4.400000095367431640625</ele>
        <time>2026-03-21T12:31:21.000Z</time>
        <extensions>
          <ns3:TrackPointExtension>
            <ns3:hr>153</ns3:hr>
            <ns3:cad>88</ns3:cad>
          </ns3:TrackPointExtension>
        </extensions>
      </trkpt>
      <trkpt lat="31.16106639616191387176513671875" lon="121.1921420507133007049560546875">
        <ele>4.400000095367431640625</ele>
        <time>2026-03-21T12:31:22.000Z</time>
        <extensions>
          <ns3:TrackPointExtension>
            <ns3:hr>153</ns3:hr>
            <ns3:cad>88</ns3:cad>
          </ns3:TrackPointExtension>
        </extensions>
      </trkpt>
      <trkpt lat="31.1610911227762699127197265625" lon="121.19213308207690715789794921875">
        <ele>4.400000095367431640625</ele>
        <time>2026-03-21T12:31:23.000Z</time>
        <extensions>
          <ns3:TrackPointExtension>
            <ns3:hr>154</ns3:hr>
            <ns3:cad>88</ns3:cad>
          </ns3:TrackPointExtension>
        </extensions>
      </trkpt>
      <trkpt lat="31.1611115746200084686279296875" lon="121.19212352670729160308837890625">
        <ele>4.400000095367431640625</ele>
        <time>2026-03-21T12:31:24.000Z</time>
        <extensions>
          <ns3:TrackPointExtension>
            <ns3:hr>154</ns3:hr>
            <ns3:cad>88</ns3:cad>
          </ns3:TrackPointExtension>
        </extensions>
      </trkpt>
      <trkpt lat="31.16114032454788684844970703125" lon="121.19211615063250064849853515625">
        <ele>4.400000095367431640625</ele>
        <time>2026-03-21T12:31:25.000Z</time>
        <extensions>
          <ns3:TrackPointExtension>
            <ns3:hr>154</ns3:hr>
            <ns3:cad>88</ns3:cad>
          </ns3:TrackPointExtension>
        </extensions>
      </trkpt>
      <trkpt lat="31.161161363124847412109375" lon="121.192109026014804840087890625">
        <ele>4.400000095367431640625</ele>
        <time>2026-03-21T12:31:26.000Z</time>
        <extensions>
          <ns3:TrackPointExtension>
            <ns3:hr>154</ns3:hr>
            <ns3:cad>87</ns3:cad>
          </ns3:TrackPointExtension>
        </extensions>
      </trkpt>
      <trkpt lat="31.1611900292336940765380859375" lon="121.192101649940013885498046875">
        <ele>4.400000095367431640625</ele>
        <time>2026-03-21T12:31:27.000Z</time>
        <extensions>
          <ns3:TrackPointExtension>
            <ns3:hr>155</ns3:hr>
            <ns3:cad>87</ns3:cad>
          </ns3:TrackPointExtension>
        </extensions>
      </trkpt>
      <trkpt lat="31.16121643222868442535400390625" lon="121.1920977942645549774169921875">
        <ele>4.400000095367431640625</ele>
        <time>2026-03-21T12:31:28.000Z</time>
        <extensions>
          <ns3:TrackPointExtension>
            <ns3:hr>155</ns3:hr>
            <ns3:cad>87</ns3:cad>
          </ns3:TrackPointExtension>
        </extensions>
      </trkpt>
      <trkpt lat="31.16124275140464305877685546875" lon="121.19210056029260158538818359375">
        <ele>4.400000095367431640625</ele>
        <time>2026-03-21T12:31:29.000Z</time>
        <extensions>
          <ns3:TrackPointExtension>
            <ns3:hr>155</ns3:hr>
            <ns3:cad>88</ns3:cad>
          </ns3:TrackPointExtension>
        </extensions>
      </trkpt>
      <trkpt lat="31.161256246268749237060546875" lon="121.19212000630795955657958984375">
        <ele>4.400000095367431640625</ele>
        <time>2026-03-21T12:31:30.000Z</time>
        <extensions>
          <ns3:TrackPointExtension>
            <ns3:hr>154</ns3:hr>
            <ns3:cad>88</ns3:cad>
          </ns3:TrackPointExtension>
        </extensions>
      </trkpt>
      <trkpt lat="31.1612678132951259613037109375" lon="121.1921356804668903350830078125">
        <ele>4.400000095367431640625</ele>
        <time>2026-03-21T12:31:31.000Z</time>
        <extensions>
          <ns3:TrackPointExtension>
            <ns3:hr>155</ns3:hr>
            <ns3:cad>88</ns3:cad>
          </ns3:TrackPointExtension>
        </extensions>
      </trkpt>
      <trkpt lat="31.1612721718847751617431640625" lon="121.19216141290962696075439453125">
        <ele>4.400000095367431640625</ele>
        <time>2026-03-21T12:31:32.000Z</time>
        <extensions>
          <ns3:TrackPointExtension>
            <ns3:hr>155</ns3:hr>
            <ns3:cad>88</ns3:cad>
          </ns3:TrackPointExtension>
        </extensions>
      </trkpt>
      <trkpt lat="31.1612738482654094696044921875" lon="121.1921853013336658477783203125">
        <ele>4.400000095367431640625</ele>
        <time>2026-03-21T12:31:33.000Z</time>
        <extensions>
          <ns3:TrackPointExtension>
            <ns3:hr>154</ns3:hr>
            <ns3:cad>88</ns3:cad>
          </ns3:TrackPointExtension>
        </extensions>
      </trkpt>
      <trkpt lat="31.16127309389412403106689453125" lon="121.192212291061878204345703125">
        <ele>4.400000095367431640625</ele>
        <time>2026-03-21T12:31:34.000Z</time>
        <extensions>
          <ns3:TrackPointExtension>
            <ns3:hr>154</ns3:hr>
            <ns3:cad>89</ns3:cad>
          </ns3:TrackPointExtension>
        </extensions>
      </trkpt>
      <trkpt lat="31.1612758599221706390380859375" lon="121.1922414600849151611328125">
        <ele>4.400000095367431640625</ele>
        <time>2026-03-21T12:31:35.000Z</time>
        <extensions>
          <ns3:TrackPointExtension>
            <ns3:hr>154</ns3:hr>
            <ns3:cad>89</ns3:cad>
          </ns3:TrackPointExtension>
        </extensions>
      </trkpt>
      <trkpt lat="31.161278374493122100830078125" lon="121.19227155111730098724365234375">
        <ele>4.400000095367431640625</ele>
        <time>2026-03-21T12:31:36.000Z</time>
        <extensions>
          <ns3:TrackPointExtension>
            <ns3:hr>154</ns3:hr>
            <ns3:cad>90</ns3:cad>
          </ns3:TrackPointExtension>
        </extensions>
      </trkpt>
      <trkpt lat="31.16128382273018360137939453125" lon="121.1922982893884181976318359375">
        <ele>4.400000095367431640625</ele>
        <time>2026-03-21T12:31:37.000Z</time>
        <extensions>
          <ns3:TrackPointExtension>
            <ns3:hr>155</ns3:hr>
            <ns3:cad>90</ns3:cad>
          </ns3:TrackPointExtension>
        </extensions>
      </trkpt>
      <trkpt lat="31.1612892709672451019287109375" lon="121.19232972152531147003173828125">
        <ele>4.19999980926513671875</ele>
        <time>2026-03-21T12:31:38.000Z</time>
        <extensions>
          <ns3:TrackPointExtension>
            <ns3:hr>154</ns3:hr>
            <ns3:cad>90</ns3:cad>
          </ns3:TrackPointExtension>
        </extensions>
      </trkpt>
      <trkpt lat="31.161292456090450286865234375" lon="121.19235587306320667266845703125">
        <ele>4.19999980926513671875</ele>
        <time>2026-03-21T12:31:39.000Z</time>
        <extensions>
          <ns3:TrackPointExtension>
            <ns3:hr>154</ns3:hr>
            <ns3:cad>90</ns3:cad>
          </ns3:TrackPointExtension>
        </extensions>
      </trkpt>
      <trkpt lat="31.1612949706614017486572265625" lon="121.1923925019800662994384765625">
        <ele>4.19999980926513671875</ele>
        <time>2026-03-21T12:31:40.000Z</time>
        <extensions>
          <ns3:TrackPointExtension>
            <ns3:hr>155</ns3:hr>
            <ns3:cad>89</ns3:cad>
          </ns3:TrackPointExtension>
        </extensions>
      </trkpt>
      <trkpt lat="31.16130326874554157257080078125" lon="121.192420162260532379150390625">
        <ele>4.19999980926513671875</ele>
        <time>2026-03-21T12:31:41.000Z</time>
        <extensions>
          <ns3:TrackPointExtension>
            <ns3:hr>154</ns3:hr>
            <ns3:cad>88</ns3:cad>
          </ns3:TrackPointExtension>
        </extensions>
      </trkpt>
      <trkpt lat="31.16130377165973186492919921875" lon="121.19245360605418682098388671875">
        <ele>4.400000095367431640625</ele>
        <time>2026-03-21T12:31:42.000Z</time>
        <extensions>
          <ns3:TrackPointExtension>
            <ns3:hr>154</ns3:hr>
            <ns3:cad>88</ns3:cad>
          </ns3:TrackPointExtension>
        </extensions>
      </trkpt>
      <trkpt lat="31.161306202411651611328125" lon="121.19247816503047943115234375">
        <ele>4.19999980926513671875</ele>
        <time>2026-03-21T12:31:43.000Z</time>
        <extensions>
          <ns3:TrackPointExtension>
            <ns3:hr>155</ns3:hr>
            <ns3:cad>89</ns3:cad>
          </ns3:TrackPointExtension>
        </extensions>
      </trkpt>
      <trkpt lat="31.16130645386874675750732421875" lon="121.19251445867121219635009765625">
        <ele>4.19999980926513671875</ele>
        <time>2026-03-21T12:31:44.000Z</time>
        <extensions>
          <ns3:TrackPointExtension>
            <ns3:hr>154</ns3:hr>
            <ns3:cad>89</ns3:cad>
          </ns3:TrackPointExtension>
        </extensions>
      </trkpt>
      <trkpt lat="31.16130863316357135772705078125" lon="121.19254077784717082977294921875">
        <ele>4.19999980926513671875</ele>
        <time>2026-03-21T12:31:45.000Z</time>
        <extensions>
          <ns3:TrackPointExtension>
            <ns3:hr>154</ns3:hr>
            <ns3:cad>89</ns3:cad>
          </ns3:TrackPointExtension>
        </extensions>
      </trkpt>
      <trkpt lat="31.1613087169826030731201171875" lon="121.19257430545985698699951171875">
        <ele>4.19999980926513671875</ele>
        <time>2026-03-21T12:31:46.000Z</time>
        <extensions>
          <ns3:TrackPointExtension>
            <ns3:hr>155</ns3:hr>
            <ns3:cad>89</ns3:cad>
          </ns3:TrackPointExtension>
        </extensions>
      </trkpt>
      <trkpt lat="31.161309890449047088623046875" lon="121.1926003731787204742431640625">
        <ele>4.19999980926513671875</ele>
        <time>2026-03-21T12:31:47.000Z</time>
        <extensions>
          <ns3:TrackPointExtension>
            <ns3:hr>154</ns3:hr>
            <ns3:cad>89</ns3:cad>
          </ns3:TrackPointExtension>
        </extensions>
      </trkpt>
      <trkpt lat="31.16132036782801151275634765625" lon="121.1926275305449962615966796875">
        <ele>4.19999980926513671875</ele>
        <time>2026-03-21T12:31:48.000Z</time>
        <extensions>
          <ns3:TrackPointExtension>
            <ns3:hr>154</ns3:hr>
            <ns3:cad>89</ns3:cad>
          </ns3:TrackPointExtension>
        </extensions>
      </trkpt>
      <trkpt lat="31.16132388822734355926513671875" lon="121.19264890439808368682861328125">
        <ele>4.19999980926513671875</ele>
        <time>2026-03-21T12:31:49.000Z</time>
        <extensions>
          <ns3:TrackPointExtension>
            <ns3:hr>154</ns3:hr>
            <ns3:cad>89</ns3:cad>
          </ns3:TrackPointExtension>
        </extensions>
      </trkpt>
      <trkpt lat="31.1613291688263416290283203125" lon="121.19267840869724750518798828125">
        <ele>4.19999980926513671875</ele>
        <time>2026-03-21T12:31:50.000Z</time>
        <extensions>
          <ns3:TrackPointExtension>
            <ns3:hr>154</ns3:hr>
            <ns3:cad>88</ns3:cad>
          </ns3:TrackPointExtension>
        </extensions>
      </trkpt>
      <trkpt lat="31.1613331921398639678955078125" lon="121.1927026323974132537841796875">
        <ele>4.19999980926513671875</ele>
        <time>2026-03-21T12:31:51.000Z</time>
        <extensions>
          <ns3:TrackPointExtension>
            <ns3:hr>154</ns3:hr>
            <ns3:cad>88</ns3:cad>
          </ns3:TrackPointExtension>
        </extensions>
      </trkpt>
      <trkpt lat="31.1613362096250057220458984375" lon="121.1927291192114353179931640625">
        <ele>4.19999980926513671875</ele>
        <time>2026-03-21T12:31:52.000Z</time>
        <extensions>
          <ns3:TrackPointExtension>
            <ns3:hr>155</ns3:hr>
            <ns3:cad>89</ns3:cad>
          </ns3:TrackPointExtension>
        </extensions>
      </trkpt>
      <trkpt lat="31.16133897565305233001708984375" lon="121.19275577366352081298828125">
        <ele>4.19999980926513671875</ele>
        <time>2026-03-21T12:31:53.000Z</time>
        <extensions>
          <ns3:TrackPointExtension>
            <ns3:hr>154</ns3:hr>
            <ns3:cad>89</ns3:cad>
          </ns3:TrackPointExtension>
        </extensions>
      </trkpt>
      <trkpt lat="31.16134442389011383056640625" lon="121.19278452359139919281005859375">
        <ele>4.19999980926513671875</ele>
        <time>2026-03-21T12:31:54.000Z</time>
        <extensions>
          <ns3:TrackPointExtension>
            <ns3:hr>154</ns3:hr>
            <ns3:cad>89</ns3:cad>
          </ns3:TrackPointExtension>
        </extensions>
      </trkpt>
      <trkpt lat="31.161346770823001861572265625" lon="121.1928122676908969879150390625">
        <ele>4.19999980926513671875</ele>
        <time>2026-03-21T12:31:55.000Z</time>
        <extensions>
          <ns3:TrackPointExtension>
            <ns3:hr>154</ns3:hr>
            <ns3:cad>89</ns3:cad>
          </ns3:TrackPointExtension>
        </extensions>
      </trkpt>
      <trkpt lat="31.1613536439836025238037109375" lon="121.19283892214298248291015625">
        <ele>4.19999980926513671875</ele>
        <time>2026-03-21T12:31:56.000Z</time>
        <extensions>
          <ns3:TrackPointExtension>
            <ns3:hr>154</ns3:hr>
            <ns3:cad>88</ns3:cad>
          </ns3:TrackPointExtension>
        </extensions>
      </trkpt>
      <trkpt lat="31.16135993041098117828369140625" lon="121.19286968372762203216552734375">
        <ele>4.400000095367431640625</ele>
        <time>2026-03-21T12:31:57.000Z</time>
        <extensions>
          <ns3:TrackPointExtension>
            <ns3:hr>154</ns3:hr>
            <ns3:cad>87</ns3:cad>
          </ns3:TrackPointExtension>
        </extensions>
      </trkpt>
      <trkpt lat="31.16136529482901096343994140625" lon="121.19289332069456577301025390625">
        <ele>4.400000095367431640625</ele>
        <time>2026-03-21T12:31:58.000Z</time>
        <extensions>
          <ns3:TrackPointExtension>
            <ns3:hr>153</ns3:hr>
            <ns3:cad>87</ns3:cad>
          </ns3:TrackPointExtension>
        </extensions>
      </trkpt>
      <trkpt lat="31.1613626964390277862548828125" lon="121.19292332790791988372802734375">
        <ele>4.400000095367431640625</ele>
        <time>2026-03-21T12:31:59.000Z</time>
        <extensions>
          <ns3:TrackPointExtension>
            <ns3:hr>153</ns3:hr>
            <ns3:cad>88</ns3:cad>
          </ns3:TrackPointExtension>
        </extensions>
      </trkpt>
      <trkpt lat="31.16136613301932811737060546875" lon="121.19294294156134128570556640625">
        <ele>4.400000095367431640625</ele>
        <time>2026-03-21T12:32:00.000Z</time>
        <extensions>
          <ns3:TrackPointExtension>
            <ns3:hr>153</ns3:hr>
            <ns3:cad>88</ns3:cad>
          </ns3:TrackPointExtension>
        </extensions>
      </trkpt>
      <trkpt lat="31.16136965341866016387939453125" lon="121.19296942837536334991455078125">
        <ele>4.400000095367431640625</ele>
        <time>2026-03-21T12:32:01.000Z</time>
        <extensions>
          <ns3:TrackPointExtension>
            <ns3:hr>153</ns3:hr>
            <ns3:cad>88</ns3:cad>
          </ns3:TrackPointExtension>
        </extensions>
      </trkpt>
      <trkpt lat="31.16137417964637279510498046875" lon="121.1929943226277828216552734375">
        <ele>4.400000095367431640625</ele>
        <time>2026-03-21T12:32:02.000Z</time>
        <extensions>
          <ns3:TrackPointExtension>
            <ns3:hr>153</ns3:hr>
            <ns3:cad>88</ns3:cad>
          </ns3:TrackPointExtension>
        </extensions>
      </trkpt>
      <trkpt lat="31.1613757722079753875732421875" lon="121.19302290491759777069091796875">
        <ele>4.400000095367431640625</ele>
        <time>2026-03-21T12:32:03.000Z</time>
        <extensions>
          <ns3:TrackPointExtension>
            <ns3:hr>153</ns3:hr>
            <ns3:cad>88</ns3:cad>
          </ns3:TrackPointExtension>
        </extensions>
      </trkpt>
      <trkpt lat="31.16137971170246601104736328125" lon="121.19304151274263858795166015625">
        <ele>4.400000095367431640625</ele>
        <time>2026-03-21T12:32:04.000Z</time>
        <extensions>
          <ns3:TrackPointExtension>
            <ns3:hr>153</ns3:hr>
            <ns3:cad>88</ns3:cad>
          </ns3:TrackPointExtension>
        </extensions>
      </trkpt>
      <trkpt lat="31.1613771133124828338623046875" lon="121.19307453744113445281982421875">
        <ele>4.400000095367431640625</ele>
        <time>2026-03-21T12:32:05.000Z</time>
        <extensions>
          <ns3:TrackPointExtension>
            <ns3:hr>153</ns3:hr>
            <ns3:cad>87</ns3:cad>
          </ns3:TrackPointExtension>
        </extensions>
      </trkpt>
      <trkpt lat="31.16138038225471973419189453125" lon="121.19309498928487300872802734375">
        <ele>4.400000095367431640625</ele>
        <time>2026-03-21T12:32:06.000Z</time>
        <extensions>
          <ns3:TrackPointExtension>
            <ns3:hr>152</ns3:hr>
            <ns3:cad>87</ns3:cad>
          </ns3:TrackPointExtension>
        </extensions>
      </trkpt>
      <trkpt lat="31.1613784544169902801513671875" lon="121.19313036091625690460205078125">
        <ele>4.400000095367431640625</ele>
        <time>2026-03-21T12:32:07.000Z</time>
        <extensions>
          <ns3:TrackPointExtension>
            <ns3:hr>152</ns3:hr>
            <ns3:cad>88</ns3:cad>
          </ns3:TrackPointExtension>
        </extensions>
      </trkpt>
      <trkpt lat="31.1613851599395275115966796875" lon="121.19315584190189838409423828125">
        <ele>4.19999980926513671875</ele>
        <time>2026-03-21T12:32:08.000Z</time>
        <extensions>
          <ns3:TrackPointExtension>
            <ns3:hr>152</ns3:hr>
            <ns3:cad>89</ns3:cad>
          </ns3:TrackPointExtension>
        </extensions>
      </trkpt>
      <trkpt lat="31.16139261983335018157958984375" lon="121.1931871064007282257080078125">
        <ele>4.19999980926513671875</ele>
        <time>2026-03-21T12:32:09.000Z</time>
        <extensions>
          <ns3:TrackPointExtension>
            <ns3:hr>152</ns3:hr>
            <ns3:cad>89</ns3:cad>
          </ns3:TrackPointExtension>
        </extensions>
      </trkpt>
      <trkpt lat="31.16139496676623821258544921875" lon="121.1932109110057353973388671875">
        <ele>4.19999980926513671875</ele>
        <time>2026-03-21T12:32:10.000Z</time>
        <extensions>
          <ns3:TrackPointExtension>
            <ns3:hr>151</ns3:hr>
            <ns3:cad>89</ns3:cad>
          </ns3:TrackPointExtension>
        </extensions>
      </trkpt>
      <trkpt lat="31.161400415003299713134765625" lon="121.193240582942962646484375">
        <ele>4.19999980926513671875</ele>
        <time>2026-03-21T12:32:11.000Z</time>
        <extensions>
          <ns3:TrackPointExtension>
            <ns3:hr>151</ns3:hr>
            <ns3:cad>88</ns3:cad>
          </ns3:TrackPointExtension>
        </extensions>
      </trkpt>
      <trkpt lat="31.1614039354026317596435546875" lon="121.193270422518253326416015625">
        <ele>4.19999980926513671875</ele>
        <time>2026-03-21T12:32:12.000Z</time>
        <extensions>
          <ns3:TrackPointExtension>
            <ns3:hr>151</ns3:hr>
            <ns3:cad>88</ns3:cad>
          </ns3:TrackPointExtension>
        </extensions>
      </trkpt>
      <trkpt lat="31.16141156293451786041259765625" lon="121.1933024413883686065673828125">
        <ele>4.19999980926513671875</ele>
        <time>2026-03-21T12:32:13.000Z</time>
        <extensions>
          <ns3:TrackPointExtension>
            <ns3:hr>151</ns3:hr>
            <ns3:cad>88</ns3:cad>
          </ns3:TrackPointExtension>
        </extensions>
      </trkpt>
      <trkpt lat="31.1614170111715793609619140625" lon="121.19332976639270782470703125">
        <ele>4.19999980926513671875</ele>
        <time>2026-03-21T12:32:14.000Z</time>
        <extensions>
          <ns3:TrackPointExtension>
            <ns3:hr>151</ns3:hr>
            <ns3:cad>88</ns3:cad>
          </ns3:TrackPointExtension>
        </extensions>
      </trkpt>
      <trkpt lat="31.16142547689378261566162109375" lon="121.1933480389416217803955078125">
        <ele>4.19999980926513671875</ele>
        <time>2026-03-21T12:32:15.000Z</time>
        <extensions>
          <ns3:TrackPointExtension>
            <ns3:hr>151</ns3:hr>
            <ns3:cad>88</ns3:cad>
          </ns3:TrackPointExtension>
        </extensions>
      </trkpt>
      <trkpt lat="31.16143100894987583160400390625" lon="121.19338014163076877593994140625">
        <ele>4.19999980926513671875</ele>
        <time>2026-03-21T12:32:16.000Z</time>
        <extensions>
          <ns3:TrackPointExtension>
            <ns3:hr>151</ns3:hr>
            <ns3:cad>88</ns3:cad>
          </ns3:TrackPointExtension>
        </extensions>
      </trkpt>
      <trkpt lat="31.16143804974853992462158203125" lon="121.19340126402676105499267578125">
        <ele>4.19999980926513671875</ele>
        <time>2026-03-21T12:32:17.000Z</time>
        <extensions>
          <ns3:TrackPointExtension>
            <ns3:hr>151</ns3:hr>
            <ns3:cad>88</ns3:cad>
          </ns3:TrackPointExtension>
        </extensions>
      </trkpt>
      <trkpt lat="31.1614381335675716400146484375" lon="121.19343169033527374267578125">
        <ele>4.19999980926513671875</ele>
        <time>2026-03-21T12:32:18.000Z</time>
        <extensions>
          <ns3:TrackPointExtension>
            <ns3:hr>151</ns3:hr>
            <ns3:cad>88</ns3:cad>
          </ns3:TrackPointExtension>
        </extensions>
      </trkpt>
      <trkpt lat="31.161440312862396240234375" lon="121.193456836044788360595703125">
        <ele>4.19999980926513671875</ele>
        <time>2026-03-21T12:32:19.000Z</time>
        <extensions>
          <ns3:TrackPointExtension>
            <ns3:hr>150</ns3:hr>
            <ns3:cad>88</ns3:cad>
          </ns3:TrackPointExtension>
        </extensions>
      </trkpt>
      <trkpt lat="31.1614458449184894561767578125" lon="121.19348960928618907928466796875">
        <ele>4.19999980926513671875</ele>
        <time>2026-03-21T12:32:20.000Z</time>
        <extensions>
          <ns3:TrackPointExtension>
            <ns3:hr>150</ns3:hr>
            <ns3:cad>86</ns3:cad>
          </ns3:TrackPointExtension>
        </extensions>
      </trkpt>
      <trkpt lat="31.161451376974582672119140625" lon="121.1935123242437839508056640625">
        <ele>4.19999980926513671875</ele>
        <time>2026-03-21T12:32:21.000Z</time>
        <extensions>
          <ns3:TrackPointExtension>
            <ns3:hr>150</ns3:hr>
            <ns3:cad>87</ns3:cad>
          </ns3:TrackPointExtension>
        </extensions>
      </trkpt>
      <trkpt lat="31.16145112551748752593994140625" lon="121.193539313971996307373046875">
        <ele>4.19999980926513671875</ele>
        <time>2026-03-21T12:32:22.000Z</time>
        <extensions>
          <ns3:TrackPointExtension>
            <ns3:hr>150</ns3:hr>
            <ns3:cad>88</ns3:cad>
          </ns3:TrackPointExtension>
        </extensions>
      </trkpt>
      <trkpt lat="31.161462105810642242431640625" lon="121.19355800561606884002685546875">
        <ele>4.19999980926513671875</ele>
        <time>2026-03-21T12:32:23.000Z</time>
        <extensions>
          <ns3:TrackPointExtension>
            <ns3:hr>150</ns3:hr>
            <ns3:cad>88</ns3:cad>
          </ns3:TrackPointExtension>
        </extensions>
      </trkpt>
      <trkpt lat="31.16146973334252834320068359375" lon="121.19358516298234462738037109375">
        <ele>4.19999980926513671875</ele>
        <time>2026-03-21T12:32:24.000Z</time>
        <extensions>
          <ns3:TrackPointExtension>
            <ns3:hr>150</ns3:hr>
            <ns3:cad>88</ns3:cad>
          </ns3:TrackPointExtension>
        </extensions>
      </trkpt>
      <trkpt lat="31.161472499370574951171875" lon="121.1936112307012081146240234375">
        <ele>4.19999980926513671875</ele>
        <time>2026-03-21T12:32:25.000Z</time>
        <extensions>
          <ns3:TrackPointExtension>
            <ns3:hr>150</ns3:hr>
            <ns3:cad>88</ns3:cad>
          </ns3:TrackPointExtension>
        </extensions>
      </trkpt>
      <trkpt lat="31.16147660650312900543212890625" lon="121.19363679550588130950927734375">
        <ele>4.19999980926513671875</ele>
        <time>2026-03-21T12:32:26.000Z</time>
        <extensions>
          <ns3:TrackPointExtension>
            <ns3:hr>150</ns3:hr>
            <ns3:cad>88</ns3:cad>
          </ns3:TrackPointExtension>
        </extensions>
      </trkpt>
      <trkpt lat="31.16148046217858791351318359375" lon="121.1936635337769985198974609375">
        <ele>4.19999980926513671875</ele>
        <time>2026-03-21T12:32:27.000Z</time>
        <extensions>
          <ns3:TrackPointExtension>
            <ns3:hr>150</ns3:hr>
            <ns3:cad>87</ns3:cad>
          </ns3:TrackPointExtension>
        </extensions>
      </trkpt>
      <trkpt lat="31.16148096509277820587158203125" lon="121.1936880089342594146728515625">
        <ele>4.19999980926513671875</ele>
        <time>2026-03-21T12:32:28.000Z</time>
        <extensions>
          <ns3:TrackPointExtension>
            <ns3:hr>150</ns3:hr>
            <ns3:cad>87</ns3:cad>
          </ns3:TrackPointExtension>
        </extensions>
      </trkpt>
      <trkpt lat="31.161479540169239044189453125" lon="121.19371659122407436370849609375">
        <ele>4</ele>
        <time>2026-03-21T12:32:29.000Z</time>
        <extensions>
          <ns3:TrackPointExtension>
            <ns3:hr>150</ns3:hr>
            <ns3:cad>87</ns3:cad>
          </ns3:TrackPointExtension>
        </extensions>
      </trkpt>
      <trkpt lat="31.1614830605685710906982421875" lon="121.19374777190387248992919921875">
        <ele>4</ele>
        <time>2026-03-21T12:32:30.000Z</time>
        <extensions>
          <ns3:TrackPointExtension>
            <ns3:hr>150</ns3:hr>
            <ns3:cad>88</ns3:cad>
          </ns3:TrackPointExtension>
        </extensions>
      </trkpt>
      <trkpt lat="31.16149521432816982269287109375" lon="121.1937738396227359771728515625">
        <ele>4</ele>
        <time>2026-03-21T12:32:31.000Z</time>
        <extensions>
          <ns3:TrackPointExtension>
            <ns3:hr>150</ns3:hr>
            <ns3:cad>89</ns3:cad>
          </ns3:TrackPointExtension>
        </extensions>
      </trkpt>
      <trkpt lat="31.16150678135454654693603515625" lon="121.19380493648350238800048828125">
        <ele>4</ele>
        <time>2026-03-21T12:32:32.000Z</time>
        <extensions>
          <ns3:TrackPointExtension>
            <ns3:hr>150</ns3:hr>
            <ns3:cad>90</ns3:cad>
          </ns3:TrackPointExtension>
        </extensions>
      </trkpt>
      <trkpt lat="31.1615194380283355712890625" lon="121.19383402168750762939453125">
        <ele>4</ele>
        <time>2026-03-21T12:32:33.000Z</time>
        <extensions>
          <ns3:TrackPointExtension>
            <ns3:hr>150</ns3:hr>
            <ns3:cad>90</ns3:cad>
          </ns3:TrackPointExtension>
        </extensions>
      </trkpt>
      <trkpt lat="31.16153377108275890350341796875" lon="121.19385975413024425506591796875">
        <ele>4</ele>
        <time>2026-03-21T12:32:34.000Z</time>
        <extensions>
          <ns3:TrackPointExtension>
            <ns3:hr>150</ns3:hr>
            <ns3:cad>90</ns3:cad>
          </ns3:TrackPointExtension>
        </extensions>
      </trkpt>
      <trkpt lat="31.16154885850846767425537109375" lon="121.1938868276774883270263671875">
        <ele>4</ele>
        <time>2026-03-21T12:32:35.000Z</time>
        <extensions>
          <ns3:TrackPointExtension>
            <ns3:hr>149</ns3:hr>
            <ns3:cad>89</ns3:cad>
          </ns3:TrackPointExtension>
        </extensions>
      </trkpt>
      <trkpt lat="31.1615621857345104217529296875" lon="121.19390987791121006011962890625">
        <ele>4</ele>
        <time>2026-03-21T12:32:36.000Z</time>
        <extensions>
          <ns3:TrackPointExtension>
            <ns3:hr>150</ns3:hr>
            <ns3:cad>89</ns3:cad>
          </ns3:TrackPointExtension>
        </extensions>
      </trkpt>
      <trkpt lat="31.16156763397157192230224609375" lon="121.193938963115215301513671875">
        <ele>4</ele>
        <time>2026-03-21T12:32:37.000Z</time>
        <extensions>
          <ns3:TrackPointExtension>
            <ns3:hr>149</ns3:hr>
            <ns3:cad>89</ns3:cad>
          </ns3:TrackPointExtension>
        </extensions>
      </trkpt>
      <trkpt lat="31.16157383657991886138916015625" lon="121.1939632706344127655029296875">
        <ele>4</ele>
        <time>2026-03-21T12:32:38.000Z</time>
        <extensions>
          <ns3:TrackPointExtension>
            <ns3:hr>149</ns3:hr>
            <ns3:cad>89</ns3:cad>
          </ns3:TrackPointExtension>
        </extensions>
      </trkpt>
      <trkpt lat="31.16157735697925090789794921875" lon="121.1939929425716400146484375">
        <ele>4</ele>
        <time>2026-03-21T12:32:39.000Z</time>
        <extensions>
          <ns3:TrackPointExtension>
            <ns3:hr>150</ns3:hr>
            <ns3:cad>89</ns3:cad>
          </ns3:TrackPointExtension>
        </extensions>
      </trkpt>
      <trkpt lat="31.1615839786827564239501953125" lon="121.1940165795385837554931640625">
        <ele>4</ele>
        <time>2026-03-21T12:32:40.000Z</time>
        <extensions>
          <ns3:TrackPointExtension>
            <ns3:hr>150</ns3:hr>
            <ns3:cad>89</ns3:cad>
          </ns3:TrackPointExtension>
        </extensions>
      </trkpt>
      <trkpt lat="31.1615886725485324859619140625" lon="121.1940494365990161895751953125">
        <ele>4</ele>
        <time>2026-03-21T12:32:41.000Z</time>
        <extensions>
          <ns3:TrackPointExtension>
            <ns3:hr>150</ns3:hr>
            <ns3:cad>89</ns3:cad>
          </ns3:TrackPointExtension>
        </extensions>
      </trkpt>
      <trkpt lat="31.1615943722426891326904296875" lon="121.19407332502305507659912109375">
        <ele>3.7999999523162841796875</ele>
        <time>2026-03-21T12:32:42.000Z</time>
        <extensions>
          <ns3:TrackPointExtension>
            <ns3:hr>149</ns3:hr>
            <ns3:cad>89</ns3:cad>
          </ns3:TrackPointExtension>
        </extensions>
      </trkpt>
      <trkpt lat="31.1615967191755771636962890625" lon="121.1941055953502655029296875">
        <ele>3.7999999523162841796875</ele>
        <time>2026-03-21T12:32:43.000Z</time>
        <extensions>
          <ns3:TrackPointExtension>
            <ns3:hr>150</ns3:hr>
            <ns3:cad>88</ns3:cad>
          </ns3:TrackPointExtension>
        </extensions>
      </trkpt>
      <trkpt lat="31.16159797646105289459228515625" lon="121.19412881322205066680908203125">
        <ele>3.7999999523162841796875</ele>
        <time>2026-03-21T12:32:44.000Z</time>
        <extensions>
          <ns3:TrackPointExtension>
            <ns3:hr>150</ns3:hr>
            <ns3:cad>88</ns3:cad>
          </ns3:TrackPointExtension>
        </extensions>
      </trkpt>
      <trkpt lat="31.161598898470401763916015625" lon="121.19416267611086368560791015625">
        <ele>3.7999999523162841796875</ele>
        <time>2026-03-21T12:32:45.000Z</time>
        <extensions>
          <ns3:TrackPointExtension>
            <ns3:hr>149</ns3:hr>
            <ns3:cad>89</ns3:cad>
          </ns3:TrackPointExtension>
        </extensions>
      </trkpt>
      <trkpt lat="31.1616052687168121337890625" lon="121.19418664835393428802490234375">
        <ele>3.7999999523162841796875</ele>
        <time>2026-03-21T12:32:46.000Z</time>
        <extensions>
          <ns3:TrackPointExtension>
            <ns3:hr>150</ns3:hr>
            <ns3:cad>89</ns3:cad>
          </ns3:TrackPointExtension>
        </extensions>
      </trkpt>
      <trkpt lat="31.16160954348742961883544921875" lon="121.19422051124274730682373046875">
        <ele>3.7999999523162841796875</ele>
        <time>2026-03-21T12:32:47.000Z</time>
        <extensions>
          <ns3:TrackPointExtension>
            <ns3:hr>150</ns3:hr>
            <ns3:cad>89</ns3:cad>
          </ns3:TrackPointExtension>
        </extensions>
      </trkpt>
      <trkpt lat="31.1616171710193157196044921875" lon="121.1942450702190399169921875">
        <ele>4</ele>
        <time>2026-03-21T12:32:48.000Z</time>
        <extensions>
          <ns3:TrackPointExtension>
            <ns3:hr>150</ns3:hr>
            <ns3:cad>89</ns3:cad>
          </ns3:TrackPointExtension>
        </extensions>
      </trkpt>
      <trkpt lat="31.16162261925637722015380859375" lon="121.1942821182310581207275390625">
        <ele>4</ele>
        <time>2026-03-21T12:32:49.000Z</time>
        <extensions>
          <ns3:TrackPointExtension>
            <ns3:hr>150</ns3:hr>
            <ns3:cad>89</ns3:cad>
          </ns3:TrackPointExtension>
        </extensions>
      </trkpt>
      <trkpt lat="31.16162882186472415924072265625" lon="121.1943082697689533233642578125">
        <ele>4</ele>
        <time>2026-03-21T12:32:50.000Z</time>
        <extensions>
          <ns3:TrackPointExtension>
            <ns3:hr>149</ns3:hr>
            <ns3:cad>89</ns3:cad>
          </ns3:TrackPointExtension>
        </extensions>
      </trkpt>
      <trkpt lat="31.161631755530834197998046875" lon="121.19433961808681488037109375">
        <ele>4</ele>
        <time>2026-03-21T12:32:51.000Z</time>
        <extensions>
          <ns3:TrackPointExtension>
            <ns3:hr>150</ns3:hr>
            <ns3:cad>88</ns3:cad>
          </ns3:TrackPointExtension>
        </extensions>
      </trkpt>
      <trkpt lat="31.16163653321564197540283203125" lon="121.194367110729217529296875">
        <ele>4</ele>
        <time>2026-03-21T12:32:52.000Z</time>
        <extensions>
          <ns3:TrackPointExtension>
            <ns3:hr>150</ns3:hr>
            <ns3:cad>88</ns3:cad>
          </ns3:TrackPointExtension>
        </extensions>
      </trkpt>
      <trkpt lat="31.16164022125303745269775390625" lon="121.19440021924674510955810546875">
        <ele>4</ele>
        <time>2026-03-21T12:32:53.000Z</time>
        <extensions>
          <ns3:TrackPointExtension>
            <ns3:hr>150</ns3:hr>
            <ns3:cad>88</ns3:cad>
          </ns3:TrackPointExtension>
        </extensions>
      </trkpt>
      <trkpt lat="31.1616429872810840606689453125" lon="121.19442687369883060455322265625">
        <ele>4</ele>
        <time>2026-03-21T12:32:54.000Z</time>
        <extensions>
          <ns3:TrackPointExtension>
            <ns3:hr>150</ns3:hr>
            <ns3:cad>89</ns3:cad>
          </ns3:TrackPointExtension>
        </extensions>
      </trkpt>
      <trkpt lat="31.16164759732782840728759765625" lon="121.19445822201669216156005859375">
        <ele>3.7999999523162841796875</ele>
        <time>2026-03-21T12:32:55.000Z</time>
        <extensions>
          <ns3:TrackPointExtension>
            <ns3:hr>150</ns3:hr>
            <ns3:cad>90</ns3:cad>
          </ns3:TrackPointExtension>
        </extensions>
      </trkpt>
      <trkpt lat="31.1616513691842555999755859375" lon="121.194488145411014556884765625">
        <ele>3.7999999523162841796875</ele>
        <time>2026-03-21T12:32:56.000Z</time>
        <extensions>
          <ns3:TrackPointExtension>
            <ns3:hr>150</ns3:hr>
            <ns3:cad>90</ns3:cad>
          </ns3:TrackPointExtension>
        </extensions>
      </trkpt>
      <trkpt lat="31.16165715269744396209716796875" lon="121.19451572187244892120361328125">
        <ele>3.7999999523162841796875</ele>
        <time>2026-03-21T12:32:57.000Z</time>
        <extensions>
          <ns3:TrackPointExtension>
            <ns3:hr>150</ns3:hr>
            <ns3:cad>90</ns3:cad>
          </ns3:TrackPointExtension>
        </extensions>
      </trkpt>
      <trkpt lat="31.16166335530579090118408203125" lon="121.194548495113849639892578125">
        <ele>3.7999999523162841796875</ele>
        <time>2026-03-21T12:32:58.000Z</time>
        <extensions>
          <ns3:TrackPointExtension>
            <ns3:hr>151</ns3:hr>
            <ns3:cad>88</ns3:cad>
          </ns3:TrackPointExtension>
        </extensions>
      </trkpt>
      <trkpt lat="31.16166804917156696319580078125" lon="121.194575987756252288818359375">
        <ele>3.7999999523162841796875</ele>
        <time>2026-03-21T12:32:59.000Z</time>
        <extensions>
          <ns3:TrackPointExtension>
            <ns3:hr>151</ns3:hr>
            <ns3:cad>88</ns3:cad>
          </ns3:TrackPointExtension>
        </extensions>
      </trkpt>
      <trkpt lat="31.16166955791413784027099609375" lon="121.19460490532219409942626953125">
        <ele>3.7999999523162841796875</ele>
        <time>2026-03-21T12:33:00.000Z</time>
        <extensions>
          <ns3:TrackPointExtension>
            <ns3:hr>151</ns3:hr>
            <ns3:cad>88</ns3:cad>
          </ns3:TrackPointExtension>
        </extensions>
      </trkpt>
      <trkpt lat="31.16167425177991390228271484375" lon="121.194628961384296417236328125">
        <ele>3.7999999523162841796875</ele>
        <time>2026-03-21T12:33:01.000Z</time>
        <extensions>
          <ns3:TrackPointExtension>
            <ns3:hr>151</ns3:hr>
            <ns3:cad>89</ns3:cad>
          </ns3:TrackPointExtension>
        </extensions>
      </trkpt>
      <trkpt lat="31.1616775207221508026123046875" lon="121.19466357864439487457275390625">
        <ele>3.7999999523162841796875</ele>
        <time>2026-03-21T12:33:02.000Z</time>
        <extensions>
          <ns3:TrackPointExtension>
            <ns3:hr>151</ns3:hr>
            <ns3:cad>90</ns3:cad>
          </ns3:TrackPointExtension>
        </extensions>
      </trkpt>
      <trkpt lat="31.16168766282498836517333984375" lon="121.19468989782035350799560546875">
        <ele>3.7999999523162841796875</ele>
        <time>2026-03-21T12:33:03.000Z</time>
        <extensions>
          <ns3:TrackPointExtension>
            <ns3:hr>152</ns3:hr>
            <ns3:cad>90</ns3:cad>
          </ns3:TrackPointExtension>
        </extensions>
      </trkpt>
      <trkpt lat="31.16168917156755924224853515625" lon="121.19472560472786426544189453125">
        <ele>4</ele>
        <time>2026-03-21T12:33:04.000Z</time>
        <extensions>
          <ns3:TrackPointExtension>
            <ns3:hr>152</ns3:hr>
            <ns3:cad>90</ns3:cad>
          </ns3:TrackPointExtension>
        </extensions>
      </trkpt>
      <trkpt lat="31.16169671528041362762451171875" lon="121.1947498284280300140380859375">
        <ele>4</ele>
        <time>2026-03-21T12:33:05.000Z</time>
        <extensions>
          <ns3:TrackPointExtension>
            <ns3:hr>152</ns3:hr>
            <ns3:cad>88</ns3:cad>
          </ns3:TrackPointExtension>
        </extensions>
      </trkpt>
      <trkpt lat="31.1616996489465236663818359375" lon="121.1947873793542385101318359375">
        <ele>4</ele>
        <time>2026-03-21T12:33:06.000Z</time>
        <extensions>
          <ns3:TrackPointExtension>
            <ns3:hr>152</ns3:hr>
            <ns3:cad>88</ns3:cad>
          </ns3:TrackPointExtension>
        </extensions>
      </trkpt>
      <trkpt lat="31.16170895285904407501220703125" lon="121.19480825029313564300537109375">
        <ele>4</ele>
        <time>2026-03-21T12:33:07.000Z</time>
        <extensions>
          <ns3:TrackPointExtension>
            <ns3:hr>153</ns3:hr>
            <ns3:cad>87</ns3:cad>
          </ns3:TrackPointExtension>
        </extensions>
      </trkpt>
      <trkpt lat="31.1617125570774078369140625" lon="121.194844543933868408203125">
        <ele>4</ele>
        <time>2026-03-21T12:33:08.000Z</time>
        <extensions>
          <ns3:TrackPointExtension>
            <ns3:hr>153</ns3:hr>
            <ns3:cad>88</ns3:cad>
          </ns3:TrackPointExtension>
        </extensions>
      </trkpt>
      <trkpt lat="31.16172051988542079925537109375" lon="121.19486575014889240264892578125">
        <ele>4</ele>
        <time>2026-03-21T12:33:09.000Z</time>
        <extensions>
          <ns3:TrackPointExtension>
            <ns3:hr>153</ns3:hr>
            <ns3:cad>88</ns3:cad>
          </ns3:TrackPointExtension>
        </extensions>
      </trkpt>
      <trkpt lat="31.1617254652082920074462890625" lon="121.19489885866641998291015625">
        <ele>4</ele>
        <time>2026-03-21T12:33:10.000Z</time>
        <extensions>
          <ns3:TrackPointExtension>
            <ns3:hr>153</ns3:hr>
            <ns3:cad>89</ns3:cad>
          </ns3:TrackPointExtension>
        </extensions>
      </trkpt>
      <trkpt lat="31.1617315001785755157470703125" lon="121.1949251778423786163330078125">
        <ele>4</ele>
        <time>2026-03-21T12:33:11.000Z</time>
        <extensions>
          <ns3:TrackPointExtension>
            <ns3:hr>154</ns3:hr>
            <ns3:cad>89</ns3:cad>
          </ns3:TrackPointExtension>
        </extensions>
      </trkpt>
      <trkpt lat="31.16173476912081241607666015625" lon="121.194962561130523681640625">
        <ele>3.7999999523162841796875</ele>
        <time>2026-03-21T12:33:12.000Z</time>
        <extensions>
          <ns3:TrackPointExtension>
            <ns3:hr>154</ns3:hr>
            <ns3:cad>89</ns3:cad>
          </ns3:TrackPointExtension>
        </extensions>
      </trkpt>
      <trkpt lat="31.16173946298658847808837890625" lon="121.19498594664037227630615234375">
        <ele>3.7999999523162841796875</ele>
        <time>2026-03-21T12:33:13.000Z</time>
        <extensions>
          <ns3:TrackPointExtension>
            <ns3:hr>154</ns3:hr>
            <ns3:cad>89</ns3:cad>
          </ns3:TrackPointExtension>
        </extensions>
      </trkpt>
      <trkpt lat="31.16174147464334964752197265625" lon="121.19501687586307525634765625">
        <ele>3.7999999523162841796875</ele>
        <time>2026-03-21T12:33:14.000Z</time>
        <extensions>
          <ns3:TrackPointExtension>
            <ns3:hr>154</ns3:hr>
            <ns3:cad>88</ns3:cad>
          </ns3:TrackPointExtension>
        </extensions>
      </trkpt>
      <trkpt lat="31.16174834780395030975341796875" lon="121.1950421892106533050537109375">
        <ele>3.7999999523162841796875</ele>
        <time>2026-03-21T12:33:15.000Z</time>
        <extensions>
          <ns3:TrackPointExtension>
            <ns3:hr>154</ns3:hr>
            <ns3:cad>88</ns3:cad>
          </ns3:TrackPointExtension>
        </extensions>
      </trkpt>
      <trkpt lat="31.16175002418458461761474609375" lon="121.1950747109949588775634765625">
        <ele>3.7999999523162841796875</ele>
        <time>2026-03-21T12:33:16.000Z</time>
        <extensions>
          <ns3:TrackPointExtension>
            <ns3:hr>154</ns3:hr>
            <ns3:cad>88</ns3:cad>
          </ns3:TrackPointExtension>
        </extensions>
      </trkpt>
      <trkpt lat="31.16175689734518527984619140625" lon="121.19509742595255374908447265625">
        <ele>4</ele>
        <time>2026-03-21T12:33:17.000Z</time>
        <extensions>
          <ns3:TrackPointExtension>
            <ns3:hr>154</ns3:hr>
            <ns3:cad>89</ns3:cad>
          </ns3:TrackPointExtension>
        </extensions>
      </trkpt>
      <trkpt lat="31.16175941191613674163818359375" lon="121.19512642733752727508544921875">
        <ele>4</ele>
        <time>2026-03-21T12:33:18.000Z</time>
        <extensions>
          <ns3:TrackPointExtension>
            <ns3:hr>155</ns3:hr>
            <ns3:cad>89</ns3:cad>
          </ns3:TrackPointExtension>
        </extensions>
      </trkpt>
      <trkpt lat="31.1617648601531982421875" lon="121.19515500962734222412109375">
        <ele>4</ele>
        <time>2026-03-21T12:33:19.000Z</time>
        <extensions>
          <ns3:TrackPointExtension>
            <ns3:hr>155</ns3:hr>
            <ns3:cad>89</ns3:cad>
          </ns3:TrackPointExtension>
        </extensions>
      </trkpt>
      <trkpt lat="31.16176812909543514251708984375" lon="121.19518241845071315765380859375">
        <ele>4</ele>
        <time>2026-03-21T12:33:20.000Z</time>
        <extensions>
          <ns3:TrackPointExtension>
            <ns3:hr>155</ns3:hr>
            <ns3:cad>89</ns3:cad>
          </ns3:TrackPointExtension>
        </extensions>
      </trkpt>
      <trkpt lat="31.16177567280828952789306640625" lon="121.19520664215087890625">
        <ele>4</ele>
        <time>2026-03-21T12:33:21.000Z</time>
        <extensions>
          <ns3:TrackPointExtension>
            <ns3:hr>154</ns3:hr>
            <ns3:cad>88</ns3:cad>
          </ns3:TrackPointExtension>
        </extensions>
      </trkpt>
      <trkpt lat="31.161779947578907012939453125" lon="121.19523438625037670135498046875">
        <ele>3.7999999523162841796875</ele>
        <time>2026-03-21T12:33:22.000Z</time>
        <extensions>
          <ns3:TrackPointExtension>
            <ns3:hr>155</ns3:hr>
            <ns3:cad>88</ns3:cad>
          </ns3:TrackPointExtension>
        </extensions>
      </trkpt>
      <trkpt lat="31.16178187541663646697998046875" lon="121.1952654831111431121826171875">
        <ele>3.7999999523162841796875</ele>
        <time>2026-03-21T12:33:23.000Z</time>
        <extensions>
          <ns3:TrackPointExtension>
            <ns3:hr>155</ns3:hr>
            <ns3:cad>88</ns3:cad>
          </ns3:TrackPointExtension>
        </extensions>
      </trkpt>
      <trkpt lat="31.1617844738066196441650390625" lon="121.19529406540095806121826171875">
        <ele>3.7999999523162841796875</ele>
        <time>2026-03-21T12:33:24.000Z</time>
        <extensions>
          <ns3:TrackPointExtension>
            <ns3:hr>154</ns3:hr>
            <ns3:cad>89</ns3:cad>
          </ns3:TrackPointExtension>
        </extensions>
      </trkpt>
      <trkpt lat="31.16178832948207855224609375" lon="121.1953241564333438873291015625">
        <ele>3.7999999523162841796875</ele>
        <time>2026-03-21T12:33:25.000Z</time>
        <extensions>
          <ns3:TrackPointExtension>
            <ns3:hr>155</ns3:hr>
            <ns3:cad>89</ns3:cad>
          </ns3:TrackPointExtension>
        </extensions>
      </trkpt>
      <trkpt lat="31.1617928557097911834716796875" lon="121.19535122998058795928955078125">
        <ele>3.7999999523162841796875</ele>
        <time>2026-03-21T12:33:26.000Z</time>
        <extensions>
          <ns3:TrackPointExtension>
            <ns3:hr>155</ns3:hr>
            <ns3:cad>89</ns3:cad>
          </ns3:TrackPointExtension>
        </extensions>
      </trkpt>
      <trkpt lat="31.1617930233478546142578125" lon="121.19538358412683010101318359375">
        <ele>3.7999999523162841796875</ele>
        <time>2026-03-21T12:33:27.000Z</time>
        <extensions>
          <ns3:TrackPointExtension>
            <ns3:hr>154</ns3:hr>
            <ns3:cad>89</ns3:cad>
          </ns3:TrackPointExtension>
        </extensions>
      </trkpt>
      <trkpt lat="31.1617988906800746917724609375" lon="121.19540923275053501129150390625">
        <ele>3.7999999523162841796875</ele>
        <time>2026-03-21T12:33:28.000Z</time>
        <extensions>
          <ns3:TrackPointExtension>
            <ns3:hr>155</ns3:hr>
            <ns3:cad>89</ns3:cad>
          </ns3:TrackPointExtension>
        </extensions>
      </trkpt>
      <trkpt lat="31.16179729811847209930419921875" lon="121.19544276036322116851806640625">
        <ele>3.7999999523162841796875</ele>
        <time>2026-03-21T12:33:29.000Z</time>
        <extensions>
          <ns3:TrackPointExtension>
            <ns3:hr>155</ns3:hr>
            <ns3:cad>88</ns3:cad>
          </ns3:TrackPointExtension>
        </extensions>
      </trkpt>
      <trkpt lat="31.1618009023368358612060546875" lon="121.1954700015485286712646484375">
        <ele>3.7999999523162841796875</ele>
        <time>2026-03-21T12:33:30.000Z</time>
        <extensions>
          <ns3:TrackPointExtension>
            <ns3:hr>154</ns3:hr>
            <ns3:cad>88</ns3:cad>
          </ns3:TrackPointExtension>
        </extensions>
      </trkpt>
      <trkpt lat="31.1617978848516941070556640625" lon="121.19550428353250026702880859375">
        <ele>3.7999999523162841796875</ele>
        <time>2026-03-21T12:33:31.000Z</time>
        <extensions>
          <ns3:TrackPointExtension>
            <ns3:hr>155</ns3:hr>
            <ns3:cad>89</ns3:cad>
          </ns3:TrackPointExtension>
        </extensions>
      </trkpt>
      <trkpt lat="31.1618010699748992919921875" lon="121.195530854165554046630859375">
        <ele>3.7999999523162841796875</ele>
        <time>2026-03-21T12:33:32.000Z</time>
        <extensions>
          <ns3:TrackPointExtension>
            <ns3:hr>155</ns3:hr>
            <ns3:cad>89</ns3:cad>
          </ns3:TrackPointExtension>
        </extensions>
      </trkpt>
      <trkpt lat="31.1617938615381717681884765625" lon="121.19556379504501819610595703125">
        <ele>3.7999999523162841796875</ele>
        <time>2026-03-21T12:33:33.000Z</time>
        <extensions>
          <ns3:TrackPointExtension>
            <ns3:hr>154</ns3:hr>
            <ns3:cad>89</ns3:cad>
          </ns3:TrackPointExtension>
        </extensions>
      </trkpt>
      <trkpt lat="31.1617982201278209686279296875" lon="121.19558894075453281402587890625">
        <ele>3.7999999523162841796875</ele>
        <time>2026-03-21T12:33:34.000Z</time>
        <extensions>
          <ns3:TrackPointExtension>
            <ns3:hr>155</ns3:hr>
            <ns3:cad>89</ns3:cad>
          </ns3:TrackPointExtension>
        </extensions>
      </trkpt>
      <trkpt lat="31.1617901735007762908935546875" lon="121.1956188641488552093505859375">
        <ele>3.7999999523162841796875</ele>
        <time>2026-03-21T12:33:35.000Z</time>
        <extensions>
          <ns3:TrackPointExtension>
            <ns3:hr>155</ns3:hr>
            <ns3:cad>88</ns3:cad>
          </ns3:TrackPointExtension>
        </extensions>
      </trkpt>
      <trkpt lat="31.161781959235668182373046875" lon="121.1956453509628772735595703125">
        <ele>3.7999999523162841796875</ele>
        <time>2026-03-21T12:33:36.000Z</time>
        <extensions>
          <ns3:TrackPointExtension>
            <ns3:hr>154</ns3:hr>
            <ns3:cad>88</ns3:cad>
          </ns3:TrackPointExtension>
        </extensions>
      </trkpt>
      <trkpt lat="31.16177022457122802734375" lon="121.1956745199859142303466796875">
        <ele>3.7999999523162841796875</ele>
        <time>2026-03-21T12:33:37.000Z</time>
        <extensions>
          <ns3:TrackPointExtension>
            <ns3:hr>155</ns3:hr>
            <ns3:cad>88</ns3:cad>
          </ns3:TrackPointExtension>
        </extensions>
      </trkpt>
      <trkpt lat="31.16176326759159564971923828125" lon="121.1956959776580333709716796875">
        <ele>3.7999999523162841796875</ele>
        <time>2026-03-21T12:33:38.000Z</time>
        <extensions>
          <ns3:TrackPointExtension>
            <ns3:hr>155</ns3:hr>
            <ns3:cad>88</ns3:cad>
          </ns3:TrackPointExtension>
        </extensions>
      </trkpt>
      <trkpt lat="31.1617489345371723175048828125" lon="121.19571953080594539642333984375">
        <ele>3.7999999523162841796875</ele>
        <time>2026-03-21T12:33:39.000Z</time>
        <extensions>
          <ns3:TrackPointExtension>
            <ns3:hr>154</ns3:hr>
            <ns3:cad>88</ns3:cad>
          </ns3:TrackPointExtension>
        </extensions>
      </trkpt>
      <trkpt lat="31.1617415584623813629150390625" lon="121.1957388930022716522216796875">
        <ele>3.7999999523162841796875</ele>
        <time>2026-03-21T12:33:40.000Z</time>
        <extensions>
          <ns3:TrackPointExtension>
            <ns3:hr>155</ns3:hr>
            <ns3:cad>89</ns3:cad>
          </ns3:TrackPointExtension>
        </extensions>
      </trkpt>
      <trkpt lat="31.16172839887440204620361328125" lon="121.19576387107372283935546875">
        <ele>3.7999999523162841796875</ele>
        <time>2026-03-21T12:33:41.000Z</time>
        <extensions>
          <ns3:TrackPointExtension>
            <ns3:hr>155</ns3:hr>
            <ns3:cad>89</ns3:cad>
          </ns3:TrackPointExtension>
        </extensions>
      </trkpt>
      <trkpt lat="31.16171322762966156005859375" lon="121.195784322917461395263671875">
        <ele>3.7999999523162841796875</ele>
        <time>2026-03-21T12:33:42.000Z</time>
        <extensions>
          <ns3:TrackPointExtension>
            <ns3:hr>154</ns3:hr>
            <ns3:cad>89</ns3:cad>
          </ns3:TrackPointExtension>
        </extensions>
      </trkpt>
      <trkpt lat="31.16169520653784275054931640625" lon="121.19580368511378765106201171875">
        <ele>4</ele>
        <time>2026-03-21T12:33:43.000Z</time>
        <extensions>
          <ns3:TrackPointExtension>
            <ns3:hr>155</ns3:hr>
            <ns3:cad>89</ns3:cad>
          </ns3:TrackPointExtension>
        </extensions>
      </trkpt>
      <trkpt lat="31.1616791971027851104736328125" lon="121.1958207003772258758544921875">
        <ele>3.7999999523162841796875</ele>
        <time>2026-03-21T12:33:44.000Z</time>
        <extensions>
          <ns3:TrackPointExtension>
            <ns3:hr>155</ns3:hr>
            <ns3:cad>89</ns3:cad>
          </ns3:TrackPointExtension>
        </extensions>
      </trkpt>
      <trkpt lat="31.1616654507815837860107421875" lon="121.19583838619291782379150390625">
        <ele>3.7999999523162841796875</ele>
        <time>2026-03-21T12:33:45.000Z</time>
        <extensions>
          <ns3:TrackPointExtension>
            <ns3:hr>154</ns3:hr>
            <ns3:cad>88</ns3:cad>
          </ns3:TrackPointExtension>
        </extensions>
      </trkpt>
      <trkpt lat="31.16164826788008213043212890625" lon="121.19585598818957805633544921875">
        <ele>3.7999999523162841796875</ele>
        <time>2026-03-21T12:33:46.000Z</time>
        <extensions>
          <ns3:TrackPointExtension>
            <ns3:hr>154</ns3:hr>
            <ns3:cad>88</ns3:cad>
          </ns3:TrackPointExtension>
        </extensions>
      </trkpt>
      <trkpt lat="31.16163250990211963653564453125" lon="121.19587644003331661224365234375">
        <ele>3.7999999523162841796875</ele>
        <time>2026-03-21T12:33:47.000Z</time>
        <extensions>
          <ns3:TrackPointExtension>
            <ns3:hr>154</ns3:hr>
            <ns3:cad>89</ns3:cad>
          </ns3:TrackPointExtension>
        </extensions>
      </trkpt>
      <trkpt lat="31.16161256097257137298583984375" lon="121.19589588604867458343505859375">
        <ele>3.7999999523162841796875</ele>
        <time>2026-03-21T12:33:48.000Z</time>
        <extensions>
          <ns3:TrackPointExtension>
            <ns3:hr>154</ns3:hr>
            <ns3:cad>89</ns3:cad>
          </ns3:TrackPointExtension>
        </extensions>
      </trkpt>
      <trkpt lat="31.1615963838994503021240234375" lon="121.1959139071404933929443359375">
        <ele>3.7999999523162841796875</ele>
        <time>2026-03-21T12:33:49.000Z</time>
        <extensions>
          <ns3:TrackPointExtension>
            <ns3:hr>154</ns3:hr>
            <ns3:cad>89</ns3:cad>
          </ns3:TrackPointExtension>
        </extensions>
      </trkpt>
      <trkpt lat="31.1615759320557117462158203125" lon="121.19592723436653614044189453125">
        <ele>3.7999999523162841796875</ele>
        <time>2026-03-21T12:33:50.000Z</time>
        <extensions>
          <ns3:TrackPointExtension>
            <ns3:hr>154</ns3:hr>
            <ns3:cad>89</ns3:cad>
          </ns3:TrackPointExtension>
        </extensions>
      </trkpt>
      <trkpt lat="31.1615605093538761138916015625" lon="121.19594156742095947265625">
        <ele>3.7999999523162841796875</ele>
        <time>2026-03-21T12:33:51.000Z</time>
        <extensions>
          <ns3:TrackPointExtension>
            <ns3:hr>155</ns3:hr>
            <ns3:cad>88</ns3:cad>
          </ns3:TrackPointExtension>
        </extensions>
      </trkpt>
      <trkpt lat="31.1615367047488689422607421875" lon="121.195957660675048828125">
        <ele>3.7999999523162841796875</ele>
        <time>2026-03-21T12:33:52.000Z</time>
        <extensions>
          <ns3:TrackPointExtension>
            <ns3:hr>154</ns3:hr>
            <ns3:cad>88</ns3:cad>
          </ns3:TrackPointExtension>
        </extensions>
      </trkpt>
      <trkpt lat="31.16151834838092327117919921875" lon="121.1959722451865673065185546875">
        <ele>3.7999999523162841796875</ele>
        <time>2026-03-21T12:33:53.000Z</time>
        <extensions>
          <ns3:TrackPointExtension>
            <ns3:hr>154</ns3:hr>
            <ns3:cad>87</ns3:cad>
          </ns3:TrackPointExtension>
        </extensions>
      </trkpt>
      <trkpt lat="31.1614944599568843841552734375" lon="121.195990182459354400634765625">
        <ele>3.7999999523162841796875</ele>
        <time>2026-03-21T12:33:54.000Z</time>
        <extensions>
          <ns3:TrackPointExtension>
            <ns3:hr>154</ns3:hr>
            <ns3:cad>89</ns3:cad>
          </ns3:TrackPointExtension>
        </extensions>
      </trkpt>
      <trkpt lat="31.1614719964563846588134765625" lon="121.196004264056682586669921875">
        <ele>3.599999904632568359375</ele>
        <time>2026-03-21T12:33:55.000Z</time>
        <extensions>
          <ns3:TrackPointExtension>
            <ns3:hr>154</ns3:hr>
            <ns3:cad>89</ns3:cad>
          </ns3:TrackPointExtension>
        </extensions>
      </trkpt>
      <trkpt lat="31.16144441999495029449462890625" lon="121.196029745042324066162109375">
        <ele>3.599999904632568359375</ele>
        <time>2026-03-21T12:33:56.000Z</time>
        <extensions>
          <ns3:TrackPointExtension>
            <ns3:hr>154</ns3:hr>
            <ns3:cad>90</ns3:cad>
          </ns3:TrackPointExtension>
        </extensions>
      </trkpt>
      <trkpt lat="31.1614253930747509002685546875" lon="121.19604726321995258331298828125">
        <ele>3.599999904632568359375</ele>
        <time>2026-03-21T12:33:57.000Z</time>
        <extensions>
          <ns3:TrackPointExtension>
            <ns3:hr>154</ns3:hr>
            <ns3:cad>90</ns3:cad>
          </ns3:TrackPointExtension>
        </extensions>
      </trkpt>
      <trkpt lat="31.161405779421329498291015625" lon="121.196064613759517669677734375">
        <ele>3.599999904632568359375</ele>
        <time>2026-03-21T12:33:58.000Z</time>
        <extensions>
          <ns3:TrackPointExtension>
            <ns3:hr>155</ns3:hr>
            <ns3:cad>90</ns3:cad>
          </ns3:TrackPointExtension>
        </extensions>
      </trkpt>
      <trkpt lat="31.1613895185291767120361328125" lon="121.19608297012746334075927734375">
        <ele>3.599999904632568359375</ele>
        <time>2026-03-21T12:33:59.000Z</time>
        <extensions>
          <ns3:TrackPointExtension>
            <ns3:hr>154</ns3:hr>
            <ns3:cad>89</ns3:cad>
          </ns3:TrackPointExtension>
        </extensions>
      </trkpt>
      <trkpt lat="31.16136864759027957916259765625" lon="121.19610627181828022003173828125">
        <ele>3.599999904632568359375</ele>
        <time>2026-03-21T12:34:00.000Z</time>
        <extensions>
          <ns3:TrackPointExtension>
            <ns3:hr>154</ns3:hr>
            <ns3:cad>88</ns3:cad>
          </ns3:TrackPointExtension>
        </extensions>
      </trkpt>
      <trkpt lat="31.16134836338460445404052734375" lon="121.19612571783363819122314453125">
        <ele>3.599999904632568359375</ele>
        <time>2026-03-21T12:34:01.000Z</time>
        <extensions>
          <ns3:TrackPointExtension>
            <ns3:hr>154</ns3:hr>
            <ns3:cad>88</ns3:cad>
          </ns3:TrackPointExtension>
        </extensions>
      </trkpt>
      <trkpt lat="31.16132891736924648284912109375" lon="121.19614365510642528533935546875">
        <ele>3.599999904632568359375</ele>
        <time>2026-03-21T12:34:02.000Z</time>
        <extensions>
          <ns3:TrackPointExtension>
            <ns3:hr>155</ns3:hr>
            <ns3:cad>89</ns3:cad>
          </ns3:TrackPointExtension>
        </extensions>
      </trkpt>
      <trkpt lat="31.16130762733519077301025390625" lon="121.19616142474114894866943359375">
        <ele>3.599999904632568359375</ele>
        <time>2026-03-21T12:34:03.000Z</time>
        <extensions>
          <ns3:TrackPointExtension>
            <ns3:hr>154</ns3:hr>
            <ns3:cad>89</ns3:cad>
          </ns3:TrackPointExtension>
        </extensions>
      </trkpt>
      <trkpt lat="31.16128834895789623260498046875" lon="121.196179278194904327392578125">
        <ele>3.599999904632568359375</ele>
        <time>2026-03-21T12:34:04.000Z</time>
        <extensions>
          <ns3:TrackPointExtension>
            <ns3:hr>154</ns3:hr>
            <ns3:cad>89</ns3:cad>
          </ns3:TrackPointExtension>
        </extensions>
      </trkpt>
      <trkpt lat="31.16126823239028453826904296875" lon="121.196196377277374267578125">
        <ele>3.599999904632568359375</ele>
        <time>2026-03-21T12:34:05.000Z</time>
        <extensions>
          <ns3:TrackPointExtension>
            <ns3:hr>154</ns3:hr>
            <ns3:cad>89</ns3:cad>
          </ns3:TrackPointExtension>
        </extensions>
      </trkpt>
      <trkpt lat="31.161252558231353759765625" lon="121.1962146498262882232666015625">
        <ele>3.599999904632568359375</ele>
        <time>2026-03-21T12:34:06.000Z</time>
        <extensions>
          <ns3:TrackPointExtension>
            <ns3:hr>155</ns3:hr>
            <ns3:cad>89</ns3:cad>
          </ns3:TrackPointExtension>
        </extensions>
      </trkpt>
      <trkpt lat="31.1612309329211711883544921875" lon="121.19623367674648761749267578125">
        <ele>3.7999999523162841796875</ele>
        <time>2026-03-21T12:34:07.000Z</time>
        <extensions>
          <ns3:TrackPointExtension>
            <ns3:hr>155</ns3:hr>
            <ns3:cad>89</ns3:cad>
          </ns3:TrackPointExtension>
        </extensions>
      </trkpt>
      <trkpt lat="31.1612148396670818328857421875" lon="121.1962532065808773040771484375">
        <ele>3.7999999523162841796875</ele>
        <time>2026-03-21T12:34:08.000Z</time>
        <extensions>
          <ns3:TrackPointExtension>
            <ns3:hr>154</ns3:hr>
            <ns3:cad>87</ns3:cad>
          </ns3:TrackPointExtension>
        </extensions>
      </trkpt>
      <trkpt lat="31.16118751466274261474609375" lon="121.1962783522903919219970703125">
        <ele>3.7999999523162841796875</ele>
        <time>2026-03-21T12:34:09.000Z</time>
        <extensions>
          <ns3:TrackPointExtension>
            <ns3:hr>154</ns3:hr>
            <ns3:cad>87</ns3:cad>
          </ns3:TrackPointExtension>
        </extensions>
      </trkpt>
      <trkpt lat="31.16117049939930438995361328125" lon="121.1963004805147647857666015625">
        <ele>3.7999999523162841796875</ele>
        <time>2026-03-21T12:34:10.000Z</time>
        <extensions>
          <ns3:TrackPointExtension>
            <ns3:hr>154</ns3:hr>
            <ns3:cad>88</ns3:cad>
          </ns3:TrackPointExtension>
        </extensions>
      </trkpt>
      <trkpt lat="31.16114736534655094146728515625" lon="121.19632235728204250335693359375">
        <ele>3.7999999523162841796875</ele>
        <time>2026-03-21T12:34:11.000Z</time>
        <extensions>
          <ns3:TrackPointExtension>
            <ns3:hr>155</ns3:hr>
            <ns3:cad>88</ns3:cad>
          </ns3:TrackPointExtension>
        </extensions>
      </trkpt>
      <trkpt lat="31.16112875752151012420654296875" lon="121.19633995927870273590087890625">
        <ele>3.7999999523162841796875</ele>
        <time>2026-03-21T12:34:12.000Z</time>
        <extensions>
          <ns3:TrackPointExtension>
            <ns3:hr>154</ns3:hr>
            <ns3:cad>89</ns3:cad>
          </ns3:TrackPointExtension>
        </extensions>
      </trkpt>
      <trkpt lat="31.1611021868884563446044921875" lon="121.19636074639856815338134765625">
        <ele>3.7999999523162841796875</ele>
        <time>2026-03-21T12:34:13.000Z</time>
        <extensions>
          <ns3:TrackPointExtension>
            <ns3:hr>154</ns3:hr>
            <ns3:cad>89</ns3:cad>
          </ns3:TrackPointExtension>
        </extensions>
      </trkpt>
      <trkpt lat="31.161084584891796112060546875" lon="121.19637767784297466278076171875">
        <ele>3.7999999523162841796875</ele>
        <time>2026-03-21T12:34:14.000Z</time>
        <extensions>
          <ns3:TrackPointExtension>
            <ns3:hr>155</ns3:hr>
            <ns3:cad>89</ns3:cad>
          </ns3:TrackPointExtension>
        </extensions>
      </trkpt>
      <trkpt lat="31.161063797771930694580078125" lon="121.1963946931064128875732421875">
        <ele>3.7999999523162841796875</ele>
        <time>2026-03-21T12:34:15.000Z</time>
        <extensions>
          <ns3:TrackPointExtension>
            <ns3:hr>155</ns3:hr>
            <ns3:cad>88</ns3:cad>
          </ns3:TrackPointExtension>
        </extensions>
      </trkpt>
      <trkpt lat="31.1610411666333675384521484375" lon="121.1964064277708530426025390625">
        <ele>3.7999999523162841796875</ele>
        <time>2026-03-21T12:34:16.000Z</time>
        <extensions>
          <ns3:TrackPointExtension>
            <ns3:hr>155</ns3:hr>
            <ns3:cad>88</ns3:cad>
          </ns3:TrackPointExtension>
        </extensions>
      </trkpt>
      <trkpt lat="31.16101719439029693603515625" lon="121.19642243720591068267822265625">
        <ele>3.7999999523162841796875</ele>
        <time>2026-03-21T12:34:17.000Z</time>
        <extensions>
          <ns3:TrackPointExtension>
            <ns3:hr>155</ns3:hr>
            <ns3:cad>89</ns3:cad>
          </ns3:TrackPointExtension>
        </extensions>
      </trkpt>
      <trkpt lat="31.16099665872752666473388671875" lon="121.196439452469348907470703125">
        <ele>3.7999999523162841796875</ele>
        <time>2026-03-21T12:34:18.000Z</time>
        <extensions>
          <ns3:TrackPointExtension>
            <ns3:hr>154</ns3:hr>
            <ns3:cad>90</ns3:cad>
          </ns3:TrackPointExtension>
        </extensions>
      </trkpt>
      <trkpt lat="31.16097285412251949310302734375" lon="121.19645780883729457855224609375">
        <ele>3.7999999523162841796875</ele>
        <time>2026-03-21T12:34:19.000Z</time>
        <extensions>
          <ns3:TrackPointExtension>
            <ns3:hr>155</ns3:hr>
            <ns3:cad>91</ns3:cad>
          </ns3:TrackPointExtension>
        </extensions>
      </trkpt>
      <trkpt lat="31.16095156408846378326416015625" lon="121.19647809304296970367431640625">
        <ele>3.7999999523162841796875</ele>
        <time>2026-03-21T12:34:20.000Z</time>
        <extensions>
          <ns3:TrackPointExtension>
            <ns3:hr>155</ns3:hr>
            <ns3:cad>91</ns3:cad>
          </ns3:TrackPointExtension>
        </extensions>
      </trkpt>
      <trkpt lat="31.16092859767377376556396484375" lon="121.19649737142026424407958984375">
        <ele>3.7999999523162841796875</ele>
        <time>2026-03-21T12:34:21.000Z</time>
        <extensions>
          <ns3:TrackPointExtension>
            <ns3:hr>154</ns3:hr>
            <ns3:cad>91</ns3:cad>
          </ns3:TrackPointExtension>
        </extensions>
      </trkpt>
      <trkpt lat="31.1609090678393840789794921875" lon="121.19651732034981250762939453125">
        <ele>3.7999999523162841796875</ele>
        <time>2026-03-21T12:34:22.000Z</time>
        <extensions>
          <ns3:TrackPointExtension>
            <ns3:hr>155</ns3:hr>
            <ns3:cad>90</ns3:cad>
          </ns3:TrackPointExtension>
        </extensions>
      </trkpt>
      <trkpt lat="31.16088953800499439239501953125" lon="121.1965356767177581787109375">
        <ele>3.7999999523162841796875</ele>
        <time>2026-03-21T12:34:23.000Z</time>
        <extensions>
          <ns3:TrackPointExtension>
            <ns3:hr>155</ns3:hr>
            <ns3:cad>90</ns3:cad>
          </ns3:TrackPointExtension>
        </extensions>
      </trkpt>
      <trkpt lat="31.1608735285699367523193359375" lon="121.19655512273311614990234375">
        <ele>3.7999999523162841796875</ele>
        <time>2026-03-21T12:34:24.000Z</time>
        <extensions>
          <ns3:TrackPointExtension>
            <ns3:hr>155</ns3:hr>
            <ns3:cad>90</ns3:cad>
          </ns3:TrackPointExtension>
        </extensions>
      </trkpt>
      <trkpt lat="31.1608517356216907501220703125" lon="121.19657280854880809783935546875">
        <ele>3.7999999523162841796875</ele>
        <time>2026-03-21T12:34:25.000Z</time>
        <extensions>
          <ns3:TrackPointExtension>
            <ns3:hr>154</ns3:hr>
            <ns3:cad>90</ns3:cad>
          </ns3:TrackPointExtension>
        </extensions>
      </trkpt>
      <trkpt lat="31.1608339659869670867919921875" lon="121.19658990763127803802490234375">
        <ele>3.7999999523162841796875</ele>
        <time>2026-03-21T12:34:26.000Z</time>
        <extensions>
          <ns3:TrackPointExtension>
            <ns3:hr>155</ns3:hr>
            <ns3:cad>90</ns3:cad>
          </ns3:TrackPointExtension>
        </extensions>
      </trkpt>
      <trkpt lat="31.16080923937261104583740234375" lon="121.19660868309438228607177734375">
        <ele>4</ele>
        <time>2026-03-21T12:34:27.000Z</time>
        <extensions>
          <ns3:TrackPointExtension>
            <ns3:hr>155</ns3:hr>
            <ns3:cad>90</ns3:cad>
          </ns3:TrackPointExtension>
        </extensions>
      </trkpt>
      <trkpt lat="31.16079247556626796722412109375" lon="121.19662695564329624176025390625">
        <ele>4</ele>
        <time>2026-03-21T12:34:28.000Z</time>
        <extensions>
          <ns3:TrackPointExtension>
            <ns3:hr>155</ns3:hr>
            <ns3:cad>90</ns3:cad>
          </ns3:TrackPointExtension>
        </extensions>
      </trkpt>
      <trkpt lat="31.1607684195041656494140625" lon="121.19664656929671764373779296875">
        <ele>4.19999980926513671875</ele>
        <time>2026-03-21T12:34:29.000Z</time>
        <extensions>
          <ns3:TrackPointExtension>
            <ns3:hr>155</ns3:hr>
            <ns3:cad>90</ns3:cad>
          </ns3:TrackPointExtension>
        </extensions>
      </trkpt>
      <trkpt lat="31.160753332078456878662109375" lon="121.196667440235614776611328125">
        <ele>4.19999980926513671875</ele>
        <time>2026-03-21T12:34:30.000Z</time>
        <extensions>
          <ns3:TrackPointExtension>
            <ns3:hr>155</ns3:hr>
            <ns3:cad>89</ns3:cad>
          </ns3:TrackPointExtension>
        </extensions>
      </trkpt>
      <trkpt lat="31.16072994656860828399658203125" lon="121.1966877244412899017333984375">
        <ele>4.19999980926513671875</ele>
        <time>2026-03-21T12:34:31.000Z</time>
        <extensions>
          <ns3:TrackPointExtension>
            <ns3:hr>155</ns3:hr>
            <ns3:cad>88</ns3:cad>
          </ns3:TrackPointExtension>
        </extensions>
      </trkpt>
      <trkpt lat="31.16071754135191440582275390625" lon="121.196711696684360504150390625">
        <ele>4</ele>
        <time>2026-03-21T12:34:32.000Z</time>
        <extensions>
          <ns3:TrackPointExtension>
            <ns3:hr>156</ns3:hr>
            <ns3:cad>88</ns3:cad>
          </ns3:TrackPointExtension>
        </extensions>
      </trkpt>
      <trkpt lat="31.16069189272820949554443359375" lon="121.19672804139554500579833984375">
        <ele>4</ele>
        <time>2026-03-21T12:34:33.000Z</time>
        <extensions>
          <ns3:TrackPointExtension>
            <ns3:hr>156</ns3:hr>
            <ns3:cad>89</ns3:cad>
          </ns3:TrackPointExtension>
        </extensions>
      </trkpt>
      <trkpt lat="31.16067395545542240142822265625" lon="121.19674882851541042327880859375">
        <ele>4</ele>
        <time>2026-03-21T12:34:34.000Z</time>
        <extensions>
          <ns3:TrackPointExtension>
            <ns3:hr>156</ns3:hr>
            <ns3:cad>89</ns3:cad>
          </ns3:TrackPointExtension>
        </extensions>
      </trkpt>
      <trkpt lat="31.1606421880424022674560546875" lon="121.19676944799721240997314453125">
        <ele>4</ele>
        <time>2026-03-21T12:34:35.000Z</time>
        <extensions>
          <ns3:TrackPointExtension>
            <ns3:hr>156</ns3:hr>
            <ns3:cad>89</ns3:cad>
          </ns3:TrackPointExtension>
        </extensions>
      </trkpt>
      <trkpt lat="31.1606277711689472198486328125" lon="121.19678922928869724273681640625">
        <ele>4</ele>
        <time>2026-03-21T12:34:36.000Z</time>
        <extensions>
          <ns3:TrackPointExtension>
            <ns3:hr>156</ns3:hr>
            <ns3:cad>89</ns3:cad>
          </ns3:TrackPointExtension>
        </extensions>
      </trkpt>
      <trkpt lat="31.160601787269115447998046875" lon="121.19680649600923061370849609375">
        <ele>4</ele>
        <time>2026-03-21T12:34:37.000Z</time>
        <extensions>
          <ns3:TrackPointExtension>
            <ns3:hr>157</ns3:hr>
            <ns3:cad>89</ns3:cad>
          </ns3:TrackPointExtension>
        </extensions>
      </trkpt>
      <trkpt lat="31.16058846004307270050048828125" lon="121.1968266963958740234375">
        <ele>4</ele>
        <time>2026-03-21T12:34:38.000Z</time>
        <extensions>
          <ns3:TrackPointExtension>
            <ns3:hr>156</ns3:hr>
            <ns3:cad>88</ns3:cad>
          </ns3:TrackPointExtension>
        </extensions>
      </trkpt>
      <trkpt lat="31.16056683473289012908935546875" lon="121.1968446336686611175537109375">
        <ele>4</ele>
        <time>2026-03-21T12:34:39.000Z</time>
        <extensions>
          <ns3:TrackPointExtension>
            <ns3:hr>157</ns3:hr>
            <ns3:cad>88</ns3:cad>
          </ns3:TrackPointExtension>
        </extensions>
      </trkpt>
      <trkpt lat="31.16054386831820011138916015625" lon="121.196863241493701934814453125">
        <ele>4</ele>
        <time>2026-03-21T12:34:40.000Z</time>
        <extensions>
          <ns3:TrackPointExtension>
            <ns3:hr>157</ns3:hr>
            <ns3:cad>89</ns3:cad>
          </ns3:TrackPointExtension>
        </extensions>
      </trkpt>
      <trkpt lat="31.16052224300801753997802734375" lon="121.19687522761523723602294921875">
        <ele>4</ele>
        <time>2026-03-21T12:34:41.000Z</time>
        <extensions>
          <ns3:TrackPointExtension>
            <ns3:hr>157</ns3:hr>
            <ns3:cad>89</ns3:cad>
          </ns3:TrackPointExtension>
        </extensions>
      </trkpt>
      <trkpt lat="31.16050179116427898406982421875" lon="121.19688863866031169891357421875">
        <ele>4</ele>
        <time>2026-03-21T12:34:42.000Z</time>
        <extensions>
          <ns3:TrackPointExtension>
            <ns3:hr>157</ns3:hr>
            <ns3:cad>89</ns3:cad>
          </ns3:TrackPointExtension>
        </extensions>
      </trkpt>
      <trkpt lat="31.1604812555015087127685546875" lon="121.1969026364386081695556640625">
        <ele>4</ele>
        <time>2026-03-21T12:34:43.000Z</time>
        <extensions>
          <ns3:TrackPointExtension>
            <ns3:hr>157</ns3:hr>
            <ns3:cad>89</ns3:cad>
          </ns3:TrackPointExtension>
        </extensions>
      </trkpt>
      <trkpt lat="31.16046130657196044921875" lon="121.1969197355210781097412109375">
        <ele>4</ele>
        <time>2026-03-21T12:34:44.000Z</time>
        <extensions>
          <ns3:TrackPointExtension>
            <ns3:hr>157</ns3:hr>
            <ns3:cad>89</ns3:cad>
          </ns3:TrackPointExtension>
        </extensions>
      </trkpt>
      <trkpt lat="31.160441525280475616455078125" lon="121.19694043882191181182861328125">
        <ele>4</ele>
        <time>2026-03-21T12:34:45.000Z</time>
        <extensions>
          <ns3:TrackPointExtension>
            <ns3:hr>157</ns3:hr>
            <ns3:cad>88</ns3:cad>
          </ns3:TrackPointExtension>
        </extensions>
      </trkpt>
      <trkpt lat="31.16041637957096099853515625" lon="121.19695686735212802886962890625">
        <ele>4</ele>
        <time>2026-03-21T12:34:46.000Z</time>
        <extensions>
          <ns3:TrackPointExtension>
            <ns3:hr>157</ns3:hr>
            <ns3:cad>87</ns3:cad>
          </ns3:TrackPointExtension>
        </extensions>
      </trkpt>
      <trkpt lat="31.1603974364697933197021484375" lon="121.19697513990104198455810546875">
        <ele>4</ele>
        <time>2026-03-21T12:34:47.000Z</time>
        <extensions>
          <ns3:TrackPointExtension>
            <ns3:hr>157</ns3:hr>
            <ns3:cad>87</ns3:cad>
          </ns3:TrackPointExtension>
        </extensions>
      </trkpt>
      <trkpt lat="31.16037304513156414031982421875" lon="121.19699274189770221710205078125">
        <ele>4</ele>
        <time>2026-03-21T12:34:48.000Z</time>
        <extensions>
          <ns3:TrackPointExtension>
            <ns3:hr>158</ns3:hr>
            <ns3:cad>88</ns3:cad>
          </ns3:TrackPointExtension>
        </extensions>
      </trkpt>
      <trkpt lat="31.1603565327823162078857421875" lon="121.19701017625629901885986328125">
        <ele>4</ele>
        <time>2026-03-21T12:34:49.000Z</time>
        <extensions>
          <ns3:TrackPointExtension>
            <ns3:hr>157</ns3:hr>
            <ns3:cad>89</ns3:cad>
          </ns3:TrackPointExtension>
        </extensions>
      </trkpt>
      <trkpt lat="31.1603340692818164825439453125" lon="121.19702928699553012847900390625">
        <ele>4</ele>
        <time>2026-03-21T12:34:50.000Z</time>
        <extensions>
          <ns3:TrackPointExtension>
            <ns3:hr>157</ns3:hr>
            <ns3:cad>89</ns3:cad>
          </ns3:TrackPointExtension>
        </extensions>
      </trkpt>
      <trkpt lat="31.160323508083820343017578125" lon="121.19705644436180591583251953125">
        <ele>4</ele>
        <time>2026-03-21T12:34:51.000Z</time>
        <extensions>
          <ns3:TrackPointExtension>
            <ns3:hr>157</ns3:hr>
            <ns3:cad>89</ns3:cad>
          </ns3:TrackPointExtension>
        </extensions>
      </trkpt>
      <trkpt lat="31.160294674336910247802734375" lon="121.197079159319400787353515625">
        <ele>4</ele>
        <time>2026-03-21T12:34:52.000Z</time>
        <extensions>
          <ns3:TrackPointExtension>
            <ns3:hr>158</ns3:hr>
            <ns3:cad>89</ns3:cad>
          </ns3:TrackPointExtension>
        </extensions>
      </trkpt>
      <trkpt lat="31.1602787487208843231201171875" lon="121.19709952734410762786865234375">
        <ele>4</ele>
        <time>2026-03-21T12:34:53.000Z</time>
        <extensions>
          <ns3:TrackPointExtension>
            <ns3:hr>157</ns3:hr>
            <ns3:cad>88</ns3:cad>
          </ns3:TrackPointExtension>
        </extensions>
      </trkpt>
      <trkpt lat="31.16025117225944995880126953125" lon="121.1971209011971950531005859375">
        <ele>4</ele>
        <time>2026-03-21T12:34:54.000Z</time>
        <extensions>
          <ns3:TrackPointExtension>
            <ns3:hr>157</ns3:hr>
            <ns3:cad>88</ns3:cad>
          </ns3:TrackPointExtension>
        </extensions>
      </trkpt>
      <trkpt lat="31.16023826412856578826904296875" lon="121.197140179574489593505859375">
        <ele>4</ele>
        <time>2026-03-21T12:34:55.000Z</time>
        <extensions>
          <ns3:TrackPointExtension>
            <ns3:hr>157</ns3:hr>
            <ns3:cad>88</ns3:cad>
          </ns3:TrackPointExtension>
        </extensions>
      </trkpt>
      <trkpt lat="31.16021253168582916259765625" lon="121.197169013321399688720703125">
        <ele>3.7999999523162841796875</ele>
        <time>2026-03-21T12:34:56.000Z</time>
        <extensions>
          <ns3:TrackPointExtension>
            <ns3:hr>157</ns3:hr>
            <ns3:cad>88</ns3:cad>
          </ns3:TrackPointExtension>
        </extensions>
      </trkpt>
      <trkpt lat="31.16019937209784984588623046875" lon="121.19719491340219974517822265625">
        <ele>3.7999999523162841796875</ele>
        <time>2026-03-21T12:34:57.000Z</time>
        <extensions>
          <ns3:TrackPointExtension>
            <ns3:hr>157</ns3:hr>
            <ns3:cad>88</ns3:cad>
          </ns3:TrackPointExtension>
        </extensions>
      </trkpt>
      <trkpt lat="31.16017489694058895111083984375" lon="121.1972223222255706787109375">
        <ele>3.7999999523162841796875</ele>
        <time>2026-03-21T12:34:58.000Z</time>
        <extensions>
          <ns3:TrackPointExtension>
            <ns3:hr>157</ns3:hr>
            <ns3:cad>88</ns3:cad>
          </ns3:TrackPointExtension>
        </extensions>
      </trkpt>
      <trkpt lat="31.16016115061938762664794921875" lon="121.19724034331738948822021484375">
        <ele>3.7999999523162841796875</ele>
        <time>2026-03-21T12:34:59.000Z</time>
        <extensions>
          <ns3:TrackPointExtension>
            <ns3:hr>157</ns3:hr>
            <ns3:cad>88</ns3:cad>
          </ns3:TrackPointExtension>
        </extensions>
      </trkpt>
      <trkpt lat="31.16013751365244388580322265625" lon="121.197262220084667205810546875">
        <ele>3.7999999523162841796875</ele>
        <time>2026-03-21T12:35:00.000Z</time>
        <extensions>
          <ns3:TrackPointExtension>
            <ns3:hr>156</ns3:hr>
            <ns3:cad>88</ns3:cad>
          </ns3:TrackPointExtension>
        </extensions>
      </trkpt>
      <trkpt lat="31.160120330750942230224609375" lon="121.1972771398723125457763671875">
        <ele>3.7999999523162841796875</ele>
        <time>2026-03-21T12:35:01.000Z</time>
        <extensions>
          <ns3:TrackPointExtension>
            <ns3:hr>156</ns3:hr>
            <ns3:cad>88</ns3:cad>
          </ns3:TrackPointExtension>
        </extensions>
      </trkpt>
      <trkpt lat="31.16009158082306385040283203125" lon="121.1972920596599578857421875">
        <ele>3.7999999523162841796875</ele>
        <time>2026-03-21T12:35:02.000Z</time>
        <extensions>
          <ns3:TrackPointExtension>
            <ns3:hr>156</ns3:hr>
            <ns3:cad>89</ns3:cad>
          </ns3:TrackPointExtension>
        </extensions>
      </trkpt>
      <trkpt lat="31.16007397882640361785888671875" lon="121.1973083205521106719970703125">
        <ele>3.7999999523162841796875</ele>
        <time>2026-03-21T12:35:03.000Z</time>
        <extensions>
          <ns3:TrackPointExtension>
            <ns3:hr>157</ns3:hr>
            <ns3:cad>89</ns3:cad>
          </ns3:TrackPointExtension>
        </extensions>
      </trkpt>
      <trkpt lat="31.16004715673625469207763671875" lon="121.197317540645599365234375">
        <ele>3.7999999523162841796875</ele>
        <time>2026-03-21T12:35:04.000Z</time>
        <extensions>
          <ns3:TrackPointExtension>
            <ns3:hr>157</ns3:hr>
            <ns3:cad>90</ns3:cad>
          </ns3:TrackPointExtension>
        </extensions>
      </trkpt>
      <trkpt lat="31.1600296385586261749267578125" lon="121.1973324604332447052001953125">
        <ele>3.7999999523162841796875</ele>
        <time>2026-03-21T12:35:05.000Z</time>
        <extensions>
          <ns3:TrackPointExtension>
            <ns3:hr>157</ns3:hr>
            <ns3:cad>90</ns3:cad>
          </ns3:TrackPointExtension>
        </extensions>
      </trkpt>
      <trkpt lat="31.16000507958233356475830078125" lon="121.197346039116382598876953125">
        <ele>3.7999999523162841796875</ele>
        <time>2026-03-21T12:35:06.000Z</time>
        <extensions>
          <ns3:TrackPointExtension>
            <ns3:hr>157</ns3:hr>
            <ns3:cad>90</ns3:cad>
          </ns3:TrackPointExtension>
        </extensions>
      </trkpt>
      <trkpt lat="31.1599905788898468017578125" lon="121.1973643116652965545654296875">
        <ele>3.7999999523162841796875</ele>
        <time>2026-03-21T12:35:07.000Z</time>
        <extensions>
          <ns3:TrackPointExtension>
            <ns3:hr>157</ns3:hr>
            <ns3:cad>90</ns3:cad>
          </ns3:TrackPointExtension>
        </extensions>
      </trkpt>
      <trkpt lat="31.159970127046108245849609375" lon="121.19738115929067134857177734375">
        <ele>3.7999999523162841796875</ele>
        <time>2026-03-21T12:35:08.000Z</time>
        <extensions>
          <ns3:TrackPointExtension>
            <ns3:hr>157</ns3:hr>
            <ns3:cad>89</ns3:cad>
          </ns3:TrackPointExtension>
        </extensions>
      </trkpt>
      <trkpt lat="31.159952022135257720947265625" lon="121.19740001857280731201171875">
        <ele>3.7999999523162841796875</ele>
        <time>2026-03-21T12:35:09.000Z</time>
        <extensions>
          <ns3:TrackPointExtension>
            <ns3:hr>156</ns3:hr>
            <ns3:cad>88</ns3:cad>
          </ns3:TrackPointExtension>
        </extensions>
      </trkpt>
      <trkpt lat="31.15993115119636058807373046875" lon="121.1974223144352436065673828125">
        <ele>3.7999999523162841796875</ele>
        <time>2026-03-21T12:35:10.000Z</time>
        <extensions>
          <ns3:TrackPointExtension>
            <ns3:hr>157</ns3:hr>
            <ns3:cad>88</ns3:cad>
          </ns3:TrackPointExtension>
        </extensions>
      </trkpt>
      <trkpt lat="31.15991019643843173980712890625" lon="121.19744100607931613922119140625">
        <ele>3.7999999523162841796875</ele>
        <time>2026-03-21T12:35:11.000Z</time>
        <extensions>
          <ns3:TrackPointExtension>
            <ns3:hr>157</ns3:hr>
            <ns3:cad>89</ns3:cad>
          </ns3:TrackPointExtension>
        </extensions>
      </trkpt>
      <trkpt lat="31.1598913371562957763671875" lon="121.1974610388278961181640625">
        <ele>3.7999999523162841796875</ele>
        <time>2026-03-21T12:35:12.000Z</time>
        <extensions>
          <ns3:TrackPointExtension>
            <ns3:hr>157</ns3:hr>
            <ns3:cad>89</ns3:cad>
          </ns3:TrackPointExtension>
        </extensions>
      </trkpt>
      <trkpt lat="31.15986878983676433563232421875" lon="121.1974813230335712432861328125">
        <ele>3.7999999523162841796875</ele>
        <time>2026-03-21T12:35:13.000Z</time>
        <extensions>
          <ns3:TrackPointExtension>
            <ns3:hr>158</ns3:hr>
            <ns3:cad>89</ns3:cad>
          </ns3:TrackPointExtension>
        </extensions>
      </trkpt>
      <trkpt lat="31.15984884090721607208251953125" lon="121.19750739075243473052978515625">
        <ele>4</ele>
        <time>2026-03-21T12:35:14.000Z</time>
        <extensions>
          <ns3:TrackPointExtension>
            <ns3:hr>158</ns3:hr>
            <ns3:cad>89</ns3:cad>
          </ns3:TrackPointExtension>
        </extensions>
      </trkpt>
      <trkpt lat="31.15982738323509693145751953125" lon="121.1975279264152050018310546875">
        <ele>4</ele>
        <time>2026-03-21T12:35:15.000Z</time>
        <extensions>
          <ns3:TrackPointExtension>
            <ns3:hr>158</ns3:hr>
            <ns3:cad>89</ns3:cad>
          </ns3:TrackPointExtension>
        </extensions>
      </trkpt>
      <trkpt lat="31.15980885922908782958984375" lon="121.1975487135350704193115234375">
        <ele>4</ele>
        <time>2026-03-21T12:35:16.000Z</time>
        <extensions>
          <ns3:TrackPointExtension>
            <ns3:hr>158</ns3:hr>
            <ns3:cad>89</ns3:cad>
          </ns3:TrackPointExtension>
        </extensions>
      </trkpt>
      <trkpt lat="31.15978497080504894256591796875" lon="121.1975681595504283905029296875">
        <ele>4</ele>
        <time>2026-03-21T12:35:17.000Z</time>
        <extensions>
          <ns3:TrackPointExtension>
            <ns3:hr>157</ns3:hr>
            <ns3:cad>88</ns3:cad>
          </ns3:TrackPointExtension>
        </extensions>
      </trkpt>
      <trkpt lat="31.159766279160976409912109375" lon="121.19758869521319866180419921875">
        <ele>4</ele>
        <time>2026-03-21T12:35:18.000Z</time>
        <extensions>
          <ns3:TrackPointExtension>
            <ns3:hr>158</ns3:hr>
            <ns3:cad>88</ns3:cad>
          </ns3:TrackPointExtension>
        </extensions>
      </trkpt>
      <trkpt lat="31.15974272601306438446044921875" lon="121.1976060457527637481689453125">
        <ele>4</ele>
        <time>2026-03-21T12:35:19.000Z</time>
        <extensions>
          <ns3:TrackPointExtension>
            <ns3:hr>158</ns3:hr>
            <ns3:cad>89</ns3:cad>
          </ns3:TrackPointExtension>
        </extensions>
      </trkpt>
      <trkpt lat="31.1597221903502941131591796875" lon="121.19762758724391460418701171875">
        <ele>4</ele>
        <time>2026-03-21T12:35:20.000Z</time>
        <extensions>
          <ns3:TrackPointExtension>
            <ns3:hr>157</ns3:hr>
            <ns3:cad>89</ns3:cad>
          </ns3:TrackPointExtension>
        </extensions>
      </trkpt>
      <trkpt lat="31.15969914011657238006591796875" lon="121.19764653034508228302001953125">
        <ele>3.7999999523162841796875</ele>
        <time>2026-03-21T12:35:21.000Z</time>
        <extensions>
          <ns3:TrackPointExtension>
            <ns3:hr>158</ns3:hr>
            <ns3:cad>89</ns3:cad>
          </ns3:TrackPointExtension>
        </extensions>
      </trkpt>
      <trkpt lat="31.15968036465346813201904296875" lon="121.19766748510301113128662109375">
        <ele>3.7999999523162841796875</ele>
        <time>2026-03-21T12:35:22.000Z</time>
        <extensions>
          <ns3:TrackPointExtension>
            <ns3:hr>158</ns3:hr>
            <ns3:cad>89</ns3:cad>
          </ns3:TrackPointExtension>
        </extensions>
      </trkpt>
      <trkpt lat="31.15965664386749267578125" lon="121.19768475182354450225830078125">
        <ele>3.7999999523162841796875</ele>
        <time>2026-03-21T12:35:23.000Z</time>
        <extensions>
          <ns3:TrackPointExtension>
            <ns3:hr>158</ns3:hr>
            <ns3:cad>89</ns3:cad>
          </ns3:TrackPointExtension>
        </extensions>
      </trkpt>
      <trkpt lat="31.15963853895664215087890625" lon="121.19769883342087268829345703125">
        <ele>3.7999999523162841796875</ele>
        <time>2026-03-21T12:35:24.000Z</time>
        <extensions>
          <ns3:TrackPointExtension>
            <ns3:hr>157</ns3:hr>
            <ns3:cad>89</ns3:cad>
          </ns3:TrackPointExtension>
        </extensions>
      </trkpt>
      <trkpt lat="31.15961431525647640228271484375" lon="121.19771392084658145904541015625">
        <ele>3.7999999523162841796875</ele>
        <time>2026-03-21T12:35:25.000Z</time>
        <extensions>
          <ns3:TrackPointExtension>
            <ns3:hr>158</ns3:hr>
            <ns3:cad>89</ns3:cad>
          </ns3:TrackPointExtension>
        </extensions>
      </trkpt>
      <trkpt lat="31.1596001498401165008544921875" lon="121.19773001410067081451416015625">
        <ele>3.7999999523162841796875</ele>
        <time>2026-03-21T12:35:26.000Z</time>
        <extensions>
          <ns3:TrackPointExtension>
            <ns3:hr>158</ns3:hr>
            <ns3:cad>89</ns3:cad>
          </ns3:TrackPointExtension>
        </extensions>
      </trkpt>
      <trkpt lat="31.1595770157873630523681640625" lon="121.19774870574474334716796875">
        <ele>3.7999999523162841796875</ele>
        <time>2026-03-21T12:35:27.000Z</time>
        <extensions>
          <ns3:TrackPointExtension>
            <ns3:hr>158</ns3:hr>
            <ns3:cad>89</ns3:cad>
          </ns3:TrackPointExtension>
        </extensions>
      </trkpt>
      <trkpt lat="31.15956050343811511993408203125" lon="121.19776546955108642578125">
        <ele>3.7999999523162841796875</ele>
        <time>2026-03-21T12:35:28.000Z</time>
        <extensions>
          <ns3:TrackPointExtension>
            <ns3:hr>158</ns3:hr>
            <ns3:cad>89</ns3:cad>
          </ns3:TrackPointExtension>
        </extensions>
      </trkpt>
      <trkpt lat="31.1595372855663299560546875" lon="121.1977847479283809661865234375">
        <ele>3.7999999523162841796875</ele>
        <time>2026-03-21T12:35:29.000Z</time>
        <extensions>
          <ns3:TrackPointExtension>
            <ns3:hr>158</ns3:hr>
            <ns3:cad>89</ns3:cad>
          </ns3:TrackPointExtension>
        </extensions>
      </trkpt>
      <trkpt lat="31.159520857036113739013671875" lon="121.19780511595308780670166015625">
        <ele>3.7999999523162841796875</ele>
        <time>2026-03-21T12:35:30.000Z</time>
        <extensions>
          <ns3:TrackPointExtension>
            <ns3:hr>158</ns3:hr>
            <ns3:cad>89</ns3:cad>
          </ns3:TrackPointExtension>
        </extensions>
      </trkpt>
      <trkpt lat="31.1594943702220916748046875" lon="121.1978192813694477081298828125">
        <ele>3.7999999523162841796875</ele>
        <time>2026-03-21T12:35:31.000Z</time>
        <extensions>
          <ns3:TrackPointExtension>
            <ns3:hr>158</ns3:hr>
            <ns3:cad>88</ns3:cad>
          </ns3:TrackPointExtension>
        </extensions>
      </trkpt>
      <trkpt lat="31.1594791151583194732666015625" lon="121.197837889194488525390625">
        <ele>3.7999999523162841796875</ele>
        <time>2026-03-21T12:35:32.000Z</time>
        <extensions>
          <ns3:TrackPointExtension>
            <ns3:hr>158</ns3:hr>
            <ns3:cad>87</ns3:cad>
          </ns3:TrackPointExtension>
        </extensions>
      </trkpt>
      <trkpt lat="31.159455478191375732421875" lon="121.19785624556243419647216796875">
        <ele>3.7999999523162841796875</ele>
        <time>2026-03-21T12:35:33.000Z</time>
        <extensions>
          <ns3:TrackPointExtension>
            <ns3:hr>157</ns3:hr>
            <ns3:cad>87</ns3:cad>
          </ns3:TrackPointExtension>
        </extensions>
      </trkpt>
      <trkpt lat="31.15943745709955692291259765625" lon="121.19787166826426982879638671875">
        <ele>3.7999999523162841796875</ele>
        <time>2026-03-21T12:35:34.000Z</time>
        <extensions>
          <ns3:TrackPointExtension>
            <ns3:hr>158</ns3:hr>
            <ns3:cad>88</ns3:cad>
          </ns3:TrackPointExtension>
        </extensions>
      </trkpt>
      <trkpt lat="31.159415580332279205322265625" lon="121.197889186441898345947265625">
        <ele>3.7999999523162841796875</ele>
        <time>2026-03-21T12:35:35.000Z</time>
        <extensions>
          <ns3:TrackPointExtension>
            <ns3:hr>158</ns3:hr>
            <ns3:cad>89</ns3:cad>
          </ns3:TrackPointExtension>
        </extensions>
      </trkpt>
      <trkpt lat="31.15939672105014324188232421875" lon="121.1979047767817974090576171875">
        <ele>3.7999999523162841796875</ele>
        <time>2026-03-21T12:35:36.000Z</time>
        <extensions>
          <ns3:TrackPointExtension>
            <ns3:hr>158</ns3:hr>
            <ns3:cad>90</ns3:cad>
          </ns3:TrackPointExtension>
        </extensions>
      </trkpt>
      <trkpt lat="31.15937274880707263946533203125" lon="121.197919361293315887451171875">
        <ele>4</ele>
        <time>2026-03-21T12:35:37.000Z</time>
        <extensions>
          <ns3:TrackPointExtension>
            <ns3:hr>158</ns3:hr>
            <ns3:cad>90</ns3:cad>
          </ns3:TrackPointExtension>
        </extensions>
      </trkpt>
      <trkpt lat="31.15935866720974445343017578125" lon="121.19793687947094440460205078125">
        <ele>4</ele>
        <time>2026-03-21T12:35:38.000Z</time>
        <extensions>
          <ns3:TrackPointExtension>
            <ns3:hr>157</ns3:hr>
            <ns3:cad>90</ns3:cad>
          </ns3:TrackPointExtension>
        </extensions>
      </trkpt>
      <trkpt lat="31.1593369580805301666259765625" lon="121.1979513801634311676025390625">
        <ele>4</ele>
        <time>2026-03-21T12:35:39.000Z</time>
        <extensions>
          <ns3:TrackPointExtension>
            <ns3:hr>158</ns3:hr>
            <ns3:cad>89</ns3:cad>
          </ns3:TrackPointExtension>
        </extensions>
      </trkpt>
      <trkpt lat="31.15931843407452106475830078125" lon="121.19796688668429851531982421875">
        <ele>4</ele>
        <time>2026-03-21T12:35:40.000Z</time>
        <extensions>
          <ns3:TrackPointExtension>
            <ns3:hr>158</ns3:hr>
            <ns3:cad>88</ns3:cad>
          </ns3:TrackPointExtension>
        </extensions>
      </trkpt>
      <trkpt lat="31.1592990718781948089599609375" lon="121.19798205792903900146484375">
        <ele>4</ele>
        <time>2026-03-21T12:35:41.000Z</time>
        <extensions>
          <ns3:TrackPointExtension>
            <ns3:hr>157</ns3:hr>
            <ns3:cad>88</ns3:cad>
          </ns3:TrackPointExtension>
        </extensions>
      </trkpt>
      <trkpt lat="31.15928088314831256866455078125" lon="121.1979973129928112030029296875">
        <ele>4</ele>
        <time>2026-03-21T12:35:42.000Z</time>
        <extensions>
          <ns3:TrackPointExtension>
            <ns3:hr>158</ns3:hr>
            <ns3:cad>89</ns3:cad>
          </ns3:TrackPointExtension>
        </extensions>
      </trkpt>
      <trkpt lat="31.15926294587552547454833984375" lon="121.1980174295604228973388671875">
        <ele>4</ele>
        <time>2026-03-21T12:35:43.000Z</time>
        <extensions>
          <ns3:TrackPointExtension>
            <ns3:hr>158</ns3:hr>
            <ns3:cad>89</ns3:cad>
          </ns3:TrackPointExtension>
        </extensions>
      </trkpt>
      <trkpt lat="31.1592417396605014801025390625" lon="121.19803343899548053741455078125">
        <ele>4</ele>
        <time>2026-03-21T12:35:44.000Z</time>
        <extensions>
          <ns3:TrackPointExtension>
            <ns3:hr>157</ns3:hr>
            <ns3:cad>89</ns3:cad>
          </ns3:TrackPointExtension>
        </extensions>
      </trkpt>
      <trkpt lat="31.15922413766384124755859375" lon="121.1980536393821239471435546875">
        <ele>3.7999999523162841796875</ele>
        <time>2026-03-21T12:35:45.000Z</time>
        <extensions>
          <ns3:TrackPointExtension>
            <ns3:hr>158</ns3:hr>
            <ns3:cad>89</ns3:cad>
          </ns3:TrackPointExtension>
        </extensions>
      </trkpt>
      <trkpt lat="31.15920108743011951446533203125" lon="121.19807199575006961822509765625">
        <ele>3.7999999523162841796875</ele>
        <time>2026-03-21T12:35:46.000Z</time>
        <extensions>
          <ns3:TrackPointExtension>
            <ns3:hr>158</ns3:hr>
            <ns3:cad>89</ns3:cad>
          </ns3:TrackPointExtension>
        </extensions>
      </trkpt>
      <trkpt lat="31.15918482653796672821044921875" lon="121.1980895139276981353759765625">
        <ele>3.7999999523162841796875</ele>
        <time>2026-03-21T12:35:47.000Z</time>
        <extensions>
          <ns3:TrackPointExtension>
            <ns3:hr>158</ns3:hr>
            <ns3:cad>89</ns3:cad>
          </ns3:TrackPointExtension>
        </extensions>
      </trkpt>
      <trkpt lat="31.1591626144945621490478515625" lon="121.1981128156185150146484375">
        <ele>3.7999999523162841796875</ele>
        <time>2026-03-21T12:35:48.000Z</time>
        <extensions>
          <ns3:TrackPointExtension>
            <ns3:hr>157</ns3:hr>
            <ns3:cad>88</ns3:cad>
          </ns3:TrackPointExtension>
        </extensions>
      </trkpt>
      <trkpt lat="31.15914543159306049346923828125" lon="121.198132596909999847412109375">
        <ele>3.7999999523162841796875</ele>
        <time>2026-03-21T12:35:49.000Z</time>
        <extensions>
          <ns3:TrackPointExtension>
            <ns3:hr>157</ns3:hr>
            <ns3:cad>88</ns3:cad>
          </ns3:TrackPointExtension>
        </extensions>
      </trkpt>
      <trkpt lat="31.15911944769322872161865234375" lon="121.19814810343086719512939453125">
        <ele>3.7999999523162841796875</ele>
        <time>2026-03-21T12:35:50.000Z</time>
        <extensions>
          <ns3:TrackPointExtension>
            <ns3:hr>157</ns3:hr>
            <ns3:cad>89</ns3:cad>
          </ns3:TrackPointExtension>
        </extensions>
      </trkpt>
      <trkpt lat="31.15910285152494907379150390625" lon="121.19816788472235202789306640625">
        <ele>3.7999999523162841796875</ele>
        <time>2026-03-21T12:35:51.000Z</time>
        <extensions>
          <ns3:TrackPointExtension>
            <ns3:hr>158</ns3:hr>
            <ns3:cad>89</ns3:cad>
          </ns3:TrackPointExtension>
        </extensions>
      </trkpt>
      <trkpt lat="31.15907820872962474822998046875" lon="121.198182888329029083251953125">
        <ele>3.7999999523162841796875</ele>
        <time>2026-03-21T12:35:52.000Z</time>
        <extensions>
          <ns3:TrackPointExtension>
            <ns3:hr>157</ns3:hr>
            <ns3:cad>89</ns3:cad>
          </ns3:TrackPointExtension>
        </extensions>
      </trkpt>
      <trkpt lat="31.1590625345706939697265625" lon="121.19820074178278446197509765625">
        <ele>3.7999999523162841796875</ele>
        <time>2026-03-21T12:35:53.000Z</time>
        <extensions>
          <ns3:TrackPointExtension>
            <ns3:hr>157</ns3:hr>
            <ns3:cad>89</ns3:cad>
          </ns3:TrackPointExtension>
        </extensions>
      </trkpt>
      <trkpt lat="31.1590368859469890594482421875" lon="121.1982236243784427642822265625">
        <ele>3.7999999523162841796875</ele>
        <time>2026-03-21T12:35:54.000Z</time>
        <extensions>
          <ns3:TrackPointExtension>
            <ns3:hr>158</ns3:hr>
            <ns3:cad>88</ns3:cad>
          </ns3:TrackPointExtension>
        </extensions>
      </trkpt>
      <trkpt lat="31.159023977816104888916015625" lon="121.1982423998415470123291015625">
        <ele>3.7999999523162841796875</ele>
        <time>2026-03-21T12:35:55.000Z</time>
        <extensions>
          <ns3:TrackPointExtension>
            <ns3:hr>157</ns3:hr>
            <ns3:cad>88</ns3:cad>
          </ns3:TrackPointExtension>
        </extensions>
      </trkpt>
      <trkpt lat="31.15900143049657344818115234375" lon="121.19826159439980983734130859375">
        <ele>3.7999999523162841796875</ele>
        <time>2026-03-21T12:35:56.000Z</time>
        <extensions>
          <ns3:TrackPointExtension>
            <ns3:hr>157</ns3:hr>
            <ns3:cad>88</ns3:cad>
          </ns3:TrackPointExtension>
        </extensions>
      </trkpt>
      <trkpt lat="31.15898407995700836181640625" lon="121.198278106749057769775390625">
        <ele>3.7999999523162841796875</ele>
        <time>2026-03-21T12:35:57.000Z</time>
        <extensions>
          <ns3:TrackPointExtension>
            <ns3:hr>158</ns3:hr>
            <ns3:cad>89</ns3:cad>
          </ns3:TrackPointExtension>
        </extensions>
      </trkpt>
      <trkpt lat="31.15895985625684261322021484375" lon="121.19829746894538402557373046875">
        <ele>3.7999999523162841796875</ele>
        <time>2026-03-21T12:35:58.000Z</time>
        <extensions>
          <ns3:TrackPointExtension>
            <ns3:hr>157</ns3:hr>
            <ns3:cad>89</ns3:cad>
          </ns3:TrackPointExtension>
        </extensions>
      </trkpt>
      <trkpt lat="31.1589446850121021270751953125" lon="121.1983178369700908660888671875">
        <ele>3.7999999523162841796875</ele>
        <time>2026-03-21T12:35:59.000Z</time>
        <extensions>
          <ns3:TrackPointExtension>
            <ns3:hr>157</ns3:hr>
            <ns3:cad>89</ns3:cad>
          </ns3:TrackPointExtension>
        </extensions>
      </trkpt>
      <trkpt lat="31.15891794674098491668701171875" lon="121.1983382888138294219970703125">
        <ele>3.7999999523162841796875</ele>
        <time>2026-03-21T12:36:00.000Z</time>
        <extensions>
          <ns3:TrackPointExtension>
            <ns3:hr>157</ns3:hr>
            <ns3:cad>89</ns3:cad>
          </ns3:TrackPointExtension>
        </extensions>
      </trkpt>
      <trkpt lat="31.15890252403914928436279296875" lon="121.19835714809596538543701171875">
        <ele>3.7999999523162841796875</ele>
        <time>2026-03-21T12:36:01.000Z</time>
        <extensions>
          <ns3:TrackPointExtension>
            <ns3:hr>157</ns3:hr>
            <ns3:cad>89</ns3:cad>
          </ns3:TrackPointExtension>
        </extensions>
      </trkpt>
      <trkpt lat="31.1588809825479984283447265625" lon="121.19837424717843532562255859375">
        <ele>4</ele>
        <time>2026-03-21T12:36:02.000Z</time>
        <extensions>
          <ns3:TrackPointExtension>
            <ns3:hr>157</ns3:hr>
            <ns3:cad>89</ns3:cad>
          </ns3:TrackPointExtension>
        </extensions>
      </trkpt>
      <trkpt lat="31.15886614657938480377197265625" lon="121.1983912624418735504150390625">
        <ele>4</ele>
        <time>2026-03-21T12:36:03.000Z</time>
        <extensions>
          <ns3:TrackPointExtension>
            <ns3:hr>157</ns3:hr>
            <ns3:cad>88</ns3:cad>
          </ns3:TrackPointExtension>
        </extensions>
      </trkpt>
      <trkpt lat="31.15884485654532909393310546875" lon="121.19840777479112148284912109375">
        <ele>4</ele>
        <time>2026-03-21T12:36:04.000Z</time>
        <extensions>
          <ns3:TrackPointExtension>
            <ns3:hr>157</ns3:hr>
            <ns3:cad>88</ns3:cad>
          </ns3:TrackPointExtension>
        </extensions>
      </trkpt>
      <trkpt lat="31.15882758982479572296142578125" lon="121.19842453859746456146240234375">
        <ele>4</ele>
        <time>2026-03-21T12:36:05.000Z</time>
        <extensions>
          <ns3:TrackPointExtension>
            <ns3:hr>157</ns3:hr>
            <ns3:cad>88</ns3:cad>
          </ns3:TrackPointExtension>
        </extensions>
      </trkpt>
      <trkpt lat="31.15880495868623256683349609375" lon="121.19843937456607818603515625">
        <ele>4.19999980926513671875</ele>
        <time>2026-03-21T12:36:06.000Z</time>
        <extensions>
          <ns3:TrackPointExtension>
            <ns3:hr>156</ns3:hr>
            <ns3:cad>89</ns3:cad>
          </ns3:TrackPointExtension>
        </extensions>
      </trkpt>
      <trkpt lat="31.15878853015601634979248046875" lon="121.1984574794769287109375">
        <ele>4</ele>
        <time>2026-03-21T12:36:07.000Z</time>
        <extensions>
          <ns3:TrackPointExtension>
            <ns3:hr>156</ns3:hr>
            <ns3:cad>89</ns3:cad>
          </ns3:TrackPointExtension>
        </extensions>
      </trkpt>
      <trkpt lat="31.1587663181126117706298828125" lon="121.19847281835973262786865234375">
        <ele>4</ele>
        <time>2026-03-21T12:36:08.000Z</time>
        <extensions>
          <ns3:TrackPointExtension>
            <ns3:hr>156</ns3:hr>
            <ns3:cad>89</ns3:cad>
          </ns3:TrackPointExtension>
        </extensions>
      </trkpt>
      <trkpt lat="31.1587522365152835845947265625" lon="121.198487989604473114013671875">
        <ele>4</ele>
        <time>2026-03-21T12:36:09.000Z</time>
        <extensions>
          <ns3:TrackPointExtension>
            <ns3:hr>156</ns3:hr>
            <ns3:cad>89</ns3:cad>
          </ns3:TrackPointExtension>
        </extensions>
      </trkpt>
      <trkpt lat="31.15873186849057674407958984375" lon="121.19850617833435535430908203125">
        <ele>4</ele>
        <time>2026-03-21T12:36:10.000Z</time>
        <extensions>
          <ns3:TrackPointExtension>
            <ns3:hr>156</ns3:hr>
            <ns3:cad>88</ns3:cad>
          </ns3:TrackPointExtension>
        </extensions>
      </trkpt>
      <trkpt lat="31.158714182674884796142578125" lon="121.19852528907358646392822265625">
        <ele>4</ele>
        <time>2026-03-21T12:36:11.000Z</time>
        <extensions>
          <ns3:TrackPointExtension>
            <ns3:hr>156</ns3:hr>
            <ns3:cad>88</ns3:cad>
          </ns3:TrackPointExtension>
        </extensions>
      </trkpt>
      <trkpt lat="31.15869448520243167877197265625" lon="121.19854473508894443511962890625">
        <ele>4</ele>
        <time>2026-03-21T12:36:12.000Z</time>
        <extensions>
          <ns3:TrackPointExtension>
            <ns3:hr>156</ns3:hr>
            <ns3:cad>88</ns3:cad>
          </ns3:TrackPointExtension>
        </extensions>
      </trkpt>
      <trkpt lat="31.15867135114967823028564453125" lon="121.198563091456890106201171875">
        <ele>3.7999999523162841796875</ele>
        <time>2026-03-21T12:36:13.000Z</time>
        <extensions>
          <ns3:TrackPointExtension>
            <ns3:hr>156</ns3:hr>
            <ns3:cad>89</ns3:cad>
          </ns3:TrackPointExtension>
        </extensions>
      </trkpt>
      <trkpt lat="31.15865710191428661346435546875" lon="121.1985793523490428924560546875">
        <ele>4</ele>
        <time>2026-03-21T12:36:14.000Z</time>
        <extensions>
          <ns3:TrackPointExtension>
            <ns3:hr>156</ns3:hr>
            <ns3:cad>89</ns3:cad>
          </ns3:TrackPointExtension>
        </extensions>
      </trkpt>
      <trkpt lat="31.15863245911896228790283203125" lon="121.19859519414603710174560546875">
        <ele>4</ele>
        <time>2026-03-21T12:36:15.000Z</time>
        <extensions>
          <ns3:TrackPointExtension>
            <ns3:hr>156</ns3:hr>
            <ns3:cad>90</ns3:cad>
          </ns3:TrackPointExtension>
        </extensions>
      </trkpt>
      <trkpt lat="31.158617623150348663330078125" lon="121.19861162267625331878662109375">
        <ele>4</ele>
        <time>2026-03-21T12:36:16.000Z</time>
        <extensions>
          <ns3:TrackPointExtension>
            <ns3:hr>157</ns3:hr>
            <ns3:cad>90</ns3:cad>
          </ns3:TrackPointExtension>
        </extensions>
      </trkpt>
      <trkpt lat="31.158595494925975799560546875" lon="121.1986304819583892822265625">
        <ele>4</ele>
        <time>2026-03-21T12:36:17.000Z</time>
        <extensions>
          <ns3:TrackPointExtension>
            <ns3:hr>156</ns3:hr>
            <ns3:cad>90</ns3:cad>
          </ns3:TrackPointExtension>
        </extensions>
      </trkpt>
      <trkpt lat="31.1585797369480133056640625" lon="121.19864515028893947601318359375">
        <ele>4</ele>
        <time>2026-03-21T12:36:18.000Z</time>
        <extensions>
          <ns3:TrackPointExtension>
            <ns3:hr>156</ns3:hr>
            <ns3:cad>89</ns3:cad>
          </ns3:TrackPointExtension>
        </extensions>
      </trkpt>
      <trkpt lat="31.1585517413914203643798828125" lon="121.1986621655523777008056640625">
        <ele>4</ele>
        <time>2026-03-21T12:36:19.000Z</time>
        <extensions>
          <ns3:TrackPointExtension>
            <ns3:hr>156</ns3:hr>
            <ns3:cad>88</ns3:cad>
          </ns3:TrackPointExtension>
        </extensions>
      </trkpt>
      <trkpt lat="31.15853740833699703216552734375" lon="121.1986795999109745025634765625">
        <ele>4</ele>
        <time>2026-03-21T12:36:20.000Z</time>
        <extensions>
          <ns3:TrackPointExtension>
            <ns3:hr>156</ns3:hr>
            <ns3:cad>89</ns3:cad>
          </ns3:TrackPointExtension>
        </extensions>
      </trkpt>
      <trkpt lat="31.158511675894260406494140625" lon="121.19870097376406192779541015625">
        <ele>4</ele>
        <time>2026-03-21T12:36:21.000Z</time>
        <extensions>
          <ns3:TrackPointExtension>
            <ns3:hr>156</ns3:hr>
            <ns3:cad>89</ns3:cad>
          </ns3:TrackPointExtension>
        </extensions>
      </trkpt>
      <trkpt lat="31.1584944091737270355224609375" lon="121.1987221799790859222412109375">
        <ele>4</ele>
        <time>2026-03-21T12:36:22.000Z</time>
        <extensions>
          <ns3:TrackPointExtension>
            <ns3:hr>157</ns3:hr>
            <ns3:cad>89</ns3:cad>
          </ns3:TrackPointExtension>
        </extensions>
      </trkpt>
      <trkpt lat="31.15846783854067325592041015625" lon="121.198746152222156524658203125">
        <ele>4</ele>
        <time>2026-03-21T12:36:23.000Z</time>
        <extensions>
          <ns3:TrackPointExtension>
            <ns3:hr>156</ns3:hr>
            <ns3:cad>89</ns3:cad>
          </ns3:TrackPointExtension>
        </extensions>
      </trkpt>
      <trkpt lat="31.15845224820077419281005859375" lon="121.1987647600471973419189453125">
        <ele>4</ele>
        <time>2026-03-21T12:36:24.000Z</time>
        <extensions>
          <ns3:TrackPointExtension>
            <ns3:hr>156</ns3:hr>
            <ns3:cad>89</ns3:cad>
          </ns3:TrackPointExtension>
        </extensions>
      </trkpt>
      <trkpt lat="31.15842618048191070556640625" lon="121.1987815238535404205322265625">
        <ele>4.19999980926513671875</ele>
        <time>2026-03-21T12:36:25.000Z</time>
        <extensions>
          <ns3:TrackPointExtension>
            <ns3:hr>157</ns3:hr>
            <ns3:cad>89</ns3:cad>
          </ns3:TrackPointExtension>
        </extensions>
      </trkpt>
      <trkpt lat="31.15841067396104335784912109375" lon="121.19879853911697864532470703125">
        <ele>4.19999980926513671875</ele>
        <time>2026-03-21T12:36:26.000Z</time>
        <extensions>
          <ns3:TrackPointExtension>
            <ns3:hr>156</ns3:hr>
            <ns3:cad>88</ns3:cad>
          </ns3:TrackPointExtension>
        </extensions>
      </trkpt>
      <trkpt lat="31.1583830974996089935302734375" lon="121.19881630875170230865478515625">
        <ele>4.19999980926513671875</ele>
        <time>2026-03-21T12:36:27.000Z</time>
        <extensions>
          <ns3:TrackPointExtension>
            <ns3:hr>156</ns3:hr>
            <ns3:cad>88</ns3:cad>
          </ns3:TrackPointExtension>
        </extensions>
      </trkpt>
      <trkpt lat="31.15836448967456817626953125" lon="121.198831982910633087158203125">
        <ele>4.19999980926513671875</ele>
        <time>2026-03-21T12:36:28.000Z</time>
        <extensions>
          <ns3:TrackPointExtension>
            <ns3:hr>157</ns3:hr>
            <ns3:cad>89</ns3:cad>
          </ns3:TrackPointExtension>
        </extensions>
      </trkpt>
      <trkpt lat="31.1583398468792438507080078125" lon="121.1988504230976104736328125">
        <ele>4.19999980926513671875</ele>
        <time>2026-03-21T12:36:29.000Z</time>
        <extensions>
          <ns3:TrackPointExtension>
            <ns3:hr>157</ns3:hr>
            <ns3:cad>89</ns3:cad>
          </ns3:TrackPointExtension>
        </extensions>
      </trkpt>
      <trkpt lat="31.15832501091063022613525390625" lon="121.19887053966522216796875">
        <ele>4.19999980926513671875</ele>
        <time>2026-03-21T12:36:30.000Z</time>
        <extensions>
          <ns3:TrackPointExtension>
            <ns3:hr>157</ns3:hr>
            <ns3:cad>89</ns3:cad>
          </ns3:TrackPointExtension>
        </extensions>
      </trkpt>
      <trkpt lat="31.15831897594034671783447265625" lon="121.19890331290662288665771484375">
        <ele>4.400000095367431640625</ele>
        <time>2026-03-21T12:36:31.000Z</time>
        <extensions>
          <ns3:TrackPointExtension>
            <ns3:hr>157</ns3:hr>
            <ns3:cad>89</ns3:cad>
          </ns3:TrackPointExtension>
        </extensions>
      </trkpt>
      <trkpt lat="31.15832216106355190277099609375" lon="121.1989308893680572509765625">
        <ele>4.400000095367431640625</ele>
        <time>2026-03-21T12:36:32.000Z</time>
        <extensions>
          <ns3:TrackPointExtension>
            <ns3:hr>156</ns3:hr>
            <ns3:cad>88</ns3:cad>
          </ns3:TrackPointExtension>
        </extensions>
      </trkpt>
      <trkpt lat="31.1583234183490276336669921875" lon="121.1989630758762359619140625">
        <ele>4.400000095367431640625</ele>
        <time>2026-03-21T12:36:33.000Z</time>
        <extensions>
          <ns3:TrackPointExtension>
            <ns3:hr>157</ns3:hr>
            <ns3:cad>87</ns3:cad>
          </ns3:TrackPointExtension>
        </extensions>
      </trkpt>
      <trkpt lat="31.15833054296672344207763671875" lon="121.19899534620344638824462890625">
        <ele>4.400000095367431640625</ele>
        <time>2026-03-21T12:36:34.000Z</time>
        <extensions>
          <ns3:TrackPointExtension>
            <ns3:hr>157</ns3:hr>
            <ns3:cad>87</ns3:cad>
          </ns3:TrackPointExtension>
        </extensions>
      </trkpt>
      <trkpt lat="31.15833423100411891937255859375" lon="121.19902585633099079132080078125">
        <ele>4.400000095367431640625</ele>
        <time>2026-03-21T12:36:35.000Z</time>
        <extensions>
          <ns3:TrackPointExtension>
            <ns3:hr>157</ns3:hr>
            <ns3:cad>87</ns3:cad>
          </ns3:TrackPointExtension>
        </extensions>
      </trkpt>
      <trkpt lat="31.15833691321313381195068359375" lon="121.19905938394367694854736328125">
        <ele>4.400000095367431640625</ele>
        <time>2026-03-21T12:36:36.000Z</time>
        <extensions>
          <ns3:TrackPointExtension>
            <ns3:hr>156</ns3:hr>
            <ns3:cad>88</ns3:cad>
          </ns3:TrackPointExtension>
        </extensions>
      </trkpt>
      <trkpt lat="31.15833624266088008880615234375" lon="121.19909651577472686767578125">
        <ele>4.599999904632568359375</ele>
        <time>2026-03-21T12:36:37.000Z</time>
        <extensions>
          <ns3:TrackPointExtension>
            <ns3:hr>157</ns3:hr>
            <ns3:cad>89</ns3:cad>
          </ns3:TrackPointExtension>
        </extensions>
      </trkpt>
      <trkpt lat="31.1583267711102962493896484375" lon="121.19912467896938323974609375">
        <ele>4.599999904632568359375</ele>
        <time>2026-03-21T12:36:38.000Z</time>
        <extensions>
          <ns3:TrackPointExtension>
            <ns3:hr>157</ns3:hr>
            <ns3:cad>89</ns3:cad>
          </ns3:TrackPointExtension>
        </extensions>
      </trkpt>
      <trkpt lat="31.15831629373133182525634765625" lon="121.199155189096927642822265625">
        <ele>4.599999904632568359375</ele>
        <time>2026-03-21T12:36:39.000Z</time>
        <extensions>
          <ns3:TrackPointExtension>
            <ns3:hr>156</ns3:hr>
            <ns3:cad>89</ns3:cad>
          </ns3:TrackPointExtension>
        </extensions>
      </trkpt>
      <trkpt lat="31.1583019606769084930419921875" lon="121.19917740114033222198486328125">
        <ele>4.599999904632568359375</ele>
        <time>2026-03-21T12:36:40.000Z</time>
        <extensions>
          <ns3:TrackPointExtension>
            <ns3:hr>157</ns3:hr>
            <ns3:cad>89</ns3:cad>
          </ns3:TrackPointExtension>
        </extensions>
      </trkpt>
      <trkpt lat="31.158289723098278045654296875" lon="121.1991969309747219085693359375">
        <ele>4.599999904632568359375</ele>
        <time>2026-03-21T12:36:41.000Z</time>
        <extensions>
          <ns3:TrackPointExtension>
            <ns3:hr>156</ns3:hr>
            <ns3:cad>88</ns3:cad>
          </ns3:TrackPointExtension>
        </extensions>
      </trkpt>
      <trkpt lat="31.158269941806793212890625" lon="121.199213527143001556396484375">
        <ele>4.599999904632568359375</ele>
        <time>2026-03-21T12:36:42.000Z</time>
        <extensions>
          <ns3:TrackPointExtension>
            <ns3:hr>156</ns3:hr>
            <ns3:cad>89</ns3:cad>
          </ns3:TrackPointExtension>
        </extensions>
      </trkpt>
      <trkpt lat="31.15825678221881389617919921875" lon="121.199230961501598358154296875">
        <ele>4.400000095367431640625</ele>
        <time>2026-03-21T12:36:43.000Z</time>
        <extensions>
          <ns3:TrackPointExtension>
            <ns3:hr>156</ns3:hr>
            <ns3:cad>89</ns3:cad>
          </ns3:TrackPointExtension>
        </extensions>
      </trkpt>
      <trkpt lat="31.15823733620345592498779296875" lon="121.19924730621278285980224609375">
        <ele>4.400000095367431640625</ele>
        <time>2026-03-21T12:36:44.000Z</time>
        <extensions>
          <ns3:TrackPointExtension>
            <ns3:hr>157</ns3:hr>
            <ns3:cad>89</ns3:cad>
          </ns3:TrackPointExtension>
        </extensions>
      </trkpt>
      <trkpt lat="31.15821830928325653076171875" lon="121.19926222600042819976806640625">
        <ele>4.400000095367431640625</ele>
        <time>2026-03-21T12:36:45.000Z</time>
        <extensions>
          <ns3:TrackPointExtension>
            <ns3:hr>156</ns3:hr>
            <ns3:cad>89</ns3:cad>
          </ns3:TrackPointExtension>
        </extensions>
      </trkpt>
      <trkpt lat="31.15819073282182216644287109375" lon="121.19927622377872467041015625">
        <ele>4.400000095367431640625</ele>
        <time>2026-03-21T12:36:46.000Z</time>
        <extensions>
          <ns3:TrackPointExtension>
            <ns3:hr>156</ns3:hr>
            <ns3:cad>89</ns3:cad>
          </ns3:TrackPointExtension>
        </extensions>
      </trkpt>
      <trkpt lat="31.15817011334002017974853515625" lon="121.19928988628089427947998046875">
        <ele>4.599999904632568359375</ele>
        <time>2026-03-21T12:36:47.000Z</time>
        <extensions>
          <ns3:TrackPointExtension>
            <ns3:hr>157</ns3:hr>
            <ns3:cad>89</ns3:cad>
          </ns3:TrackPointExtension>
        </extensions>
      </trkpt>
      <trkpt lat="31.1581413634121417999267578125" lon="121.19929960928857326507568359375">
        <ele>4.599999904632568359375</ele>
        <time>2026-03-21T12:36:48.000Z</time>
        <extensions>
          <ns3:TrackPointExtension>
            <ns3:hr>156</ns3:hr>
            <ns3:cad>89</ns3:cad>
          </ns3:TrackPointExtension>
        </extensions>
      </trkpt>
      <trkpt lat="31.15812116302549839019775390625" lon="121.1993095837533473968505859375">
        <ele>4.599999904632568359375</ele>
        <time>2026-03-21T12:36:49.000Z</time>
        <extensions>
          <ns3:TrackPointExtension>
            <ns3:hr>156</ns3:hr>
            <ns3:cad>89</ns3:cad>
          </ns3:TrackPointExtension>
        </extensions>
      </trkpt>
      <trkpt lat="31.15809517912566661834716796875" lon="121.19932190515100955963134765625">
        <ele>4.599999904632568359375</ele>
        <time>2026-03-21T12:36:50.000Z</time>
        <extensions>
          <ns3:TrackPointExtension>
            <ns3:hr>157</ns3:hr>
            <ns3:cad>89</ns3:cad>
          </ns3:TrackPointExtension>
        </extensions>
      </trkpt>
      <trkpt lat="31.1580741405487060546875" lon="121.19933179579675197601318359375">
        <ele>4.599999904632568359375</ele>
        <time>2026-03-21T12:36:51.000Z</time>
        <extensions>
          <ns3:TrackPointExtension>
            <ns3:hr>156</ns3:hr>
            <ns3:cad>90</ns3:cad>
          </ns3:TrackPointExtension>
        </extensions>
      </trkpt>
      <trkpt lat="31.15804706700146198272705078125" lon="121.19934001006186008453369140625">
        <ele>4.599999904632568359375</ele>
        <time>2026-03-21T12:36:52.000Z</time>
        <extensions>
          <ns3:TrackPointExtension>
            <ns3:hr>156</ns3:hr>
            <ns3:cad>90</ns3:cad>
          </ns3:TrackPointExtension>
        </extensions>
      </trkpt>
      <trkpt lat="31.15802493877708911895751953125" lon="121.19935442693531513214111328125">
        <ele>4.599999904632568359375</ele>
        <time>2026-03-21T12:36:53.000Z</time>
        <extensions>
          <ns3:TrackPointExtension>
            <ns3:hr>156</ns3:hr>
            <ns3:cad>89</ns3:cad>
          </ns3:TrackPointExtension>
        </extensions>
      </trkpt>
      <trkpt lat="31.15800063125789165496826171875" lon="121.199372448027133941650390625">
        <ele>4.599999904632568359375</ele>
        <time>2026-03-21T12:36:54.000Z</time>
        <extensions>
          <ns3:TrackPointExtension>
            <ns3:hr>157</ns3:hr>
            <ns3:cad>89</ns3:cad>
          </ns3:TrackPointExtension>
        </extensions>
      </trkpt>
      <trkpt lat="31.1579831130802631378173828125" lon="121.19939164258539676666259765625">
        <ele>4.599999904632568359375</ele>
        <time>2026-03-21T12:36:55.000Z</time>
        <extensions>
          <ns3:TrackPointExtension>
            <ns3:hr>156</ns3:hr>
            <ns3:cad>89</ns3:cad>
          </ns3:TrackPointExtension>
        </extensions>
      </trkpt>
      <trkpt lat="31.1579576320946216583251953125" lon="121.1994071491062641143798828125">
        <ele>4.599999904632568359375</ele>
        <time>2026-03-21T12:36:56.000Z</time>
        <extensions>
          <ns3:TrackPointExtension>
            <ns3:hr>156</ns3:hr>
            <ns3:cad>89</ns3:cad>
          </ns3:TrackPointExtension>
        </extensions>
      </trkpt>
      <trkpt lat="31.15793592296540737152099609375" lon="121.19941779412329196929931640625">
        <ele>4.599999904632568359375</ele>
        <time>2026-03-21T12:36:57.000Z</time>
        <extensions>
          <ns3:TrackPointExtension>
            <ns3:hr>156</ns3:hr>
            <ns3:cad>89</ns3:cad>
          </ns3:TrackPointExtension>
        </extensions>
      </trkpt>
      <trkpt lat="31.157908849418163299560546875" lon="121.19942776858806610107421875">
        <ele>4.80000019073486328125</ele>
        <time>2026-03-21T12:36:58.000Z</time>
        <extensions>
          <ns3:TrackPointExtension>
            <ns3:hr>156</ns3:hr>
            <ns3:cad>90</ns3:cad>
          </ns3:TrackPointExtension>
        </extensions>
      </trkpt>
      <trkpt lat="31.15789066068828105926513671875" lon="121.1994396708905696868896484375">
        <ele>4.80000019073486328125</ele>
        <time>2026-03-21T12:36:59.000Z</time>
        <extensions>
          <ns3:TrackPointExtension>
            <ns3:hr>157</ns3:hr>
            <ns3:cad>90</ns3:cad>
          </ns3:TrackPointExtension>
        </extensions>
      </trkpt>
      <trkpt lat="31.15786492824554443359375" lon="121.19944922626018524169921875">
        <ele>4.80000019073486328125</ele>
        <time>2026-03-21T12:37:00.000Z</time>
        <extensions>
          <ns3:TrackPointExtension>
            <ns3:hr>156</ns3:hr>
            <ns3:cad>90</ns3:cad>
          </ns3:TrackPointExtension>
        </extensions>
      </trkpt>
      <trkpt lat="31.15784673951566219329833984375" lon="121.19946255348622798919677734375">
        <ele>5</ele>
        <time>2026-03-21T12:37:01.000Z</time>
        <extensions>
          <ns3:TrackPointExtension>
            <ns3:hr>156</ns3:hr>
            <ns3:cad>90</ns3:cad>
          </ns3:TrackPointExtension>
        </extensions>
      </trkpt>
      <trkpt lat="31.1578184925019741058349609375" lon="121.1994753777980804443359375">
        <ele>5</ele>
        <time>2026-03-21T12:37:02.000Z</time>
        <extensions>
          <ns3:TrackPointExtension>
            <ns3:hr>157</ns3:hr>
            <ns3:cad>90</ns3:cad>
          </ns3:TrackPointExtension>
        </extensions>
      </trkpt>
      <trkpt lat="31.15779720246791839599609375" lon="121.19948451407253742218017578125">
        <ele>5</ele>
        <time>2026-03-21T12:37:03.000Z</time>
        <extensions>
          <ns3:TrackPointExtension>
            <ns3:hr>157</ns3:hr>
            <ns3:cad>90</ns3:cad>
          </ns3:TrackPointExtension>
        </extensions>
      </trkpt>
      <trkpt lat="31.15776660852134227752685546875" lon="121.19949390180408954620361328125">
        <ele>4.80000019073486328125</ele>
        <time>2026-03-21T12:37:04.000Z</time>
        <extensions>
          <ns3:TrackPointExtension>
            <ns3:hr>157</ns3:hr>
            <ns3:cad>90</ns3:cad>
          </ns3:TrackPointExtension>
        </extensions>
      </trkpt>
      <trkpt lat="31.15774481557309627532958984375" lon="121.19950060732662677764892578125">
        <ele>4.80000019073486328125</ele>
        <time>2026-03-21T12:37:05.000Z</time>
        <extensions>
          <ns3:TrackPointExtension>
            <ns3:hr>157</ns3:hr>
            <ns3:cad>89</ns3:cad>
          </ns3:TrackPointExtension>
        </extensions>
      </trkpt>
      <trkpt lat="31.15771665237843990325927734375" lon="121.199506558477878570556640625">
        <ele>4.80000019073486328125</ele>
        <time>2026-03-21T12:37:06.000Z</time>
        <extensions>
          <ns3:TrackPointExtension>
            <ns3:hr>157</ns3:hr>
            <ns3:cad>90</ns3:cad>
          </ns3:TrackPointExtension>
        </extensions>
      </trkpt>
      <trkpt lat="31.15769620053470134735107421875" lon="121.19951435364782810211181640625">
        <ele>4.80000019073486328125</ele>
        <time>2026-03-21T12:37:07.000Z</time>
        <extensions>
          <ns3:TrackPointExtension>
            <ns3:hr>157</ns3:hr>
            <ns3:cad>90</ns3:cad>
          </ns3:TrackPointExtension>
        </extensions>
      </trkpt>
      <trkpt lat="31.1576656065881252288818359375" lon="121.1995164491236209869384765625">
        <ele>4.80000019073486328125</ele>
        <time>2026-03-21T12:37:08.000Z</time>
        <extensions>
          <ns3:TrackPointExtension>
            <ns3:hr>157</ns3:hr>
            <ns3:cad>90</ns3:cad>
          </ns3:TrackPointExtension>
        </extensions>
      </trkpt>
      <trkpt lat="31.1576485075056552886962890625" lon="121.19952499866485595703125">
        <ele>4.80000019073486328125</ele>
        <time>2026-03-21T12:37:09.000Z</time>
        <extensions>
          <ns3:TrackPointExtension>
            <ns3:hr>157</ns3:hr>
            <ns3:cad>90</ns3:cad>
          </ns3:TrackPointExtension>
        </extensions>
      </trkpt>
      <trkpt lat="31.15762042813003063201904296875" lon="121.199528016149997711181640625">
        <ele>4.80000019073486328125</ele>
        <time>2026-03-21T12:37:10.000Z</time>
        <extensions>
          <ns3:TrackPointExtension>
            <ns3:hr>157</ns3:hr>
            <ns3:cad>90</ns3:cad>
          </ns3:TrackPointExtension>
        </extensions>
      </trkpt>
      <trkpt lat="31.15760140120983123779296875" lon="121.19953312911093235015869140625">
        <ele>4.80000019073486328125</ele>
        <time>2026-03-21T12:37:11.000Z</time>
        <extensions>
          <ns3:TrackPointExtension>
            <ns3:hr>157</ns3:hr>
            <ns3:cad>89</ns3:cad>
          </ns3:TrackPointExtension>
        </extensions>
      </trkpt>
      <trkpt lat="31.1575739085674285888671875" lon="121.1995322071015834808349609375">
        <ele>4.80000019073486328125</ele>
        <time>2026-03-21T12:37:12.000Z</time>
        <extensions>
          <ns3:TrackPointExtension>
            <ns3:hr>157</ns3:hr>
            <ns3:cad>88</ns3:cad>
          </ns3:TrackPointExtension>
        </extensions>
      </trkpt>
      <trkpt lat="31.15755437873303890228271484375" lon="121.19953237473964691162109375">
        <ele>4.599999904632568359375</ele>
        <time>2026-03-21T12:37:13.000Z</time>
        <extensions>
          <ns3:TrackPointExtension>
            <ns3:hr>157</ns3:hr>
            <ns3:cad>89</ns3:cad>
          </ns3:TrackPointExtension>
        </extensions>
      </trkpt>
      <trkpt lat="31.15752437151968479156494140625" lon="121.1995375715196132659912109375">
        <ele>4.599999904632568359375</ele>
        <time>2026-03-21T12:37:14.000Z</time>
        <extensions>
          <ns3:TrackPointExtension>
            <ns3:hr>158</ns3:hr>
            <ns3:cad>89</ns3:cad>
          </ns3:TrackPointExtension>
        </extensions>
      </trkpt>
      <trkpt lat="31.15750358439981937408447265625" lon="121.199544779956340789794921875">
        <ele>4.400000095367431640625</ele>
        <time>2026-03-21T12:37:15.000Z</time>
        <extensions>
          <ns3:TrackPointExtension>
            <ns3:hr>157</ns3:hr>
            <ns3:cad>89</ns3:cad>
          </ns3:TrackPointExtension>
        </extensions>
      </trkpt>
      <trkpt lat="31.1574733257293701171875" lon="121.19955115020275115966796875">
        <ele>4.400000095367431640625</ele>
        <time>2026-03-21T12:37:16.000Z</time>
        <extensions>
          <ns3:TrackPointExtension>
            <ns3:hr>157</ns3:hr>
            <ns3:cad>89</ns3:cad>
          </ns3:TrackPointExtension>
        </extensions>
      </trkpt>
      <trkpt lat="31.15745446644723415374755859375" lon="121.19955928064882755279541015625">
        <ele>4.19999980926513671875</ele>
        <time>2026-03-21T12:37:17.000Z</time>
        <extensions>
          <ns3:TrackPointExtension>
            <ns3:hr>157</ns3:hr>
            <ns3:cad>89</ns3:cad>
          </ns3:TrackPointExtension>
        </extensions>
      </trkpt>
      <trkpt lat="31.157429404556751251220703125" lon="121.1995667405426502227783203125">
        <ele>4.19999980926513671875</ele>
        <time>2026-03-21T12:37:18.000Z</time>
        <extensions>
          <ns3:TrackPointExtension>
            <ns3:hr>157</ns3:hr>
            <ns3:cad>89</ns3:cad>
          </ns3:TrackPointExtension>
        </extensions>
      </trkpt>
      <trkpt lat="31.15740953944623470306396484375" lon="121.1995724402368068695068359375">
        <ele>4</ele>
        <time>2026-03-21T12:37:19.000Z</time>
        <extensions>
          <ns3:TrackPointExtension>
            <ns3:hr>157</ns3:hr>
            <ns3:cad>89</ns3:cad>
          </ns3:TrackPointExtension>
        </extensions>
      </trkpt>
      <trkpt lat="31.15738305263221263885498046875" lon="121.19957269169390201568603515625">
        <ele>4</ele>
        <time>2026-03-21T12:37:20.000Z</time>
        <extensions>
          <ns3:TrackPointExtension>
            <ns3:hr>156</ns3:hr>
            <ns3:cad>89</ns3:cad>
          </ns3:TrackPointExtension>
        </extensions>
      </trkpt>
      <trkpt lat="31.157361678779125213623046875" lon="121.1995791457593441009521484375">
        <ele>4</ele>
        <time>2026-03-21T12:37:21.000Z</time>
        <extensions>
          <ns3:TrackPointExtension>
            <ns3:hr>157</ns3:hr>
            <ns3:cad>89</ns3:cad>
          </ns3:TrackPointExtension>
        </extensions>
      </trkpt>
      <trkpt lat="31.157334186136722564697265625" lon="121.19958601891994476318359375">
        <ele>4</ele>
        <time>2026-03-21T12:37:22.000Z</time>
        <extensions>
          <ns3:TrackPointExtension>
            <ns3:hr>157</ns3:hr>
            <ns3:cad>89</ns3:cad>
          </ns3:TrackPointExtension>
        </extensions>
      </trkpt>
      <trkpt lat="31.15731080062687397003173828125" lon="121.19959138333797454833984375">
        <ele>4</ele>
        <time>2026-03-21T12:37:23.000Z</time>
        <extensions>
          <ns3:TrackPointExtension>
            <ns3:hr>156</ns3:hr>
            <ns3:cad>90</ns3:cad>
          </ns3:TrackPointExtension>
        </extensions>
      </trkpt>
      <trkpt lat="31.15728515200316905975341796875" lon="121.1995989270508289337158203125">
        <ele>4</ele>
        <time>2026-03-21T12:37:24.000Z</time>
        <extensions>
          <ns3:TrackPointExtension>
            <ns3:hr>156</ns3:hr>
            <ns3:cad>90</ns3:cad>
          </ns3:TrackPointExtension>
        </extensions>
      </trkpt>
      <trkpt lat="31.1572659574449062347412109375" lon="121.1996029503643512725830078125">
        <ele>4</ele>
        <time>2026-03-21T12:37:25.000Z</time>
        <extensions>
          <ns3:TrackPointExtension>
            <ns3:hr>156</ns3:hr>
            <ns3:cad>90</ns3:cad>
          </ns3:TrackPointExtension>
        </extensions>
      </trkpt>
      <trkpt lat="31.15724223665893077850341796875" lon="121.19960973970592021942138671875">
        <ele>4</ele>
        <time>2026-03-21T12:37:26.000Z</time>
        <extensions>
          <ns3:TrackPointExtension>
            <ns3:hr>156</ns3:hr>
            <ns3:cad>90</ns3:cad>
          </ns3:TrackPointExtension>
        </extensions>
      </trkpt>
      <trkpt lat="31.15721977315843105316162109375" lon="121.1996086500585079193115234375">
        <ele>3.7999999523162841796875</ele>
        <time>2026-03-21T12:37:27.000Z</time>
        <extensions>
          <ns3:TrackPointExtension>
            <ns3:hr>156</ns3:hr>
            <ns3:cad>89</ns3:cad>
          </ns3:TrackPointExtension>
        </extensions>
      </trkpt>
      <trkpt lat="31.15719680674374103546142578125" lon="121.1996126733720302581787109375">
        <ele>3.7999999523162841796875</ele>
        <time>2026-03-21T12:37:28.000Z</time>
        <extensions>
          <ns3:TrackPointExtension>
            <ns3:hr>156</ns3:hr>
            <ns3:cad>88</ns3:cad>
          </ns3:TrackPointExtension>
        </extensions>
      </trkpt>
      <trkpt lat="31.15716981701552867889404296875" lon="121.19961594231426715850830078125">
        <ele>3.7999999523162841796875</ele>
        <time>2026-03-21T12:37:29.000Z</time>
        <extensions>
          <ns3:TrackPointExtension>
            <ns3:hr>156</ns3:hr>
            <ns3:cad>89</ns3:cad>
          </ns3:TrackPointExtension>
        </extensions>
      </trkpt>
      <trkpt lat="31.15714676678180694580078125" lon="121.19962197728455066680908203125">
        <ele>3.7999999523162841796875</ele>
        <time>2026-03-21T12:37:30.000Z</time>
        <extensions>
          <ns3:TrackPointExtension>
            <ns3:hr>156</ns3:hr>
            <ns3:cad>89</ns3:cad>
          </ns3:TrackPointExtension>
        </extensions>
      </trkpt>
      <trkpt lat="31.15711801685392856597900390625" lon="121.1996247433125972747802734375">
        <ele>3.7999999523162841796875</ele>
        <time>2026-03-21T12:37:31.000Z</time>
        <extensions>
          <ns3:TrackPointExtension>
            <ns3:hr>156</ns3:hr>
            <ns3:cad>89</ns3:cad>
          </ns3:TrackPointExtension>
        </extensions>
      </trkpt>
      <trkpt lat="31.1570942960679531097412109375" lon="121.19963957928121089935302734375">
        <ele>4</ele>
        <time>2026-03-21T12:37:32.000Z</time>
        <extensions>
          <ns3:TrackPointExtension>
            <ns3:hr>156</ns3:hr>
            <ns3:cad>89</ns3:cad>
          </ns3:TrackPointExtension>
        </extensions>
      </trkpt>
      <trkpt lat="31.15706286393105983734130859375" lon="121.1996465362608432769775390625">
        <ele>4</ele>
        <time>2026-03-21T12:37:33.000Z</time>
        <extensions>
          <ns3:TrackPointExtension>
            <ns3:hr>156</ns3:hr>
            <ns3:cad>89</ns3:cad>
          </ns3:TrackPointExtension>
        </extensions>
      </trkpt>
      <trkpt lat="31.15704123862087726593017578125" lon="121.1996612884104251861572265625">
        <ele>4</ele>
        <time>2026-03-21T12:37:34.000Z</time>
        <extensions>
          <ns3:TrackPointExtension>
            <ns3:hr>157</ns3:hr>
            <ns3:cad>89</ns3:cad>
          </ns3:TrackPointExtension>
        </extensions>
      </trkpt>
      <trkpt lat="31.15701265633106231689453125" lon="121.19967184960842132568359375">
        <ele>4</ele>
        <time>2026-03-21T12:37:35.000Z</time>
        <extensions>
          <ns3:TrackPointExtension>
            <ns3:hr>156</ns3:hr>
            <ns3:cad>88</ns3:cad>
          </ns3:TrackPointExtension>
        </extensions>
      </trkpt>
      <trkpt lat="31.15699631161987781524658203125" lon="121.19969272054731845855712890625">
        <ele>4</ele>
        <time>2026-03-21T12:37:36.000Z</time>
        <extensions>
          <ns3:TrackPointExtension>
            <ns3:hr>157</ns3:hr>
            <ns3:cad>87</ns3:cad>
          </ns3:TrackPointExtension>
        </extensions>
      </trkpt>
      <trkpt lat="31.1569739319384098052978515625" lon="121.19971342384815216064453125">
        <ele>3.7999999523162841796875</ele>
        <time>2026-03-21T12:37:37.000Z</time>
        <extensions>
          <ns3:TrackPointExtension>
            <ns3:hr>157</ns3:hr>
            <ns3:cad>87</ns3:cad>
          </ns3:TrackPointExtension>
        </extensions>
      </trkpt>
      <trkpt lat="31.15695859305560588836669921875" lon="121.199737899005413055419921875">
        <ele>3.7999999523162841796875</ele>
        <time>2026-03-21T12:37:38.000Z</time>
        <extensions>
          <ns3:TrackPointExtension>
            <ns3:hr>157</ns3:hr>
            <ns3:cad>88</ns3:cad>
          </ns3:TrackPointExtension>
        </extensions>
      </trkpt>
      <trkpt lat="31.156943924725055694580078125" lon="121.1997702531516551971435546875">
        <ele>3.7999999523162841796875</ele>
        <time>2026-03-21T12:37:39.000Z</time>
        <extensions>
          <ns3:TrackPointExtension>
            <ns3:hr>157</ns3:hr>
            <ns3:cad>89</ns3:cad>
          </ns3:TrackPointExtension>
        </extensions>
      </trkpt>
      <trkpt lat="31.15693998523056507110595703125" lon="121.1997945606708526611328125">
        <ele>3.7999999523162841796875</ele>
        <time>2026-03-21T12:37:40.000Z</time>
        <extensions>
          <ns3:TrackPointExtension>
            <ns3:hr>157</ns3:hr>
            <ns3:cad>89</ns3:cad>
          </ns3:TrackPointExtension>
        </extensions>
      </trkpt>
      <trkpt lat="31.1569355428218841552734375" lon="121.19982750155031681060791015625">
        <ele>3.7999999523162841796875</ele>
        <time>2026-03-21T12:37:41.000Z</time>
        <extensions>
          <ns3:TrackPointExtension>
            <ns3:hr>157</ns3:hr>
            <ns3:cad>89</ns3:cad>
          </ns3:TrackPointExtension>
        </extensions>
      </trkpt>
      <trkpt lat="31.15693830884993076324462890625" lon="121.1998530663549900054931640625">
        <ele>3.7999999523162841796875</ele>
        <time>2026-03-21T12:37:42.000Z</time>
        <extensions>
          <ns3:TrackPointExtension>
            <ns3:hr>157</ns3:hr>
            <ns3:cad>88</ns3:cad>
          </ns3:TrackPointExtension>
        </extensions>
      </trkpt>
      <trkpt lat="31.156941242516040802001953125" lon="121.19988919235765933990478515625">
        <ele>4</ele>
        <time>2026-03-21T12:37:43.000Z</time>
        <extensions>
          <ns3:TrackPointExtension>
            <ns3:hr>157</ns3:hr>
            <ns3:cad>88</ns3:cad>
          </ns3:TrackPointExtension>
        </extensions>
      </trkpt>
      <trkpt lat="31.15694400854408740997314453125" lon="121.19991534389555454254150390625">
        <ele>4</ele>
        <time>2026-03-21T12:37:44.000Z</time>
        <extensions>
          <ns3:TrackPointExtension>
            <ns3:hr>157</ns3:hr>
            <ns3:cad>88</ns3:cad>
          </ns3:TrackPointExtension>
        </extensions>
      </trkpt>
      <trkpt lat="31.1569467745721340179443359375" lon="121.19994543492794036865234375">
        <ele>4</ele>
        <time>2026-03-21T12:37:45.000Z</time>
        <extensions>
          <ns3:TrackPointExtension>
            <ns3:hr>156</ns3:hr>
            <ns3:cad>89</ns3:cad>
          </ns3:TrackPointExtension>
        </extensions>
      </trkpt>
      <trkpt lat="31.15695272572338581085205078125" lon="121.19996915571391582489013671875">
        <ele>4</ele>
        <time>2026-03-21T12:37:46.000Z</time>
        <extensions>
          <ns3:TrackPointExtension>
            <ns3:hr>157</ns3:hr>
            <ns3:cad>89</ns3:cad>
          </ns3:TrackPointExtension>
        </extensions>
      </trkpt>
      <trkpt lat="31.15695624612271785736083984375" lon="121.1999975703656673431396484375">
        <ele>4</ele>
        <time>2026-03-21T12:37:47.000Z</time>
        <extensions>
          <ns3:TrackPointExtension>
            <ns3:hr>157</ns3:hr>
            <ns3:cad>89</ns3:cad>
          </ns3:TrackPointExtension>
        </extensions>
      </trkpt>
      <trkpt lat="31.1569608561694622039794921875" lon="121.20002196170389652252197265625">
        <ele>4</ele>
        <time>2026-03-21T12:37:48.000Z</time>
        <extensions>
          <ns3:TrackPointExtension>
            <ns3:hr>157</ns3:hr>
            <ns3:cad>89</ns3:cad>
          </ns3:TrackPointExtension>
        </extensions>
      </trkpt>
      <trkpt lat="31.15696496330201625823974609375" lon="121.20004945434629917144775390625">
        <ele>4</ele>
        <time>2026-03-21T12:37:49.000Z</time>
        <extensions>
          <ns3:TrackPointExtension>
            <ns3:hr>157</ns3:hr>
            <ns3:cad>89</ns3:cad>
          </ns3:TrackPointExtension>
        </extensions>
      </trkpt>
      <trkpt lat="31.1569678969681262969970703125" lon="121.20007577352225780487060546875">
        <ele>4</ele>
        <time>2026-03-21T12:37:50.000Z</time>
        <extensions>
          <ns3:TrackPointExtension>
            <ns3:hr>157</ns3:hr>
            <ns3:cad>88</ns3:cad>
          </ns3:TrackPointExtension>
        </extensions>
      </trkpt>
      <trkpt lat="31.15697401575744152069091796875" lon="121.20010226033627986907958984375">
        <ele>4</ele>
        <time>2026-03-21T12:37:51.000Z</time>
        <extensions>
          <ns3:TrackPointExtension>
            <ns3:hr>157</ns3:hr>
            <ns3:cad>88</ns3:cad>
          </ns3:TrackPointExtension>
        </extensions>
      </trkpt>
      <trkpt lat="31.15697938017547130584716796875" lon="121.20013050734996795654296875">
        <ele>3.7999999523162841796875</ele>
        <time>2026-03-21T12:37:52.000Z</time>
        <extensions>
          <ns3:TrackPointExtension>
            <ns3:hr>157</ns3:hr>
            <ns3:cad>89</ns3:cad>
          </ns3:TrackPointExtension>
        </extensions>
      </trkpt>
      <trkpt lat="31.1569836549460887908935546875" lon="121.20015892200171947479248046875">
        <ele>3.7999999523162841796875</ele>
        <time>2026-03-21T12:37:53.000Z</time>
        <extensions>
          <ns3:TrackPointExtension>
            <ns3:hr>156</ns3:hr>
            <ns3:cad>89</ns3:cad>
          </ns3:TrackPointExtension>
        </extensions>
      </trkpt>
      <trkpt lat="31.15698608569800853729248046875" lon="121.20018809102475643157958984375">
        <ele>3.7999999523162841796875</ele>
        <time>2026-03-21T12:37:54.000Z</time>
        <extensions>
          <ns3:TrackPointExtension>
            <ns3:hr>157</ns3:hr>
            <ns3:cad>89</ns3:cad>
          </ns3:TrackPointExtension>
        </extensions>
      </trkpt>
      <trkpt lat="31.15699044428765773773193359375" lon="121.20021893642842769622802734375">
        <ele>3.7999999523162841796875</ele>
        <time>2026-03-21T12:37:55.000Z</time>
        <extensions>
          <ns3:TrackPointExtension>
            <ns3:hr>156</ns3:hr>
            <ns3:cad>90</ns3:cad>
          </ns3:TrackPointExtension>
        </extensions>
      </trkpt>
      <trkpt lat="31.15699530579149723052978515625" lon="121.20024944655597209930419921875">
        <ele>3.7999999523162841796875</ele>
        <time>2026-03-21T12:37:56.000Z</time>
        <extensions>
          <ns3:TrackPointExtension>
            <ns3:hr>156</ns3:hr>
            <ns3:cad>90</ns3:cad>
          </ns3:TrackPointExtension>
        </extensions>
      </trkpt>
      <trkpt lat="31.15700251422822475433349609375" lon="121.2002768553793430328369140625">
        <ele>3.7999999523162841796875</ele>
        <time>2026-03-21T12:37:57.000Z</time>
        <extensions>
          <ns3:TrackPointExtension>
            <ns3:hr>156</ns3:hr>
            <ns3:cad>90</ns3:cad>
          </ns3:TrackPointExtension>
        </extensions>
      </trkpt>
      <trkpt lat="31.15700620226562023162841796875" lon="121.200310885906219482421875">
        <ele>3.7999999523162841796875</ele>
        <time>2026-03-21T12:37:58.000Z</time>
        <extensions>
          <ns3:TrackPointExtension>
            <ns3:hr>156</ns3:hr>
            <ns3:cad>90</ns3:cad>
          </ns3:TrackPointExtension>
        </extensions>
      </trkpt>
      <trkpt lat="31.157014332711696624755859375" lon="121.20033661834895610809326171875">
        <ele>3.7999999523162841796875</ele>
        <time>2026-03-21T12:37:59.000Z</time>
        <extensions>
          <ns3:TrackPointExtension>
            <ns3:hr>156</ns3:hr>
            <ns3:cad>88</ns3:cad>
          </ns3:TrackPointExtension>
        </extensions>
      </trkpt>
      <trkpt lat="31.15701441653072834014892578125" lon="121.2003677152097225189208984375">
        <ele>4</ele>
        <time>2026-03-21T12:38:00.000Z</time>
        <extensions>
          <ns3:TrackPointExtension>
            <ns3:hr>156</ns3:hr>
            <ns3:cad>89</ns3:cad>
          </ns3:TrackPointExtension>
        </extensions>
      </trkpt>
      <trkpt lat="31.15701726637780666351318359375" lon="121.2003945372998714447021484375">
        <ele>4</ele>
        <time>2026-03-21T12:38:01.000Z</time>
        <extensions>
          <ns3:TrackPointExtension>
            <ns3:hr>156</ns3:hr>
            <ns3:cad>89</ns3:cad>
          </ns3:TrackPointExtension>
        </extensions>
      </trkpt>
      <trkpt lat="31.15702145732939243316650390625" lon="121.20042412541806697845458984375">
        <ele>4</ele>
        <time>2026-03-21T12:38:02.000Z</time>
        <extensions>
          <ns3:TrackPointExtension>
            <ns3:hr>156</ns3:hr>
            <ns3:cad>89</ns3:cad>
          </ns3:TrackPointExtension>
        </extensions>
      </trkpt>
      <trkpt lat="31.157026402652263641357421875" lon="121.20044608600437641143798828125">
        <ele>4</ele>
        <time>2026-03-21T12:38:03.000Z</time>
        <extensions>
          <ns3:TrackPointExtension>
            <ns3:hr>156</ns3:hr>
            <ns3:cad>89</ns3:cad>
          </ns3:TrackPointExtension>
        </extensions>
      </trkpt>
      <trkpt lat="31.1570302583277225494384765625" lon="121.200476847589015960693359375">
        <ele>4</ele>
        <time>2026-03-21T12:38:04.000Z</time>
        <extensions>
          <ns3:TrackPointExtension>
            <ns3:hr>156</ns3:hr>
            <ns3:cad>89</ns3:cad>
          </ns3:TrackPointExtension>
        </extensions>
      </trkpt>
      <trkpt lat="31.1570376344025135040283203125" lon="121.2005001492798328399658203125">
        <ele>4</ele>
        <time>2026-03-21T12:38:05.000Z</time>
        <extensions>
          <ns3:TrackPointExtension>
            <ns3:hr>156</ns3:hr>
            <ns3:cad>89</ns3:cad>
          </ns3:TrackPointExtension>
        </extensions>
      </trkpt>
      <trkpt lat="31.15703771822154521942138671875" lon="121.200532503426074981689453125">
        <ele>4</ele>
        <time>2026-03-21T12:38:06.000Z</time>
        <extensions>
          <ns3:TrackPointExtension>
            <ns3:hr>156</ns3:hr>
            <ns3:cad>89</ns3:cad>
          </ns3:TrackPointExtension>
        </extensions>
      </trkpt>
      <trkpt lat="31.157042495906352996826171875" lon="121.20055563747882843017578125">
        <ele>4.19999980926513671875</ele>
        <time>2026-03-21T12:38:07.000Z</time>
        <extensions>
          <ns3:TrackPointExtension>
            <ns3:hr>156</ns3:hr>
            <ns3:cad>89</ns3:cad>
          </ns3:TrackPointExtension>
        </extensions>
      </trkpt>
      <trkpt lat="31.1570426635444164276123046875" lon="121.20059276930987834930419921875">
        <ele>4.19999980926513671875</ele>
        <time>2026-03-21T12:38:08.000Z</time>
        <extensions>
          <ns3:TrackPointExtension>
            <ns3:hr>156</ns3:hr>
            <ns3:cad>89</ns3:cad>
          </ns3:TrackPointExtension>
        </extensions>
      </trkpt>
      <trkpt lat="31.1570473574101924896240234375" lon="121.20061305351555347442626953125">
        <ele>4.19999980926513671875</ele>
        <time>2026-03-21T12:38:09.000Z</time>
        <extensions>
          <ns3:TrackPointExtension>
            <ns3:hr>156</ns3:hr>
            <ns3:cad>90</ns3:cad>
          </ns3:TrackPointExtension>
        </extensions>
      </trkpt>
      <trkpt lat="31.15704794414341449737548828125" lon="121.200647838413715362548828125">
        <ele>4.19999980926513671875</ele>
        <time>2026-03-21T12:38:10.000Z</time>
        <extensions>
          <ns3:TrackPointExtension>
            <ns3:hr>156</ns3:hr>
            <ns3:cad>90</ns3:cad>
          </ns3:TrackPointExtension>
        </extensions>
      </trkpt>
      <trkpt lat="31.15705213509500026702880859375" lon="121.2006718106567859649658203125">
        <ele>4.19999980926513671875</ele>
        <time>2026-03-21T12:38:11.000Z</time>
        <extensions>
          <ns3:TrackPointExtension>
            <ns3:hr>156</ns3:hr>
            <ns3:cad>90</ns3:cad>
          </ns3:TrackPointExtension>
        </extensions>
      </trkpt>
      <trkpt lat="31.157056577503681182861328125" lon="121.200705505907535552978515625">
        <ele>4.19999980926513671875</ele>
        <time>2026-03-21T12:38:12.000Z</time>
        <extensions>
          <ns3:TrackPointExtension>
            <ns3:hr>156</ns3:hr>
            <ns3:cad>90</ns3:cad>
          </ns3:TrackPointExtension>
        </extensions>
      </trkpt>
      <trkpt lat="31.1570696532726287841796875" lon="121.2007226049900054931640625">
        <ele>4.19999980926513671875</ele>
        <time>2026-03-21T12:38:13.000Z</time>
        <extensions>
          <ns3:TrackPointExtension>
            <ns3:hr>156</ns3:hr>
            <ns3:cad>89</ns3:cad>
          </ns3:TrackPointExtension>
        </extensions>
      </trkpt>
      <trkpt lat="31.15708868019282817840576171875" lon="121.20075169019401073455810546875">
        <ele>4.19999980926513671875</ele>
        <time>2026-03-21T12:38:14.000Z</time>
        <extensions>
          <ns3:TrackPointExtension>
            <ns3:hr>156</ns3:hr>
            <ns3:cad>88</ns3:cad>
          </ns3:TrackPointExtension>
        </extensions>
      </trkpt>
      <trkpt lat="31.15710242651402950286865234375" lon="121.20077080093324184417724609375">
        <ele>4.400000095367431640625</ele>
        <time>2026-03-21T12:38:15.000Z</time>
        <extensions>
          <ns3:TrackPointExtension>
            <ns3:hr>156</ns3:hr>
            <ns3:cad>88</ns3:cad>
          </ns3:TrackPointExtension>
        </extensions>
      </trkpt>
      <trkpt lat="31.1571134068071842193603515625" lon="121.20080281980335712432861328125">
        <ele>4.400000095367431640625</ele>
        <time>2026-03-21T12:38:16.000Z</time>
        <extensions>
          <ns3:TrackPointExtension>
            <ns3:hr>156</ns3:hr>
            <ns3:cad>88</ns3:cad>
          </ns3:TrackPointExtension>
        </extensions>
      </trkpt>
      <trkpt lat="31.15712589584290981292724609375" lon="121.2008283846080303192138671875">
        <ele>4.400000095367431640625</ele>
        <time>2026-03-21T12:38:17.000Z</time>
        <extensions>
          <ns3:TrackPointExtension>
            <ns3:hr>156</ns3:hr>
            <ns3:cad>88</ns3:cad>
          </ns3:TrackPointExtension>
        </extensions>
      </trkpt>
      <trkpt lat="31.15714081563055515289306640625" lon="121.2008565478026866912841796875">
        <ele>4.400000095367431640625</ele>
        <time>2026-03-21T12:38:18.000Z</time>
        <extensions>
          <ns3:TrackPointExtension>
            <ns3:hr>156</ns3:hr>
            <ns3:cad>89</ns3:cad>
          </ns3:TrackPointExtension>
        </extensions>
      </trkpt>
      <trkpt lat="31.15715757943689823150634765625" lon="121.2008739821612834930419921875">
        <ele>4.400000095367431640625</ele>
        <time>2026-03-21T12:38:19.000Z</time>
        <extensions>
          <ns3:TrackPointExtension>
            <ns3:hr>156</ns3:hr>
            <ns3:cad>89</ns3:cad>
          </ns3:TrackPointExtension>
        </extensions>
      </trkpt>
      <trkpt lat="31.157178618013858795166015625" lon="121.20088412426412105560302734375">
        <ele>4.599999904632568359375</ele>
        <time>2026-03-21T12:38:20.000Z</time>
        <extensions>
          <ns3:TrackPointExtension>
            <ns3:hr>156</ns3:hr>
            <ns3:cad>89</ns3:cad>
          </ns3:TrackPointExtension>
        </extensions>
      </trkpt>
      <trkpt lat="31.1572019197046756744384765625" lon="121.200894601643085479736328125">
        <ele>4.599999904632568359375</ele>
        <time>2026-03-21T12:38:21.000Z</time>
        <extensions>
          <ns3:TrackPointExtension>
            <ns3:hr>156</ns3:hr>
            <ns3:cad>89</ns3:cad>
          </ns3:TrackPointExtension>
        </extensions>
      </trkpt>
      <trkpt lat="31.15722212009131908416748046875" lon="121.200891919434070587158203125">
        <ele>4.599999904632568359375</ele>
        <time>2026-03-21T12:38:22.000Z</time>
        <extensions>
          <ns3:TrackPointExtension>
            <ns3:hr>156</ns3:hr>
            <ns3:cad>88</ns3:cad>
          </ns3:TrackPointExtension>
        </extensions>
      </trkpt>
      <trkpt lat="31.15724961273372173309326171875" lon="121.2008863873779773712158203125">
        <ele>4.80000019073486328125</ele>
        <time>2026-03-21T12:38:23.000Z</time>
        <extensions>
          <ns3:TrackPointExtension>
            <ns3:hr>156</ns3:hr>
            <ns3:cad>87</ns3:cad>
          </ns3:TrackPointExtension>
        </extensions>
      </trkpt>
      <trkpt lat="31.15726771764457225799560546875" lon="121.2008786760270595550537109375">
        <ele>4.80000019073486328125</ele>
        <time>2026-03-21T12:38:24.000Z</time>
        <extensions>
          <ns3:TrackPointExtension>
            <ns3:hr>156</ns3:hr>
            <ns3:cad>88</ns3:cad>
          </ns3:TrackPointExtension>
        </extensions>
      </trkpt>
      <trkpt lat="31.157295964658260345458984375" lon="121.20087574236094951629638671875">
        <ele>4.80000019073486328125</ele>
        <time>2026-03-21T12:38:25.000Z</time>
        <extensions>
          <ns3:TrackPointExtension>
            <ns3:hr>156</ns3:hr>
            <ns3:cad>88</ns3:cad>
          </ns3:TrackPointExtension>
        </extensions>
      </trkpt>
      <trkpt lat="31.15731532685458660125732421875" lon="121.2008666060864925384521484375">
        <ele>4.80000019073486328125</ele>
        <time>2026-03-21T12:38:26.000Z</time>
        <extensions>
          <ns3:TrackPointExtension>
            <ns3:hr>156</ns3:hr>
            <ns3:cad>88</ns3:cad>
          </ns3:TrackPointExtension>
        </extensions>
      </trkpt>
      <trkpt lat="31.15734399296343326568603515625" lon="121.200861744582653045654296875">
        <ele>4.80000019073486328125</ele>
        <time>2026-03-21T12:38:27.000Z</time>
        <extensions>
          <ns3:TrackPointExtension>
            <ns3:hr>156</ns3:hr>
            <ns3:cad>88</ns3:cad>
          </ns3:TrackPointExtension>
        </extensions>
      </trkpt>
      <trkpt lat="31.1573645286262035369873046875" lon="121.20085629634559154510498046875">
        <ele>4.80000019073486328125</ele>
        <time>2026-03-21T12:38:28.000Z</time>
        <extensions>
          <ns3:TrackPointExtension>
            <ns3:hr>156</ns3:hr>
            <ns3:cad>87</ns3:cad>
          </ns3:TrackPointExtension>
        </extensions>
      </trkpt>
      <trkpt lat="31.15739076398313045501708984375" lon="121.200852356851100921630859375">
        <ele>4.80000019073486328125</ele>
        <time>2026-03-21T12:38:29.000Z</time>
        <extensions>
          <ns3:TrackPointExtension>
            <ns3:hr>156</ns3:hr>
            <ns3:cad>87</ns3:cad>
          </ns3:TrackPointExtension>
        </extensions>
      </trkpt>
      <trkpt lat="31.15741121582686901092529296875" lon="121.2008464895188808441162109375">
        <ele>4.80000019073486328125</ele>
        <time>2026-03-21T12:38:30.000Z</time>
        <extensions>
          <ns3:TrackPointExtension>
            <ns3:hr>156</ns3:hr>
            <ns3:cad>86</ns3:cad>
          </ns3:TrackPointExtension>
        </extensions>
      </trkpt>
      <trkpt lat="31.15743854083120822906494140625" lon="121.20084037072956562042236328125">
        <ele>4.80000019073486328125</ele>
        <time>2026-03-21T12:38:31.000Z</time>
        <extensions>
          <ns3:TrackPointExtension>
            <ns3:hr>156</ns3:hr>
            <ns3:cad>87</ns3:cad>
          </ns3:TrackPointExtension>
        </extensions>
      </trkpt>
      <trkpt lat="31.157461591064929962158203125" lon="121.20083115063607692718505859375">
        <ele>4.599999904632568359375</ele>
        <time>2026-03-21T12:38:32.000Z</time>
        <extensions>
          <ns3:TrackPointExtension>
            <ns3:hr>156</ns3:hr>
            <ns3:cad>88</ns3:cad>
          </ns3:TrackPointExtension>
        </extensions>
      </trkpt>
      <trkpt lat="31.157489754259586334228515625" lon="121.2008303962647914886474609375">
        <ele>4.599999904632568359375</ele>
        <time>2026-03-21T12:38:33.000Z</time>
        <extensions>
          <ns3:TrackPointExtension>
            <ns3:hr>156</ns3:hr>
            <ns3:cad>89</ns3:cad>
          </ns3:TrackPointExtension>
        </extensions>
      </trkpt>
      <trkpt lat="31.157511882483959197998046875" lon="121.2008263729512691497802734375">
        <ele>4.599999904632568359375</ele>
        <time>2026-03-21T12:38:34.000Z</time>
        <extensions>
          <ns3:TrackPointExtension>
            <ns3:hr>156</ns3:hr>
            <ns3:cad>89</ns3:cad>
          </ns3:TrackPointExtension>
        </extensions>
      </trkpt>
      <trkpt lat="31.157540045678615570068359375" lon="121.2008210085332393646240234375">
        <ele>4.400000095367431640625</ele>
        <time>2026-03-21T12:38:35.000Z</time>
        <extensions>
          <ns3:TrackPointExtension>
            <ns3:hr>156</ns3:hr>
            <ns3:cad>89</ns3:cad>
          </ns3:TrackPointExtension>
        </extensions>
      </trkpt>
      <trkpt lat="31.15756158716976642608642578125" lon="121.20081589557230472564697265625">
        <ele>4.400000095367431640625</ele>
        <time>2026-03-21T12:38:36.000Z</time>
        <extensions>
          <ns3:TrackPointExtension>
            <ns3:hr>156</ns3:hr>
            <ns3:cad>89</ns3:cad>
          </ns3:TrackPointExtension>
        </extensions>
      </trkpt>
      <trkpt lat="31.15758170373737812042236328125" lon="121.20080566965043544769287109375">
        <ele>4.19999980926513671875</ele>
        <time>2026-03-21T12:38:37.000Z</time>
        <extensions>
          <ns3:TrackPointExtension>
            <ns3:hr>156</ns3:hr>
            <ns3:cad>88</ns3:cad>
          </ns3:TrackPointExtension>
        </extensions>
      </trkpt>
      <trkpt lat="31.15760450251400470733642578125" lon="121.20079712010920047760009765625">
        <ele>4</ele>
        <time>2026-03-21T12:38:38.000Z</time>
        <extensions>
          <ns3:TrackPointExtension>
            <ns3:hr>156</ns3:hr>
            <ns3:cad>88</ns3:cad>
          </ns3:TrackPointExtension>
        </extensions>
      </trkpt>
      <trkpt lat="31.15762629546225070953369140625" lon="121.20078488253057003021240234375">
        <ele>4</ele>
        <time>2026-03-21T12:38:39.000Z</time>
        <extensions>
          <ns3:TrackPointExtension>
            <ns3:hr>155</ns3:hr>
            <ns3:cad>89</ns3:cad>
          </ns3:TrackPointExtension>
        </extensions>
      </trkpt>
      <trkpt lat="31.15765328519046306610107421875" lon="121.20077666826546192169189453125">
        <ele>4</ele>
        <time>2026-03-21T12:38:40.000Z</time>
        <extensions>
          <ns3:TrackPointExtension>
            <ns3:hr>156</ns3:hr>
            <ns3:cad>89</ns3:cad>
          </ns3:TrackPointExtension>
        </extensions>
      </trkpt>
      <trkpt lat="31.15767792798578739166259765625" lon="121.20076728053390979766845703125">
        <ele>3.7999999523162841796875</ele>
        <time>2026-03-21T12:38:41.000Z</time>
        <extensions>
          <ns3:TrackPointExtension>
            <ns3:hr>156</ns3:hr>
            <ns3:cad>89</ns3:cad>
          </ns3:TrackPointExtension>
        </extensions>
      </trkpt>
      <trkpt lat="31.15770307369530200958251953125" lon="121.20075889863073825836181640625">
        <ele>3.7999999523162841796875</ele>
        <time>2026-03-21T12:38:42.000Z</time>
        <extensions>
          <ns3:TrackPointExtension>
            <ns3:hr>156</ns3:hr>
            <ns3:cad>90</ns3:cad>
          </ns3:TrackPointExtension>
        </extensions>
      </trkpt>
      <trkpt lat="31.15772587247192859649658203125" lon="121.20074783451855182647705078125">
        <ele>3.7999999523162841796875</ele>
        <time>2026-03-21T12:38:43.000Z</time>
        <extensions>
          <ns3:TrackPointExtension>
            <ns3:hr>156</ns3:hr>
            <ns3:cad>90</ns3:cad>
          </ns3:TrackPointExtension>
        </extensions>
      </trkpt>
      <trkpt lat="31.1577524431049823760986328125" lon="121.20074179954826831817626953125">
        <ele>3.7999999523162841796875</ele>
        <time>2026-03-21T12:38:44.000Z</time>
        <extensions>
          <ns3:TrackPointExtension>
            <ns3:hr>155</ns3:hr>
            <ns3:cad>89</ns3:cad>
          </ns3:TrackPointExtension>
        </extensions>
      </trkpt>
      <trkpt lat="31.15777172148227691650390625" lon="121.20073744095861911773681640625">
        <ele>3.7999999523162841796875</ele>
        <time>2026-03-21T12:38:45.000Z</time>
        <extensions>
          <ns3:TrackPointExtension>
            <ns3:hr>156</ns3:hr>
            <ns3:cad>89</ns3:cad>
          </ns3:TrackPointExtension>
        </extensions>
      </trkpt>
      <trkpt lat="31.15779586136341094970703125" lon="121.200734674930572509765625">
        <ele>3.7999999523162841796875</ele>
        <time>2026-03-21T12:38:46.000Z</time>
        <extensions>
          <ns3:TrackPointExtension>
            <ns3:hr>156</ns3:hr>
            <ns3:cad>88</ns3:cad>
          </ns3:TrackPointExtension>
        </extensions>
      </trkpt>
      <trkpt lat="31.15781589411199092864990234375" lon="121.20072755031287670135498046875">
        <ele>3.7999999523162841796875</ele>
        <time>2026-03-21T12:38:47.000Z</time>
        <extensions>
          <ns3:TrackPointExtension>
            <ns3:hr>155</ns3:hr>
            <ns3:cad>88</ns3:cad>
          </ns3:TrackPointExtension>
        </extensions>
      </trkpt>
      <trkpt lat="31.15784011781215667724609375" lon="121.20071925222873687744140625">
        <ele>3.7999999523162841796875</ele>
        <time>2026-03-21T12:38:48.000Z</time>
        <extensions>
          <ns3:TrackPointExtension>
            <ns3:hr>156</ns3:hr>
            <ns3:cad>88</ns3:cad>
          </ns3:TrackPointExtension>
        </extensions>
      </trkpt>
      <trkpt lat="31.15786048583686351776123046875" lon="121.20071095414459705352783203125">
        <ele>3.7999999523162841796875</ele>
        <time>2026-03-21T12:38:49.000Z</time>
        <extensions>
          <ns3:TrackPointExtension>
            <ns3:hr>156</ns3:hr>
            <ns3:cad>88</ns3:cad>
          </ns3:TrackPointExtension>
        </extensions>
      </trkpt>
      <trkpt lat="31.157888062298297882080078125" lon="121.2007043324410915374755859375">
        <ele>3.7999999523162841796875</ele>
        <time>2026-03-21T12:38:50.000Z</time>
        <extensions>
          <ns3:TrackPointExtension>
            <ns3:hr>156</ns3:hr>
            <ns3:cad>88</ns3:cad>
          </ns3:TrackPointExtension>
        </extensions>
      </trkpt>
      <trkpt lat="31.1579090170562267303466796875" lon="121.20069754309952259063720703125">
        <ele>3.7999999523162841796875</ele>
        <time>2026-03-21T12:38:51.000Z</time>
        <extensions>
          <ns3:TrackPointExtension>
            <ns3:hr>156</ns3:hr>
            <ns3:cad>88</ns3:cad>
          </ns3:TrackPointExtension>
        </extensions>
      </trkpt>
      <trkpt lat="31.1579344980418682098388671875" lon="121.20069444179534912109375">
        <ele>3.7999999523162841796875</ele>
        <time>2026-03-21T12:38:52.000Z</time>
        <extensions>
          <ns3:TrackPointExtension>
            <ns3:hr>156</ns3:hr>
            <ns3:cad>88</ns3:cad>
          </ns3:TrackPointExtension>
        </extensions>
      </trkpt>
      <trkpt lat="31.1579559557139873504638671875" lon="121.20069167576730251312255859375">
        <ele>3.7999999523162841796875</ele>
        <time>2026-03-21T12:38:53.000Z</time>
        <extensions>
          <ns3:TrackPointExtension>
            <ns3:hr>155</ns3:hr>
            <ns3:cad>88</ns3:cad>
          </ns3:TrackPointExtension>
        </extensions>
      </trkpt>
      <trkpt lat="31.1579797603189945220947265625" lon="121.20068362914025783538818359375">
        <ele>4</ele>
        <time>2026-03-21T12:38:54.000Z</time>
        <extensions>
          <ns3:TrackPointExtension>
            <ns3:hr>156</ns3:hr>
            <ns3:cad>88</ns3:cad>
          </ns3:TrackPointExtension>
        </extensions>
      </trkpt>
      <trkpt lat="31.157998703420162200927734375" lon="121.20067943818867206573486328125">
        <ele>4</ele>
        <time>2026-03-21T12:38:55.000Z</time>
        <extensions>
          <ns3:TrackPointExtension>
            <ns3:hr>156</ns3:hr>
            <ns3:cad>88</ns3:cad>
          </ns3:TrackPointExtension>
        </extensions>
      </trkpt>
      <trkpt lat="31.15802275948226451873779296875" lon="121.20067172683775424957275390625">
        <ele>3.7999999523162841796875</ele>
        <time>2026-03-21T12:38:56.000Z</time>
        <extensions>
          <ns3:TrackPointExtension>
            <ns3:hr>156</ns3:hr>
            <ns3:cad>89</ns3:cad>
          </ns3:TrackPointExtension>
        </extensions>
      </trkpt>
      <trkpt lat="31.15804262459278106689453125" lon="121.20066468603909015655517578125">
        <ele>3.7999999523162841796875</ele>
        <time>2026-03-21T12:38:57.000Z</time>
        <extensions>
          <ns3:TrackPointExtension>
            <ns3:hr>156</ns3:hr>
            <ns3:cad>89</ns3:cad>
          </ns3:TrackPointExtension>
        </extensions>
      </trkpt>
      <trkpt lat="31.158066429197788238525390625" lon="121.20065814815461635589599609375">
        <ele>3.7999999523162841796875</ele>
        <time>2026-03-21T12:38:58.000Z</time>
        <extensions>
          <ns3:TrackPointExtension>
            <ns3:hr>156</ns3:hr>
            <ns3:cad>89</ns3:cad>
          </ns3:TrackPointExtension>
        </extensions>
      </trkpt>
      <trkpt lat="31.1580915749073028564453125" lon="121.20065529830753803253173828125">
        <ele>3.7999999523162841796875</ele>
        <time>2026-03-21T12:38:59.000Z</time>
        <extensions>
          <ns3:TrackPointExtension>
            <ns3:hr>156</ns3:hr>
            <ns3:cad>89</ns3:cad>
          </ns3:TrackPointExtension>
        </extensions>
      </trkpt>
      <trkpt lat="31.15811730735003948211669921875" lon="121.20065244846045970916748046875">
        <ele>3.7999999523162841796875</ele>
        <time>2026-03-21T12:39:00.000Z</time>
        <extensions>
          <ns3:TrackPointExtension>
            <ns3:hr>156</ns3:hr>
            <ns3:cad>89</ns3:cad>
          </ns3:TrackPointExtension>
        </extensions>
      </trkpt>
      <trkpt lat="31.1581406928598880767822265625" lon="121.2006506882607936859130859375">
        <ele>3.7999999523162841796875</ele>
        <time>2026-03-21T12:39:01.000Z</time>
        <extensions>
          <ns3:TrackPointExtension>
            <ns3:hr>155</ns3:hr>
            <ns3:cad>88</ns3:cad>
          </ns3:TrackPointExtension>
        </extensions>
      </trkpt>
      <trkpt lat="31.1581624858081340789794921875" lon="121.20063836686313152313232421875">
        <ele>3.7999999523162841796875</ele>
        <time>2026-03-21T12:39:02.000Z</time>
        <extensions>
          <ns3:TrackPointExtension>
            <ns3:hr>155</ns3:hr>
            <ns3:cad>88</ns3:cad>
          </ns3:TrackPointExtension>
        </extensions>
      </trkpt>
      <trkpt lat="31.15818603895604610443115234375" lon="121.20063149370253086090087890625">
        <ele>3.7999999523162841796875</ele>
        <time>2026-03-21T12:39:03.000Z</time>
        <extensions>
          <ns3:TrackPointExtension>
            <ns3:hr>155</ns3:hr>
            <ns3:cad>89</ns3:cad>
          </ns3:TrackPointExtension>
        </extensions>
      </trkpt>
      <trkpt lat="31.15820950828492641448974609375" lon="121.20062193833291530609130859375">
        <ele>3.7999999523162841796875</ele>
        <time>2026-03-21T12:39:04.000Z</time>
        <extensions>
          <ns3:TrackPointExtension>
            <ns3:hr>154</ns3:hr>
            <ns3:cad>89</ns3:cad>
          </ns3:TrackPointExtension>
        </extensions>
      </trkpt>
      <trkpt lat="31.1582337319850921630859375" lon="121.20062059722840785980224609375">
        <ele>3.7999999523162841796875</ele>
        <time>2026-03-21T12:39:05.000Z</time>
        <extensions>
          <ns3:TrackPointExtension>
            <ns3:hr>154</ns3:hr>
            <ns3:cad>90</ns3:cad>
          </ns3:TrackPointExtension>
        </extensions>
      </trkpt>
      <trkpt lat="31.15825912915170192718505859375" lon="121.2006144784390926361083984375">
        <ele>4</ele>
        <time>2026-03-21T12:39:06.000Z</time>
        <extensions>
          <ns3:TrackPointExtension>
            <ns3:hr>153</ns3:hr>
            <ns3:cad>90</ns3:cad>
          </ns3:TrackPointExtension>
        </extensions>
      </trkpt>
      <trkpt lat="31.1582851968705654144287109375" lon="121.2006114609539508819580078125">
        <ele>4</ele>
        <time>2026-03-21T12:39:07.000Z</time>
        <extensions>
          <ns3:TrackPointExtension>
            <ns3:hr>153</ns3:hr>
            <ns3:cad>90</ns3:cad>
          </ns3:TrackPointExtension>
        </extensions>
      </trkpt>
      <trkpt lat="31.1583056487143039703369140625" lon="121.20060835964977741241455078125">
        <ele>4</ele>
        <time>2026-03-21T12:39:08.000Z</time>
        <extensions>
          <ns3:TrackPointExtension>
            <ns3:hr>152</ns3:hr>
            <ns3:cad>88</ns3:cad>
          </ns3:TrackPointExtension>
        </extensions>
      </trkpt>
      <trkpt lat="31.15832853130996227264404296875" lon="121.20060165412724018096923828125">
        <ele>3.7999999523162841796875</ele>
        <time>2026-03-21T12:39:09.000Z</time>
        <extensions>
          <ns3:TrackPointExtension>
            <ns3:hr>152</ns3:hr>
            <ns3:cad>88</ns3:cad>
          </ns3:TrackPointExtension>
        </extensions>
      </trkpt>
      <trkpt lat="31.15835082717239856719970703125" lon="121.20059779845178127288818359375">
        <ele>3.7999999523162841796875</ele>
        <time>2026-03-21T12:39:10.000Z</time>
        <extensions>
          <ns3:TrackPointExtension>
            <ns3:hr>152</ns3:hr>
            <ns3:cad>89</ns3:cad>
          </ns3:TrackPointExtension>
        </extensions>
      </trkpt>
      <trkpt lat="31.15837496705353260040283203125" lon="121.20059226639568805694580078125">
        <ele>3.7999999523162841796875</ele>
        <time>2026-03-21T12:39:11.000Z</time>
        <extensions>
          <ns3:TrackPointExtension>
            <ns3:hr>153</ns3:hr>
            <ns3:cad>89</ns3:cad>
          </ns3:TrackPointExtension>
        </extensions>
      </trkpt>
      <trkpt lat="31.15839474834501743316650390625" lon="121.200586147606372833251953125">
        <ele>3.7999999523162841796875</ele>
        <time>2026-03-21T12:39:12.000Z</time>
        <extensions>
          <ns3:TrackPointExtension>
            <ns3:hr>153</ns3:hr>
            <ns3:cad>89</ns3:cad>
          </ns3:TrackPointExtension>
        </extensions>
      </trkpt>
      <trkpt lat="31.15841972641646862030029296875" lon="121.20058472268283367156982421875">
        <ele>3.7999999523162841796875</ele>
        <time>2026-03-21T12:39:13.000Z</time>
        <extensions>
          <ns3:TrackPointExtension>
            <ns3:hr>153</ns3:hr>
            <ns3:cad>89</ns3:cad>
          </ns3:TrackPointExtension>
        </extensions>
      </trkpt>
      <trkpt lat="31.15844135172665119171142578125" lon="121.20058170519769191741943359375">
        <ele>3.7999999523162841796875</ele>
        <time>2026-03-21T12:39:14.000Z</time>
        <extensions>
          <ns3:TrackPointExtension>
            <ns3:hr>153</ns3:hr>
            <ns3:cad>89</ns3:cad>
          </ns3:TrackPointExtension>
        </extensions>
      </trkpt>
      <trkpt lat="31.15846507251262664794921875" lon="121.20057684369385242462158203125">
        <ele>3.7999999523162841796875</ele>
        <time>2026-03-21T12:39:15.000Z</time>
        <extensions>
          <ns3:TrackPointExtension>
            <ns3:hr>154</ns3:hr>
            <ns3:cad>89</ns3:cad>
          </ns3:TrackPointExtension>
        </extensions>
      </trkpt>
      <trkpt lat="31.158486865460872650146484375" lon="121.200573407113552093505859375">
        <ele>3.7999999523162841796875</ele>
        <time>2026-03-21T12:39:16.000Z</time>
        <extensions>
          <ns3:TrackPointExtension>
            <ns3:hr>153</ns3:hr>
            <ns3:cad>89</ns3:cad>
          </ns3:TrackPointExtension>
        </extensions>
      </trkpt>
      <trkpt lat="31.15851142443716526031494140625" lon="121.2005705572664737701416015625">
        <ele>3.7999999523162841796875</ele>
        <time>2026-03-21T12:39:17.000Z</time>
        <extensions>
          <ns3:TrackPointExtension>
            <ns3:hr>154</ns3:hr>
            <ns3:cad>89</ns3:cad>
          </ns3:TrackPointExtension>
        </extensions>
      </trkpt>
      <trkpt lat="31.15853254683315753936767578125" lon="121.20056745596230030059814453125">
        <ele>3.7999999523162841796875</ele>
        <time>2026-03-21T12:39:18.000Z</time>
        <extensions>
          <ns3:TrackPointExtension>
            <ns3:hr>154</ns3:hr>
            <ns3:cad>89</ns3:cad>
          </ns3:TrackPointExtension>
        </extensions>
      </trkpt>
      <trkpt lat="31.15855626761913299560546875" lon="121.20056628249585628509521484375">
        <ele>3.7999999523162841796875</ele>
        <time>2026-03-21T12:39:19.000Z</time>
        <extensions>
          <ns3:TrackPointExtension>
            <ns3:hr>154</ns3:hr>
            <ns3:cad>90</ns3:cad>
          </ns3:TrackPointExtension>
        </extensions>
      </trkpt>
      <trkpt lat="31.15857915021479129791259765625" lon="121.20055739767849445343017578125">
        <ele>3.7999999523162841796875</ele>
        <time>2026-03-21T12:39:20.000Z</time>
        <extensions>
          <ns3:TrackPointExtension>
            <ns3:hr>154</ns3:hr>
            <ns3:cad>90</ns3:cad>
          </ns3:TrackPointExtension>
        </extensions>
      </trkpt>
      <trkpt lat="31.15860412828624248504638671875" lon="121.2005484290421009063720703125">
        <ele>3.7999999523162841796875</ele>
        <time>2026-03-21T12:39:21.000Z</time>
        <extensions>
          <ns3:TrackPointExtension>
            <ns3:hr>155</ns3:hr>
            <ns3:cad>90</ns3:cad>
          </ns3:TrackPointExtension>
        </extensions>
      </trkpt>
      <trkpt lat="31.15862625651061534881591796875" lon="121.20054423809051513671875">
        <ele>4</ele>
        <time>2026-03-21T12:39:22.000Z</time>
        <extensions>
          <ns3:TrackPointExtension>
            <ns3:hr>155</ns3:hr>
            <ns3:cad>90</ns3:cad>
          </ns3:TrackPointExtension>
        </extensions>
      </trkpt>
      <trkpt lat="31.15865148603916168212890625" lon="121.20054163970053195953369140625">
        <ele>4</ele>
        <time>2026-03-21T12:39:23.000Z</time>
        <extensions>
          <ns3:TrackPointExtension>
            <ns3:hr>155</ns3:hr>
            <ns3:cad>90</ns3:cad>
          </ns3:TrackPointExtension>
        </extensions>
      </trkpt>
      <trkpt lat="31.15867369808256626129150390625" lon="121.200537867844104766845703125">
        <ele>4</ele>
        <time>2026-03-21T12:39:24.000Z</time>
        <extensions>
          <ns3:TrackPointExtension>
            <ns3:hr>155</ns3:hr>
            <ns3:cad>88</ns3:cad>
          </ns3:TrackPointExtension>
        </extensions>
      </trkpt>
      <trkpt lat="31.15870001725852489471435546875" lon="121.2005330063402652740478515625">
        <ele>3.7999999523162841796875</ele>
        <time>2026-03-21T12:39:25.000Z</time>
        <extensions>
          <ns3:TrackPointExtension>
            <ns3:hr>156</ns3:hr>
            <ns3:cad>88</ns3:cad>
          </ns3:TrackPointExtension>
        </extensions>
      </trkpt>
      <trkpt lat="31.15872667171061038970947265625" lon="121.20052353478968143463134765625">
        <ele>3.7999999523162841796875</ele>
        <time>2026-03-21T12:39:26.000Z</time>
        <extensions>
          <ns3:TrackPointExtension>
            <ns3:hr>156</ns3:hr>
            <ns3:cad>90</ns3:cad>
          </ns3:TrackPointExtension>
        </extensions>
      </trkpt>
      <trkpt lat="31.15874947048723697662353515625" lon="121.200516410171985626220703125">
        <ele>4</ele>
        <time>2026-03-21T12:39:27.000Z</time>
        <extensions>
          <ns3:TrackPointExtension>
            <ns3:hr>156</ns3:hr>
            <ns3:cad>90</ns3:cad>
          </ns3:TrackPointExtension>
        </extensions>
      </trkpt>
      <trkpt lat="31.15877084434032440185546875" lon="121.20050777681171894073486328125">
        <ele>4</ele>
        <time>2026-03-21T12:39:28.000Z</time>
        <extensions>
          <ns3:TrackPointExtension>
            <ns3:hr>156</ns3:hr>
            <ns3:cad>90</ns3:cad>
          </ns3:TrackPointExtension>
        </extensions>
      </trkpt>
      <trkpt lat="31.15879389457404613494873046875" lon="121.20050358586013317108154296875">
        <ele>4</ele>
        <time>2026-03-21T12:39:29.000Z</time>
        <extensions>
          <ns3:TrackPointExtension>
            <ns3:hr>156</ns3:hr>
            <ns3:cad>90</ns3:cad>
          </ns3:TrackPointExtension>
        </extensions>
      </trkpt>
      <trkpt lat="31.1588139273226261138916015625" lon="121.200498640537261962890625">
        <ele>4</ele>
        <time>2026-03-21T12:39:30.000Z</time>
        <extensions>
          <ns3:TrackPointExtension>
            <ns3:hr>156</ns3:hr>
            <ns3:cad>90</ns3:cad>
          </ns3:TrackPointExtension>
        </extensions>
      </trkpt>
      <trkpt lat="31.15883680991828441619873046875" lon="121.20049587450921535491943359375">
        <ele>4</ele>
        <time>2026-03-21T12:39:31.000Z</time>
        <extensions>
          <ns3:TrackPointExtension>
            <ns3:hr>156</ns3:hr>
            <ns3:cad>90</ns3:cad>
          </ns3:TrackPointExtension>
        </extensions>
      </trkpt>
      <trkpt lat="31.15885742940008640289306640625" lon="121.200489588081836700439453125">
        <ele>4</ele>
        <time>2026-03-21T12:39:32.000Z</time>
        <extensions>
          <ns3:TrackPointExtension>
            <ns3:hr>155</ns3:hr>
            <ns3:cad>88</ns3:cad>
          </ns3:TrackPointExtension>
        </extensions>
      </trkpt>
      <trkpt lat="31.15888307802379131317138671875" lon="121.20048212818801403045654296875">
        <ele>3.7999999523162841796875</ele>
        <time>2026-03-21T12:39:33.000Z</time>
        <extensions>
          <ns3:TrackPointExtension>
            <ns3:hr>156</ns3:hr>
            <ns3:cad>88</ns3:cad>
          </ns3:TrackPointExtension>
        </extensions>
      </trkpt>
      <trkpt lat="31.1589074693620204925537109375" lon="121.200478859245777130126953125">
        <ele>3.7999999523162841796875</ele>
        <time>2026-03-21T12:39:34.000Z</time>
        <extensions>
          <ns3:TrackPointExtension>
            <ns3:hr>156</ns3:hr>
            <ns3:cad>88</ns3:cad>
          </ns3:TrackPointExtension>
        </extensions>
      </trkpt>
      <trkpt lat="31.15893504582345485687255859375" lon="121.2004746682941913604736328125">
        <ele>3.7999999523162841796875</ele>
        <time>2026-03-21T12:39:35.000Z</time>
        <extensions>
          <ns3:TrackPointExtension>
            <ns3:hr>156</ns3:hr>
            <ns3:cad>89</ns3:cad>
          </ns3:TrackPointExtension>
        </extensions>
      </trkpt>
      <trkpt lat="31.15895449183881282806396484375" lon="121.200466118752956390380859375">
        <ele>4</ele>
        <time>2026-03-21T12:39:36.000Z</time>
        <extensions>
          <ns3:TrackPointExtension>
            <ns3:hr>156</ns3:hr>
            <ns3:cad>89</ns3:cad>
          </ns3:TrackPointExtension>
        </extensions>
      </trkpt>
      <trkpt lat="31.1589829064905643463134765625" lon="121.200459413230419158935546875">
        <ele>4</ele>
        <time>2026-03-21T12:39:37.000Z</time>
        <extensions>
          <ns3:TrackPointExtension>
            <ns3:hr>156</ns3:hr>
            <ns3:cad>90</ns3:cad>
          </ns3:TrackPointExtension>
        </extensions>
      </trkpt>
      <trkpt lat="31.1590077169239521026611328125" lon="121.20045044459402561187744140625">
        <ele>4</ele>
        <time>2026-03-21T12:39:38.000Z</time>
        <extensions>
          <ns3:TrackPointExtension>
            <ns3:hr>156</ns3:hr>
            <ns3:cad>90</ns3:cad>
          </ns3:TrackPointExtension>
        </extensions>
      </trkpt>
      <trkpt lat="31.15903411991894245147705078125" lon="121.2004448287189006805419921875">
        <ele>4</ele>
        <time>2026-03-21T12:39:39.000Z</time>
        <extensions>
          <ns3:TrackPointExtension>
            <ns3:hr>156</ns3:hr>
            <ns3:cad>90</ns3:cad>
          </ns3:TrackPointExtension>
        </extensions>
      </trkpt>
      <trkpt lat="31.15905742160975933074951171875" lon="121.20043870992958545684814453125">
        <ele>4</ele>
        <time>2026-03-21T12:39:40.000Z</time>
        <extensions>
          <ns3:TrackPointExtension>
            <ns3:hr>156</ns3:hr>
            <ns3:cad>89</ns3:cad>
          </ns3:TrackPointExtension>
        </extensions>
      </trkpt>
      <trkpt lat="31.159082315862178802490234375" lon="121.200435273349285125732421875">
        <ele>4</ele>
        <time>2026-03-21T12:39:41.000Z</time>
        <extensions>
          <ns3:TrackPointExtension>
            <ns3:hr>156</ns3:hr>
            <ns3:cad>89</ns3:cad>
          </ns3:TrackPointExtension>
        </extensions>
      </trkpt>
      <trkpt lat="31.15910687483847141265869140625" lon="121.20043602772057056427001953125">
        <ele>4</ele>
        <time>2026-03-21T12:39:42.000Z</time>
        <extensions>
          <ns3:TrackPointExtension>
            <ns3:hr>156</ns3:hr>
            <ns3:cad>89</ns3:cad>
          </ns3:TrackPointExtension>
        </extensions>
      </trkpt>
      <trkpt lat="31.15913118235766887664794921875" lon="121.20043233968317508697509765625">
        <ele>3.7999999523162841796875</ele>
        <time>2026-03-21T12:39:43.000Z</time>
        <extensions>
          <ns3:TrackPointExtension>
            <ns3:hr>156</ns3:hr>
            <ns3:cad>89</ns3:cad>
          </ns3:TrackPointExtension>
        </extensions>
      </trkpt>
      <trkpt lat="31.15915431641042232513427734375" lon="121.20042043738067150115966796875">
        <ele>3.7999999523162841796875</ele>
        <time>2026-03-21T12:39:44.000Z</time>
        <extensions>
          <ns3:TrackPointExtension>
            <ns3:hr>156</ns3:hr>
            <ns3:cad>89</ns3:cad>
          </ns3:TrackPointExtension>
        </extensions>
      </trkpt>
      <trkpt lat="31.15917895920574665069580078125" lon="121.200412474572658538818359375">
        <ele>4</ele>
        <time>2026-03-21T12:39:45.000Z</time>
        <extensions>
          <ns3:TrackPointExtension>
            <ns3:hr>156</ns3:hr>
            <ns3:cad>89</ns3:cad>
          </ns3:TrackPointExtension>
        </extensions>
      </trkpt>
      <trkpt lat="31.15920779295265674591064453125" lon="121.20040677487850189208984375">
        <ele>4</ele>
        <time>2026-03-21T12:39:46.000Z</time>
        <extensions>
          <ns3:TrackPointExtension>
            <ns3:hr>155</ns3:hr>
            <ns3:cad>89</ns3:cad>
          </ns3:TrackPointExtension>
        </extensions>
      </trkpt>
      <trkpt lat="31.15923193283379077911376953125" lon="121.20039981789886951446533203125">
        <ele>4</ele>
        <time>2026-03-21T12:39:47.000Z</time>
        <extensions>
          <ns3:TrackPointExtension>
            <ns3:hr>156</ns3:hr>
            <ns3:cad>89</ns3:cad>
          </ns3:TrackPointExtension>
        </extensions>
      </trkpt>
      <trkpt lat="31.15925456397235393524169921875" lon="121.20039344765245914459228515625">
        <ele>4</ele>
        <time>2026-03-21T12:39:48.000Z</time>
        <extensions>
          <ns3:TrackPointExtension>
            <ns3:hr>156</ns3:hr>
            <ns3:cad>89</ns3:cad>
          </ns3:TrackPointExtension>
        </extensions>
      </trkpt>
      <trkpt lat="31.159282810986042022705078125" lon="121.20039026252925395965576171875">
        <ele>4</ele>
        <time>2026-03-21T12:39:49.000Z</time>
        <extensions>
          <ns3:TrackPointExtension>
            <ns3:hr>156</ns3:hr>
            <ns3:cad>89</ns3:cad>
          </ns3:TrackPointExtension>
        </extensions>
      </trkpt>
      <trkpt lat="31.159310638904571533203125" lon="121.200386323034763336181640625">
        <ele>3.7999999523162841796875</ele>
        <time>2026-03-21T12:39:50.000Z</time>
        <extensions>
          <ns3:TrackPointExtension>
            <ns3:hr>156</ns3:hr>
            <ns3:cad>89</ns3:cad>
          </ns3:TrackPointExtension>
        </extensions>
      </trkpt>
      <trkpt lat="31.15933385677635669708251953125" lon="121.20037953369319438934326171875">
        <ele>3.7999999523162841796875</ele>
        <time>2026-03-21T12:39:51.000Z</time>
        <extensions>
          <ns3:TrackPointExtension>
            <ns3:hr>156</ns3:hr>
            <ns3:cad>89</ns3:cad>
          </ns3:TrackPointExtension>
        </extensions>
      </trkpt>
      <trkpt lat="31.159359253942966461181640625" lon="121.20037483982741832733154296875">
        <ele>3.7999999523162841796875</ele>
        <time>2026-03-21T12:39:52.000Z</time>
        <extensions>
          <ns3:TrackPointExtension>
            <ns3:hr>156</ns3:hr>
            <ns3:cad>90</ns3:cad>
          </ns3:TrackPointExtension>
        </extensions>
      </trkpt>
      <trkpt lat="31.1593805439770221710205078125" lon="121.2003677152097225189208984375">
        <ele>3.7999999523162841796875</ele>
        <time>2026-03-21T12:39:53.000Z</time>
        <extensions>
          <ns3:TrackPointExtension>
            <ns3:hr>156</ns3:hr>
            <ns3:cad>90</ns3:cad>
          </ns3:TrackPointExtension>
        </extensions>
      </trkpt>
      <trkpt lat="31.15940744988620281219482421875" lon="121.2003657035529613494873046875">
        <ele>3.7999999523162841796875</ele>
        <time>2026-03-21T12:39:54.000Z</time>
        <extensions>
          <ns3:TrackPointExtension>
            <ns3:hr>156</ns3:hr>
            <ns3:cad>90</ns3:cad>
          </ns3:TrackPointExtension>
        </extensions>
      </trkpt>
      <trkpt lat="31.1594299972057342529296875" lon="121.2003631889820098876953125">
        <ele>3.7999999523162841796875</ele>
        <time>2026-03-21T12:39:55.000Z</time>
        <extensions>
          <ns3:TrackPointExtension>
            <ns3:hr>156</ns3:hr>
            <ns3:cad>90</ns3:cad>
          </ns3:TrackPointExtension>
        </extensions>
      </trkpt>
      <trkpt lat="31.15945505909621715545654296875" lon="121.2003600038588047027587890625">
        <ele>4</ele>
        <time>2026-03-21T12:39:56.000Z</time>
        <extensions>
          <ns3:TrackPointExtension>
            <ns3:hr>156</ns3:hr>
            <ns3:cad>89</ns3:cad>
          </ns3:TrackPointExtension>
        </extensions>
      </trkpt>
      <trkpt lat="31.159475930035114288330078125" lon="121.20035723783075809478759765625">
        <ele>3.7999999523162841796875</ele>
        <time>2026-03-21T12:39:57.000Z</time>
        <extensions>
          <ns3:TrackPointExtension>
            <ns3:hr>156</ns3:hr>
            <ns3:cad>88</ns3:cad>
          </ns3:TrackPointExtension>
        </extensions>
      </trkpt>
      <trkpt lat="31.15950015373528003692626953125" lon="121.20035455562174320220947265625">
        <ele>3.7999999523162841796875</ele>
        <time>2026-03-21T12:39:58.000Z</time>
        <extensions>
          <ns3:TrackPointExtension>
            <ns3:hr>156</ns3:hr>
            <ns3:cad>89</ns3:cad>
          </ns3:TrackPointExtension>
        </extensions>
      </trkpt>
      <trkpt lat="31.159520186483860015869140625" lon="121.200350783765316009521484375">
        <ele>3.7999999523162841796875</ele>
        <time>2026-03-21T12:39:59.000Z</time>
        <extensions>
          <ns3:TrackPointExtension>
            <ns3:hr>156</ns3:hr>
            <ns3:cad>89</ns3:cad>
          </ns3:TrackPointExtension>
        </extensions>
      </trkpt>
      <trkpt lat="31.15955044515430927276611328125" lon="121.20034642517566680908203125">
        <ele>3.7999999523162841796875</ele>
        <time>2026-03-21T12:40:00.000Z</time>
        <extensions>
          <ns3:TrackPointExtension>
            <ns3:hr>156</ns3:hr>
            <ns3:cad>89</ns3:cad>
          </ns3:TrackPointExtension>
        </extensions>
      </trkpt>
      <trkpt lat="31.1595739983022212982177734375" lon="121.2003415636718273162841796875">
        <ele>3.7999999523162841796875</ele>
        <time>2026-03-21T12:40:01.000Z</time>
        <extensions>
          <ns3:TrackPointExtension>
            <ns3:hr>156</ns3:hr>
            <ns3:cad>89</ns3:cad>
          </ns3:TrackPointExtension>
        </extensions>
      </trkpt>
      <trkpt lat="31.159600652754306793212890625" lon="121.20033360086381435394287109375">
        <ele>3.7999999523162841796875</ele>
        <time>2026-03-21T12:40:02.000Z</time>
        <extensions>
          <ns3:TrackPointExtension>
            <ns3:hr>156</ns3:hr>
            <ns3:cad>89</ns3:cad>
          </ns3:TrackPointExtension>
        </extensions>
      </trkpt>
      <trkpt lat="31.15962445735931396484375" lon="121.20032639242708683013916015625">
        <ele>4</ele>
        <time>2026-03-21T12:40:03.000Z</time>
        <extensions>
          <ns3:TrackPointExtension>
            <ns3:hr>156</ns3:hr>
            <ns3:cad>89</ns3:cad>
          </ns3:TrackPointExtension>
        </extensions>
      </trkpt>
      <trkpt lat="31.159648261964321136474609375" lon="121.2003254704177379608154296875">
        <ele>4</ele>
        <time>2026-03-21T12:40:04.000Z</time>
        <extensions>
          <ns3:TrackPointExtension>
            <ns3:hr>156</ns3:hr>
            <ns3:cad>89</ns3:cad>
          </ns3:TrackPointExtension>
        </extensions>
      </trkpt>
      <trkpt lat="31.1596732400357723236083984375" lon="121.20032337494194507598876953125">
        <ele>4</ele>
        <time>2026-03-21T12:40:05.000Z</time>
        <extensions>
          <ns3:TrackPointExtension>
            <ns3:hr>156</ns3:hr>
            <ns3:cad>89</ns3:cad>
          </ns3:TrackPointExtension>
        </extensions>
      </trkpt>
      <trkpt lat="31.15969729609787464141845703125" lon="121.200315244495868682861328125">
        <ele>4</ele>
        <time>2026-03-21T12:40:06.000Z</time>
        <extensions>
          <ns3:TrackPointExtension>
            <ns3:hr>156</ns3:hr>
            <ns3:cad>90</ns3:cad>
          </ns3:TrackPointExtension>
        </extensions>
      </trkpt>
      <trkpt lat="31.15972311235964298248291015625" lon="121.20031029917299747467041015625">
        <ele>4</ele>
        <time>2026-03-21T12:40:07.000Z</time>
        <extensions>
          <ns3:TrackPointExtension>
            <ns3:hr>156</ns3:hr>
            <ns3:cad>90</ns3:cad>
          </ns3:TrackPointExtension>
        </extensions>
      </trkpt>
      <trkpt lat="31.15974775515496730804443359375" lon="121.2003053538501262664794921875">
        <ele>4</ele>
        <time>2026-03-21T12:40:08.000Z</time>
        <extensions>
          <ns3:TrackPointExtension>
            <ns3:hr>156</ns3:hr>
            <ns3:cad>90</ns3:cad>
          </ns3:TrackPointExtension>
        </extensions>
      </trkpt>
      <trkpt lat="31.159769631922245025634765625" lon="121.20029873214662075042724609375">
        <ele>4</ele>
        <time>2026-03-21T12:40:09.000Z</time>
        <extensions>
          <ns3:TrackPointExtension>
            <ns3:hr>156</ns3:hr>
            <ns3:cad>90</ns3:cad>
          </ns3:TrackPointExtension>
        </extensions>
      </trkpt>
      <trkpt lat="31.1597942747175693511962890625" lon="121.20029487647116184234619140625">
        <ele>4</ele>
        <time>2026-03-21T12:40:10.000Z</time>
        <extensions>
          <ns3:TrackPointExtension>
            <ns3:hr>156</ns3:hr>
            <ns3:cad>89</ns3:cad>
          </ns3:TrackPointExtension>
        </extensions>
      </trkpt>
      <trkpt lat="31.1598164029419422149658203125" lon="121.20028967969119548797607421875">
        <ele>4</ele>
        <time>2026-03-21T12:40:11.000Z</time>
        <extensions>
          <ns3:TrackPointExtension>
            <ns3:hr>156</ns3:hr>
            <ns3:cad>89</ns3:cad>
          </ns3:TrackPointExtension>
        </extensions>
      </trkpt>
      <trkpt lat="31.1598398722708225250244140625" lon="121.20028205215930938720703125">
        <ele>4</ele>
        <time>2026-03-21T12:40:12.000Z</time>
        <extensions>
          <ns3:TrackPointExtension>
            <ns3:hr>156</ns3:hr>
            <ns3:cad>87</ns3:cad>
          </ns3:TrackPointExtension>
        </extensions>
      </trkpt>
      <trkpt lat="31.159861497581005096435546875" lon="121.2002751789987087249755859375">
        <ele>4</ele>
        <time>2026-03-21T12:40:13.000Z</time>
        <extensions>
          <ns3:TrackPointExtension>
            <ns3:hr>156</ns3:hr>
            <ns3:cad>88</ns3:cad>
          </ns3:TrackPointExtension>
        </extensions>
      </trkpt>
      <trkpt lat="31.159883625805377960205078125" lon="121.20026721619069576263427734375">
        <ele>4</ele>
        <time>2026-03-21T12:40:14.000Z</time>
        <extensions>
          <ns3:TrackPointExtension>
            <ns3:hr>156</ns3:hr>
            <ns3:cad>88</ns3:cad>
          </ns3:TrackPointExtension>
        </extensions>
      </trkpt>
      <trkpt lat="31.159907765686511993408203125" lon="121.2002631090581417083740234375">
        <ele>4</ele>
        <time>2026-03-21T12:40:15.000Z</time>
        <extensions>
          <ns3:TrackPointExtension>
            <ns3:hr>156</ns3:hr>
            <ns3:cad>89</ns3:cad>
          </ns3:TrackPointExtension>
        </extensions>
      </trkpt>
      <trkpt lat="31.15993299521505832672119140625" lon="121.2002577446401119232177734375">
        <ele>4</ele>
        <time>2026-03-21T12:40:16.000Z</time>
        <extensions>
          <ns3:TrackPointExtension>
            <ns3:hr>156</ns3:hr>
            <ns3:cad>89</ns3:cad>
          </ns3:TrackPointExtension>
        </extensions>
      </trkpt>
      <trkpt lat="31.1599622480571269989013671875" lon="121.20025581680238246917724609375">
        <ele>4</ele>
        <time>2026-03-21T12:40:17.000Z</time>
        <extensions>
          <ns3:TrackPointExtension>
            <ns3:hr>156</ns3:hr>
            <ns3:cad>89</ns3:cad>
          </ns3:TrackPointExtension>
        </extensions>
      </trkpt>
      <trkpt lat="31.15998613648116588592529296875" lon="121.2002478539943695068359375">
        <ele>4</ele>
        <time>2026-03-21T12:40:18.000Z</time>
        <extensions>
          <ns3:TrackPointExtension>
            <ns3:hr>156</ns3:hr>
            <ns3:cad>88</ns3:cad>
          </ns3:TrackPointExtension>
        </extensions>
      </trkpt>
      <trkpt lat="31.16001279093325138092041015625" lon="121.200245507061481475830078125">
        <ele>4</ele>
        <time>2026-03-21T12:40:19.000Z</time>
        <extensions>
          <ns3:TrackPointExtension>
            <ns3:hr>155</ns3:hr>
            <ns3:cad>88</ns3:cad>
          </ns3:TrackPointExtension>
        </extensions>
      </trkpt>
      <trkpt lat="31.16003307513892650604248046875" lon="121.20023570023477077484130859375">
        <ele>4</ele>
        <time>2026-03-21T12:40:20.000Z</time>
        <extensions>
          <ns3:TrackPointExtension>
            <ns3:hr>156</ns3:hr>
            <ns3:cad>88</ns3:cad>
          </ns3:TrackPointExtension>
        </extensions>
      </trkpt>
      <trkpt lat="31.1600604839622974395751953125" lon="121.200232096016407012939453125">
        <ele>4</ele>
        <time>2026-03-21T12:40:21.000Z</time>
        <extensions>
          <ns3:TrackPointExtension>
            <ns3:hr>156</ns3:hr>
            <ns3:cad>88</ns3:cad>
          </ns3:TrackPointExtension>
        </extensions>
      </trkpt>
      <trkpt lat="31.160082109272480010986328125" lon="121.2002222053706645965576171875">
        <ele>4</ele>
        <time>2026-03-21T12:40:22.000Z</time>
        <extensions>
          <ns3:TrackPointExtension>
            <ns3:hr>156</ns3:hr>
            <ns3:cad>89</ns3:cad>
          </ns3:TrackPointExtension>
        </extensions>
      </trkpt>
      <trkpt lat="31.16011119447648525238037109375" lon="121.20021424256265163421630859375">
        <ele>4</ele>
        <time>2026-03-21T12:40:23.000Z</time>
        <extensions>
          <ns3:TrackPointExtension>
            <ns3:hr>156</ns3:hr>
            <ns3:cad>89</ns3:cad>
          </ns3:TrackPointExtension>
        </extensions>
      </trkpt>
      <trkpt lat="31.160129047930240631103515625" lon="121.200203597545623779296875">
        <ele>4</ele>
        <time>2026-03-21T12:40:24.000Z</time>
        <extensions>
          <ns3:TrackPointExtension>
            <ns3:hr>156</ns3:hr>
            <ns3:cad>89</ns3:cad>
          </ns3:TrackPointExtension>
        </extensions>
      </trkpt>
      <trkpt lat="31.160156540572643280029296875" lon="121.20020049624145030975341796875">
        <ele>4</ele>
        <time>2026-03-21T12:40:25.000Z</time>
        <extensions>
          <ns3:TrackPointExtension>
            <ns3:hr>156</ns3:hr>
            <ns3:cad>89</ns3:cad>
          </ns3:TrackPointExtension>
        </extensions>
      </trkpt>
      <trkpt lat="31.160180680453777313232421875" lon="121.2001930363476276397705078125">
        <ele>3.7999999523162841796875</ele>
        <time>2026-03-21T12:40:26.000Z</time>
        <extensions>
          <ns3:TrackPointExtension>
            <ns3:hr>156</ns3:hr>
            <ns3:cad>88</ns3:cad>
          </ns3:TrackPointExtension>
        </extensions>
      </trkpt>
      <trkpt lat="31.1602132022380828857421875" lon="121.20018490590155124664306640625">
        <ele>3.7999999523162841796875</ele>
        <time>2026-03-21T12:40:27.000Z</time>
        <extensions>
          <ns3:TrackPointExtension>
            <ns3:hr>156</ns3:hr>
            <ns3:cad>88</ns3:cad>
          </ns3:TrackPointExtension>
        </extensions>
      </trkpt>
      <trkpt lat="31.16023541428148746490478515625" lon="121.20017685927450656890869140625">
        <ele>3.7999999523162841796875</ele>
        <time>2026-03-21T12:40:28.000Z</time>
        <extensions>
          <ns3:TrackPointExtension>
            <ns3:hr>156</ns3:hr>
            <ns3:cad>88</ns3:cad>
          </ns3:TrackPointExtension>
        </extensions>
      </trkpt>
      <trkpt lat="31.16025754250586032867431640625" lon="121.2001740932464599609375">
        <ele>3.7999999523162841796875</ele>
        <time>2026-03-21T12:40:29.000Z</time>
        <extensions>
          <ns3:TrackPointExtension>
            <ns3:hr>156</ns3:hr>
            <ns3:cad>89</ns3:cad>
          </ns3:TrackPointExtension>
        </extensions>
      </trkpt>
      <trkpt lat="31.16027958691120147705078125" lon="121.2001735903322696685791015625">
        <ele>3.7999999523162841796875</ele>
        <time>2026-03-21T12:40:30.000Z</time>
        <extensions>
          <ns3:TrackPointExtension>
            <ns3:hr>156</ns3:hr>
            <ns3:cad>89</ns3:cad>
          </ns3:TrackPointExtension>
        </extensions>
      </trkpt>
      <trkpt lat="31.16030129604041576385498046875" lon="121.20017048902809619903564453125">
        <ele>3.7999999523162841796875</ele>
        <time>2026-03-21T12:40:31.000Z</time>
        <extensions>
          <ns3:TrackPointExtension>
            <ns3:hr>156</ns3:hr>
            <ns3:cad>89</ns3:cad>
          </ns3:TrackPointExtension>
        </extensions>
      </trkpt>
      <trkpt lat="31.1603240109980106353759765625" lon="121.20016747154295444488525390625">
        <ele>4</ele>
        <time>2026-03-21T12:40:32.000Z</time>
        <extensions>
          <ns3:TrackPointExtension>
            <ns3:hr>156</ns3:hr>
            <ns3:cad>89</ns3:cad>
          </ns3:TrackPointExtension>
        </extensions>
      </trkpt>
      <trkpt lat="31.1603461392223834991455078125" lon="121.2001608498394489288330078125">
        <ele>4</ele>
        <time>2026-03-21T12:40:33.000Z</time>
        <extensions>
          <ns3:TrackPointExtension>
            <ns3:hr>156</ns3:hr>
            <ns3:cad>89</ns3:cad>
          </ns3:TrackPointExtension>
        </extensions>
      </trkpt>
      <trkpt lat="31.16036885417997837066650390625" lon="121.20016110129654407501220703125">
        <ele>4</ele>
        <time>2026-03-21T12:40:34.000Z</time>
        <extensions>
          <ns3:TrackPointExtension>
            <ns3:hr>156</ns3:hr>
            <ns3:cad>89</ns3:cad>
          </ns3:TrackPointExtension>
        </extensions>
      </trkpt>
      <trkpt lat="31.16039232350885868072509765625" lon="121.20015791617333889007568359375">
        <ele>4</ele>
        <time>2026-03-21T12:40:35.000Z</time>
        <extensions>
          <ns3:TrackPointExtension>
            <ns3:hr>156</ns3:hr>
            <ns3:cad>89</ns3:cad>
          </ns3:TrackPointExtension>
        </extensions>
      </trkpt>
      <trkpt lat="31.1604178883135318756103515625" lon="121.20015389285981655120849609375">
        <ele>4</ele>
        <time>2026-03-21T12:40:36.000Z</time>
        <extensions>
          <ns3:TrackPointExtension>
            <ns3:hr>156</ns3:hr>
            <ns3:cad>87</ns3:cad>
          </ns3:TrackPointExtension>
        </extensions>
      </trkpt>
      <trkpt lat="31.1604413576424121856689453125" lon="121.2001494504511356353759765625">
        <ele>4</ele>
        <time>2026-03-21T12:40:37.000Z</time>
        <extensions>
          <ns3:TrackPointExtension>
            <ns3:hr>156</ns3:hr>
            <ns3:cad>88</ns3:cad>
          </ns3:TrackPointExtension>
        </extensions>
      </trkpt>
      <trkpt lat="31.16046734154224395751953125" lon="121.20014048181474208831787109375">
        <ele>4</ele>
        <time>2026-03-21T12:40:38.000Z</time>
        <extensions>
          <ns3:TrackPointExtension>
            <ns3:hr>156</ns3:hr>
            <ns3:cad>89</ns3:cad>
          </ns3:TrackPointExtension>
        </extensions>
      </trkpt>
      <trkpt lat="31.16048854775726795196533203125" lon="121.20013075880706310272216796875">
        <ele>4</ele>
        <time>2026-03-21T12:40:39.000Z</time>
        <extensions>
          <ns3:TrackPointExtension>
            <ns3:hr>157</ns3:hr>
            <ns3:cad>89</ns3:cad>
          </ns3:TrackPointExtension>
        </extensions>
      </trkpt>
      <trkpt lat="31.16051486693322658538818359375" lon="121.200123466551303863525390625">
        <ele>4</ele>
        <time>2026-03-21T12:40:40.000Z</time>
        <extensions>
          <ns3:TrackPointExtension>
            <ns3:hr>156</ns3:hr>
            <ns3:cad>90</ns3:cad>
          </ns3:TrackPointExtension>
        </extensions>
      </trkpt>
      <trkpt lat="31.16053733043372631072998046875" lon="121.2001139111816883087158203125">
        <ele>4</ele>
        <time>2026-03-21T12:40:41.000Z</time>
        <extensions>
          <ns3:TrackPointExtension>
            <ns3:hr>156</ns3:hr>
            <ns3:cad>90</ns3:cad>
          </ns3:TrackPointExtension>
        </extensions>
      </trkpt>
      <trkpt lat="31.160565912723541259765625" lon="121.20010913349688053131103515625">
        <ele>4</ele>
        <time>2026-03-21T12:40:42.000Z</time>
        <extensions>
          <ns3:TrackPointExtension>
            <ns3:hr>156</ns3:hr>
            <ns3:cad>88</ns3:cad>
          </ns3:TrackPointExtension>
        </extensions>
      </trkpt>
      <trkpt lat="31.16058728657662868499755859375" lon="121.20010745711624622344970703125">
        <ele>4</ele>
        <time>2026-03-21T12:40:43.000Z</time>
        <extensions>
          <ns3:TrackPointExtension>
            <ns3:hr>157</ns3:hr>
            <ns3:cad>89</ns3:cad>
          </ns3:TrackPointExtension>
        </extensions>
      </trkpt>
      <trkpt lat="31.1606146953999996185302734375" lon="121.20010712184011936187744140625">
        <ele>4</ele>
        <time>2026-03-21T12:40:44.000Z</time>
        <extensions>
          <ns3:TrackPointExtension>
            <ns3:hr>157</ns3:hr>
            <ns3:cad>89</ns3:cad>
          </ns3:TrackPointExtension>
        </extensions>
      </trkpt>
      <trkpt lat="31.16063657216727733612060546875" lon="121.2000964768230915069580078125">
        <ele>4</ele>
        <time>2026-03-21T12:40:45.000Z</time>
        <extensions>
          <ns3:TrackPointExtension>
            <ns3:hr>157</ns3:hr>
            <ns3:cad>89</ns3:cad>
          </ns3:TrackPointExtension>
        </extensions>
      </trkpt>
      <trkpt lat="31.16066641174256801605224609375" lon="121.20008700527250766754150390625">
        <ele>4</ele>
        <time>2026-03-21T12:40:46.000Z</time>
        <extensions>
          <ns3:TrackPointExtension>
            <ns3:hr>157</ns3:hr>
            <ns3:cad>89</ns3:cad>
          </ns3:TrackPointExtension>
        </extensions>
      </trkpt>
      <trkpt lat="31.1606824211776256561279296875" lon="121.200069487094879150390625">
        <ele>4</ele>
        <time>2026-03-21T12:40:47.000Z</time>
        <extensions>
          <ns3:TrackPointExtension>
            <ns3:hr>157</ns3:hr>
            <ns3:cad>89</ns3:cad>
          </ns3:TrackPointExtension>
        </extensions>
      </trkpt>
      <trkpt lat="31.1607142724096775054931640625" lon="121.20006068609654903411865234375">
        <ele>4</ele>
        <time>2026-03-21T12:40:48.000Z</time>
        <extensions>
          <ns3:TrackPointExtension>
            <ns3:hr>156</ns3:hr>
            <ns3:cad>89</ns3:cad>
          </ns3:TrackPointExtension>
        </extensions>
      </trkpt>
      <trkpt lat="31.1607390828430652618408203125" lon="121.20005465112626552581787109375">
        <ele>4</ele>
        <time>2026-03-21T12:40:49.000Z</time>
        <extensions>
          <ns3:TrackPointExtension>
            <ns3:hr>157</ns3:hr>
            <ns3:cad>88</ns3:cad>
          </ns3:TrackPointExtension>
        </extensions>
      </trkpt>
      <trkpt lat="31.1607692576944828033447265625" lon="121.2000508792698383331298828125">
        <ele>4</ele>
        <time>2026-03-21T12:40:50.000Z</time>
        <extensions>
          <ns3:TrackPointExtension>
            <ns3:hr>157</ns3:hr>
            <ns3:cad>88</ns3:cad>
          </ns3:TrackPointExtension>
        </extensions>
      </trkpt>
      <trkpt lat="31.16079314611852169036865234375" lon="121.200045011937618255615234375">
        <ele>4</ele>
        <time>2026-03-21T12:40:51.000Z</time>
        <extensions>
          <ns3:TrackPointExtension>
            <ns3:hr>157</ns3:hr>
            <ns3:cad>89</ns3:cad>
          </ns3:TrackPointExtension>
        </extensions>
      </trkpt>
      <trkpt lat="31.1608222313225269317626953125" lon="121.20004207827150821685791015625">
        <ele>4</ele>
        <time>2026-03-21T12:40:52.000Z</time>
        <extensions>
          <ns3:TrackPointExtension>
            <ns3:hr>157</ns3:hr>
            <ns3:cad>89</ns3:cad>
          </ns3:TrackPointExtension>
        </extensions>
      </trkpt>
      <trkpt lat="31.160844862461090087890625" lon="121.20003319345414638519287109375">
        <ele>4</ele>
        <time>2026-03-21T12:40:53.000Z</time>
        <extensions>
          <ns3:TrackPointExtension>
            <ns3:hr>157</ns3:hr>
            <ns3:cad>89</ns3:cad>
          </ns3:TrackPointExtension>
        </extensions>
      </trkpt>
      <trkpt lat="31.16087227128446102142333984375" lon="121.20002548210322856903076171875">
        <ele>4</ele>
        <time>2026-03-21T12:40:54.000Z</time>
        <extensions>
          <ns3:TrackPointExtension>
            <ns3:hr>157</ns3:hr>
            <ns3:cad>89</ns3:cad>
          </ns3:TrackPointExtension>
        </extensions>
      </trkpt>
      <trkpt lat="31.16089381277561187744140625" lon="121.20001525618135929107666015625">
        <ele>4</ele>
        <time>2026-03-21T12:40:55.000Z</time>
        <extensions>
          <ns3:TrackPointExtension>
            <ns3:hr>157</ns3:hr>
            <ns3:cad>89</ns3:cad>
          </ns3:TrackPointExtension>
        </extensions>
      </trkpt>
      <trkpt lat="31.16092222742736339569091796875" lon="121.20000972412526607513427734375">
        <ele>3.7999999523162841796875</ele>
        <time>2026-03-21T12:40:56.000Z</time>
        <extensions>
          <ns3:TrackPointExtension>
            <ns3:hr>157</ns3:hr>
            <ns3:cad>88</ns3:cad>
          </ns3:TrackPointExtension>
        </extensions>
      </trkpt>
      <trkpt lat="31.1609466187655925750732421875" lon="121.200003437697887420654296875">
        <ele>3.7999999523162841796875</ele>
        <time>2026-03-21T12:40:57.000Z</time>
        <extensions>
          <ns3:TrackPointExtension>
            <ns3:hr>157</ns3:hr>
            <ns3:cad>88</ns3:cad>
          </ns3:TrackPointExtension>
        </extensions>
      </trkpt>
      <trkpt lat="31.1609771288931369781494140625" lon="121.19999765418469905853271484375">
        <ele>3.7999999523162841796875</ele>
        <time>2026-03-21T12:40:58.000Z</time>
        <extensions>
          <ns3:TrackPointExtension>
            <ns3:hr>156</ns3:hr>
            <ns3:cad>89</ns3:cad>
          </ns3:TrackPointExtension>
        </extensions>
      </trkpt>
      <trkpt lat="31.16100269369781017303466796875" lon="121.19999363087117671966552734375">
        <ele>3.7999999523162841796875</ele>
        <time>2026-03-21T12:40:59.000Z</time>
        <extensions>
          <ns3:TrackPointExtension>
            <ns3:hr>157</ns3:hr>
            <ns3:cad>89</ns3:cad>
          </ns3:TrackPointExtension>
        </extensions>
      </trkpt>
      <trkpt lat="31.16103320382535457611083984375" lon="121.19999044574797153472900390625">
        <ele>3.7999999523162841796875</ele>
        <time>2026-03-21T12:41:00.000Z</time>
        <extensions>
          <ns3:TrackPointExtension>
            <ns3:hr>157</ns3:hr>
            <ns3:cad>90</ns3:cad>
          </ns3:TrackPointExtension>
        </extensions>
      </trkpt>
      <trkpt lat="31.1610580980777740478515625" lon="121.1999821476638317108154296875">
        <ele>3.7999999523162841796875</ele>
        <time>2026-03-21T12:41:01.000Z</time>
        <extensions>
          <ns3:TrackPointExtension>
            <ns3:hr>157</ns3:hr>
            <ns3:cad>90</ns3:cad>
          </ns3:TrackPointExtension>
        </extensions>
      </trkpt>
      <trkpt lat="31.1610827408730983734130859375" lon="121.1999734304845333099365234375">
        <ele>3.7999999523162841796875</ele>
        <time>2026-03-21T12:41:02.000Z</time>
        <extensions>
          <ns3:TrackPointExtension>
            <ns3:hr>157</ns3:hr>
            <ns3:cad>90</ns3:cad>
          </ns3:TrackPointExtension>
        </extensions>
      </trkpt>
      <trkpt lat="31.1611075513064861297607421875" lon="121.199967898428440093994140625">
        <ele>3.7999999523162841796875</ele>
        <time>2026-03-21T12:41:03.000Z</time>
        <extensions>
          <ns3:TrackPointExtension>
            <ns3:hr>156</ns3:hr>
            <ns3:cad>90</ns3:cad>
          </ns3:TrackPointExtension>
        </extensions>
      </trkpt>
      <trkpt lat="31.16113361902534961700439453125" lon="121.1999613605439662933349609375">
        <ele>3.7999999523162841796875</ele>
        <time>2026-03-21T12:41:04.000Z</time>
        <extensions>
          <ns3:TrackPointExtension>
            <ns3:hr>157</ns3:hr>
            <ns3:cad>89</ns3:cad>
          </ns3:TrackPointExtension>
        </extensions>
      </trkpt>
      <trkpt lat="31.16115541197359561920166015625" lon="121.19995406828820705413818359375">
        <ele>3.7999999523162841796875</ele>
        <time>2026-03-21T12:41:05.000Z</time>
        <extensions>
          <ns3:TrackPointExtension>
            <ns3:hr>157</ns3:hr>
            <ns3:cad>89</ns3:cad>
          </ns3:TrackPointExtension>
        </extensions>
      </trkpt>
      <trkpt lat="31.16118005476891994476318359375" lon="121.19994870387017726898193359375">
        <ele>3.7999999523162841796875</ele>
        <time>2026-03-21T12:41:06.000Z</time>
        <extensions>
          <ns3:TrackPointExtension>
            <ns3:hr>156</ns3:hr>
            <ns3:cad>89</ns3:cad>
          </ns3:TrackPointExtension>
        </extensions>
      </trkpt>
      <trkpt lat="31.1612041108310222625732421875" lon="121.19994870387017726898193359375">
        <ele>3.7999999523162841796875</ele>
        <time>2026-03-21T12:41:07.000Z</time>
        <extensions>
          <ns3:TrackPointExtension>
            <ns3:hr>156</ns3:hr>
            <ns3:cad>90</ns3:cad>
          </ns3:TrackPointExtension>
        </extensions>
      </trkpt>
      <trkpt lat="31.1612252332270145416259765625" lon="121.19995574466884136199951171875">
        <ele>4</ele>
        <time>2026-03-21T12:41:08.000Z</time>
        <extensions>
          <ns3:TrackPointExtension>
            <ns3:hr>156</ns3:hr>
            <ns3:cad>89</ns3:cad>
          </ns3:TrackPointExtension>
        </extensions>
      </trkpt>
      <trkpt lat="31.161240823566913604736328125" lon="121.1999784596264362335205078125">
        <ele>4</ele>
        <time>2026-03-21T12:41:09.000Z</time>
        <extensions>
          <ns3:TrackPointExtension>
            <ns3:hr>156</ns3:hr>
            <ns3:cad>89</ns3:cad>
          </ns3:TrackPointExtension>
        </extensions>
      </trkpt>
      <trkpt lat="31.16125565953552722930908203125" lon="121.1999962292611598968505859375">
        <ele>4</ele>
        <time>2026-03-21T12:41:10.000Z</time>
        <extensions>
          <ns3:TrackPointExtension>
            <ns3:hr>156</ns3:hr>
            <ns3:cad>89</ns3:cad>
          </ns3:TrackPointExtension>
        </extensions>
      </trkpt>
      <trkpt lat="31.16127057932317256927490234375" lon="121.2000250630080699920654296875">
        <ele>3.7999999523162841796875</ele>
        <time>2026-03-21T12:41:11.000Z</time>
        <extensions>
          <ns3:TrackPointExtension>
            <ns3:hr>156</ns3:hr>
            <ns3:cad>88</ns3:cad>
          </ns3:TrackPointExtension>
        </extensions>
      </trkpt>
      <trkpt lat="31.16128901951014995574951171875" lon="121.200048029422760009765625">
        <ele>3.7999999523162841796875</ele>
        <time>2026-03-21T12:41:12.000Z</time>
        <extensions>
          <ns3:TrackPointExtension>
            <ns3:hr>157</ns3:hr>
            <ns3:cad>88</ns3:cad>
          </ns3:TrackPointExtension>
        </extensions>
      </trkpt>
      <trkpt lat="31.16130888462066650390625" lon="121.20007325895130634307861328125">
        <ele>3.7999999523162841796875</ele>
        <time>2026-03-21T12:41:13.000Z</time>
        <extensions>
          <ns3:TrackPointExtension>
            <ns3:hr>156</ns3:hr>
            <ns3:cad>88</ns3:cad>
          </ns3:TrackPointExtension>
        </extensions>
      </trkpt>
      <trkpt lat="31.1613288335502147674560546875" lon="121.2000976502895355224609375">
        <ele>3.7999999523162841796875</ele>
        <time>2026-03-21T12:41:14.000Z</time>
        <extensions>
          <ns3:TrackPointExtension>
            <ns3:hr>156</ns3:hr>
            <ns3:cad>89</ns3:cad>
          </ns3:TrackPointExtension>
        </extensions>
      </trkpt>
      <trkpt lat="31.161344759166240692138671875" lon="121.200124137103557586669921875">
        <ele>3.7999999523162841796875</ele>
        <time>2026-03-21T12:41:15.000Z</time>
        <extensions>
          <ns3:TrackPointExtension>
            <ns3:hr>156</ns3:hr>
            <ns3:cad>89</ns3:cad>
          </ns3:TrackPointExtension>
        </extensions>
      </trkpt>
      <trkpt lat="31.16136319935321807861328125" lon="121.20014165528118610382080078125">
        <ele>3.7999999523162841796875</ele>
        <time>2026-03-21T12:41:16.000Z</time>
        <extensions>
          <ns3:TrackPointExtension>
            <ns3:hr>156</ns3:hr>
            <ns3:cad>90</ns3:cad>
          </ns3:TrackPointExtension>
        </extensions>
      </trkpt>
      <trkpt lat="31.1613784544169902801513671875" lon="121.200163699686527252197265625">
        <ele>3.7999999523162841796875</ele>
        <time>2026-03-21T12:41:17.000Z</time>
        <extensions>
          <ns3:TrackPointExtension>
            <ns3:hr>157</ns3:hr>
            <ns3:cad>90</ns3:cad>
          </ns3:TrackPointExtension>
        </extensions>
      </trkpt>
      <trkpt lat="31.1613960564136505126953125" lon="121.20017937384545803070068359375">
        <ele>3.7999999523162841796875</ele>
        <time>2026-03-21T12:41:18.000Z</time>
        <extensions>
          <ns3:TrackPointExtension>
            <ns3:hr>156</ns3:hr>
            <ns3:cad>90</ns3:cad>
          </ns3:TrackPointExtension>
        </extensions>
      </trkpt>
      <trkpt lat="31.16140686906874179840087890625" lon="121.20020636357367038726806640625">
        <ele>3.7999999523162841796875</ele>
        <time>2026-03-21T12:41:19.000Z</time>
        <extensions>
          <ns3:TrackPointExtension>
            <ns3:hr>156</ns3:hr>
            <ns3:cad>90</ns3:cad>
          </ns3:TrackPointExtension>
        </extensions>
      </trkpt>
      <trkpt lat="31.1614200286567211151123046875" lon="121.2002232111990451812744140625">
        <ele>3.7999999523162841796875</ele>
        <time>2026-03-21T12:41:20.000Z</time>
        <extensions>
          <ns3:TrackPointExtension>
            <ns3:hr>156</ns3:hr>
            <ns3:cad>88</ns3:cad>
          </ns3:TrackPointExtension>
        </extensions>
      </trkpt>
      <trkpt lat="31.1614294163882732391357421875" lon="121.20025380514562129974365234375">
        <ele>3.7999999523162841796875</ele>
        <time>2026-03-21T12:41:21.000Z</time>
        <extensions>
          <ns3:TrackPointExtension>
            <ns3:hr>157</ns3:hr>
            <ns3:cad>89</ns3:cad>
          </ns3:TrackPointExtension>
        </extensions>
      </trkpt>
      <trkpt lat="31.16143821738660335540771484375" lon="121.20027526281774044036865234375">
        <ele>3.7999999523162841796875</ele>
        <time>2026-03-21T12:41:22.000Z</time>
        <extensions>
          <ns3:TrackPointExtension>
            <ns3:hr>156</ns3:hr>
            <ns3:cad>89</ns3:cad>
          </ns3:TrackPointExtension>
        </extensions>
      </trkpt>
      <trkpt lat="31.16144475527107715606689453125" lon="121.20031029917299747467041015625">
        <ele>3.7999999523162841796875</ele>
        <time>2026-03-21T12:41:23.000Z</time>
        <extensions>
          <ns3:TrackPointExtension>
            <ns3:hr>156</ns3:hr>
            <ns3:cad>89</ns3:cad>
          </ns3:TrackPointExtension>
        </extensions>
      </trkpt>
      <trkpt lat="31.16144760511815547943115234375" lon="121.20033795945346355438232421875">
        <ele>3.7999999523162841796875</ele>
        <time>2026-03-21T12:41:24.000Z</time>
        <extensions>
          <ns3:TrackPointExtension>
            <ns3:hr>156</ns3:hr>
            <ns3:cad>89</ns3:cad>
          </ns3:TrackPointExtension>
        </extensions>
      </trkpt>
      <trkpt lat="31.1614512093365192413330078125" lon="121.200370229780673980712890625">
        <ele>4</ele>
        <time>2026-03-21T12:41:25.000Z</time>
        <extensions>
          <ns3:TrackPointExtension>
            <ns3:hr>156</ns3:hr>
            <ns3:cad>89</ns3:cad>
          </ns3:TrackPointExtension>
        </extensions>
      </trkpt>
      <trkpt lat="31.16145296953618526458740234375" lon="121.20039814151823520660400390625">
        <ele>4</ele>
        <time>2026-03-21T12:41:26.000Z</time>
        <extensions>
          <ns3:TrackPointExtension>
            <ns3:hr>157</ns3:hr>
            <ns3:cad>89</ns3:cad>
          </ns3:TrackPointExtension>
        </extensions>
      </trkpt>
      <trkpt lat="31.161456741392612457275390625" lon="121.2004284001886844635009765625">
        <ele>4</ele>
        <time>2026-03-21T12:41:27.000Z</time>
        <extensions>
          <ns3:TrackPointExtension>
            <ns3:hr>156</ns3:hr>
            <ns3:cad>87</ns3:cad>
          </ns3:TrackPointExtension>
        </extensions>
      </trkpt>
      <trkpt lat="31.16146185435354709625244140625" lon="121.20045212097465991973876953125">
        <ele>4</ele>
        <time>2026-03-21T12:41:28.000Z</time>
        <extensions>
          <ns3:TrackPointExtension>
            <ns3:hr>156</ns3:hr>
            <ns3:cad>88</ns3:cad>
          </ns3:TrackPointExtension>
        </extensions>
      </trkpt>
      <trkpt lat="31.16146939806640148162841796875" lon="121.2004810385406017303466796875">
        <ele>4</ele>
        <time>2026-03-21T12:41:29.000Z</time>
        <extensions>
          <ns3:TrackPointExtension>
            <ns3:hr>156</ns3:hr>
            <ns3:cad>88</ns3:cad>
          </ns3:TrackPointExtension>
        </extensions>
      </trkpt>
      <trkpt lat="31.161477863788604736328125" lon="121.20050861500203609466552734375">
        <ele>4</ele>
        <time>2026-03-21T12:41:30.000Z</time>
        <extensions>
          <ns3:TrackPointExtension>
            <ns3:hr>156</ns3:hr>
            <ns3:cad>89</ns3:cad>
          </ns3:TrackPointExtension>
        </extensions>
      </trkpt>
      <trkpt lat="31.16148389875888824462890625" lon="121.20053417980670928955078125">
        <ele>4</ele>
        <time>2026-03-21T12:41:31.000Z</time>
        <extensions>
          <ns3:TrackPointExtension>
            <ns3:hr>156</ns3:hr>
            <ns3:cad>89</ns3:cad>
          </ns3:TrackPointExtension>
        </extensions>
      </trkpt>
      <trkpt lat="31.1614927835762500762939453125" lon="121.20056142099201679229736328125">
        <ele>4</ele>
        <time>2026-03-21T12:41:32.000Z</time>
        <extensions>
          <ns3:TrackPointExtension>
            <ns3:hr>156</ns3:hr>
            <ns3:cad>89</ns3:cad>
          </ns3:TrackPointExtension>
        </extensions>
      </trkpt>
      <trkpt lat="31.16149907000362873077392578125" lon="121.20058673433959484100341796875">
        <ele>4</ele>
        <time>2026-03-21T12:41:33.000Z</time>
        <extensions>
          <ns3:TrackPointExtension>
            <ns3:hr>156</ns3:hr>
            <ns3:cad>89</ns3:cad>
          </ns3:TrackPointExtension>
        </extensions>
      </trkpt>
      <trkpt lat="31.16150661371648311614990234375" lon="121.200612299144268035888671875">
        <ele>4.19999980926513671875</ele>
        <time>2026-03-21T12:41:34.000Z</time>
        <extensions>
          <ns3:TrackPointExtension>
            <ns3:hr>157</ns3:hr>
            <ns3:cad>89</ns3:cad>
          </ns3:TrackPointExtension>
        </extensions>
      </trkpt>
      <trkpt lat="31.16151164285838603973388671875" lon="121.20063501410186290740966796875">
        <ele>4.19999980926513671875</ele>
        <time>2026-03-21T12:41:35.000Z</time>
        <extensions>
          <ns3:TrackPointExtension>
            <ns3:hr>156</ns3:hr>
            <ns3:cad>88</ns3:cad>
          </ns3:TrackPointExtension>
        </extensions>
      </trkpt>
      <trkpt lat="31.16151130758225917816162109375" lon="121.20066569186747074127197265625">
        <ele>4</ele>
        <time>2026-03-21T12:41:36.000Z</time>
        <extensions>
          <ns3:TrackPointExtension>
            <ns3:hr>156</ns3:hr>
            <ns3:cad>88</ns3:cad>
          </ns3:TrackPointExtension>
        </extensions>
      </trkpt>
      <trkpt lat="31.1615162529051303863525390625" lon="121.2006915919482707977294921875">
        <ele>4</ele>
        <time>2026-03-21T12:41:37.000Z</time>
        <extensions>
          <ns3:TrackPointExtension>
            <ns3:hr>156</ns3:hr>
            <ns3:cad>88</ns3:cad>
          </ns3:TrackPointExtension>
        </extensions>
      </trkpt>
      <trkpt lat="31.1615152470767498016357421875" lon="121.2007288075983524322509765625">
        <ele>4</ele>
        <time>2026-03-21T12:41:38.000Z</time>
        <extensions>
          <ns3:TrackPointExtension>
            <ns3:hr>156</ns3:hr>
            <ns3:cad>89</ns3:cad>
          </ns3:TrackPointExtension>
        </extensions>
      </trkpt>
      <trkpt lat="31.161520443856716156005859375" lon="121.20075420476496219635009765625">
        <ele>3.7999999523162841796875</ele>
        <time>2026-03-21T12:41:39.000Z</time>
        <extensions>
          <ns3:TrackPointExtension>
            <ns3:hr>157</ns3:hr>
            <ns3:cad>89</ns3:cad>
          </ns3:TrackPointExtension>
        </extensions>
      </trkpt>
      <trkpt lat="31.1615229584276676177978515625" lon="121.20079024694859981536865234375">
        <ele>3.7999999523162841796875</ele>
        <time>2026-03-21T12:41:40.000Z</time>
        <extensions>
          <ns3:TrackPointExtension>
            <ns3:hr>157</ns3:hr>
            <ns3:cad>89</ns3:cad>
          </ns3:TrackPointExtension>
        </extensions>
      </trkpt>
      <trkpt lat="31.16152555681765079498291015625" lon="121.20081908069550991058349609375">
        <ele>3.7999999523162841796875</ele>
        <time>2026-03-21T12:41:41.000Z</time>
        <extensions>
          <ns3:TrackPointExtension>
            <ns3:hr>157</ns3:hr>
            <ns3:cad>88</ns3:cad>
          </ns3:TrackPointExtension>
        </extensions>
      </trkpt>
      <trkpt lat="31.1615246348083019256591796875" lon="121.20085612870752811431884765625">
        <ele>3.7999999523162841796875</ele>
        <time>2026-03-21T12:41:42.000Z</time>
        <extensions>
          <ns3:TrackPointExtension>
            <ns3:hr>156</ns3:hr>
            <ns3:cad>87</ns3:cad>
          </ns3:TrackPointExtension>
        </extensions>
      </trkpt>
      <trkpt lat="31.1615276522934436798095703125" lon="121.2008867226541042327880859375">
        <ele>3.7999999523162841796875</ele>
        <time>2026-03-21T12:41:43.000Z</time>
        <extensions>
          <ns3:TrackPointExtension>
            <ns3:hr>156</ns3:hr>
            <ns3:cad>87</ns3:cad>
          </ns3:TrackPointExtension>
        </extensions>
      </trkpt>
      <trkpt lat="31.1615346930921077728271484375" lon="121.2009199149906635284423828125">
        <ele>4</ele>
        <time>2026-03-21T12:41:44.000Z</time>
        <extensions>
          <ns3:TrackPointExtension>
            <ns3:hr>156</ns3:hr>
            <ns3:cad>88</ns3:cad>
          </ns3:TrackPointExtension>
        </extensions>
      </trkpt>
      <trkpt lat="31.161543913185596466064453125" lon="121.200942881405353546142578125">
        <ele>4</ele>
        <time>2026-03-21T12:41:45.000Z</time>
        <extensions>
          <ns3:TrackPointExtension>
            <ns3:hr>157</ns3:hr>
            <ns3:cad>89</ns3:cad>
          </ns3:TrackPointExtension>
        </extensions>
      </trkpt>
      <trkpt lat="31.16155070252716541290283203125" lon="121.20097917504608631134033203125">
        <ele>4</ele>
        <time>2026-03-21T12:41:46.000Z</time>
        <extensions>
          <ns3:TrackPointExtension>
            <ns3:hr>156</ns3:hr>
            <ns3:cad>89</ns3:cad>
          </ns3:TrackPointExtension>
        </extensions>
      </trkpt>
      <trkpt lat="31.16155925206840038299560546875" lon="121.20100163854658603668212890625">
        <ele>4</ele>
        <time>2026-03-21T12:41:47.000Z</time>
        <extensions>
          <ns3:TrackPointExtension>
            <ns3:hr>156</ns3:hr>
            <ns3:cad>89</ns3:cad>
          </ns3:TrackPointExtension>
        </extensions>
      </trkpt>
      <trkpt lat="31.16156294010579586029052734375" lon="121.20103600434958934783935546875">
        <ele>4</ele>
        <time>2026-03-21T12:41:48.000Z</time>
        <extensions>
          <ns3:TrackPointExtension>
            <ns3:hr>157</ns3:hr>
            <ns3:cad>89</ns3:cad>
          </ns3:TrackPointExtension>
        </extensions>
      </trkpt>
      <trkpt lat="31.16156897507607936859130859375" lon="121.20105997659265995025634765625">
        <ele>4</ele>
        <time>2026-03-21T12:41:49.000Z</time>
        <extensions>
          <ns3:TrackPointExtension>
            <ns3:hr>157</ns3:hr>
            <ns3:cad>89</ns3:cad>
          </ns3:TrackPointExtension>
        </extensions>
      </trkpt>
      <trkpt lat="31.16157450713217258453369140625" lon="121.2010945938527584075927734375">
        <ele>3.7999999523162841796875</ele>
        <time>2026-03-21T12:41:50.000Z</time>
        <extensions>
          <ns3:TrackPointExtension>
            <ns3:hr>157</ns3:hr>
            <ns3:cad>89</ns3:cad>
          </ns3:TrackPointExtension>
        </extensions>
      </trkpt>
      <trkpt lat="31.1615806259214878082275390625" lon="121.20111831463873386383056640625">
        <ele>4</ele>
        <time>2026-03-21T12:41:51.000Z</time>
        <extensions>
          <ns3:TrackPointExtension>
            <ns3:hr>157</ns3:hr>
            <ns3:cad>89</ns3:cad>
          </ns3:TrackPointExtension>
        </extensions>
      </trkpt>
      <trkpt lat="31.1615846492350101470947265625" lon="121.20114865712821483612060546875">
        <ele>4</ele>
        <time>2026-03-21T12:41:52.000Z</time>
        <extensions>
          <ns3:TrackPointExtension>
            <ns3:hr>157</ns3:hr>
            <ns3:cad>89</ns3:cad>
          </ns3:TrackPointExtension>
        </extensions>
      </trkpt>
      <trkpt lat="31.1615900136530399322509765625" lon="121.20116852223873138427734375">
        <ele>4</ele>
        <time>2026-03-21T12:41:53.000Z</time>
        <extensions>
          <ns3:TrackPointExtension>
            <ns3:hr>157</ns3:hr>
            <ns3:cad>89</ns3:cad>
          </ns3:TrackPointExtension>
        </extensions>
      </trkpt>
      <trkpt lat="31.16159252822399139404296875" lon="121.20120339095592498779296875">
        <ele>4</ele>
        <time>2026-03-21T12:41:54.000Z</time>
        <extensions>
          <ns3:TrackPointExtension>
            <ns3:hr>157</ns3:hr>
            <ns3:cad>90</ns3:cad>
          </ns3:TrackPointExtension>
        </extensions>
      </trkpt>
      <trkpt lat="31.16159562952816486358642578125" lon="121.20122862048447132110595703125">
        <ele>4</ele>
        <time>2026-03-21T12:41:55.000Z</time>
        <extensions>
          <ns3:TrackPointExtension>
            <ns3:hr>157</ns3:hr>
            <ns3:cad>89</ns3:cad>
          </ns3:TrackPointExtension>
        </extensions>
      </trkpt>
      <trkpt lat="31.1615967191755771636962890625" lon="121.2012608908116817474365234375">
        <ele>4.19999980926513671875</ele>
        <time>2026-03-21T12:41:56.000Z</time>
        <extensions>
          <ns3:TrackPointExtension>
            <ns3:hr>158</ns3:hr>
            <ns3:cad>89</ns3:cad>
          </ns3:TrackPointExtension>
        </extensions>
      </trkpt>
      <trkpt lat="31.16159931756556034088134765625" lon="121.20128897018730640411376953125">
        <ele>4.19999980926513671875</ele>
        <time>2026-03-21T12:41:57.000Z</time>
        <extensions>
          <ns3:TrackPointExtension>
            <ns3:hr>157</ns3:hr>
            <ns3:cad>89</ns3:cad>
          </ns3:TrackPointExtension>
        </extensions>
      </trkpt>
      <trkpt lat="31.16160384379327297210693359375" lon="121.20132098905742168426513671875">
        <ele>4.19999980926513671875</ele>
        <time>2026-03-21T12:41:58.000Z</time>
        <extensions>
          <ns3:TrackPointExtension>
            <ns3:hr>157</ns3:hr>
            <ns3:cad>88</ns3:cad>
          </ns3:TrackPointExtension>
        </extensions>
      </trkpt>
      <trkpt lat="31.16161105223000049591064453125" lon="121.20135015808045864105224609375">
        <ele>4.19999980926513671875</ele>
        <time>2026-03-21T12:41:59.000Z</time>
        <extensions>
          <ns3:TrackPointExtension>
            <ns3:hr>158</ns3:hr>
            <ns3:cad>88</ns3:cad>
          </ns3:TrackPointExtension>
        </extensions>
      </trkpt>
      <trkpt lat="31.161619685590267181396484375" lon="121.20137966237962245941162109375">
        <ele>4</ele>
        <time>2026-03-21T12:42:00.000Z</time>
        <extensions>
          <ns3:TrackPointExtension>
            <ns3:hr>158</ns3:hr>
            <ns3:cad>89</ns3:cad>
          </ns3:TrackPointExtension>
        </extensions>
      </trkpt>
      <trkpt lat="31.16162647493183612823486328125" lon="121.2014070712029933929443359375">
        <ele>4</ele>
        <time>2026-03-21T12:42:01.000Z</time>
        <extensions>
          <ns3:TrackPointExtension>
            <ns3:hr>158</ns3:hr>
            <ns3:cad>89</ns3:cad>
          </ns3:TrackPointExtension>
        </extensions>
      </trkpt>
      <trkpt lat="31.161631755530834197998046875" lon="121.20143003761768341064453125">
        <ele>4</ele>
        <time>2026-03-21T12:42:02.000Z</time>
        <extensions>
          <ns3:TrackPointExtension>
            <ns3:hr>157</ns3:hr>
            <ns3:cad>89</ns3:cad>
          </ns3:TrackPointExtension>
        </extensions>
      </trkpt>
      <trkpt lat="31.161637119948863983154296875" lon="121.20145509950816631317138671875">
        <ele>4</ele>
        <time>2026-03-21T12:42:03.000Z</time>
        <extensions>
          <ns3:TrackPointExtension>
            <ns3:hr>158</ns3:hr>
            <ns3:cad>89</ns3:cad>
          </ns3:TrackPointExtension>
        </extensions>
      </trkpt>
      <trkpt lat="31.16164273582398891448974609375" lon="121.20148024521768093109130859375">
        <ele>4</ele>
        <time>2026-03-21T12:42:04.000Z</time>
        <extensions>
          <ns3:TrackPointExtension>
            <ns3:hr>158</ns3:hr>
            <ns3:cad>89</ns3:cad>
          </ns3:TrackPointExtension>
        </extensions>
      </trkpt>
      <trkpt lat="31.16164541803300380706787109375" lon="121.2015113420784473419189453125">
        <ele>4</ele>
        <time>2026-03-21T12:42:05.000Z</time>
        <extensions>
          <ns3:TrackPointExtension>
            <ns3:hr>157</ns3:hr>
            <ns3:cad>88</ns3:cad>
          </ns3:TrackPointExtension>
        </extensions>
      </trkpt>
      <trkpt lat="31.1616466753184795379638671875" lon="121.20154176838696002960205078125">
        <ele>4</ele>
        <time>2026-03-21T12:42:06.000Z</time>
        <extensions>
          <ns3:TrackPointExtension>
            <ns3:hr>158</ns3:hr>
            <ns3:cad>88</ns3:cad>
          </ns3:TrackPointExtension>
        </extensions>
      </trkpt>
      <trkpt lat="31.161643154919147491455078125" lon="121.20157412253320217132568359375">
        <ele>4</ele>
        <time>2026-03-21T12:42:07.000Z</time>
        <extensions>
          <ns3:TrackPointExtension>
            <ns3:hr>158</ns3:hr>
            <ns3:cad>88</ns3:cad>
          </ns3:TrackPointExtension>
        </extensions>
      </trkpt>
      <trkpt lat="31.16164575330913066864013671875" lon="121.20160060934722423553466796875">
        <ele>4</ele>
        <time>2026-03-21T12:42:08.000Z</time>
        <extensions>
          <ns3:TrackPointExtension>
            <ns3:hr>157</ns3:hr>
            <ns3:cad>89</ns3:cad>
          </ns3:TrackPointExtension>
        </extensions>
      </trkpt>
      <trkpt lat="31.161644496023654937744140625" lon="121.2016327120363712310791015625">
        <ele>4</ele>
        <time>2026-03-21T12:42:09.000Z</time>
        <extensions>
          <ns3:TrackPointExtension>
            <ns3:hr>158</ns3:hr>
            <ns3:cad>89</ns3:cad>
          </ns3:TrackPointExtension>
        </extensions>
      </trkpt>
      <trkpt lat="31.1616510339081287384033203125" lon="121.20165777392685413360595703125">
        <ele>4</ele>
        <time>2026-03-21T12:42:10.000Z</time>
        <extensions>
          <ns3:TrackPointExtension>
            <ns3:hr>158</ns3:hr>
            <ns3:cad>89</ns3:cad>
          </ns3:TrackPointExtension>
        </extensions>
      </trkpt>
      <trkpt lat="31.1616527102887630462646484375" lon="121.20169180445373058319091796875">
        <ele>4</ele>
        <time>2026-03-21T12:42:11.000Z</time>
        <extensions>
          <ns3:TrackPointExtension>
            <ns3:hr>158</ns3:hr>
            <ns3:cad>89</ns3:cad>
          </ns3:TrackPointExtension>
        </extensions>
      </trkpt>
      <trkpt lat="31.1616574041545391082763671875" lon="121.2017158605158329010009765625">
        <ele>4</ele>
        <time>2026-03-21T12:42:12.000Z</time>
        <extensions>
          <ns3:TrackPointExtension>
            <ns3:hr>158</ns3:hr>
            <ns3:cad>89</ns3:cad>
          </ns3:TrackPointExtension>
        </extensions>
      </trkpt>
      <trkpt lat="31.1616587452590465545654296875" lon="121.20175232179462909698486328125">
        <ele>4</ele>
        <time>2026-03-21T12:42:13.000Z</time>
        <extensions>
          <ns3:TrackPointExtension>
            <ns3:hr>158</ns3:hr>
            <ns3:cad>89</ns3:cad>
          </ns3:TrackPointExtension>
        </extensions>
      </trkpt>
      <trkpt lat="31.1616624332964420318603515625" lon="121.20177964679896831512451171875">
        <ele>4</ele>
        <time>2026-03-21T12:42:14.000Z</time>
        <extensions>
          <ns3:TrackPointExtension>
            <ns3:hr>158</ns3:hr>
            <ns3:cad>88</ns3:cad>
          </ns3:TrackPointExtension>
        </extensions>
      </trkpt>
      <trkpt lat="31.16166385821998119354248046875" lon="121.20181518606841564178466796875">
        <ele>4</ele>
        <time>2026-03-21T12:42:15.000Z</time>
        <extensions>
          <ns3:TrackPointExtension>
            <ns3:hr>159</ns3:hr>
            <ns3:cad>88</ns3:cad>
          </ns3:TrackPointExtension>
        </extensions>
      </trkpt>
      <trkpt lat="31.16167073138058185577392578125" lon="121.201837062835693359375">
        <ele>4</ele>
        <time>2026-03-21T12:42:16.000Z</time>
        <extensions>
          <ns3:TrackPointExtension>
            <ns3:hr>159</ns3:hr>
            <ns3:cad>88</ns3:cad>
          </ns3:TrackPointExtension>
        </extensions>
      </trkpt>
      <trkpt lat="31.161676347255706787109375" lon="121.20187218300998210906982421875">
        <ele>4.19999980926513671875</ele>
        <time>2026-03-21T12:42:17.000Z</time>
        <extensions>
          <ns3:TrackPointExtension>
            <ns3:hr>158</ns3:hr>
            <ns3:cad>89</ns3:cad>
          </ns3:TrackPointExtension>
        </extensions>
      </trkpt>
      <trkpt lat="31.16168347187340259552001953125" lon="121.2018969096243381500244140625">
        <ele>4.19999980926513671875</ele>
        <time>2026-03-21T12:42:18.000Z</time>
        <extensions>
          <ns3:TrackPointExtension>
            <ns3:hr>158</ns3:hr>
            <ns3:cad>89</ns3:cad>
          </ns3:TrackPointExtension>
        </extensions>
      </trkpt>
      <trkpt lat="31.16169436834752559661865234375" lon="121.2019337899982929229736328125">
        <ele>4.19999980926513671875</ele>
        <time>2026-03-21T12:42:19.000Z</time>
        <extensions>
          <ns3:TrackPointExtension>
            <ns3:hr>158</ns3:hr>
            <ns3:cad>89</ns3:cad>
          </ns3:TrackPointExtension>
        </extensions>
      </trkpt>
      <trkpt lat="31.16171398200094699859619140625" lon="121.20194929651916027069091796875">
        <ele>4.19999980926513671875</ele>
        <time>2026-03-21T12:42:20.000Z</time>
        <extensions>
          <ns3:TrackPointExtension>
            <ns3:hr>158</ns3:hr>
            <ns3:cad>89</ns3:cad>
          </ns3:TrackPointExtension>
        </extensions>
      </trkpt>
      <trkpt lat="31.16173946298658847808837890625" lon="121.2019515596330165863037109375">
        <ele>4.19999980926513671875</ele>
        <time>2026-03-21T12:42:21.000Z</time>
        <extensions>
          <ns3:TrackPointExtension>
            <ns3:hr>158</ns3:hr>
            <ns3:cad>88</ns3:cad>
          </ns3:TrackPointExtension>
        </extensions>
      </trkpt>
      <trkpt lat="31.1617527902126312255859375" lon="121.20193697512149810791015625">
        <ele>4.19999980926513671875</ele>
        <time>2026-03-21T12:42:22.000Z</time>
        <extensions>
          <ns3:TrackPointExtension>
            <ns3:hr>158</ns3:hr>
            <ns3:cad>88</ns3:cad>
          </ns3:TrackPointExtension>
        </extensions>
      </trkpt>
      <trkpt lat="31.1617640219628810882568359375" lon="121.20190680027008056640625">
        <ele>4.19999980926513671875</ele>
        <time>2026-03-21T12:42:23.000Z</time>
        <extensions>
          <ns3:TrackPointExtension>
            <ns3:hr>158</ns3:hr>
            <ns3:cad>89</ns3:cad>
          </ns3:TrackPointExtension>
        </extensions>
      </trkpt>
      <trkpt lat="31.16176427341997623443603515625" lon="121.20187922380864620208740234375">
        <ele>4.19999980926513671875</ele>
        <time>2026-03-21T12:42:24.000Z</time>
        <extensions>
          <ns3:TrackPointExtension>
            <ns3:hr>158</ns3:hr>
            <ns3:cad>89</ns3:cad>
          </ns3:TrackPointExtension>
        </extensions>
      </trkpt>
      <trkpt lat="31.16176695562899112701416015625" lon="121.201841421425342559814453125">
        <ele>4.19999980926513671875</ele>
        <time>2026-03-21T12:42:25.000Z</time>
        <extensions>
          <ns3:TrackPointExtension>
            <ns3:hr>158</ns3:hr>
            <ns3:cad>89</ns3:cad>
          </ns3:TrackPointExtension>
        </extensions>
      </trkpt>
      <trkpt lat="31.16176142357289791107177734375" lon="121.20181216858327388763427734375">
        <ele>4.19999980926513671875</ele>
        <time>2026-03-21T12:42:26.000Z</time>
        <extensions>
          <ns3:TrackPointExtension>
            <ns3:hr>158</ns3:hr>
            <ns3:cad>89</ns3:cad>
          </ns3:TrackPointExtension>
        </extensions>
      </trkpt>
      <trkpt lat="31.16175421513617038726806640625" lon="121.2017775513231754302978515625">
        <ele>4.19999980926513671875</ele>
        <time>2026-03-21T12:42:27.000Z</time>
        <extensions>
          <ns3:TrackPointExtension>
            <ns3:hr>158</ns3:hr>
            <ns3:cad>88</ns3:cad>
          </ns3:TrackPointExtension>
        </extensions>
      </trkpt>
      <trkpt lat="31.16174432449042797088623046875" lon="121.20174712501466274261474609375">
        <ele>4.19999980926513671875</ele>
        <time>2026-03-21T12:42:28.000Z</time>
        <extensions>
          <ns3:TrackPointExtension>
            <ns3:hr>158</ns3:hr>
            <ns3:cad>88</ns3:cad>
          </ns3:TrackPointExtension>
        </extensions>
      </trkpt>
      <trkpt lat="31.1617365293204784393310546875" lon="121.20171410031616687774658203125">
        <ele>4</ele>
        <time>2026-03-21T12:42:29.000Z</time>
        <extensions>
          <ns3:TrackPointExtension>
            <ns3:hr>158</ns3:hr>
            <ns3:cad>88</ns3:cad>
          </ns3:TrackPointExtension>
        </extensions>
      </trkpt>
      <trkpt lat="31.161733679473400115966796875" lon="121.2016830034554004669189453125">
        <ele>4</ele>
        <time>2026-03-21T12:42:30.000Z</time>
        <extensions>
          <ns3:TrackPointExtension>
            <ns3:hr>158</ns3:hr>
            <ns3:cad>89</ns3:cad>
          </ns3:TrackPointExtension>
        </extensions>
      </trkpt>
      <trkpt lat="31.16172471083700656890869140625" lon="121.20166548527777194976806640625">
        <ele>4</ele>
        <time>2026-03-21T12:42:31.000Z</time>
        <extensions>
          <ns3:TrackPointExtension>
            <ns3:hr>158</ns3:hr>
            <ns3:cad>89</ns3:cad>
          </ns3:TrackPointExtension>
        </extensions>
      </trkpt>
      <trkpt lat="31.1617321707308292388916015625" lon="121.20163061656057834625244140625">
        <ele>4</ele>
        <time>2026-03-21T12:44:25.000Z</time>
        <extensions>
          <ns3:TrackPointExtension>
            <ns3:hr>124</ns3:hr>
            <ns3:cad>0</ns3:cad>
          </ns3:TrackPointExtension>
        </extensions>
      </trkpt>
      <trkpt lat="31.16172906942665576934814453125" lon="121.2016238272190093994140625">
        <ele>4</ele>
        <time>2026-03-21T12:44:26.000Z</time>
        <extensions>
          <ns3:TrackPointExtension>
            <ns3:hr>124</ns3:hr>
            <ns3:cad>0</ns3:cad>
          </ns3:TrackPointExtension>
        </extensions>
      </trkpt>
      <trkpt lat="31.16172068752348423004150390625" lon="121.20159574784338474273681640625">
        <ele>4</ele>
        <time>2026-03-21T12:44:27.000Z</time>
        <extensions>
          <ns3:TrackPointExtension>
            <ns3:hr>125</ns3:hr>
            <ns3:cad>0</ns3:cad>
          </ns3:TrackPointExtension>
        </extensions>
      </trkpt>
      <trkpt lat="31.1617137305438518524169921875" lon="121.20156859047710895538330078125">
        <ele>4</ele>
        <time>2026-03-21T12:44:28.000Z</time>
        <extensions>
          <ns3:TrackPointExtension>
            <ns3:hr>125</ns3:hr>
            <ns3:cad>0</ns3:cad>
          </ns3:TrackPointExtension>
        </extensions>
      </trkpt>
      <trkpt lat="31.1617070250213146209716796875" lon="121.20152902789413928985595703125">
        <ele>4</ele>
        <time>2026-03-21T12:44:29.000Z</time>
        <extensions>
          <ns3:TrackPointExtension>
            <ns3:hr>125</ns3:hr>
            <ns3:cad>0</ns3:cad>
          </ns3:TrackPointExtension>
        </extensions>
      </trkpt>
      <trkpt lat="31.161701492965221405029296875" lon="121.2014999426901340484619140625">
        <ele>3.7999999523162841796875</ele>
        <time>2026-03-21T12:44:30.000Z</time>
        <extensions>
          <ns3:TrackPointExtension>
            <ns3:hr>126</ns3:hr>
            <ns3:cad>79</ns3:cad>
          </ns3:TrackPointExtension>
        </extensions>
      </trkpt>
      <trkpt lat="31.1616949550807476043701171875" lon="121.201463229954242706298828125">
        <ele>3.7999999523162841796875</ele>
        <time>2026-03-21T12:44:31.000Z</time>
        <extensions>
          <ns3:TrackPointExtension>
            <ns3:hr>127</ns3:hr>
            <ns3:cad>88</ns3:cad>
          </ns3:TrackPointExtension>
        </extensions>
      </trkpt>
      <trkpt lat="31.1616884171962738037109375" lon="121.20143406093120574951171875">
        <ele>3.7999999523162841796875</ele>
        <time>2026-03-21T12:44:32.000Z</time>
        <extensions>
          <ns3:TrackPointExtension>
            <ns3:hr>128</ns3:hr>
            <ns3:cad>90</ns3:cad>
          </ns3:TrackPointExtension>
        </extensions>
      </trkpt>
      <trkpt lat="31.16168229840695858001708984375" lon="121.20139676146209239959716796875">
        <ele>3.7999999523162841796875</ele>
        <time>2026-03-21T12:44:33.000Z</time>
        <extensions>
          <ns3:TrackPointExtension>
            <ns3:hr>130</ns3:hr>
            <ns3:cad>90</ns3:cad>
          </ns3:TrackPointExtension>
        </extensions>
      </trkpt>
      <trkpt lat="31.16167358122766017913818359375" lon="121.2013688497245311737060546875">
        <ele>3.7999999523162841796875</ele>
        <time>2026-03-21T12:44:34.000Z</time>
        <extensions>
          <ns3:TrackPointExtension>
            <ns3:hr>131</ns3:hr>
            <ns3:cad>90</ns3:cad>
          </ns3:TrackPointExtension>
        </extensions>
      </trkpt>
      <trkpt lat="31.16166763007640838623046875" lon="121.20133213698863983154296875">
        <ele>3.7999999523162841796875</ele>
        <time>2026-03-21T12:44:35.000Z</time>
        <extensions>
          <ns3:TrackPointExtension>
            <ns3:hr>133</ns3:hr>
            <ns3:cad>90</ns3:cad>
          </ns3:TrackPointExtension>
        </extensions>
      </trkpt>
      <trkpt lat="31.16165949963033199310302734375" lon="121.20130238123238086700439453125">
        <ele>3.7999999523162841796875</ele>
        <time>2026-03-21T12:44:36.000Z</time>
        <extensions>
          <ns3:TrackPointExtension>
            <ns3:hr>133</ns3:hr>
            <ns3:cad>90</ns3:cad>
          </ns3:TrackPointExtension>
        </extensions>
      </trkpt>
      <trkpt lat="31.1616486869752407073974609375" lon="121.20126700960099697113037109375">
        <ele>3.7999999523162841796875</ele>
        <time>2026-03-21T12:44:37.000Z</time>
        <extensions>
          <ns3:TrackPointExtension>
            <ns3:hr>134</ns3:hr>
            <ns3:cad>90</ns3:cad>
          </ns3:TrackPointExtension>
        </extensions>
      </trkpt>
      <trkpt lat="31.16164189763367176055908203125" lon="121.20123867876827716827392578125">
        <ele>3.7999999523162841796875</ele>
        <time>2026-03-21T12:44:38.000Z</time>
        <extensions>
          <ns3:TrackPointExtension>
            <ns3:hr>133</ns3:hr>
            <ns3:cad>89</ns3:cad>
          </ns3:TrackPointExtension>
        </extensions>
      </trkpt>
      <trkpt lat="31.16163753904402256011962890625" lon="121.201202385127544403076171875">
        <ele>3.7999999523162841796875</ele>
        <time>2026-03-21T12:44:39.000Z</time>
        <extensions>
          <ns3:TrackPointExtension>
            <ns3:hr>133</ns3:hr>
            <ns3:cad>89</ns3:cad>
          </ns3:TrackPointExtension>
        </extensions>
      </trkpt>
      <trkpt lat="31.16162731312215328216552734375" lon="121.2011732161045074462890625">
        <ele>3.7999999523162841796875</ele>
        <time>2026-03-21T12:44:40.000Z</time>
        <extensions>
          <ns3:TrackPointExtension>
            <ns3:hr>133</ns3:hr>
            <ns3:cad>89</ns3:cad>
          </ns3:TrackPointExtension>
        </extensions>
      </trkpt>
      <trkpt lat="31.161619685590267181396484375" lon="121.201136671006679534912109375">
        <ele>3.7999999523162841796875</ele>
        <time>2026-03-21T12:44:41.000Z</time>
        <extensions>
          <ns3:TrackPointExtension>
            <ns3:hr>133</ns3:hr>
            <ns3:cad>90</ns3:cad>
          </ns3:TrackPointExtension>
        </extensions>
      </trkpt>
      <trkpt lat="31.16160937584936618804931640625" lon="121.20110549032688140869140625">
        <ele>3.7999999523162841796875</ele>
        <time>2026-03-21T12:44:42.000Z</time>
        <extensions>
          <ns3:TrackPointExtension>
            <ns3:hr>133</ns3:hr>
            <ns3:cad>90</ns3:cad>
          </ns3:TrackPointExtension>
        </extensions>
      </trkpt>
      <trkpt lat="31.16160132922232151031494140625" lon="121.2010677717626094818115234375">
        <ele>3.7999999523162841796875</ele>
        <time>2026-03-21T12:44:43.000Z</time>
        <extensions>
          <ns3:TrackPointExtension>
            <ns3:hr>133</ns3:hr>
            <ns3:cad>90</ns3:cad>
          </ns3:TrackPointExtension>
        </extensions>
      </trkpt>
      <trkpt lat="31.16159395314753055572509765625" lon="121.20103701017796993255615234375">
        <ele>3.7999999523162841796875</ele>
        <time>2026-03-21T12:44:44.000Z</time>
        <extensions>
          <ns3:TrackPointExtension>
            <ns3:hr>133</ns3:hr>
            <ns3:cad>90</ns3:cad>
          </ns3:TrackPointExtension>
        </extensions>
      </trkpt>
      <trkpt lat="31.161586828529834747314453125" lon="121.20099443010985851287841796875">
        <ele>3.7999999523162841796875</ele>
        <time>2026-03-21T12:44:45.000Z</time>
        <extensions>
          <ns3:TrackPointExtension>
            <ns3:hr>132</ns3:hr>
            <ns3:cad>89</ns3:cad>
          </ns3:TrackPointExtension>
        </extensions>
      </trkpt>
      <trkpt lat="31.16157501004636287689208984375" lon="121.20096475817263126373291015625">
        <ele>3.7999999523162841796875</ele>
        <time>2026-03-21T12:44:46.000Z</time>
        <extensions>
          <ns3:TrackPointExtension>
            <ns3:hr>132</ns3:hr>
            <ns3:cad>89</ns3:cad>
          </ns3:TrackPointExtension>
        </extensions>
      </trkpt>
      <trkpt lat="31.1615698970854282379150390625" lon="121.20092301629483699798583984375">
        <ele>3.7999999523162841796875</ele>
        <time>2026-03-21T12:44:47.000Z</time>
        <extensions>
          <ns3:TrackPointExtension>
            <ns3:hr>132</ns3:hr>
            <ns3:cad>92</ns3:cad>
          </ns3:TrackPointExtension>
        </extensions>
      </trkpt>
      <trkpt lat="31.16155975498259067535400390625" lon="121.20089485310018062591552734375">
        <ele>4</ele>
        <time>2026-03-21T12:44:48.000Z</time>
        <extensions>
          <ns3:TrackPointExtension>
            <ns3:hr>132</ns3:hr>
            <ns3:cad>92</ns3:cad>
          </ns3:TrackPointExtension>
        </extensions>
      </trkpt>
      <trkpt lat="31.16155522875487804412841796875" lon="121.20085604488849639892578125">
        <ele>4</ele>
        <time>2026-03-21T12:44:49.000Z</time>
        <extensions>
          <ns3:TrackPointExtension>
            <ns3:hr>132</ns3:hr>
            <ns3:cad>92</ns3:cad>
          </ns3:TrackPointExtension>
        </extensions>
      </trkpt>
      <trkpt lat="31.1615437455475330352783203125" lon="121.20082763023674488067626953125">
        <ele>4</ele>
        <time>2026-03-21T12:44:50.000Z</time>
        <extensions>
          <ns3:TrackPointExtension>
            <ns3:hr>133</ns3:hr>
            <ns3:cad>91</ns3:cad>
          </ns3:TrackPointExtension>
        </extensions>
      </trkpt>
      <trkpt lat="31.16153812967240810394287109375" lon="121.2007868103682994842529296875">
        <ele>4</ele>
        <time>2026-03-21T12:44:51.000Z</time>
        <extensions>
          <ns3:TrackPointExtension>
            <ns3:hr>134</ns3:hr>
            <ns3:cad>91</ns3:cad>
          </ns3:TrackPointExtension>
        </extensions>
      </trkpt>
      <trkpt lat="31.161528490483760833740234375" lon="121.2007573060691356658935546875">
        <ele>4.19999980926513671875</ele>
        <time>2026-03-21T12:44:52.000Z</time>
        <extensions>
          <ns3:TrackPointExtension>
            <ns3:hr>135</ns3:hr>
            <ns3:cad>90</ns3:cad>
          </ns3:TrackPointExtension>
        </extensions>
      </trkpt>
      <trkpt lat="31.16152639500796794891357421875" lon="121.20072168298065662384033203125">
        <ele>4.19999980926513671875</ele>
        <time>2026-03-21T12:44:53.000Z</time>
        <extensions>
          <ns3:TrackPointExtension>
            <ns3:hr>136</ns3:hr>
            <ns3:cad>90</ns3:cad>
          </ns3:TrackPointExtension>
        </extensions>
      </trkpt>
      <trkpt lat="31.16152103058993816375732421875" lon="121.20069720782339572906494140625">
        <ele>4.19999980926513671875</ele>
        <time>2026-03-21T12:44:54.000Z</time>
        <extensions>
          <ns3:TrackPointExtension>
            <ns3:hr>136</ns3:hr>
            <ns3:cad>90</ns3:cad>
          </ns3:TrackPointExtension>
        </extensions>
      </trkpt>
      <trkpt lat="31.16151885129511356353759765625" lon="121.2006614170968532562255859375">
        <ele>4</ele>
        <time>2026-03-21T12:44:55.000Z</time>
        <extensions>
          <ns3:TrackPointExtension>
            <ns3:hr>137</ns3:hr>
            <ns3:cad>90</ns3:cad>
          </ns3:TrackPointExtension>
        </extensions>
      </trkpt>
      <trkpt lat="31.16151365451514720916748046875" lon="121.20063266716897487640380859375">
        <ele>4</ele>
        <time>2026-03-21T12:44:56.000Z</time>
        <extensions>
          <ns3:TrackPointExtension>
            <ns3:hr>138</ns3:hr>
            <ns3:cad>90</ns3:cad>
          </ns3:TrackPointExtension>
        </extensions>
      </trkpt>
      <trkpt lat="31.16151147522032260894775390625" lon="121.20059176348149776458740234375">
        <ele>4</ele>
        <time>2026-03-21T12:44:57.000Z</time>
        <extensions>
          <ns3:TrackPointExtension>
            <ns3:hr>138</ns3:hr>
            <ns3:cad>90</ns3:cad>
          </ns3:TrackPointExtension>
        </extensions>
      </trkpt>
      <trkpt lat="31.16150594316422939300537109375" lon="121.20056024752557277679443359375">
        <ele>4.19999980926513671875</ele>
        <time>2026-03-21T12:44:58.000Z</time>
        <extensions>
          <ns3:TrackPointExtension>
            <ns3:hr>139</ns3:hr>
            <ns3:cad>90</ns3:cad>
          </ns3:TrackPointExtension>
        </extensions>
      </trkpt>
      <trkpt lat="31.1614984832704067230224609375" lon="121.20052236132323741912841796875">
        <ele>4.19999980926513671875</ele>
        <time>2026-03-21T12:44:59.000Z</time>
        <extensions>
          <ns3:TrackPointExtension>
            <ns3:hr>140</ns3:hr>
            <ns3:cad>90</ns3:cad>
          </ns3:TrackPointExtension>
        </extensions>
      </trkpt>
      <trkpt lat="31.1614941246807575225830078125" lon="121.2004978023469448089599609375">
        <ele>4.400000095367431640625</ele>
        <time>2026-03-21T12:45:00.000Z</time>
        <extensions>
          <ns3:TrackPointExtension>
            <ns3:hr>141</ns3:hr>
            <ns3:cad>90</ns3:cad>
          </ns3:TrackPointExtension>
        </extensions>
      </trkpt>
      <trkpt lat="31.161489598453044891357421875" lon="121.20046419091522693634033203125">
        <ele>4.400000095367431640625</ele>
        <time>2026-03-21T12:45:01.000Z</time>
        <extensions>
          <ns3:TrackPointExtension>
            <ns3:hr>142</ns3:hr>
            <ns3:cad>89</ns3:cad>
          </ns3:TrackPointExtension>
        </extensions>
      </trkpt>
      <trkpt lat="31.16148666478693485260009765625" lon="121.200439296662807464599609375">
        <ele>4.400000095367431640625</ele>
        <time>2026-03-21T12:45:02.000Z</time>
        <extensions>
          <ns3:TrackPointExtension>
            <ns3:hr>142</ns3:hr>
            <ns3:cad>89</ns3:cad>
          </ns3:TrackPointExtension>
        </extensions>
      </trkpt>
      <trkpt lat="31.16148314438760280609130859375" lon="121.200405769050121307373046875">
        <ele>4.400000095367431640625</ele>
        <time>2026-03-21T12:45:03.000Z</time>
        <extensions>
          <ns3:TrackPointExtension>
            <ns3:hr>142</ns3:hr>
            <ns3:cad>89</ns3:cad>
          </ns3:TrackPointExtension>
        </extensions>
      </trkpt>
      <trkpt lat="31.1614797078073024749755859375" lon="121.20037861168384552001953125">
        <ele>4.400000095367431640625</ele>
        <time>2026-03-21T12:45:04.000Z</time>
        <extensions>
          <ns3:TrackPointExtension>
            <ns3:hr>143</ns3:hr>
            <ns3:cad>89</ns3:cad>
          </ns3:TrackPointExtension>
        </extensions>
      </trkpt>
      <trkpt lat="31.1614820547401905059814453125" lon="121.200343072414398193359375">
        <ele>4.400000095367431640625</ele>
        <time>2026-03-21T12:45:05.000Z</time>
        <extensions>
          <ns3:TrackPointExtension>
            <ns3:hr>143</ns3:hr>
            <ns3:cad>89</ns3:cad>
          </ns3:TrackPointExtension>
        </extensions>
      </trkpt>
      <trkpt lat="31.1614787019789218902587890625" lon="121.20030828751623630523681640625">
        <ele>4.599999904632568359375</ele>
        <time>2026-03-21T12:45:06.000Z</time>
        <extensions>
          <ns3:TrackPointExtension>
            <ns3:hr>143</ns3:hr>
            <ns3:cad>89</ns3:cad>
          </ns3:TrackPointExtension>
        </extensions>
      </trkpt>
      <trkpt lat="31.16147660650312900543212890625" lon="121.20027308352291584014892578125">
        <ele>4.599999904632568359375</ele>
        <time>2026-03-21T12:45:07.000Z</time>
        <extensions>
          <ns3:TrackPointExtension>
            <ns3:hr>143</ns3:hr>
            <ns3:cad>89</ns3:cad>
          </ns3:TrackPointExtension>
        </extensions>
      </trkpt>
      <trkpt lat="31.16147392429411411285400390625" lon="121.20023804716765880584716796875">
        <ele>4.599999904632568359375</ele>
        <time>2026-03-21T12:45:08.000Z</time>
        <extensions>
          <ns3:TrackPointExtension>
            <ns3:hr>144</ns3:hr>
            <ns3:cad>88</ns3:cad>
          </ns3:TrackPointExtension>
        </extensions>
      </trkpt>
      <trkpt lat="31.1614703200757503509521484375" lon="121.200200580060482025146484375">
        <ele>4.599999904632568359375</ele>
        <time>2026-03-21T12:45:09.000Z</time>
        <extensions>
          <ns3:TrackPointExtension>
            <ns3:hr>144</ns3:hr>
            <ns3:cad>88</ns3:cad>
          </ns3:TrackPointExtension>
        </extensions>
      </trkpt>
      <trkpt lat="31.16146671585738658905029296875" lon="121.20017032139003276824951171875">
        <ele>4.400000095367431640625</ele>
        <time>2026-03-21T12:45:10.000Z</time>
        <extensions>
          <ns3:TrackPointExtension>
            <ns3:hr>145</ns3:hr>
            <ns3:cad>89</ns3:cad>
          </ns3:TrackPointExtension>
        </extensions>
      </trkpt>
      <trkpt lat="31.1614719964563846588134765625" lon="121.20013830251991748809814453125">
        <ele>4.400000095367431640625</ele>
        <time>2026-03-21T12:45:11.000Z</time>
        <extensions>
          <ns3:TrackPointExtension>
            <ns3:hr>145</ns3:hr>
            <ns3:cad>89</ns3:cad>
          </ns3:TrackPointExtension>
        </extensions>
      </trkpt>
      <trkpt lat="31.161482892930507659912109375" lon="121.2001097202301025390625">
        <ele>4.400000095367431640625</ele>
        <time>2026-03-21T12:45:12.000Z</time>
        <extensions>
          <ns3:TrackPointExtension>
            <ns3:hr>145</ns3:hr>
            <ns3:cad>89</ns3:cad>
          </ns3:TrackPointExtension>
        </extensions>
      </trkpt>
      <trkpt lat="31.161495633423328399658203125" lon="121.200081892311573028564453125">
        <ele>4.400000095367431640625</ele>
        <time>2026-03-21T12:45:13.000Z</time>
        <extensions>
          <ns3:TrackPointExtension>
            <ns3:hr>145</ns3:hr>
            <ns3:cad>89</ns3:cad>
          </ns3:TrackPointExtension>
        </extensions>
      </trkpt>
      <trkpt lat="31.16151365451514720916748046875" lon="121.20005582459270954132080078125">
        <ele>4.599999904632568359375</ele>
        <time>2026-03-21T12:45:14.000Z</time>
        <extensions>
          <ns3:TrackPointExtension>
            <ns3:hr>146</ns3:hr>
            <ns3:cad>89</ns3:cad>
          </ns3:TrackPointExtension>
        </extensions>
      </trkpt>
      <trkpt lat="31.16152840666472911834716796875" lon="121.20002950541675090789794921875">
        <ele>4.599999904632568359375</ele>
        <time>2026-03-21T12:45:15.000Z</time>
        <extensions>
          <ns3:TrackPointExtension>
            <ns3:hr>146</ns3:hr>
            <ns3:cad>88</ns3:cad>
          </ns3:TrackPointExtension>
        </extensions>
      </trkpt>
      <trkpt lat="31.16154902614653110504150390625" lon="121.20000503025949001312255859375">
        <ele>4.599999904632568359375</ele>
        <time>2026-03-21T12:45:16.000Z</time>
        <extensions>
          <ns3:TrackPointExtension>
            <ns3:hr>147</ns3:hr>
            <ns3:cad>88</ns3:cad>
          </ns3:TrackPointExtension>
        </extensions>
      </trkpt>
      <trkpt lat="31.1615703999996185302734375" lon="121.1999876797199249267578125">
        <ele>4.599999904632568359375</ele>
        <time>2026-03-21T12:45:17.000Z</time>
        <extensions>
          <ns3:TrackPointExtension>
            <ns3:hr>147</ns3:hr>
            <ns3:cad>88</ns3:cad>
          </ns3:TrackPointExtension>
        </extensions>
      </trkpt>
      <trkpt lat="31.1615931987762451171875" lon="121.19997116737067699432373046875">
        <ele>4.599999904632568359375</ele>
        <time>2026-03-21T12:45:18.000Z</time>
        <extensions>
          <ns3:TrackPointExtension>
            <ns3:hr>148</ns3:hr>
            <ns3:cad>89</ns3:cad>
          </ns3:TrackPointExtension>
        </extensions>
      </trkpt>
      <trkpt lat="31.16161507554352283477783203125" lon="121.19995172135531902313232421875">
        <ele>4.599999904632568359375</ele>
        <time>2026-03-21T12:45:19.000Z</time>
        <extensions>
          <ns3:TrackPointExtension>
            <ns3:hr>149</ns3:hr>
            <ns3:cad>89</ns3:cad>
          </ns3:TrackPointExtension>
        </extensions>
      </trkpt>
      <trkpt lat="31.16163871251046657562255859375" lon="121.1999422498047351837158203125">
        <ele>4.599999904632568359375</ele>
        <time>2026-03-21T12:45:20.000Z</time>
        <extensions>
          <ns3:TrackPointExtension>
            <ns3:hr>149</ns3:hr>
            <ns3:cad>90</ns3:cad>
          </ns3:TrackPointExtension>
        </extensions>
      </trkpt>
      <trkpt lat="31.16165664978325366973876953125" lon="121.19992791675031185150146484375">
        <ele>4.599999904632568359375</ele>
        <time>2026-03-21T12:45:21.000Z</time>
        <extensions>
          <ns3:TrackPointExtension>
            <ns3:hr>149</ns3:hr>
            <ns3:cad>90</ns3:cad>
          </ns3:TrackPointExtension>
        </extensions>
      </trkpt>
      <trkpt lat="31.16168447770178318023681640625" lon="121.199918277561664581298828125">
        <ele>4.599999904632568359375</ele>
        <time>2026-03-21T12:45:22.000Z</time>
        <extensions>
          <ns3:TrackPointExtension>
            <ns3:hr>149</ns3:hr>
            <ns3:cad>90</ns3:cad>
          </ns3:TrackPointExtension>
        </extensions>
      </trkpt>
      <trkpt lat="31.16170560009777545928955078125" lon="121.19990712963044643402099609375">
        <ele>4.599999904632568359375</ele>
        <time>2026-03-21T12:45:23.000Z</time>
        <extensions>
          <ns3:TrackPointExtension>
            <ns3:hr>150</ns3:hr>
            <ns3:cad>89</ns3:cad>
          </ns3:TrackPointExtension>
        </extensions>
      </trkpt>
      <trkpt lat="31.16173326037824153900146484375" lon="121.19989841245114803314208984375">
        <ele>4.599999904632568359375</ele>
        <time>2026-03-21T12:45:24.000Z</time>
        <extensions>
          <ns3:TrackPointExtension>
            <ns3:hr>150</ns3:hr>
            <ns3:cad>89</ns3:cad>
          </ns3:TrackPointExtension>
        </extensions>
      </trkpt>
      <trkpt lat="31.16175253875553607940673828125" lon="121.19988382793962955474853515625">
        <ele>4.599999904632568359375</ele>
        <time>2026-03-21T12:45:25.000Z</time>
        <extensions>
          <ns3:TrackPointExtension>
            <ns3:hr>150</ns3:hr>
            <ns3:cad>89</ns3:cad>
          </ns3:TrackPointExtension>
        </extensions>
      </trkpt>
      <trkpt lat="31.16177969612181186676025390625" lon="121.1998711712658405303955078125">
        <ele>4.400000095367431640625</ele>
        <time>2026-03-21T12:45:26.000Z</time>
        <extensions>
          <ns3:TrackPointExtension>
            <ns3:hr>150</ns3:hr>
            <ns3:cad>89</ns3:cad>
          </ns3:TrackPointExtension>
        </extensions>
      </trkpt>
      <trkpt lat="31.161799728870391845703125" lon="121.19985549710690975189208984375">
        <ele>4.400000095367431640625</ele>
        <time>2026-03-21T12:45:27.000Z</time>
        <extensions>
          <ns3:TrackPointExtension>
            <ns3:hr>150</ns3:hr>
            <ns3:cad>89</ns3:cad>
          </ns3:TrackPointExtension>
        </extensions>
      </trkpt>
      <trkpt lat="31.16183317266404628753662109375" lon="121.1998423375189304351806640625">
        <ele>4.400000095367431640625</ele>
        <time>2026-03-21T12:45:28.000Z</time>
        <extensions>
          <ns3:TrackPointExtension>
            <ns3:hr>150</ns3:hr>
            <ns3:cad>89</ns3:cad>
          </ns3:TrackPointExtension>
        </extensions>
      </trkpt>
      <trkpt lat="31.16185312159359455108642578125" lon="121.19982901029288768768310546875">
        <ele>4.400000095367431640625</ele>
        <time>2026-03-21T12:45:29.000Z</time>
        <extensions>
          <ns3:TrackPointExtension>
            <ns3:hr>151</ns3:hr>
            <ns3:cad>89</ns3:cad>
          </ns3:TrackPointExtension>
        </extensions>
      </trkpt>
      <trkpt lat="31.16188312880694866180419921875" lon="121.19981937110424041748046875">
        <ele>4.599999904632568359375</ele>
        <time>2026-03-21T12:45:30.000Z</time>
        <extensions>
          <ns3:TrackPointExtension>
            <ns3:hr>150</ns3:hr>
            <ns3:cad>89</ns3:cad>
          </ns3:TrackPointExtension>
        </extensions>
      </trkpt>
      <trkpt lat="31.16190240718424320220947265625" lon="121.19980596005916595458984375">
        <ele>4.400000095367431640625</ele>
        <time>2026-03-21T12:45:31.000Z</time>
        <extensions>
          <ns3:TrackPointExtension>
            <ns3:hr>150</ns3:hr>
            <ns3:cad>88</ns3:cad>
          </ns3:TrackPointExtension>
        </extensions>
      </trkpt>
      <trkpt lat="31.1619346775114536285400390625" lon="121.1998051218688488006591796875">
        <ele>4.400000095367431640625</ele>
        <time>2026-03-21T12:45:32.000Z</time>
        <extensions>
          <ns3:TrackPointExtension>
            <ns3:hr>151</ns3:hr>
            <ns3:cad>88</ns3:cad>
          </ns3:TrackPointExtension>
        </extensions>
      </trkpt>
      <trkpt lat="31.16195823065936565399169921875" lon="121.1997974105179309844970703125">
        <ele>4.400000095367431640625</ele>
        <time>2026-03-21T12:45:33.000Z</time>
        <extensions>
          <ns3:TrackPointExtension>
            <ns3:hr>150</ns3:hr>
            <ns3:cad>89</ns3:cad>
          </ns3:TrackPointExtension>
        </extensions>
      </trkpt>
      <trkpt lat="31.16198505274951457977294921875" lon="121.1997907049953937530517578125">
        <ele>4.400000095367431640625</ele>
        <time>2026-03-21T12:45:34.000Z</time>
        <extensions>
          <ns3:TrackPointExtension>
            <ns3:hr>150</ns3:hr>
            <ns3:cad>89</ns3:cad>
          </ns3:TrackPointExtension>
        </extensions>
      </trkpt>
      <trkpt lat="31.162007935345172882080078125" lon="121.19978860951960086822509765625">
        <ele>4.400000095367431640625</ele>
        <time>2026-03-21T12:45:35.000Z</time>
        <extensions>
          <ns3:TrackPointExtension>
            <ns3:hr>150</ns3:hr>
            <ns3:cad>90</ns3:cad>
          </ns3:TrackPointExtension>
        </extensions>
      </trkpt>
      <trkpt lat="31.16203551180660724639892578125" lon="121.199784837663173675537109375">
        <ele>4.400000095367431640625</ele>
        <time>2026-03-21T12:45:36.000Z</time>
        <extensions>
          <ns3:TrackPointExtension>
            <ns3:hr>151</ns3:hr>
            <ns3:cad>90</ns3:cad>
          </ns3:TrackPointExtension>
        </extensions>
      </trkpt>
      <trkpt lat="31.162057556211948394775390625" lon="121.19977938942611217498779296875">
        <ele>4.599999904632568359375</ele>
        <time>2026-03-21T12:45:37.000Z</time>
        <extensions>
          <ns3:TrackPointExtension>
            <ns3:hr>150</ns3:hr>
            <ns3:cad>90</ns3:cad>
          </ns3:TrackPointExtension>
        </extensions>
      </trkpt>
      <trkpt lat="31.16208261810243129730224609375" lon="121.1997769586741924285888671875">
        <ele>4.599999904632568359375</ele>
        <time>2026-03-21T12:45:38.000Z</time>
        <extensions>
          <ns3:TrackPointExtension>
            <ns3:hr>151</ns3:hr>
            <ns3:cad>89</ns3:cad>
          </ns3:TrackPointExtension>
        </extensions>
      </trkpt>
      <trkpt lat="31.1621086858212947845458984375" lon="121.1997813172638416290283203125">
        <ele>4.599999904632568359375</ele>
        <time>2026-03-21T12:45:39.000Z</time>
        <extensions>
          <ns3:TrackPointExtension>
            <ns3:hr>151</ns3:hr>
            <ns3:cad>87</ns3:cad>
          </ns3:TrackPointExtension>
        </extensions>
      </trkpt>
      <trkpt lat="31.1621341668069362640380859375" lon="121.19978190399706363677978515625">
        <ele>4.599999904632568359375</ele>
        <time>2026-03-21T12:45:40.000Z</time>
        <extensions>
          <ns3:TrackPointExtension>
            <ns3:hr>151</ns3:hr>
            <ns3:cad>88</ns3:cad>
          </ns3:TrackPointExtension>
        </extensions>
      </trkpt>
      <trkpt lat="31.162156797945499420166015625" lon="121.19978039525449275970458984375">
        <ele>4.599999904632568359375</ele>
        <time>2026-03-21T12:45:41.000Z</time>
        <extensions>
          <ns3:TrackPointExtension>
            <ns3:hr>151</ns3:hr>
            <ns3:cad>89</ns3:cad>
          </ns3:TrackPointExtension>
        </extensions>
      </trkpt>
      <trkpt lat="31.162180602550506591796875" lon="121.19977368973195552825927734375">
        <ele>4.599999904632568359375</ele>
        <time>2026-03-21T12:45:42.000Z</time>
        <extensions>
          <ns3:TrackPointExtension>
            <ns3:hr>152</ns3:hr>
            <ns3:cad>89</ns3:cad>
          </ns3:TrackPointExtension>
        </extensions>
      </trkpt>
      <trkpt lat="31.16220231167972087860107421875" lon="121.19977268390357494354248046875">
        <ele>4.599999904632568359375</ele>
        <time>2026-03-21T12:45:43.000Z</time>
        <extensions>
          <ns3:TrackPointExtension>
            <ns3:hr>152</ns3:hr>
            <ns3:cad>90</ns3:cad>
          </ns3:TrackPointExtension>
        </extensions>
      </trkpt>
      <trkpt lat="31.16223047487437725067138671875" lon="121.19976715184748172760009765625">
        <ele>4.599999904632568359375</ele>
        <time>2026-03-21T12:45:44.000Z</time>
        <extensions>
          <ns3:TrackPointExtension>
            <ns3:hr>152</ns3:hr>
            <ns3:cad>90</ns3:cad>
          </ns3:TrackPointExtension>
        </extensions>
      </trkpt>
      <trkpt lat="31.16225377656519412994384765625" lon="121.19976128451526165008544921875">
        <ele>4.599999904632568359375</ele>
        <time>2026-03-21T12:45:45.000Z</time>
        <extensions>
          <ns3:TrackPointExtension>
            <ns3:hr>152</ns3:hr>
            <ns3:cad>90</ns3:cad>
          </ns3:TrackPointExtension>
        </extensions>
      </trkpt>
      <trkpt lat="31.16228110156953334808349609375" lon="121.1997578479349613189697265625">
        <ele>4.599999904632568359375</ele>
        <time>2026-03-21T12:45:46.000Z</time>
        <extensions>
          <ns3:TrackPointExtension>
            <ns3:hr>152</ns3:hr>
            <ns3:cad>90</ns3:cad>
          </ns3:TrackPointExtension>
        </extensions>
      </trkpt>
      <trkpt lat="31.1623068340122699737548828125" lon="121.19974988512694835662841796875">
        <ele>4.599999904632568359375</ele>
        <time>2026-03-21T12:45:47.000Z</time>
        <extensions>
          <ns3:TrackPointExtension>
            <ns3:hr>152</ns3:hr>
            <ns3:cad>89</ns3:cad>
          </ns3:TrackPointExtension>
        </extensions>
      </trkpt>
      <trkpt lat="31.162328459322452545166015625" lon="121.1997316963970661163330078125">
        <ele>4.599999904632568359375</ele>
        <time>2026-03-21T12:45:48.000Z</time>
        <extensions>
          <ns3:TrackPointExtension>
            <ns3:hr>153</ns3:hr>
            <ns3:cad>89</ns3:cad>
          </ns3:TrackPointExtension>
        </extensions>
      </trkpt>
      <trkpt lat="31.16234765388071537017822265625" lon="121.19970613159239292144775390625">
        <ele>4.599999904632568359375</ele>
        <time>2026-03-21T12:45:49.000Z</time>
        <extensions>
          <ns3:TrackPointExtension>
            <ns3:hr>153</ns3:hr>
            <ns3:cad>89</ns3:cad>
          </ns3:TrackPointExtension>
        </extensions>
      </trkpt>
      <trkpt lat="31.1623574607074260711669921875" lon="121.19968123733997344970703125">
        <ele>4.599999904632568359375</ele>
        <time>2026-03-21T12:45:50.000Z</time>
        <extensions>
          <ns3:TrackPointExtension>
            <ns3:hr>153</ns3:hr>
            <ns3:cad>89</ns3:cad>
          </ns3:TrackPointExtension>
        </extensions>
      </trkpt>
      <trkpt lat="31.16236626170575618743896484375" lon="121.19964712299406528472900390625">
        <ele>4.400000095367431640625</ele>
        <time>2026-03-21T12:45:51.000Z</time>
        <extensions>
          <ns3:TrackPointExtension>
            <ns3:hr>153</ns3:hr>
            <ns3:cad>88</ns3:cad>
          </ns3:TrackPointExtension>
        </extensions>
      </trkpt>
      <trkpt lat="31.16236944682896137237548828125" lon="121.19961946271359920501708984375">
        <ele>4.400000095367431640625</ele>
        <time>2026-03-21T12:45:52.000Z</time>
        <extensions>
          <ns3:TrackPointExtension>
            <ns3:hr>153</ns3:hr>
            <ns3:cad>88</ns3:cad>
          </ns3:TrackPointExtension>
        </extensions>
      </trkpt>
      <trkpt lat="31.162378080189228057861328125" lon="121.19958006776869297027587890625">
        <ele>4.400000095367431640625</ele>
        <time>2026-03-21T12:45:53.000Z</time>
        <extensions>
          <ns3:TrackPointExtension>
            <ns3:hr>153</ns3:hr>
            <ns3:cad>88</ns3:cad>
          </ns3:TrackPointExtension>
        </extensions>
      </trkpt>
      <trkpt lat="31.16237573325634002685546875" lon="121.1995536647737026214599609375">
        <ele>4.400000095367431640625</ele>
        <time>2026-03-21T12:45:54.000Z</time>
        <extensions>
          <ns3:TrackPointExtension>
            <ns3:hr>153</ns3:hr>
            <ns3:cad>87</ns3:cad>
          </ns3:TrackPointExtension>
        </extensions>
      </trkpt>
      <trkpt lat="31.16237196139991283416748046875" lon="121.19952055625617504119873046875">
        <ele>4.400000095367431640625</ele>
        <time>2026-03-21T12:45:55.000Z</time>
        <extensions>
          <ns3:TrackPointExtension>
            <ns3:hr>154</ns3:hr>
            <ns3:cad>87</ns3:cad>
          </ns3:TrackPointExtension>
        </extensions>
      </trkpt>
      <trkpt lat="31.16237103939056396484375" lon="121.19949440471827983856201171875">
        <ele>4.400000095367431640625</ele>
        <time>2026-03-21T12:45:56.000Z</time>
        <extensions>
          <ns3:TrackPointExtension>
            <ns3:hr>153</ns3:hr>
            <ns3:cad>88</ns3:cad>
          </ns3:TrackPointExtension>
        </extensions>
      </trkpt>
      <trkpt lat="31.16236743517220020294189453125" lon="121.19946138001978397369384765625">
        <ele>4.400000095367431640625</ele>
        <time>2026-03-21T12:45:57.000Z</time>
        <extensions>
          <ns3:TrackPointExtension>
            <ns3:hr>153</ns3:hr>
            <ns3:cad>89</ns3:cad>
          </ns3:TrackPointExtension>
        </extensions>
      </trkpt>
      <trkpt lat="31.162357293069362640380859375" lon="121.19943908415734767913818359375">
        <ele>4.400000095367431640625</ele>
        <time>2026-03-21T12:45:58.000Z</time>
        <extensions>
          <ns3:TrackPointExtension>
            <ns3:hr>154</ns3:hr>
            <ns3:cad>89</ns3:cad>
          </ns3:TrackPointExtension>
        </extensions>
      </trkpt>
      <trkpt lat="31.16235167719423770904541015625" lon="121.19940631091594696044921875">
        <ele>4.400000095367431640625</ele>
        <time>2026-03-21T12:45:59.000Z</time>
        <extensions>
          <ns3:TrackPointExtension>
            <ns3:hr>153</ns3:hr>
            <ns3:cad>89</ns3:cad>
          </ns3:TrackPointExtension>
        </extensions>
      </trkpt>
      <trkpt lat="31.1623428761959075927734375" lon="121.1993833445012569427490234375">
        <ele>4.400000095367431640625</ele>
        <time>2026-03-21T12:46:00.000Z</time>
        <extensions>
          <ns3:TrackPointExtension>
            <ns3:hr>153</ns3:hr>
            <ns3:cad>89</ns3:cad>
          </ns3:TrackPointExtension>
        </extensions>
      </trkpt>
      <trkpt lat="31.16233826614916324615478515625" lon="121.19935140945017337799072265625">
        <ele>4.599999904632568359375</ele>
        <time>2026-03-21T12:46:01.000Z</time>
        <extensions>
          <ns3:TrackPointExtension>
            <ns3:hr>154</ns3:hr>
            <ns3:cad>88</ns3:cad>
          </ns3:TrackPointExtension>
        </extensions>
      </trkpt>
      <trkpt lat="31.1623319797217845916748046875" lon="121.19932609610259532928466796875">
        <ele>4.599999904632568359375</ele>
        <time>2026-03-21T12:46:02.000Z</time>
        <extensions>
          <ns3:TrackPointExtension>
            <ns3:hr>153</ns3:hr>
            <ns3:cad>88</ns3:cad>
          </ns3:TrackPointExtension>
        </extensions>
      </trkpt>
      <trkpt lat="31.16232502274215221405029296875" lon="121.19929365813732147216796875">
        <ele>4.80000019073486328125</ele>
        <time>2026-03-21T12:46:03.000Z</time>
        <extensions>
          <ns3:TrackPointExtension>
            <ns3:hr>153</ns3:hr>
            <ns3:cad>88</ns3:cad>
          </ns3:TrackPointExtension>
        </extensions>
      </trkpt>
      <trkpt lat="31.16231739521026611328125" lon="121.19926641695201396942138671875">
        <ele>4.80000019073486328125</ele>
        <time>2026-03-21T12:46:04.000Z</time>
        <extensions>
          <ns3:TrackPointExtension>
            <ns3:hr>154</ns3:hr>
            <ns3:cad>89</ns3:cad>
          </ns3:TrackPointExtension>
        </extensions>
      </trkpt>
      <trkpt lat="31.16231312043964862823486328125" lon="121.1992339789867401123046875">
        <ele>5</ele>
        <time>2026-03-21T12:46:05.000Z</time>
        <extensions>
          <ns3:TrackPointExtension>
            <ns3:hr>154</ns3:hr>
            <ns3:cad>89</ns3:cad>
          </ns3:TrackPointExtension>
        </extensions>
      </trkpt>
      <trkpt lat="31.1623080074787139892578125" lon="121.1992046423256397247314453125">
        <ele>5</ele>
        <time>2026-03-21T12:46:06.000Z</time>
        <extensions>
          <ns3:TrackPointExtension>
            <ns3:hr>154</ns3:hr>
            <ns3:cad>89</ns3:cad>
          </ns3:TrackPointExtension>
        </extensions>
      </trkpt>
      <trkpt lat="31.16229820065200328826904296875" lon="121.19917429983615875244140625">
        <ele>5</ele>
        <time>2026-03-21T12:46:07.000Z</time>
        <extensions>
          <ns3:TrackPointExtension>
            <ns3:hr>154</ns3:hr>
            <ns3:cad>89</ns3:cad>
          </ns3:TrackPointExtension>
        </extensions>
      </trkpt>
      <trkpt lat="31.16229015402495861053466796875" lon="121.19913809001445770263671875">
        <ele>5</ele>
        <time>2026-03-21T12:46:08.000Z</time>
        <extensions>
          <ns3:TrackPointExtension>
            <ns3:hr>154</ns3:hr>
            <ns3:cad>89</ns3:cad>
          </ns3:TrackPointExtension>
        </extensions>
      </trkpt>
      <trkpt lat="31.16228395141661167144775390625" lon="121.1991047300398349761962890625">
        <ele>5</ele>
        <time>2026-03-21T12:46:09.000Z</time>
        <extensions>
          <ns3:TrackPointExtension>
            <ns3:hr>154</ns3:hr>
            <ns3:cad>89</ns3:cad>
          </ns3:TrackPointExtension>
        </extensions>
      </trkpt>
      <trkpt lat="31.16227649152278900146484375" lon="121.19906977750360965728759765625">
        <ele>5</ele>
        <time>2026-03-21T12:46:10.000Z</time>
        <extensions>
          <ns3:TrackPointExtension>
            <ns3:hr>154</ns3:hr>
            <ns3:cad>87</ns3:cad>
          </ns3:TrackPointExtension>
        </extensions>
      </trkpt>
      <trkpt lat="31.1622686125338077545166015625" lon="121.19904094375669956207275390625">
        <ele>5.19999980926513671875</ele>
        <time>2026-03-21T12:46:11.000Z</time>
        <extensions>
          <ns3:TrackPointExtension>
            <ns3:hr>155</ns3:hr>
            <ns3:cad>88</ns3:cad>
          </ns3:TrackPointExtension>
        </extensions>
      </trkpt>
      <trkpt lat="31.16226752288639545440673828125" lon="121.1990051530301570892333984375">
        <ele>5.19999980926513671875</ele>
        <time>2026-03-21T12:46:12.000Z</time>
        <extensions>
          <ns3:TrackPointExtension>
            <ns3:hr>155</ns3:hr>
            <ns3:cad>88</ns3:cad>
          </ns3:TrackPointExtension>
        </extensions>
      </trkpt>
      <trkpt lat="31.16226375102996826171875" lon="121.19897824712097644805908203125">
        <ele>5.19999980926513671875</ele>
        <time>2026-03-21T12:46:13.000Z</time>
        <extensions>
          <ns3:TrackPointExtension>
            <ns3:hr>155</ns3:hr>
            <ns3:cad>88</ns3:cad>
          </ns3:TrackPointExtension>
        </extensions>
      </trkpt>
      <trkpt lat="31.16227020509541034698486328125" lon="121.19894488714635372161865234375">
        <ele>5.19999980926513671875</ele>
        <time>2026-03-21T12:46:14.000Z</time>
        <extensions>
          <ns3:TrackPointExtension>
            <ns3:hr>155</ns3:hr>
            <ns3:cad>88</ns3:cad>
          </ns3:TrackPointExtension>
        </extensions>
      </trkpt>
      <trkpt lat="31.1622696183621883392333984375" lon="121.19891806505620479583740234375">
        <ele>5.19999980926513671875</ele>
        <time>2026-03-21T12:46:15.000Z</time>
        <extensions>
          <ns3:TrackPointExtension>
            <ns3:hr>155</ns3:hr>
            <ns3:cad>88</ns3:cad>
          </ns3:TrackPointExtension>
        </extensions>
      </trkpt>
      <trkpt lat="31.16227774880826473236083984375" lon="121.19887632317841053009033203125">
        <ele>5</ele>
        <time>2026-03-21T12:46:16.000Z</time>
        <extensions>
          <ns3:TrackPointExtension>
            <ns3:hr>155</ns3:hr>
            <ns3:cad>87</ns3:cad>
          </ns3:TrackPointExtension>
        </extensions>
      </trkpt>
      <trkpt lat="31.1622816883027553558349609375" lon="121.198846735060214996337890625">
        <ele>5</ele>
        <time>2026-03-21T12:46:17.000Z</time>
        <extensions>
          <ns3:TrackPointExtension>
            <ns3:hr>155</ns3:hr>
            <ns3:cad>86</ns3:cad>
          </ns3:TrackPointExtension>
        </extensions>
      </trkpt>
      <trkpt lat="31.162290237843990325927734375" lon="121.19880708865821361541748046875">
        <ele>5</ele>
        <time>2026-03-21T12:46:18.000Z</time>
        <extensions>
          <ns3:TrackPointExtension>
            <ns3:hr>155</ns3:hr>
            <ns3:cad>86</ns3:cad>
          </ns3:TrackPointExtension>
        </extensions>
      </trkpt>
      <trkpt lat="31.1622967757284641265869140625" lon="121.1987781710922718048095703125">
        <ele>5</ele>
        <time>2026-03-21T12:46:19.000Z</time>
        <extensions>
          <ns3:TrackPointExtension>
            <ns3:hr>156</ns3:hr>
            <ns3:cad>88</ns3:cad>
          </ns3:TrackPointExtension>
        </extensions>
      </trkpt>
      <trkpt lat="31.1623071692883968353271484375" lon="121.19874372147023677825927734375">
        <ele>5</ele>
        <time>2026-03-21T12:46:20.000Z</time>
        <extensions>
          <ns3:TrackPointExtension>
            <ns3:hr>156</ns3:hr>
            <ns3:cad>89</ns3:cad>
          </ns3:TrackPointExtension>
        </extensions>
      </trkpt>
      <trkpt lat="31.16231077350676059722900390625" lon="121.1987141333520412445068359375">
        <ele>5</ele>
        <time>2026-03-21T12:46:21.000Z</time>
        <extensions>
          <ns3:TrackPointExtension>
            <ns3:hr>156</ns3:hr>
            <ns3:cad>89</ns3:cad>
          </ns3:TrackPointExtension>
        </extensions>
      </trkpt>
      <trkpt lat="31.1623165570199489593505859375" lon="121.19867985136806964874267578125">
        <ele>5</ele>
        <time>2026-03-21T12:46:22.000Z</time>
        <extensions>
          <ns3:TrackPointExtension>
            <ns3:hr>156</ns3:hr>
            <ns3:cad>89</ns3:cad>
          </ns3:TrackPointExtension>
        </extensions>
      </trkpt>
      <trkpt lat="31.16231865249574184417724609375" lon="121.1986507661640644073486328125">
        <ele>5</ele>
        <time>2026-03-21T12:46:23.000Z</time>
        <extensions>
          <ns3:TrackPointExtension>
            <ns3:hr>156</ns3:hr>
            <ns3:cad>89</ns3:cad>
          </ns3:TrackPointExtension>
        </extensions>
      </trkpt>
      <trkpt lat="31.16232208907604217529296875" lon="121.1986205913126468658447265625">
        <ele>5</ele>
        <time>2026-03-21T12:46:24.000Z</time>
        <extensions>
          <ns3:TrackPointExtension>
            <ns3:hr>156</ns3:hr>
            <ns3:cad>89</ns3:cad>
          </ns3:TrackPointExtension>
        </extensions>
      </trkpt>
      <trkpt lat="31.1623246036469936370849609375" lon="121.19859267957508563995361328125">
        <ele>5.19999980926513671875</ele>
        <time>2026-03-21T12:46:25.000Z</time>
        <extensions>
          <ns3:TrackPointExtension>
            <ns3:hr>156</ns3:hr>
            <ns3:cad>88</ns3:cad>
          </ns3:TrackPointExtension>
        </extensions>
      </trkpt>
      <trkpt lat="31.162329129874706268310546875" lon="121.19856183417141437530517578125">
        <ele>5.19999980926513671875</ele>
        <time>2026-03-21T12:46:26.000Z</time>
        <extensions>
          <ns3:TrackPointExtension>
            <ns3:hr>156</ns3:hr>
            <ns3:cad>88</ns3:cad>
          </ns3:TrackPointExtension>
        </extensions>
      </trkpt>
      <trkpt lat="31.162335164844989776611328125" lon="121.19853283278644084930419921875">
        <ele>5.19999980926513671875</ele>
        <time>2026-03-21T12:46:27.000Z</time>
        <extensions>
          <ns3:TrackPointExtension>
            <ns3:hr>156</ns3:hr>
            <ns3:cad>89</ns3:cad>
          </ns3:TrackPointExtension>
        </extensions>
      </trkpt>
      <trkpt lat="31.16234128363430500030517578125" lon="121.19850106537342071533203125">
        <ele>5.19999980926513671875</ele>
        <time>2026-03-21T12:46:28.000Z</time>
        <extensions>
          <ns3:TrackPointExtension>
            <ns3:hr>156</ns3:hr>
            <ns3:cad>89</ns3:cad>
          </ns3:TrackPointExtension>
        </extensions>
      </trkpt>
      <trkpt lat="31.16234748624265193939208984375" lon="121.19846845977008342742919921875">
        <ele>5</ele>
        <time>2026-03-21T12:46:29.000Z</time>
        <extensions>
          <ns3:TrackPointExtension>
            <ns3:hr>156</ns3:hr>
            <ns3:cad>89</ns3:cad>
          </ns3:TrackPointExtension>
        </extensions>
      </trkpt>
      <trkpt lat="31.1623467318713665008544921875" lon="121.19843979366123676300048828125">
        <ele>5</ele>
        <time>2026-03-21T12:46:30.000Z</time>
        <extensions>
          <ns3:TrackPointExtension>
            <ns3:hr>156</ns3:hr>
            <ns3:cad>89</ns3:cad>
          </ns3:TrackPointExtension>
        </extensions>
      </trkpt>
      <trkpt lat="31.1623484082520008087158203125" lon="121.198405511677265167236328125">
        <ele>5</ele>
        <time>2026-03-21T12:46:31.000Z</time>
        <extensions>
          <ns3:TrackPointExtension>
            <ns3:hr>157</ns3:hr>
            <ns3:cad>89</ns3:cad>
          </ns3:TrackPointExtension>
        </extensions>
      </trkpt>
      <trkpt lat="31.16234312765300273895263671875" lon="121.19837701320648193359375">
        <ele>5</ele>
        <time>2026-03-21T12:46:32.000Z</time>
        <extensions>
          <ns3:TrackPointExtension>
            <ns3:hr>156</ns3:hr>
            <ns3:cad>89</ns3:cad>
          </ns3:TrackPointExtension>
        </extensions>
      </trkpt>
      <trkpt lat="31.1623410321772098541259765625" lon="121.19834122247993946075439453125">
        <ele>5</ele>
        <time>2026-03-21T12:46:33.000Z</time>
        <extensions>
          <ns3:TrackPointExtension>
            <ns3:hr>156</ns3:hr>
            <ns3:cad>88</ns3:cad>
          </ns3:TrackPointExtension>
        </extensions>
      </trkpt>
      <trkpt lat="31.162338517606258392333984375" lon="121.1983134783804416656494140625">
        <ele>5</ele>
        <time>2026-03-21T12:46:34.000Z</time>
        <extensions>
          <ns3:TrackPointExtension>
            <ns3:hr>156</ns3:hr>
            <ns3:cad>88</ns3:cad>
          </ns3:TrackPointExtension>
        </extensions>
      </trkpt>
      <trkpt lat="31.1623396910727024078369140625" lon="121.1982796154916286468505859375">
        <ele>5</ele>
        <time>2026-03-21T12:46:35.000Z</time>
        <extensions>
          <ns3:TrackPointExtension>
            <ns3:hr>156</ns3:hr>
            <ns3:cad>88</ns3:cad>
          </ns3:TrackPointExtension>
        </extensions>
      </trkpt>
      <trkpt lat="31.16233281791210174560546875" lon="121.1982541345059871673583984375">
        <ele>5</ele>
        <time>2026-03-21T12:46:36.000Z</time>
        <extensions>
          <ns3:TrackPointExtension>
            <ns3:hr>156</ns3:hr>
            <ns3:cad>89</ns3:cad>
          </ns3:TrackPointExtension>
        </extensions>
      </trkpt>
      <trkpt lat="31.162331812083721160888671875" lon="121.19822102598845958709716796875">
        <ele>5</ele>
        <time>2026-03-21T12:46:37.000Z</time>
        <extensions>
          <ns3:TrackPointExtension>
            <ns3:hr>156</ns3:hr>
            <ns3:cad>89</ns3:cad>
          </ns3:TrackPointExtension>
        </extensions>
      </trkpt>
      <trkpt lat="31.1623276211321353912353515625" lon="121.19819437153637409210205078125">
        <ele>5</ele>
        <time>2026-03-21T12:46:38.000Z</time>
        <extensions>
          <ns3:TrackPointExtension>
            <ns3:hr>156</ns3:hr>
            <ns3:cad>89</ns3:cad>
          </ns3:TrackPointExtension>
        </extensions>
      </trkpt>
      <trkpt lat="31.1623276211321353912353515625" lon="121.19815640151500701904296875">
        <ele>5</ele>
        <time>2026-03-21T12:46:39.000Z</time>
        <extensions>
          <ns3:TrackPointExtension>
            <ns3:hr>156</ns3:hr>
            <ns3:cad>89</ns3:cad>
          </ns3:TrackPointExtension>
        </extensions>
      </trkpt>
      <trkpt lat="31.162321753799915313720703125" lon="121.19813368655741214752197265625">
        <ele>5</ele>
        <time>2026-03-21T12:46:40.000Z</time>
        <extensions>
          <ns3:TrackPointExtension>
            <ns3:hr>156</ns3:hr>
            <ns3:cad>87</ns3:cad>
          </ns3:TrackPointExtension>
        </extensions>
      </trkpt>
      <trkpt lat="31.16231882013380527496337890625" lon="121.1980982311069965362548828125">
        <ele>5.19999980926513671875</ele>
        <time>2026-03-21T12:46:41.000Z</time>
        <extensions>
          <ns3:TrackPointExtension>
            <ns3:hr>156</ns3:hr>
            <ns3:cad>87</ns3:cad>
          </ns3:TrackPointExtension>
        </extensions>
      </trkpt>
      <trkpt lat="31.1623118631541728973388671875" lon="121.19807283394038677215576171875">
        <ele>5.19999980926513671875</ele>
        <time>2026-03-21T12:46:42.000Z</time>
        <extensions>
          <ns3:TrackPointExtension>
            <ns3:hr>156</ns3:hr>
            <ns3:cad>89</ns3:cad>
          </ns3:TrackPointExtension>
        </extensions>
      </trkpt>
      <trkpt lat="31.1623080074787139892578125" lon="121.198034025728702545166015625">
        <ele>5.19999980926513671875</ele>
        <time>2026-03-21T12:46:43.000Z</time>
        <extensions>
          <ns3:TrackPointExtension>
            <ns3:hr>157</ns3:hr>
            <ns3:cad>89</ns3:cad>
          </ns3:TrackPointExtension>
        </extensions>
      </trkpt>
      <trkpt lat="31.16230255924165248870849609375" lon="121.19800745509564876556396484375">
        <ele>5.19999980926513671875</ele>
        <time>2026-03-21T12:46:44.000Z</time>
        <extensions>
          <ns3:TrackPointExtension>
            <ns3:hr>156</ns3:hr>
            <ns3:cad>89</ns3:cad>
          </ns3:TrackPointExtension>
        </extensions>
      </trkpt>
      <trkpt lat="31.1623041518032550811767578125" lon="121.19797392748296260833740234375">
        <ele>5.19999980926513671875</ele>
        <time>2026-03-21T12:46:45.000Z</time>
        <extensions>
          <ns3:TrackPointExtension>
            <ns3:hr>156</ns3:hr>
            <ns3:cad>89</ns3:cad>
          </ns3:TrackPointExtension>
        </extensions>
      </trkpt>
      <trkpt lat="31.16229987703263759613037109375" lon="121.19794509373605251312255859375">
        <ele>5</ele>
        <time>2026-03-21T12:46:46.000Z</time>
        <extensions>
          <ns3:TrackPointExtension>
            <ns3:hr>156</ns3:hr>
            <ns3:cad>89</ns3:cad>
          </ns3:TrackPointExtension>
        </extensions>
      </trkpt>
      <trkpt lat="31.16230088286101818084716796875" lon="121.19790687225759029388427734375">
        <ele>5</ele>
        <time>2026-03-21T12:46:47.000Z</time>
        <extensions>
          <ns3:TrackPointExtension>
            <ns3:hr>156</ns3:hr>
            <ns3:cad>89</ns3:cad>
          </ns3:TrackPointExtension>
        </extensions>
      </trkpt>
      <trkpt lat="31.16229794919490814208984375" lon="121.197877116501331329345703125">
        <ele>5</ele>
        <time>2026-03-21T12:46:48.000Z</time>
        <extensions>
          <ns3:TrackPointExtension>
            <ns3:hr>156</ns3:hr>
            <ns3:cad>89</ns3:cad>
          </ns3:TrackPointExtension>
        </extensions>
      </trkpt>
      <trkpt lat="31.16230063140392303466796875" lon="121.1978387273848056793212890625">
        <ele>5</ele>
        <time>2026-03-21T12:46:49.000Z</time>
        <extensions>
          <ns3:TrackPointExtension>
            <ns3:hr>156</ns3:hr>
            <ns3:cad>89</ns3:cad>
          </ns3:TrackPointExtension>
        </extensions>
      </trkpt>
      <trkpt lat="31.16229250095784664154052734375" lon="121.197811067104339599609375">
        <ele>5.19999980926513671875</ele>
        <time>2026-03-21T12:46:50.000Z</time>
        <extensions>
          <ns3:TrackPointExtension>
            <ns3:hr>156</ns3:hr>
            <ns3:cad>89</ns3:cad>
          </ns3:TrackPointExtension>
        </extensions>
      </trkpt>
      <trkpt lat="31.1622860468924045562744140625" lon="121.1977770365774631500244140625">
        <ele>5.19999980926513671875</ele>
        <time>2026-03-21T12:46:51.000Z</time>
        <extensions>
          <ns3:TrackPointExtension>
            <ns3:hr>156</ns3:hr>
            <ns3:cad>90</ns3:cad>
          </ns3:TrackPointExtension>
        </extensions>
      </trkpt>
      <trkpt lat="31.1622709594666957855224609375" lon="121.197757087647914886474609375">
        <ele>5.19999980926513671875</ele>
        <time>2026-03-21T12:46:52.000Z</time>
        <extensions>
          <ns3:TrackPointExtension>
            <ns3:hr>156</ns3:hr>
            <ns3:cad>90</ns3:cad>
          </ns3:TrackPointExtension>
        </extensions>
      </trkpt>
      <trkpt lat="31.1622521840035915374755859375" lon="121.19773261249065399169921875">
        <ele>5</ele>
        <time>2026-03-21T12:46:53.000Z</time>
        <extensions>
          <ns3:TrackPointExtension>
            <ns3:hr>157</ns3:hr>
            <ns3:cad>90</ns3:cad>
          </ns3:TrackPointExtension>
        </extensions>
      </trkpt>
      <trkpt lat="31.1622302234172821044921875" lon="121.1977220512926578521728515625">
        <ele>5</ele>
        <time>2026-03-21T12:46:54.000Z</time>
        <extensions>
          <ns3:TrackPointExtension>
            <ns3:hr>157</ns3:hr>
            <ns3:cad>90</ns3:cad>
          </ns3:TrackPointExtension>
        </extensions>
      </trkpt>
      <trkpt lat="31.1621891520917415618896484375" lon="121.19769514538347721099853515625">
        <ele>5</ele>
        <time>2026-03-21T12:46:55.000Z</time>
        <extensions>
          <ns3:TrackPointExtension>
            <ns3:hr>157</ns3:hr>
            <ns3:cad>89</ns3:cad>
          </ns3:TrackPointExtension>
        </extensions>
      </trkpt>
      <trkpt lat="31.16216928698122501373291015625" lon="121.19768508709967136383056640625">
        <ele>4.80000019073486328125</ele>
        <time>2026-03-21T12:46:56.000Z</time>
        <extensions>
          <ns3:TrackPointExtension>
            <ns3:hr>156</ns3:hr>
            <ns3:cad>89</ns3:cad>
          </ns3:TrackPointExtension>
        </extensions>
      </trkpt>
      <trkpt lat="31.16215621121227741241455078125" lon="121.1976737715303897857666015625">
        <ele>4.80000019073486328125</ele>
        <time>2026-03-21T12:46:57.000Z</time>
        <extensions>
          <ns3:TrackPointExtension>
            <ns3:hr>157</ns3:hr>
            <ns3:cad>88</ns3:cad>
          </ns3:TrackPointExtension>
        </extensions>
      </trkpt>
    </trkseg>
  </trk>
</gpx>
