<?xml version="1.0" encoding="UTF-8"?>
<gpx creator="Garmin Connect" version="1.1"
  xsi:schemaLocation="http://www.topografix.com/GPX/1/1 http://www.topografix.com/GPX/11.xsd"
  xmlns:ns3="http://www.garmin.com/xmlschemas/TrackPointExtension/v1"
  xmlns="http://www.topografix.com/GPX/1/1"
  xmlns:xsi="http://www.w3.org/2001/XMLSchema-instance" xmlns:ns2="http://www.garmin.com/xmlschemas/GpxExtensions/v3">
  <metadata>
    <link href="connect.garmin.com">
      <text>Garmin Connect</text>
    </link>
    <time>2026-09-05T12:25:15.000Z</time>
  </metadata>
  <trk>
    <name>Qingpu Running</name>
    <type>running</type>
    <trkseg>
      <trkpt lat="31.15856288932263851165771484375" lon="121.1919221095740795135498046875">
        <ele>4.599999904632568359375</ele>
        <time>2026-09-05T12:25:15.000Z</time>
        <extensions>
          <ns3:TrackPointExtension>
            <ns3:hr>94</ns3:hr>
            <ns3:cad>62</ns3:cad>
          </ns3:TrackPointExtension>
        </extensions>
      </trkpt>
      <trkpt lat="31.15849189460277557373046875" lon="121.1919690482318401336669921875">
        <ele>4.599999904632568359375</ele>
        <time>2026-09-05T12:25:16.000Z</time>
        <extensions>
          <ns3:TrackPointExtension>
            <ns3:hr>94</ns3:hr>
            <ns3:cad>60</ns3:cad>
          </ns3:TrackPointExtension>
        </extensions>
      </trkpt>
      <trkpt lat="31.1585021205246448516845703125" lon="121.191975586116313934326171875">
        <ele>4.599999904632568359375</ele>
        <time>2026-09-05T12:25:17.000Z</time>
        <extensions>
          <ns3:TrackPointExtension>
            <ns3:hr>94</ns3:hr>
            <ns3:cad>60</ns3:cad>
          </ns3:TrackPointExtension>
        </extensions>
      </trkpt>
      <trkpt lat="31.15850857459008693695068359375" lon="121.19199997745454311370849609375">
        <ele>4.599999904632568359375</ele>
        <time>2026-09-05T12:25:18.000Z</time>
        <extensions>
          <ns3:TrackPointExtension>
            <ns3:hr>96</ns3:hr>
            <ns3:cad>60</ns3:cad>
          </ns3:TrackPointExtension>
        </extensions>
      </trkpt>
      <trkpt lat="31.1585172079503536224365234375" lon="121.19202126748859882354736328125">
        <ele>4.400000095367431640625</ele>
        <time>2026-09-05T12:25:19.000Z</time>
        <extensions>
          <ns3:TrackPointExtension>
            <ns3:hr>96</ns3:hr>
            <ns3:cad>0</ns3:cad>
          </ns3:TrackPointExtension>
        </extensions>
      </trkpt>
      <trkpt lat="31.15852944552898406982421875" lon="121.19205060414969921112060546875">
        <ele>4.400000095367431640625</ele>
        <time>2026-09-05T12:25:20.000Z</time>
        <extensions>
          <ns3:TrackPointExtension>
            <ns3:hr>97</ns3:hr>
            <ns3:cad>0</ns3:cad>
          </ns3:TrackPointExtension>
        </extensions>
      </trkpt>
      <trkpt lat="31.1585393361747264862060546875" lon="121.19207583367824554443359375">
        <ele>4.400000095367431640625</ele>
        <time>2026-09-05T12:25:21.000Z</time>
        <extensions>
          <ns3:TrackPointExtension>
            <ns3:hr>97</ns3:hr>
            <ns3:cad>0</ns3:cad>
          </ns3:TrackPointExtension>
        </extensions>
      </trkpt>
      <trkpt lat="31.1585529148578643798828125" lon="121.19210408069193363189697265625">
        <ele>4.400000095367431640625</ele>
        <time>2026-09-05T12:25:22.000Z</time>
        <extensions>
          <ns3:TrackPointExtension>
            <ns3:hr>98</ns3:hr>
            <ns3:cad>0</ns3:cad>
          </ns3:TrackPointExtension>
        </extensions>
      </trkpt>
      <trkpt lat="31.158561296761035919189453125" lon="121.19213375262916088104248046875">
        <ele>4.400000095367431640625</ele>
        <time>2026-09-05T12:25:23.000Z</time>
        <extensions>
          <ns3:TrackPointExtension>
            <ns3:hr>98</ns3:hr>
            <ns3:cad>0</ns3:cad>
          </ns3:TrackPointExtension>
        </extensions>
      </trkpt>
      <trkpt lat="31.1585638113319873809814453125" lon="121.19215671904385089874267578125">
        <ele>4.400000095367431640625</ele>
        <time>2026-09-05T12:25:24.000Z</time>
        <extensions>
          <ns3:TrackPointExtension>
            <ns3:hr>99</ns3:hr>
            <ns3:cad>92</ns3:cad>
          </ns3:TrackPointExtension>
        </extensions>
      </trkpt>
      <trkpt lat="31.15855752490460872650146484375" lon="121.19216225109994411468505859375">
        <ele>4.19999980926513671875</ele>
        <time>2026-09-05T12:25:25.000Z</time>
        <extensions>
          <ns3:TrackPointExtension>
            <ns3:hr>99</ns3:hr>
            <ns3:cad>92</ns3:cad>
          </ns3:TrackPointExtension>
        </extensions>
      </trkpt>
      <trkpt lat="31.15852936170995235443115234375" lon="121.1921665258705615997314453125">
        <ele>4.19999980926513671875</ele>
        <time>2026-09-05T12:25:26.000Z</time>
        <extensions>
          <ns3:TrackPointExtension>
            <ns3:hr>100</ns3:hr>
            <ns3:cad>91</ns3:cad>
          </ns3:TrackPointExtension>
        </extensions>
      </trkpt>
      <trkpt lat="31.15848376415669918060302734375" lon="121.19217574596405029296875">
        <ele>4.19999980926513671875</ele>
        <time>2026-09-05T12:25:27.000Z</time>
        <extensions>
          <ns3:TrackPointExtension>
            <ns3:hr>101</ns3:hr>
            <ns3:cad>91</ns3:cad>
          </ns3:TrackPointExtension>
        </extensions>
      </trkpt>
      <trkpt lat="31.15844671614468097686767578125" lon="121.19219091720879077911376953125">
        <ele>4.19999980926513671875</ele>
        <time>2026-09-05T12:25:28.000Z</time>
        <extensions>
          <ns3:TrackPointExtension>
            <ns3:hr>102</ns3:hr>
            <ns3:cad>91</ns3:cad>
          </ns3:TrackPointExtension>
        </extensions>
      </trkpt>
      <trkpt lat="31.15841436199843883514404296875" lon="121.19219326414167881011962890625">
        <ele>4.19999980926513671875</ele>
        <time>2026-09-05T12:25:29.000Z</time>
        <extensions>
          <ns3:TrackPointExtension>
            <ns3:hr>103</ns3:hr>
            <ns3:cad>89</ns3:cad>
          </ns3:TrackPointExtension>
        </extensions>
      </trkpt>
      <trkpt lat="31.15838527679443359375" lon="121.19219846092164516448974609375">
        <ele>4.19999980926513671875</ele>
        <time>2026-09-05T12:25:30.000Z</time>
        <extensions>
          <ns3:TrackPointExtension>
            <ns3:hr>103</ns3:hr>
            <ns3:cad>89</ns3:cad>
          </ns3:TrackPointExtension>
        </extensions>
      </trkpt>
      <trkpt lat="31.15835786797106266021728515625" lon="121.1922077648341655731201171875">
        <ele>4</ele>
        <time>2026-09-05T12:25:31.000Z</time>
        <extensions>
          <ns3:TrackPointExtension>
            <ns3:hr>104</ns3:hr>
            <ns3:cad>90</ns3:cad>
          </ns3:TrackPointExtension>
        </extensions>
      </trkpt>
      <trkpt lat="31.1583324708044528961181640625" lon="121.1922131292521953582763671875">
        <ele>4</ele>
        <time>2026-09-05T12:25:32.000Z</time>
        <extensions>
          <ns3:TrackPointExtension>
            <ns3:hr>105</ns3:hr>
            <ns3:cad>90</ns3:cad>
          </ns3:TrackPointExtension>
        </extensions>
      </trkpt>
      <trkpt lat="31.15831025876104831695556640625" lon="121.19221933186054229736328125">
        <ele>3.7999999523162841796875</ele>
        <time>2026-09-05T12:25:33.000Z</time>
        <extensions>
          <ns3:TrackPointExtension>
            <ns3:hr>106</ns3:hr>
            <ns3:cad>89</ns3:cad>
          </ns3:TrackPointExtension>
        </extensions>
      </trkpt>
      <trkpt lat="31.1582875438034534454345703125" lon="121.19222444482147693634033203125">
        <ele>3.7999999523162841796875</ele>
        <time>2026-09-05T12:25:34.000Z</time>
        <extensions>
          <ns3:TrackPointExtension>
            <ns3:hr>108</ns3:hr>
            <ns3:cad>89</ns3:cad>
          </ns3:TrackPointExtension>
        </extensions>
      </trkpt>
      <trkpt lat="31.1582654155790805816650390625" lon="121.1922278814017772674560546875">
        <ele>3.7999999523162841796875</ele>
        <time>2026-09-05T12:25:35.000Z</time>
        <extensions>
          <ns3:TrackPointExtension>
            <ns3:hr>109</ns3:hr>
            <ns3:cad>89</ns3:cad>
          </ns3:TrackPointExtension>
        </extensions>
      </trkpt>
      <trkpt lat="31.15822358988225460052490234375" lon="121.19224355556070804595947265625">
        <ele>3.7999999523162841796875</ele>
        <time>2026-09-05T12:25:36.000Z</time>
        <extensions>
          <ns3:TrackPointExtension>
            <ns3:hr>110</ns3:hr>
            <ns3:cad>89</ns3:cad>
          </ns3:TrackPointExtension>
        </extensions>
      </trkpt>
      <trkpt lat="31.1581896431744098663330078125" lon="121.19225344620645046234130859375">
        <ele>4</ele>
        <time>2026-09-05T12:25:37.000Z</time>
        <extensions>
          <ns3:TrackPointExtension>
            <ns3:hr>111</ns3:hr>
            <ns3:cad>89</ns3:cad>
          </ns3:TrackPointExtension>
        </extensions>
      </trkpt>
      <trkpt lat="31.158162318170070648193359375" lon="121.192258894443511962890625">
        <ele>4</ele>
        <time>2026-09-05T12:25:38.000Z</time>
        <extensions>
          <ns3:TrackPointExtension>
            <ns3:hr>111</ns3:hr>
            <ns3:cad>90</ns3:cad>
          </ns3:TrackPointExtension>
        </extensions>
      </trkpt>
      <trkpt lat="31.15813541226089000701904296875" lon="121.19225998409092426300048828125">
        <ele>4</ele>
        <time>2026-09-05T12:25:39.000Z</time>
        <extensions>
          <ns3:TrackPointExtension>
            <ns3:hr>111</ns3:hr>
            <ns3:cad>90</ns3:cad>
          </ns3:TrackPointExtension>
        </extensions>
      </trkpt>
      <trkpt lat="31.15809668786823749542236328125" lon="121.1922604031860828399658203125">
        <ele>4.19999980926513671875</ele>
        <time>2026-09-05T12:25:40.000Z</time>
        <extensions>
          <ns3:TrackPointExtension>
            <ns3:hr>112</ns3:hr>
            <ns3:cad>90</ns3:cad>
          </ns3:TrackPointExtension>
        </extensions>
      </trkpt>
      <trkpt lat="31.158069781959056854248046875" lon="121.1922493390738964080810546875">
        <ele>4.19999980926513671875</ele>
        <time>2026-09-05T12:25:41.000Z</time>
        <extensions>
          <ns3:TrackPointExtension>
            <ns3:hr>112</ns3:hr>
            <ns3:cad>88</ns3:cad>
          </ns3:TrackPointExtension>
        </extensions>
      </trkpt>
      <trkpt lat="31.15804337896406650543212890625" lon="121.19223316200077533721923828125">
        <ele>4.400000095367431640625</ele>
        <time>2026-09-05T12:25:42.000Z</time>
        <extensions>
          <ns3:TrackPointExtension>
            <ns3:hr>111</ns3:hr>
            <ns3:cad>88</ns3:cad>
          </ns3:TrackPointExtension>
        </extensions>
      </trkpt>
      <trkpt lat="31.158018149435520172119140625" lon="121.19221572764217853546142578125">
        <ele>4.400000095367431640625</ele>
        <time>2026-09-05T12:25:43.000Z</time>
        <extensions>
          <ns3:TrackPointExtension>
            <ns3:hr>111</ns3:hr>
            <ns3:cad>89</ns3:cad>
          </ns3:TrackPointExtension>
        </extensions>
      </trkpt>
      <trkpt lat="31.1579896509647369384765625" lon="121.19220055639743804931640625">
        <ele>4.400000095367431640625</ele>
        <time>2026-09-05T12:25:44.000Z</time>
        <extensions>
          <ns3:TrackPointExtension>
            <ns3:hr>112</ns3:hr>
            <ns3:cad>89</ns3:cad>
          </ns3:TrackPointExtension>
        </extensions>
      </trkpt>
      <trkpt lat="31.15796039812266826629638671875" lon="121.1921916715800762176513671875">
        <ele>4.400000095367431640625</ele>
        <time>2026-09-05T12:25:45.000Z</time>
        <extensions>
          <ns3:TrackPointExtension>
            <ns3:hr>113</ns3:hr>
            <ns3:cad>90</ns3:cad>
          </ns3:TrackPointExtension>
        </extensions>
      </trkpt>
      <trkpt lat="31.15793441422283649444580078125" lon="121.19218739680945873260498046875">
        <ele>4.400000095367431640625</ele>
        <time>2026-09-05T12:25:46.000Z</time>
        <extensions>
          <ns3:TrackPointExtension>
            <ns3:hr>113</ns3:hr>
            <ns3:cad>90</ns3:cad>
          </ns3:TrackPointExtension>
        </extensions>
      </trkpt>
      <trkpt lat="31.15791111253201961517333984375" lon="121.19217641651630401611328125">
        <ele>4.400000095367431640625</ele>
        <time>2026-09-05T12:25:47.000Z</time>
        <extensions>
          <ns3:TrackPointExtension>
            <ns3:hr>114</ns3:hr>
            <ns3:cad>90</ns3:cad>
          </ns3:TrackPointExtension>
        </extensions>
      </trkpt>
      <trkpt lat="31.15788646973669528961181640625" lon="121.1921705491840839385986328125">
        <ele>4.599999904632568359375</ele>
        <time>2026-09-05T12:25:48.000Z</time>
        <extensions>
          <ns3:TrackPointExtension>
            <ns3:hr>115</ns3:hr>
            <ns3:cad>88</ns3:cad>
          </ns3:TrackPointExtension>
        </extensions>
      </trkpt>
      <trkpt lat="31.1578647606074810028076171875" lon="121.19216032326221466064453125">
        <ele>4.599999904632568359375</ele>
        <time>2026-09-05T12:25:49.000Z</time>
        <extensions>
          <ns3:TrackPointExtension>
            <ns3:hr>116</ns3:hr>
            <ns3:cad>88</ns3:cad>
          </ns3:TrackPointExtension>
        </extensions>
      </trkpt>
      <trkpt lat="31.157842464745044708251953125" lon="121.19214967824518680572509765625">
        <ele>4.599999904632568359375</ele>
        <time>2026-09-05T12:25:50.000Z</time>
        <extensions>
          <ns3:TrackPointExtension>
            <ns3:hr>117</ns3:hr>
            <ns3:cad>88</ns3:cad>
          </ns3:TrackPointExtension>
        </extensions>
      </trkpt>
      <trkpt lat="31.15781463682651519775390625" lon="121.19214154779911041259765625">
        <ele>4.599999904632568359375</ele>
        <time>2026-09-05T12:25:51.000Z</time>
        <extensions>
          <ns3:TrackPointExtension>
            <ns3:hr>118</ns3:hr>
            <ns3:cad>89</ns3:cad>
          </ns3:TrackPointExtension>
        </extensions>
      </trkpt>
      <trkpt lat="31.1577916704118251800537109375" lon="121.19213157333433628082275390625">
        <ele>4.400000095367431640625</ele>
        <time>2026-09-05T12:25:52.000Z</time>
        <extensions>
          <ns3:TrackPointExtension>
            <ns3:hr>118</ns3:hr>
            <ns3:cad>90</ns3:cad>
          </ns3:TrackPointExtension>
        </extensions>
      </trkpt>
      <trkpt lat="31.15777012892067432403564453125" lon="121.19212185032665729522705078125">
        <ele>4.400000095367431640625</ele>
        <time>2026-09-05T12:25:53.000Z</time>
        <extensions>
          <ns3:TrackPointExtension>
            <ns3:hr>119</ns3:hr>
            <ns3:cad>91</ns3:cad>
          </ns3:TrackPointExtension>
        </extensions>
      </trkpt>
      <trkpt lat="31.157748587429523468017578125" lon="121.19211263023316860198974609375">
        <ele>4.400000095367431640625</ele>
        <time>2026-09-05T12:25:54.000Z</time>
        <extensions>
          <ns3:TrackPointExtension>
            <ns3:hr>120</ns3:hr>
            <ns3:cad>92</ns3:cad>
          </ns3:TrackPointExtension>
        </extensions>
      </trkpt>
      <trkpt lat="31.15772268734872341156005859375" lon="121.1921018175780773162841796875">
        <ele>4.599999904632568359375</ele>
        <time>2026-09-05T12:25:55.000Z</time>
        <extensions>
          <ns3:TrackPointExtension>
            <ns3:hr>121</ns3:hr>
            <ns3:cad>92</ns3:cad>
          </ns3:TrackPointExtension>
        </extensions>
      </trkpt>
      <trkpt lat="31.1577001400291919708251953125" lon="121.1920937709510326385498046875">
        <ele>4.599999904632568359375</ele>
        <time>2026-09-05T12:25:56.000Z</time>
        <extensions>
          <ns3:TrackPointExtension>
            <ns3:hr>122</ns3:hr>
            <ns3:cad>92</ns3:cad>
          </ns3:TrackPointExtension>
        </extensions>
      </trkpt>
      <trkpt lat="31.1576793529093265533447265625" lon="121.19209268130362033843994140625">
        <ele>4.80000019073486328125</ele>
        <time>2026-09-05T12:25:57.000Z</time>
        <extensions>
          <ns3:TrackPointExtension>
            <ns3:hr>123</ns3:hr>
            <ns3:cad>92</ns3:cad>
          </ns3:TrackPointExtension>
        </extensions>
      </trkpt>
      <trkpt lat="31.15765144117176532745361328125" lon="121.1920900829136371612548828125">
        <ele>4.80000019073486328125</ele>
        <time>2026-09-05T12:25:58.000Z</time>
        <extensions>
          <ns3:TrackPointExtension>
            <ns3:hr>124</ns3:hr>
            <ns3:cad>92</ns3:cad>
          </ns3:TrackPointExtension>
        </extensions>
      </trkpt>
      <trkpt lat="31.15762822329998016357421875" lon="121.1920897476375102996826171875">
        <ele>4.80000019073486328125</ele>
        <time>2026-09-05T12:25:59.000Z</time>
        <extensions>
          <ns3:TrackPointExtension>
            <ns3:hr>124</ns3:hr>
            <ns3:cad>92</ns3:cad>
          </ns3:TrackPointExtension>
        </extensions>
      </trkpt>
      <trkpt lat="31.15760735236108303070068359375" lon="121.1920885741710662841796875">
        <ele>4.80000019073486328125</ele>
        <time>2026-09-05T12:26:00.000Z</time>
        <extensions>
          <ns3:TrackPointExtension>
            <ns3:hr>125</ns3:hr>
            <ns3:cad>92</ns3:cad>
          </ns3:TrackPointExtension>
        </extensions>
      </trkpt>
      <trkpt lat="31.15757432766258716583251953125" lon="121.19210341013967990875244140625">
        <ele>4.599999904632568359375</ele>
        <time>2026-09-05T12:26:01.000Z</time>
        <extensions>
          <ns3:TrackPointExtension>
            <ns3:hr>126</ns3:hr>
            <ns3:cad>92</ns3:cad>
          </ns3:TrackPointExtension>
        </extensions>
      </trkpt>
      <trkpt lat="31.15755303762853145599365234375" lon="121.1921108700335025787353515625">
        <ele>4.599999904632568359375</ele>
        <time>2026-09-05T12:26:02.000Z</time>
        <extensions>
          <ns3:TrackPointExtension>
            <ns3:hr>127</ns3:hr>
            <ns3:cad>87</ns3:cad>
          </ns3:TrackPointExtension>
        </extensions>
      </trkpt>
      <trkpt lat="31.1575148999691009521484375" lon="121.19213216006755828857421875">
        <ele>4.400000095367431640625</ele>
        <time>2026-09-05T12:26:03.000Z</time>
        <extensions>
          <ns3:TrackPointExtension>
            <ns3:hr>127</ns3:hr>
            <ns3:cad>87</ns3:cad>
          </ns3:TrackPointExtension>
        </extensions>
      </trkpt>
      <trkpt lat="31.157479025423526763916015625" lon="121.1921450681984424591064453125">
        <ele>4.19999980926513671875</ele>
        <time>2026-09-05T12:26:04.000Z</time>
        <extensions>
          <ns3:TrackPointExtension>
            <ns3:hr>128</ns3:hr>
            <ns3:cad>87</ns3:cad>
          </ns3:TrackPointExtension>
        </extensions>
      </trkpt>
      <trkpt lat="31.15745094604790210723876953125" lon="121.1921571381390094757080078125">
        <ele>4</ele>
        <time>2026-09-05T12:26:05.000Z</time>
        <extensions>
          <ns3:TrackPointExtension>
            <ns3:hr>128</ns3:hr>
            <ns3:cad>88</ns3:cad>
          </ns3:TrackPointExtension>
        </extensions>
      </trkpt>
      <trkpt lat="31.1574242077767848968505859375" lon="121.19214934296905994415283203125">
        <ele>4</ele>
        <time>2026-09-05T12:26:06.000Z</time>
        <extensions>
          <ns3:TrackPointExtension>
            <ns3:hr>129</ns3:hr>
            <ns3:cad>88</ns3:cad>
          </ns3:TrackPointExtension>
        </extensions>
      </trkpt>
      <trkpt lat="31.1574000678956508636474609375" lon="121.19213484227657318115234375">
        <ele>3.7999999523162841796875</ele>
        <time>2026-09-05T12:26:07.000Z</time>
        <extensions>
          <ns3:TrackPointExtension>
            <ns3:hr>129</ns3:hr>
            <ns3:cad>88</ns3:cad>
          </ns3:TrackPointExtension>
        </extensions>
      </trkpt>
      <trkpt lat="31.15737316198647022247314453125" lon="121.1921209283173084259033203125">
        <ele>3.7999999523162841796875</ele>
        <time>2026-09-05T12:26:08.000Z</time>
        <extensions>
          <ns3:TrackPointExtension>
            <ns3:hr>130</ns3:hr>
            <ns3:cad>87</ns3:cad>
          </ns3:TrackPointExtension>
        </extensions>
      </trkpt>
      <trkpt lat="31.15734784863889217376708984375" lon="121.19209821335971355438232421875">
        <ele>3.7999999523162841796875</ele>
        <time>2026-09-05T12:26:09.000Z</time>
        <extensions>
          <ns3:TrackPointExtension>
            <ns3:hr>130</ns3:hr>
            <ns3:cad>87</ns3:cad>
          </ns3:TrackPointExtension>
        </extensions>
      </trkpt>
      <trkpt lat="31.15732421167194843292236328125" lon="121.1920724809169769287109375">
        <ele>3.7999999523162841796875</ele>
        <time>2026-09-05T12:26:10.000Z</time>
        <extensions>
          <ns3:TrackPointExtension>
            <ns3:hr>131</ns3:hr>
            <ns3:cad>87</ns3:cad>
          </ns3:TrackPointExtension>
        </extensions>
      </trkpt>
      <trkpt lat="31.15730577148497104644775390625" lon="121.19204876013100147247314453125">
        <ele>3.7999999523162841796875</ele>
        <time>2026-09-05T12:26:11.000Z</time>
        <extensions>
          <ns3:TrackPointExtension>
            <ns3:hr>131</ns3:hr>
            <ns3:cad>88</ns3:cad>
          </ns3:TrackPointExtension>
        </extensions>
      </trkpt>
      <trkpt lat="31.15728624165058135986328125" lon="121.19202193804085254669189453125">
        <ele>3.7999999523162841796875</ele>
        <time>2026-09-05T12:26:12.000Z</time>
        <extensions>
          <ns3:TrackPointExtension>
            <ns3:hr>132</ns3:hr>
            <ns3:cad>88</ns3:cad>
          </ns3:TrackPointExtension>
        </extensions>
      </trkpt>
      <trkpt lat="31.15726620890200138092041015625" lon="121.19199142791330814361572265625">
        <ele>3.7999999523162841796875</ele>
        <time>2026-09-05T12:26:13.000Z</time>
        <extensions>
          <ns3:TrackPointExtension>
            <ns3:hr>132</ns3:hr>
            <ns3:cad>88</ns3:cad>
          </ns3:TrackPointExtension>
        </extensions>
      </trkpt>
      <trkpt lat="31.15725128911435604095458984375" lon="121.19196527637541294097900390625">
        <ele>3.7999999523162841796875</ele>
        <time>2026-09-05T12:26:14.000Z</time>
        <extensions>
          <ns3:TrackPointExtension>
            <ns3:hr>133</ns3:hr>
            <ns3:cad>88</ns3:cad>
          </ns3:TrackPointExtension>
        </extensions>
      </trkpt>
      <trkpt lat="31.15723938681185245513916015625" lon="121.1919335089623928070068359375">
        <ele>3.7999999523162841796875</ele>
        <time>2026-09-05T12:26:15.000Z</time>
        <extensions>
          <ns3:TrackPointExtension>
            <ns3:hr>134</ns3:hr>
            <ns3:cad>88</ns3:cad>
          </ns3:TrackPointExtension>
        </extensions>
      </trkpt>
      <trkpt lat="31.15722312591969966888427734375" lon="121.191903166472911834716796875">
        <ele>3.7999999523162841796875</ele>
        <time>2026-09-05T12:26:16.000Z</time>
        <extensions>
          <ns3:TrackPointExtension>
            <ns3:hr>135</ns3:hr>
            <ns3:cad>88</ns3:cad>
          </ns3:TrackPointExtension>
        </extensions>
      </trkpt>
      <trkpt lat="31.15721021778881549835205078125" lon="121.19187072850763797760009765625">
        <ele>4</ele>
        <time>2026-09-05T12:26:17.000Z</time>
        <extensions>
          <ns3:TrackPointExtension>
            <ns3:hr>136</ns3:hr>
            <ns3:cad>88</ns3:cad>
          </ns3:TrackPointExtension>
        </extensions>
      </trkpt>
      <trkpt lat="31.15719580091536045074462890625" lon="121.1918403021991252899169921875">
        <ele>4</ele>
        <time>2026-09-05T12:26:18.000Z</time>
        <extensions>
          <ns3:TrackPointExtension>
            <ns3:hr>136</ns3:hr>
            <ns3:cad>88</ns3:cad>
          </ns3:TrackPointExtension>
        </extensions>
      </trkpt>
      <trkpt lat="31.15718163549900054931640625" lon="121.191813983023166656494140625">
        <ele>4</ele>
        <time>2026-09-05T12:26:19.000Z</time>
        <extensions>
          <ns3:TrackPointExtension>
            <ns3:hr>137</ns3:hr>
            <ns3:cad>88</ns3:cad>
          </ns3:TrackPointExtension>
        </extensions>
      </trkpt>
      <trkpt lat="31.15717015229165554046630859375" lon="121.19178640656173229217529296875">
        <ele>4</ele>
        <time>2026-09-05T12:26:20.000Z</time>
        <extensions>
          <ns3:TrackPointExtension>
            <ns3:hr>137</ns3:hr>
            <ns3:cad>92</ns3:cad>
          </ns3:TrackPointExtension>
        </extensions>
      </trkpt>
      <trkpt lat="31.15715607069432735443115234375" lon="121.1917568184435367584228515625">
        <ele>4</ele>
        <time>2026-09-05T12:26:21.000Z</time>
        <extensions>
          <ns3:TrackPointExtension>
            <ns3:hr>138</ns3:hr>
            <ns3:cad>92</ns3:cad>
          </ns3:TrackPointExtension>
        </extensions>
      </trkpt>
      <trkpt lat="31.15715355612337589263916015625" lon="121.19172806851565837860107421875">
        <ele>4</ele>
        <time>2026-09-05T12:26:22.000Z</time>
        <extensions>
          <ns3:TrackPointExtension>
            <ns3:hr>138</ns3:hr>
            <ns3:cad>88</ns3:cad>
          </ns3:TrackPointExtension>
        </extensions>
      </trkpt>
      <trkpt lat="31.157143078744411468505859375" lon="121.19169487617909908294677734375">
        <ele>4</ele>
        <time>2026-09-05T12:26:23.000Z</time>
        <extensions>
          <ns3:TrackPointExtension>
            <ns3:hr>139</ns3:hr>
            <ns3:cad>88</ns3:cad>
          </ns3:TrackPointExtension>
        </extensions>
      </trkpt>
      <trkpt lat="31.15713260136544704437255859375" lon="121.1916585825383663177490234375">
        <ele>4</ele>
        <time>2026-09-05T12:26:24.000Z</time>
        <extensions>
          <ns3:TrackPointExtension>
            <ns3:hr>139</ns3:hr>
            <ns3:cad>88</ns3:cad>
          </ns3:TrackPointExtension>
        </extensions>
      </trkpt>
      <trkpt lat="31.15712924860417842864990234375" lon="121.19164944626390933990478515625">
        <ele>4.19999980926513671875</ele>
        <time>2026-09-05T12:26:25.000Z</time>
        <extensions>
          <ns3:TrackPointExtension>
            <ns3:hr>139</ns3:hr>
            <ns3:cad>88</ns3:cad>
          </ns3:TrackPointExtension>
        </extensions>
      </trkpt>
      <trkpt lat="31.15713863633573055267333984375" lon="121.1916287429630756378173828125">
        <ele>4.19999980926513671875</ele>
        <time>2026-09-05T12:26:26.000Z</time>
        <extensions>
          <ns3:TrackPointExtension>
            <ns3:hr>140</ns3:hr>
            <ns3:cad>88</ns3:cad>
          </ns3:TrackPointExtension>
        </extensions>
      </trkpt>
      <trkpt lat="31.1571566574275493621826171875" lon="121.19161784648895263671875">
        <ele>4.19999980926513671875</ele>
        <time>2026-09-05T12:26:27.000Z</time>
        <extensions>
          <ns3:TrackPointExtension>
            <ns3:hr>140</ns3:hr>
            <ns3:cad>88</ns3:cad>
          </ns3:TrackPointExtension>
        </extensions>
      </trkpt>
      <trkpt lat="31.15716344676911830902099609375" lon="121.19164056144654750823974609375">
        <ele>4.400000095367431640625</ele>
        <time>2026-09-05T12:26:28.000Z</time>
        <extensions>
          <ns3:TrackPointExtension>
            <ns3:hr>140</ns3:hr>
            <ns3:cad>88</ns3:cad>
          </ns3:TrackPointExtension>
        </extensions>
      </trkpt>
      <trkpt lat="31.1571754328906536102294921875" lon="121.19164592586457729339599609375">
        <ele>4.400000095367431640625</ele>
        <time>2026-09-05T12:26:29.000Z</time>
        <extensions>
          <ns3:TrackPointExtension>
            <ns3:hr>140</ns3:hr>
            <ns3:cad>88</ns3:cad>
          </ns3:TrackPointExtension>
        </extensions>
      </trkpt>
      <trkpt lat="31.157187335193157196044921875" lon="121.1916629411280155181884765625">
        <ele>4.19999980926513671875</ele>
        <time>2026-09-05T12:26:30.000Z</time>
        <extensions>
          <ns3:TrackPointExtension>
            <ns3:hr>140</ns3:hr>
            <ns3:cad>79</ns3:cad>
          </ns3:TrackPointExtension>
        </extensions>
      </trkpt>
      <trkpt lat="31.1572022549808025360107421875" lon="121.1916900984942913055419921875">
        <ele>4.19999980926513671875</ele>
        <time>2026-09-05T12:26:31.000Z</time>
        <extensions>
          <ns3:TrackPointExtension>
            <ns3:hr>141</ns3:hr>
            <ns3:cad>75</ns3:cad>
          </ns3:TrackPointExtension>
        </extensions>
      </trkpt>
      <trkpt lat="31.1572136543691158294677734375" lon="121.1917263083159923553466796875">
        <ele>4</ele>
        <time>2026-09-05T12:26:32.000Z</time>
        <extensions>
          <ns3:TrackPointExtension>
            <ns3:hr>141</ns3:hr>
            <ns3:cad>70</ns3:cad>
          </ns3:TrackPointExtension>
        </extensions>
      </trkpt>
      <trkpt lat="31.15722178481519222259521484375" lon="121.1917561478912830352783203125">
        <ele>4</ele>
        <time>2026-09-05T12:26:33.000Z</time>
        <extensions>
          <ns3:TrackPointExtension>
            <ns3:hr>141</ns3:hr>
            <ns3:cad>75</ns3:cad>
          </ns3:TrackPointExtension>
        </extensions>
      </trkpt>
      <trkpt lat="31.15723259747028350830078125" lon="121.19178959168493747711181640625">
        <ele>4</ele>
        <time>2026-09-05T12:26:34.000Z</time>
        <extensions>
          <ns3:TrackPointExtension>
            <ns3:hr>141</ns3:hr>
            <ns3:cad>80</ns3:cad>
          </ns3:TrackPointExtension>
        </extensions>
      </trkpt>
      <trkpt lat="31.15724609233438968658447265625" lon="121.191813983023166656494140625">
        <ele>3.7999999523162841796875</ele>
        <time>2026-09-05T12:26:35.000Z</time>
        <extensions>
          <ns3:TrackPointExtension>
            <ns3:hr>141</ns3:hr>
            <ns3:cad>83</ns3:cad>
          </ns3:TrackPointExtension>
        </extensions>
      </trkpt>
      <trkpt lat="31.15726319141685962677001953125" lon="121.191847510635852813720703125">
        <ele>3.7999999523162841796875</ele>
        <time>2026-09-05T12:26:36.000Z</time>
        <extensions>
          <ns3:TrackPointExtension>
            <ns3:hr>141</ns3:hr>
            <ns3:cad>87</ns3:cad>
          </ns3:TrackPointExtension>
        </extensions>
      </trkpt>
      <trkpt lat="31.15727509371936321258544921875" lon="121.1918741650879383087158203125">
        <ele>3.7999999523162841796875</ele>
        <time>2026-09-05T12:26:37.000Z</time>
        <extensions>
          <ns3:TrackPointExtension>
            <ns3:hr>142</ns3:hr>
            <ns3:cad>87</ns3:cad>
          </ns3:TrackPointExtension>
        </extensions>
      </trkpt>
      <trkpt lat="31.15728758275508880615234375" lon="121.19190760888159275054931640625">
        <ele>3.7999999523162841796875</ele>
        <time>2026-09-05T12:26:38.000Z</time>
        <extensions>
          <ns3:TrackPointExtension>
            <ns3:hr>142</ns3:hr>
            <ns3:cad>87</ns3:cad>
          </ns3:TrackPointExtension>
        </extensions>
      </trkpt>
      <trkpt lat="31.1572994850575923919677734375" lon="121.19193158112466335296630859375">
        <ele>3.7999999523162841796875</ele>
        <time>2026-09-05T12:26:39.000Z</time>
        <extensions>
          <ns3:TrackPointExtension>
            <ns3:hr>143</ns3:hr>
            <ns3:cad>89</ns3:cad>
          </ns3:TrackPointExtension>
        </extensions>
      </trkpt>
      <trkpt lat="31.15731230936944484710693359375" lon="121.191966533660888671875">
        <ele>3.7999999523162841796875</ele>
        <time>2026-09-05T12:26:40.000Z</time>
        <extensions>
          <ns3:TrackPointExtension>
            <ns3:hr>143</ns3:hr>
            <ns3:cad>89</ns3:cad>
          </ns3:TrackPointExtension>
        </extensions>
      </trkpt>
      <trkpt lat="31.1573239602148532867431640625" lon="121.19199058972299098968505859375">
        <ele>3.7999999523162841796875</ele>
        <time>2026-09-05T12:26:41.000Z</time>
        <extensions>
          <ns3:TrackPointExtension>
            <ns3:hr>143</ns3:hr>
            <ns3:cad>89</ns3:cad>
          </ns3:TrackPointExtension>
        </extensions>
      </trkpt>
      <trkpt lat="31.15733644925057888031005859375" lon="121.192024536430835723876953125">
        <ele>3.7999999523162841796875</ele>
        <time>2026-09-05T12:26:42.000Z</time>
        <extensions>
          <ns3:TrackPointExtension>
            <ns3:hr>143</ns3:hr>
            <ns3:cad>89</ns3:cad>
          </ns3:TrackPointExtension>
        </extensions>
      </trkpt>
      <trkpt lat="31.15734768100082874298095703125" lon="121.19205110706388950347900390625">
        <ele>3.7999999523162841796875</ele>
        <time>2026-09-05T12:26:43.000Z</time>
        <extensions>
          <ns3:TrackPointExtension>
            <ns3:hr>143</ns3:hr>
            <ns3:cad>87</ns3:cad>
          </ns3:TrackPointExtension>
        </extensions>
      </trkpt>
      <trkpt lat="31.15736134350299835205078125" lon="121.1920853890478610992431640625">
        <ele>3.7999999523162841796875</ele>
        <time>2026-09-05T12:26:44.000Z</time>
        <extensions>
          <ns3:TrackPointExtension>
            <ns3:hr>143</ns3:hr>
            <ns3:cad>87</ns3:cad>
          </ns3:TrackPointExtension>
        </extensions>
      </trkpt>
      <trkpt lat="31.15737131796777248382568359375" lon="121.192113049328327178955078125">
        <ele>3.7999999523162841796875</ele>
        <time>2026-09-05T12:26:45.000Z</time>
        <extensions>
          <ns3:TrackPointExtension>
            <ns3:hr>142</ns3:hr>
            <ns3:cad>88</ns3:cad>
          </ns3:TrackPointExtension>
        </extensions>
      </trkpt>
      <trkpt lat="31.15738171152770519256591796875" lon="121.19214548729360103607177734375">
        <ele>3.7999999523162841796875</ele>
        <time>2026-09-05T12:26:46.000Z</time>
        <extensions>
          <ns3:TrackPointExtension>
            <ns3:hr>143</ns3:hr>
            <ns3:cad>88</ns3:cad>
          </ns3:TrackPointExtension>
        </extensions>
      </trkpt>
      <trkpt lat="31.157395206391811370849609375" lon="121.19216962717473506927490234375">
        <ele>3.7999999523162841796875</ele>
        <time>2026-09-05T12:26:47.000Z</time>
        <extensions>
          <ns3:TrackPointExtension>
            <ns3:hr>143</ns3:hr>
            <ns3:cad>89</ns3:cad>
          </ns3:TrackPointExtension>
        </extensions>
      </trkpt>
      <trkpt lat="31.15740920417010784149169921875" lon="121.19220189750194549560546875">
        <ele>3.7999999523162841796875</ele>
        <time>2026-09-05T12:26:48.000Z</time>
        <extensions>
          <ns3:TrackPointExtension>
            <ns3:hr>143</ns3:hr>
            <ns3:cad>89</ns3:cad>
          </ns3:TrackPointExtension>
        </extensions>
      </trkpt>
      <trkpt lat="31.15741892717778682708740234375" lon="121.1922335810959339141845703125">
        <ele>3.7999999523162841796875</ele>
        <time>2026-09-05T12:26:49.000Z</time>
        <extensions>
          <ns3:TrackPointExtension>
            <ns3:hr>143</ns3:hr>
            <ns3:cad>88</ns3:cad>
          </ns3:TrackPointExtension>
        </extensions>
      </trkpt>
      <trkpt lat="31.1574255488812923431396484375" lon="121.192263923585414886474609375">
        <ele>3.7999999523162841796875</ele>
        <time>2026-09-05T12:26:50.000Z</time>
        <extensions>
          <ns3:TrackPointExtension>
            <ns3:hr>143</ns3:hr>
            <ns3:cad>88</ns3:cad>
          </ns3:TrackPointExtension>
        </extensions>
      </trkpt>
      <trkpt lat="31.15743376314640045166015625" lon="121.19229686446487903594970703125">
        <ele>3.7999999523162841796875</ele>
        <time>2026-09-05T12:26:51.000Z</time>
        <extensions>
          <ns3:TrackPointExtension>
            <ns3:hr>143</ns3:hr>
            <ns3:cad>88</ns3:cad>
          </ns3:TrackPointExtension>
        </extensions>
      </trkpt>
      <trkpt lat="31.15744289942085742950439453125" lon="121.19232687167823314666748046875">
        <ele>4</ele>
        <time>2026-09-05T12:26:52.000Z</time>
        <extensions>
          <ns3:TrackPointExtension>
            <ns3:hr>143</ns3:hr>
            <ns3:cad>88</ns3:cad>
          </ns3:TrackPointExtension>
        </extensions>
      </trkpt>
      <trkpt lat="31.15745178423821926116943359375" lon="121.19235612452030181884765625">
        <ele>3.7999999523162841796875</ele>
        <time>2026-09-05T12:26:53.000Z</time>
        <extensions>
          <ns3:TrackPointExtension>
            <ns3:hr>143</ns3:hr>
            <ns3:cad>89</ns3:cad>
          </ns3:TrackPointExtension>
        </extensions>
      </trkpt>
      <trkpt lat="31.15745966322720050811767578125" lon="121.19238085113465785980224609375">
        <ele>4</ele>
        <time>2026-09-05T12:26:54.000Z</time>
        <extensions>
          <ns3:TrackPointExtension>
            <ns3:hr>144</ns3:hr>
            <ns3:cad>89</ns3:cad>
          </ns3:TrackPointExtension>
        </extensions>
      </trkpt>
      <trkpt lat="31.15746796131134033203125" lon="121.19241186417639255523681640625">
        <ele>4</ele>
        <time>2026-09-05T12:26:55.000Z</time>
        <extensions>
          <ns3:TrackPointExtension>
            <ns3:hr>144</ns3:hr>
            <ns3:cad>89</ns3:cad>
          </ns3:TrackPointExtension>
        </extensions>
      </trkpt>
      <trkpt lat="31.157476007938385009765625" lon="121.19244061410427093505859375">
        <ele>4</ele>
        <time>2026-09-05T12:26:56.000Z</time>
        <extensions>
          <ns3:TrackPointExtension>
            <ns3:hr>144</ns3:hr>
            <ns3:cad>88</ns3:cad>
          </ns3:TrackPointExtension>
        </extensions>
      </trkpt>
      <trkpt lat="31.157487742602825164794921875" lon="121.19247414171695709228515625">
        <ele>4</ele>
        <time>2026-09-05T12:26:57.000Z</time>
        <extensions>
          <ns3:TrackPointExtension>
            <ns3:hr>144</ns3:hr>
            <ns3:cad>88</ns3:cad>
          </ns3:TrackPointExtension>
        </extensions>
      </trkpt>
      <trkpt lat="31.15749872289597988128662109375" lon="121.19250087998807430267333984375">
        <ele>4</ele>
        <time>2026-09-05T12:26:58.000Z</time>
        <extensions>
          <ns3:TrackPointExtension>
            <ns3:hr>143</ns3:hr>
            <ns3:cad>89</ns3:cad>
          </ns3:TrackPointExtension>
        </extensions>
      </trkpt>
      <trkpt lat="31.157510541379451751708984375" lon="121.192532479763031005859375">
        <ele>4</ele>
        <time>2026-09-05T12:26:59.000Z</time>
        <extensions>
          <ns3:TrackPointExtension>
            <ns3:hr>142</ns3:hr>
            <ns3:cad>89</ns3:cad>
          </ns3:TrackPointExtension>
        </extensions>
      </trkpt>
      <trkpt lat="31.15752219222486019134521484375" lon="121.19255351833999156951904296875">
        <ele>4</ele>
        <time>2026-09-05T12:27:00.000Z</time>
        <extensions>
          <ns3:TrackPointExtension>
            <ns3:hr>143</ns3:hr>
            <ns3:cad>90</ns3:cad>
          </ns3:TrackPointExtension>
        </extensions>
      </trkpt>
      <trkpt lat="31.15753644146025180816650390625" lon="121.1925805918872356414794921875">
        <ele>4.19999980926513671875</ele>
        <time>2026-09-05T12:27:01.000Z</time>
        <extensions>
          <ns3:TrackPointExtension>
            <ns3:hr>143</ns3:hr>
            <ns3:cad>90</ns3:cad>
          </ns3:TrackPointExtension>
        </extensions>
      </trkpt>
      <trkpt lat="31.15754918195307254791259765625" lon="121.192602217197418212890625">
        <ele>4.19999980926513671875</ele>
        <time>2026-09-05T12:27:02.000Z</time>
        <extensions>
          <ns3:TrackPointExtension>
            <ns3:hr>143</ns3:hr>
            <ns3:cad>89</ns3:cad>
          </ns3:TrackPointExtension>
        </extensions>
      </trkpt>
      <trkpt lat="31.15756276063621044158935546875" lon="121.19262509979307651519775390625">
        <ele>4.19999980926513671875</ele>
        <time>2026-09-05T12:27:03.000Z</time>
        <extensions>
          <ns3:TrackPointExtension>
            <ns3:hr>144</ns3:hr>
            <ns3:cad>88</ns3:cad>
          </ns3:TrackPointExtension>
        </extensions>
      </trkpt>
      <trkpt lat="31.15756644867360591888427734375" lon="121.19264856912195682525634765625">
        <ele>4.19999980926513671875</ele>
        <time>2026-09-05T12:27:04.000Z</time>
        <extensions>
          <ns3:TrackPointExtension>
            <ns3:hr>144</ns3:hr>
            <ns3:cad>87</ns3:cad>
          </ns3:TrackPointExtension>
        </extensions>
      </trkpt>
      <trkpt lat="31.157572902739048004150390625" lon="121.19267723523080348968505859375">
        <ele>4.400000095367431640625</ele>
        <time>2026-09-05T12:27:05.000Z</time>
        <extensions>
          <ns3:TrackPointExtension>
            <ns3:hr>144</ns3:hr>
            <ns3:cad>87</ns3:cad>
          </ns3:TrackPointExtension>
        </extensions>
      </trkpt>
      <trkpt lat="31.15757902152836322784423828125" lon="121.1927001178264617919921875">
        <ele>4.599999904632568359375</ele>
        <time>2026-09-05T12:27:06.000Z</time>
        <extensions>
          <ns3:TrackPointExtension>
            <ns3:hr>144</ns3:hr>
            <ns3:cad>87</ns3:cad>
          </ns3:TrackPointExtension>
        </extensions>
      </trkpt>
      <trkpt lat="31.1575861461460590362548828125" lon="121.1927220784127712249755859375">
        <ele>4.80000019073486328125</ele>
        <time>2026-09-05T12:27:07.000Z</time>
        <extensions>
          <ns3:TrackPointExtension>
            <ns3:hr>144</ns3:hr>
            <ns3:cad>87</ns3:cad>
          </ns3:TrackPointExtension>
        </extensions>
      </trkpt>
      <trkpt lat="31.1575901694595813751220703125" lon="121.1927495710551738739013671875">
        <ele>4.80000019073486328125</ele>
        <time>2026-09-05T12:27:08.000Z</time>
        <extensions>
          <ns3:TrackPointExtension>
            <ns3:hr>144</ns3:hr>
            <ns3:cad>89</ns3:cad>
          </ns3:TrackPointExtension>
        </extensions>
      </trkpt>
      <trkpt lat="31.157594360411167144775390625" lon="121.19277429766952991485595703125">
        <ele>5</ele>
        <time>2026-09-05T12:27:09.000Z</time>
        <extensions>
          <ns3:TrackPointExtension>
            <ns3:hr>144</ns3:hr>
            <ns3:cad>89</ns3:cad>
          </ns3:TrackPointExtension>
        </extensions>
      </trkpt>
      <trkpt lat="31.157600395381450653076171875" lon="121.192803718149662017822265625">
        <ele>4.80000019073486328125</ele>
        <time>2026-09-05T12:27:10.000Z</time>
        <extensions>
          <ns3:TrackPointExtension>
            <ns3:hr>144</ns3:hr>
            <ns3:cad>89</ns3:cad>
          </ns3:TrackPointExtension>
        </extensions>
      </trkpt>
      <trkpt lat="31.1576109565794467926025390625" lon="121.1928260140120983123779296875">
        <ele>4.599999904632568359375</ele>
        <time>2026-09-05T12:27:11.000Z</time>
        <extensions>
          <ns3:TrackPointExtension>
            <ns3:hr>144</ns3:hr>
            <ns3:cad>84</ns3:cad>
          </ns3:TrackPointExtension>
        </extensions>
      </trkpt>
      <trkpt lat="31.15762478671967983245849609375" lon="121.192843951284885406494140625">
        <ele>4.400000095367431640625</ele>
        <time>2026-09-05T12:27:12.000Z</time>
        <extensions>
          <ns3:TrackPointExtension>
            <ns3:hr>143</ns3:hr>
            <ns3:cad>84</ns3:cad>
          </ns3:TrackPointExtension>
        </extensions>
      </trkpt>
      <trkpt lat="31.157642304897308349609375" lon="121.1928595416247844696044921875">
        <ele>4.19999980926513671875</ele>
        <time>2026-09-05T12:27:13.000Z</time>
        <extensions>
          <ns3:TrackPointExtension>
            <ns3:hr>144</ns3:hr>
            <ns3:cad>85</ns3:cad>
          </ns3:TrackPointExtension>
        </extensions>
      </trkpt>
      <trkpt lat="31.15766049362719058990478515625" lon="121.19286306202411651611328125">
        <ele>4</ele>
        <time>2026-09-05T12:27:14.000Z</time>
        <extensions>
          <ns3:TrackPointExtension>
            <ns3:hr>144</ns3:hr>
            <ns3:cad>86</ns3:cad>
          </ns3:TrackPointExtension>
        </extensions>
      </trkpt>
      <trkpt lat="31.1576880700886249542236328125" lon="121.19287052191793918609619140625">
        <ele>3.7999999523162841796875</ele>
        <time>2026-09-05T12:27:15.000Z</time>
        <extensions>
          <ns3:TrackPointExtension>
            <ns3:hr>144</ns3:hr>
            <ns3:cad>86</ns3:cad>
          </ns3:TrackPointExtension>
        </extensions>
      </trkpt>
      <trkpt lat="31.15771246142685413360595703125" lon="121.1928706057369709014892578125">
        <ele>3.7999999523162841796875</ele>
        <time>2026-09-05T12:27:16.000Z</time>
        <extensions>
          <ns3:TrackPointExtension>
            <ns3:hr>144</ns3:hr>
            <ns3:cad>85</ns3:cad>
          </ns3:TrackPointExtension>
        </extensions>
      </trkpt>
      <trkpt lat="31.157740540802478790283203125" lon="121.1928783170878887176513671875">
        <ele>3.7999999523162841796875</ele>
        <time>2026-09-05T12:27:17.000Z</time>
        <extensions>
          <ns3:TrackPointExtension>
            <ns3:hr>143</ns3:hr>
            <ns3:cad>85</ns3:cad>
          </ns3:TrackPointExtension>
        </extensions>
      </trkpt>
      <trkpt lat="31.15776208229362964630126953125" lon="121.19287789799273014068603515625">
        <ele>3.7999999523162841796875</ele>
        <time>2026-09-05T12:27:18.000Z</time>
        <extensions>
          <ns3:TrackPointExtension>
            <ns3:hr>144</ns3:hr>
            <ns3:cad>87</ns3:cad>
          </ns3:TrackPointExtension>
        </extensions>
      </trkpt>
      <trkpt lat="31.15778672508895397186279296875" lon="121.19288041256368160247802734375">
        <ele>3.7999999523162841796875</ele>
        <time>2026-09-05T12:27:19.000Z</time>
        <extensions>
          <ns3:TrackPointExtension>
            <ns3:hr>144</ns3:hr>
            <ns3:cad>87</ns3:cad>
          </ns3:TrackPointExtension>
        </extensions>
      </trkpt>
      <trkpt lat="31.157807596027851104736328125" lon="121.1928786523640155792236328125">
        <ele>3.7999999523162841796875</ele>
        <time>2026-09-05T12:27:20.000Z</time>
        <extensions>
          <ns3:TrackPointExtension>
            <ns3:hr>143</ns3:hr>
            <ns3:cad>88</ns3:cad>
          </ns3:TrackPointExtension>
        </extensions>
      </trkpt>
      <trkpt lat="31.15783349610865116119384765625" lon="121.1928798258304595947265625">
        <ele>3.7999999523162841796875</ele>
        <time>2026-09-05T12:27:21.000Z</time>
        <extensions>
          <ns3:TrackPointExtension>
            <ns3:hr>144</ns3:hr>
            <ns3:cad>88</ns3:cad>
          </ns3:TrackPointExtension>
        </extensions>
      </trkpt>
      <trkpt lat="31.15785889327526092529296875" lon="121.19287420995533466339111328125">
        <ele>3.7999999523162841796875</ele>
        <time>2026-09-05T12:27:22.000Z</time>
        <extensions>
          <ns3:TrackPointExtension>
            <ns3:hr>144</ns3:hr>
            <ns3:cad>89</ns3:cad>
          </ns3:TrackPointExtension>
        </extensions>
      </trkpt>
      <trkpt lat="31.15789066068828105926513671875" lon="121.19287638925015926361083984375">
        <ele>3.7999999523162841796875</ele>
        <time>2026-09-05T12:27:23.000Z</time>
        <extensions>
          <ns3:TrackPointExtension>
            <ns3:hr>144</ns3:hr>
            <ns3:cad>89</ns3:cad>
          </ns3:TrackPointExtension>
        </extensions>
      </trkpt>
      <trkpt lat="31.15791614167392253875732421875" lon="121.19287370704114437103271484375">
        <ele>3.7999999523162841796875</ele>
        <time>2026-09-05T12:27:24.000Z</time>
        <extensions>
          <ns3:TrackPointExtension>
            <ns3:hr>145</ns3:hr>
            <ns3:cad>88</ns3:cad>
          </ns3:TrackPointExtension>
        </extensions>
      </trkpt>
      <trkpt lat="31.15794070065021514892578125" lon="121.192878820002079010009765625">
        <ele>3.7999999523162841796875</ele>
        <time>2026-09-05T12:27:25.000Z</time>
        <extensions>
          <ns3:TrackPointExtension>
            <ns3:hr>145</ns3:hr>
            <ns3:cad>88</ns3:cad>
          </ns3:TrackPointExtension>
        </extensions>
      </trkpt>
      <trkpt lat="31.1579623259603977203369140625" lon="121.1928816698491573333740234375">
        <ele>3.7999999523162841796875</ele>
        <time>2026-09-05T12:27:26.000Z</time>
        <extensions>
          <ns3:TrackPointExtension>
            <ns3:hr>145</ns3:hr>
            <ns3:cad>88</ns3:cad>
          </ns3:TrackPointExtension>
        </extensions>
      </trkpt>
      <trkpt lat="31.1579883098602294921875" lon="121.19288317859172821044921875">
        <ele>3.7999999523162841796875</ele>
        <time>2026-09-05T12:27:27.000Z</time>
        <extensions>
          <ns3:TrackPointExtension>
            <ns3:hr>145</ns3:hr>
            <ns3:cad>88</ns3:cad>
          </ns3:TrackPointExtension>
        </extensions>
      </trkpt>
      <trkpt lat="31.15801136009395122528076171875" lon="121.19288493879139423370361328125">
        <ele>3.7999999523162841796875</ele>
        <time>2026-09-05T12:27:28.000Z</time>
        <extensions>
          <ns3:TrackPointExtension>
            <ns3:hr>145</ns3:hr>
            <ns3:cad>89</ns3:cad>
          </ns3:TrackPointExtension>
        </extensions>
      </trkpt>
      <trkpt lat="31.15803751163184642791748046875" lon="121.19288762100040912628173828125">
        <ele>3.7999999523162841796875</ele>
        <time>2026-09-05T12:27:29.000Z</time>
        <extensions>
          <ns3:TrackPointExtension>
            <ns3:hr>144</ns3:hr>
            <ns3:cad>88</ns3:cad>
          </ns3:TrackPointExtension>
        </extensions>
      </trkpt>
      <trkpt lat="31.15806383080780506134033203125" lon="121.19288745336234569549560546875">
        <ele>3.7999999523162841796875</ele>
        <time>2026-09-05T12:27:30.000Z</time>
        <extensions>
          <ns3:TrackPointExtension>
            <ns3:hr>145</ns3:hr>
            <ns3:cad>88</ns3:cad>
          </ns3:TrackPointExtension>
        </extensions>
      </trkpt>
      <trkpt lat="31.15808797068893909454345703125" lon="121.19288988411426544189453125">
        <ele>3.7999999523162841796875</ele>
        <time>2026-09-05T12:27:31.000Z</time>
        <extensions>
          <ns3:TrackPointExtension>
            <ns3:hr>145</ns3:hr>
            <ns3:cad>87</ns3:cad>
          </ns3:TrackPointExtension>
        </extensions>
      </trkpt>
      <trkpt lat="31.15811093710362911224365234375" lon="121.19289348833262920379638671875">
        <ele>4</ele>
        <time>2026-09-05T12:27:32.000Z</time>
        <extensions>
          <ns3:TrackPointExtension>
            <ns3:hr>145</ns3:hr>
            <ns3:cad>87</ns3:cad>
          </ns3:TrackPointExtension>
        </extensions>
      </trkpt>
      <trkpt lat="31.15813507698476314544677734375" lon="121.192893572151660919189453125">
        <ele>4</ele>
        <time>2026-09-05T12:27:33.000Z</time>
        <extensions>
          <ns3:TrackPointExtension>
            <ns3:hr>144</ns3:hr>
            <ns3:cad>87</ns3:cad>
          </ns3:TrackPointExtension>
        </extensions>
      </trkpt>
      <trkpt lat="31.15816324017941951751708984375" lon="121.192900948226451873779296875">
        <ele>4</ele>
        <time>2026-09-05T12:27:34.000Z</time>
        <extensions>
          <ns3:TrackPointExtension>
            <ns3:hr>144</ns3:hr>
            <ns3:cad>88</ns3:cad>
          </ns3:TrackPointExtension>
        </extensions>
      </trkpt>
      <trkpt lat="31.1581842787563800811767578125" lon="121.192903630435466766357421875">
        <ele>4</ele>
        <time>2026-09-05T12:27:35.000Z</time>
        <extensions>
          <ns3:TrackPointExtension>
            <ns3:hr>144</ns3:hr>
            <ns3:cad>88</ns3:cad>
          </ns3:TrackPointExtension>
        </extensions>
      </trkpt>
      <trkpt lat="31.15821051411330699920654296875" lon="121.19290891103446483612060546875">
        <ele>3.7999999523162841796875</ele>
        <time>2026-09-05T12:27:36.000Z</time>
        <extensions>
          <ns3:TrackPointExtension>
            <ns3:hr>144</ns3:hr>
            <ns3:cad>89</ns3:cad>
          </ns3:TrackPointExtension>
        </extensions>
      </trkpt>
      <trkpt lat="31.158234737813472747802734375" lon="121.19290941394865512847900390625">
        <ele>3.7999999523162841796875</ele>
        <time>2026-09-05T12:27:37.000Z</time>
        <extensions>
          <ns3:TrackPointExtension>
            <ns3:hr>144</ns3:hr>
            <ns3:cad>89</ns3:cad>
          </ns3:TrackPointExtension>
        </extensions>
      </trkpt>
      <trkpt lat="31.1582597158849239349365234375" lon="121.192907989025115966796875">
        <ele>3.7999999523162841796875</ele>
        <time>2026-09-05T12:27:38.000Z</time>
        <extensions>
          <ns3:TrackPointExtension>
            <ns3:hr>144</ns3:hr>
            <ns3:cad>87</ns3:cad>
          </ns3:TrackPointExtension>
        </extensions>
      </trkpt>
      <trkpt lat="31.1582798324525356292724609375" lon="121.19290731847286224365234375">
        <ele>3.7999999523162841796875</ele>
        <time>2026-09-05T12:27:39.000Z</time>
        <extensions>
          <ns3:TrackPointExtension>
            <ns3:hr>143</ns3:hr>
            <ns3:cad>87</ns3:cad>
          </ns3:TrackPointExtension>
        </extensions>
      </trkpt>
      <trkpt lat="31.15830338560044765472412109375" lon="121.19290530681610107421875">
        <ele>3.7999999523162841796875</ele>
        <time>2026-09-05T12:27:40.000Z</time>
        <extensions>
          <ns3:TrackPointExtension>
            <ns3:hr>142</ns3:hr>
            <ns3:cad>87</ns3:cad>
          </ns3:TrackPointExtension>
        </extensions>
      </trkpt>
      <trkpt lat="31.15832551382482051849365234375" lon="121.19290622882544994354248046875">
        <ele>3.7999999523162841796875</ele>
        <time>2026-09-05T12:27:41.000Z</time>
        <extensions>
          <ns3:TrackPointExtension>
            <ns3:hr>142</ns3:hr>
            <ns3:cad>87</ns3:cad>
          </ns3:TrackPointExtension>
        </extensions>
      </trkpt>
      <trkpt lat="31.15834563039243221282958984375" lon="121.19290606118738651275634765625">
        <ele>3.7999999523162841796875</ele>
        <time>2026-09-05T12:27:42.000Z</time>
        <extensions>
          <ns3:TrackPointExtension>
            <ns3:hr>143</ns3:hr>
            <ns3:cad>87</ns3:cad>
          </ns3:TrackPointExtension>
        </extensions>
      </trkpt>
      <trkpt lat="31.15836876444518566131591796875" lon="121.19290723465383052825927734375">
        <ele>3.7999999523162841796875</ele>
        <time>2026-09-05T12:27:43.000Z</time>
        <extensions>
          <ns3:TrackPointExtension>
            <ns3:hr>143</ns3:hr>
            <ns3:cad>87</ns3:cad>
          </ns3:TrackPointExtension>
        </extensions>
      </trkpt>
      <trkpt lat="31.15838862955570220947265625" lon="121.192902959883213043212890625">
        <ele>3.7999999523162841796875</ele>
        <time>2026-09-05T12:27:44.000Z</time>
        <extensions>
          <ns3:TrackPointExtension>
            <ns3:hr>142</ns3:hr>
            <ns3:cad>87</ns3:cad>
          </ns3:TrackPointExtension>
        </extensions>
      </trkpt>
      <trkpt lat="31.1584089137613773345947265625" lon="121.19290530681610107421875">
        <ele>3.7999999523162841796875</ele>
        <time>2026-09-05T12:27:45.000Z</time>
        <extensions>
          <ns3:TrackPointExtension>
            <ns3:hr>142</ns3:hr>
            <ns3:cad>87</ns3:cad>
          </ns3:TrackPointExtension>
        </extensions>
      </trkpt>
      <trkpt lat="31.1584297008812427520751953125" lon="121.192904971539974212646484375">
        <ele>3.7999999523162841796875</ele>
        <time>2026-09-05T12:27:46.000Z</time>
        <extensions>
          <ns3:TrackPointExtension>
            <ns3:hr>142</ns3:hr>
            <ns3:cad>87</ns3:cad>
          </ns3:TrackPointExtension>
        </extensions>
      </trkpt>
      <trkpt lat="31.158455349504947662353515625" lon="121.19291192851960659027099609375">
        <ele>4</ele>
        <time>2026-09-05T12:27:47.000Z</time>
        <extensions>
          <ns3:TrackPointExtension>
            <ns3:hr>143</ns3:hr>
            <ns3:cad>87</ns3:cad>
          </ns3:TrackPointExtension>
        </extensions>
      </trkpt>
      <trkpt lat="31.15847337059676647186279296875" lon="121.19290673173964023590087890625">
        <ele>4</ele>
        <time>2026-09-05T12:27:48.000Z</time>
        <extensions>
          <ns3:TrackPointExtension>
            <ns3:hr>142</ns3:hr>
            <ns3:cad>87</ns3:cad>
          </ns3:TrackPointExtension>
        </extensions>
      </trkpt>
      <trkpt lat="31.15849591791629791259765625" lon="121.1929071508347988128662109375">
        <ele>4</ele>
        <time>2026-09-05T12:27:49.000Z</time>
        <extensions>
          <ns3:TrackPointExtension>
            <ns3:hr>142</ns3:hr>
            <ns3:cad>88</ns3:cad>
          </ns3:TrackPointExtension>
        </extensions>
      </trkpt>
      <trkpt lat="31.15851460956037044525146484375" lon="121.19290371425449848175048828125">
        <ele>4</ele>
        <time>2026-09-05T12:27:50.000Z</time>
        <extensions>
          <ns3:TrackPointExtension>
            <ns3:hr>143</ns3:hr>
            <ns3:cad>88</ns3:cad>
          </ns3:TrackPointExtension>
        </extensions>
      </trkpt>
      <trkpt lat="31.158543862402439117431640625" lon="121.19290052913129329681396484375">
        <ele>4</ele>
        <time>2026-09-05T12:27:51.000Z</time>
        <extensions>
          <ns3:TrackPointExtension>
            <ns3:hr>143</ns3:hr>
            <ns3:cad>88</ns3:cad>
          </ns3:TrackPointExtension>
        </extensions>
      </trkpt>
      <trkpt lat="31.1585671640932559967041015625" lon="121.1928974278271198272705078125">
        <ele>4</ele>
        <time>2026-09-05T12:27:52.000Z</time>
        <extensions>
          <ns3:TrackPointExtension>
            <ns3:hr>143</ns3:hr>
            <ns3:cad>89</ns3:cad>
          </ns3:TrackPointExtension>
        </extensions>
      </trkpt>
      <trkpt lat="31.1585958302021026611328125" lon="121.19289902038872241973876953125">
        <ele>4</ele>
        <time>2026-09-05T12:27:53.000Z</time>
        <extensions>
          <ns3:TrackPointExtension>
            <ns3:hr>143</ns3:hr>
            <ns3:cad>89</ns3:cad>
          </ns3:TrackPointExtension>
        </extensions>
      </trkpt>
      <trkpt lat="31.15862072445452213287353515625" lon="121.19289918802678585052490234375">
        <ele>4</ele>
        <time>2026-09-05T12:27:54.000Z</time>
        <extensions>
          <ns3:TrackPointExtension>
            <ns3:hr>142</ns3:hr>
            <ns3:cad>89</ns3:cad>
          </ns3:TrackPointExtension>
        </extensions>
      </trkpt>
      <trkpt lat="31.15864654071629047393798828125" lon="121.1929004453122615814208984375">
        <ele>4</ele>
        <time>2026-09-05T12:27:55.000Z</time>
        <extensions>
          <ns3:TrackPointExtension>
            <ns3:hr>142</ns3:hr>
            <ns3:cad>89</ns3:cad>
          </ns3:TrackPointExtension>
        </extensions>
      </trkpt>
      <trkpt lat="31.15867068059742450714111328125" lon="121.19289549998939037322998046875">
        <ele>4</ele>
        <time>2026-09-05T12:27:56.000Z</time>
        <extensions>
          <ns3:TrackPointExtension>
            <ns3:hr>142</ns3:hr>
            <ns3:cad>88</ns3:cad>
          </ns3:TrackPointExtension>
        </extensions>
      </trkpt>
      <trkpt lat="31.158696077764034271240234375" lon="121.19288896210491657257080078125">
        <ele>4</ele>
        <time>2026-09-05T12:27:57.000Z</time>
        <extensions>
          <ns3:TrackPointExtension>
            <ns3:hr>142</ns3:hr>
            <ns3:cad>87</ns3:cad>
          </ns3:TrackPointExtension>
        </extensions>
      </trkpt>
      <trkpt lat="31.15872256457805633544921875" lon="121.19288695044815540313720703125">
        <ele>4</ele>
        <time>2026-09-05T12:27:58.000Z</time>
        <extensions>
          <ns3:TrackPointExtension>
            <ns3:hr>143</ns3:hr>
            <ns3:cad>87</ns3:cad>
          </ns3:TrackPointExtension>
        </extensions>
      </trkpt>
      <trkpt lat="31.15874578244984149932861328125" lon="121.19287990964949131011962890625">
        <ele>4</ele>
        <time>2026-09-05T12:27:59.000Z</time>
        <extensions>
          <ns3:TrackPointExtension>
            <ns3:hr>142</ns3:hr>
            <ns3:cad>87</ns3:cad>
          </ns3:TrackPointExtension>
        </extensions>
      </trkpt>
      <trkpt lat="31.15877327509224414825439453125" lon="121.19287840090692043304443359375">
        <ele>4</ele>
        <time>2026-09-05T12:28:00.000Z</time>
        <extensions>
          <ns3:TrackPointExtension>
            <ns3:hr>142</ns3:hr>
            <ns3:cad>87</ns3:cad>
          </ns3:TrackPointExtension>
        </extensions>
      </trkpt>
      <trkpt lat="31.158796660602092742919921875" lon="121.19287521578371524810791015625">
        <ele>4</ele>
        <time>2026-09-05T12:28:01.000Z</time>
        <extensions>
          <ns3:TrackPointExtension>
            <ns3:hr>143</ns3:hr>
            <ns3:cad>88</ns3:cad>
          </ns3:TrackPointExtension>
        </extensions>
      </trkpt>
      <trkpt lat="31.1588226445019245147705078125" lon="121.19287437759339809417724609375">
        <ele>4</ele>
        <time>2026-09-05T12:28:02.000Z</time>
        <extensions>
          <ns3:TrackPointExtension>
            <ns3:hr>143</ns3:hr>
            <ns3:cad>88</ns3:cad>
          </ns3:TrackPointExtension>
        </extensions>
      </trkpt>
      <trkpt lat="31.15884887985885143280029296875" lon="121.19286867789924144744873046875">
        <ele>4</ele>
        <time>2026-09-05T12:28:03.000Z</time>
        <extensions>
          <ns3:TrackPointExtension>
            <ns3:hr>142</ns3:hr>
            <ns3:cad>88</ns3:cad>
          </ns3:TrackPointExtension>
        </extensions>
      </trkpt>
      <trkpt lat="31.15887352265417575836181640625" lon="121.19286649860441684722900390625">
        <ele>4</ele>
        <time>2026-09-05T12:28:04.000Z</time>
        <extensions>
          <ns3:TrackPointExtension>
            <ns3:hr>142</ns3:hr>
            <ns3:cad>88</ns3:cad>
          </ns3:TrackPointExtension>
        </extensions>
      </trkpt>
      <trkpt lat="31.15889866836369037628173828125" lon="121.192865073680877685546875">
        <ele>4</ele>
        <time>2026-09-05T12:28:05.000Z</time>
        <extensions>
          <ns3:TrackPointExtension>
            <ns3:hr>142</ns3:hr>
            <ns3:cad>88</ns3:cad>
          </ns3:TrackPointExtension>
        </extensions>
      </trkpt>
      <trkpt lat="31.15892616100609302520751953125" lon="121.19286247529089450836181640625">
        <ele>4</ele>
        <time>2026-09-05T12:28:06.000Z</time>
        <extensions>
          <ns3:TrackPointExtension>
            <ns3:hr>142</ns3:hr>
            <ns3:cad>87</ns3:cad>
          </ns3:TrackPointExtension>
        </extensions>
      </trkpt>
      <trkpt lat="31.15895046852529048919677734375" lon="121.19285811670124530792236328125">
        <ele>4</ele>
        <time>2026-09-05T12:28:07.000Z</time>
        <extensions>
          <ns3:TrackPointExtension>
            <ns3:hr>143</ns3:hr>
            <ns3:cad>87</ns3:cad>
          </ns3:TrackPointExtension>
        </extensions>
      </trkpt>
      <trkpt lat="31.15897603332996368408203125" lon="121.19284906424582004547119140625">
        <ele>4</ele>
        <time>2026-09-05T12:28:08.000Z</time>
        <extensions>
          <ns3:TrackPointExtension>
            <ns3:hr>142</ns3:hr>
            <ns3:cad>88</ns3:cad>
          </ns3:TrackPointExtension>
        </extensions>
      </trkpt>
      <trkpt lat="31.15899883210659027099609375" lon="121.1928461305797100067138671875">
        <ele>4.19999980926513671875</ele>
        <time>2026-09-05T12:28:09.000Z</time>
        <extensions>
          <ns3:TrackPointExtension>
            <ns3:hr>142</ns3:hr>
            <ns3:cad>89</ns3:cad>
          </ns3:TrackPointExtension>
        </extensions>
      </trkpt>
      <trkpt lat="31.159017942845821380615234375" lon="121.19284101761877536773681640625">
        <ele>4.19999980926513671875</ele>
        <time>2026-09-05T12:28:10.000Z</time>
        <extensions>
          <ns3:TrackPointExtension>
            <ns3:hr>142</ns3:hr>
            <ns3:cad>89</ns3:cad>
          </ns3:TrackPointExtension>
        </extensions>
      </trkpt>
      <trkpt lat="31.15903713740408420562744140625" lon="121.19283649139106273651123046875">
        <ele>4</ele>
        <time>2026-09-05T12:28:11.000Z</time>
        <extensions>
          <ns3:TrackPointExtension>
            <ns3:hr>142</ns3:hr>
            <ns3:cad>89</ns3:cad>
          </ns3:TrackPointExtension>
        </extensions>
      </trkpt>
      <trkpt lat="31.15905457176268100738525390625" lon="121.19283129461109638214111328125">
        <ele>4</ele>
        <time>2026-09-05T12:28:12.000Z</time>
        <extensions>
          <ns3:TrackPointExtension>
            <ns3:hr>142</ns3:hr>
            <ns3:cad>88</ns3:cad>
          </ns3:TrackPointExtension>
        </extensions>
      </trkpt>
      <trkpt lat="31.1590747721493244171142578125" lon="121.19282391853630542755126953125">
        <ele>4</ele>
        <time>2026-09-05T12:28:13.000Z</time>
        <extensions>
          <ns3:TrackPointExtension>
            <ns3:hr>141</ns3:hr>
            <ns3:cad>87</ns3:cad>
          </ns3:TrackPointExtension>
        </extensions>
      </trkpt>
      <trkpt lat="31.15909631364047527313232421875" lon="121.1928141117095947265625">
        <ele>4</ele>
        <time>2026-09-05T12:28:14.000Z</time>
        <extensions>
          <ns3:TrackPointExtension>
            <ns3:hr>141</ns3:hr>
            <ns3:cad>86</ns3:cad>
          </ns3:TrackPointExtension>
        </extensions>
      </trkpt>
      <trkpt lat="31.1591161787509918212890625" lon="121.1928065679967403411865234375">
        <ele>4</ele>
        <time>2026-09-05T12:28:15.000Z</time>
        <extensions>
          <ns3:TrackPointExtension>
            <ns3:hr>141</ns3:hr>
            <ns3:cad>86</ns3:cad>
          </ns3:TrackPointExtension>
        </extensions>
      </trkpt>
      <trkpt lat="31.15913428366184234619140625" lon="121.19279625825583934783935546875">
        <ele>4</ele>
        <time>2026-09-05T12:28:16.000Z</time>
        <extensions>
          <ns3:TrackPointExtension>
            <ns3:hr>141</ns3:hr>
            <ns3:cad>87</ns3:cad>
          </ns3:TrackPointExtension>
        </extensions>
      </trkpt>
      <trkpt lat="31.15915548987686634063720703125" lon="121.19278988800942897796630859375">
        <ele>4</ele>
        <time>2026-09-05T12:28:17.000Z</time>
        <extensions>
          <ns3:TrackPointExtension>
            <ns3:hr>141</ns3:hr>
            <ns3:cad>88</ns3:cad>
          </ns3:TrackPointExtension>
        </extensions>
      </trkpt>
      <trkpt lat="31.1591753549873828887939453125" lon="121.1927820928394794464111328125">
        <ele>4.19999980926513671875</ele>
        <time>2026-09-05T12:28:18.000Z</time>
        <extensions>
          <ns3:TrackPointExtension>
            <ns3:hr>141</ns3:hr>
            <ns3:cad>88</ns3:cad>
          </ns3:TrackPointExtension>
        </extensions>
      </trkpt>
      <trkpt lat="31.15919538773596286773681640625" lon="121.19277656078338623046875">
        <ele>4.19999980926513671875</ele>
        <time>2026-09-05T12:28:19.000Z</time>
        <extensions>
          <ns3:TrackPointExtension>
            <ns3:hr>141</ns3:hr>
            <ns3:cad>88</ns3:cad>
          </ns3:TrackPointExtension>
        </extensions>
      </trkpt>
      <trkpt lat="31.1592132411897182464599609375" lon="121.1927730403840541839599609375">
        <ele>4.19999980926513671875</ele>
        <time>2026-09-05T12:28:20.000Z</time>
        <extensions>
          <ns3:TrackPointExtension>
            <ns3:hr>141</ns3:hr>
            <ns3:cad>87</ns3:cad>
          </ns3:TrackPointExtension>
        </extensions>
      </trkpt>
      <trkpt lat="31.159235872328281402587890625" lon="121.192768514156341552734375">
        <ele>4.19999980926513671875</ele>
        <time>2026-09-05T12:28:21.000Z</time>
        <extensions>
          <ns3:TrackPointExtension>
            <ns3:hr>141</ns3:hr>
            <ns3:cad>87</ns3:cad>
          </ns3:TrackPointExtension>
        </extensions>
      </trkpt>
      <trkpt lat="31.1592543125152587890625" lon="121.1927613057196140289306640625">
        <ele>4.19999980926513671875</ele>
        <time>2026-09-05T12:28:22.000Z</time>
        <extensions>
          <ns3:TrackPointExtension>
            <ns3:hr>141</ns3:hr>
            <ns3:cad>87</ns3:cad>
          </ns3:TrackPointExtension>
        </extensions>
      </trkpt>
      <trkpt lat="31.15927602164447307586669921875" lon="121.19275233708322048187255859375">
        <ele>4.19999980926513671875</ele>
        <time>2026-09-05T12:28:23.000Z</time>
        <extensions>
          <ns3:TrackPointExtension>
            <ns3:hr>141</ns3:hr>
            <ns3:cad>88</ns3:cad>
          </ns3:TrackPointExtension>
        </extensions>
      </trkpt>
      <trkpt lat="31.159296222031116485595703125" lon="121.1927403509616851806640625">
        <ele>4.19999980926513671875</ele>
        <time>2026-09-05T12:28:24.000Z</time>
        <extensions>
          <ns3:TrackPointExtension>
            <ns3:hr>142</ns3:hr>
            <ns3:cad>88</ns3:cad>
          </ns3:TrackPointExtension>
        </extensions>
      </trkpt>
      <trkpt lat="31.15931675769388675689697265625" lon="121.1927301250398159027099609375">
        <ele>4.19999980926513671875</ele>
        <time>2026-09-05T12:28:25.000Z</time>
        <extensions>
          <ns3:TrackPointExtension>
            <ns3:hr>141</ns3:hr>
            <ns3:cad>89</ns3:cad>
          </ns3:TrackPointExtension>
        </extensions>
      </trkpt>
      <trkpt lat="31.15934458561241626739501953125" lon="121.19272601790726184844970703125">
        <ele>4.19999980926513671875</ele>
        <time>2026-09-05T12:28:26.000Z</time>
        <extensions>
          <ns3:TrackPointExtension>
            <ns3:hr>142</ns3:hr>
            <ns3:cad>89</ns3:cad>
          </ns3:TrackPointExtension>
        </extensions>
      </trkpt>
      <trkpt lat="31.15936872549355030059814453125" lon="121.19271813891828060150146484375">
        <ele>4.19999980926513671875</ele>
        <time>2026-09-05T12:28:27.000Z</time>
        <extensions>
          <ns3:TrackPointExtension>
            <ns3:hr>142</ns3:hr>
            <ns3:cad>87</ns3:cad>
          </ns3:TrackPointExtension>
        </extensions>
      </trkpt>
      <trkpt lat="31.1593916080892086029052734375" lon="121.19271227158606052398681640625">
        <ele>4.19999980926513671875</ele>
        <time>2026-09-05T12:28:28.000Z</time>
        <extensions>
          <ns3:TrackPointExtension>
            <ns3:hr>143</ns3:hr>
            <ns3:cad>87</ns3:cad>
          </ns3:TrackPointExtension>
        </extensions>
      </trkpt>
      <trkpt lat="31.15941298194229602813720703125" lon="121.1927039735019207000732421875">
        <ele>4.19999980926513671875</ele>
        <time>2026-09-05T12:28:29.000Z</time>
        <extensions>
          <ns3:TrackPointExtension>
            <ns3:hr>143</ns3:hr>
            <ns3:cad>87</ns3:cad>
          </ns3:TrackPointExtension>
        </extensions>
      </trkpt>
      <trkpt lat="31.1594435758888721466064453125" lon="121.192697100341320037841796875">
        <ele>4.19999980926513671875</ele>
        <time>2026-09-05T12:28:30.000Z</time>
        <extensions>
          <ns3:TrackPointExtension>
            <ns3:hr>143</ns3:hr>
            <ns3:cad>88</ns3:cad>
          </ns3:TrackPointExtension>
        </extensions>
      </trkpt>
      <trkpt lat="31.15946629084646701812744140625" lon="121.19268829934298992156982421875">
        <ele>4.19999980926513671875</ele>
        <time>2026-09-05T12:28:31.000Z</time>
        <extensions>
          <ns3:TrackPointExtension>
            <ns3:hr>142</ns3:hr>
            <ns3:cad>88</ns3:cad>
          </ns3:TrackPointExtension>
        </extensions>
      </trkpt>
      <trkpt lat="31.1594925262033939361572265625" lon="121.19267798960208892822265625">
        <ele>4.19999980926513671875</ele>
        <time>2026-09-05T12:28:32.000Z</time>
        <extensions>
          <ns3:TrackPointExtension>
            <ns3:hr>142</ns3:hr>
            <ns3:cad>88</ns3:cad>
          </ns3:TrackPointExtension>
        </extensions>
      </trkpt>
      <trkpt lat="31.159514822065830230712890625" lon="121.19266591966152191162109375">
        <ele>4.400000095367431640625</ele>
        <time>2026-09-05T12:28:33.000Z</time>
        <extensions>
          <ns3:TrackPointExtension>
            <ns3:hr>142</ns3:hr>
            <ns3:cad>88</ns3:cad>
          </ns3:TrackPointExtension>
        </extensions>
      </trkpt>
      <trkpt lat="31.15953988395631313323974609375" lon="121.192655526101589202880859375">
        <ele>4.400000095367431640625</ele>
        <time>2026-09-05T12:28:34.000Z</time>
        <extensions>
          <ns3:TrackPointExtension>
            <ns3:hr>143</ns3:hr>
            <ns3:cad>87</ns3:cad>
          </ns3:TrackPointExtension>
        </extensions>
      </trkpt>
      <trkpt lat="31.159562766551971435546875" lon="121.19264521636068820953369140625">
        <ele>4.400000095367431640625</ele>
        <time>2026-09-05T12:28:35.000Z</time>
        <extensions>
          <ns3:TrackPointExtension>
            <ns3:hr>143</ns3:hr>
            <ns3:cad>87</ns3:cad>
          </ns3:TrackPointExtension>
        </extensions>
      </trkpt>
      <trkpt lat="31.1595833860337734222412109375" lon="121.19263297878205776214599609375">
        <ele>4.400000095367431640625</ele>
        <time>2026-09-05T12:28:36.000Z</time>
        <extensions>
          <ns3:TrackPointExtension>
            <ns3:hr>143</ns3:hr>
            <ns3:cad>87</ns3:cad>
          </ns3:TrackPointExtension>
        </extensions>
      </trkpt>
      <trkpt lat="31.15960241295397281646728515625" lon="121.19261763989925384521484375">
        <ele>4.400000095367431640625</ele>
        <time>2026-09-05T12:28:37.000Z</time>
        <extensions>
          <ns3:TrackPointExtension>
            <ns3:hr>143</ns3:hr>
            <ns3:cad>88</ns3:cad>
          </ns3:TrackPointExtension>
        </extensions>
      </trkpt>
      <trkpt lat="31.15962454117834568023681640625" lon="121.19260489940643310546875">
        <ele>4.400000095367431640625</ele>
        <time>2026-09-05T12:28:38.000Z</time>
        <extensions>
          <ns3:TrackPointExtension>
            <ns3:hr>142</ns3:hr>
            <ns3:cad>88</ns3:cad>
          </ns3:TrackPointExtension>
        </extensions>
      </trkpt>
      <trkpt lat="31.15964868105947971343994140625" lon="121.1925963498651981353759765625">
        <ele>4.400000095367431640625</ele>
        <time>2026-09-05T12:28:39.000Z</time>
        <extensions>
          <ns3:TrackPointExtension>
            <ns3:hr>143</ns3:hr>
            <ns3:cad>88</ns3:cad>
          </ns3:TrackPointExtension>
        </extensions>
      </trkpt>
      <trkpt lat="31.15967349149286746978759765625" lon="121.19258821941912174224853515625">
        <ele>4.400000095367431640625</ele>
        <time>2026-09-05T12:28:40.000Z</time>
        <extensions>
          <ns3:TrackPointExtension>
            <ns3:hr>143</ns3:hr>
            <ns3:cad>88</ns3:cad>
          </ns3:TrackPointExtension>
        </extensions>
      </trkpt>
      <trkpt lat="31.159696877002716064453125" lon="121.19258201681077480316162109375">
        <ele>4.400000095367431640625</ele>
        <time>2026-09-05T12:28:41.000Z</time>
        <extensions>
          <ns3:TrackPointExtension>
            <ns3:hr>142</ns3:hr>
            <ns3:cad>88</ns3:cad>
          </ns3:TrackPointExtension>
        </extensions>
      </trkpt>
      <trkpt lat="31.15971640683710575103759765625" lon="121.192576400935649871826171875">
        <ele>4.400000095367431640625</ele>
        <time>2026-09-05T12:28:42.000Z</time>
        <extensions>
          <ns3:TrackPointExtension>
            <ns3:hr>142</ns3:hr>
            <ns3:cad>88</ns3:cad>
          </ns3:TrackPointExtension>
        </extensions>
      </trkpt>
      <trkpt lat="31.15973736159503459930419921875" lon="121.1925691924989223480224609375">
        <ele>4.400000095367431640625</ele>
        <time>2026-09-05T12:28:43.000Z</time>
        <extensions>
          <ns3:TrackPointExtension>
            <ns3:hr>142</ns3:hr>
            <ns3:cad>88</ns3:cad>
          </ns3:TrackPointExtension>
        </extensions>
      </trkpt>
      <trkpt lat="31.15975529886782169342041015625" lon="121.1925648339092731475830078125">
        <ele>4.400000095367431640625</ele>
        <time>2026-09-05T12:28:44.000Z</time>
        <extensions>
          <ns3:TrackPointExtension>
            <ns3:hr>142</ns3:hr>
            <ns3:cad>88</ns3:cad>
          </ns3:TrackPointExtension>
        </extensions>
      </trkpt>
      <trkpt lat="31.15977533161640167236328125" lon="121.19255167432129383087158203125">
        <ele>4.400000095367431640625</ele>
        <time>2026-09-05T12:28:45.000Z</time>
        <extensions>
          <ns3:TrackPointExtension>
            <ns3:hr>142</ns3:hr>
            <ns3:cad>88</ns3:cad>
          </ns3:TrackPointExtension>
        </extensions>
      </trkpt>
      <trkpt lat="31.15978715009987354278564453125" lon="121.19253180921077728271484375">
        <ele>4.400000095367431640625</ele>
        <time>2026-09-05T12:28:46.000Z</time>
        <extensions>
          <ns3:TrackPointExtension>
            <ns3:hr>142</ns3:hr>
            <ns3:cad>88</ns3:cad>
          </ns3:TrackPointExtension>
        </extensions>
      </trkpt>
      <trkpt lat="31.15980508737266063690185546875" lon="121.19250993244349956512451171875">
        <ele>4.400000095367431640625</ele>
        <time>2026-09-05T12:28:47.000Z</time>
        <extensions>
          <ns3:TrackPointExtension>
            <ns3:hr>142</ns3:hr>
            <ns3:cad>88</ns3:cad>
          </ns3:TrackPointExtension>
        </extensions>
      </trkpt>
      <trkpt lat="31.1598215997219085693359375" lon="121.19249165989458560943603515625">
        <ele>4.400000095367431640625</ele>
        <time>2026-09-05T12:28:48.000Z</time>
        <extensions>
          <ns3:TrackPointExtension>
            <ns3:hr>142</ns3:hr>
            <ns3:cad>86</ns3:cad>
          </ns3:TrackPointExtension>
        </extensions>
      </trkpt>
      <trkpt lat="31.15983945317566394805908203125" lon="121.19247556664049625396728515625">
        <ele>4.400000095367431640625</ele>
        <time>2026-09-05T12:28:49.000Z</time>
        <extensions>
          <ns3:TrackPointExtension>
            <ns3:hr>142</ns3:hr>
            <ns3:cad>86</ns3:cad>
          </ns3:TrackPointExtension>
        </extensions>
      </trkpt>
      <trkpt lat="31.1598576419055461883544921875" lon="121.1924619041383266448974609375">
        <ele>4.400000095367431640625</ele>
        <time>2026-09-05T12:28:50.000Z</time>
        <extensions>
          <ns3:TrackPointExtension>
            <ns3:hr>142</ns3:hr>
            <ns3:cad>87</ns3:cad>
          </ns3:TrackPointExtension>
        </extensions>
      </trkpt>
      <trkpt lat="31.1598804406821727752685546875" lon="121.19244555942714214324951171875">
        <ele>4.400000095367431640625</ele>
        <time>2026-09-05T12:28:51.000Z</time>
        <extensions>
          <ns3:TrackPointExtension>
            <ns3:hr>142</ns3:hr>
            <ns3:cad>88</ns3:cad>
          </ns3:TrackPointExtension>
        </extensions>
      </trkpt>
      <trkpt lat="31.15989745594561100006103515625" lon="121.192434243857860565185546875">
        <ele>4.400000095367431640625</ele>
        <time>2026-09-05T12:28:52.000Z</time>
        <extensions>
          <ns3:TrackPointExtension>
            <ns3:hr>142</ns3:hr>
            <ns3:cad>88</ns3:cad>
          </ns3:TrackPointExtension>
        </extensions>
      </trkpt>
      <trkpt lat="31.15991706959903240203857421875" lon="121.19241756387054920196533203125">
        <ele>4.400000095367431640625</ele>
        <time>2026-09-05T12:28:53.000Z</time>
        <extensions>
          <ns3:TrackPointExtension>
            <ns3:hr>143</ns3:hr>
            <ns3:cad>87</ns3:cad>
          </ns3:TrackPointExtension>
        </extensions>
      </trkpt>
      <trkpt lat="31.1599354259669780731201171875" lon="121.19240482337772846221923828125">
        <ele>4.400000095367431640625</ele>
        <time>2026-09-05T12:28:54.000Z</time>
        <extensions>
          <ns3:TrackPointExtension>
            <ns3:hr>142</ns3:hr>
            <ns3:cad>86</ns3:cad>
          </ns3:TrackPointExtension>
        </extensions>
      </trkpt>
      <trkpt lat="31.15995411761105060577392578125" lon="121.192389987409114837646484375">
        <ele>4.400000095367431640625</ele>
        <time>2026-09-05T12:28:55.000Z</time>
        <extensions>
          <ns3:TrackPointExtension>
            <ns3:hr>142</ns3:hr>
            <ns3:cad>86</ns3:cad>
          </ns3:TrackPointExtension>
        </extensions>
      </trkpt>
      <trkpt lat="31.1599793471395969390869140625" lon="121.19237766601145267486572265625">
        <ele>4.400000095367431640625</ele>
        <time>2026-09-05T12:28:56.000Z</time>
        <extensions>
          <ns3:TrackPointExtension>
            <ns3:hr>143</ns3:hr>
            <ns3:cad>87</ns3:cad>
          </ns3:TrackPointExtension>
        </extensions>
      </trkpt>
      <trkpt lat="31.1599977873265743255615234375" lon="121.19236375205218791961669921875">
        <ele>4.400000095367431640625</ele>
        <time>2026-09-05T12:28:57.000Z</time>
        <extensions>
          <ns3:TrackPointExtension>
            <ns3:hr>142</ns3:hr>
            <ns3:cad>88</ns3:cad>
          </ns3:TrackPointExtension>
        </extensions>
      </trkpt>
      <trkpt lat="31.16002268157899379730224609375" lon="121.1923505924642086029052734375">
        <ele>4.400000095367431640625</ele>
        <time>2026-09-05T12:28:58.000Z</time>
        <extensions>
          <ns3:TrackPointExtension>
            <ns3:hr>142</ns3:hr>
            <ns3:cad>88</ns3:cad>
          </ns3:TrackPointExtension>
        </extensions>
      </trkpt>
      <trkpt lat="31.16004581563174724578857421875" lon="121.19233760051429271697998046875">
        <ele>4.400000095367431640625</ele>
        <time>2026-09-05T12:28:59.000Z</time>
        <extensions>
          <ns3:TrackPointExtension>
            <ns3:hr>142</ns3:hr>
            <ns3:cad>89</ns3:cad>
          </ns3:TrackPointExtension>
        </extensions>
      </trkpt>
      <trkpt lat="31.16007012315094470977783203125" lon="121.192330308258533477783203125">
        <ele>4.400000095367431640625</ele>
        <time>2026-09-05T12:29:00.000Z</time>
        <extensions>
          <ns3:TrackPointExtension>
            <ns3:hr>143</ns3:hr>
            <ns3:cad>89</ns3:cad>
          </ns3:TrackPointExtension>
        </extensions>
      </trkpt>
      <trkpt lat="31.1600943468511104583740234375" lon="121.19232251308858394622802734375">
        <ele>4.19999980926513671875</ele>
        <time>2026-09-05T12:29:01.000Z</time>
        <extensions>
          <ns3:TrackPointExtension>
            <ns3:hr>142</ns3:hr>
            <ns3:cad>88</ns3:cad>
          </ns3:TrackPointExtension>
        </extensions>
      </trkpt>
      <trkpt lat="31.1601204983890056610107421875" lon="121.19231413118541240692138671875">
        <ele>4.19999980926513671875</ele>
        <time>2026-09-05T12:29:02.000Z</time>
        <extensions>
          <ns3:TrackPointExtension>
            <ns3:hr>142</ns3:hr>
            <ns3:cad>88</ns3:cad>
          </ns3:TrackPointExtension>
        </extensions>
      </trkpt>
      <trkpt lat="31.1601402796804904937744140625" lon="121.19230591692030429840087890625">
        <ele>4.19999980926513671875</ele>
        <time>2026-09-05T12:29:03.000Z</time>
        <extensions>
          <ns3:TrackPointExtension>
            <ns3:hr>143</ns3:hr>
            <ns3:cad>88</ns3:cad>
          </ns3:TrackPointExtension>
        </extensions>
      </trkpt>
      <trkpt lat="31.16016550920903682708740234375" lon="121.19229015894234180450439453125">
        <ele>4.19999980926513671875</ele>
        <time>2026-09-05T12:29:04.000Z</time>
        <extensions>
          <ns3:TrackPointExtension>
            <ns3:hr>142</ns3:hr>
            <ns3:cad>89</ns3:cad>
          </ns3:TrackPointExtension>
        </extensions>
      </trkpt>
      <trkpt lat="31.16018562577664852142333984375" lon="121.19227741844952106475830078125">
        <ele>4.19999980926513671875</ele>
        <time>2026-09-05T12:29:05.000Z</time>
        <extensions>
          <ns3:TrackPointExtension>
            <ns3:hr>142</ns3:hr>
            <ns3:cad>89</ns3:cad>
          </ns3:TrackPointExtension>
        </extensions>
      </trkpt>
      <trkpt lat="31.1602113582193851470947265625" lon="121.19226358830928802490234375">
        <ele>4.19999980926513671875</ele>
        <time>2026-09-05T12:29:06.000Z</time>
        <extensions>
          <ns3:TrackPointExtension>
            <ns3:hr>143</ns3:hr>
            <ns3:cad>89</ns3:cad>
          </ns3:TrackPointExtension>
        </extensions>
      </trkpt>
      <trkpt lat="31.1602334864437580108642578125" lon="121.19225378148257732391357421875">
        <ele>4.19999980926513671875</ele>
        <time>2026-09-05T12:29:07.000Z</time>
        <extensions>
          <ns3:TrackPointExtension>
            <ns3:hr>142</ns3:hr>
            <ns3:cad>89</ns3:cad>
          </ns3:TrackPointExtension>
        </extensions>
      </trkpt>
      <trkpt lat="31.1602525971829891204833984375" lon="121.1922443099319934844970703125">
        <ele>4.19999980926513671875</ele>
        <time>2026-09-05T12:29:08.000Z</time>
        <extensions>
          <ns3:TrackPointExtension>
            <ns3:hr>142</ns3:hr>
            <ns3:cad>89</ns3:cad>
          </ns3:TrackPointExtension>
        </extensions>
      </trkpt>
      <trkpt lat="31.16027413867413997650146484375" lon="121.1922334134578704833984375">
        <ele>4.19999980926513671875</ele>
        <time>2026-09-05T12:29:09.000Z</time>
        <extensions>
          <ns3:TrackPointExtension>
            <ns3:hr>143</ns3:hr>
            <ns3:cad>88</ns3:cad>
          </ns3:TrackPointExtension>
        </extensions>
      </trkpt>
      <trkpt lat="31.16029727272689342498779296875" lon="121.19222276844084262847900390625">
        <ele>4.19999980926513671875</ele>
        <time>2026-09-05T12:29:10.000Z</time>
        <extensions>
          <ns3:TrackPointExtension>
            <ns3:hr>142</ns3:hr>
            <ns3:cad>88</ns3:cad>
          </ns3:TrackPointExtension>
        </extensions>
      </trkpt>
      <trkpt lat="31.16031982004642486572265625" lon="121.1922117881476879119873046875">
        <ele>4.19999980926513671875</ele>
        <time>2026-09-05T12:29:11.000Z</time>
        <extensions>
          <ns3:TrackPointExtension>
            <ns3:hr>142</ns3:hr>
            <ns3:cad>89</ns3:cad>
          </ns3:TrackPointExtension>
        </extensions>
      </trkpt>
      <trkpt lat="31.16034018807113170623779296875" lon="121.1921970359981060028076171875">
        <ele>4.19999980926513671875</ele>
        <time>2026-09-05T12:29:12.000Z</time>
        <extensions>
          <ns3:TrackPointExtension>
            <ns3:hr>143</ns3:hr>
            <ns3:cad>89</ns3:cad>
          </ns3:TrackPointExtension>
        </extensions>
      </trkpt>
      <trkpt lat="31.16036047227680683135986328125" lon="121.19218287058174610137939453125">
        <ele>4.400000095367431640625</ele>
        <time>2026-09-05T12:29:13.000Z</time>
        <extensions>
          <ns3:TrackPointExtension>
            <ns3:hr>143</ns3:hr>
            <ns3:cad>89</ns3:cad>
          </ns3:TrackPointExtension>
        </extensions>
      </trkpt>
      <trkpt lat="31.16038209758698940277099609375" lon="121.1921665258705615997314453125">
        <ele>4.400000095367431640625</ele>
        <time>2026-09-05T12:29:14.000Z</time>
        <extensions>
          <ns3:TrackPointExtension>
            <ns3:hr>143</ns3:hr>
            <ns3:cad>89</ns3:cad>
          </ns3:TrackPointExtension>
        </extensions>
      </trkpt>
      <trkpt lat="31.1604014597833156585693359375" lon="121.192152611911296844482421875">
        <ele>4.400000095367431640625</ele>
        <time>2026-09-05T12:29:15.000Z</time>
        <extensions>
          <ns3:TrackPointExtension>
            <ns3:hr>143</ns3:hr>
            <ns3:cad>88</ns3:cad>
          </ns3:TrackPointExtension>
        </extensions>
      </trkpt>
      <trkpt lat="31.1604249291121959686279296875" lon="121.19213216006755828857421875">
        <ele>4.400000095367431640625</ele>
        <time>2026-09-05T12:29:16.000Z</time>
        <extensions>
          <ns3:TrackPointExtension>
            <ns3:hr>143</ns3:hr>
            <ns3:cad>87</ns3:cad>
          </ns3:TrackPointExtension>
        </extensions>
      </trkpt>
      <trkpt lat="31.16045300848782062530517578125" lon="121.19211967103183269500732421875">
        <ele>4.400000095367431640625</ele>
        <time>2026-09-05T12:29:17.000Z</time>
        <extensions>
          <ns3:TrackPointExtension>
            <ns3:hr>142</ns3:hr>
            <ns3:cad>87</ns3:cad>
          </ns3:TrackPointExtension>
        </extensions>
      </trkpt>
      <trkpt lat="31.16047597490251064300537109375" lon="121.192104332149028778076171875">
        <ele>4.19999980926513671875</ele>
        <time>2026-09-05T12:29:18.000Z</time>
        <extensions>
          <ns3:TrackPointExtension>
            <ns3:hr>143</ns3:hr>
            <ns3:cad>88</ns3:cad>
          </ns3:TrackPointExtension>
        </extensions>
      </trkpt>
      <trkpt lat="31.16050313226878643035888671875" lon="121.19209402240812778472900390625">
        <ele>4.19999980926513671875</ele>
        <time>2026-09-05T12:29:19.000Z</time>
        <extensions>
          <ns3:TrackPointExtension>
            <ns3:hr>142</ns3:hr>
            <ns3:cad>88</ns3:cad>
          </ns3:TrackPointExtension>
        </extensions>
      </trkpt>
      <trkpt lat="31.16053045727312564849853515625" lon="121.1920827068388462066650390625">
        <ele>4.19999980926513671875</ele>
        <time>2026-09-05T12:29:20.000Z</time>
        <extensions>
          <ns3:TrackPointExtension>
            <ns3:hr>142</ns3:hr>
            <ns3:cad>89</ns3:cad>
          </ns3:TrackPointExtension>
        </extensions>
      </trkpt>
      <trkpt lat="31.16056255996227264404296875" lon="121.19207139126956462860107421875">
        <ele>4.19999980926513671875</ele>
        <time>2026-09-05T12:29:21.000Z</time>
        <extensions>
          <ns3:TrackPointExtension>
            <ns3:hr>142</ns3:hr>
            <ns3:cad>89</ns3:cad>
          </ns3:TrackPointExtension>
        </extensions>
      </trkpt>
      <trkpt lat="31.160592734813690185546875" lon="121.19205680675804615020751953125">
        <ele>4.19999980926513671875</ele>
        <time>2026-09-05T12:29:22.000Z</time>
        <extensions>
          <ns3:TrackPointExtension>
            <ns3:hr>143</ns3:hr>
            <ns3:cad>87</ns3:cad>
          </ns3:TrackPointExtension>
        </extensions>
      </trkpt>
      <trkpt lat="31.1606207303702831268310546875" lon="121.19204943068325519561767578125">
        <ele>4.19999980926513671875</ele>
        <time>2026-09-05T12:29:23.000Z</time>
        <extensions>
          <ns3:TrackPointExtension>
            <ns3:hr>142</ns3:hr>
            <ns3:cad>87</ns3:cad>
          </ns3:TrackPointExtension>
        </extensions>
      </trkpt>
      <trkpt lat="31.1606452055275440216064453125" lon="121.19204155169427394866943359375">
        <ele>4.19999980926513671875</ele>
        <time>2026-09-05T12:29:24.000Z</time>
        <extensions>
          <ns3:TrackPointExtension>
            <ns3:hr>142</ns3:hr>
            <ns3:cad>87</ns3:cad>
          </ns3:TrackPointExtension>
        </extensions>
      </trkpt>
      <trkpt lat="31.1606747098267078399658203125" lon="121.19203333742916584014892578125">
        <ele>4.19999980926513671875</ele>
        <time>2026-09-05T12:29:25.000Z</time>
        <extensions>
          <ns3:TrackPointExtension>
            <ns3:hr>143</ns3:hr>
            <ns3:cad>89</ns3:cad>
          </ns3:TrackPointExtension>
        </extensions>
      </trkpt>
      <trkpt lat="31.16069893352687358856201171875" lon="121.1920242011547088623046875">
        <ele>4.19999980926513671875</ele>
        <time>2026-09-05T12:29:26.000Z</time>
        <extensions>
          <ns3:TrackPointExtension>
            <ns3:hr>143</ns3:hr>
            <ns3:cad>89</ns3:cad>
          </ns3:TrackPointExtension>
        </extensions>
      </trkpt>
      <trkpt lat="31.16072106175124645233154296875" lon="121.192023865878582000732421875">
        <ele>4.19999980926513671875</ele>
        <time>2026-09-05T12:29:27.000Z</time>
        <extensions>
          <ns3:TrackPointExtension>
            <ns3:hr>143</ns3:hr>
            <ns3:cad>89</ns3:cad>
          </ns3:TrackPointExtension>
        </extensions>
      </trkpt>
      <trkpt lat="31.1607451178133487701416015625" lon="121.19201992638409137725830078125">
        <ele>4.19999980926513671875</ele>
        <time>2026-09-05T12:29:28.000Z</time>
        <extensions>
          <ns3:TrackPointExtension>
            <ns3:hr>143</ns3:hr>
            <ns3:cad>88</ns3:cad>
          </ns3:TrackPointExtension>
        </extensions>
      </trkpt>
      <trkpt lat="31.16077437065541744232177734375" lon="121.19201338849961757659912109375">
        <ele>4.19999980926513671875</ele>
        <time>2026-09-05T12:29:29.000Z</time>
        <extensions>
          <ns3:TrackPointExtension>
            <ns3:hr>142</ns3:hr>
            <ns3:cad>87</ns3:cad>
          </ns3:TrackPointExtension>
        </extensions>
      </trkpt>
      <trkpt lat="31.16079549305140972137451171875" lon="121.1920089460909366607666015625">
        <ele>4.19999980926513671875</ele>
        <time>2026-09-05T12:29:30.000Z</time>
        <extensions>
          <ns3:TrackPointExtension>
            <ns3:hr>143</ns3:hr>
            <ns3:cad>87</ns3:cad>
          </ns3:TrackPointExtension>
        </extensions>
      </trkpt>
      <trkpt lat="31.1608166992664337158203125" lon="121.19200517423450946807861328125">
        <ele>4.19999980926513671875</ele>
        <time>2026-09-05T12:29:31.000Z</time>
        <extensions>
          <ns3:TrackPointExtension>
            <ns3:hr>143</ns3:hr>
            <ns3:cad>87</ns3:cad>
          </ns3:TrackPointExtension>
        </extensions>
      </trkpt>
      <trkpt lat="31.16083346307277679443359375" lon="121.19199830107390880584716796875">
        <ele>4.400000095367431640625</ele>
        <time>2026-09-05T12:29:32.000Z</time>
        <extensions>
          <ns3:TrackPointExtension>
            <ns3:hr>142</ns3:hr>
            <ns3:cad>87</ns3:cad>
          </ns3:TrackPointExtension>
        </extensions>
      </trkpt>
      <trkpt lat="31.16085223853588104248046875" lon="121.191996373236179351806640625">
        <ele>4.400000095367431640625</ele>
        <time>2026-09-05T12:29:33.000Z</time>
        <extensions>
          <ns3:TrackPointExtension>
            <ns3:hr>143</ns3:hr>
            <ns3:cad>89</ns3:cad>
          </ns3:TrackPointExtension>
        </extensions>
      </trkpt>
      <trkpt lat="31.16087143309414386749267578125" lon="121.19198824279010295867919921875">
        <ele>4.400000095367431640625</ele>
        <time>2026-09-05T12:29:34.000Z</time>
        <extensions>
          <ns3:TrackPointExtension>
            <ns3:hr>143</ns3:hr>
            <ns3:cad>89</ns3:cad>
          </ns3:TrackPointExtension>
        </extensions>
      </trkpt>
      <trkpt lat="31.1608953215181827545166015625" lon="121.19198204018175601959228515625">
        <ele>4.400000095367431640625</ele>
        <time>2026-09-05T12:29:35.000Z</time>
        <extensions>
          <ns3:TrackPointExtension>
            <ns3:hr>142</ns3:hr>
            <ns3:cad>89</ns3:cad>
          </ns3:TrackPointExtension>
        </extensions>
      </trkpt>
      <trkpt lat="31.160919629037380218505859375" lon="121.1919744126498699188232421875">
        <ele>4.400000095367431640625</ele>
        <time>2026-09-05T12:29:36.000Z</time>
        <extensions>
          <ns3:TrackPointExtension>
            <ns3:hr>143</ns3:hr>
            <ns3:cad>89</ns3:cad>
          </ns3:TrackPointExtension>
        </extensions>
      </trkpt>
      <trkpt lat="31.16094234399497509002685546875" lon="121.19196854531764984130859375">
        <ele>4.400000095367431640625</ele>
        <time>2026-09-05T12:29:37.000Z</time>
        <extensions>
          <ns3:TrackPointExtension>
            <ns3:hr>142</ns3:hr>
            <ns3:cad>89</ns3:cad>
          </ns3:TrackPointExtension>
        </extensions>
      </trkpt>
      <trkpt lat="31.1609657295048236846923828125" lon="121.191968210041522979736328125">
        <ele>4.400000095367431640625</ele>
        <time>2026-09-05T12:29:38.000Z</time>
        <extensions>
          <ns3:TrackPointExtension>
            <ns3:hr>142</ns3:hr>
            <ns3:cad>88</ns3:cad>
          </ns3:TrackPointExtension>
        </extensions>
      </trkpt>
      <trkpt lat="31.16098643280565738677978515625" lon="121.1919616721570491790771484375">
        <ele>4.400000095367431640625</ele>
        <time>2026-09-05T12:29:39.000Z</time>
        <extensions>
          <ns3:TrackPointExtension>
            <ns3:hr>142</ns3:hr>
            <ns3:cad>89</ns3:cad>
          </ns3:TrackPointExtension>
        </extensions>
      </trkpt>
      <trkpt lat="31.16101191379129886627197265625" lon="121.1919589899480342864990234375">
        <ele>4.400000095367431640625</ele>
        <time>2026-09-05T12:29:40.000Z</time>
        <extensions>
          <ns3:TrackPointExtension>
            <ns3:hr>143</ns3:hr>
            <ns3:cad>89</ns3:cad>
          </ns3:TrackPointExtension>
        </extensions>
      </trkpt>
      <trkpt lat="31.16103773005306720733642578125" lon="121.19195722974836826324462890625">
        <ele>4.400000095367431640625</ele>
        <time>2026-09-05T12:29:41.000Z</time>
        <extensions>
          <ns3:TrackPointExtension>
            <ns3:hr>142</ns3:hr>
            <ns3:cad>89</ns3:cad>
          </ns3:TrackPointExtension>
        </extensions>
      </trkpt>
      <trkpt lat="31.16106555797159671783447265625" lon="121.1919558048248291015625">
        <ele>4.400000095367431640625</ele>
        <time>2026-09-05T12:29:42.000Z</time>
        <extensions>
          <ns3:TrackPointExtension>
            <ns3:hr>142</ns3:hr>
            <ns3:cad>88</ns3:cad>
          </ns3:TrackPointExtension>
        </extensions>
      </trkpt>
      <trkpt lat="31.16108500398695468902587890625" lon="121.19195044040679931640625">
        <ele>4.400000095367431640625</ele>
        <time>2026-09-05T12:29:43.000Z</time>
        <extensions>
          <ns3:TrackPointExtension>
            <ns3:hr>143</ns3:hr>
            <ns3:cad>87</ns3:cad>
          </ns3:TrackPointExtension>
        </extensions>
      </trkpt>
      <trkpt lat="31.1611132510006427764892578125" lon="121.19194130413234233856201171875">
        <ele>4.400000095367431640625</ele>
        <time>2026-09-05T12:29:44.000Z</time>
        <extensions>
          <ns3:TrackPointExtension>
            <ns3:hr>142</ns3:hr>
            <ns3:cad>87</ns3:cad>
          </ns3:TrackPointExtension>
        </extensions>
      </trkpt>
      <trkpt lat="31.16113529540598392486572265625" lon="121.19193225167691707611083984375">
        <ele>4.599999904632568359375</ele>
        <time>2026-09-05T12:29:45.000Z</time>
        <extensions>
          <ns3:TrackPointExtension>
            <ns3:hr>143</ns3:hr>
            <ns3:cad>88</ns3:cad>
          </ns3:TrackPointExtension>
        </extensions>
      </trkpt>
      <trkpt lat="31.16116932593286037445068359375" lon="121.19193007238209247589111328125">
        <ele>4.599999904632568359375</ele>
        <time>2026-09-05T12:29:46.000Z</time>
        <extensions>
          <ns3:TrackPointExtension>
            <ns3:hr>143</ns3:hr>
            <ns3:cad>89</ns3:cad>
          </ns3:TrackPointExtension>
        </extensions>
      </trkpt>
      <trkpt lat="31.16119581274688243865966796875" lon="121.19193392805755138397216796875">
        <ele>4.599999904632568359375</ele>
        <time>2026-09-05T12:29:47.000Z</time>
        <extensions>
          <ns3:TrackPointExtension>
            <ns3:hr>143</ns3:hr>
            <ns3:cad>89</ns3:cad>
          </ns3:TrackPointExtension>
        </extensions>
      </trkpt>
      <trkpt lat="31.16121626459062099456787109375" lon="121.19194817729294300079345703125">
        <ele>4.599999904632568359375</ele>
        <time>2026-09-05T12:29:48.000Z</time>
        <extensions>
          <ns3:TrackPointExtension>
            <ns3:hr>142</ns3:hr>
            <ns3:cad>89</ns3:cad>
          </ns3:TrackPointExtension>
        </extensions>
      </trkpt>
      <trkpt lat="31.16122908890247344970703125" lon="121.1919760890305042266845703125">
        <ele>4.599999904632568359375</ele>
        <time>2026-09-05T12:29:49.000Z</time>
        <extensions>
          <ns3:TrackPointExtension>
            <ns3:hr>143</ns3:hr>
            <ns3:cad>88</ns3:cad>
          </ns3:TrackPointExtension>
        </extensions>
      </trkpt>
      <trkpt lat="31.161247193813323974609375" lon="121.19199804961681365966796875">
        <ele>4.599999904632568359375</ele>
        <time>2026-09-05T12:29:50.000Z</time>
        <extensions>
          <ns3:TrackPointExtension>
            <ns3:hr>143</ns3:hr>
            <ns3:cad>86</ns3:cad>
          </ns3:TrackPointExtension>
        </extensions>
      </trkpt>
      <trkpt lat="31.161259599030017852783203125" lon="121.1920314095914363861083984375">
        <ele>4.400000095367431640625</ele>
        <time>2026-09-05T12:29:51.000Z</time>
        <extensions>
          <ns3:TrackPointExtension>
            <ns3:hr>143</ns3:hr>
            <ns3:cad>86</ns3:cad>
          </ns3:TrackPointExtension>
        </extensions>
      </trkpt>
      <trkpt lat="31.1612646281719207763671875" lon="121.19205932132899761199951171875">
        <ele>4.599999904632568359375</ele>
        <time>2026-09-05T12:29:52.000Z</time>
        <extensions>
          <ns3:TrackPointExtension>
            <ns3:hr>142</ns3:hr>
            <ns3:cad>86</ns3:cad>
          </ns3:TrackPointExtension>
        </extensions>
      </trkpt>
      <trkpt lat="31.16126672364771366119384765625" lon="121.19209385477006435394287109375">
        <ele>4.599999904632568359375</ele>
        <time>2026-09-05T12:29:53.000Z</time>
        <extensions>
          <ns3:TrackPointExtension>
            <ns3:hr>143</ns3:hr>
            <ns3:cad>86</ns3:cad>
          </ns3:TrackPointExtension>
        </extensions>
      </trkpt>
      <trkpt lat="31.1612721718847751617431640625" lon="121.192120425403118133544921875">
        <ele>4.599999904632568359375</ele>
        <time>2026-09-05T12:29:54.000Z</time>
        <extensions>
          <ns3:TrackPointExtension>
            <ns3:hr>143</ns3:hr>
            <ns3:cad>87</ns3:cad>
          </ns3:TrackPointExtension>
        </extensions>
      </trkpt>
      <trkpt lat="31.16127200424671173095703125" lon="121.19215269573032855987548828125">
        <ele>4.599999904632568359375</ele>
        <time>2026-09-05T12:29:55.000Z</time>
        <extensions>
          <ns3:TrackPointExtension>
            <ns3:hr>144</ns3:hr>
            <ns3:cad>88</ns3:cad>
          </ns3:TrackPointExtension>
        </extensions>
      </trkpt>
      <trkpt lat="31.1612745188176631927490234375" lon="121.192181110382080078125">
        <ele>4.599999904632568359375</ele>
        <time>2026-09-05T12:29:56.000Z</time>
        <extensions>
          <ns3:TrackPointExtension>
            <ns3:hr>144</ns3:hr>
            <ns3:cad>88</ns3:cad>
          </ns3:TrackPointExtension>
        </extensions>
      </trkpt>
      <trkpt lat="31.16127376444637775421142578125" lon="121.19221388362348079681396484375">
        <ele>4.599999904632568359375</ele>
        <time>2026-09-05T12:29:57.000Z</time>
        <extensions>
          <ns3:TrackPointExtension>
            <ns3:hr>144</ns3:hr>
            <ns3:cad>88</ns3:cad>
          </ns3:TrackPointExtension>
        </extensions>
      </trkpt>
      <trkpt lat="31.16127510555088520050048828125" lon="121.1922355927526950836181640625">
        <ele>4.599999904632568359375</ele>
        <time>2026-09-05T12:29:58.000Z</time>
        <extensions>
          <ns3:TrackPointExtension>
            <ns3:hr>144</ns3:hr>
            <ns3:cad>87</ns3:cad>
          </ns3:TrackPointExtension>
        </extensions>
      </trkpt>
      <trkpt lat="31.161276362836360931396484375" lon="121.19226534850895404815673828125">
        <ele>4.599999904632568359375</ele>
        <time>2026-09-05T12:29:59.000Z</time>
        <extensions>
          <ns3:TrackPointExtension>
            <ns3:hr>144</ns3:hr>
            <ns3:cad>87</ns3:cad>
          </ns3:TrackPointExtension>
        </extensions>
      </trkpt>
      <trkpt lat="31.161280386149883270263671875" lon="121.19228948839008808135986328125">
        <ele>4.400000095367431640625</ele>
        <time>2026-09-05T12:30:00.000Z</time>
        <extensions>
          <ns3:TrackPointExtension>
            <ns3:hr>144</ns3:hr>
            <ns3:cad>88</ns3:cad>
          </ns3:TrackPointExtension>
        </extensions>
      </trkpt>
      <trkpt lat="31.16128181107342243194580078125" lon="121.1923246085643768310546875">
        <ele>4.400000095367431640625</ele>
        <time>2026-09-05T12:30:01.000Z</time>
        <extensions>
          <ns3:TrackPointExtension>
            <ns3:hr>144</ns3:hr>
            <ns3:cad>90</ns3:cad>
          </ns3:TrackPointExtension>
        </extensions>
      </trkpt>
      <trkpt lat="31.1612855829298496246337890625" lon="121.19235084392130374908447265625">
        <ele>4.400000095367431640625</ele>
        <time>2026-09-05T12:30:02.000Z</time>
        <extensions>
          <ns3:TrackPointExtension>
            <ns3:hr>144</ns3:hr>
            <ns3:cad>90</ns3:cad>
          </ns3:TrackPointExtension>
        </extensions>
      </trkpt>
      <trkpt lat="31.16128600202500820159912109375" lon="121.1923824436962604522705078125">
        <ele>4.400000095367431640625</ele>
        <time>2026-09-05T12:30:03.000Z</time>
        <extensions>
          <ns3:TrackPointExtension>
            <ns3:hr>144</ns3:hr>
            <ns3:cad>91</ns3:cad>
          </ns3:TrackPointExtension>
        </extensions>
      </trkpt>
      <trkpt lat="31.16128885187208652496337890625" lon="121.1924092657864093780517578125">
        <ele>4.400000095367431640625</ele>
        <time>2026-09-05T12:30:04.000Z</time>
        <extensions>
          <ns3:TrackPointExtension>
            <ns3:hr>144</ns3:hr>
            <ns3:cad>91</ns3:cad>
          </ns3:TrackPointExtension>
        </extensions>
      </trkpt>
      <trkpt lat="31.1612912826240062713623046875" lon="121.1924404464662075042724609375">
        <ele>4.400000095367431640625</ele>
        <time>2026-09-05T12:30:05.000Z</time>
        <extensions>
          <ns3:TrackPointExtension>
            <ns3:hr>144</ns3:hr>
            <ns3:cad>89</ns3:cad>
          </ns3:TrackPointExtension>
        </extensions>
      </trkpt>
      <trkpt lat="31.16130150854587554931640625" lon="121.192469783127307891845703125">
        <ele>4.400000095367431640625</ele>
        <time>2026-09-05T12:30:06.000Z</time>
        <extensions>
          <ns3:TrackPointExtension>
            <ns3:hr>144</ns3:hr>
            <ns3:cad>89</ns3:cad>
          </ns3:TrackPointExtension>
        </extensions>
      </trkpt>
      <trkpt lat="31.16131248883903026580810546875" lon="121.1925018019974231719970703125">
        <ele>4.400000095367431640625</ele>
        <time>2026-09-05T12:30:07.000Z</time>
        <extensions>
          <ns3:TrackPointExtension>
            <ns3:hr>145</ns3:hr>
            <ns3:cad>88</ns3:cad>
          </ns3:TrackPointExtension>
        </extensions>
      </trkpt>
      <trkpt lat="31.16132271476089954376220703125" lon="121.192529462277889251708984375">
        <ele>4.400000095367431640625</ele>
        <time>2026-09-05T12:30:08.000Z</time>
        <extensions>
          <ns3:TrackPointExtension>
            <ns3:hr>144</ns3:hr>
            <ns3:cad>88</ns3:cad>
          </ns3:TrackPointExtension>
        </extensions>
      </trkpt>
      <trkpt lat="31.16133109666407108306884765625" lon="121.19256131350994110107421875">
        <ele>4.400000095367431640625</ele>
        <time>2026-09-05T12:30:09.000Z</time>
        <extensions>
          <ns3:TrackPointExtension>
            <ns3:hr>144</ns3:hr>
            <ns3:cad>89</ns3:cad>
          </ns3:TrackPointExtension>
        </extensions>
      </trkpt>
      <trkpt lat="31.16133864037692546844482421875" lon="121.19259190745651721954345703125">
        <ele>4.400000095367431640625</ele>
        <time>2026-09-05T12:30:10.000Z</time>
        <extensions>
          <ns3:TrackPointExtension>
            <ns3:hr>145</ns3:hr>
            <ns3:cad>89</ns3:cad>
          </ns3:TrackPointExtension>
        </extensions>
      </trkpt>
      <trkpt lat="31.16134576499462127685546875" lon="121.19262057356536388397216796875">
        <ele>4.400000095367431640625</ele>
        <time>2026-09-05T12:30:11.000Z</time>
        <extensions>
          <ns3:TrackPointExtension>
            <ns3:hr>145</ns3:hr>
            <ns3:cad>88</ns3:cad>
          </ns3:TrackPointExtension>
        </extensions>
      </trkpt>
      <trkpt lat="31.1613509617745876312255859375" lon="121.192653179168701171875">
        <ele>4.400000095367431640625</ele>
        <time>2026-09-05T12:30:12.000Z</time>
        <extensions>
          <ns3:TrackPointExtension>
            <ns3:hr>145</ns3:hr>
            <ns3:cad>88</ns3:cad>
          </ns3:TrackPointExtension>
        </extensions>
      </trkpt>
      <trkpt lat="31.1613546498119831085205078125" lon="121.19267974980175495147705078125">
        <ele>4.400000095367431640625</ele>
        <time>2026-09-05T12:30:13.000Z</time>
        <extensions>
          <ns3:TrackPointExtension>
            <ns3:hr>146</ns3:hr>
            <ns3:cad>88</ns3:cad>
          </ns3:TrackPointExtension>
        </extensions>
      </trkpt>
      <trkpt lat="31.161358170211315155029296875" lon="121.19271109811961650848388671875">
        <ele>4.400000095367431640625</ele>
        <time>2026-09-05T12:30:14.000Z</time>
        <extensions>
          <ns3:TrackPointExtension>
            <ns3:hr>146</ns3:hr>
            <ns3:cad>88</ns3:cad>
          </ns3:TrackPointExtension>
        </extensions>
      </trkpt>
      <trkpt lat="31.1613626964390277862548828125" lon="121.19273724965751171112060546875">
        <ele>4.400000095367431640625</ele>
        <time>2026-09-05T12:30:15.000Z</time>
        <extensions>
          <ns3:TrackPointExtension>
            <ns3:hr>146</ns3:hr>
            <ns3:cad>89</ns3:cad>
          </ns3:TrackPointExtension>
        </extensions>
      </trkpt>
      <trkpt lat="31.16136546246707439422607421875" lon="121.19276583194732666015625">
        <ele>4.400000095367431640625</ele>
        <time>2026-09-05T12:30:16.000Z</time>
        <extensions>
          <ns3:TrackPointExtension>
            <ns3:hr>146</ns3:hr>
            <ns3:cad>89</ns3:cad>
          </ns3:TrackPointExtension>
        </extensions>
      </trkpt>
      <trkpt lat="31.16136646829545497894287109375" lon="121.19279089383780956268310546875">
        <ele>4.400000095367431640625</ele>
        <time>2026-09-05T12:30:17.000Z</time>
        <extensions>
          <ns3:TrackPointExtension>
            <ns3:hr>146</ns3:hr>
            <ns3:cad>89</ns3:cad>
          </ns3:TrackPointExtension>
        </extensions>
      </trkpt>
      <trkpt lat="31.1613692343235015869140625" lon="121.1928236670792102813720703125">
        <ele>4.400000095367431640625</ele>
        <time>2026-09-05T12:30:18.000Z</time>
        <extensions>
          <ns3:TrackPointExtension>
            <ns3:hr>146</ns3:hr>
            <ns3:cad>88</ns3:cad>
          </ns3:TrackPointExtension>
        </extensions>
      </trkpt>
      <trkpt lat="31.16137082688510417938232421875" lon="121.1928525008261203765869140625">
        <ele>4.400000095367431640625</ele>
        <time>2026-09-05T12:30:19.000Z</time>
        <extensions>
          <ns3:TrackPointExtension>
            <ns3:hr>147</ns3:hr>
            <ns3:cad>87</ns3:cad>
          </ns3:TrackPointExtension>
        </extensions>
      </trkpt>
      <trkpt lat="31.16137770004570484161376953125" lon="121.19288510642945766448974609375">
        <ele>4.400000095367431640625</ele>
        <time>2026-09-05T12:30:20.000Z</time>
        <extensions>
          <ns3:TrackPointExtension>
            <ns3:hr>146</ns3:hr>
            <ns3:cad>87</ns3:cad>
          </ns3:TrackPointExtension>
        </extensions>
      </trkpt>
      <trkpt lat="31.1613794602453708648681640625" lon="121.1929128505289554595947265625">
        <ele>4.400000095367431640625</ele>
        <time>2026-09-05T12:30:21.000Z</time>
        <extensions>
          <ns3:TrackPointExtension>
            <ns3:hr>146</ns3:hr>
            <ns3:cad>89</ns3:cad>
          </ns3:TrackPointExtension>
        </extensions>
      </trkpt>
      <trkpt lat="31.16138331592082977294921875" lon="121.19294612668454647064208984375">
        <ele>4.400000095367431640625</ele>
        <time>2026-09-05T12:30:22.000Z</time>
        <extensions>
          <ns3:TrackPointExtension>
            <ns3:hr>146</ns3:hr>
            <ns3:cad>89</ns3:cad>
          </ns3:TrackPointExtension>
        </extensions>
      </trkpt>
      <trkpt lat="31.16138708777725696563720703125" lon="121.19296942837536334991455078125">
        <ele>4.400000095367431640625</ele>
        <time>2026-09-05T12:30:23.000Z</time>
        <extensions>
          <ns3:TrackPointExtension>
            <ns3:hr>146</ns3:hr>
            <ns3:cad>89</ns3:cad>
          </ns3:TrackPointExtension>
        </extensions>
      </trkpt>
      <trkpt lat="31.16139077581465244293212890625" lon="121.1930010281503200531005859375">
        <ele>4.400000095367431640625</ele>
        <time>2026-09-05T12:30:24.000Z</time>
        <extensions>
          <ns3:TrackPointExtension>
            <ns3:hr>147</ns3:hr>
            <ns3:cad>89</ns3:cad>
          </ns3:TrackPointExtension>
        </extensions>
      </trkpt>
      <trkpt lat="31.16139681078493595123291015625" lon="121.19302525185048580169677734375">
        <ele>4.400000095367431640625</ele>
        <time>2026-09-05T12:30:25.000Z</time>
        <extensions>
          <ns3:TrackPointExtension>
            <ns3:hr>147</ns3:hr>
            <ns3:cad>88</ns3:cad>
          </ns3:TrackPointExtension>
        </extensions>
      </trkpt>
      <trkpt lat="31.1613992415368556976318359375" lon="121.19306146167218685150146484375">
        <ele>4.400000095367431640625</ele>
        <time>2026-09-05T12:30:26.000Z</time>
        <extensions>
          <ns3:TrackPointExtension>
            <ns3:hr>147</ns3:hr>
            <ns3:cad>88</ns3:cad>
          </ns3:TrackPointExtension>
        </extensions>
      </trkpt>
      <trkpt lat="31.1614086292684078216552734375" lon="121.19308643974363803863525390625">
        <ele>4.19999980926513671875</ele>
        <time>2026-09-05T12:30:27.000Z</time>
        <extensions>
          <ns3:TrackPointExtension>
            <ns3:hr>147</ns3:hr>
            <ns3:cad>88</ns3:cad>
          </ns3:TrackPointExtension>
        </extensions>
      </trkpt>
      <trkpt lat="31.16141525097191333770751953125" lon="121.19312063790857791900634765625">
        <ele>4.19999980926513671875</ele>
        <time>2026-09-05T12:30:28.000Z</time>
        <extensions>
          <ns3:TrackPointExtension>
            <ns3:hr>147</ns3:hr>
            <ns3:cad>89</ns3:cad>
          </ns3:TrackPointExtension>
        </extensions>
      </trkpt>
      <trkpt lat="31.1614213697612285614013671875" lon="121.19314695708453655242919921875">
        <ele>4.19999980926513671875</ele>
        <time>2026-09-05T12:30:29.000Z</time>
        <extensions>
          <ns3:TrackPointExtension>
            <ns3:hr>147</ns3:hr>
            <ns3:cad>89</ns3:cad>
          </ns3:TrackPointExtension>
        </extensions>
      </trkpt>
      <trkpt lat="31.16142413578927516937255859375" lon="121.193179897964000701904296875">
        <ele>4.19999980926513671875</ele>
        <time>2026-09-05T12:30:30.000Z</time>
        <extensions>
          <ns3:TrackPointExtension>
            <ns3:hr>147</ns3:hr>
            <ns3:cad>89</ns3:cad>
          </ns3:TrackPointExtension>
        </extensions>
      </trkpt>
      <trkpt lat="31.16143268533051013946533203125" lon="121.19320596568286418914794921875">
        <ele>4.19999980926513671875</ele>
        <time>2026-09-05T12:30:31.000Z</time>
        <extensions>
          <ns3:TrackPointExtension>
            <ns3:hr>147</ns3:hr>
            <ns3:cad>89</ns3:cad>
          </ns3:TrackPointExtension>
        </extensions>
      </trkpt>
      <trkpt lat="31.16143905557692050933837890625" lon="121.1932387389242649078369140625">
        <ele>4.19999980926513671875</ele>
        <time>2026-09-05T12:30:32.000Z</time>
        <extensions>
          <ns3:TrackPointExtension>
            <ns3:hr>147</ns3:hr>
            <ns3:cad>88</ns3:cad>
          </ns3:TrackPointExtension>
        </extensions>
      </trkpt>
      <trkpt lat="31.16144324652850627899169921875" lon="121.193267740309238433837890625">
        <ele>4.19999980926513671875</ele>
        <time>2026-09-05T12:30:33.000Z</time>
        <extensions>
          <ns3:TrackPointExtension>
            <ns3:hr>147</ns3:hr>
            <ns3:cad>88</ns3:cad>
          </ns3:TrackPointExtension>
        </extensions>
      </trkpt>
      <trkpt lat="31.1614478565752506256103515625" lon="121.1932982504367828369140625">
        <ele>4.400000095367431640625</ele>
        <time>2026-09-05T12:30:34.000Z</time>
        <extensions>
          <ns3:TrackPointExtension>
            <ns3:hr>147</ns3:hr>
            <ns3:cad>88</ns3:cad>
          </ns3:TrackPointExtension>
        </extensions>
      </trkpt>
      <trkpt lat="31.16144911386072635650634765625" lon="121.193328090012073516845703125">
        <ele>4.400000095367431640625</ele>
        <time>2026-09-05T12:30:35.000Z</time>
        <extensions>
          <ns3:TrackPointExtension>
            <ns3:hr>147</ns3:hr>
            <ns3:cad>89</ns3:cad>
          </ns3:TrackPointExtension>
        </extensions>
      </trkpt>
      <trkpt lat="31.16145531646907329559326171875" lon="121.193356253206729888916015625">
        <ele>4.19999980926513671875</ele>
        <time>2026-09-05T12:30:36.000Z</time>
        <extensions>
          <ns3:TrackPointExtension>
            <ns3:hr>147</ns3:hr>
            <ns3:cad>89</ns3:cad>
          </ns3:TrackPointExtension>
        </extensions>
      </trkpt>
      <trkpt lat="31.16145850159227848052978515625" lon="121.1933815665543079376220703125">
        <ele>4.400000095367431640625</ele>
        <time>2026-09-05T12:30:37.000Z</time>
        <extensions>
          <ns3:TrackPointExtension>
            <ns3:hr>147</ns3:hr>
            <ns3:cad>89</ns3:cad>
          </ns3:TrackPointExtension>
        </extensions>
      </trkpt>
      <trkpt lat="31.16146084852516651153564453125" lon="121.1934050358831882476806640625">
        <ele>4.400000095367431640625</ele>
        <time>2026-09-05T12:30:38.000Z</time>
        <extensions>
          <ns3:TrackPointExtension>
            <ns3:hr>147</ns3:hr>
            <ns3:cad>88</ns3:cad>
          </ns3:TrackPointExtension>
        </extensions>
      </trkpt>
      <trkpt lat="31.16146252490580081939697265625" lon="121.19343479163944721221923828125">
        <ele>4.400000095367431640625</ele>
        <time>2026-09-05T12:30:39.000Z</time>
        <extensions>
          <ns3:TrackPointExtension>
            <ns3:hr>147</ns3:hr>
            <ns3:cad>87</ns3:cad>
          </ns3:TrackPointExtension>
        </extensions>
      </trkpt>
      <trkpt lat="31.1614719964563846588134765625" lon="121.1934600211679935455322265625">
        <ele>4.400000095367431640625</ele>
        <time>2026-09-05T12:30:40.000Z</time>
        <extensions>
          <ns3:TrackPointExtension>
            <ns3:hr>147</ns3:hr>
            <ns3:cad>87</ns3:cad>
          </ns3:TrackPointExtension>
        </extensions>
      </trkpt>
      <trkpt lat="31.16147777996957302093505859375" lon="121.19349447079002857208251953125">
        <ele>4.400000095367431640625</ele>
        <time>2026-09-05T12:30:41.000Z</time>
        <extensions>
          <ns3:TrackPointExtension>
            <ns3:hr>147</ns3:hr>
            <ns3:cad>87</ns3:cad>
          </ns3:TrackPointExtension>
        </extensions>
      </trkpt>
      <trkpt lat="31.1614877544343471527099609375" lon="121.19351710192859172821044921875">
        <ele>4.400000095367431640625</ele>
        <time>2026-09-05T12:30:42.000Z</time>
        <extensions>
          <ns3:TrackPointExtension>
            <ns3:hr>147</ns3:hr>
            <ns3:cad>88</ns3:cad>
          </ns3:TrackPointExtension>
        </extensions>
      </trkpt>
      <trkpt lat="31.1614952981472015380859375" lon="121.19355130009353160858154296875">
        <ele>4.400000095367431640625</ele>
        <time>2026-09-05T12:30:43.000Z</time>
        <extensions>
          <ns3:TrackPointExtension>
            <ns3:hr>147</ns3:hr>
            <ns3:cad>89</ns3:cad>
          </ns3:TrackPointExtension>
        </extensions>
      </trkpt>
      <trkpt lat="31.1615085415542125701904296875" lon="121.19357426650822162628173828125">
        <ele>4.400000095367431640625</ele>
        <time>2026-09-05T12:30:44.000Z</time>
        <extensions>
          <ns3:TrackPointExtension>
            <ns3:hr>147</ns3:hr>
            <ns3:cad>89</ns3:cad>
          </ns3:TrackPointExtension>
        </extensions>
      </trkpt>
      <trkpt lat="31.16151600144803524017333984375" lon="121.19360662065446376800537109375">
        <ele>4.599999904632568359375</ele>
        <time>2026-09-05T12:30:45.000Z</time>
        <extensions>
          <ns3:TrackPointExtension>
            <ns3:hr>147</ns3:hr>
            <ns3:cad>89</ns3:cad>
          </ns3:TrackPointExtension>
        </extensions>
      </trkpt>
      <trkpt lat="31.1615189351141452789306640625" lon="121.19363008998334407806396484375">
        <ele>4.400000095367431640625</ele>
        <time>2026-09-05T12:30:46.000Z</time>
        <extensions>
          <ns3:TrackPointExtension>
            <ns3:hr>147</ns3:hr>
            <ns3:cad>87</ns3:cad>
          </ns3:TrackPointExtension>
        </extensions>
      </trkpt>
      <trkpt lat="31.16151968948543071746826171875" lon="121.19366311468183994293212890625">
        <ele>4.400000095367431640625</ele>
        <time>2026-09-05T12:30:47.000Z</time>
        <extensions>
          <ns3:TrackPointExtension>
            <ns3:hr>147</ns3:hr>
            <ns3:cad>87</ns3:cad>
          </ns3:TrackPointExtension>
        </extensions>
      </trkpt>
      <trkpt lat="31.16151616908609867095947265625" lon="121.1936952173709869384765625">
        <ele>4.599999904632568359375</ele>
        <time>2026-09-05T12:30:48.000Z</time>
        <extensions>
          <ns3:TrackPointExtension>
            <ns3:hr>146</ns3:hr>
            <ns3:cad>88</ns3:cad>
          </ns3:TrackPointExtension>
        </extensions>
      </trkpt>
      <trkpt lat="31.1614954657852649688720703125" lon="121.19371843524277210235595703125">
        <ele>4.599999904632568359375</ele>
        <time>2026-09-05T12:30:49.000Z</time>
        <extensions>
          <ns3:TrackPointExtension>
            <ns3:hr>147</ns3:hr>
            <ns3:cad>89</ns3:cad>
          </ns3:TrackPointExtension>
        </extensions>
      </trkpt>
      <trkpt lat="31.16147895343601703643798828125" lon="121.19373419322073459625244140625">
        <ele>4.400000095367431640625</ele>
        <time>2026-09-05T12:30:50.000Z</time>
        <extensions>
          <ns3:TrackPointExtension>
            <ns3:hr>147</ns3:hr>
            <ns3:cad>89</ns3:cad>
          </ns3:TrackPointExtension>
        </extensions>
      </trkpt>
      <trkpt lat="31.16145766340196132659912109375" lon="121.193742491304874420166015625">
        <ele>4.599999904632568359375</ele>
        <time>2026-09-05T12:30:51.000Z</time>
        <extensions>
          <ns3:TrackPointExtension>
            <ns3:hr>147</ns3:hr>
            <ns3:cad>89</ns3:cad>
          </ns3:TrackPointExtension>
        </extensions>
      </trkpt>
      <trkpt lat="31.16143536753952503204345703125" lon="121.1937496997416019439697265625">
        <ele>4.599999904632568359375</ele>
        <time>2026-09-05T12:30:52.000Z</time>
        <extensions>
          <ns3:TrackPointExtension>
            <ns3:hr>147</ns3:hr>
            <ns3:cad>89</ns3:cad>
          </ns3:TrackPointExtension>
        </extensions>
      </trkpt>
      <trkpt lat="31.1614133231341838836669921875" lon="121.19375347159802913665771484375">
        <ele>4.599999904632568359375</ele>
        <time>2026-09-05T12:30:53.000Z</time>
        <extensions>
          <ns3:TrackPointExtension>
            <ns3:hr>147</ns3:hr>
            <ns3:cad>89</ns3:cad>
          </ns3:TrackPointExtension>
        </extensions>
      </trkpt>
      <trkpt lat="31.1613868363201618194580078125" lon="121.19375816546380519866943359375">
        <ele>4.599999904632568359375</ele>
        <time>2026-09-05T12:30:54.000Z</time>
        <extensions>
          <ns3:TrackPointExtension>
            <ns3:hr>146</ns3:hr>
            <ns3:cad>87</ns3:cad>
          </ns3:TrackPointExtension>
        </extensions>
      </trkpt>
      <trkpt lat="31.161364875733852386474609375" lon="121.1937597580254077911376953125">
        <ele>4.599999904632568359375</ele>
        <time>2026-09-05T12:30:55.000Z</time>
        <extensions>
          <ns3:TrackPointExtension>
            <ns3:hr>147</ns3:hr>
            <ns3:cad>87</ns3:cad>
          </ns3:TrackPointExtension>
        </extensions>
      </trkpt>
      <trkpt lat="31.1613395623862743377685546875" lon="121.19376487098634243011474609375">
        <ele>4.599999904632568359375</ele>
        <time>2026-09-05T12:30:56.000Z</time>
        <extensions>
          <ns3:TrackPointExtension>
            <ns3:hr>147</ns3:hr>
            <ns3:cad>88</ns3:cad>
          </ns3:TrackPointExtension>
        </extensions>
      </trkpt>
      <trkpt lat="31.16131500340998172760009765625" lon="121.19377023540437221527099609375">
        <ele>4.400000095367431640625</ele>
        <time>2026-09-05T12:30:57.000Z</time>
        <extensions>
          <ns3:TrackPointExtension>
            <ns3:hr>146</ns3:hr>
            <ns3:cad>88</ns3:cad>
          </ns3:TrackPointExtension>
        </extensions>
      </trkpt>
      <trkpt lat="31.16129186935722827911376953125" lon="121.193774007260799407958984375">
        <ele>4.400000095367431640625</ele>
        <time>2026-09-05T12:30:58.000Z</time>
        <extensions>
          <ns3:TrackPointExtension>
            <ns3:hr>147</ns3:hr>
            <ns3:cad>89</ns3:cad>
          </ns3:TrackPointExtension>
        </extensions>
      </trkpt>
      <trkpt lat="31.161270327866077423095703125" lon="121.1937798745930194854736328125">
        <ele>4.400000095367431640625</ele>
        <time>2026-09-05T12:30:59.000Z</time>
        <extensions>
          <ns3:TrackPointExtension>
            <ns3:hr>147</ns3:hr>
            <ns3:cad>89</ns3:cad>
          </ns3:TrackPointExtension>
        </extensions>
      </trkpt>
      <trkpt lat="31.16124476306140422821044921875" lon="121.193784065544605255126953125">
        <ele>4.400000095367431640625</ele>
        <time>2026-09-05T12:31:00.000Z</time>
        <extensions>
          <ns3:TrackPointExtension>
            <ns3:hr>146</ns3:hr>
            <ns3:cad>87</ns3:cad>
          </ns3:TrackPointExtension>
        </extensions>
      </trkpt>
      <trkpt lat="31.1612191982567310333251953125" lon="121.19379110634326934814453125">
        <ele>4.400000095367431640625</ele>
        <time>2026-09-05T12:31:01.000Z</time>
        <extensions>
          <ns3:TrackPointExtension>
            <ns3:hr>146</ns3:hr>
            <ns3:cad>87</ns3:cad>
          </ns3:TrackPointExtension>
        </extensions>
      </trkpt>
      <trkpt lat="31.16119229234755039215087890625" lon="121.19379219599068164825439453125">
        <ele>4.400000095367431640625</ele>
        <time>2026-09-05T12:31:02.000Z</time>
        <extensions>
          <ns3:TrackPointExtension>
            <ns3:hr>146</ns3:hr>
            <ns3:cad>87</ns3:cad>
          </ns3:TrackPointExtension>
        </extensions>
      </trkpt>
      <trkpt lat="31.16117200814187526702880859375" lon="121.193798147141933441162109375">
        <ele>4.400000095367431640625</ele>
        <time>2026-09-05T12:31:03.000Z</time>
        <extensions>
          <ns3:TrackPointExtension>
            <ns3:hr>146</ns3:hr>
            <ns3:cad>88</ns3:cad>
          </ns3:TrackPointExtension>
        </extensions>
      </trkpt>
      <trkpt lat="31.16114703007042407989501953125" lon="121.19380175136029720306396484375">
        <ele>4.400000095367431640625</ele>
        <time>2026-09-05T12:31:04.000Z</time>
        <extensions>
          <ns3:TrackPointExtension>
            <ns3:hr>146</ns3:hr>
            <ns3:cad>88</ns3:cad>
          </ns3:TrackPointExtension>
        </extensions>
      </trkpt>
      <trkpt lat="31.1611259914934635162353515625" lon="121.19380812160670757293701171875">
        <ele>4.400000095367431640625</ele>
        <time>2026-09-05T12:31:05.000Z</time>
        <extensions>
          <ns3:TrackPointExtension>
            <ns3:hr>146</ns3:hr>
            <ns3:cad>88</ns3:cad>
          </ns3:TrackPointExtension>
        </extensions>
      </trkpt>
      <trkpt lat="31.1610974930226802825927734375" lon="121.1938127316534519195556640625">
        <ele>4.400000095367431640625</ele>
        <time>2026-09-05T12:31:06.000Z</time>
        <extensions>
          <ns3:TrackPointExtension>
            <ns3:hr>146</ns3:hr>
            <ns3:cad>87</ns3:cad>
          </ns3:TrackPointExtension>
        </extensions>
      </trkpt>
      <trkpt lat="31.16108022630214691162109375" lon="121.19381717406213283538818359375">
        <ele>4.400000095367431640625</ele>
        <time>2026-09-05T12:31:07.000Z</time>
        <extensions>
          <ns3:TrackPointExtension>
            <ns3:hr>145</ns3:hr>
            <ns3:cad>87</ns3:cad>
          </ns3:TrackPointExtension>
        </extensions>
      </trkpt>
      <trkpt lat="31.16105767898261547088623046875" lon="121.193824969232082366943359375">
        <ele>4.400000095367431640625</ele>
        <time>2026-09-05T12:31:08.000Z</time>
        <extensions>
          <ns3:TrackPointExtension>
            <ns3:hr>146</ns3:hr>
            <ns3:cad>87</ns3:cad>
          </ns3:TrackPointExtension>
        </extensions>
      </trkpt>
      <trkpt lat="31.16103806532919406890869140625" lon="121.1938281543552875518798828125">
        <ele>4.400000095367431640625</ele>
        <time>2026-09-05T12:31:09.000Z</time>
        <extensions>
          <ns3:TrackPointExtension>
            <ns3:hr>145</ns3:hr>
            <ns3:cad>88</ns3:cad>
          </ns3:TrackPointExtension>
        </extensions>
      </trkpt>
      <trkpt lat="31.16101828403770923614501953125" lon="121.1938311718404293060302734375">
        <ele>4.400000095367431640625</ele>
        <time>2026-09-05T12:31:10.000Z</time>
        <extensions>
          <ns3:TrackPointExtension>
            <ns3:hr>145</ns3:hr>
            <ns3:cad>88</ns3:cad>
          </ns3:TrackPointExtension>
        </extensions>
      </trkpt>
      <trkpt lat="31.16099699400365352630615234375" lon="121.19383829645812511444091796875">
        <ele>4.400000095367431640625</ele>
        <time>2026-09-05T12:31:11.000Z</time>
        <extensions>
          <ns3:TrackPointExtension>
            <ns3:hr>145</ns3:hr>
            <ns3:cad>89</ns3:cad>
          </ns3:TrackPointExtension>
        </extensions>
      </trkpt>
      <trkpt lat="31.1609794758260250091552734375" lon="121.19384751655161380767822265625">
        <ele>4.400000095367431640625</ele>
        <time>2026-09-05T12:31:12.000Z</time>
        <extensions>
          <ns3:TrackPointExtension>
            <ns3:hr>146</ns3:hr>
            <ns3:cad>89</ns3:cad>
          </ns3:TrackPointExtension>
        </extensions>
      </trkpt>
      <trkpt lat="31.1609561741352081298828125" lon="121.19385506026446819305419921875">
        <ele>4.400000095367431640625</ele>
        <time>2026-09-05T12:31:13.000Z</time>
        <extensions>
          <ns3:TrackPointExtension>
            <ns3:hr>145</ns3:hr>
            <ns3:cad>89</ns3:cad>
          </ns3:TrackPointExtension>
        </extensions>
      </trkpt>
      <trkpt lat="31.1609320342540740966796875" lon="121.19386293925344944000244140625">
        <ele>4.400000095367431640625</ele>
        <time>2026-09-05T12:31:14.000Z</time>
        <extensions>
          <ns3:TrackPointExtension>
            <ns3:hr>145</ns3:hr>
            <ns3:cad>87</ns3:cad>
          </ns3:TrackPointExtension>
        </extensions>
      </trkpt>
      <trkpt lat="31.1609087325632572174072265625" lon="121.1938690580427646636962890625">
        <ele>4.400000095367431640625</ele>
        <time>2026-09-05T12:31:15.000Z</time>
        <extensions>
          <ns3:TrackPointExtension>
            <ns3:hr>146</ns3:hr>
            <ns3:cad>87</ns3:cad>
          </ns3:TrackPointExtension>
        </extensions>
      </trkpt>
      <trkpt lat="31.16088735871016979217529296875" lon="121.193879283964633941650390625">
        <ele>4.400000095367431640625</ele>
        <time>2026-09-05T12:31:16.000Z</time>
        <extensions>
          <ns3:TrackPointExtension>
            <ns3:hr>145</ns3:hr>
            <ns3:cad>88</ns3:cad>
          </ns3:TrackPointExtension>
        </extensions>
      </trkpt>
      <trkpt lat="31.16085969842970371246337890625" lon="121.19388900697231292724609375">
        <ele>4.400000095367431640625</ele>
        <time>2026-09-05T12:31:17.000Z</time>
        <extensions>
          <ns3:TrackPointExtension>
            <ns3:hr>145</ns3:hr>
            <ns3:cad>88</ns3:cad>
          </ns3:TrackPointExtension>
        </extensions>
      </trkpt>
      <trkpt lat="31.16084109060466289520263671875" lon="121.1939002387225627899169921875">
        <ele>4.400000095367431640625</ele>
        <time>2026-09-05T12:31:18.000Z</time>
        <extensions>
          <ns3:TrackPointExtension>
            <ns3:hr>146</ns3:hr>
            <ns3:cad>88</ns3:cad>
          </ns3:TrackPointExtension>
        </extensions>
      </trkpt>
      <trkpt lat="31.16081326268613338470458984375" lon="121.19391105137765407562255859375">
        <ele>4.400000095367431640625</ele>
        <time>2026-09-05T12:31:19.000Z</time>
        <extensions>
          <ns3:TrackPointExtension>
            <ns3:hr>145</ns3:hr>
            <ns3:cad>88</ns3:cad>
          </ns3:TrackPointExtension>
        </extensions>
      </trkpt>
      <trkpt lat="31.1607893742620944976806640625" lon="121.19392387568950653076171875">
        <ele>4.599999904632568359375</ele>
        <time>2026-09-05T12:31:20.000Z</time>
        <extensions>
          <ns3:TrackPointExtension>
            <ns3:hr>145</ns3:hr>
            <ns3:cad>88</ns3:cad>
          </ns3:TrackPointExtension>
        </extensions>
      </trkpt>
      <trkpt lat="31.1607659049332141876220703125" lon="121.19392982684075832366943359375">
        <ele>4.599999904632568359375</ele>
        <time>2026-09-05T12:31:21.000Z</time>
        <extensions>
          <ns3:TrackPointExtension>
            <ns3:hr>146</ns3:hr>
            <ns3:cad>88</ns3:cad>
          </ns3:TrackPointExtension>
        </extensions>
      </trkpt>
      <trkpt lat="31.16073799319565296173095703125" lon="121.19393720291554927825927734375">
        <ele>4.599999904632568359375</ele>
        <time>2026-09-05T12:31:22.000Z</time>
        <extensions>
          <ns3:TrackPointExtension>
            <ns3:hr>145</ns3:hr>
            <ns3:cad>88</ns3:cad>
          </ns3:TrackPointExtension>
        </extensions>
      </trkpt>
      <trkpt lat="31.16071368567645549774169921875" lon="121.1939441598951816558837890625">
        <ele>4.599999904632568359375</ele>
        <time>2026-09-05T12:31:23.000Z</time>
        <extensions>
          <ns3:TrackPointExtension>
            <ns3:hr>145</ns3:hr>
            <ns3:cad>88</ns3:cad>
          </ns3:TrackPointExtension>
        </extensions>
      </trkpt>
      <trkpt lat="31.160696335136890411376953125" lon="121.19395849294960498809814453125">
        <ele>4.599999904632568359375</ele>
        <time>2026-09-05T12:31:24.000Z</time>
        <extensions>
          <ns3:TrackPointExtension>
            <ns3:hr>146</ns3:hr>
            <ns3:cad>88</ns3:cad>
          </ns3:TrackPointExtension>
        </extensions>
      </trkpt>
      <trkpt lat="31.16067127324640750885009765625" lon="121.1939766816794872283935546875">
        <ele>4.599999904632568359375</ele>
        <time>2026-09-05T12:31:25.000Z</time>
        <extensions>
          <ns3:TrackPointExtension>
            <ns3:hr>145</ns3:hr>
            <ns3:cad>88</ns3:cad>
          </ns3:TrackPointExtension>
        </extensions>
      </trkpt>
      <trkpt lat="31.16064830683171749114990234375" lon="121.19398866780102252960205078125">
        <ele>4.599999904632568359375</ele>
        <time>2026-09-05T12:31:26.000Z</time>
        <extensions>
          <ns3:TrackPointExtension>
            <ns3:hr>145</ns3:hr>
            <ns3:cad>88</ns3:cad>
          </ns3:TrackPointExtension>
        </extensions>
      </trkpt>
      <trkpt lat="31.16062500514090061187744140625" lon="121.19400409050285816192626953125">
        <ele>4.599999904632568359375</ele>
        <time>2026-09-05T12:31:27.000Z</time>
        <extensions>
          <ns3:TrackPointExtension>
            <ns3:hr>146</ns3:hr>
            <ns3:cad>88</ns3:cad>
          </ns3:TrackPointExtension>
        </extensions>
      </trkpt>
      <trkpt lat="31.1606022901833057403564453125" lon="121.19401599280536174774169921875">
        <ele>4.599999904632568359375</ele>
        <time>2026-09-05T12:31:28.000Z</time>
        <extensions>
          <ns3:TrackPointExtension>
            <ns3:hr>145</ns3:hr>
            <ns3:cad>87</ns3:cad>
          </ns3:TrackPointExtension>
        </extensions>
      </trkpt>
      <trkpt lat="31.16058376617729663848876953125" lon="121.19402982294559478759765625">
        <ele>4.599999904632568359375</ele>
        <time>2026-09-05T12:31:29.000Z</time>
        <extensions>
          <ns3:TrackPointExtension>
            <ns3:hr>145</ns3:hr>
            <ns3:cad>87</ns3:cad>
          </ns3:TrackPointExtension>
        </extensions>
      </trkpt>
      <trkpt lat="31.160562895238399505615234375" lon="121.19404097087681293487548828125">
        <ele>4.599999904632568359375</ele>
        <time>2026-09-05T12:31:30.000Z</time>
        <extensions>
          <ns3:TrackPointExtension>
            <ns3:hr>146</ns3:hr>
            <ns3:cad>88</ns3:cad>
          </ns3:TrackPointExtension>
        </extensions>
      </trkpt>
      <trkpt lat="31.16054554469883441925048828125" lon="121.19405119679868221282958984375">
        <ele>4.599999904632568359375</ele>
        <time>2026-09-05T12:31:31.000Z</time>
        <extensions>
          <ns3:TrackPointExtension>
            <ns3:hr>145</ns3:hr>
            <ns3:cad>88</ns3:cad>
          </ns3:TrackPointExtension>
        </extensions>
      </trkpt>
      <trkpt lat="31.16052366793155670166015625" lon="121.19405773468315601348876953125">
        <ele>4.599999904632568359375</ele>
        <time>2026-09-05T12:31:32.000Z</time>
        <extensions>
          <ns3:TrackPointExtension>
            <ns3:hr>145</ns3:hr>
            <ns3:cad>89</ns3:cad>
          </ns3:TrackPointExtension>
        </extensions>
      </trkpt>
      <trkpt lat="31.16051034070551395416259765625" lon="121.19406678713858127593994140625">
        <ele>4.599999904632568359375</ele>
        <time>2026-09-05T12:31:33.000Z</time>
        <extensions>
          <ns3:TrackPointExtension>
            <ns3:hr>146</ns3:hr>
            <ns3:cad>89</ns3:cad>
          </ns3:TrackPointExtension>
        </extensions>
      </trkpt>
      <trkpt lat="31.160493157804012298583984375" lon="121.19407542049884796142578125">
        <ele>4.599999904632568359375</ele>
        <time>2026-09-05T12:31:34.000Z</time>
        <extensions>
          <ns3:TrackPointExtension>
            <ns3:hr>145</ns3:hr>
            <ns3:cad>89</ns3:cad>
          </ns3:TrackPointExtension>
        </extensions>
      </trkpt>
      <trkpt lat="31.16047932766377925872802734375" lon="121.19408346712589263916015625">
        <ele>4.599999904632568359375</ele>
        <time>2026-09-05T12:31:35.000Z</time>
        <extensions>
          <ns3:TrackPointExtension>
            <ns3:hr>145</ns3:hr>
            <ns3:cad>87</ns3:cad>
          </ns3:TrackPointExtension>
        </extensions>
      </trkpt>
      <trkpt lat="31.16045988164842128753662109375" lon="121.19409595616161823272705078125">
        <ele>4.599999904632568359375</ele>
        <time>2026-09-05T12:31:36.000Z</time>
        <extensions>
          <ns3:TrackPointExtension>
            <ns3:hr>146</ns3:hr>
            <ns3:cad>87</ns3:cad>
          </ns3:TrackPointExtension>
        </extensions>
      </trkpt>
      <trkpt lat="31.16044194437563419342041015625" lon="121.19410551153123378753662109375">
        <ele>4.599999904632568359375</ele>
        <time>2026-09-05T12:31:37.000Z</time>
        <extensions>
          <ns3:TrackPointExtension>
            <ns3:hr>145</ns3:hr>
            <ns3:cad>87</ns3:cad>
          </ns3:TrackPointExtension>
        </extensions>
      </trkpt>
      <trkpt lat="31.16041713394224643707275390625" lon="121.1941191740334033966064453125">
        <ele>4.599999904632568359375</ele>
        <time>2026-09-05T12:31:38.000Z</time>
        <extensions>
          <ns3:TrackPointExtension>
            <ns3:hr>145</ns3:hr>
            <ns3:cad>87</ns3:cad>
          </ns3:TrackPointExtension>
        </extensions>
      </trkpt>
      <trkpt lat="31.16039969958364963531494140625" lon="121.19412998668849468231201171875">
        <ele>4.599999904632568359375</ele>
        <time>2026-09-05T12:31:39.000Z</time>
        <extensions>
          <ns3:TrackPointExtension>
            <ns3:hr>146</ns3:hr>
            <ns3:cad>87</ns3:cad>
          </ns3:TrackPointExtension>
        </extensions>
      </trkpt>
      <trkpt lat="31.16037472151219844818115234375" lon="121.194144822657108306884765625">
        <ele>4.599999904632568359375</ele>
        <time>2026-09-05T12:31:40.000Z</time>
        <extensions>
          <ns3:TrackPointExtension>
            <ns3:hr>145</ns3:hr>
            <ns3:cad>87</ns3:cad>
          </ns3:TrackPointExtension>
        </extensions>
      </trkpt>
      <trkpt lat="31.16034991107881069183349609375" lon="121.194158904254436492919921875">
        <ele>4.599999904632568359375</ele>
        <time>2026-09-05T12:31:41.000Z</time>
        <extensions>
          <ns3:TrackPointExtension>
            <ns3:hr>145</ns3:hr>
            <ns3:cad>87</ns3:cad>
          </ns3:TrackPointExtension>
        </extensions>
      </trkpt>
      <trkpt lat="31.1603240109980106353759765625" lon="121.19417256675660610198974609375">
        <ele>4.599999904632568359375</ele>
        <time>2026-09-05T12:31:42.000Z</time>
        <extensions>
          <ns3:TrackPointExtension>
            <ns3:hr>144</ns3:hr>
            <ns3:cad>87</ns3:cad>
          </ns3:TrackPointExtension>
        </extensions>
      </trkpt>
      <trkpt lat="31.16029442287981510162353515625" lon="121.19418648071587085723876953125">
        <ele>4.599999904632568359375</ele>
        <time>2026-09-05T12:31:43.000Z</time>
        <extensions>
          <ns3:TrackPointExtension>
            <ns3:hr>144</ns3:hr>
            <ns3:cad>88</ns3:cad>
          </ns3:TrackPointExtension>
        </extensions>
      </trkpt>
      <trkpt lat="31.16027631796896457672119140625" lon="121.194200813770294189453125">
        <ele>4.599999904632568359375</ele>
        <time>2026-09-05T12:31:44.000Z</time>
        <extensions>
          <ns3:TrackPointExtension>
            <ns3:hr>144</ns3:hr>
            <ns3:cad>88</ns3:cad>
          </ns3:TrackPointExtension>
        </extensions>
      </trkpt>
      <trkpt lat="31.1602489091455936431884765625" lon="121.19422134943306446075439453125">
        <ele>4.599999904632568359375</ele>
        <time>2026-09-05T12:31:45.000Z</time>
        <extensions>
          <ns3:TrackPointExtension>
            <ns3:hr>144</ns3:hr>
            <ns3:cad>88</ns3:cad>
          </ns3:TrackPointExtension>
        </extensions>
      </trkpt>
      <trkpt lat="31.1602264456450939178466796875" lon="121.19423777796328067779541015625">
        <ele>4.599999904632568359375</ele>
        <time>2026-09-05T12:31:46.000Z</time>
        <extensions>
          <ns3:TrackPointExtension>
            <ns3:hr>144</ns3:hr>
            <ns3:cad>89</ns3:cad>
          </ns3:TrackPointExtension>
        </extensions>
      </trkpt>
      <trkpt lat="31.1602049879729747772216796875" lon="121.19425169192254543304443359375">
        <ele>4.599999904632568359375</ele>
        <time>2026-09-05T12:31:47.000Z</time>
        <extensions>
          <ns3:TrackPointExtension>
            <ns3:hr>144</ns3:hr>
            <ns3:cad>88</ns3:cad>
          </ns3:TrackPointExtension>
        </extensions>
      </trkpt>
      <trkpt lat="31.1601890623569488525390625" lon="121.1942687071859836578369140625">
        <ele>4.599999904632568359375</ele>
        <time>2026-09-05T12:31:48.000Z</time>
        <extensions>
          <ns3:TrackPointExtension>
            <ns3:hr>144</ns3:hr>
            <ns3:cad>88</ns3:cad>
          </ns3:TrackPointExtension>
        </extensions>
      </trkpt>
      <trkpt lat="31.16016768850386142730712890625" lon="121.194281615316867828369140625">
        <ele>4.599999904632568359375</ele>
        <time>2026-09-05T12:31:49.000Z</time>
        <extensions>
          <ns3:TrackPointExtension>
            <ns3:hr>144</ns3:hr>
            <ns3:cad>87</ns3:cad>
          </ns3:TrackPointExtension>
        </extensions>
      </trkpt>
      <trkpt lat="31.16014673374593257904052734375" lon="121.19429628364741802215576171875">
        <ele>4.80000019073486328125</ele>
        <time>2026-09-05T12:31:50.000Z</time>
        <extensions>
          <ns3:TrackPointExtension>
            <ns3:hr>144</ns3:hr>
            <ns3:cad>87</ns3:cad>
          </ns3:TrackPointExtension>
        </extensions>
      </trkpt>
      <trkpt lat="31.1601228453218936920166015625" lon="121.194307096302509307861328125">
        <ele>4.80000019073486328125</ele>
        <time>2026-09-05T12:31:51.000Z</time>
        <extensions>
          <ns3:TrackPointExtension>
            <ns3:hr>144</ns3:hr>
            <ns3:cad>87</ns3:cad>
          </ns3:TrackPointExtension>
        </extensions>
      </trkpt>
      <trkpt lat="31.160102225840091705322265625" lon="121.19431925006210803985595703125">
        <ele>4.80000019073486328125</ele>
        <time>2026-09-05T12:31:52.000Z</time>
        <extensions>
          <ns3:TrackPointExtension>
            <ns3:hr>144</ns3:hr>
            <ns3:cad>88</ns3:cad>
          </ns3:TrackPointExtension>
        </extensions>
      </trkpt>
      <trkpt lat="31.160077750682830810546875" lon="121.19433584623038768768310546875">
        <ele>4.80000019073486328125</ele>
        <time>2026-09-05T12:31:53.000Z</time>
        <extensions>
          <ns3:TrackPointExtension>
            <ns3:hr>144</ns3:hr>
            <ns3:cad>89</ns3:cad>
          </ns3:TrackPointExtension>
        </extensions>
      </trkpt>
      <trkpt lat="31.16005637682974338531494140625" lon="121.19435009546577930450439453125">
        <ele>4.80000019073486328125</ele>
        <time>2026-09-05T12:31:54.000Z</time>
        <extensions>
          <ns3:TrackPointExtension>
            <ns3:hr>144</ns3:hr>
            <ns3:cad>89</ns3:cad>
          </ns3:TrackPointExtension>
        </extensions>
      </trkpt>
      <trkpt lat="31.16003810428082942962646484375" lon="121.1943619139492511749267578125">
        <ele>4.599999904632568359375</ele>
        <time>2026-09-05T12:31:55.000Z</time>
        <extensions>
          <ns3:TrackPointExtension>
            <ns3:hr>144</ns3:hr>
            <ns3:cad>89</ns3:cad>
          </ns3:TrackPointExtension>
        </extensions>
      </trkpt>
      <trkpt lat="31.160013712942600250244140625" lon="121.19437507353723049163818359375">
        <ele>4.599999904632568359375</ele>
        <time>2026-09-05T12:31:56.000Z</time>
        <extensions>
          <ns3:TrackPointExtension>
            <ns3:hr>144</ns3:hr>
            <ns3:cad>88</ns3:cad>
          </ns3:TrackPointExtension>
        </extensions>
      </trkpt>
      <trkpt lat="31.15999049507081508636474609375" lon="121.19438680820167064666748046875">
        <ele>4.599999904632568359375</ele>
        <time>2026-09-05T12:31:57.000Z</time>
        <extensions>
          <ns3:TrackPointExtension>
            <ns3:hr>144</ns3:hr>
            <ns3:cad>88</ns3:cad>
          </ns3:TrackPointExtension>
        </extensions>
      </trkpt>
      <trkpt lat="31.15996886976063251495361328125" lon="121.194398291409015655517578125">
        <ele>4.599999904632568359375</ele>
        <time>2026-09-05T12:31:58.000Z</time>
        <extensions>
          <ns3:TrackPointExtension>
            <ns3:hr>144</ns3:hr>
            <ns3:cad>88</ns3:cad>
          </ns3:TrackPointExtension>
        </extensions>
      </trkpt>
      <trkpt lat="31.159947998821735382080078125" lon="121.19440809823572635650634765625">
        <ele>4.599999904632568359375</ele>
        <time>2026-09-05T12:31:59.000Z</time>
        <extensions>
          <ns3:TrackPointExtension>
            <ns3:hr>144</ns3:hr>
            <ns3:cad>89</ns3:cad>
          </ns3:TrackPointExtension>
        </extensions>
      </trkpt>
      <trkpt lat="31.15993299521505832672119140625" lon="121.194423772394657135009765625">
        <ele>4.599999904632568359375</ele>
        <time>2026-09-05T12:32:00.000Z</time>
        <extensions>
          <ns3:TrackPointExtension>
            <ns3:hr>144</ns3:hr>
            <ns3:cad>89</ns3:cad>
          </ns3:TrackPointExtension>
        </extensions>
      </trkpt>
      <trkpt lat="31.1599149741232395172119140625" lon="121.1944417096674442291259765625">
        <ele>4.599999904632568359375</ele>
        <time>2026-09-05T12:32:01.000Z</time>
        <extensions>
          <ns3:TrackPointExtension>
            <ns3:hr>144</ns3:hr>
            <ns3:cad>89</ns3:cad>
          </ns3:TrackPointExtension>
        </extensions>
      </trkpt>
      <trkpt lat="31.1598998866975307464599609375" lon="121.194458641111850738525390625">
        <ele>4.599999904632568359375</ele>
        <time>2026-09-05T12:32:02.000Z</time>
        <extensions>
          <ns3:TrackPointExtension>
            <ns3:hr>144</ns3:hr>
            <ns3:cad>89</ns3:cad>
          </ns3:TrackPointExtension>
        </extensions>
      </trkpt>
      <trkpt lat="31.15988169796764850616455078125" lon="121.19447297416627407073974609375">
        <ele>4.599999904632568359375</ele>
        <time>2026-09-05T12:32:03.000Z</time>
        <extensions>
          <ns3:TrackPointExtension>
            <ns3:hr>144</ns3:hr>
            <ns3:cad>88</ns3:cad>
          </ns3:TrackPointExtension>
        </extensions>
      </trkpt>
      <trkpt lat="31.15986007265746593475341796875" lon="121.194488815963268280029296875">
        <ele>4.599999904632568359375</ele>
        <time>2026-09-05T12:32:04.000Z</time>
        <extensions>
          <ns3:TrackPointExtension>
            <ns3:hr>144</ns3:hr>
            <ns3:cad>88</ns3:cad>
          </ns3:TrackPointExtension>
        </extensions>
      </trkpt>
      <trkpt lat="31.15983794443309307098388671875" lon="121.1945027299225330352783203125">
        <ele>4.599999904632568359375</ele>
        <time>2026-09-05T12:32:05.000Z</time>
        <extensions>
          <ns3:TrackPointExtension>
            <ns3:hr>145</ns3:hr>
            <ns3:cad>88</ns3:cad>
          </ns3:TrackPointExtension>
        </extensions>
      </trkpt>
      <trkpt lat="31.159816570580005645751953125" lon="121.19451588951051235198974609375">
        <ele>4.599999904632568359375</ele>
        <time>2026-09-05T12:32:06.000Z</time>
        <extensions>
          <ns3:TrackPointExtension>
            <ns3:hr>145</ns3:hr>
            <ns3:cad>88</ns3:cad>
          </ns3:TrackPointExtension>
        </extensions>
      </trkpt>
      <trkpt lat="31.1597956158220767974853515625" lon="121.19452963583171367645263671875">
        <ele>4.599999904632568359375</ele>
        <time>2026-09-05T12:32:07.000Z</time>
        <extensions>
          <ns3:TrackPointExtension>
            <ns3:hr>145</ns3:hr>
            <ns3:cad>89</ns3:cad>
          </ns3:TrackPointExtension>
        </extensions>
      </trkpt>
      <trkpt lat="31.15977457724511623382568359375" lon="121.19454271160066127777099609375">
        <ele>4.599999904632568359375</ele>
        <time>2026-09-05T12:32:08.000Z</time>
        <extensions>
          <ns3:TrackPointExtension>
            <ns3:hr>145</ns3:hr>
            <ns3:cad>89</ns3:cad>
          </ns3:TrackPointExtension>
        </extensions>
      </trkpt>
      <trkpt lat="31.1597533710300922393798828125" lon="121.19455310516059398651123046875">
        <ele>4.599999904632568359375</ele>
        <time>2026-09-05T12:32:09.000Z</time>
        <extensions>
          <ns3:TrackPointExtension>
            <ns3:hr>145</ns3:hr>
            <ns3:cad>89</ns3:cad>
          </ns3:TrackPointExtension>
        </extensions>
      </trkpt>
      <trkpt lat="31.1597295664250850677490234375" lon="121.1945597268640995025634765625">
        <ele>4.599999904632568359375</ele>
        <time>2026-09-05T12:32:10.000Z</time>
        <extensions>
          <ns3:TrackPointExtension>
            <ns3:hr>146</ns3:hr>
            <ns3:cad>89</ns3:cad>
          </ns3:TrackPointExtension>
        </extensions>
      </trkpt>
      <trkpt lat="31.159711964428424835205078125" lon="121.194569282233715057373046875">
        <ele>4.599999904632568359375</ele>
        <time>2026-09-05T12:32:11.000Z</time>
        <extensions>
          <ns3:TrackPointExtension>
            <ns3:hr>145</ns3:hr>
            <ns3:cad>88</ns3:cad>
          </ns3:TrackPointExtension>
        </extensions>
      </trkpt>
      <trkpt lat="31.15969008766114711761474609375" lon="121.1945754848420619964599609375">
        <ele>4.599999904632568359375</ele>
        <time>2026-09-05T12:32:12.000Z</time>
        <extensions>
          <ns3:TrackPointExtension>
            <ns3:hr>145</ns3:hr>
            <ns3:cad>88</ns3:cad>
          </ns3:TrackPointExtension>
        </extensions>
      </trkpt>
      <trkpt lat="31.1596685461699962615966796875" lon="121.1945852078497409820556640625">
        <ele>4.599999904632568359375</ele>
        <time>2026-09-05T12:32:13.000Z</time>
        <extensions>
          <ns3:TrackPointExtension>
            <ns3:hr>146</ns3:hr>
            <ns3:cad>88</ns3:cad>
          </ns3:TrackPointExtension>
        </extensions>
      </trkpt>
      <trkpt lat="31.15964365191757678985595703125" lon="121.19459266774356365203857421875">
        <ele>4.599999904632568359375</ele>
        <time>2026-09-05T12:32:14.000Z</time>
        <extensions>
          <ns3:TrackPointExtension>
            <ns3:hr>145</ns3:hr>
            <ns3:cad>88</ns3:cad>
          </ns3:TrackPointExtension>
        </extensions>
      </trkpt>
      <trkpt lat="31.159622780978679656982421875" lon="121.19460524059832096099853515625">
        <ele>4.599999904632568359375</ele>
        <time>2026-09-05T12:32:15.000Z</time>
        <extensions>
          <ns3:TrackPointExtension>
            <ns3:hr>145</ns3:hr>
            <ns3:cad>88</ns3:cad>
          </ns3:TrackPointExtension>
        </extensions>
      </trkpt>
      <trkpt lat="31.1595944501459598541259765625" lon="121.19461077265441417694091796875">
        <ele>4.599999904632568359375</ele>
        <time>2026-09-05T12:32:16.000Z</time>
        <extensions>
          <ns3:TrackPointExtension>
            <ns3:hr>146</ns3:hr>
            <ns3:cad>88</ns3:cad>
          </ns3:TrackPointExtension>
        </extensions>
      </trkpt>
      <trkpt lat="31.15957877598702907562255859375" lon="121.19462267495691776275634765625">
        <ele>4.599999904632568359375</ele>
        <time>2026-09-05T12:32:17.000Z</time>
        <extensions>
          <ns3:TrackPointExtension>
            <ns3:hr>145</ns3:hr>
            <ns3:cad>88</ns3:cad>
          </ns3:TrackPointExtension>
        </extensions>
      </trkpt>
      <trkpt lat="31.15955698303878307342529296875" lon="121.19463122449815273284912109375">
        <ele>4.400000095367431640625</ele>
        <time>2026-09-05T12:32:18.000Z</time>
        <extensions>
          <ns3:TrackPointExtension>
            <ns3:hr>145</ns3:hr>
            <ns3:cad>88</ns3:cad>
          </ns3:TrackPointExtension>
        </extensions>
      </trkpt>
      <trkpt lat="31.1595361120998859405517578125" lon="121.1946445517241954803466796875">
        <ele>4.400000095367431640625</ele>
        <time>2026-09-05T12:32:19.000Z</time>
        <extensions>
          <ns3:TrackPointExtension>
            <ns3:hr>146</ns3:hr>
            <ns3:cad>88</ns3:cad>
          </ns3:TrackPointExtension>
        </extensions>
      </trkpt>
      <trkpt lat="31.15951172076165676116943359375" lon="121.19465284980833530426025390625">
        <ele>4.599999904632568359375</ele>
        <time>2026-09-05T12:32:20.000Z</time>
        <extensions>
          <ns3:TrackPointExtension>
            <ns3:hr>145</ns3:hr>
            <ns3:cad>88</ns3:cad>
          </ns3:TrackPointExtension>
        </extensions>
      </trkpt>
      <trkpt lat="31.1594955436885356903076171875" lon="121.1946606449782848358154296875">
        <ele>4.599999904632568359375</ele>
        <time>2026-09-05T12:32:21.000Z</time>
        <extensions>
          <ns3:TrackPointExtension>
            <ns3:hr>146</ns3:hr>
            <ns3:cad>89</ns3:cad>
          </ns3:TrackPointExtension>
        </extensions>
      </trkpt>
      <trkpt lat="31.15946930833160877227783203125" lon="121.1946740560233592987060546875">
        <ele>4.599999904632568359375</ele>
        <time>2026-09-05T12:32:22.000Z</time>
        <extensions>
          <ns3:TrackPointExtension>
            <ns3:hr>146</ns3:hr>
            <ns3:cad>89</ns3:cad>
          </ns3:TrackPointExtension>
        </extensions>
      </trkpt>
      <trkpt lat="31.159446425735950469970703125" lon="121.1946821026504039764404296875">
        <ele>4.599999904632568359375</ele>
        <time>2026-09-05T12:32:23.000Z</time>
        <extensions>
          <ns3:TrackPointExtension>
            <ns3:hr>146</ns3:hr>
            <ns3:cad>88</ns3:cad>
          </ns3:TrackPointExtension>
        </extensions>
      </trkpt>
      <trkpt lat="31.15942672826349735260009765625" lon="121.19469098746776580810546875">
        <ele>4.400000095367431640625</ele>
        <time>2026-09-05T12:32:24.000Z</time>
        <extensions>
          <ns3:TrackPointExtension>
            <ns3:hr>146</ns3:hr>
            <ns3:cad>87</ns3:cad>
          </ns3:TrackPointExtension>
        </extensions>
      </trkpt>
      <trkpt lat="31.15940158255398273468017578125" lon="121.194694004952907562255859375">
        <ele>4.400000095367431640625</ele>
        <time>2026-09-05T12:32:25.000Z</time>
        <extensions>
          <ns3:TrackPointExtension>
            <ns3:hr>146</ns3:hr>
            <ns3:cad>87</ns3:cad>
          </ns3:TrackPointExtension>
        </extensions>
      </trkpt>
      <trkpt lat="31.159380711615085601806640625" lon="121.19470163248479366302490234375">
        <ele>4.400000095367431640625</ele>
        <time>2026-09-05T12:32:26.000Z</time>
        <extensions>
          <ns3:TrackPointExtension>
            <ns3:hr>147</ns3:hr>
            <ns3:cad>87</ns3:cad>
          </ns3:TrackPointExtension>
        </extensions>
      </trkpt>
      <trkpt lat="31.15935690701007843017578125" lon="121.19470599107444286346435546875">
        <ele>4.400000095367431640625</ele>
        <time>2026-09-05T12:32:27.000Z</time>
        <extensions>
          <ns3:TrackPointExtension>
            <ns3:hr>147</ns3:hr>
            <ns3:cad>88</ns3:cad>
          </ns3:TrackPointExtension>
        </extensions>
      </trkpt>
      <trkpt lat="31.1593388020992279052734375" lon="121.194712780416011810302734375">
        <ele>4.400000095367431640625</ele>
        <time>2026-09-05T12:32:28.000Z</time>
        <extensions>
          <ns3:TrackPointExtension>
            <ns3:hr>146</ns3:hr>
            <ns3:cad>88</ns3:cad>
          </ns3:TrackPointExtension>
        </extensions>
      </trkpt>
      <trkpt lat="31.1593173444271087646484375" lon="121.1947196535766124725341796875">
        <ele>4.400000095367431640625</ele>
        <time>2026-09-05T12:32:29.000Z</time>
        <extensions>
          <ns3:TrackPointExtension>
            <ns3:hr>146</ns3:hr>
            <ns3:cad>88</ns3:cad>
          </ns3:TrackPointExtension>
        </extensions>
      </trkpt>
      <trkpt lat="31.159299910068511962890625" lon="121.19472979567945003509521484375">
        <ele>4.400000095367431640625</ele>
        <time>2026-09-05T12:32:30.000Z</time>
        <extensions>
          <ns3:TrackPointExtension>
            <ns3:hr>146</ns3:hr>
            <ns3:cad>88</ns3:cad>
          </ns3:TrackPointExtension>
        </extensions>
      </trkpt>
      <trkpt lat="31.1592759378254413604736328125" lon="121.19473750703036785125732421875">
        <ele>4.599999904632568359375</ele>
        <time>2026-09-05T12:32:31.000Z</time>
        <extensions>
          <ns3:TrackPointExtension>
            <ns3:hr>146</ns3:hr>
            <ns3:cad>87</ns3:cad>
          </ns3:TrackPointExtension>
        </extensions>
      </trkpt>
      <trkpt lat="31.1592642031610012054443359375" lon="121.19474337436258792877197265625">
        <ele>4.599999904632568359375</ele>
        <time>2026-09-05T12:32:32.000Z</time>
        <extensions>
          <ns3:TrackPointExtension>
            <ns3:hr>146</ns3:hr>
            <ns3:cad>87</ns3:cad>
          </ns3:TrackPointExtension>
        </extensions>
      </trkpt>
      <trkpt lat="31.15924023091793060302734375" lon="121.194751672446727752685546875">
        <ele>4.599999904632568359375</ele>
        <time>2026-09-05T12:32:33.000Z</time>
        <extensions>
          <ns3:TrackPointExtension>
            <ns3:hr>146</ns3:hr>
            <ns3:cad>87</ns3:cad>
          </ns3:TrackPointExtension>
        </extensions>
      </trkpt>
      <trkpt lat="31.1592236347496509552001953125" lon="121.19475678540766239166259765625">
        <ele>4.599999904632568359375</ele>
        <time>2026-09-05T12:32:34.000Z</time>
        <extensions>
          <ns3:TrackPointExtension>
            <ns3:hr>146</ns3:hr>
            <ns3:cad>87</ns3:cad>
          </ns3:TrackPointExtension>
        </extensions>
      </trkpt>
      <trkpt lat="31.15919823758304119110107421875" lon="121.1947618983685970306396484375">
        <ele>4.599999904632568359375</ele>
        <time>2026-09-05T12:32:35.000Z</time>
        <extensions>
          <ns3:TrackPointExtension>
            <ns3:hr>146</ns3:hr>
            <ns3:cad>88</ns3:cad>
          </ns3:TrackPointExtension>
        </extensions>
      </trkpt>
      <trkpt lat="31.15917292423546314239501953125" lon="121.194765754044055938720703125">
        <ele>4.400000095367431640625</ele>
        <time>2026-09-05T12:32:36.000Z</time>
        <extensions>
          <ns3:TrackPointExtension>
            <ns3:hr>146</ns3:hr>
            <ns3:cad>88</ns3:cad>
          </ns3:TrackPointExtension>
        </extensions>
      </trkpt>
      <trkpt lat="31.15914945490658283233642578125" lon="121.1947736330330371856689453125">
        <ele>4.400000095367431640625</ele>
        <time>2026-09-05T12:32:37.000Z</time>
        <extensions>
          <ns3:TrackPointExtension>
            <ns3:hr>146</ns3:hr>
            <ns3:cad>87</ns3:cad>
          </ns3:TrackPointExtension>
        </extensions>
      </trkpt>
      <trkpt lat="31.1591237224638462066650390625" lon="121.19478059001266956329345703125">
        <ele>4.400000095367431640625</ele>
        <time>2026-09-05T12:32:38.000Z</time>
        <extensions>
          <ns3:TrackPointExtension>
            <ns3:hr>145</ns3:hr>
            <ns3:cad>87</ns3:cad>
          </ns3:TrackPointExtension>
        </extensions>
      </trkpt>
      <trkpt lat="31.15910352207720279693603515625" lon="121.19478964246809482574462890625">
        <ele>4.400000095367431640625</ele>
        <time>2026-09-05T12:32:39.000Z</time>
        <extensions>
          <ns3:TrackPointExtension>
            <ns3:hr>146</ns3:hr>
            <ns3:cad>87</ns3:cad>
          </ns3:TrackPointExtension>
        </extensions>
      </trkpt>
      <trkpt lat="31.1590818129479885101318359375" lon="121.19479115121066570281982421875">
        <ele>4.400000095367431640625</ele>
        <time>2026-09-05T12:32:40.000Z</time>
        <extensions>
          <ns3:TrackPointExtension>
            <ns3:hr>146</ns3:hr>
            <ns3:cad>87</ns3:cad>
          </ns3:TrackPointExtension>
        </extensions>
      </trkpt>
      <trkpt lat="31.15905976854264736175537109375" lon="121.194796599447727203369140625">
        <ele>4.400000095367431640625</ele>
        <time>2026-09-05T12:32:41.000Z</time>
        <extensions>
          <ns3:TrackPointExtension>
            <ns3:hr>146</ns3:hr>
            <ns3:cad>87</ns3:cad>
          </ns3:TrackPointExtension>
        </extensions>
      </trkpt>
      <trkpt lat="31.159034706652164459228515625" lon="121.1947981081902980804443359375">
        <ele>4.400000095367431640625</ele>
        <time>2026-09-05T12:32:42.000Z</time>
        <extensions>
          <ns3:TrackPointExtension>
            <ns3:hr>146</ns3:hr>
            <ns3:cad>88</ns3:cad>
          </ns3:TrackPointExtension>
        </extensions>
      </trkpt>
      <trkpt lat="31.15901182405650615692138671875" lon="121.194802634418010711669921875">
        <ele>4.400000095367431640625</ele>
        <time>2026-09-05T12:32:43.000Z</time>
        <extensions>
          <ns3:TrackPointExtension>
            <ns3:hr>145</ns3:hr>
            <ns3:cad>89</ns3:cad>
          </ns3:TrackPointExtension>
        </extensions>
      </trkpt>
      <trkpt lat="31.15898651070892810821533203125" lon="121.19480405934154987335205078125">
        <ele>4.400000095367431640625</ele>
        <time>2026-09-05T12:32:44.000Z</time>
        <extensions>
          <ns3:TrackPointExtension>
            <ns3:hr>145</ns3:hr>
            <ns3:cad>89</ns3:cad>
          </ns3:TrackPointExtension>
        </extensions>
      </trkpt>
      <trkpt lat="31.15895767696201801300048828125" lon="121.19481126777827739715576171875">
        <ele>4.400000095367431640625</ele>
        <time>2026-09-05T12:32:45.000Z</time>
        <extensions>
          <ns3:TrackPointExtension>
            <ns3:hr>145</ns3:hr>
            <ns3:cad>89</ns3:cad>
          </ns3:TrackPointExtension>
        </extensions>
      </trkpt>
      <trkpt lat="31.15893051959574222564697265625" lon="121.19481378234922885894775390625">
        <ele>4.400000095367431640625</ele>
        <time>2026-09-05T12:32:46.000Z</time>
        <extensions>
          <ns3:TrackPointExtension>
            <ns3:hr>145</ns3:hr>
            <ns3:cad>90</ns3:cad>
          </ns3:TrackPointExtension>
        </extensions>
      </trkpt>
      <trkpt lat="31.1589010991156101226806640625" lon="121.1948165483772754669189453125">
        <ele>4.400000095367431640625</ele>
        <time>2026-09-05T12:32:47.000Z</time>
        <extensions>
          <ns3:TrackPointExtension>
            <ns3:hr>146</ns3:hr>
            <ns3:cad>90</ns3:cad>
          </ns3:TrackPointExtension>
        </extensions>
      </trkpt>
      <trkpt lat="31.15887050516903400421142578125" lon="121.19482568465173244476318359375">
        <ele>4.599999904632568359375</ele>
        <time>2026-09-05T12:32:48.000Z</time>
        <extensions>
          <ns3:TrackPointExtension>
            <ns3:hr>145</ns3:hr>
            <ns3:cad>91</ns3:cad>
          </ns3:TrackPointExtension>
        </extensions>
      </trkpt>
      <trkpt lat="31.15883932448923587799072265625" lon="121.19483448565006256103515625">
        <ele>4.599999904632568359375</ele>
        <time>2026-09-05T12:32:49.000Z</time>
        <extensions>
          <ns3:TrackPointExtension>
            <ns3:hr>145</ns3:hr>
            <ns3:cad>92</ns3:cad>
          </ns3:TrackPointExtension>
        </extensions>
      </trkpt>
      <trkpt lat="31.15881283767521381378173828125" lon="121.19484311901032924652099609375">
        <ele>4.400000095367431640625</ele>
        <time>2026-09-05T12:32:50.000Z</time>
        <extensions>
          <ns3:TrackPointExtension>
            <ns3:hr>146</ns3:hr>
            <ns3:cad>92</ns3:cad>
          </ns3:TrackPointExtension>
        </extensions>
      </trkpt>
      <trkpt lat="31.15877754986286163330078125" lon="121.1948432028293609619140625">
        <ele>4.400000095367431640625</ele>
        <time>2026-09-05T12:32:51.000Z</time>
        <extensions>
          <ns3:TrackPointExtension>
            <ns3:hr>145</ns3:hr>
            <ns3:cad>91</ns3:cad>
          </ns3:TrackPointExtension>
        </extensions>
      </trkpt>
      <trkpt lat="31.15875198505818843841552734375" lon="121.19484328664839267730712890625">
        <ele>4.400000095367431640625</ele>
        <time>2026-09-05T12:32:52.000Z</time>
        <extensions>
          <ns3:TrackPointExtension>
            <ns3:hr>145</ns3:hr>
            <ns3:cad>90</ns3:cad>
          </ns3:TrackPointExtension>
        </extensions>
      </trkpt>
      <trkpt lat="31.15872449241578578948974609375" lon="121.19483582675457000732421875">
        <ele>4.400000095367431640625</ele>
        <time>2026-09-05T12:32:53.000Z</time>
        <extensions>
          <ns3:TrackPointExtension>
            <ns3:hr>146</ns3:hr>
            <ns3:cad>90</ns3:cad>
          </ns3:TrackPointExtension>
        </extensions>
      </trkpt>
      <trkpt lat="31.15869616158306598663330078125" lon="121.1948329769074916839599609375">
        <ele>4.400000095367431640625</ele>
        <time>2026-09-05T12:32:54.000Z</time>
        <extensions>
          <ns3:TrackPointExtension>
            <ns3:hr>146</ns3:hr>
            <ns3:cad>90</ns3:cad>
          </ns3:TrackPointExtension>
        </extensions>
      </trkpt>
      <trkpt lat="31.15866313688457012176513671875" lon="121.19483624584972858428955078125">
        <ele>4.400000095367431640625</ele>
        <time>2026-09-05T12:32:55.000Z</time>
        <extensions>
          <ns3:TrackPointExtension>
            <ns3:hr>146</ns3:hr>
            <ns3:cad>90</ns3:cad>
          </ns3:TrackPointExtension>
        </extensions>
      </trkpt>
      <trkpt lat="31.15863044746220111846923828125" lon="121.19483582675457000732421875">
        <ele>4.400000095367431640625</ele>
        <time>2026-09-05T12:32:56.000Z</time>
        <extensions>
          <ns3:TrackPointExtension>
            <ns3:hr>146</ns3:hr>
            <ns3:cad>90</ns3:cad>
          </ns3:TrackPointExtension>
        </extensions>
      </trkpt>
      <trkpt lat="31.15860530175268650054931640625" lon="121.19483339600265026092529296875">
        <ele>4.400000095367431640625</ele>
        <time>2026-09-05T12:32:57.000Z</time>
        <extensions>
          <ns3:TrackPointExtension>
            <ns3:hr>146</ns3:hr>
            <ns3:cad>90</ns3:cad>
          </ns3:TrackPointExtension>
        </extensions>
      </trkpt>
      <trkpt lat="31.15858082659542560577392578125" lon="121.194829456508159637451171875">
        <ele>4.400000095367431640625</ele>
        <time>2026-09-05T12:32:58.000Z</time>
        <extensions>
          <ns3:TrackPointExtension>
            <ns3:hr>145</ns3:hr>
            <ns3:cad>90</ns3:cad>
          </ns3:TrackPointExtension>
        </extensions>
      </trkpt>
      <trkpt lat="31.1585529148578643798828125" lon="121.19483104906976222991943359375">
        <ele>4.400000095367431640625</ele>
        <time>2026-09-05T12:32:59.000Z</time>
        <extensions>
          <ns3:TrackPointExtension>
            <ns3:hr>146</ns3:hr>
            <ns3:cad>90</ns3:cad>
          </ns3:TrackPointExtension>
        </extensions>
      </trkpt>
      <trkpt lat="31.15852936170995235443115234375" lon="121.1948297917842864990234375">
        <ele>4.599999904632568359375</ele>
        <time>2026-09-05T12:33:00.000Z</time>
        <extensions>
          <ns3:TrackPointExtension>
            <ns3:hr>146</ns3:hr>
            <ns3:cad>89</ns3:cad>
          </ns3:TrackPointExtension>
        </extensions>
      </trkpt>
      <trkpt lat="31.15850505419075489044189453125" lon="121.194829456508159637451171875">
        <ele>4.599999904632568359375</ele>
        <time>2026-09-05T12:33:01.000Z</time>
        <extensions>
          <ns3:TrackPointExtension>
            <ns3:hr>146</ns3:hr>
            <ns3:cad>88</ns3:cad>
          </ns3:TrackPointExtension>
        </extensions>
      </trkpt>
      <trkpt lat="31.15848057903349399566650390625" lon="121.1948309652507305145263671875">
        <ele>4.400000095367431640625</ele>
        <time>2026-09-05T12:33:02.000Z</time>
        <extensions>
          <ns3:TrackPointExtension>
            <ns3:hr>146</ns3:hr>
            <ns3:cad>88</ns3:cad>
          </ns3:TrackPointExtension>
        </extensions>
      </trkpt>
      <trkpt lat="31.15845560096204280853271484375" lon="121.19483674876391887664794921875">
        <ele>4.599999904632568359375</ele>
        <time>2026-09-05T12:33:03.000Z</time>
        <extensions>
          <ns3:TrackPointExtension>
            <ns3:hr>146</ns3:hr>
            <ns3:cad>88</ns3:cad>
          </ns3:TrackPointExtension>
        </extensions>
      </trkpt>
      <trkpt lat="31.15842877887189388275146484375" lon="121.19483121670782566070556640625">
        <ele>4.400000095367431640625</ele>
        <time>2026-09-05T12:33:04.000Z</time>
        <extensions>
          <ns3:TrackPointExtension>
            <ns3:hr>146</ns3:hr>
            <ns3:cad>89</ns3:cad>
          </ns3:TrackPointExtension>
        </extensions>
      </trkpt>
      <trkpt lat="31.1584048904478549957275390625" lon="121.19483406655490398406982421875">
        <ele>4.400000095367431640625</ele>
        <time>2026-09-05T12:33:05.000Z</time>
        <extensions>
          <ns3:TrackPointExtension>
            <ns3:hr>146</ns3:hr>
            <ns3:cad>89</ns3:cad>
          </ns3:TrackPointExtension>
        </extensions>
      </trkpt>
      <trkpt lat="31.15837798453867435455322265625" lon="121.1948351562023162841796875">
        <ele>4.599999904632568359375</ele>
        <time>2026-09-05T12:33:06.000Z</time>
        <extensions>
          <ns3:TrackPointExtension>
            <ns3:hr>145</ns3:hr>
            <ns3:cad>89</ns3:cad>
          </ns3:TrackPointExtension>
        </extensions>
      </trkpt>
      <trkpt lat="31.15835376083850860595703125" lon="121.194836162030696868896484375">
        <ele>4.400000095367431640625</ele>
        <time>2026-09-05T12:33:07.000Z</time>
        <extensions>
          <ns3:TrackPointExtension>
            <ns3:hr>146</ns3:hr>
            <ns3:cad>89</ns3:cad>
          </ns3:TrackPointExtension>
        </extensions>
      </trkpt>
      <trkpt lat="31.15832668729126453399658203125" lon="121.1948378384113311767578125">
        <ele>4.400000095367431640625</ele>
        <time>2026-09-05T12:33:08.000Z</time>
        <extensions>
          <ns3:TrackPointExtension>
            <ns3:hr>146</ns3:hr>
            <ns3:cad>89</ns3:cad>
          </ns3:TrackPointExtension>
        </extensions>
      </trkpt>
      <trkpt lat="31.15830573253333568572998046875" lon="121.19485384784638881683349609375">
        <ele>4.400000095367431640625</ele>
        <time>2026-09-05T12:33:09.000Z</time>
        <extensions>
          <ns3:TrackPointExtension>
            <ns3:hr>145</ns3:hr>
            <ns3:cad>90</ns3:cad>
          </ns3:TrackPointExtension>
        </extensions>
      </trkpt>
      <trkpt lat="31.1582761444151401519775390625" lon="121.19486776180565357208251953125">
        <ele>4.400000095367431640625</ele>
        <time>2026-09-05T12:33:10.000Z</time>
        <extensions>
          <ns3:TrackPointExtension>
            <ns3:hr>145</ns3:hr>
            <ns3:cad>90</ns3:cad>
          </ns3:TrackPointExtension>
        </extensions>
      </trkpt>
      <trkpt lat="31.15825627930462360382080078125" lon="121.19487999938428401947021484375">
        <ele>4.400000095367431640625</ele>
        <time>2026-09-05T12:33:11.000Z</time>
        <extensions>
          <ns3:TrackPointExtension>
            <ns3:hr>145</ns3:hr>
            <ns3:cad>90</ns3:cad>
          </ns3:TrackPointExtension>
        </extensions>
      </trkpt>
      <trkpt lat="31.15822979249060153961181640625" lon="121.19487882591784000396728515625">
        <ele>4.400000095367431640625</ele>
        <time>2026-09-05T12:33:12.000Z</time>
        <extensions>
          <ns3:TrackPointExtension>
            <ns3:hr>145</ns3:hr>
            <ns3:cad>90</ns3:cad>
          </ns3:TrackPointExtension>
        </extensions>
      </trkpt>
      <trkpt lat="31.15820716135203838348388671875" lon="121.19488620199263095855712890625">
        <ele>4.400000095367431640625</ele>
        <time>2026-09-05T12:33:13.000Z</time>
        <extensions>
          <ns3:TrackPointExtension>
            <ns3:hr>146</ns3:hr>
            <ns3:cad>87</ns3:cad>
          </ns3:TrackPointExtension>
        </extensions>
      </trkpt>
      <trkpt lat="31.158177740871906280517578125" lon="121.19488955475389957427978515625">
        <ele>4.400000095367431640625</ele>
        <time>2026-09-05T12:33:14.000Z</time>
        <extensions>
          <ns3:TrackPointExtension>
            <ns3:hr>145</ns3:hr>
            <ns3:cad>87</ns3:cad>
          </ns3:TrackPointExtension>
        </extensions>
      </trkpt>
      <trkpt lat="31.15815167315304279327392578125" lon="121.19490154087543487548828125">
        <ele>4.400000095367431640625</ele>
        <time>2026-09-05T12:33:15.000Z</time>
        <extensions>
          <ns3:TrackPointExtension>
            <ns3:hr>145</ns3:hr>
            <ns3:cad>87</ns3:cad>
          </ns3:TrackPointExtension>
        </extensions>
      </trkpt>
      <trkpt lat="31.15812350995838642120361328125" lon="121.19490430690348148345947265625">
        <ele>4.400000095367431640625</ele>
        <time>2026-09-05T12:33:16.000Z</time>
        <extensions>
          <ns3:TrackPointExtension>
            <ns3:hr>145</ns3:hr>
            <ns3:cad>88</ns3:cad>
          </ns3:TrackPointExtension>
        </extensions>
      </trkpt>
      <trkpt lat="31.15810171701014041900634765625" lon="121.19491335935890674591064453125">
        <ele>4.400000095367431640625</ele>
        <time>2026-09-05T12:33:17.000Z</time>
        <extensions>
          <ns3:TrackPointExtension>
            <ns3:hr>145</ns3:hr>
            <ns3:cad>89</ns3:cad>
          </ns3:TrackPointExtension>
        </extensions>
      </trkpt>
      <trkpt lat="31.1580719612538814544677734375" lon="121.1949171312153339385986328125">
        <ele>4.400000095367431640625</ele>
        <time>2026-09-05T12:33:18.000Z</time>
        <extensions>
          <ns3:TrackPointExtension>
            <ns3:hr>145</ns3:hr>
            <ns3:cad>90</ns3:cad>
          </ns3:TrackPointExtension>
        </extensions>
      </trkpt>
      <trkpt lat="31.15804756991565227508544921875" lon="121.1949275247752666473388671875">
        <ele>4.400000095367431640625</ele>
        <time>2026-09-05T12:33:19.000Z</time>
        <extensions>
          <ns3:TrackPointExtension>
            <ns3:hr>145</ns3:hr>
            <ns3:cad>90</ns3:cad>
          </ns3:TrackPointExtension>
        </extensions>
      </trkpt>
      <trkpt lat="31.15802158601582050323486328125" lon="121.19493565522134304046630859375">
        <ele>4.400000095367431640625</ele>
        <time>2026-09-05T12:33:20.000Z</time>
        <extensions>
          <ns3:TrackPointExtension>
            <ns3:hr>145</ns3:hr>
            <ns3:cad>89</ns3:cad>
          </ns3:TrackPointExtension>
        </extensions>
      </trkpt>
      <trkpt lat="31.1579990386962890625" lon="121.19494386948645114898681640625">
        <ele>4.400000095367431640625</ele>
        <time>2026-09-05T12:33:21.000Z</time>
        <extensions>
          <ns3:TrackPointExtension>
            <ns3:hr>144</ns3:hr>
            <ns3:cad>89</ns3:cad>
          </ns3:TrackPointExtension>
        </extensions>
      </trkpt>
      <trkpt lat="31.1579717136919498443603515625" lon="121.19495023973286151885986328125">
        <ele>4.400000095367431640625</ele>
        <time>2026-09-05T12:33:22.000Z</time>
        <extensions>
          <ns3:TrackPointExtension>
            <ns3:hr>145</ns3:hr>
            <ns3:cad>89</ns3:cad>
          </ns3:TrackPointExtension>
        </extensions>
      </trkpt>
      <trkpt lat="31.15795251913368701934814453125" lon="121.19495929218828678131103515625">
        <ele>4.400000095367431640625</ele>
        <time>2026-09-05T12:33:23.000Z</time>
        <extensions>
          <ns3:TrackPointExtension>
            <ns3:hr>145</ns3:hr>
            <ns3:cad>89</ns3:cad>
          </ns3:TrackPointExtension>
        </extensions>
      </trkpt>
      <trkpt lat="31.15792150609195232391357421875" lon="121.1949654109776020050048828125">
        <ele>4.400000095367431640625</ele>
        <time>2026-09-05T12:33:24.000Z</time>
        <extensions>
          <ns3:TrackPointExtension>
            <ns3:hr>144</ns3:hr>
            <ns3:cad>89</ns3:cad>
          </ns3:TrackPointExtension>
        </extensions>
      </trkpt>
      <trkpt lat="31.15789937786757946014404296875" lon="121.19497505016624927520751953125">
        <ele>4.400000095367431640625</ele>
        <time>2026-09-05T12:33:25.000Z</time>
        <extensions>
          <ns3:TrackPointExtension>
            <ns3:hr>144</ns3:hr>
            <ns3:cad>89</ns3:cad>
          </ns3:TrackPointExtension>
        </extensions>
      </trkpt>
      <trkpt lat="31.15786987356841564178466796875" lon="121.19498192332684993743896484375">
        <ele>4.400000095367431640625</ele>
        <time>2026-09-05T12:33:26.000Z</time>
        <extensions>
          <ns3:TrackPointExtension>
            <ns3:hr>144</ns3:hr>
            <ns3:cad>89</ns3:cad>
          </ns3:TrackPointExtension>
        </extensions>
      </trkpt>
      <trkpt lat="31.157848499715328216552734375" lon="121.194988377392292022705078125">
        <ele>4.400000095367431640625</ele>
        <time>2026-09-05T12:33:27.000Z</time>
        <extensions>
          <ns3:TrackPointExtension>
            <ns3:hr>144</ns3:hr>
            <ns3:cad>89</ns3:cad>
          </ns3:TrackPointExtension>
        </extensions>
      </trkpt>
      <trkpt lat="31.15782000124454498291015625" lon="121.1949920654296875">
        <ele>4.400000095367431640625</ele>
        <time>2026-09-05T12:33:28.000Z</time>
        <extensions>
          <ns3:TrackPointExtension>
            <ns3:hr>144</ns3:hr>
            <ns3:cad>89</ns3:cad>
          </ns3:TrackPointExtension>
        </extensions>
      </trkpt>
      <trkpt lat="31.1577987112104892730712890625" lon="121.19499885477125644683837890625">
        <ele>4.400000095367431640625</ele>
        <time>2026-09-05T12:33:29.000Z</time>
        <extensions>
          <ns3:TrackPointExtension>
            <ns3:hr>145</ns3:hr>
            <ns3:cad>89</ns3:cad>
          </ns3:TrackPointExtension>
        </extensions>
      </trkpt>
      <trkpt lat="31.1577668599784374237060546875" lon="121.195005141198635101318359375">
        <ele>4.400000095367431640625</ele>
        <time>2026-09-05T12:33:30.000Z</time>
        <extensions>
          <ns3:TrackPointExtension>
            <ns3:hr>144</ns3:hr>
            <ns3:cad>90</ns3:cad>
          </ns3:TrackPointExtension>
        </extensions>
      </trkpt>
      <trkpt lat="31.1577455699443817138671875" lon="121.19501377455890178680419921875">
        <ele>4.400000095367431640625</ele>
        <time>2026-09-05T12:33:31.000Z</time>
        <extensions>
          <ns3:TrackPointExtension>
            <ns3:hr>144</ns3:hr>
            <ns3:cad>90</ns3:cad>
          </ns3:TrackPointExtension>
        </extensions>
      </trkpt>
      <trkpt lat="31.15772075951099395751953125" lon="121.1950203962624073028564453125">
        <ele>4.400000095367431640625</ele>
        <time>2026-09-05T12:33:32.000Z</time>
        <extensions>
          <ns3:TrackPointExtension>
            <ns3:hr>143</ns3:hr>
            <ns3:cad>90</ns3:cad>
          </ns3:TrackPointExtension>
        </extensions>
      </trkpt>
      <trkpt lat="31.15769770927727222442626953125" lon="121.19502601213753223419189453125">
        <ele>4.400000095367431640625</ele>
        <time>2026-09-05T12:33:33.000Z</time>
        <extensions>
          <ns3:TrackPointExtension>
            <ns3:hr>143</ns3:hr>
            <ns3:cad>90</ns3:cad>
          </ns3:TrackPointExtension>
        </extensions>
      </trkpt>
      <trkpt lat="31.1576686240732669830322265625" lon="121.19502886198461055755615234375">
        <ele>4.400000095367431640625</ele>
        <time>2026-09-05T12:33:34.000Z</time>
        <extensions>
          <ns3:TrackPointExtension>
            <ns3:hr>143</ns3:hr>
            <ns3:cad>90</ns3:cad>
          </ns3:TrackPointExtension>
        </extensions>
      </trkpt>
      <trkpt lat="31.15764792077243328094482421875" lon="121.19503523223102092742919921875">
        <ele>4.400000095367431640625</ele>
        <time>2026-09-05T12:33:35.000Z</time>
        <extensions>
          <ns3:TrackPointExtension>
            <ns3:hr>143</ns3:hr>
            <ns3:cad>89</ns3:cad>
          </ns3:TrackPointExtension>
        </extensions>
      </trkpt>
      <trkpt lat="31.1576260440051555633544921875" lon="121.195046715438365936279296875">
        <ele>4.599999904632568359375</ele>
        <time>2026-09-05T12:33:36.000Z</time>
        <extensions>
          <ns3:TrackPointExtension>
            <ns3:hr>143</ns3:hr>
            <ns3:cad>89</ns3:cad>
          </ns3:TrackPointExtension>
        </extensions>
      </trkpt>
      <trkpt lat="31.15760274231433868408203125" lon="121.19505107402801513671875">
        <ele>4.599999904632568359375</ele>
        <time>2026-09-05T12:33:37.000Z</time>
        <extensions>
          <ns3:TrackPointExtension>
            <ns3:hr>142</ns3:hr>
            <ns3:cad>89</ns3:cad>
          </ns3:TrackPointExtension>
        </extensions>
      </trkpt>
      <trkpt lat="31.15757818333804607391357421875" lon="121.1950566060841083526611328125">
        <ele>4.599999904632568359375</ele>
        <time>2026-09-05T12:33:38.000Z</time>
        <extensions>
          <ns3:TrackPointExtension>
            <ns3:hr>143</ns3:hr>
            <ns3:cad>89</ns3:cad>
          </ns3:TrackPointExtension>
        </extensions>
      </trkpt>
      <trkpt lat="31.157552115619182586669921875" lon="121.1950639821588993072509765625">
        <ele>4.599999904632568359375</ele>
        <time>2026-09-05T12:33:39.000Z</time>
        <extensions>
          <ns3:TrackPointExtension>
            <ns3:hr>143</ns3:hr>
            <ns3:cad>88</ns3:cad>
          </ns3:TrackPointExtension>
        </extensions>
      </trkpt>
      <trkpt lat="31.1575264669954776763916015625" lon="121.19507228024303913116455078125">
        <ele>4.599999904632568359375</ele>
        <time>2026-09-05T12:33:40.000Z</time>
        <extensions>
          <ns3:TrackPointExtension>
            <ns3:hr>142</ns3:hr>
            <ns3:cad>88</ns3:cad>
          </ns3:TrackPointExtension>
        </extensions>
      </trkpt>
      <trkpt lat="31.1575070209801197052001953125" lon="121.1950827576220035552978515625">
        <ele>4.599999904632568359375</ele>
        <time>2026-09-05T12:33:41.000Z</time>
        <extensions>
          <ns3:TrackPointExtension>
            <ns3:hr>143</ns3:hr>
            <ns3:cad>88</ns3:cad>
          </ns3:TrackPointExtension>
        </extensions>
      </trkpt>
      <trkpt lat="31.1574832163751125335693359375" lon="121.19509357027709484100341796875">
        <ele>4.599999904632568359375</ele>
        <time>2026-09-05T12:33:42.000Z</time>
        <extensions>
          <ns3:TrackPointExtension>
            <ns3:hr>144</ns3:hr>
            <ns3:cad>88</ns3:cad>
          </ns3:TrackPointExtension>
        </extensions>
      </trkpt>
      <trkpt lat="31.157464943826198577880859375" lon="121.195106394588947296142578125">
        <ele>4.80000019073486328125</ele>
        <time>2026-09-05T12:33:43.000Z</time>
        <extensions>
          <ns3:TrackPointExtension>
            <ns3:hr>144</ns3:hr>
            <ns3:cad>89</ns3:cad>
          </ns3:TrackPointExtension>
        </extensions>
      </trkpt>
      <trkpt lat="31.157439462840557098388671875" lon="121.19511603377759456634521484375">
        <ele>4.80000019073486328125</ele>
        <time>2026-09-05T12:33:44.000Z</time>
        <extensions>
          <ns3:TrackPointExtension>
            <ns3:hr>145</ns3:hr>
            <ns3:cad>89</ns3:cad>
          </ns3:TrackPointExtension>
        </extensions>
      </trkpt>
      <trkpt lat="31.157415322959423065185546875" lon="121.19512072764337062835693359375">
        <ele>4.80000019073486328125</ele>
        <time>2026-09-05T12:33:45.000Z</time>
        <extensions>
          <ns3:TrackPointExtension>
            <ns3:hr>145</ns3:hr>
            <ns3:cad>89</ns3:cad>
          </ns3:TrackPointExtension>
        </extensions>
      </trkpt>
      <trkpt lat="31.157390177249908447265625" lon="121.19513749144971370697021484375">
        <ele>4.80000019073486328125</ele>
        <time>2026-09-05T12:33:46.000Z</time>
        <extensions>
          <ns3:TrackPointExtension>
            <ns3:hr>146</ns3:hr>
            <ns3:cad>90</ns3:cad>
          </ns3:TrackPointExtension>
        </extensions>
      </trkpt>
      <trkpt lat="31.15736779756844043731689453125" lon="121.1951494775712490081787109375">
        <ele>4.80000019073486328125</ele>
        <time>2026-09-05T12:33:47.000Z</time>
        <extensions>
          <ns3:TrackPointExtension>
            <ns3:hr>146</ns3:hr>
            <ns3:cad>90</ns3:cad>
          </ns3:TrackPointExtension>
        </extensions>
      </trkpt>
      <trkpt lat="31.15734432823956012725830078125" lon="121.19516045786440372467041015625">
        <ele>4.80000019073486328125</ele>
        <time>2026-09-05T12:33:48.000Z</time>
        <extensions>
          <ns3:TrackPointExtension>
            <ns3:hr>146</ns3:hr>
            <ns3:cad>89</ns3:cad>
          </ns3:TrackPointExtension>
        </extensions>
      </trkpt>
      <trkpt lat="31.15732379257678985595703125" lon="121.1951712705194950103759765625">
        <ele>4.80000019073486328125</ele>
        <time>2026-09-05T12:33:49.000Z</time>
        <extensions>
          <ns3:TrackPointExtension>
            <ns3:hr>146</ns3:hr>
            <ns3:cad>89</ns3:cad>
          </ns3:TrackPointExtension>
        </extensions>
      </trkpt>
      <trkpt lat="31.15730694495141506195068359375" lon="121.19518392719328403472900390625">
        <ele>5</ele>
        <time>2026-09-05T12:33:50.000Z</time>
        <extensions>
          <ns3:TrackPointExtension>
            <ns3:hr>146</ns3:hr>
            <ns3:cad>89</ns3:cad>
          </ns3:TrackPointExtension>
        </extensions>
      </trkpt>
      <trkpt lat="31.15728548727929592132568359375" lon="121.1951997689902782440185546875">
        <ele>5</ele>
        <time>2026-09-05T12:33:51.000Z</time>
        <extensions>
          <ns3:TrackPointExtension>
            <ns3:hr>146</ns3:hr>
            <ns3:cad>89</ns3:cad>
          </ns3:TrackPointExtension>
        </extensions>
      </trkpt>
      <trkpt lat="31.157263778150081634521484375" lon="121.1952131800353527069091796875">
        <ele>5</ele>
        <time>2026-09-05T12:33:52.000Z</time>
        <extensions>
          <ns3:TrackPointExtension>
            <ns3:hr>146</ns3:hr>
            <ns3:cad>89</ns3:cad>
          </ns3:TrackPointExtension>
        </extensions>
      </trkpt>
      <trkpt lat="31.157241649925708770751953125" lon="121.1952275969088077545166015625">
        <ele>5.19999980926513671875</ele>
        <time>2026-09-05T12:33:53.000Z</time>
        <extensions>
          <ns3:TrackPointExtension>
            <ns3:hr>146</ns3:hr>
            <ns3:cad>89</ns3:cad>
          </ns3:TrackPointExtension>
        </extensions>
      </trkpt>
      <trkpt lat="31.1572193540632724761962890625" lon="121.1952410079538822174072265625">
        <ele>5.19999980926513671875</ele>
        <time>2026-09-05T12:33:54.000Z</time>
        <extensions>
          <ns3:TrackPointExtension>
            <ns3:hr>147</ns3:hr>
            <ns3:cad>90</ns3:cad>
          </ns3:TrackPointExtension>
        </extensions>
      </trkpt>
      <trkpt lat="31.15719974040985107421875" lon="121.195254586637020111083984375">
        <ele>5.19999980926513671875</ele>
        <time>2026-09-05T12:33:55.000Z</time>
        <extensions>
          <ns3:TrackPointExtension>
            <ns3:hr>147</ns3:hr>
            <ns3:cad>90</ns3:cad>
          </ns3:TrackPointExtension>
        </extensions>
      </trkpt>
      <trkpt lat="31.15717652253806591033935546875" lon="121.1952674947679042816162109375">
        <ele>5.19999980926513671875</ele>
        <time>2026-09-05T12:33:56.000Z</time>
        <extensions>
          <ns3:TrackPointExtension>
            <ns3:hr>147</ns3:hr>
            <ns3:cad>90</ns3:cad>
          </ns3:TrackPointExtension>
        </extensions>
      </trkpt>
      <trkpt lat="31.1571566574275493621826171875" lon="121.19528166018426418304443359375">
        <ele>5.400000095367431640625</ele>
        <time>2026-09-05T12:33:57.000Z</time>
        <extensions>
          <ns3:TrackPointExtension>
            <ns3:hr>147</ns3:hr>
            <ns3:cad>90</ns3:cad>
          </ns3:TrackPointExtension>
        </extensions>
      </trkpt>
      <trkpt lat="31.1571268178522586822509765625" lon="121.195297501981258392333984375">
        <ele>5.400000095367431640625</ele>
        <time>2026-09-05T12:33:58.000Z</time>
        <extensions>
          <ns3:TrackPointExtension>
            <ns3:hr>147</ns3:hr>
            <ns3:cad>90</ns3:cad>
          </ns3:TrackPointExtension>
        </extensions>
      </trkpt>
      <trkpt lat="31.15709580481052398681640625" lon="121.1953154392540454864501953125">
        <ele>5.400000095367431640625</ele>
        <time>2026-09-05T12:33:59.000Z</time>
        <extensions>
          <ns3:TrackPointExtension>
            <ns3:hr>147</ns3:hr>
            <ns3:cad>90</ns3:cad>
          </ns3:TrackPointExtension>
        </extensions>
      </trkpt>
      <trkpt lat="31.15707107819616794586181640625" lon="121.19533647783100605010986328125">
        <ele>5.599999904632568359375</ele>
        <time>2026-09-05T12:34:00.000Z</time>
        <extensions>
          <ns3:TrackPointExtension>
            <ns3:hr>147</ns3:hr>
            <ns3:cad>90</ns3:cad>
          </ns3:TrackPointExtension>
        </extensions>
      </trkpt>
      <trkpt lat="31.15704157389700412750244140625" lon="121.19535609148442745208740234375">
        <ele>5.599999904632568359375</ele>
        <time>2026-09-05T12:34:01.000Z</time>
        <extensions>
          <ns3:TrackPointExtension>
            <ns3:hr>147</ns3:hr>
            <ns3:cad>90</ns3:cad>
          </ns3:TrackPointExtension>
        </extensions>
      </trkpt>
      <trkpt lat="31.15701894275844097137451171875" lon="121.19537637569010257720947265625">
        <ele>5.599999904632568359375</ele>
        <time>2026-09-05T12:34:02.000Z</time>
        <extensions>
          <ns3:TrackPointExtension>
            <ns3:hr>147</ns3:hr>
            <ns3:cad>88</ns3:cad>
          </ns3:TrackPointExtension>
        </extensions>
      </trkpt>
      <trkpt lat="31.15699312649667263031005859375" lon="121.195393390953540802001953125">
        <ele>5.80000019073486328125</ele>
        <time>2026-09-05T12:34:03.000Z</time>
        <extensions>
          <ns3:TrackPointExtension>
            <ns3:hr>147</ns3:hr>
            <ns3:cad>88</ns3:cad>
          </ns3:TrackPointExtension>
        </extensions>
      </trkpt>
      <trkpt lat="31.15697284229099750518798828125" lon="121.19540990330278873443603515625">
        <ele>5.599999904632568359375</ele>
        <time>2026-09-05T12:34:04.000Z</time>
        <extensions>
          <ns3:TrackPointExtension>
            <ns3:hr>148</ns3:hr>
            <ns3:cad>88</ns3:cad>
          </ns3:TrackPointExtension>
        </extensions>
      </trkpt>
      <trkpt lat="31.156947277486324310302734375" lon="121.1954284273087978363037109375">
        <ele>5.599999904632568359375</ele>
        <time>2026-09-05T12:34:05.000Z</time>
        <extensions>
          <ns3:TrackPointExtension>
            <ns3:hr>147</ns3:hr>
            <ns3:cad>88</ns3:cad>
          </ns3:TrackPointExtension>
        </extensions>
      </trkpt>
      <trkpt lat="31.15692975930869579315185546875" lon="121.19544426910579204559326171875">
        <ele>5.599999904632568359375</ele>
        <time>2026-09-05T12:34:06.000Z</time>
        <extensions>
          <ns3:TrackPointExtension>
            <ns3:hr>147</ns3:hr>
            <ns3:cad>89</ns3:cad>
          </ns3:TrackPointExtension>
        </extensions>
      </trkpt>
      <trkpt lat="31.15690763108432292938232421875" lon="121.1954579316079616546630859375">
        <ele>5.599999904632568359375</ele>
        <time>2026-09-05T12:34:07.000Z</time>
        <extensions>
          <ns3:TrackPointExtension>
            <ns3:hr>148</ns3:hr>
            <ns3:cad>90</ns3:cad>
          </ns3:TrackPointExtension>
        </extensions>
      </trkpt>
      <trkpt lat="31.15688852034509181976318359375" lon="121.19547226466238498687744140625">
        <ele>5.599999904632568359375</ele>
        <time>2026-09-05T12:34:08.000Z</time>
        <extensions>
          <ns3:TrackPointExtension>
            <ns3:hr>148</ns3:hr>
            <ns3:cad>90</ns3:cad>
          </ns3:TrackPointExtension>
        </extensions>
      </trkpt>
      <trkpt lat="31.15686773322522640228271484375" lon="121.19548760354518890380859375">
        <ele>5.599999904632568359375</ele>
        <time>2026-09-05T12:34:09.000Z</time>
        <extensions>
          <ns3:TrackPointExtension>
            <ns3:hr>148</ns3:hr>
            <ns3:cad>89</ns3:cad>
          </ns3:TrackPointExtension>
        </extensions>
      </trkpt>
      <trkpt lat="31.15684744901955127716064453125" lon="121.1955030262470245361328125">
        <ele>5.599999904632568359375</ele>
        <time>2026-09-05T12:34:10.000Z</time>
        <extensions>
          <ns3:TrackPointExtension>
            <ns3:hr>148</ns3:hr>
            <ns3:cad>89</ns3:cad>
          </ns3:TrackPointExtension>
        </extensions>
      </trkpt>
      <trkpt lat="31.15682062692940235137939453125" lon="121.1955186165869235992431640625">
        <ele>5.400000095367431640625</ele>
        <time>2026-09-05T12:34:11.000Z</time>
        <extensions>
          <ns3:TrackPointExtension>
            <ns3:hr>147</ns3:hr>
            <ns3:cad>89</ns3:cad>
          </ns3:TrackPointExtension>
        </extensions>
      </trkpt>
      <trkpt lat="31.15680369548499584197998046875" lon="121.19553630240261554718017578125">
        <ele>5.400000095367431640625</ele>
        <time>2026-09-05T12:34:12.000Z</time>
        <extensions>
          <ns3:TrackPointExtension>
            <ns3:hr>148</ns3:hr>
            <ns3:cad>89</ns3:cad>
          </ns3:TrackPointExtension>
        </extensions>
      </trkpt>
      <trkpt lat="31.15678005851805210113525390625" lon="121.19555038399994373321533203125">
        <ele>5.19999980926513671875</ele>
        <time>2026-09-05T12:34:13.000Z</time>
        <extensions>
          <ns3:TrackPointExtension>
            <ns3:hr>148</ns3:hr>
            <ns3:cad>89</ns3:cad>
          </ns3:TrackPointExtension>
        </extensions>
      </trkpt>
      <trkpt lat="31.156762875616550445556640625" lon="121.19556195102632045745849609375">
        <ele>5.19999980926513671875</ele>
        <time>2026-09-05T12:34:14.000Z</time>
        <extensions>
          <ns3:TrackPointExtension>
            <ns3:hr>148</ns3:hr>
            <ns3:cad>89</ns3:cad>
          </ns3:TrackPointExtension>
        </extensions>
      </trkpt>
      <trkpt lat="31.15674016065895557403564453125" lon="121.1955779604613780975341796875">
        <ele>5</ele>
        <time>2026-09-05T12:34:15.000Z</time>
        <extensions>
          <ns3:TrackPointExtension>
            <ns3:hr>148</ns3:hr>
            <ns3:cad>89</ns3:cad>
          </ns3:TrackPointExtension>
        </extensions>
      </trkpt>
      <trkpt lat="31.1567264981567859649658203125" lon="121.19559262879192829132080078125">
        <ele>5</ele>
        <time>2026-09-05T12:34:16.000Z</time>
        <extensions>
          <ns3:TrackPointExtension>
            <ns3:hr>148</ns3:hr>
            <ns3:cad>89</ns3:cad>
          </ns3:TrackPointExtension>
        </extensions>
      </trkpt>
      <trkpt lat="31.156699843704700469970703125" lon="121.19560788385570049285888671875">
        <ele>5</ele>
        <time>2026-09-05T12:34:17.000Z</time>
        <extensions>
          <ns3:TrackPointExtension>
            <ns3:hr>148</ns3:hr>
            <ns3:cad>88</ns3:cad>
          </ns3:TrackPointExtension>
        </extensions>
      </trkpt>
      <trkpt lat="31.15668081678450107574462890625" lon="121.1956208758056163787841796875">
        <ele>5</ele>
        <time>2026-09-05T12:34:18.000Z</time>
        <extensions>
          <ns3:TrackPointExtension>
            <ns3:hr>148</ns3:hr>
            <ns3:cad>88</ns3:cad>
          </ns3:TrackPointExtension>
        </extensions>
      </trkpt>
      <trkpt lat="31.15665365941822528839111328125" lon="121.1956389807164669036865234375">
        <ele>5</ele>
        <time>2026-09-05T12:34:19.000Z</time>
        <extensions>
          <ns3:TrackPointExtension>
            <ns3:hr>148</ns3:hr>
            <ns3:cad>88</ns3:cad>
          </ns3:TrackPointExtension>
        </extensions>
      </trkpt>
      <trkpt lat="31.1566332913935184478759765625" lon="121.195652894675731658935546875">
        <ele>4.80000019073486328125</ele>
        <time>2026-09-05T12:34:20.000Z</time>
        <extensions>
          <ns3:TrackPointExtension>
            <ns3:hr>148</ns3:hr>
            <ns3:cad>89</ns3:cad>
          </ns3:TrackPointExtension>
        </extensions>
      </trkpt>
      <trkpt lat="31.156605295836925506591796875" lon="121.19566990993916988372802734375">
        <ele>4.80000019073486328125</ele>
        <time>2026-09-05T12:34:21.000Z</time>
        <extensions>
          <ns3:TrackPointExtension>
            <ns3:hr>148</ns3:hr>
            <ns3:cad>89</ns3:cad>
          </ns3:TrackPointExtension>
        </extensions>
      </trkpt>
      <trkpt lat="31.15658693946897983551025390625" lon="121.19568382389843463897705078125">
        <ele>4.80000019073486328125</ele>
        <time>2026-09-05T12:34:22.000Z</time>
        <extensions>
          <ns3:TrackPointExtension>
            <ns3:hr>147</ns3:hr>
            <ns3:cad>89</ns3:cad>
          </ns3:TrackPointExtension>
        </extensions>
      </trkpt>
      <trkpt lat="31.1565632186830043792724609375" lon="121.1956966482102870941162109375">
        <ele>4.80000019073486328125</ele>
        <time>2026-09-05T12:34:23.000Z</time>
        <extensions>
          <ns3:TrackPointExtension>
            <ns3:hr>148</ns3:hr>
            <ns3:cad>89</ns3:cad>
          </ns3:TrackPointExtension>
        </extensions>
      </trkpt>
      <trkpt lat="31.15654771216213703155517578125" lon="121.195708550512790679931640625">
        <ele>4.80000019073486328125</ele>
        <time>2026-09-05T12:34:24.000Z</time>
        <extensions>
          <ns3:TrackPointExtension>
            <ns3:hr>148</ns3:hr>
            <ns3:cad>88</ns3:cad>
          </ns3:TrackPointExtension>
        </extensions>
      </trkpt>
      <trkpt lat="31.15652323700487613677978515625" lon="121.19572137482464313507080078125">
        <ele>4.80000019073486328125</ele>
        <time>2026-09-05T12:34:25.000Z</time>
        <extensions>
          <ns3:TrackPointExtension>
            <ns3:hr>147</ns3:hr>
            <ns3:cad>88</ns3:cad>
          </ns3:TrackPointExtension>
        </extensions>
      </trkpt>
      <trkpt lat="31.15650798194110393524169921875" lon="121.1957331933081150054931640625">
        <ele>4.80000019073486328125</ele>
        <time>2026-09-05T12:34:26.000Z</time>
        <extensions>
          <ns3:TrackPointExtension>
            <ns3:hr>148</ns3:hr>
            <ns3:cad>89</ns3:cad>
          </ns3:TrackPointExtension>
        </extensions>
      </trkpt>
      <trkpt lat="31.1564847640693187713623046875" lon="121.19574484415352344512939453125">
        <ele>4.80000019073486328125</ele>
        <time>2026-09-05T12:34:27.000Z</time>
        <extensions>
          <ns3:TrackPointExtension>
            <ns3:hr>148</ns3:hr>
            <ns3:cad>89</ns3:cad>
          </ns3:TrackPointExtension>
        </extensions>
      </trkpt>
      <trkpt lat="31.15646707825362682342529296875" lon="121.19575674645602703094482421875">
        <ele>4.599999904632568359375</ele>
        <time>2026-09-05T12:34:28.000Z</time>
        <extensions>
          <ns3:TrackPointExtension>
            <ns3:hr>148</ns3:hr>
            <ns3:cad>89</ns3:cad>
          </ns3:TrackPointExtension>
        </extensions>
      </trkpt>
      <trkpt lat="31.1564425192773342132568359375" lon="121.1957747675478458404541015625">
        <ele>4.80000019073486328125</ele>
        <time>2026-09-05T12:34:29.000Z</time>
        <extensions>
          <ns3:TrackPointExtension>
            <ns3:hr>147</ns3:hr>
            <ns3:cad>89</ns3:cad>
          </ns3:TrackPointExtension>
        </extensions>
      </trkpt>
      <trkpt lat="31.15642365999519824981689453125" lon="121.19578859768807888031005859375">
        <ele>4.599999904632568359375</ele>
        <time>2026-09-05T12:34:30.000Z</time>
        <extensions>
          <ns3:TrackPointExtension>
            <ns3:hr>147</ns3:hr>
            <ns3:cad>89</ns3:cad>
          </ns3:TrackPointExtension>
        </extensions>
      </trkpt>
      <trkpt lat="31.1564006097614765167236328125" lon="121.1958066187798976898193359375">
        <ele>4.599999904632568359375</ele>
        <time>2026-09-05T12:34:31.000Z</time>
        <extensions>
          <ns3:TrackPointExtension>
            <ns3:hr>147</ns3:hr>
            <ns3:cad>88</ns3:cad>
          </ns3:TrackPointExtension>
        </extensions>
      </trkpt>
      <trkpt lat="31.15637965500354766845703125" lon="121.19582028128206729888916015625">
        <ele>4.599999904632568359375</ele>
        <time>2026-09-05T12:34:32.000Z</time>
        <extensions>
          <ns3:TrackPointExtension>
            <ns3:hr>147</ns3:hr>
            <ns3:cad>88</ns3:cad>
          </ns3:TrackPointExtension>
        </extensions>
      </trkpt>
      <trkpt lat="31.1563590355217456817626953125" lon="121.19583738036453723907470703125">
        <ele>4.599999904632568359375</ele>
        <time>2026-09-05T12:34:33.000Z</time>
        <extensions>
          <ns3:TrackPointExtension>
            <ns3:hr>147</ns3:hr>
            <ns3:cad>89</ns3:cad>
          </ns3:TrackPointExtension>
        </extensions>
      </trkpt>
      <trkpt lat="31.1563355661928653717041015625" lon="121.19585447944700717926025390625">
        <ele>4.400000095367431640625</ele>
        <time>2026-09-05T12:34:34.000Z</time>
        <extensions>
          <ns3:TrackPointExtension>
            <ns3:hr>147</ns3:hr>
            <ns3:cad>89</ns3:cad>
          </ns3:TrackPointExtension>
        </extensions>
      </trkpt>
      <trkpt lat="31.156309582293033599853515625" lon="121.1958704888820648193359375">
        <ele>4.400000095367431640625</ele>
        <time>2026-09-05T12:34:35.000Z</time>
        <extensions>
          <ns3:TrackPointExtension>
            <ns3:hr>147</ns3:hr>
            <ns3:cad>89</ns3:cad>
          </ns3:TrackPointExtension>
        </extensions>
      </trkpt>
      <trkpt lat="31.15628100000321865081787109375" lon="121.19586981832981109619140625">
        <ele>4.400000095367431640625</ele>
        <time>2026-09-05T12:34:36.000Z</time>
        <extensions>
          <ns3:TrackPointExtension>
            <ns3:hr>147</ns3:hr>
            <ns3:cad>89</ns3:cad>
          </ns3:TrackPointExtension>
        </extensions>
      </trkpt>
      <trkpt lat="31.1562540940940380096435546875" lon="121.1958689801394939422607421875">
        <ele>4.400000095367431640625</ele>
        <time>2026-09-05T12:34:37.000Z</time>
        <extensions>
          <ns3:TrackPointExtension>
            <ns3:hr>147</ns3:hr>
            <ns3:cad>88</ns3:cad>
          </ns3:TrackPointExtension>
        </extensions>
      </trkpt>
      <trkpt lat="31.15623037330806255340576171875" lon="121.19585028849542140960693359375">
        <ele>4.400000095367431640625</ele>
        <time>2026-09-05T12:34:38.000Z</time>
        <extensions>
          <ns3:TrackPointExtension>
            <ns3:hr>147</ns3:hr>
            <ns3:cad>88</ns3:cad>
          </ns3:TrackPointExtension>
        </extensions>
      </trkpt>
      <trkpt lat="31.15620933473110198974609375" lon="121.1958374641835689544677734375">
        <ele>4.19999980926513671875</ele>
        <time>2026-09-05T12:34:39.000Z</time>
        <extensions>
          <ns3:TrackPointExtension>
            <ns3:hr>147</ns3:hr>
            <ns3:cad>88</ns3:cad>
          </ns3:TrackPointExtension>
        </extensions>
      </trkpt>
      <trkpt lat="31.15619634278118610382080078125" lon="121.19581282138824462890625">
        <ele>4.19999980926513671875</ele>
        <time>2026-09-05T12:34:40.000Z</time>
        <extensions>
          <ns3:TrackPointExtension>
            <ns3:hr>147</ns3:hr>
            <ns3:cad>88</ns3:cad>
          </ns3:TrackPointExtension>
        </extensions>
      </trkpt>
      <trkpt lat="31.1561846919357776641845703125" lon="121.1957938782870769500732421875">
        <ele>4.19999980926513671875</ele>
        <time>2026-09-05T12:34:41.000Z</time>
        <extensions>
          <ns3:TrackPointExtension>
            <ns3:hr>147</ns3:hr>
            <ns3:cad>88</ns3:cad>
          </ns3:TrackPointExtension>
        </extensions>
      </trkpt>
      <trkpt lat="31.15618108771741390228271484375" lon="121.19576521217823028564453125">
        <ele>4.19999980926513671875</ele>
        <time>2026-09-05T12:34:42.000Z</time>
        <extensions>
          <ns3:TrackPointExtension>
            <ns3:hr>147</ns3:hr>
            <ns3:cad>88</ns3:cad>
          </ns3:TrackPointExtension>
        </extensions>
      </trkpt>
      <trkpt lat="31.15617672912776470184326171875" lon="121.1957432515919208526611328125">
        <ele>4.19999980926513671875</ele>
        <time>2026-09-05T12:34:43.000Z</time>
        <extensions>
          <ns3:TrackPointExtension>
            <ns3:hr>147</ns3:hr>
            <ns3:cad>88</ns3:cad>
          </ns3:TrackPointExtension>
        </extensions>
      </trkpt>
      <trkpt lat="31.1561726219952106475830078125" lon="121.19571567513048648834228515625">
        <ele>4.19999980926513671875</ele>
        <time>2026-09-05T12:34:44.000Z</time>
        <extensions>
          <ns3:TrackPointExtension>
            <ns3:hr>147</ns3:hr>
            <ns3:cad>87</ns3:cad>
          </ns3:TrackPointExtension>
        </extensions>
      </trkpt>
      <trkpt lat="31.156167425215244293212890625" lon="121.1956912837922573089599609375">
        <ele>4.19999980926513671875</ele>
        <time>2026-09-05T12:34:45.000Z</time>
        <extensions>
          <ns3:TrackPointExtension>
            <ns3:hr>147</ns3:hr>
            <ns3:cad>87</ns3:cad>
          </ns3:TrackPointExtension>
        </extensions>
      </trkpt>
      <trkpt lat="31.15616164170205593109130859375" lon="121.1956584267318248748779296875">
        <ele>4.19999980926513671875</ele>
        <time>2026-09-05T12:34:46.000Z</time>
        <extensions>
          <ns3:TrackPointExtension>
            <ns3:hr>147</ns3:hr>
            <ns3:cad>87</ns3:cad>
          </ns3:TrackPointExtension>
        </extensions>
      </trkpt>
      <trkpt lat="31.15615376271307468414306640625" lon="121.1956316046416759490966796875">
        <ele>4.19999980926513671875</ele>
        <time>2026-09-05T12:34:47.000Z</time>
        <extensions>
          <ns3:TrackPointExtension>
            <ns3:hr>146</ns3:hr>
            <ns3:cad>87</ns3:cad>
          </ns3:TrackPointExtension>
        </extensions>
      </trkpt>
      <trkpt lat="31.1561464704573154449462890625" lon="121.19560025632381439208984375">
        <ele>4.19999980926513671875</ele>
        <time>2026-09-05T12:34:48.000Z</time>
        <extensions>
          <ns3:TrackPointExtension>
            <ns3:hr>146</ns3:hr>
            <ns3:cad>88</ns3:cad>
          </ns3:TrackPointExtension>
        </extensions>
      </trkpt>
      <trkpt lat="31.156137250363826751708984375" lon="121.195575110614299774169921875">
        <ele>4.19999980926513671875</ele>
        <time>2026-09-05T12:34:49.000Z</time>
        <extensions>
          <ns3:TrackPointExtension>
            <ns3:hr>146</ns3:hr>
            <ns3:cad>89</ns3:cad>
          </ns3:TrackPointExtension>
        </extensions>
      </trkpt>
      <trkpt lat="31.15613096393644809722900390625" lon="121.1955481208860874176025390625">
        <ele>4.19999980926513671875</ele>
        <time>2026-09-05T12:34:50.000Z</time>
        <extensions>
          <ns3:TrackPointExtension>
            <ns3:hr>146</ns3:hr>
            <ns3:cad>90</ns3:cad>
          </ns3:TrackPointExtension>
        </extensions>
      </trkpt>
      <trkpt lat="31.1561260186135768890380859375" lon="121.19552155025303363800048828125">
        <ele>4.19999980926513671875</ele>
        <time>2026-09-05T12:34:51.000Z</time>
        <extensions>
          <ns3:TrackPointExtension>
            <ns3:hr>146</ns3:hr>
            <ns3:cad>90</ns3:cad>
          </ns3:TrackPointExtension>
        </extensions>
      </trkpt>
      <trkpt lat="31.15612710826098918914794921875" lon="121.1954907886683940887451171875">
        <ele>4.19999980926513671875</ele>
        <time>2026-09-05T12:34:52.000Z</time>
        <extensions>
          <ns3:TrackPointExtension>
            <ns3:hr>145</ns3:hr>
            <ns3:cad>89</ns3:cad>
          </ns3:TrackPointExtension>
        </extensions>
      </trkpt>
      <trkpt lat="31.15612643770873546600341796875" lon="121.19546237401664257049560546875">
        <ele>4.400000095367431640625</ele>
        <time>2026-09-05T12:34:53.000Z</time>
        <extensions>
          <ns3:TrackPointExtension>
            <ns3:hr>145</ns3:hr>
            <ns3:cad>89</ns3:cad>
          </ns3:TrackPointExtension>
        </extensions>
      </trkpt>
      <trkpt lat="31.156126521527767181396484375" lon="121.195431612432003021240234375">
        <ele>4.400000095367431640625</ele>
        <time>2026-09-05T12:34:54.000Z</time>
        <extensions>
          <ns3:TrackPointExtension>
            <ns3:hr>145</ns3:hr>
            <ns3:cad>89</ns3:cad>
          </ns3:TrackPointExtension>
        </extensions>
      </trkpt>
      <trkpt lat="31.1561293713748455047607421875" lon="121.1954009346663951873779296875">
        <ele>4.400000095367431640625</ele>
        <time>2026-09-05T12:34:55.000Z</time>
        <extensions>
          <ns3:TrackPointExtension>
            <ns3:hr>145</ns3:hr>
            <ns3:cad>90</ns3:cad>
          </ns3:TrackPointExtension>
        </extensions>
      </trkpt>
      <trkpt lat="31.15612911991775035858154296875" lon="121.1953700892627239227294921875">
        <ele>4.400000095367431640625</ele>
        <time>2026-09-05T12:34:56.000Z</time>
        <extensions>
          <ns3:TrackPointExtension>
            <ns3:hr>145</ns3:hr>
            <ns3:cad>90</ns3:cad>
          </ns3:TrackPointExtension>
        </extensions>
      </trkpt>
      <trkpt lat="31.15612727589905261993408203125" lon="121.1953447759151458740234375">
        <ele>4.400000095367431640625</ele>
        <time>2026-09-05T12:34:57.000Z</time>
        <extensions>
          <ns3:TrackPointExtension>
            <ns3:hr>145</ns3:hr>
            <ns3:cad>90</ns3:cad>
          </ns3:TrackPointExtension>
        </extensions>
      </trkpt>
      <trkpt lat="31.1561226658523082733154296875" lon="121.1953197978436946868896484375">
        <ele>4.400000095367431640625</ele>
        <time>2026-09-05T12:34:58.000Z</time>
        <extensions>
          <ns3:TrackPointExtension>
            <ns3:hr>145</ns3:hr>
            <ns3:cad>89</ns3:cad>
          </ns3:TrackPointExtension>
        </extensions>
      </trkpt>
      <trkpt lat="31.15611813962459564208984375" lon="121.19529741816222667694091796875">
        <ele>4.400000095367431640625</ele>
        <time>2026-09-05T12:34:59.000Z</time>
        <extensions>
          <ns3:TrackPointExtension>
            <ns3:hr>145</ns3:hr>
            <ns3:cad>88</ns3:cad>
          </ns3:TrackPointExtension>
        </extensions>
      </trkpt>
      <trkpt lat="31.1561107635498046875" lon="121.1952778883278369903564453125">
        <ele>4.400000095367431640625</ele>
        <time>2026-09-05T12:35:00.000Z</time>
        <extensions>
          <ns3:TrackPointExtension>
            <ns3:hr>145</ns3:hr>
            <ns3:cad>88</ns3:cad>
          </ns3:TrackPointExtension>
        </extensions>
      </trkpt>
      <trkpt lat="31.1561055667698383331298828125" lon="121.19525316171348094940185546875">
        <ele>4.599999904632568359375</ele>
        <time>2026-09-05T12:35:01.000Z</time>
        <extensions>
          <ns3:TrackPointExtension>
            <ns3:hr>145</ns3:hr>
            <ns3:cad>89</ns3:cad>
          </ns3:TrackPointExtension>
        </extensions>
      </trkpt>
      <trkpt lat="31.15609525702893733978271484375" lon="121.195235140621662139892578125">
        <ele>4.599999904632568359375</ele>
        <time>2026-09-05T12:35:02.000Z</time>
        <extensions>
          <ns3:TrackPointExtension>
            <ns3:hr>144</ns3:hr>
            <ns3:cad>89</ns3:cad>
          </ns3:TrackPointExtension>
        </extensions>
      </trkpt>
      <trkpt lat="31.15609156899154186248779296875" lon="121.19520253501832485198974609375">
        <ele>4.599999904632568359375</ele>
        <time>2026-09-05T12:35:03.000Z</time>
        <extensions>
          <ns3:TrackPointExtension>
            <ns3:hr>145</ns3:hr>
            <ns3:cad>89</ns3:cad>
          </ns3:TrackPointExtension>
        </extensions>
      </trkpt>
      <trkpt lat="31.156085617840290069580078125" lon="121.19517923332750797271728515625">
        <ele>4.599999904632568359375</ele>
        <time>2026-09-05T12:35:04.000Z</time>
        <extensions>
          <ns3:TrackPointExtension>
            <ns3:hr>145</ns3:hr>
            <ns3:cad>89</ns3:cad>
          </ns3:TrackPointExtension>
        </extensions>
      </trkpt>
      <trkpt lat="31.15607916377484798431396484375" lon="121.19514956139028072357177734375">
        <ele>4.80000019073486328125</ele>
        <time>2026-09-05T12:35:05.000Z</time>
        <extensions>
          <ns3:TrackPointExtension>
            <ns3:hr>145</ns3:hr>
            <ns3:cad>89</ns3:cad>
          </ns3:TrackPointExtension>
        </extensions>
      </trkpt>
      <trkpt lat="31.15607145242393016815185546875" lon="121.19512609206140041351318359375">
        <ele>4.80000019073486328125</ele>
        <time>2026-09-05T12:35:06.000Z</time>
        <extensions>
          <ns3:TrackPointExtension>
            <ns3:hr>145</ns3:hr>
            <ns3:cad>87</ns3:cad>
          </ns3:TrackPointExtension>
        </extensions>
      </trkpt>
      <trkpt lat="31.15606491453945636749267578125" lon="121.1950991861522197723388671875">
        <ele>4.599999904632568359375</ele>
        <time>2026-09-05T12:35:07.000Z</time>
        <extensions>
          <ns3:TrackPointExtension>
            <ns3:hr>145</ns3:hr>
            <ns3:cad>87</ns3:cad>
          </ns3:TrackPointExtension>
        </extensions>
      </trkpt>
      <trkpt lat="31.156057454645633697509765625" lon="121.19507663883268833160400390625">
        <ele>4.599999904632568359375</ele>
        <time>2026-09-05T12:35:08.000Z</time>
        <extensions>
          <ns3:TrackPointExtension>
            <ns3:hr>145</ns3:hr>
            <ns3:cad>87</ns3:cad>
          </ns3:TrackPointExtension>
        </extensions>
      </trkpt>
      <trkpt lat="31.156049072742462158203125" lon="121.1950509063899517059326171875">
        <ele>4.599999904632568359375</ele>
        <time>2026-09-05T12:35:09.000Z</time>
        <extensions>
          <ns3:TrackPointExtension>
            <ns3:hr>145</ns3:hr>
            <ns3:cad>88</ns3:cad>
          </ns3:TrackPointExtension>
        </extensions>
      </trkpt>
      <trkpt lat="31.15604580380022525787353515625" lon="121.19502752088010311126708984375">
        <ele>4.599999904632568359375</ele>
        <time>2026-09-05T12:35:10.000Z</time>
        <extensions>
          <ns3:TrackPointExtension>
            <ns3:hr>145</ns3:hr>
            <ns3:cad>88</ns3:cad>
          </ns3:TrackPointExtension>
        </extensions>
      </trkpt>
      <trkpt lat="31.15604840219020843505859375" lon="121.19500170461833477020263671875">
        <ele>4.400000095367431640625</ele>
        <time>2026-09-05T12:35:11.000Z</time>
        <extensions>
          <ns3:TrackPointExtension>
            <ns3:hr>145</ns3:hr>
            <ns3:cad>88</ns3:cad>
          </ns3:TrackPointExtension>
        </extensions>
      </trkpt>
      <trkpt lat="31.15604706108570098876953125" lon="121.194976978003978729248046875">
        <ele>4.400000095367431640625</ele>
        <time>2026-09-05T12:35:12.000Z</time>
        <extensions>
          <ns3:TrackPointExtension>
            <ns3:hr>146</ns3:hr>
            <ns3:cad>87</ns3:cad>
          </ns3:TrackPointExtension>
        </extensions>
      </trkpt>
      <trkpt lat="31.15604060702025890350341796875" lon="121.19495451450347900390625">
        <ele>4.400000095367431640625</ele>
        <time>2026-09-05T12:35:13.000Z</time>
        <extensions>
          <ns3:TrackPointExtension>
            <ns3:hr>145</ns3:hr>
            <ns3:cad>87</ns3:cad>
          </ns3:TrackPointExtension>
        </extensions>
      </trkpt>
      <trkpt lat="31.1560354940593242645263671875" lon="121.19492693804204463958740234375">
        <ele>4.400000095367431640625</ele>
        <time>2026-09-05T12:35:14.000Z</time>
        <extensions>
          <ns3:TrackPointExtension>
            <ns3:hr>145</ns3:hr>
            <ns3:cad>87</ns3:cad>
          </ns3:TrackPointExtension>
        </extensions>
      </trkpt>
      <trkpt lat="31.15603440441191196441650390625" lon="121.19490464217960834503173828125">
        <ele>4.400000095367431640625</ele>
        <time>2026-09-05T12:35:15.000Z</time>
        <extensions>
          <ns3:TrackPointExtension>
            <ns3:hr>145</ns3:hr>
            <ns3:cad>88</ns3:cad>
          </ns3:TrackPointExtension>
        </extensions>
      </trkpt>
      <trkpt lat="31.15603373385965824127197265625" lon="121.1948795802891254425048828125">
        <ele>4.400000095367431640625</ele>
        <time>2026-09-05T12:35:16.000Z</time>
        <extensions>
          <ns3:TrackPointExtension>
            <ns3:hr>145</ns3:hr>
            <ns3:cad>88</ns3:cad>
          </ns3:TrackPointExtension>
        </extensions>
      </trkpt>
      <trkpt lat="31.15602836944162845611572265625" lon="121.1948566138744354248046875">
        <ele>4.599999904632568359375</ele>
        <time>2026-09-05T12:35:17.000Z</time>
        <extensions>
          <ns3:TrackPointExtension>
            <ns3:hr>146</ns3:hr>
            <ns3:cad>88</ns3:cad>
          </ns3:TrackPointExtension>
        </extensions>
      </trkpt>
      <trkpt lat="31.15602652542293071746826171875" lon="121.19483222253620624542236328125">
        <ele>4.599999904632568359375</ele>
        <time>2026-09-05T12:35:18.000Z</time>
        <extensions>
          <ns3:TrackPointExtension>
            <ns3:hr>145</ns3:hr>
            <ns3:cad>86</ns3:cad>
          </ns3:TrackPointExtension>
        </extensions>
      </trkpt>
      <trkpt lat="31.15602702833712100982666015625" lon="121.1948088370263576507568359375">
        <ele>4.599999904632568359375</ele>
        <time>2026-09-05T12:35:19.000Z</time>
        <extensions>
          <ns3:TrackPointExtension>
            <ns3:hr>145</ns3:hr>
            <ns3:cad>86</ns3:cad>
          </ns3:TrackPointExtension>
        </extensions>
      </trkpt>
      <trkpt lat="31.15602292120456695556640625" lon="121.19478360749781131744384765625">
        <ele>4.400000095367431640625</ele>
        <time>2026-09-05T12:35:20.000Z</time>
        <extensions>
          <ns3:TrackPointExtension>
            <ns3:hr>146</ns3:hr>
            <ns3:cad>86</ns3:cad>
          </ns3:TrackPointExtension>
        </extensions>
      </trkpt>
      <trkpt lat="31.15602099336683750152587890625" lon="121.19475175626575946807861328125">
        <ele>4.400000095367431640625</ele>
        <time>2026-09-05T12:35:21.000Z</time>
        <extensions>
          <ns3:TrackPointExtension>
            <ns3:hr>145</ns3:hr>
            <ns3:cad>86</ns3:cad>
          </ns3:TrackPointExtension>
        </extensions>
      </trkpt>
      <trkpt lat="31.156011857092380523681640625" lon="121.19472744874656200408935546875">
        <ele>4.400000095367431640625</ele>
        <time>2026-09-05T12:35:22.000Z</time>
        <extensions>
          <ns3:TrackPointExtension>
            <ns3:hr>145</ns3:hr>
            <ns3:cad>86</ns3:cad>
          </ns3:TrackPointExtension>
        </extensions>
      </trkpt>
      <trkpt lat="31.1560110189020633697509765625" lon="121.19469492696225643157958984375">
        <ele>4.400000095367431640625</ele>
        <time>2026-09-05T12:35:23.000Z</time>
        <extensions>
          <ns3:TrackPointExtension>
            <ns3:hr>145</ns3:hr>
            <ns3:cad>87</ns3:cad>
          </ns3:TrackPointExtension>
        </extensions>
      </trkpt>
      <trkpt lat="31.1560029722750186920166015625" lon="121.194675229489803314208984375">
        <ele>4.400000095367431640625</ele>
        <time>2026-09-05T12:35:24.000Z</time>
        <extensions>
          <ns3:TrackPointExtension>
            <ns3:hr>146</ns3:hr>
            <ns3:cad>87</ns3:cad>
          </ns3:TrackPointExtension>
        </extensions>
      </trkpt>
      <trkpt lat="31.1559940874576568603515625" lon="121.194667182862758636474609375">
        <ele>4.400000095367431640625</ele>
        <time>2026-09-05T12:35:25.000Z</time>
        <extensions>
          <ns3:TrackPointExtension>
            <ns3:hr>145</ns3:hr>
            <ns3:cad>87</ns3:cad>
          </ns3:TrackPointExtension>
        </extensions>
      </trkpt>
      <trkpt lat="31.155995428562164306640625" lon="121.19466860778629779815673828125">
        <ele>4.599999904632568359375</ele>
        <time>2026-09-05T12:35:26.000Z</time>
        <extensions>
          <ns3:TrackPointExtension>
            <ns3:hr>145</ns3:hr>
            <ns3:cad>86</ns3:cad>
          </ns3:TrackPointExtension>
        </extensions>
      </trkpt>
      <trkpt lat="31.15599115379154682159423828125" lon="121.19465704075992107391357421875">
        <ele>4.599999904632568359375</ele>
        <time>2026-09-05T12:35:27.000Z</time>
        <extensions>
          <ns3:TrackPointExtension>
            <ns3:hr>145</ns3:hr>
            <ns3:cad>86</ns3:cad>
          </ns3:TrackPointExtension>
        </extensions>
      </trkpt>
      <trkpt lat="31.1559872142970561981201171875" lon="121.19463793002068996429443359375">
        <ele>4.400000095367431640625</ele>
        <time>2026-09-05T12:35:28.000Z</time>
        <extensions>
          <ns3:TrackPointExtension>
            <ns3:hr>145</ns3:hr>
            <ns3:cad>86</ns3:cad>
          </ns3:TrackPointExtension>
        </extensions>
      </trkpt>
      <trkpt lat="31.155979670584201812744140625" lon="121.19461563415825366973876953125">
        <ele>4.400000095367431640625</ele>
        <time>2026-09-05T12:35:29.000Z</time>
        <extensions>
          <ns3:TrackPointExtension>
            <ns3:hr>145</ns3:hr>
            <ns3:cad>86</ns3:cad>
          </ns3:TrackPointExtension>
        </extensions>
      </trkpt>
      <trkpt lat="31.15597086958587169647216796875" lon="121.1945768259465694427490234375">
        <ele>4.19999980926513671875</ele>
        <time>2026-09-05T12:35:30.000Z</time>
        <extensions>
          <ns3:TrackPointExtension>
            <ns3:hr>144</ns3:hr>
            <ns3:cad>85</ns3:cad>
          </ns3:TrackPointExtension>
        </extensions>
      </trkpt>
      <trkpt lat="31.1559644155204296112060546875" lon="121.1945493333041667938232421875">
        <ele>4.19999980926513671875</ele>
        <time>2026-09-05T12:35:31.000Z</time>
        <extensions>
          <ns3:TrackPointExtension>
            <ns3:hr>145</ns3:hr>
            <ns3:cad>85</ns3:cad>
          </ns3:TrackPointExtension>
        </extensions>
      </trkpt>
      <trkpt lat="31.15595511160790920257568359375" lon="121.19451421312987804412841796875">
        <ele>4.19999980926513671875</ele>
        <time>2026-09-05T12:35:32.000Z</time>
        <extensions>
          <ns3:TrackPointExtension>
            <ns3:hr>144</ns3:hr>
            <ns3:cad>86</ns3:cad>
          </ns3:TrackPointExtension>
        </extensions>
      </trkpt>
      <trkpt lat="31.155948154628276824951171875" lon="121.1944866366684436798095703125">
        <ele>4.19999980926513671875</ele>
        <time>2026-09-05T12:35:33.000Z</time>
        <extensions>
          <ns3:TrackPointExtension>
            <ns3:hr>144</ns3:hr>
            <ns3:cad>86</ns3:cad>
          </ns3:TrackPointExtension>
        </extensions>
      </trkpt>
      <trkpt lat="31.1559449695050716400146484375" lon="121.1944524385035037994384765625">
        <ele>4.400000095367431640625</ele>
        <time>2026-09-05T12:35:34.000Z</time>
        <extensions>
          <ns3:TrackPointExtension>
            <ns3:hr>144</ns3:hr>
            <ns3:cad>88</ns3:cad>
          </ns3:TrackPointExtension>
        </extensions>
      </trkpt>
      <trkpt lat="31.15594052709639072418212890625" lon="121.1944266222417354583740234375">
        <ele>4.400000095367431640625</ele>
        <time>2026-09-05T12:35:35.000Z</time>
        <extensions>
          <ns3:TrackPointExtension>
            <ns3:hr>144</ns3:hr>
            <ns3:cad>89</ns3:cad>
          </ns3:TrackPointExtension>
        </extensions>
      </trkpt>
      <trkpt lat="31.1559375934302806854248046875" lon="121.194393932819366455078125">
        <ele>4.400000095367431640625</ele>
        <time>2026-09-05T12:35:36.000Z</time>
        <extensions>
          <ns3:TrackPointExtension>
            <ns3:hr>144</ns3:hr>
            <ns3:cad>89</ns3:cad>
          </ns3:TrackPointExtension>
        </extensions>
      </trkpt>
      <trkpt lat="31.1559298820793628692626953125" lon="121.19436937384307384490966796875">
        <ele>4.400000095367431640625</ele>
        <time>2026-09-05T12:35:37.000Z</time>
        <extensions>
          <ns3:TrackPointExtension>
            <ns3:hr>143</ns3:hr>
            <ns3:cad>89</ns3:cad>
          </ns3:TrackPointExtension>
        </extensions>
      </trkpt>
      <trkpt lat="31.15592661313712596893310546875" lon="121.1943344213068485260009765625">
        <ele>4.400000095367431640625</ele>
        <time>2026-09-05T12:35:38.000Z</time>
        <extensions>
          <ns3:TrackPointExtension>
            <ns3:hr>143</ns3:hr>
            <ns3:cad>89</ns3:cad>
          </ns3:TrackPointExtension>
        </extensions>
      </trkpt>
      <trkpt lat="31.155919991433620452880859375" lon="121.1943096108734607696533203125">
        <ele>4.400000095367431640625</ele>
        <time>2026-09-05T12:35:39.000Z</time>
        <extensions>
          <ns3:TrackPointExtension>
            <ns3:hr>143</ns3:hr>
            <ns3:cad>90</ns3:cad>
          </ns3:TrackPointExtension>
        </extensions>
      </trkpt>
      <trkpt lat="31.15591370500624179840087890625" lon="121.1942734010517597198486328125">
        <ele>4.400000095367431640625</ele>
        <time>2026-09-05T12:35:40.000Z</time>
        <extensions>
          <ns3:TrackPointExtension>
            <ns3:hr>143</ns3:hr>
            <ns3:cad>90</ns3:cad>
          </ns3:TrackPointExtension>
        </extensions>
      </trkpt>
      <trkpt lat="31.1559070833027362823486328125" lon="121.19424842298030853271484375">
        <ele>4.400000095367431640625</ele>
        <time>2026-09-05T12:35:41.000Z</time>
        <extensions>
          <ns3:TrackPointExtension>
            <ns3:hr>143</ns3:hr>
            <ns3:cad>90</ns3:cad>
          </ns3:TrackPointExtension>
        </extensions>
      </trkpt>
      <trkpt lat="31.15589928813278675079345703125" lon="121.1942137219011783599853515625">
        <ele>4.400000095367431640625</ele>
        <time>2026-09-05T12:35:42.000Z</time>
        <extensions>
          <ns3:TrackPointExtension>
            <ns3:hr>143</ns3:hr>
            <ns3:cad>92</ns3:cad>
          </ns3:TrackPointExtension>
        </extensions>
      </trkpt>
      <trkpt lat="31.15589174441993236541748046875" lon="121.19418782182037830352783203125">
        <ele>4.400000095367431640625</ele>
        <time>2026-09-05T12:35:43.000Z</time>
        <extensions>
          <ns3:TrackPointExtension>
            <ns3:hr>143</ns3:hr>
            <ns3:cad>92</ns3:cad>
          </ns3:TrackPointExtension>
        </extensions>
      </trkpt>
      <trkpt lat="31.1558879725635051727294921875" lon="121.19415630586445331573486328125">
        <ele>4.400000095367431640625</ele>
        <time>2026-09-05T12:35:44.000Z</time>
        <extensions>
          <ns3:TrackPointExtension>
            <ns3:hr>143</ns3:hr>
            <ns3:cad>91</ns3:cad>
          </ns3:TrackPointExtension>
        </extensions>
      </trkpt>
      <trkpt lat="31.15588151849806308746337890625" lon="121.194131076335906982421875">
        <ele>4.400000095367431640625</ele>
        <time>2026-09-05T12:35:45.000Z</time>
        <extensions>
          <ns3:TrackPointExtension>
            <ns3:hr>143</ns3:hr>
            <ns3:cad>91</ns3:cad>
          </ns3:TrackPointExtension>
        </extensions>
      </trkpt>
      <trkpt lat="31.15587598644196987152099609375" lon="121.19409712962806224822998046875">
        <ele>4.400000095367431640625</ele>
        <time>2026-09-05T12:35:46.000Z</time>
        <extensions>
          <ns3:TrackPointExtension>
            <ns3:hr>142</ns3:hr>
            <ns3:cad>90</ns3:cad>
          </ns3:TrackPointExtension>
        </extensions>
      </trkpt>
      <trkpt lat="31.15587095730006694793701171875" lon="121.1940715648233890533447265625">
        <ele>4.19999980926513671875</ele>
        <time>2026-09-05T12:35:47.000Z</time>
        <extensions>
          <ns3:TrackPointExtension>
            <ns3:hr>143</ns3:hr>
            <ns3:cad>88</ns3:cad>
          </ns3:TrackPointExtension>
        </extensions>
      </trkpt>
      <trkpt lat="31.15586810745298862457275390625" lon="121.19403745047748088836669921875">
        <ele>4.19999980926513671875</ele>
        <time>2026-09-05T12:35:48.000Z</time>
        <extensions>
          <ns3:TrackPointExtension>
            <ns3:hr>143</ns3:hr>
            <ns3:cad>88</ns3:cad>
          </ns3:TrackPointExtension>
        </extensions>
      </trkpt>
      <trkpt lat="31.15586676634848117828369140625" lon="121.1940105445683002471923828125">
        <ele>4.19999980926513671875</ele>
        <time>2026-09-05T12:35:49.000Z</time>
        <extensions>
          <ns3:TrackPointExtension>
            <ns3:hr>142</ns3:hr>
            <ns3:cad>88</ns3:cad>
          </ns3:TrackPointExtension>
        </extensions>
      </trkpt>
      <trkpt lat="31.1558557860553264617919921875" lon="121.193981207907199859619140625">
        <ele>4.19999980926513671875</ele>
        <time>2026-09-05T12:35:50.000Z</time>
        <extensions>
          <ns3:TrackPointExtension>
            <ns3:hr>143</ns3:hr>
            <ns3:cad>89</ns3:cad>
          </ns3:TrackPointExtension>
        </extensions>
      </trkpt>
      <trkpt lat="31.15585033781826496124267578125" lon="121.1939535476267337799072265625">
        <ele>4.19999980926513671875</ele>
        <time>2026-09-05T12:35:51.000Z</time>
        <extensions>
          <ns3:TrackPointExtension>
            <ns3:hr>143</ns3:hr>
            <ns3:cad>90</ns3:cad>
          </ns3:TrackPointExtension>
        </extensions>
      </trkpt>
      <trkpt lat="31.15584321320056915283203125" lon="121.19392194785177707672119140625">
        <ele>4.19999980926513671875</ele>
        <time>2026-09-05T12:35:52.000Z</time>
        <extensions>
          <ns3:TrackPointExtension>
            <ns3:hr>144</ns3:hr>
            <ns3:cad>90</ns3:cad>
          </ns3:TrackPointExtension>
        </extensions>
      </trkpt>
      <trkpt lat="31.15583994425833225250244140625" lon="121.19389294646680355072021484375">
        <ele>4.19999980926513671875</ele>
        <time>2026-09-05T12:35:53.000Z</time>
        <extensions>
          <ns3:TrackPointExtension>
            <ns3:hr>144</ns3:hr>
            <ns3:cad>89</ns3:cad>
          </ns3:TrackPointExtension>
        </extensions>
      </trkpt>
      <trkpt lat="31.1558316461741924285888671875" lon="121.19386193342506885528564453125">
        <ele>4.19999980926513671875</ele>
        <time>2026-09-05T12:35:54.000Z</time>
        <extensions>
          <ns3:TrackPointExtension>
            <ns3:hr>144</ns3:hr>
            <ns3:cad>88</ns3:cad>
          </ns3:TrackPointExtension>
        </extensions>
      </trkpt>
      <trkpt lat="31.1558256112039089202880859375" lon="121.19383133947849273681640625">
        <ele>4.19999980926513671875</ele>
        <time>2026-09-05T12:35:55.000Z</time>
        <extensions>
          <ns3:TrackPointExtension>
            <ns3:hr>144</ns3:hr>
            <ns3:cad>88</ns3:cad>
          </ns3:TrackPointExtension>
        </extensions>
      </trkpt>
      <trkpt lat="31.15581505000591278076171875" lon="121.19380393065512180328369140625">
        <ele>4.19999980926513671875</ele>
        <time>2026-09-05T12:35:56.000Z</time>
        <extensions>
          <ns3:TrackPointExtension>
            <ns3:hr>144</ns3:hr>
            <ns3:cad>88</ns3:cad>
          </ns3:TrackPointExtension>
        </extensions>
      </trkpt>
      <trkpt lat="31.15580976940691471099853515625" lon="121.19377434253692626953125">
        <ele>4.19999980926513671875</ele>
        <time>2026-09-05T12:35:57.000Z</time>
        <extensions>
          <ns3:TrackPointExtension>
            <ns3:hr>145</ns3:hr>
            <ns3:cad>89</ns3:cad>
          </ns3:TrackPointExtension>
        </extensions>
      </trkpt>
      <trkpt lat="31.1558018065989017486572265625" lon="121.19375078938901424407958984375">
        <ele>4.19999980926513671875</ele>
        <time>2026-09-05T12:35:58.000Z</time>
        <extensions>
          <ns3:TrackPointExtension>
            <ns3:hr>145</ns3:hr>
            <ns3:cad>89</ns3:cad>
          </ns3:TrackPointExtension>
        </extensions>
      </trkpt>
      <trkpt lat="31.155800633132457733154296875" lon="121.19372111745178699493408203125">
        <ele>4.19999980926513671875</ele>
        <time>2026-09-05T12:35:59.000Z</time>
        <extensions>
          <ns3:TrackPointExtension>
            <ns3:hr>145</ns3:hr>
            <ns3:cad>89</ns3:cad>
          </ns3:TrackPointExtension>
        </extensions>
      </trkpt>
      <trkpt lat="31.15579887293279170989990234375" lon="121.19369412772357463836669921875">
        <ele>4.19999980926513671875</ele>
        <time>2026-09-05T12:36:00.000Z</time>
        <extensions>
          <ns3:TrackPointExtension>
            <ns3:hr>145</ns3:hr>
            <ns3:cad>89</ns3:cad>
          </ns3:TrackPointExtension>
        </extensions>
      </trkpt>
      <trkpt lat="31.15580499172210693359375" lon="121.1936638690531253814697265625">
        <ele>4.19999980926513671875</ele>
        <time>2026-09-05T12:36:01.000Z</time>
        <extensions>
          <ns3:TrackPointExtension>
            <ns3:hr>145</ns3:hr>
            <ns3:cad>88</ns3:cad>
          </ns3:TrackPointExtension>
        </extensions>
      </trkpt>
      <trkpt lat="31.155807673931121826171875" lon="121.19364266283810138702392578125">
        <ele>4.19999980926513671875</ele>
        <time>2026-09-05T12:36:02.000Z</time>
        <extensions>
          <ns3:TrackPointExtension>
            <ns3:hr>145</ns3:hr>
            <ns3:cad>87</ns3:cad>
          </ns3:TrackPointExtension>
        </extensions>
      </trkpt>
      <trkpt lat="31.15582569502294063568115234375" lon="121.19361734949052333831787109375">
        <ele>4.19999980926513671875</ele>
        <time>2026-09-05T12:36:03.000Z</time>
        <extensions>
          <ns3:TrackPointExtension>
            <ns3:hr>146</ns3:hr>
            <ns3:cad>87</ns3:cad>
          </ns3:TrackPointExtension>
        </extensions>
      </trkpt>
      <trkpt lat="31.15583927370607852935791015625" lon="121.193600334227085113525390625">
        <ele>4.19999980926513671875</ele>
        <time>2026-09-05T12:36:04.000Z</time>
        <extensions>
          <ns3:TrackPointExtension>
            <ns3:hr>145</ns3:hr>
            <ns3:cad>89</ns3:cad>
          </ns3:TrackPointExtension>
        </extensions>
      </trkpt>
      <trkpt lat="31.1558655090630054473876953125" lon="121.1935894377529621124267578125">
        <ele>4.400000095367431640625</ele>
        <time>2026-09-05T12:36:05.000Z</time>
        <extensions>
          <ns3:TrackPointExtension>
            <ns3:hr>146</ns3:hr>
            <ns3:cad>89</ns3:cad>
          </ns3:TrackPointExtension>
        </extensions>
      </trkpt>
      <trkpt lat="31.15588202141225337982177734375" lon="121.19357963092625141143798828125">
        <ele>4.400000095367431640625</ele>
        <time>2026-09-05T12:36:06.000Z</time>
        <extensions>
          <ns3:TrackPointExtension>
            <ns3:hr>146</ns3:hr>
            <ns3:cad>89</ns3:cad>
          </ns3:TrackPointExtension>
        </extensions>
      </trkpt>
      <trkpt lat="31.1559101007878780364990234375" lon="121.193573176860809326171875">
        <ele>4.400000095367431640625</ele>
        <time>2026-09-05T12:36:07.000Z</time>
        <extensions>
          <ns3:TrackPointExtension>
            <ns3:hr>146</ns3:hr>
            <ns3:cad>89</ns3:cad>
          </ns3:TrackPointExtension>
        </extensions>
      </trkpt>
      <trkpt lat="31.1559283733367919921875" lon="121.19356756098568439483642578125">
        <ele>4.400000095367431640625</ele>
        <time>2026-09-05T12:36:08.000Z</time>
        <extensions>
          <ns3:TrackPointExtension>
            <ns3:hr>145</ns3:hr>
            <ns3:cad>87</ns3:cad>
          </ns3:TrackPointExtension>
        </extensions>
      </trkpt>
      <trkpt lat="31.1559499986469745635986328125" lon="121.19356236420571804046630859375">
        <ele>4.599999904632568359375</ele>
        <time>2026-09-05T12:36:09.000Z</time>
        <extensions>
          <ns3:TrackPointExtension>
            <ns3:hr>146</ns3:hr>
            <ns3:cad>87</ns3:cad>
          </ns3:TrackPointExtension>
        </extensions>
      </trkpt>
      <trkpt lat="31.1559721268713474273681640625" lon="121.1935575865209102630615234375">
        <ele>4.599999904632568359375</ele>
        <time>2026-09-05T12:36:10.000Z</time>
        <extensions>
          <ns3:TrackPointExtension>
            <ns3:hr>146</ns3:hr>
            <ns3:cad>87</ns3:cad>
          </ns3:TrackPointExtension>
        </extensions>
      </trkpt>
      <trkpt lat="31.1559885554015636444091796875" lon="121.193548031151294708251953125">
        <ele>4.599999904632568359375</ele>
        <time>2026-09-05T12:36:11.000Z</time>
        <extensions>
          <ns3:TrackPointExtension>
            <ns3:hr>146</ns3:hr>
            <ns3:cad>88</ns3:cad>
          </ns3:TrackPointExtension>
        </extensions>
      </trkpt>
      <trkpt lat="31.15600506775081157684326171875" lon="121.19353671558201313018798828125">
        <ele>4.599999904632568359375</ele>
        <time>2026-09-05T12:36:12.000Z</time>
        <extensions>
          <ns3:TrackPointExtension>
            <ns3:hr>145</ns3:hr>
            <ns3:cad>88</ns3:cad>
          </ns3:TrackPointExtension>
        </extensions>
      </trkpt>
      <trkpt lat="31.15602828562259674072265625" lon="121.1935243941843509674072265625">
        <ele>4.599999904632568359375</ele>
        <time>2026-09-05T12:36:13.000Z</time>
        <extensions>
          <ns3:TrackPointExtension>
            <ns3:hr>146</ns3:hr>
            <ns3:cad>88</ns3:cad>
          </ns3:TrackPointExtension>
        </extensions>
      </trkpt>
      <trkpt lat="31.1560489051043987274169921875" lon="121.19351458735764026641845703125">
        <ele>4.599999904632568359375</ele>
        <time>2026-09-05T12:36:14.000Z</time>
        <extensions>
          <ns3:TrackPointExtension>
            <ns3:hr>146</ns3:hr>
            <ns3:cad>88</ns3:cad>
          </ns3:TrackPointExtension>
        </extensions>
      </trkpt>
      <trkpt lat="31.1560717038810253143310546875" lon="121.19350452907383441925048828125">
        <ele>4.80000019073486328125</ele>
        <time>2026-09-05T12:36:15.000Z</time>
        <extensions>
          <ns3:TrackPointExtension>
            <ns3:hr>145</ns3:hr>
            <ns3:cad>88</ns3:cad>
          </ns3:TrackPointExtension>
        </extensions>
      </trkpt>
      <trkpt lat="31.15609609521925449371337890625" lon="121.1934967339038848876953125">
        <ele>4.80000019073486328125</ele>
        <time>2026-09-05T12:36:16.000Z</time>
        <extensions>
          <ns3:TrackPointExtension>
            <ns3:hr>146</ns3:hr>
            <ns3:cad>89</ns3:cad>
          </ns3:TrackPointExtension>
        </extensions>
      </trkpt>
      <trkpt lat="31.15612174384295940399169921875" lon="121.193485669791698455810546875">
        <ele>4.80000019073486328125</ele>
        <time>2026-09-05T12:36:17.000Z</time>
        <extensions>
          <ns3:TrackPointExtension>
            <ns3:hr>146</ns3:hr>
            <ns3:cad>90</ns3:cad>
          </ns3:TrackPointExtension>
        </extensions>
      </trkpt>
      <trkpt lat="31.156145632266998291015625" lon="121.1934771202504634857177734375">
        <ele>4.80000019073486328125</ele>
        <time>2026-09-05T12:36:18.000Z</time>
        <extensions>
          <ns3:TrackPointExtension>
            <ns3:hr>145</ns3:hr>
            <ns3:cad>91</ns3:cad>
          </ns3:TrackPointExtension>
        </extensions>
      </trkpt>
      <trkpt lat="31.15617102943360805511474609375" lon="121.193468570709228515625">
        <ele>5</ele>
        <time>2026-09-05T12:36:19.000Z</time>
        <extensions>
          <ns3:TrackPointExtension>
            <ns3:hr>146</ns3:hr>
            <ns3:cad>91</ns3:cad>
          </ns3:TrackPointExtension>
        </extensions>
      </trkpt>
      <trkpt lat="31.15619751624763011932373046875" lon="121.19345859624445438385009765625">
        <ele>5</ele>
        <time>2026-09-05T12:36:20.000Z</time>
        <extensions>
          <ns3:TrackPointExtension>
            <ns3:hr>146</ns3:hr>
            <ns3:cad>91</ns3:cad>
          </ns3:TrackPointExtension>
        </extensions>
      </trkpt>
      <trkpt lat="31.1562182195484638214111328125" lon="121.193450801074504852294921875">
        <ele>5</ele>
        <time>2026-09-05T12:36:21.000Z</time>
        <extensions>
          <ns3:TrackPointExtension>
            <ns3:hr>146</ns3:hr>
            <ns3:cad>90</ns3:cad>
          </ns3:TrackPointExtension>
        </extensions>
      </trkpt>
      <trkpt lat="31.1562410183250904083251953125" lon="121.1934412457048892974853515625">
        <ele>5.19999980926513671875</ele>
        <time>2026-09-05T12:36:22.000Z</time>
        <extensions>
          <ns3:TrackPointExtension>
            <ns3:hr>145</ns3:hr>
            <ns3:cad>89</ns3:cad>
          </ns3:TrackPointExtension>
        </extensions>
      </trkpt>
      <trkpt lat="31.15626222454011440277099609375" lon="121.1934308521449565887451171875">
        <ele>5.19999980926513671875</ele>
        <time>2026-09-05T12:36:23.000Z</time>
        <extensions>
          <ns3:TrackPointExtension>
            <ns3:hr>146</ns3:hr>
            <ns3:cad>89</ns3:cad>
          </ns3:TrackPointExtension>
        </extensions>
      </trkpt>
      <trkpt lat="31.1562837660312652587890625" lon="121.19342498481273651123046875">
        <ele>5.19999980926513671875</ele>
        <time>2026-09-05T12:36:24.000Z</time>
        <extensions>
          <ns3:TrackPointExtension>
            <ns3:hr>146</ns3:hr>
            <ns3:cad>89</ns3:cad>
          </ns3:TrackPointExtension>
        </extensions>
      </trkpt>
      <trkpt lat="31.15630547516047954559326171875" lon="121.19341584853827953338623046875">
        <ele>5.400000095367431640625</ele>
        <time>2026-09-05T12:36:25.000Z</time>
        <extensions>
          <ns3:TrackPointExtension>
            <ns3:hr>146</ns3:hr>
            <ns3:cad>89</ns3:cad>
          </ns3:TrackPointExtension>
        </extensions>
      </trkpt>
      <trkpt lat="31.15633263252675533294677734375" lon="121.1934082210063934326171875">
        <ele>5.400000095367431640625</ele>
        <time>2026-09-05T12:36:26.000Z</time>
        <extensions>
          <ns3:TrackPointExtension>
            <ns3:hr>147</ns3:hr>
            <ns3:cad>89</ns3:cad>
          </ns3:TrackPointExtension>
        </extensions>
      </trkpt>
      <trkpt lat="31.15635744296014308929443359375" lon="121.1933973245322704315185546875">
        <ele>5.400000095367431640625</ele>
        <time>2026-09-05T12:36:27.000Z</time>
        <extensions>
          <ns3:TrackPointExtension>
            <ns3:hr>147</ns3:hr>
            <ns3:cad>88</ns3:cad>
          </ns3:TrackPointExtension>
        </extensions>
      </trkpt>
      <trkpt lat="31.1563811637461185455322265625" lon="121.19338936172425746917724609375">
        <ele>5.599999904632568359375</ele>
        <time>2026-09-05T12:36:28.000Z</time>
        <extensions>
          <ns3:TrackPointExtension>
            <ns3:hr>147</ns3:hr>
            <ns3:cad>88</ns3:cad>
          </ns3:TrackPointExtension>
        </extensions>
      </trkpt>
      <trkpt lat="31.15640169940888881683349609375" lon="121.1933787167072296142578125">
        <ele>5.599999904632568359375</ele>
        <time>2026-09-05T12:36:29.000Z</time>
        <extensions>
          <ns3:TrackPointExtension>
            <ns3:hr>147</ns3:hr>
            <ns3:cad>88</ns3:cad>
          </ns3:TrackPointExtension>
        </extensions>
      </trkpt>
      <trkpt lat="31.15642315708100795745849609375" lon="121.19336237199604511260986328125">
        <ele>5.80000019073486328125</ele>
        <time>2026-09-05T12:36:30.000Z</time>
        <extensions>
          <ns3:TrackPointExtension>
            <ns3:hr>147</ns3:hr>
            <ns3:cad>88</ns3:cad>
          </ns3:TrackPointExtension>
        </extensions>
      </trkpt>
      <trkpt lat="31.1564431898295879364013671875" lon="121.19334745220839977264404296875">
        <ele>5.80000019073486328125</ele>
        <time>2026-09-05T12:36:31.000Z</time>
        <extensions>
          <ns3:TrackPointExtension>
            <ns3:hr>147</ns3:hr>
            <ns3:cad>89</ns3:cad>
          </ns3:TrackPointExtension>
        </extensions>
      </trkpt>
      <trkpt lat="31.15646422840654850006103515625" lon="121.19333219714462757110595703125">
        <ele>6</ele>
        <time>2026-09-05T12:36:32.000Z</time>
        <extensions>
          <ns3:TrackPointExtension>
            <ns3:hr>147</ns3:hr>
            <ns3:cad>89</ns3:cad>
          </ns3:TrackPointExtension>
        </extensions>
      </trkpt>
      <trkpt lat="31.15648333914577960968017578125" lon="121.19331912137567996978759765625">
        <ele>6</ele>
        <time>2026-09-05T12:36:33.000Z</time>
        <extensions>
          <ns3:TrackPointExtension>
            <ns3:hr>147</ns3:hr>
            <ns3:cad>89</ns3:cad>
          </ns3:TrackPointExtension>
        </extensions>
      </trkpt>
      <trkpt lat="31.1565105803310871124267578125" lon="121.19330696761608123779296875">
        <ele>6</ele>
        <time>2026-09-05T12:36:34.000Z</time>
        <extensions>
          <ns3:TrackPointExtension>
            <ns3:hr>147</ns3:hr>
            <ns3:cad>89</ns3:cad>
          </ns3:TrackPointExtension>
        </extensions>
      </trkpt>
      <trkpt lat="31.15653312765061855316162109375" lon="121.19329347275197505950927734375">
        <ele>6</ele>
        <time>2026-09-05T12:36:35.000Z</time>
        <extensions>
          <ns3:TrackPointExtension>
            <ns3:hr>147</ns3:hr>
            <ns3:cad>89</ns3:cad>
          </ns3:TrackPointExtension>
        </extensions>
      </trkpt>
      <trkpt lat="31.156557686626911163330078125" lon="121.19328173808753490447998046875">
        <ele>6</ele>
        <time>2026-09-05T12:36:36.000Z</time>
        <extensions>
          <ns3:TrackPointExtension>
            <ns3:hr>147</ns3:hr>
            <ns3:cad>87</ns3:cad>
          </ns3:TrackPointExtension>
        </extensions>
      </trkpt>
      <trkpt lat="31.15658157505095005035400390625" lon="121.19327084161341190338134765625">
        <ele>6</ele>
        <time>2026-09-05T12:36:37.000Z</time>
        <extensions>
          <ns3:TrackPointExtension>
            <ns3:hr>147</ns3:hr>
            <ns3:cad>87</ns3:cad>
          </ns3:TrackPointExtension>
        </extensions>
      </trkpt>
      <trkpt lat="31.15661166608333587646484375" lon="121.19326011277735233306884765625">
        <ele>6</ele>
        <time>2026-09-05T12:36:38.000Z</time>
        <extensions>
          <ns3:TrackPointExtension>
            <ns3:hr>148</ns3:hr>
            <ns3:cad>88</ns3:cad>
          </ns3:TrackPointExtension>
        </extensions>
      </trkpt>
      <trkpt lat="31.156634129583835601806640625" lon="121.1932518146932125091552734375">
        <ele>5.80000019073486328125</ele>
        <time>2026-09-05T12:36:39.000Z</time>
        <extensions>
          <ns3:TrackPointExtension>
            <ns3:hr>147</ns3:hr>
            <ns3:cad>88</ns3:cad>
          </ns3:TrackPointExtension>
        </extensions>
      </trkpt>
      <trkpt lat="31.15666120313107967376708984375" lon="121.1932464502751827239990234375">
        <ele>5.80000019073486328125</ele>
        <time>2026-09-05T12:36:40.000Z</time>
        <extensions>
          <ns3:TrackPointExtension>
            <ns3:hr>147</ns3:hr>
            <ns3:cad>89</ns3:cad>
          </ns3:TrackPointExtension>
        </extensions>
      </trkpt>
      <trkpt lat="31.156684421002864837646484375" lon="121.19323513470590114593505859375">
        <ele>5.80000019073486328125</ele>
        <time>2026-09-05T12:36:41.000Z</time>
        <extensions>
          <ns3:TrackPointExtension>
            <ns3:hr>148</ns3:hr>
            <ns3:cad>89</ns3:cad>
          </ns3:TrackPointExtension>
        </extensions>
      </trkpt>
      <trkpt lat="31.15670663304626941680908203125" lon="121.1932229809463024139404296875">
        <ele>5.80000019073486328125</ele>
        <time>2026-09-05T12:36:42.000Z</time>
        <extensions>
          <ns3:TrackPointExtension>
            <ns3:hr>147</ns3:hr>
            <ns3:cad>89</ns3:cad>
          </ns3:TrackPointExtension>
        </extensions>
      </trkpt>
      <trkpt lat="31.15672406740486621856689453125" lon="121.19321133010089397430419921875">
        <ele>5.80000019073486328125</ele>
        <time>2026-09-05T12:36:43.000Z</time>
        <extensions>
          <ns3:TrackPointExtension>
            <ns3:hr>147</ns3:hr>
            <ns3:cad>88</ns3:cad>
          </ns3:TrackPointExtension>
        </extensions>
      </trkpt>
      <trkpt lat="31.1567466147243976593017578125" lon="121.19320060126483440399169921875">
        <ele>5.599999904632568359375</ele>
        <time>2026-09-05T12:36:44.000Z</time>
        <extensions>
          <ns3:TrackPointExtension>
            <ns3:hr>148</ns3:hr>
            <ns3:cad>88</ns3:cad>
          </ns3:TrackPointExtension>
        </extensions>
      </trkpt>
      <trkpt lat="31.15677000023424625396728515625" lon="121.193191967904567718505859375">
        <ele>5.599999904632568359375</ele>
        <time>2026-09-05T12:36:45.000Z</time>
        <extensions>
          <ns3:TrackPointExtension>
            <ns3:hr>147</ns3:hr>
            <ns3:cad>88</ns3:cad>
          </ns3:TrackPointExtension>
        </extensions>
      </trkpt>
      <trkpt lat="31.156791709363460540771484375" lon="121.19318333454430103302001953125">
        <ele>5.599999904632568359375</ele>
        <time>2026-09-05T12:36:46.000Z</time>
        <extensions>
          <ns3:TrackPointExtension>
            <ns3:hr>147</ns3:hr>
            <ns3:cad>89</ns3:cad>
          </ns3:TrackPointExtension>
        </extensions>
      </trkpt>
      <trkpt lat="31.15681861527264118194580078125" lon="121.193181239068508148193359375">
        <ele>5.400000095367431640625</ele>
        <time>2026-09-05T12:36:47.000Z</time>
        <extensions>
          <ns3:TrackPointExtension>
            <ns3:hr>147</ns3:hr>
            <ns3:cad>89</ns3:cad>
          </ns3:TrackPointExtension>
        </extensions>
      </trkpt>
      <trkpt lat="31.15684258751571178436279296875" lon="121.1931706778705120086669921875">
        <ele>5.400000095367431640625</ele>
        <time>2026-09-05T12:36:48.000Z</time>
        <extensions>
          <ns3:TrackPointExtension>
            <ns3:hr>147</ns3:hr>
            <ns3:cad>89</ns3:cad>
          </ns3:TrackPointExtension>
        </extensions>
      </trkpt>
      <trkpt lat="31.1568656377494335174560546875" lon="121.193163134157657623291015625">
        <ele>5.19999980926513671875</ele>
        <time>2026-09-05T12:36:49.000Z</time>
        <extensions>
          <ns3:TrackPointExtension>
            <ns3:hr>147</ns3:hr>
            <ns3:cad>88</ns3:cad>
          </ns3:TrackPointExtension>
        </extensions>
      </trkpt>
      <trkpt lat="31.156888268887996673583984375" lon="121.19315433315932750701904296875">
        <ele>5.19999980926513671875</ele>
        <time>2026-09-05T12:36:50.000Z</time>
        <extensions>
          <ns3:TrackPointExtension>
            <ns3:hr>147</ns3:hr>
            <ns3:cad>88</ns3:cad>
          </ns3:TrackPointExtension>
        </extensions>
      </trkpt>
      <trkpt lat="31.15691433660686016082763671875" lon="121.1931478790938854217529296875">
        <ele>5.19999980926513671875</ele>
        <time>2026-09-05T12:36:51.000Z</time>
        <extensions>
          <ns3:TrackPointExtension>
            <ns3:hr>147</ns3:hr>
            <ns3:cad>88</ns3:cad>
          </ns3:TrackPointExtension>
        </extensions>
      </trkpt>
      <trkpt lat="31.15693981759250164031982421875" lon="121.19313572533428668975830078125">
        <ele>5.19999980926513671875</ele>
        <time>2026-09-05T12:36:52.000Z</time>
        <extensions>
          <ns3:TrackPointExtension>
            <ns3:hr>148</ns3:hr>
            <ns3:cad>88</ns3:cad>
          </ns3:TrackPointExtension>
        </extensions>
      </trkpt>
      <trkpt lat="31.1569655500352382659912109375" lon="121.19312734343111515045166015625">
        <ele>5.19999980926513671875</ele>
        <time>2026-09-05T12:36:53.000Z</time>
        <extensions>
          <ns3:TrackPointExtension>
            <ns3:hr>147</ns3:hr>
            <ns3:cad>88</ns3:cad>
          </ns3:TrackPointExtension>
        </extensions>
      </trkpt>
      <trkpt lat="31.1569873429834842681884765625" lon="121.19311988353729248046875">
        <ele>5.19999980926513671875</ele>
        <time>2026-09-05T12:36:54.000Z</time>
        <extensions>
          <ns3:TrackPointExtension>
            <ns3:hr>147</ns3:hr>
            <ns3:cad>89</ns3:cad>
          </ns3:TrackPointExtension>
        </extensions>
      </trkpt>
      <trkpt lat="31.15701089613139629364013671875" lon="121.193114183843135833740234375">
        <ele>5.19999980926513671875</ele>
        <time>2026-09-05T12:36:55.000Z</time>
        <extensions>
          <ns3:TrackPointExtension>
            <ns3:hr>147</ns3:hr>
            <ns3:cad>89</ns3:cad>
          </ns3:TrackPointExtension>
        </extensions>
      </trkpt>
      <trkpt lat="31.157034449279308319091796875" lon="121.19310789741575717926025390625">
        <ele>5.19999980926513671875</ele>
        <time>2026-09-05T12:36:56.000Z</time>
        <extensions>
          <ns3:TrackPointExtension>
            <ns3:hr>147</ns3:hr>
            <ns3:cad>89</ns3:cad>
          </ns3:TrackPointExtension>
        </extensions>
      </trkpt>
      <trkpt lat="31.1570607684552669525146484375" lon="121.19310404174029827117919921875">
        <ele>5.19999980926513671875</ele>
        <time>2026-09-05T12:36:57.000Z</time>
        <extensions>
          <ns3:TrackPointExtension>
            <ns3:hr>147</ns3:hr>
            <ns3:cad>88</ns3:cad>
          </ns3:TrackPointExtension>
        </extensions>
      </trkpt>
      <trkpt lat="31.1570805497467517852783203125" lon="121.1930972523987293243408203125">
        <ele>5</ele>
        <time>2026-09-05T12:36:58.000Z</time>
        <extensions>
          <ns3:TrackPointExtension>
            <ns3:hr>147</ns3:hr>
            <ns3:cad>88</ns3:cad>
          </ns3:TrackPointExtension>
        </extensions>
      </trkpt>
      <trkpt lat="31.157104857265949249267578125" lon="121.193093396723270416259765625">
        <ele>5</ele>
        <time>2026-09-05T12:36:59.000Z</time>
        <extensions>
          <ns3:TrackPointExtension>
            <ns3:hr>147</ns3:hr>
            <ns3:cad>89</ns3:cad>
          </ns3:TrackPointExtension>
        </extensions>
      </trkpt>
      <trkpt lat="31.1571251414716243743896484375" lon="121.19308945722877979278564453125">
        <ele>5</ele>
        <time>2026-09-05T12:37:00.000Z</time>
        <extensions>
          <ns3:TrackPointExtension>
            <ns3:hr>147</ns3:hr>
            <ns3:cad>89</ns3:cad>
          </ns3:TrackPointExtension>
        </extensions>
      </trkpt>
      <trkpt lat="31.15715305320918560028076171875" lon="121.19308409281075000762939453125">
        <ele>5</ele>
        <time>2026-09-05T12:37:01.000Z</time>
        <extensions>
          <ns3:TrackPointExtension>
            <ns3:hr>147</ns3:hr>
            <ns3:cad>89</ns3:cad>
          </ns3:TrackPointExtension>
        </extensions>
      </trkpt>
      <trkpt lat="31.15717685781419277191162109375" lon="121.19307956658303737640380859375">
        <ele>5</ele>
        <time>2026-09-05T12:37:02.000Z</time>
        <extensions>
          <ns3:TrackPointExtension>
            <ns3:hr>147</ns3:hr>
            <ns3:cad>89</ns3:cad>
          </ns3:TrackPointExtension>
        </extensions>
      </trkpt>
      <trkpt lat="31.15720267407596111297607421875" lon="121.193077974021434783935546875">
        <ele>5</ele>
        <time>2026-09-05T12:37:03.000Z</time>
        <extensions>
          <ns3:TrackPointExtension>
            <ns3:hr>147</ns3:hr>
            <ns3:cad>88</ns3:cad>
          </ns3:TrackPointExtension>
        </extensions>
      </trkpt>
      <trkpt lat="31.15722580812871456146240234375" lon="121.19307235814630985260009765625">
        <ele>5</ele>
        <time>2026-09-05T12:37:04.000Z</time>
        <extensions>
          <ns3:TrackPointExtension>
            <ns3:hr>147</ns3:hr>
            <ns3:cad>88</ns3:cad>
          </ns3:TrackPointExtension>
        </extensions>
      </trkpt>
      <trkpt lat="31.15724978037178516387939453125" lon="121.19306582026183605194091796875">
        <ele>5</ele>
        <time>2026-09-05T12:37:05.000Z</time>
        <extensions>
          <ns3:TrackPointExtension>
            <ns3:hr>147</ns3:hr>
            <ns3:cad>88</ns3:cad>
          </ns3:TrackPointExtension>
        </extensions>
      </trkpt>
      <trkpt lat="31.1572716571390628814697265625" lon="121.1930630542337894439697265625">
        <ele>5</ele>
        <time>2026-09-05T12:37:06.000Z</time>
        <extensions>
          <ns3:TrackPointExtension>
            <ns3:hr>147</ns3:hr>
            <ns3:cad>88</ns3:cad>
          </ns3:TrackPointExtension>
        </extensions>
      </trkpt>
      <trkpt lat="31.15729831159114837646484375" lon="121.19306615553796291351318359375">
        <ele>4.80000019073486328125</ele>
        <time>2026-09-05T12:37:07.000Z</time>
        <extensions>
          <ns3:TrackPointExtension>
            <ns3:hr>147</ns3:hr>
            <ns3:cad>89</ns3:cad>
          </ns3:TrackPointExtension>
        </extensions>
      </trkpt>
      <trkpt lat="31.157317422330379486083984375" lon="121.19306481443345546722412109375">
        <ele>4.80000019073486328125</ele>
        <time>2026-09-05T12:37:08.000Z</time>
        <extensions>
          <ns3:TrackPointExtension>
            <ns3:hr>147</ns3:hr>
            <ns3:cad>90</ns3:cad>
          </ns3:TrackPointExtension>
        </extensions>
      </trkpt>
      <trkpt lat="31.1573417298495769500732421875" lon="121.19306582026183605194091796875">
        <ele>4.80000019073486328125</ele>
        <time>2026-09-05T12:37:09.000Z</time>
        <extensions>
          <ns3:TrackPointExtension>
            <ns3:hr>147</ns3:hr>
            <ns3:cad>90</ns3:cad>
          </ns3:TrackPointExtension>
        </extensions>
      </trkpt>
      <trkpt lat="31.157361008226871490478515625" lon="121.19306288659572601318359375">
        <ele>4.80000019073486328125</ele>
        <time>2026-09-05T12:37:10.000Z</time>
        <extensions>
          <ns3:TrackPointExtension>
            <ns3:hr>147</ns3:hr>
            <ns3:cad>88</ns3:cad>
          </ns3:TrackPointExtension>
        </extensions>
      </trkpt>
      <trkpt lat="31.15738489665091037750244140625" lon="121.19306095875799655914306640625">
        <ele>4.80000019073486328125</ele>
        <time>2026-09-05T12:37:11.000Z</time>
        <extensions>
          <ns3:TrackPointExtension>
            <ns3:hr>147</ns3:hr>
            <ns3:cad>87</ns3:cad>
          </ns3:TrackPointExtension>
        </extensions>
      </trkpt>
      <trkpt lat="31.1574049293994903564453125" lon="121.1930603720247745513916015625">
        <ele>4.80000019073486328125</ele>
        <time>2026-09-05T12:37:12.000Z</time>
        <extensions>
          <ns3:TrackPointExtension>
            <ns3:hr>146</ns3:hr>
            <ns3:cad>87</ns3:cad>
          </ns3:TrackPointExtension>
        </extensions>
      </trkpt>
      <trkpt lat="31.15743200294673442840576171875" lon="121.193061880767345428466796875">
        <ele>4.80000019073486328125</ele>
        <time>2026-09-05T12:37:13.000Z</time>
        <extensions>
          <ns3:TrackPointExtension>
            <ns3:hr>147</ns3:hr>
            <ns3:cad>88</ns3:cad>
          </ns3:TrackPointExtension>
        </extensions>
      </trkpt>
      <trkpt lat="31.157454550266265869140625" lon="121.1930595338344573974609375">
        <ele>4.80000019073486328125</ele>
        <time>2026-09-05T12:37:14.000Z</time>
        <extensions>
          <ns3:TrackPointExtension>
            <ns3:hr>147</ns3:hr>
            <ns3:cad>89</ns3:cad>
          </ns3:TrackPointExtension>
        </extensions>
      </trkpt>
      <trkpt lat="31.15748112089931964874267578125" lon="121.19305542670190334320068359375">
        <ele>4.80000019073486328125</ele>
        <time>2026-09-05T12:37:15.000Z</time>
        <extensions>
          <ns3:TrackPointExtension>
            <ns3:hr>147</ns3:hr>
            <ns3:cad>89</ns3:cad>
          </ns3:TrackPointExtension>
        </extensions>
      </trkpt>
      <trkpt lat="31.157508529722690582275390625" lon="121.193057857453823089599609375">
        <ele>4.599999904632568359375</ele>
        <time>2026-09-05T12:37:16.000Z</time>
        <extensions>
          <ns3:TrackPointExtension>
            <ns3:hr>147</ns3:hr>
            <ns3:cad>89</ns3:cad>
          </ns3:TrackPointExtension>
        </extensions>
      </trkpt>
      <trkpt lat="31.1575314961373805999755859375" lon="121.19305894710123538970947265625">
        <ele>4.599999904632568359375</ele>
        <time>2026-09-05T12:37:17.000Z</time>
        <extensions>
          <ns3:TrackPointExtension>
            <ns3:hr>147</ns3:hr>
            <ns3:cad>89</ns3:cad>
          </ns3:TrackPointExtension>
        </extensions>
      </trkpt>
      <trkpt lat="31.15755504928529262542724609375" lon="121.1930597014725208282470703125">
        <ele>4.599999904632568359375</ele>
        <time>2026-09-05T12:37:18.000Z</time>
        <extensions>
          <ns3:TrackPointExtension>
            <ns3:hr>147</ns3:hr>
            <ns3:cad>88</ns3:cad>
          </ns3:TrackPointExtension>
        </extensions>
      </trkpt>
      <trkpt lat="31.15757717750966548919677734375" lon="121.19305886328220367431640625">
        <ele>4.599999904632568359375</ele>
        <time>2026-09-05T12:37:19.000Z</time>
        <extensions>
          <ns3:TrackPointExtension>
            <ns3:hr>146</ns3:hr>
            <ns3:cad>88</ns3:cad>
          </ns3:TrackPointExtension>
        </extensions>
      </trkpt>
      <trkpt lat="31.15760584361851215362548828125" lon="121.19305995292961597442626953125">
        <ele>4.599999904632568359375</ele>
        <time>2026-09-05T12:37:20.000Z</time>
        <extensions>
          <ns3:TrackPointExtension>
            <ns3:hr>147</ns3:hr>
            <ns3:cad>88</ns3:cad>
          </ns3:TrackPointExtension>
        </extensions>
      </trkpt>
      <trkpt lat="31.15762847475707530975341796875" lon="121.19305777363479137420654296875">
        <ele>4.599999904632568359375</ele>
        <time>2026-09-05T12:37:21.000Z</time>
        <extensions>
          <ns3:TrackPointExtension>
            <ns3:hr>147</ns3:hr>
            <ns3:cad>88</ns3:cad>
          </ns3:TrackPointExtension>
        </extensions>
      </trkpt>
      <trkpt lat="31.15765563212335109710693359375" lon="121.193058192729949951171875">
        <ele>4.599999904632568359375</ele>
        <time>2026-09-05T12:37:22.000Z</time>
        <extensions>
          <ns3:TrackPointExtension>
            <ns3:hr>147</ns3:hr>
            <ns3:cad>88</ns3:cad>
          </ns3:TrackPointExtension>
        </extensions>
      </trkpt>
      <trkpt lat="31.1576790176331996917724609375" lon="121.1930595338344573974609375">
        <ele>4.400000095367431640625</ele>
        <time>2026-09-05T12:37:23.000Z</time>
        <extensions>
          <ns3:TrackPointExtension>
            <ns3:hr>147</ns3:hr>
            <ns3:cad>87</ns3:cad>
          </ns3:TrackPointExtension>
        </extensions>
      </trkpt>
      <trkpt lat="31.157701648771762847900390625" lon="121.193063557147979736328125">
        <ele>4.400000095367431640625</ele>
        <time>2026-09-05T12:37:24.000Z</time>
        <extensions>
          <ns3:TrackPointExtension>
            <ns3:hr>146</ns3:hr>
            <ns3:cad>87</ns3:cad>
          </ns3:TrackPointExtension>
        </extensions>
      </trkpt>
      <trkpt lat="31.15772075951099395751953125" lon="121.19306288659572601318359375">
        <ele>4.400000095367431640625</ele>
        <time>2026-09-05T12:37:25.000Z</time>
        <extensions>
          <ns3:TrackPointExtension>
            <ns3:hr>147</ns3:hr>
            <ns3:cad>87</ns3:cad>
          </ns3:TrackPointExtension>
        </extensions>
      </trkpt>
      <trkpt lat="31.15774615667760372161865234375" lon="121.19306498207151889801025390625">
        <ele>4.599999904632568359375</ele>
        <time>2026-09-05T12:37:26.000Z</time>
        <extensions>
          <ns3:TrackPointExtension>
            <ns3:hr>147</ns3:hr>
            <ns3:cad>88</ns3:cad>
          </ns3:TrackPointExtension>
        </extensions>
      </trkpt>
      <trkpt lat="31.15776610560715198516845703125" lon="121.19306213222444057464599609375">
        <ele>4.599999904632568359375</ele>
        <time>2026-09-05T12:37:27.000Z</time>
        <extensions>
          <ns3:TrackPointExtension>
            <ns3:hr>147</ns3:hr>
            <ns3:cad>88</ns3:cad>
          </ns3:TrackPointExtension>
        </extensions>
      </trkpt>
      <trkpt lat="31.15779141895473003387451171875" lon="121.19306565262377262115478515625">
        <ele>4.599999904632568359375</ele>
        <time>2026-09-05T12:37:28.000Z</time>
        <extensions>
          <ns3:TrackPointExtension>
            <ns3:hr>147</ns3:hr>
            <ns3:cad>88</ns3:cad>
          </ns3:TrackPointExtension>
        </extensions>
      </trkpt>
      <trkpt lat="31.15781287662684917449951171875" lon="121.19306900538504123687744140625">
        <ele>4.599999904632568359375</ele>
        <time>2026-09-05T12:37:29.000Z</time>
        <extensions>
          <ns3:TrackPointExtension>
            <ns3:hr>147</ns3:hr>
            <ns3:cad>89</ns3:cad>
          </ns3:TrackPointExtension>
        </extensions>
      </trkpt>
      <trkpt lat="31.15784305147826671600341796875" lon="121.19306464679539203643798828125">
        <ele>4.599999904632568359375</ele>
        <time>2026-09-05T12:37:30.000Z</time>
        <extensions>
          <ns3:TrackPointExtension>
            <ns3:hr>146</ns3:hr>
            <ns3:cad>89</ns3:cad>
          </ns3:TrackPointExtension>
        </extensions>
      </trkpt>
      <trkpt lat="31.15786853246390819549560546875" lon="121.1930657364428043365478515625">
        <ele>4.599999904632568359375</ele>
        <time>2026-09-05T12:37:31.000Z</time>
        <extensions>
          <ns3:TrackPointExtension>
            <ns3:hr>147</ns3:hr>
            <ns3:cad>87</ns3:cad>
          </ns3:TrackPointExtension>
        </extensions>
      </trkpt>
      <trkpt lat="31.1578979529440402984619140625" lon="121.1930674128234386444091796875">
        <ele>4.599999904632568359375</ele>
        <time>2026-09-05T12:37:32.000Z</time>
        <extensions>
          <ns3:TrackPointExtension>
            <ns3:hr>147</ns3:hr>
            <ns3:cad>87</ns3:cad>
          </ns3:TrackPointExtension>
        </extensions>
      </trkpt>
      <trkpt lat="31.15792854689061641693115234375" lon="121.19306749664247035980224609375">
        <ele>4.599999904632568359375</ele>
        <time>2026-09-05T12:37:33.000Z</time>
        <extensions>
          <ns3:TrackPointExtension>
            <ns3:hr>147</ns3:hr>
            <ns3:cad>88</ns3:cad>
          </ns3:TrackPointExtension>
        </extensions>
      </trkpt>
      <trkpt lat="31.15795536898076534271240234375" lon="121.193067915737628936767578125">
        <ele>4.599999904632568359375</ele>
        <time>2026-09-05T12:37:34.000Z</time>
        <extensions>
          <ns3:TrackPointExtension>
            <ns3:hr>147</ns3:hr>
            <ns3:cad>89</ns3:cad>
          </ns3:TrackPointExtension>
        </extensions>
      </trkpt>
      <trkpt lat="31.15798252634704113006591796875" lon="121.1930714361369609832763671875">
        <ele>4.400000095367431640625</ele>
        <time>2026-09-05T12:37:35.000Z</time>
        <extensions>
          <ns3:TrackPointExtension>
            <ns3:hr>147</ns3:hr>
            <ns3:cad>89</ns3:cad>
          </ns3:TrackPointExtension>
        </extensions>
      </trkpt>
      <trkpt lat="31.15800700150430202484130859375" lon="121.19307319633662700653076171875">
        <ele>4.400000095367431640625</ele>
        <time>2026-09-05T12:37:36.000Z</time>
        <extensions>
          <ns3:TrackPointExtension>
            <ns3:hr>147</ns3:hr>
            <ns3:cad>89</ns3:cad>
          </ns3:TrackPointExtension>
        </extensions>
      </trkpt>
      <trkpt lat="31.158028207719326019287109375" lon="121.19307621382176876068115234375">
        <ele>4.400000095367431640625</ele>
        <time>2026-09-05T12:37:37.000Z</time>
        <extensions>
          <ns3:TrackPointExtension>
            <ns3:hr>146</ns3:hr>
            <ns3:cad>89</ns3:cad>
          </ns3:TrackPointExtension>
        </extensions>
      </trkpt>
      <trkpt lat="31.15804933011531829833984375" lon="121.193076632916927337646484375">
        <ele>4.400000095367431640625</ele>
        <time>2026-09-05T12:37:38.000Z</time>
        <extensions>
          <ns3:TrackPointExtension>
            <ns3:hr>147</ns3:hr>
            <ns3:cad>89</ns3:cad>
          </ns3:TrackPointExtension>
        </extensions>
      </trkpt>
      <trkpt lat="31.1580759845674037933349609375" lon="121.1930801533162593841552734375">
        <ele>4.400000095367431640625</ele>
        <time>2026-09-05T12:37:39.000Z</time>
        <extensions>
          <ns3:TrackPointExtension>
            <ns3:hr>147</ns3:hr>
            <ns3:cad>89</ns3:cad>
          </ns3:TrackPointExtension>
        </extensions>
      </trkpt>
      <trkpt lat="31.15809853188693523406982421875" lon="121.1930788122117519378662109375">
        <ele>4.400000095367431640625</ele>
        <time>2026-09-05T12:37:40.000Z</time>
        <extensions>
          <ns3:TrackPointExtension>
            <ns3:hr>147</ns3:hr>
            <ns3:cad>89</ns3:cad>
          </ns3:TrackPointExtension>
        </extensions>
      </trkpt>
      <trkpt lat="31.158122755587100982666015625" lon="121.19308124296367168426513671875">
        <ele>4.400000095367431640625</ele>
        <time>2026-09-05T12:37:41.000Z</time>
        <extensions>
          <ns3:TrackPointExtension>
            <ns3:hr>146</ns3:hr>
            <ns3:cad>89</ns3:cad>
          </ns3:TrackPointExtension>
        </extensions>
      </trkpt>
      <trkpt lat="31.15814396180212497711181640625" lon="121.193082667887210845947265625">
        <ele>4.400000095367431640625</ele>
        <time>2026-09-05T12:37:42.000Z</time>
        <extensions>
          <ns3:TrackPointExtension>
            <ns3:hr>147</ns3:hr>
            <ns3:cad>90</ns3:cad>
          </ns3:TrackPointExtension>
        </extensions>
      </trkpt>
      <trkpt lat="31.15816600620746612548828125" lon="121.1930861882865428924560546875">
        <ele>4.400000095367431640625</ele>
        <time>2026-09-05T12:37:43.000Z</time>
        <extensions>
          <ns3:TrackPointExtension>
            <ns3:hr>147</ns3:hr>
            <ns3:cad>90</ns3:cad>
          </ns3:TrackPointExtension>
        </extensions>
      </trkpt>
      <trkpt lat="31.15818880498409271240234375" lon="121.1930888704955577850341796875">
        <ele>4.400000095367431640625</ele>
        <time>2026-09-05T12:37:44.000Z</time>
        <extensions>
          <ns3:TrackPointExtension>
            <ns3:hr>147</ns3:hr>
            <ns3:cad>89</ns3:cad>
          </ns3:TrackPointExtension>
        </extensions>
      </trkpt>
      <trkpt lat="31.1582127772271633148193359375" lon="121.19309113360941410064697265625">
        <ele>4.400000095367431640625</ele>
        <time>2026-09-05T12:37:45.000Z</time>
        <extensions>
          <ns3:TrackPointExtension>
            <ns3:hr>146</ns3:hr>
            <ns3:cad>89</ns3:cad>
          </ns3:TrackPointExtension>
        </extensions>
      </trkpt>
      <trkpt lat="31.1582382582128047943115234375" lon="121.19309381581842899322509765625">
        <ele>4.400000095367431640625</ele>
        <time>2026-09-05T12:37:46.000Z</time>
        <extensions>
          <ns3:TrackPointExtension>
            <ns3:hr>147</ns3:hr>
            <ns3:cad>88</ns3:cad>
          </ns3:TrackPointExtension>
        </extensions>
      </trkpt>
      <trkpt lat="31.1582659184932708740234375" lon="121.19309817440807819366455078125">
        <ele>4.400000095367431640625</ele>
        <time>2026-09-05T12:37:47.000Z</time>
        <extensions>
          <ns3:TrackPointExtension>
            <ns3:hr>147</ns3:hr>
            <ns3:cad>88</ns3:cad>
          </ns3:TrackPointExtension>
        </extensions>
      </trkpt>
      <trkpt lat="31.15828846581280231475830078125" lon="121.193097420036792755126953125">
        <ele>4.400000095367431640625</ele>
        <time>2026-09-05T12:37:48.000Z</time>
        <extensions>
          <ns3:TrackPointExtension>
            <ns3:hr>147</ns3:hr>
            <ns3:cad>89</ns3:cad>
          </ns3:TrackPointExtension>
        </extensions>
      </trkpt>
      <trkpt lat="31.15831880830228328704833984375" lon="121.19309842586517333984375">
        <ele>4.400000095367431640625</ele>
        <time>2026-09-05T12:37:49.000Z</time>
        <extensions>
          <ns3:TrackPointExtension>
            <ns3:hr>147</ns3:hr>
            <ns3:cad>89</ns3:cad>
          </ns3:TrackPointExtension>
        </extensions>
      </trkpt>
      <trkpt lat="31.158342696726322174072265625" lon="121.19309733621776103973388671875">
        <ele>4.400000095367431640625</ele>
        <time>2026-09-05T12:37:50.000Z</time>
        <extensions>
          <ns3:TrackPointExtension>
            <ns3:hr>147</ns3:hr>
            <ns3:cad>89</ns3:cad>
          </ns3:TrackPointExtension>
        </extensions>
      </trkpt>
      <trkpt lat="31.1583723686635494232177734375" lon="121.19310018606483936309814453125">
        <ele>4.400000095367431640625</ele>
        <time>2026-09-05T12:37:51.000Z</time>
        <extensions>
          <ns3:TrackPointExtension>
            <ns3:hr>147</ns3:hr>
            <ns3:cad>89</ns3:cad>
          </ns3:TrackPointExtension>
        </extensions>
      </trkpt>
      <trkpt lat="31.15839575417339801788330078125" lon="121.1930989287793636322021484375">
        <ele>4.400000095367431640625</ele>
        <time>2026-09-05T12:37:52.000Z</time>
        <extensions>
          <ns3:TrackPointExtension>
            <ns3:hr>147</ns3:hr>
            <ns3:cad>88</ns3:cad>
          </ns3:TrackPointExtension>
        </extensions>
      </trkpt>
      <trkpt lat="31.1584241688251495361328125" lon="121.1931019462645053863525390625">
        <ele>4.400000095367431640625</ele>
        <time>2026-09-05T12:37:53.000Z</time>
        <extensions>
          <ns3:TrackPointExtension>
            <ns3:hr>147</ns3:hr>
            <ns3:cad>88</ns3:cad>
          </ns3:TrackPointExtension>
        </extensions>
      </trkpt>
      <trkpt lat="31.15844537504017353057861328125" lon="121.19310270063579082489013671875">
        <ele>4.400000095367431640625</ele>
        <time>2026-09-05T12:37:54.000Z</time>
        <extensions>
          <ns3:TrackPointExtension>
            <ns3:hr>147</ns3:hr>
            <ns3:cad>88</ns3:cad>
          </ns3:TrackPointExtension>
        </extensions>
      </trkpt>
      <trkpt lat="31.1584724485874176025390625" lon="121.1931063048541545867919921875">
        <ele>4.400000095367431640625</ele>
        <time>2026-09-05T12:37:55.000Z</time>
        <extensions>
          <ns3:TrackPointExtension>
            <ns3:hr>147</ns3:hr>
            <ns3:cad>89</ns3:cad>
          </ns3:TrackPointExtension>
        </extensions>
      </trkpt>
      <trkpt lat="31.15849063731729984283447265625" lon="121.1931052990257740020751953125">
        <ele>4.400000095367431640625</ele>
        <time>2026-09-05T12:37:56.000Z</time>
        <extensions>
          <ns3:TrackPointExtension>
            <ns3:hr>147</ns3:hr>
            <ns3:cad>89</ns3:cad>
          </ns3:TrackPointExtension>
        </extensions>
      </trkpt>
      <trkpt lat="31.15851863287389278411865234375" lon="121.19310622103512287139892578125">
        <ele>4.400000095367431640625</ele>
        <time>2026-09-05T12:37:57.000Z</time>
        <extensions>
          <ns3:TrackPointExtension>
            <ns3:hr>147</ns3:hr>
            <ns3:cad>89</ns3:cad>
          </ns3:TrackPointExtension>
        </extensions>
      </trkpt>
      <trkpt lat="31.15854042582213878631591796875" lon="121.19310848414897918701171875">
        <ele>4.400000095367431640625</ele>
        <time>2026-09-05T12:37:58.000Z</time>
        <extensions>
          <ns3:TrackPointExtension>
            <ns3:hr>147</ns3:hr>
            <ns3:cad>89</ns3:cad>
          </ns3:TrackPointExtension>
        </extensions>
      </trkpt>
      <trkpt lat="31.15856657736003398895263671875" lon="121.193108819425106048583984375">
        <ele>4.400000095367431640625</ele>
        <time>2026-09-05T12:37:59.000Z</time>
        <extensions>
          <ns3:TrackPointExtension>
            <ns3:hr>147</ns3:hr>
            <ns3:cad>88</ns3:cad>
          </ns3:TrackPointExtension>
        </extensions>
      </trkpt>
      <trkpt lat="31.15858702920377254486083984375" lon="121.193104125559329986572265625">
        <ele>4.400000095367431640625</ele>
        <time>2026-09-05T12:38:00.000Z</time>
        <extensions>
          <ns3:TrackPointExtension>
            <ns3:hr>147</ns3:hr>
            <ns3:cad>88</ns3:cad>
          </ns3:TrackPointExtension>
        </extensions>
      </trkpt>
      <trkpt lat="31.15861552767455577850341796875" lon="121.1931052990257740020751953125">
        <ele>4.400000095367431640625</ele>
        <time>2026-09-05T12:38:01.000Z</time>
        <extensions>
          <ns3:TrackPointExtension>
            <ns3:hr>147</ns3:hr>
            <ns3:cad>88</ns3:cad>
          </ns3:TrackPointExtension>
        </extensions>
      </trkpt>
      <trkpt lat="31.1586375720798969268798828125" lon="121.19310052134096622467041015625">
        <ele>4.400000095367431640625</ele>
        <time>2026-09-05T12:38:02.000Z</time>
        <extensions>
          <ns3:TrackPointExtension>
            <ns3:hr>147</ns3:hr>
            <ns3:cad>88</ns3:cad>
          </ns3:TrackPointExtension>
        </extensions>
      </trkpt>
      <trkpt lat="31.15866062231361865997314453125" lon="121.19309507310390472412109375">
        <ele>4.400000095367431640625</ele>
        <time>2026-09-05T12:38:03.000Z</time>
        <extensions>
          <ns3:TrackPointExtension>
            <ns3:hr>147</ns3:hr>
            <ns3:cad>89</ns3:cad>
          </ns3:TrackPointExtension>
        </extensions>
      </trkpt>
      <trkpt lat="31.15868459455668926239013671875" lon="121.19309297762811183929443359375">
        <ele>4.400000095367431640625</ele>
        <time>2026-09-05T12:38:04.000Z</time>
        <extensions>
          <ns3:TrackPointExtension>
            <ns3:hr>147</ns3:hr>
            <ns3:cad>89</ns3:cad>
          </ns3:TrackPointExtension>
        </extensions>
      </trkpt>
      <trkpt lat="31.158708147704601287841796875" lon="121.1930912174284458160400390625">
        <ele>4.400000095367431640625</ele>
        <time>2026-09-05T12:38:05.000Z</time>
        <extensions>
          <ns3:TrackPointExtension>
            <ns3:hr>147</ns3:hr>
            <ns3:cad>88</ns3:cad>
          </ns3:TrackPointExtension>
        </extensions>
      </trkpt>
      <trkpt lat="31.15873035974800586700439453125" lon="121.19309297762811183929443359375">
        <ele>4.400000095367431640625</ele>
        <time>2026-09-05T12:38:06.000Z</time>
        <extensions>
          <ns3:TrackPointExtension>
            <ns3:hr>147</ns3:hr>
            <ns3:cad>87</ns3:cad>
          </ns3:TrackPointExtension>
        </extensions>
      </trkpt>
      <trkpt lat="31.15874879993498325347900390625" lon="121.1930885352194309234619140625">
        <ele>4.400000095367431640625</ele>
        <time>2026-09-05T12:38:07.000Z</time>
        <extensions>
          <ns3:TrackPointExtension>
            <ns3:hr>147</ns3:hr>
            <ns3:cad>87</ns3:cad>
          </ns3:TrackPointExtension>
        </extensions>
      </trkpt>
      <trkpt lat="31.1587716825306415557861328125" lon="121.19308392517268657684326171875">
        <ele>4.400000095367431640625</ele>
        <time>2026-09-05T12:38:08.000Z</time>
        <extensions>
          <ns3:TrackPointExtension>
            <ns3:hr>147</ns3:hr>
            <ns3:cad>87</ns3:cad>
          </ns3:TrackPointExtension>
        </extensions>
      </trkpt>
      <trkpt lat="31.15879322402179241180419921875" lon="121.193076632916927337646484375">
        <ele>4.400000095367431640625</ele>
        <time>2026-09-05T12:38:09.000Z</time>
        <extensions>
          <ns3:TrackPointExtension>
            <ns3:hr>147</ns3:hr>
            <ns3:cad>88</ns3:cad>
          </ns3:TrackPointExtension>
        </extensions>
      </trkpt>
      <trkpt lat="31.15881510078907012939453125" lon="121.1930754594504833221435546875">
        <ele>4.400000095367431640625</ele>
        <time>2026-09-05T12:38:10.000Z</time>
        <extensions>
          <ns3:TrackPointExtension>
            <ns3:hr>147</ns3:hr>
            <ns3:cad>89</ns3:cad>
          </ns3:TrackPointExtension>
        </extensions>
      </trkpt>
      <trkpt lat="31.15883530117571353912353515625" lon="121.19307227432727813720703125">
        <ele>4.599999904632568359375</ele>
        <time>2026-09-05T12:38:11.000Z</time>
        <extensions>
          <ns3:TrackPointExtension>
            <ns3:hr>146</ns3:hr>
            <ns3:cad>89</ns3:cad>
          </ns3:TrackPointExtension>
        </extensions>
      </trkpt>
      <trkpt lat="31.15886178798973560333251953125" lon="121.193073280155658721923828125">
        <ele>4.400000095367431640625</ele>
        <time>2026-09-05T12:38:12.000Z</time>
        <extensions>
          <ns3:TrackPointExtension>
            <ns3:hr>147</ns3:hr>
            <ns3:cad>89</ns3:cad>
          </ns3:TrackPointExtension>
        </extensions>
      </trkpt>
      <trkpt lat="31.1588789708912372589111328125" lon="121.19306682609021663665771484375">
        <ele>4.599999904632568359375</ele>
        <time>2026-09-05T12:38:13.000Z</time>
        <extensions>
          <ns3:TrackPointExtension>
            <ns3:hr>147</ns3:hr>
            <ns3:cad>88</ns3:cad>
          </ns3:TrackPointExtension>
        </extensions>
      </trkpt>
      <trkpt lat="31.158905960619449615478515625" lon="121.19306280277669429779052734375">
        <ele>4.400000095367431640625</ele>
        <time>2026-09-05T12:38:14.000Z</time>
        <extensions>
          <ns3:TrackPointExtension>
            <ns3:hr>147</ns3:hr>
            <ns3:cad>87</ns3:cad>
          </ns3:TrackPointExtension>
        </extensions>
      </trkpt>
      <trkpt lat="31.1589242331683635711669921875" lon="121.1930603720247745513916015625">
        <ele>4.400000095367431640625</ele>
        <time>2026-09-05T12:38:15.000Z</time>
        <extensions>
          <ns3:TrackPointExtension>
            <ns3:hr>147</ns3:hr>
            <ns3:cad>87</ns3:cad>
          </ns3:TrackPointExtension>
        </extensions>
      </trkpt>
      <trkpt lat="31.15894795395433902740478515625" lon="121.19305483996868133544921875">
        <ele>4.400000095367431640625</ele>
        <time>2026-09-05T12:38:16.000Z</time>
        <extensions>
          <ns3:TrackPointExtension>
            <ns3:hr>146</ns3:hr>
            <ns3:cad>87</ns3:cad>
          </ns3:TrackPointExtension>
        </extensions>
      </trkpt>
      <trkpt lat="31.158971674740314483642578125" lon="121.19305081665515899658203125">
        <ele>4.400000095367431640625</ele>
        <time>2026-09-05T12:38:17.000Z</time>
        <extensions>
          <ns3:TrackPointExtension>
            <ns3:hr>147</ns3:hr>
            <ns3:cad>88</ns3:cad>
          </ns3:TrackPointExtension>
        </extensions>
      </trkpt>
      <trkpt lat="31.15900143049657344818115234375" lon="121.1930472962558269500732421875">
        <ele>4.400000095367431640625</ele>
        <time>2026-09-05T12:38:18.000Z</time>
        <extensions>
          <ns3:TrackPointExtension>
            <ns3:hr>147</ns3:hr>
            <ns3:cad>88</ns3:cad>
          </ns3:TrackPointExtension>
        </extensions>
      </trkpt>
      <trkpt lat="31.15902364253997802734375" lon="121.19304218329489231109619140625">
        <ele>4.400000095367431640625</ele>
        <time>2026-09-05T12:38:19.000Z</time>
        <extensions>
          <ns3:TrackPointExtension>
            <ns3:hr>147</ns3:hr>
            <ns3:cad>88</ns3:cad>
          </ns3:TrackPointExtension>
        </extensions>
      </trkpt>
      <trkpt lat="31.15904602222144603729248046875" lon="121.1930345557630062103271484375">
        <ele>4.400000095367431640625</ele>
        <time>2026-09-05T12:38:20.000Z</time>
        <extensions>
          <ns3:TrackPointExtension>
            <ns3:hr>147</ns3:hr>
            <ns3:cad>87</ns3:cad>
          </ns3:TrackPointExtension>
        </extensions>
      </trkpt>
      <trkpt lat="31.159068904817104339599609375" lon="121.1930285207927227020263671875">
        <ele>4.400000095367431640625</ele>
        <time>2026-09-05T12:38:21.000Z</time>
        <extensions>
          <ns3:TrackPointExtension>
            <ns3:hr>147</ns3:hr>
            <ns3:cad>87</ns3:cad>
          </ns3:TrackPointExtension>
        </extensions>
      </trkpt>
      <trkpt lat="31.1590885184705257415771484375" lon="121.1930255033075809478759765625">
        <ele>4.400000095367431640625</ele>
        <time>2026-09-05T12:38:22.000Z</time>
        <extensions>
          <ns3:TrackPointExtension>
            <ns3:hr>147</ns3:hr>
            <ns3:cad>87</ns3:cad>
          </ns3:TrackPointExtension>
        </extensions>
      </trkpt>
      <trkpt lat="31.159114502370357513427734375" lon="121.193020306527614593505859375">
        <ele>4.400000095367431640625</ele>
        <time>2026-09-05T12:38:23.000Z</time>
        <extensions>
          <ns3:TrackPointExtension>
            <ns3:hr>147</ns3:hr>
            <ns3:cad>88</ns3:cad>
          </ns3:TrackPointExtension>
        </extensions>
      </trkpt>
      <trkpt lat="31.15914191119372844696044921875" lon="121.19301049970090389251708984375">
        <ele>4.400000095367431640625</ele>
        <time>2026-09-05T12:38:24.000Z</time>
        <extensions>
          <ns3:TrackPointExtension>
            <ns3:hr>146</ns3:hr>
            <ns3:cad>89</ns3:cad>
          </ns3:TrackPointExtension>
        </extensions>
      </trkpt>
      <trkpt lat="31.15916244685649871826171875" lon="121.19300262071192264556884765625">
        <ele>4.400000095367431640625</ele>
        <time>2026-09-05T12:38:25.000Z</time>
        <extensions>
          <ns3:TrackPointExtension>
            <ns3:hr>147</ns3:hr>
            <ns3:cad>89</ns3:cad>
          </ns3:TrackPointExtension>
        </extensions>
      </trkpt>
      <trkpt lat="31.1591867543756961822509765625" lon="121.19299055077135562896728515625">
        <ele>4.599999904632568359375</ele>
        <time>2026-09-05T12:38:26.000Z</time>
        <extensions>
          <ns3:TrackPointExtension>
            <ns3:hr>146</ns3:hr>
            <ns3:cad>88</ns3:cad>
          </ns3:TrackPointExtension>
        </extensions>
      </trkpt>
      <trkpt lat="31.15921164862811565399169921875" lon="121.192982755601406097412109375">
        <ele>4.599999904632568359375</ele>
        <time>2026-09-05T12:38:27.000Z</time>
        <extensions>
          <ns3:TrackPointExtension>
            <ns3:hr>146</ns3:hr>
            <ns3:cad>88</ns3:cad>
          </ns3:TrackPointExtension>
        </extensions>
      </trkpt>
      <trkpt lat="31.15923310630023479461669921875" lon="121.19297278113663196563720703125">
        <ele>4.599999904632568359375</ele>
        <time>2026-09-05T12:38:28.000Z</time>
        <extensions>
          <ns3:TrackPointExtension>
            <ns3:hr>146</ns3:hr>
            <ns3:cad>87</ns3:cad>
          </ns3:TrackPointExtension>
        </extensions>
      </trkpt>
      <trkpt lat="31.15925607271492481231689453125" lon="121.192966997623443603515625">
        <ele>4.599999904632568359375</ele>
        <time>2026-09-05T12:38:29.000Z</time>
        <extensions>
          <ns3:TrackPointExtension>
            <ns3:hr>146</ns3:hr>
            <ns3:cad>87</ns3:cad>
          </ns3:TrackPointExtension>
        </extensions>
      </trkpt>
      <trkpt lat="31.15927509963512420654296875" lon="121.19295685552060604095458984375">
        <ele>4.400000095367431640625</ele>
        <time>2026-09-05T12:38:30.000Z</time>
        <extensions>
          <ns3:TrackPointExtension>
            <ns3:hr>145</ns3:hr>
            <ns3:cad>87</ns3:cad>
          </ns3:TrackPointExtension>
        </extensions>
      </trkpt>
      <trkpt lat="31.15929597057402133941650390625" lon="121.19294914416968822479248046875">
        <ele>4.400000095367431640625</ele>
        <time>2026-09-05T12:38:31.000Z</time>
        <extensions>
          <ns3:TrackPointExtension>
            <ns3:hr>145</ns3:hr>
            <ns3:cad>88</ns3:cad>
          </ns3:TrackPointExtension>
        </extensions>
      </trkpt>
      <trkpt lat="31.15931860171258449554443359375" lon="121.192941181361675262451171875">
        <ele>4.400000095367431640625</ele>
        <time>2026-09-05T12:38:32.000Z</time>
        <extensions>
          <ns3:TrackPointExtension>
            <ns3:hr>145</ns3:hr>
            <ns3:cad>88</ns3:cad>
          </ns3:TrackPointExtension>
        </extensions>
      </trkpt>
      <trkpt lat="31.1593406461179256439208984375" lon="121.19293212890625">
        <ele>4.599999904632568359375</ele>
        <time>2026-09-05T12:38:33.000Z</time>
        <extensions>
          <ns3:TrackPointExtension>
            <ns3:hr>145</ns3:hr>
            <ns3:cad>88</ns3:cad>
          </ns3:TrackPointExtension>
        </extensions>
      </trkpt>
      <trkpt lat="31.159361265599727630615234375" lon="121.19292651303112506866455078125">
        <ele>4.599999904632568359375</ele>
        <time>2026-09-05T12:38:34.000Z</time>
        <extensions>
          <ns3:TrackPointExtension>
            <ns3:hr>146</ns3:hr>
            <ns3:cad>87</ns3:cad>
          </ns3:TrackPointExtension>
        </extensions>
      </trkpt>
      <trkpt lat="31.1593825556337833404541015625" lon="121.19292114861309528350830078125">
        <ele>4.599999904632568359375</ele>
        <time>2026-09-05T12:38:35.000Z</time>
        <extensions>
          <ns3:TrackPointExtension>
            <ns3:hr>145</ns3:hr>
            <ns3:cad>87</ns3:cad>
          </ns3:TrackPointExtension>
        </extensions>
      </trkpt>
      <trkpt lat="31.1594009958207607269287109375" lon="121.192913018167018890380859375">
        <ele>4.599999904632568359375</ele>
        <time>2026-09-05T12:38:36.000Z</time>
        <extensions>
          <ns3:TrackPointExtension>
            <ns3:hr>145</ns3:hr>
            <ns3:cad>87</ns3:cad>
          </ns3:TrackPointExtension>
        </extensions>
      </trkpt>
      <trkpt lat="31.1594246327877044677734375" lon="121.19290472008287906646728515625">
        <ele>4.400000095367431640625</ele>
        <time>2026-09-05T12:38:37.000Z</time>
        <extensions>
          <ns3:TrackPointExtension>
            <ns3:hr>145</ns3:hr>
            <ns3:cad>88</ns3:cad>
          </ns3:TrackPointExtension>
        </extensions>
      </trkpt>
      <trkpt lat="31.15944751538336277008056640625" lon="121.19289793074131011962890625">
        <ele>4.400000095367431640625</ele>
        <time>2026-09-05T12:38:38.000Z</time>
        <extensions>
          <ns3:TrackPointExtension>
            <ns3:hr>144</ns3:hr>
            <ns3:cad>88</ns3:cad>
          </ns3:TrackPointExtension>
        </extensions>
      </trkpt>
      <trkpt lat="31.1594693921506404876708984375" lon="121.19288678281009197235107421875">
        <ele>4.400000095367431640625</ele>
        <time>2026-09-05T12:38:39.000Z</time>
        <extensions>
          <ns3:TrackPointExtension>
            <ns3:hr>144</ns3:hr>
            <ns3:cad>88</ns3:cad>
          </ns3:TrackPointExtension>
        </extensions>
      </trkpt>
      <trkpt lat="31.1594901792705059051513671875" lon="121.19287915527820587158203125">
        <ele>4.599999904632568359375</ele>
        <time>2026-09-05T12:38:40.000Z</time>
        <extensions>
          <ns3:TrackPointExtension>
            <ns3:hr>144</ns3:hr>
            <ns3:cad>88</ns3:cad>
          </ns3:TrackPointExtension>
        </extensions>
      </trkpt>
      <trkpt lat="31.15950954146683216094970703125" lon="121.19286951608955860137939453125">
        <ele>4.599999904632568359375</ele>
        <time>2026-09-05T12:38:41.000Z</time>
        <extensions>
          <ns3:TrackPointExtension>
            <ns3:hr>144</ns3:hr>
            <ns3:cad>88</ns3:cad>
          </ns3:TrackPointExtension>
        </extensions>
      </trkpt>
      <trkpt lat="31.15952949039638042449951171875" lon="121.1928570270538330078125">
        <ele>4.599999904632568359375</ele>
        <time>2026-09-05T12:38:42.000Z</time>
        <extensions>
          <ns3:TrackPointExtension>
            <ns3:hr>144</ns3:hr>
            <ns3:cad>88</ns3:cad>
          </ns3:TrackPointExtension>
        </extensions>
      </trkpt>
      <trkpt lat="31.1595505289733409881591796875" lon="121.19284336455166339874267578125">
        <ele>4.599999904632568359375</ele>
        <time>2026-09-05T12:38:43.000Z</time>
        <extensions>
          <ns3:TrackPointExtension>
            <ns3:hr>144</ns3:hr>
            <ns3:cad>88</ns3:cad>
          </ns3:TrackPointExtension>
        </extensions>
      </trkpt>
      <trkpt lat="31.15957408212125301361083984375" lon="121.1928354017436504364013671875">
        <ele>4.599999904632568359375</ele>
        <time>2026-09-05T12:38:44.000Z</time>
        <extensions>
          <ns3:TrackPointExtension>
            <ns3:hr>144</ns3:hr>
            <ns3:cad>88</ns3:cad>
          </ns3:TrackPointExtension>
        </extensions>
      </trkpt>
      <trkpt lat="31.15959403105080127716064453125" lon="121.19282509200274944305419921875">
        <ele>4.599999904632568359375</ele>
        <time>2026-09-05T12:38:45.000Z</time>
        <extensions>
          <ns3:TrackPointExtension>
            <ns3:hr>144</ns3:hr>
            <ns3:cad>89</ns3:cad>
          </ns3:TrackPointExtension>
        </extensions>
      </trkpt>
      <trkpt lat="31.15961431525647640228271484375" lon="121.1928146146237850189208984375">
        <ele>4.599999904632568359375</ele>
        <time>2026-09-05T12:38:46.000Z</time>
        <extensions>
          <ns3:TrackPointExtension>
            <ns3:hr>144</ns3:hr>
            <ns3:cad>89</ns3:cad>
          </ns3:TrackPointExtension>
        </extensions>
      </trkpt>
      <trkpt lat="31.15963577292859554290771484375" lon="121.192803047597408294677734375">
        <ele>4.599999904632568359375</ele>
        <time>2026-09-05T12:38:47.000Z</time>
        <extensions>
          <ns3:TrackPointExtension>
            <ns3:hr>144</ns3:hr>
            <ns3:cad>88</ns3:cad>
          </ns3:TrackPointExtension>
        </extensions>
      </trkpt>
      <trkpt lat="31.159660331904888153076171875" lon="121.1927921511232852935791015625">
        <ele>4.599999904632568359375</ele>
        <time>2026-09-05T12:38:48.000Z</time>
        <extensions>
          <ns3:TrackPointExtension>
            <ns3:hr>144</ns3:hr>
            <ns3:cad>88</ns3:cad>
          </ns3:TrackPointExtension>
        </extensions>
      </trkpt>
      <trkpt lat="31.1596849747002124786376953125" lon="121.19278100319206714630126953125">
        <ele>4.599999904632568359375</ele>
        <time>2026-09-05T12:38:49.000Z</time>
        <extensions>
          <ns3:TrackPointExtension>
            <ns3:hr>144</ns3:hr>
            <ns3:cad>87</ns3:cad>
          </ns3:TrackPointExtension>
        </extensions>
      </trkpt>
      <trkpt lat="31.15971020422875881195068359375" lon="121.1927725374698638916015625">
        <ele>4.599999904632568359375</ele>
        <time>2026-09-05T12:38:50.000Z</time>
        <extensions>
          <ns3:TrackPointExtension>
            <ns3:hr>144</ns3:hr>
            <ns3:cad>87</ns3:cad>
          </ns3:TrackPointExtension>
        </extensions>
      </trkpt>
      <trkpt lat="31.15973501466214656829833984375" lon="121.192764826118946075439453125">
        <ele>4.599999904632568359375</ele>
        <time>2026-09-05T12:38:51.000Z</time>
        <extensions>
          <ns3:TrackPointExtension>
            <ns3:hr>144</ns3:hr>
            <ns3:cad>88</ns3:cad>
          </ns3:TrackPointExtension>
        </extensions>
      </trkpt>
      <trkpt lat="31.1597533710300922393798828125" lon="121.192753426730632781982421875">
        <ele>4.599999904632568359375</ele>
        <time>2026-09-05T12:38:52.000Z</time>
        <extensions>
          <ns3:TrackPointExtension>
            <ns3:hr>144</ns3:hr>
            <ns3:cad>88</ns3:cad>
          </ns3:TrackPointExtension>
        </extensions>
      </trkpt>
      <trkpt lat="31.1597748287022113800048828125" lon="121.19274294935166835784912109375">
        <ele>4.599999904632568359375</ele>
        <time>2026-09-05T12:38:53.000Z</time>
        <extensions>
          <ns3:TrackPointExtension>
            <ns3:hr>144</ns3:hr>
            <ns3:cad>89</ns3:cad>
          </ns3:TrackPointExtension>
        </extensions>
      </trkpt>
      <trkpt lat="31.159796454012393951416015625" lon="121.19273188523948192596435546875">
        <ele>4.599999904632568359375</ele>
        <time>2026-09-05T12:38:54.000Z</time>
        <extensions>
          <ns3:TrackPointExtension>
            <ns3:hr>144</ns3:hr>
            <ns3:cad>89</ns3:cad>
          </ns3:TrackPointExtension>
        </extensions>
      </trkpt>
      <trkpt lat="31.1598170734941959381103515625" lon="121.1927187256515026092529296875">
        <ele>4.599999904632568359375</ele>
        <time>2026-09-05T12:38:55.000Z</time>
        <extensions>
          <ns3:TrackPointExtension>
            <ns3:hr>144</ns3:hr>
            <ns3:cad>87</ns3:cad>
          </ns3:TrackPointExtension>
        </extensions>
      </trkpt>
      <trkpt lat="31.15983358584344387054443359375" lon="121.1927054822444915771484375">
        <ele>4.599999904632568359375</ele>
        <time>2026-09-05T12:38:56.000Z</time>
        <extensions>
          <ns3:TrackPointExtension>
            <ns3:hr>144</ns3:hr>
            <ns3:cad>87</ns3:cad>
          </ns3:TrackPointExtension>
        </extensions>
      </trkpt>
      <trkpt lat="31.15985487587749958038330078125" lon="121.192689053714275360107421875">
        <ele>4.599999904632568359375</ele>
        <time>2026-09-05T12:38:57.000Z</time>
        <extensions>
          <ns3:TrackPointExtension>
            <ns3:hr>144</ns3:hr>
            <ns3:cad>87</ns3:cad>
          </ns3:TrackPointExtension>
        </extensions>
      </trkpt>
      <trkpt lat="31.1598752439022064208984375" lon="121.1926691047847270965576171875">
        <ele>4.599999904632568359375</ele>
        <time>2026-09-05T12:38:58.000Z</time>
        <extensions>
          <ns3:TrackPointExtension>
            <ns3:hr>144</ns3:hr>
            <ns3:cad>88</ns3:cad>
          </ns3:TrackPointExtension>
        </extensions>
      </trkpt>
      <trkpt lat="31.15989410318434238433837890625" lon="121.19265661574900150299072265625">
        <ele>4.599999904632568359375</ele>
        <time>2026-09-05T12:38:59.000Z</time>
        <extensions>
          <ns3:TrackPointExtension>
            <ns3:hr>144</ns3:hr>
            <ns3:cad>88</ns3:cad>
          </ns3:TrackPointExtension>
        </extensions>
      </trkpt>
      <trkpt lat="31.15991237573325634002685546875" lon="121.192645467817783355712890625">
        <ele>4.599999904632568359375</ele>
        <time>2026-09-05T12:39:00.000Z</time>
        <extensions>
          <ns3:TrackPointExtension>
            <ns3:hr>144</ns3:hr>
            <ns3:cad>88</ns3:cad>
          </ns3:TrackPointExtension>
        </extensions>
      </trkpt>
      <trkpt lat="31.1599391140043735504150390625" lon="121.19263230822980403900146484375">
        <ele>4.400000095367431640625</ele>
        <time>2026-09-05T12:39:01.000Z</time>
        <extensions>
          <ns3:TrackPointExtension>
            <ns3:hr>144</ns3:hr>
            <ns3:cad>88</ns3:cad>
          </ns3:TrackPointExtension>
        </extensions>
      </trkpt>
      <trkpt lat="31.1599588952958583831787109375" lon="121.19261906482279300689697265625">
        <ele>4.400000095367431640625</ele>
        <time>2026-09-05T12:39:02.000Z</time>
        <extensions>
          <ns3:TrackPointExtension>
            <ns3:hr>144</ns3:hr>
            <ns3:cad>88</ns3:cad>
          </ns3:TrackPointExtension>
        </extensions>
      </trkpt>
      <trkpt lat="31.15998563356697559356689453125" lon="121.1926047317683696746826171875">
        <ele>4.400000095367431640625</ele>
        <time>2026-09-05T12:39:03.000Z</time>
        <extensions>
          <ns3:TrackPointExtension>
            <ns3:hr>144</ns3:hr>
            <ns3:cad>88</ns3:cad>
          </ns3:TrackPointExtension>
        </extensions>
      </trkpt>
      <trkpt lat="31.160002984106540679931640625" lon="121.1925943382084369659423828125">
        <ele>4.400000095367431640625</ele>
        <time>2026-09-05T12:39:04.000Z</time>
        <extensions>
          <ns3:TrackPointExtension>
            <ns3:hr>143</ns3:hr>
            <ns3:cad>88</ns3:cad>
          </ns3:TrackPointExtension>
        </extensions>
      </trkpt>
      <trkpt lat="31.16003072820603847503662109375" lon="121.19258034043014049530029296875">
        <ele>4.400000095367431640625</ele>
        <time>2026-09-05T12:39:05.000Z</time>
        <extensions>
          <ns3:TrackPointExtension>
            <ns3:hr>144</ns3:hr>
            <ns3:cad>88</ns3:cad>
          </ns3:TrackPointExtension>
        </extensions>
      </trkpt>
      <trkpt lat="31.16004833020269870758056640625" lon="121.192566342651844024658203125">
        <ele>4.400000095367431640625</ele>
        <time>2026-09-05T12:39:06.000Z</time>
        <extensions>
          <ns3:TrackPointExtension>
            <ns3:hr>144</ns3:hr>
            <ns3:cad>89</ns3:cad>
          </ns3:TrackPointExtension>
        </extensions>
      </trkpt>
      <trkpt lat="31.1600698716938495635986328125" lon="121.19255653582513332366943359375">
        <ele>4.400000095367431640625</ele>
        <time>2026-09-05T12:39:07.000Z</time>
        <extensions>
          <ns3:TrackPointExtension>
            <ns3:hr>144</ns3:hr>
            <ns3:cad>89</ns3:cad>
          </ns3:TrackPointExtension>
        </extensions>
      </trkpt>
      <trkpt lat="31.1600919999182224273681640625" lon="121.19254832156002521514892578125">
        <ele>4.400000095367431640625</ele>
        <time>2026-09-05T12:39:08.000Z</time>
        <extensions>
          <ns3:TrackPointExtension>
            <ns3:hr>144</ns3:hr>
            <ns3:cad>89</ns3:cad>
          </ns3:TrackPointExtension>
        </extensions>
      </trkpt>
      <trkpt lat="31.16011287085711956024169921875" lon="121.1925391852855682373046875">
        <ele>4.400000095367431640625</ele>
        <time>2026-09-05T12:39:09.000Z</time>
        <extensions>
          <ns3:TrackPointExtension>
            <ns3:hr>144</ns3:hr>
            <ns3:cad>89</ns3:cad>
          </ns3:TrackPointExtension>
        </extensions>
      </trkpt>
      <trkpt lat="31.16013382561504840850830078125" lon="121.1925242654979228973388671875">
        <ele>4.400000095367431640625</ele>
        <time>2026-09-05T12:39:10.000Z</time>
        <extensions>
          <ns3:TrackPointExtension>
            <ns3:hr>144</ns3:hr>
            <ns3:cad>87</ns3:cad>
          </ns3:TrackPointExtension>
        </extensions>
      </trkpt>
      <trkpt lat="31.16015763022005558013916015625" lon="121.192510686814785003662109375">
        <ele>4.400000095367431640625</ele>
        <time>2026-09-05T12:39:11.000Z</time>
        <extensions>
          <ns3:TrackPointExtension>
            <ns3:hr>144</ns3:hr>
            <ns3:cad>87</ns3:cad>
          </ns3:TrackPointExtension>
        </extensions>
      </trkpt>
      <trkpt lat="31.16018109954893589019775390625" lon="121.19249534793198108673095703125">
        <ele>4.400000095367431640625</ele>
        <time>2026-09-05T12:39:12.000Z</time>
        <extensions>
          <ns3:TrackPointExtension>
            <ns3:hr>144</ns3:hr>
            <ns3:cad>87</ns3:cad>
          </ns3:TrackPointExtension>
        </extensions>
      </trkpt>
      <trkpt lat="31.1602026410400867462158203125" lon="121.19247741065919399261474609375">
        <ele>4.400000095367431640625</ele>
        <time>2026-09-05T12:39:13.000Z</time>
        <extensions>
          <ns3:TrackPointExtension>
            <ns3:hr>144</ns3:hr>
            <ns3:cad>89</ns3:cad>
          </ns3:TrackPointExtension>
        </extensions>
      </trkpt>
      <trkpt lat="31.16022569127380847930908203125" lon="121.1924629099667072296142578125">
        <ele>4.400000095367431640625</ele>
        <time>2026-09-05T12:39:14.000Z</time>
        <extensions>
          <ns3:TrackPointExtension>
            <ns3:hr>144</ns3:hr>
            <ns3:cad>89</ns3:cad>
          </ns3:TrackPointExtension>
        </extensions>
      </trkpt>
      <trkpt lat="31.160245724022388458251953125" lon="121.192446984350681304931640625">
        <ele>4.400000095367431640625</ele>
        <time>2026-09-05T12:39:15.000Z</time>
        <extensions>
          <ns3:TrackPointExtension>
            <ns3:hr>144</ns3:hr>
            <ns3:cad>89</ns3:cad>
          </ns3:TrackPointExtension>
        </extensions>
      </trkpt>
      <trkpt lat="31.160273216664791107177734375" lon="121.19243499822914600372314453125">
        <ele>4.400000095367431640625</ele>
        <time>2026-09-05T12:39:16.000Z</time>
        <extensions>
          <ns3:TrackPointExtension>
            <ns3:hr>144</ns3:hr>
            <ns3:cad>89</ns3:cad>
          </ns3:TrackPointExtension>
        </extensions>
      </trkpt>
      <trkpt lat="31.16029526107013225555419921875" lon="121.192418150603771209716796875">
        <ele>4.400000095367431640625</ele>
        <time>2026-09-05T12:39:17.000Z</time>
        <extensions>
          <ns3:TrackPointExtension>
            <ns3:hr>144</ns3:hr>
            <ns3:cad>89</ns3:cad>
          </ns3:TrackPointExtension>
        </extensions>
      </trkpt>
      <trkpt lat="31.160319484770298004150390625" lon="121.19240767322480678558349609375">
        <ele>4.400000095367431640625</ele>
        <time>2026-09-05T12:39:18.000Z</time>
        <extensions>
          <ns3:TrackPointExtension>
            <ns3:hr>144</ns3:hr>
            <ns3:cad>88</ns3:cad>
          </ns3:TrackPointExtension>
        </extensions>
      </trkpt>
      <trkpt lat="31.16034253500401973724365234375" lon="121.19239543564617633819580078125">
        <ele>4.400000095367431640625</ele>
        <time>2026-09-05T12:39:19.000Z</time>
        <extensions>
          <ns3:TrackPointExtension>
            <ns3:hr>145</ns3:hr>
            <ns3:cad>89</ns3:cad>
          </ns3:TrackPointExtension>
        </extensions>
      </trkpt>
      <trkpt lat="31.16036944091320037841796875" lon="121.192383952438831329345703125">
        <ele>4.19999980926513671875</ele>
        <time>2026-09-05T12:39:20.000Z</time>
        <extensions>
          <ns3:TrackPointExtension>
            <ns3:hr>145</ns3:hr>
            <ns3:cad>89</ns3:cad>
          </ns3:TrackPointExtension>
        </extensions>
      </trkpt>
      <trkpt lat="31.16038947366178035736083984375" lon="121.1923727206885814666748046875">
        <ele>4.19999980926513671875</ele>
        <time>2026-09-05T12:39:21.000Z</time>
        <extensions>
          <ns3:TrackPointExtension>
            <ns3:hr>145</ns3:hr>
            <ns3:cad>90</ns3:cad>
          </ns3:TrackPointExtension>
        </extensions>
      </trkpt>
      <trkpt lat="31.16041176952421665191650390625" lon="121.192363835871219635009765625">
        <ele>4.19999980926513671875</ele>
        <time>2026-09-05T12:39:22.000Z</time>
        <extensions>
          <ns3:TrackPointExtension>
            <ns3:hr>145</ns3:hr>
            <ns3:cad>89</ns3:cad>
          </ns3:TrackPointExtension>
        </extensions>
      </trkpt>
      <trkpt lat="31.16042937152087688446044921875" lon="121.192351765930652618408203125">
        <ele>4.19999980926513671875</ele>
        <time>2026-09-05T12:39:23.000Z</time>
        <extensions>
          <ns3:TrackPointExtension>
            <ns3:hr>145</ns3:hr>
            <ns3:cad>89</ns3:cad>
          </ns3:TrackPointExtension>
        </extensions>
      </trkpt>
      <trkpt lat="31.16045133210718631744384765625" lon="121.19234095327556133270263671875">
        <ele>4.19999980926513671875</ele>
        <time>2026-09-05T12:39:24.000Z</time>
        <extensions>
          <ns3:TrackPointExtension>
            <ns3:hr>146</ns3:hr>
            <ns3:cad>88</ns3:cad>
          </ns3:TrackPointExtension>
        </extensions>
      </trkpt>
      <trkpt lat="31.160466670989990234375" lon="121.1923267878592014312744140625">
        <ele>4.19999980926513671875</ele>
        <time>2026-09-05T12:39:25.000Z</time>
        <extensions>
          <ns3:TrackPointExtension>
            <ns3:hr>145</ns3:hr>
            <ns3:cad>88</ns3:cad>
          </ns3:TrackPointExtension>
        </extensions>
      </trkpt>
      <trkpt lat="31.16048745810985565185546875" lon="121.1923150531947612762451171875">
        <ele>4.19999980926513671875</ele>
        <time>2026-09-05T12:39:26.000Z</time>
        <extensions>
          <ns3:TrackPointExtension>
            <ns3:hr>145</ns3:hr>
            <ns3:cad>88</ns3:cad>
          </ns3:TrackPointExtension>
        </extensions>
      </trkpt>
      <trkpt lat="31.16050028242170810699462890625" lon="121.19230449199676513671875">
        <ele>4.19999980926513671875</ele>
        <time>2026-09-05T12:39:27.000Z</time>
        <extensions>
          <ns3:TrackPointExtension>
            <ns3:hr>146</ns3:hr>
            <ns3:cad>88</ns3:cad>
          </ns3:TrackPointExtension>
        </extensions>
      </trkpt>
      <trkpt lat="31.16052475757896900177001953125" lon="121.19229518808424472808837890625">
        <ele>4.19999980926513671875</ele>
        <time>2026-09-05T12:39:28.000Z</time>
        <extensions>
          <ns3:TrackPointExtension>
            <ns3:hr>145</ns3:hr>
            <ns3:cad>88</ns3:cad>
          </ns3:TrackPointExtension>
        </extensions>
      </trkpt>
      <trkpt lat="31.160542108118534088134765625" lon="121.19228462688624858856201171875">
        <ele>4.19999980926513671875</ele>
        <time>2026-09-05T12:39:29.000Z</time>
        <extensions>
          <ns3:TrackPointExtension>
            <ns3:hr>145</ns3:hr>
            <ns3:cad>88</ns3:cad>
          </ns3:TrackPointExtension>
        </extensions>
      </trkpt>
      <trkpt lat="31.16056524217128753662109375" lon="121.192273311316967010498046875">
        <ele>4.19999980926513671875</ele>
        <time>2026-09-05T12:39:30.000Z</time>
        <extensions>
          <ns3:TrackPointExtension>
            <ns3:hr>146</ns3:hr>
            <ns3:cad>88</ns3:cad>
          </ns3:TrackPointExtension>
        </extensions>
      </trkpt>
      <trkpt lat="31.160584352910518646240234375" lon="121.19226434268057346343994140625">
        <ele>4.19999980926513671875</ele>
        <time>2026-09-05T12:39:31.000Z</time>
        <extensions>
          <ns3:TrackPointExtension>
            <ns3:hr>145</ns3:hr>
            <ns3:cad>87</ns3:cad>
          </ns3:TrackPointExtension>
        </extensions>
      </trkpt>
      <trkpt lat="31.1606053076684474945068359375" lon="121.19225461967289447784423828125">
        <ele>4.19999980926513671875</ele>
        <time>2026-09-05T12:39:32.000Z</time>
        <extensions>
          <ns3:TrackPointExtension>
            <ns3:hr>145</ns3:hr>
            <ns3:cad>87</ns3:cad>
          </ns3:TrackPointExtension>
        </extensions>
      </trkpt>
      <trkpt lat="31.16062617860734462738037109375" lon="121.19224640540778636932373046875">
        <ele>4.19999980926513671875</ele>
        <time>2026-09-05T12:39:33.000Z</time>
        <extensions>
          <ns3:TrackPointExtension>
            <ns3:hr>146</ns3:hr>
            <ns3:cad>88</ns3:cad>
          </ns3:TrackPointExtension>
        </extensions>
      </trkpt>
      <trkpt lat="31.16064730100333690643310546875" lon="121.19223634712398052215576171875">
        <ele>4.19999980926513671875</ele>
        <time>2026-09-05T12:39:34.000Z</time>
        <extensions>
          <ns3:TrackPointExtension>
            <ns3:hr>146</ns3:hr>
            <ns3:cad>88</ns3:cad>
          </ns3:TrackPointExtension>
        </extensions>
      </trkpt>
      <trkpt lat="31.16067211143672466278076171875" lon="121.19223433546721935272216796875">
        <ele>4.19999980926513671875</ele>
        <time>2026-09-05T12:39:35.000Z</time>
        <extensions>
          <ns3:TrackPointExtension>
            <ns3:hr>146</ns3:hr>
            <ns3:cad>89</ns3:cad>
          </ns3:TrackPointExtension>
        </extensions>
      </trkpt>
      <trkpt lat="31.16069239564239978790283203125" lon="121.19222461245954036712646484375">
        <ele>4.19999980926513671875</ele>
        <time>2026-09-05T12:39:36.000Z</time>
        <extensions>
          <ns3:TrackPointExtension>
            <ns3:hr>145</ns3:hr>
            <ns3:cad>89</ns3:cad>
          </ns3:TrackPointExtension>
        </extensions>
      </trkpt>
      <trkpt lat="31.160718463361263275146484375" lon="121.19221623055636882781982421875">
        <ele>4.19999980926513671875</ele>
        <time>2026-09-05T12:39:37.000Z</time>
        <extensions>
          <ns3:TrackPointExtension>
            <ns3:hr>146</ns3:hr>
            <ns3:cad>89</ns3:cad>
          </ns3:TrackPointExtension>
        </extensions>
      </trkpt>
      <trkpt lat="31.16073933430016040802001953125" lon="121.19220793247222900390625">
        <ele>4.19999980926513671875</ele>
        <time>2026-09-05T12:39:38.000Z</time>
        <extensions>
          <ns3:TrackPointExtension>
            <ns3:hr>146</ns3:hr>
            <ns3:cad>88</ns3:cad>
          </ns3:TrackPointExtension>
        </extensions>
      </trkpt>
      <trkpt lat="31.1607655696570873260498046875" lon="121.1922084353864192962646484375">
        <ele>4.19999980926513671875</ele>
        <time>2026-09-05T12:39:39.000Z</time>
        <extensions>
          <ns3:TrackPointExtension>
            <ns3:hr>145</ns3:hr>
            <ns3:cad>88</ns3:cad>
          </ns3:TrackPointExtension>
        </extensions>
      </trkpt>
      <trkpt lat="31.16078895516693592071533203125" lon="121.192204244434833526611328125">
        <ele>4.19999980926513671875</ele>
        <time>2026-09-05T12:39:40.000Z</time>
        <extensions>
          <ns3:TrackPointExtension>
            <ns3:hr>145</ns3:hr>
            <ns3:cad>88</ns3:cad>
          </ns3:TrackPointExtension>
        </extensions>
      </trkpt>
      <trkpt lat="31.160808987915515899658203125" lon="121.19219963438808917999267578125">
        <ele>4.19999980926513671875</ele>
        <time>2026-09-05T12:39:41.000Z</time>
        <extensions>
          <ns3:TrackPointExtension>
            <ns3:hr>145</ns3:hr>
            <ns3:cad>88</ns3:cad>
          </ns3:TrackPointExtension>
        </extensions>
      </trkpt>
      <trkpt lat="31.16082935594022274017333984375" lon="121.1921946890652179718017578125">
        <ele>4.19999980926513671875</ele>
        <time>2026-09-05T12:39:42.000Z</time>
        <extensions>
          <ns3:TrackPointExtension>
            <ns3:hr>145</ns3:hr>
            <ns3:cad>89</ns3:cad>
          </ns3:TrackPointExtension>
        </extensions>
      </trkpt>
      <trkpt lat="31.160855926573276519775390625" lon="121.1921879835426807403564453125">
        <ele>4.19999980926513671875</ele>
        <time>2026-09-05T12:39:43.000Z</time>
        <extensions>
          <ns3:TrackPointExtension>
            <ns3:hr>146</ns3:hr>
            <ns3:cad>89</ns3:cad>
          </ns3:TrackPointExtension>
        </extensions>
      </trkpt>
      <trkpt lat="31.16087696515023708343505859375" lon="121.1921853013336658477783203125">
        <ele>4.19999980926513671875</ele>
        <time>2026-09-05T12:39:44.000Z</time>
        <extensions>
          <ns3:TrackPointExtension>
            <ns3:hr>145</ns3:hr>
            <ns3:cad>89</ns3:cad>
          </ns3:TrackPointExtension>
        </extensions>
      </trkpt>
      <trkpt lat="31.16090529598295688629150390625" lon="121.19218035601079463958740234375">
        <ele>4.19999980926513671875</ele>
        <time>2026-09-05T12:39:45.000Z</time>
        <extensions>
          <ns3:TrackPointExtension>
            <ns3:hr>145</ns3:hr>
            <ns3:cad>88</ns3:cad>
          </ns3:TrackPointExtension>
        </extensions>
      </trkpt>
      <trkpt lat="31.1609231494367122650146484375" lon="121.1921744048595428466796875">
        <ele>4.400000095367431640625</ele>
        <time>2026-09-05T12:39:46.000Z</time>
        <extensions>
          <ns3:TrackPointExtension>
            <ns3:hr>146</ns3:hr>
            <ns3:cad>88</ns3:cad>
          </ns3:TrackPointExtension>
        </extensions>
      </trkpt>
      <trkpt lat="31.16094737313687801361083984375" lon="121.19217080064117908477783203125">
        <ele>4.400000095367431640625</ele>
        <time>2026-09-05T12:39:47.000Z</time>
        <extensions>
          <ns3:TrackPointExtension>
            <ns3:hr>145</ns3:hr>
            <ns3:cad>88</ns3:cad>
          </ns3:TrackPointExtension>
        </extensions>
      </trkpt>
      <trkpt lat="31.16096329875290393829345703125" lon="121.1921671964228153228759765625">
        <ele>4.400000095367431640625</ele>
        <time>2026-09-05T12:39:48.000Z</time>
        <extensions>
          <ns3:TrackPointExtension>
            <ns3:hr>145</ns3:hr>
            <ns3:cad>88</ns3:cad>
          </ns3:TrackPointExtension>
        </extensions>
      </trkpt>
      <trkpt lat="31.160984002053737640380859375" lon="121.192162334918975830078125">
        <ele>4.400000095367431640625</ele>
        <time>2026-09-05T12:39:49.000Z</time>
        <extensions>
          <ns3:TrackPointExtension>
            <ns3:hr>146</ns3:hr>
            <ns3:cad>87</ns3:cad>
          </ns3:TrackPointExtension>
        </extensions>
      </trkpt>
      <trkpt lat="31.1610042862594127655029296875" lon="121.19215604849159717559814453125">
        <ele>4.400000095367431640625</ele>
        <time>2026-09-05T12:39:50.000Z</time>
        <extensions>
          <ns3:TrackPointExtension>
            <ns3:hr>145</ns3:hr>
            <ns3:cad>86</ns3:cad>
          </ns3:TrackPointExtension>
        </extensions>
      </trkpt>
      <trkpt lat="31.1610227264463901519775390625" lon="121.19214682839810848236083984375">
        <ele>4.400000095367431640625</ele>
        <time>2026-09-05T12:39:51.000Z</time>
        <extensions>
          <ns3:TrackPointExtension>
            <ns3:hr>145</ns3:hr>
            <ns3:cad>86</ns3:cad>
          </ns3:TrackPointExtension>
        </extensions>
      </trkpt>
      <trkpt lat="31.16104242391884326934814453125" lon="121.19213911704719066619873046875">
        <ele>4.400000095367431640625</ele>
        <time>2026-09-05T12:39:52.000Z</time>
        <extensions>
          <ns3:TrackPointExtension>
            <ns3:hr>145</ns3:hr>
            <ns3:cad>86</ns3:cad>
          </ns3:TrackPointExtension>
        </extensions>
      </trkpt>
      <trkpt lat="31.1610575951635837554931640625" lon="121.19212721474468708038330078125">
        <ele>4.400000095367431640625</ele>
        <time>2026-09-05T12:39:53.000Z</time>
        <extensions>
          <ns3:TrackPointExtension>
            <ns3:hr>144</ns3:hr>
            <ns3:cad>86</ns3:cad>
          </ns3:TrackPointExtension>
        </extensions>
      </trkpt>
      <trkpt lat="31.161075532436370849609375" lon="121.19211816228926181793212890625">
        <ele>4.400000095367431640625</ele>
        <time>2026-09-05T12:39:54.000Z</time>
        <extensions>
          <ns3:TrackPointExtension>
            <ns3:hr>144</ns3:hr>
            <ns3:cad>86</ns3:cad>
          </ns3:TrackPointExtension>
        </extensions>
      </trkpt>
      <trkpt lat="31.16109271533787250518798828125" lon="121.1921100318431854248046875">
        <ele>4.400000095367431640625</ele>
        <time>2026-09-05T12:39:55.000Z</time>
        <extensions>
          <ns3:TrackPointExtension>
            <ns3:hr>144</ns3:hr>
            <ns3:cad>86</ns3:cad>
          </ns3:TrackPointExtension>
        </extensions>
      </trkpt>
      <trkpt lat="31.161116771399974822998046875" lon="121.19210609234869480133056640625">
        <ele>4.19999980926513671875</ele>
        <time>2026-09-05T12:39:56.000Z</time>
        <extensions>
          <ns3:TrackPointExtension>
            <ns3:hr>144</ns3:hr>
            <ns3:cad>87</ns3:cad>
          </ns3:TrackPointExtension>
        </extensions>
      </trkpt>
      <trkpt lat="31.16113982163369655609130859375" lon="121.19210575707256793975830078125">
        <ele>4.19999980926513671875</ele>
        <time>2026-09-05T12:39:57.000Z</time>
        <extensions>
          <ns3:TrackPointExtension>
            <ns3:hr>144</ns3:hr>
            <ns3:cad>87</ns3:cad>
          </ns3:TrackPointExtension>
        </extensions>
      </trkpt>
      <trkpt lat="31.161165051162242889404296875" lon="121.1921024881303310394287109375">
        <ele>4.400000095367431640625</ele>
        <time>2026-09-05T12:39:58.000Z</time>
        <extensions>
          <ns3:TrackPointExtension>
            <ns3:hr>144</ns3:hr>
            <ns3:cad>87</ns3:cad>
          </ns3:TrackPointExtension>
        </extensions>
      </trkpt>
      <trkpt lat="31.16119380109012126922607421875" lon="121.1920887418091297149658203125">
        <ele>4.400000095367431640625</ele>
        <time>2026-09-05T12:39:59.000Z</time>
        <extensions>
          <ns3:TrackPointExtension>
            <ns3:hr>144</ns3:hr>
            <ns3:cad>87</ns3:cad>
          </ns3:TrackPointExtension>
        </extensions>
      </trkpt>
      <trkpt lat="31.16121944971382617950439453125" lon="121.19208849035203456878662109375">
        <ele>4.400000095367431640625</ele>
        <time>2026-09-05T12:40:00.000Z</time>
        <extensions>
          <ns3:TrackPointExtension>
            <ns3:hr>144</ns3:hr>
            <ns3:cad>87</ns3:cad>
          </ns3:TrackPointExtension>
        </extensions>
      </trkpt>
      <trkpt lat="31.16123738698661327362060546875" lon="121.19210910983383655548095703125">
        <ele>4.400000095367431640625</ele>
        <time>2026-09-05T12:40:01.000Z</time>
        <extensions>
          <ns3:TrackPointExtension>
            <ns3:hr>144</ns3:hr>
            <ns3:cad>87</ns3:cad>
          </ns3:TrackPointExtension>
        </extensions>
      </trkpt>
      <trkpt lat="31.1612460203468799591064453125" lon="121.19212470017373561859130859375">
        <ele>4.400000095367431640625</ele>
        <time>2026-09-05T12:40:02.000Z</time>
        <extensions>
          <ns3:TrackPointExtension>
            <ns3:hr>144</ns3:hr>
            <ns3:cad>88</ns3:cad>
          </ns3:TrackPointExtension>
        </extensions>
      </trkpt>
      <trkpt lat="31.1612470261752605438232421875" lon="121.1921511031687259674072265625">
        <ele>4.400000095367431640625</ele>
        <time>2026-09-05T12:40:03.000Z</time>
        <extensions>
          <ns3:TrackPointExtension>
            <ns3:hr>144</ns3:hr>
            <ns3:cad>88</ns3:cad>
          </ns3:TrackPointExtension>
        </extensions>
      </trkpt>
      <trkpt lat="31.16124593652784824371337890625" lon="121.19216593913733959197998046875">
        <ele>4.19999980926513671875</ele>
        <time>2026-09-05T12:40:04.000Z</time>
        <extensions>
          <ns3:TrackPointExtension>
            <ns3:hr>143</ns3:hr>
            <ns3:cad>88</ns3:cad>
          </ns3:TrackPointExtension>
        </extensions>
      </trkpt>
      <trkpt lat="31.16124727763235569000244140625" lon="121.1921889893710613250732421875">
        <ele>4.19999980926513671875</ele>
        <time>2026-09-05T12:40:05.000Z</time>
        <extensions>
          <ns3:TrackPointExtension>
            <ns3:hr>144</ns3:hr>
            <ns3:cad>88</ns3:cad>
          </ns3:TrackPointExtension>
        </extensions>
      </trkpt>
      <trkpt lat="31.161252222955226898193359375" lon="121.19220768101513385772705078125">
        <ele>4.19999980926513671875</ele>
        <time>2026-09-05T12:40:06.000Z</time>
        <extensions>
          <ns3:TrackPointExtension>
            <ns3:hr>144</ns3:hr>
            <ns3:cad>87</ns3:cad>
          </ns3:TrackPointExtension>
        </extensions>
      </trkpt>
      <trkpt lat="31.16125465370714664459228515625" lon="121.19223115034401416778564453125">
        <ele>4.19999980926513671875</ele>
        <time>2026-09-05T12:40:07.000Z</time>
        <extensions>
          <ns3:TrackPointExtension>
            <ns3:hr>143</ns3:hr>
            <ns3:cad>87</ns3:cad>
          </ns3:TrackPointExtension>
        </extensions>
      </trkpt>
      <trkpt lat="31.16125800646841526031494140625" lon="121.1922543682157993316650390625">
        <ele>4.19999980926513671875</ele>
        <time>2026-09-05T12:40:08.000Z</time>
        <extensions>
          <ns3:TrackPointExtension>
            <ns3:hr>144</ns3:hr>
            <ns3:cad>87</ns3:cad>
          </ns3:TrackPointExtension>
        </extensions>
      </trkpt>
      <trkpt lat="31.16126119159162044525146484375" lon="121.1922815255820751190185546875">
        <ele>4.19999980926513671875</ele>
        <time>2026-09-05T12:40:09.000Z</time>
        <extensions>
          <ns3:TrackPointExtension>
            <ns3:hr>144</ns3:hr>
            <ns3:cad>88</ns3:cad>
          </ns3:TrackPointExtension>
        </extensions>
      </trkpt>
      <trkpt lat="31.1612614430487155914306640625" lon="121.1923066712915897369384765625">
        <ele>4.19999980926513671875</ele>
        <time>2026-09-05T12:40:10.000Z</time>
        <extensions>
          <ns3:TrackPointExtension>
            <ns3:hr>144</ns3:hr>
            <ns3:cad>88</ns3:cad>
          </ns3:TrackPointExtension>
        </extensions>
      </trkpt>
      <trkpt lat="31.1612694896757602691650390625" lon="121.1923395283520221710205078125">
        <ele>4.19999980926513671875</ele>
        <time>2026-09-05T12:40:11.000Z</time>
        <extensions>
          <ns3:TrackPointExtension>
            <ns3:hr>144</ns3:hr>
            <ns3:cad>88</ns3:cad>
          </ns3:TrackPointExtension>
        </extensions>
      </trkpt>
      <trkpt lat="31.1612713336944580078125" lon="121.19236878119409084320068359375">
        <ele>4.19999980926513671875</ele>
        <time>2026-09-05T12:40:12.000Z</time>
        <extensions>
          <ns3:TrackPointExtension>
            <ns3:hr>144</ns3:hr>
            <ns3:cad>87</ns3:cad>
          </ns3:TrackPointExtension>
        </extensions>
      </trkpt>
      <trkpt lat="31.1612788774073123931884765625" lon="121.1923965252935886383056640625">
        <ele>4.19999980926513671875</ele>
        <time>2026-09-05T12:40:13.000Z</time>
        <extensions>
          <ns3:TrackPointExtension>
            <ns3:hr>143</ns3:hr>
            <ns3:cad>87</ns3:cad>
          </ns3:TrackPointExtension>
        </extensions>
      </trkpt>
      <trkpt lat="31.16128851659595966339111328125" lon="121.19241974316537380218505859375">
        <ele>4</ele>
        <time>2026-09-05T12:40:14.000Z</time>
        <extensions>
          <ns3:TrackPointExtension>
            <ns3:hr>144</ns3:hr>
            <ns3:cad>87</ns3:cad>
          </ns3:TrackPointExtension>
        </extensions>
      </trkpt>
      <trkpt lat="31.1612966470420360565185546875" lon="121.1924484930932521820068359375">
        <ele>4</ele>
        <time>2026-09-05T12:40:15.000Z</time>
        <extensions>
          <ns3:TrackPointExtension>
            <ns3:hr>144</ns3:hr>
            <ns3:cad>88</ns3:cad>
          </ns3:TrackPointExtension>
        </extensions>
      </trkpt>
      <trkpt lat="31.16129882633686065673828125" lon="121.19248093105852603912353515625">
        <ele>4</ele>
        <time>2026-09-05T12:40:16.000Z</time>
        <extensions>
          <ns3:TrackPointExtension>
            <ns3:hr>144</ns3:hr>
            <ns3:cad>89</ns3:cad>
          </ns3:TrackPointExtension>
        </extensions>
      </trkpt>
      <trkpt lat="31.161305867135524749755859375" lon="121.1925105191767215728759765625">
        <ele>4</ele>
        <time>2026-09-05T12:40:17.000Z</time>
        <extensions>
          <ns3:TrackPointExtension>
            <ns3:hr>144</ns3:hr>
            <ns3:cad>89</ns3:cad>
          </ns3:TrackPointExtension>
        </extensions>
      </trkpt>
      <trkpt lat="31.16131366230547428131103515625" lon="121.19254010729491710662841796875">
        <ele>4</ele>
        <time>2026-09-05T12:40:18.000Z</time>
        <extensions>
          <ns3:TrackPointExtension>
            <ns3:hr>144</ns3:hr>
            <ns3:cad>88</ns3:cad>
          </ns3:TrackPointExtension>
        </extensions>
      </trkpt>
      <trkpt lat="31.16132053546607494354248046875" lon="121.19257095269858837127685546875">
        <ele>4</ele>
        <time>2026-09-05T12:40:19.000Z</time>
        <extensions>
          <ns3:TrackPointExtension>
            <ns3:hr>144</ns3:hr>
            <ns3:cad>87</ns3:cad>
          </ns3:TrackPointExtension>
        </extensions>
      </trkpt>
      <trkpt lat="31.161318607628345489501953125" lon="121.19260062463581562042236328125">
        <ele>4</ele>
        <time>2026-09-05T12:40:20.000Z</time>
        <extensions>
          <ns3:TrackPointExtension>
            <ns3:hr>144</ns3:hr>
            <ns3:cad>87</ns3:cad>
          </ns3:TrackPointExtension>
        </extensions>
      </trkpt>
      <trkpt lat="31.1613207869231700897216796875" lon="121.19262577034533023834228515625">
        <ele>4</ele>
        <time>2026-09-05T12:40:21.000Z</time>
        <extensions>
          <ns3:TrackPointExtension>
            <ns3:hr>144</ns3:hr>
            <ns3:cad>88</ns3:cad>
          </ns3:TrackPointExtension>
        </extensions>
      </trkpt>
      <trkpt lat="31.16131852380931377410888671875" lon="121.19266181252896785736083984375">
        <ele>4</ele>
        <time>2026-09-05T12:40:22.000Z</time>
        <extensions>
          <ns3:TrackPointExtension>
            <ns3:hr>144</ns3:hr>
            <ns3:cad>89</ns3:cad>
          </ns3:TrackPointExtension>
        </extensions>
      </trkpt>
      <trkpt lat="31.1613211221992969512939453125" lon="121.1926867067813873291015625">
        <ele>4</ele>
        <time>2026-09-05T12:40:23.000Z</time>
        <extensions>
          <ns3:TrackPointExtension>
            <ns3:hr>144</ns3:hr>
            <ns3:cad>89</ns3:cad>
          </ns3:TrackPointExtension>
        </extensions>
      </trkpt>
      <trkpt lat="31.16132640279829502105712890625" lon="121.192713864147663116455078125">
        <ele>4</ele>
        <time>2026-09-05T12:40:24.000Z</time>
        <extensions>
          <ns3:TrackPointExtension>
            <ns3:hr>144</ns3:hr>
            <ns3:cad>89</ns3:cad>
          </ns3:TrackPointExtension>
        </extensions>
      </trkpt>
      <trkpt lat="31.16133176721632480621337890625" lon="121.192733980715274810791015625">
        <ele>4</ele>
        <time>2026-09-05T12:40:25.000Z</time>
        <extensions>
          <ns3:TrackPointExtension>
            <ns3:hr>144</ns3:hr>
            <ns3:cad>89</ns3:cad>
          </ns3:TrackPointExtension>
        </extensions>
      </trkpt>
      <trkpt lat="31.1613372154533863067626953125" lon="121.192768178880214691162109375">
        <ele>4</ele>
        <time>2026-09-05T12:40:26.000Z</time>
        <extensions>
          <ns3:TrackPointExtension>
            <ns3:hr>144</ns3:hr>
            <ns3:cad>88</ns3:cad>
          </ns3:TrackPointExtension>
        </extensions>
      </trkpt>
      <trkpt lat="31.16134216077625751495361328125" lon="121.1927921511232852935791015625">
        <ele>4</ele>
        <time>2026-09-05T12:40:27.000Z</time>
        <extensions>
          <ns3:TrackPointExtension>
            <ns3:hr>144</ns3:hr>
            <ns3:cad>88</ns3:cad>
          </ns3:TrackPointExtension>
        </extensions>
      </trkpt>
      <trkpt lat="31.16134718991816043853759765625" lon="121.19282190687954425811767578125">
        <ele>4</ele>
        <time>2026-09-05T12:40:28.000Z</time>
        <extensions>
          <ns3:TrackPointExtension>
            <ns3:hr>144</ns3:hr>
            <ns3:cad>88</ns3:cad>
          </ns3:TrackPointExtension>
        </extensions>
      </trkpt>
      <trkpt lat="31.16134802810847759246826171875" lon="121.192843951284885406494140625">
        <ele>4</ele>
        <time>2026-09-05T12:40:29.000Z</time>
        <extensions>
          <ns3:TrackPointExtension>
            <ns3:hr>144</ns3:hr>
            <ns3:cad>88</ns3:cad>
          </ns3:TrackPointExtension>
        </extensions>
      </trkpt>
      <trkpt lat="31.161344088613986968994140625" lon="121.19286884553730487823486328125">
        <ele>4.19999980926513671875</ele>
        <time>2026-09-05T12:40:30.000Z</time>
        <extensions>
          <ns3:TrackPointExtension>
            <ns3:hr>144</ns3:hr>
            <ns3:cad>88</ns3:cad>
          </ns3:TrackPointExtension>
        </extensions>
      </trkpt>
      <trkpt lat="31.16135037504136562347412109375" lon="121.19289600290358066558837890625">
        <ele>4.19999980926513671875</ele>
        <time>2026-09-05T12:40:31.000Z</time>
        <extensions>
          <ns3:TrackPointExtension>
            <ns3:hr>145</ns3:hr>
            <ns3:cad>88</ns3:cad>
          </ns3:TrackPointExtension>
        </extensions>
      </trkpt>
      <trkpt lat="31.16135104559361934661865234375" lon="121.19291628710925579071044921875">
        <ele>4.19999980926513671875</ele>
        <time>2026-09-05T12:40:32.000Z</time>
        <extensions>
          <ns3:TrackPointExtension>
            <ns3:hr>144</ns3:hr>
            <ns3:cad>88</ns3:cad>
          </ns3:TrackPointExtension>
        </extensions>
      </trkpt>
      <trkpt lat="31.16135875694453716278076171875" lon="121.19294084608554840087890625">
        <ele>4.19999980926513671875</ele>
        <time>2026-09-05T12:40:33.000Z</time>
        <extensions>
          <ns3:TrackPointExtension>
            <ns3:hr>144</ns3:hr>
            <ns3:cad>87</ns3:cad>
          </ns3:TrackPointExtension>
        </extensions>
      </trkpt>
      <trkpt lat="31.1613667197525501251220703125" lon="121.1929634772241115570068359375">
        <ele>4.19999980926513671875</ele>
        <time>2026-09-05T12:40:34.000Z</time>
        <extensions>
          <ns3:TrackPointExtension>
            <ns3:hr>145</ns3:hr>
            <ns3:cad>87</ns3:cad>
          </ns3:TrackPointExtension>
        </extensions>
      </trkpt>
      <trkpt lat="31.16137350909411907196044921875" lon="121.19299876503646373748779296875">
        <ele>4.19999980926513671875</ele>
        <time>2026-09-05T12:40:35.000Z</time>
        <extensions>
          <ns3:TrackPointExtension>
            <ns3:hr>145</ns3:hr>
            <ns3:cad>87</ns3:cad>
          </ns3:TrackPointExtension>
        </extensions>
      </trkpt>
      <trkpt lat="31.1613786220550537109375" lon="121.1930231563746929168701171875">
        <ele>4.19999980926513671875</ele>
        <time>2026-09-05T12:40:36.000Z</time>
        <extensions>
          <ns3:TrackPointExtension>
            <ns3:hr>145</ns3:hr>
            <ns3:cad>88</ns3:cad>
          </ns3:TrackPointExtension>
        </extensions>
      </trkpt>
      <trkpt lat="31.161381639540195465087890625" lon="121.1930543370544910430908203125">
        <ele>4.19999980926513671875</ele>
        <time>2026-09-05T12:40:37.000Z</time>
        <extensions>
          <ns3:TrackPointExtension>
            <ns3:hr>145</ns3:hr>
            <ns3:cad>88</ns3:cad>
          </ns3:TrackPointExtension>
        </extensions>
      </trkpt>
      <trkpt lat="31.16138599812984466552734375" lon="121.193076632916927337646484375">
        <ele>4.19999980926513671875</ele>
        <time>2026-09-05T12:40:38.000Z</time>
        <extensions>
          <ns3:TrackPointExtension>
            <ns3:hr>145</ns3:hr>
            <ns3:cad>88</ns3:cad>
          </ns3:TrackPointExtension>
        </extensions>
      </trkpt>
      <trkpt lat="31.16138742305338382720947265625" lon="121.19310840032994747161865234375">
        <ele>4.19999980926513671875</ele>
        <time>2026-09-05T12:40:39.000Z</time>
        <extensions>
          <ns3:TrackPointExtension>
            <ns3:hr>145</ns3:hr>
            <ns3:cad>88</ns3:cad>
          </ns3:TrackPointExtension>
        </extensions>
      </trkpt>
      <trkpt lat="31.16139094345271587371826171875" lon="121.19313404895365238189697265625">
        <ele>4.400000095367431640625</ele>
        <time>2026-09-05T12:40:40.000Z</time>
        <extensions>
          <ns3:TrackPointExtension>
            <ns3:hr>145</ns3:hr>
            <ns3:cad>87</ns3:cad>
          </ns3:TrackPointExtension>
        </extensions>
      </trkpt>
      <trkpt lat="31.16139345802366733551025390625" lon="121.19316623546183109283447265625">
        <ele>4.400000095367431640625</ele>
        <time>2026-09-05T12:40:41.000Z</time>
        <extensions>
          <ns3:TrackPointExtension>
            <ns3:hr>145</ns3:hr>
            <ns3:cad>87</ns3:cad>
          </ns3:TrackPointExtension>
        </extensions>
      </trkpt>
      <trkpt lat="31.16139681078493595123291015625" lon="121.19319322519004344940185546875">
        <ele>4.400000095367431640625</ele>
        <time>2026-09-05T12:40:42.000Z</time>
        <extensions>
          <ns3:TrackPointExtension>
            <ns3:hr>145</ns3:hr>
            <ns3:cad>87</ns3:cad>
          </ns3:TrackPointExtension>
        </extensions>
      </trkpt>
      <trkpt lat="31.1614029295742511749267578125" lon="121.193225495517253875732421875">
        <ele>4.400000095367431640625</ele>
        <time>2026-09-05T12:40:43.000Z</time>
        <extensions>
          <ns3:TrackPointExtension>
            <ns3:hr>145</ns3:hr>
            <ns3:cad>89</ns3:cad>
          </ns3:TrackPointExtension>
        </extensions>
      </trkpt>
      <trkpt lat="31.1614092998206615447998046875" lon="121.1932555027306079864501953125">
        <ele>4.19999980926513671875</ele>
        <time>2026-09-05T12:40:44.000Z</time>
        <extensions>
          <ns3:TrackPointExtension>
            <ns3:hr>145</ns3:hr>
            <ns3:cad>89</ns3:cad>
          </ns3:TrackPointExtension>
        </extensions>
      </trkpt>
      <trkpt lat="31.16141147911548614501953125" lon="121.1932886950671672821044921875">
        <ele>4.19999980926513671875</ele>
        <time>2026-09-05T12:40:45.000Z</time>
        <extensions>
          <ns3:TrackPointExtension>
            <ns3:hr>146</ns3:hr>
            <ns3:cad>89</ns3:cad>
          </ns3:TrackPointExtension>
        </extensions>
      </trkpt>
      <trkpt lat="31.1614146642386913299560546875" lon="121.1933138407766819000244140625">
        <ele>4.19999980926513671875</ele>
        <time>2026-09-05T12:40:46.000Z</time>
        <extensions>
          <ns3:TrackPointExtension>
            <ns3:hr>145</ns3:hr>
            <ns3:cad>89</ns3:cad>
          </ns3:TrackPointExtension>
        </extensions>
      </trkpt>
      <trkpt lat="31.16141818463802337646484375" lon="121.19334560818970203399658203125">
        <ele>4.19999980926513671875</ele>
        <time>2026-09-05T12:40:47.000Z</time>
        <extensions>
          <ns3:TrackPointExtension>
            <ns3:hr>145</ns3:hr>
            <ns3:cad>88</ns3:cad>
          </ns3:TrackPointExtension>
        </extensions>
      </trkpt>
      <trkpt lat="31.1614277400076389312744140625" lon="121.19337259791791439056396484375">
        <ele>4.19999980926513671875</ele>
        <time>2026-09-05T12:40:48.000Z</time>
        <extensions>
          <ns3:TrackPointExtension>
            <ns3:hr>146</ns3:hr>
            <ns3:cad>88</ns3:cad>
          </ns3:TrackPointExtension>
        </extensions>
      </trkpt>
      <trkpt lat="31.16143436171114444732666015625" lon="121.19340009056031703948974609375">
        <ele>4.19999980926513671875</ele>
        <time>2026-09-05T12:40:49.000Z</time>
        <extensions>
          <ns3:TrackPointExtension>
            <ns3:hr>145</ns3:hr>
            <ns3:cad>88</ns3:cad>
          </ns3:TrackPointExtension>
        </extensions>
      </trkpt>
      <trkpt lat="31.16143922321498394012451171875" lon="121.19342624209821224212646484375">
        <ele>4.19999980926513671875</ele>
        <time>2026-09-05T12:40:50.000Z</time>
        <extensions>
          <ns3:TrackPointExtension>
            <ns3:hr>146</ns3:hr>
            <ns3:cad>88</ns3:cad>
          </ns3:TrackPointExtension>
        </extensions>
      </trkpt>
      <trkpt lat="31.16144525818526744842529296875" lon="121.19345189072191715240478515625">
        <ele>4</ele>
        <time>2026-09-05T12:40:51.000Z</time>
        <extensions>
          <ns3:TrackPointExtension>
            <ns3:hr>146</ns3:hr>
            <ns3:cad>88</ns3:cad>
          </ns3:TrackPointExtension>
        </extensions>
      </trkpt>
      <trkpt lat="31.16144844330847263336181640625" lon="121.1934794671833515167236328125">
        <ele>4</ele>
        <time>2026-09-05T12:40:52.000Z</time>
        <extensions>
          <ns3:TrackPointExtension>
            <ns3:hr>146</ns3:hr>
            <ns3:cad>88</ns3:cad>
          </ns3:TrackPointExtension>
        </extensions>
      </trkpt>
      <trkpt lat="31.16145079024136066436767578125" lon="121.193501763045787811279296875">
        <ele>4</ele>
        <time>2026-09-05T12:40:53.000Z</time>
        <extensions>
          <ns3:TrackPointExtension>
            <ns3:hr>145</ns3:hr>
            <ns3:cad>88</ns3:cad>
          </ns3:TrackPointExtension>
        </extensions>
      </trkpt>
      <trkpt lat="31.1614538915455341339111328125" lon="121.19352959096431732177734375">
        <ele>4</ele>
        <time>2026-09-05T12:40:54.000Z</time>
        <extensions>
          <ns3:TrackPointExtension>
            <ns3:hr>146</ns3:hr>
            <ns3:cad>87</ns3:cad>
          </ns3:TrackPointExtension>
        </extensions>
      </trkpt>
      <trkpt lat="31.1614589206874370574951171875" lon="121.19355130009353160858154296875">
        <ele>4.19999980926513671875</ele>
        <time>2026-09-05T12:40:55.000Z</time>
        <extensions>
          <ns3:TrackPointExtension>
            <ns3:hr>146</ns3:hr>
            <ns3:cad>87</ns3:cad>
          </ns3:TrackPointExtension>
        </extensions>
      </trkpt>
      <trkpt lat="31.16146252490580081939697265625" lon="121.193580888211727142333984375">
        <ele>4.19999980926513671875</ele>
        <time>2026-09-05T12:40:56.000Z</time>
        <extensions>
          <ns3:TrackPointExtension>
            <ns3:hr>145</ns3:hr>
            <ns3:cad>88</ns3:cad>
          </ns3:TrackPointExtension>
        </extensions>
      </trkpt>
      <trkpt lat="31.1614696495234966278076171875" lon="121.19360075332224369049072265625">
        <ele>4.19999980926513671875</ele>
        <time>2026-09-05T12:40:57.000Z</time>
        <extensions>
          <ns3:TrackPointExtension>
            <ns3:hr>145</ns3:hr>
            <ns3:cad>88</ns3:cad>
          </ns3:TrackPointExtension>
        </extensions>
      </trkpt>
      <trkpt lat="31.16147878579795360565185546875" lon="121.19363042525947093963623046875">
        <ele>4.19999980926513671875</ele>
        <time>2026-09-05T12:40:58.000Z</time>
        <extensions>
          <ns3:TrackPointExtension>
            <ns3:hr>145</ns3:hr>
            <ns3:cad>89</ns3:cad>
          </ns3:TrackPointExtension>
        </extensions>
      </trkpt>
      <trkpt lat="31.16148599423468112945556640625" lon="121.19365833699703216552734375">
        <ele>4.19999980926513671875</ele>
        <time>2026-09-05T12:40:59.000Z</time>
        <extensions>
          <ns3:TrackPointExtension>
            <ns3:hr>146</ns3:hr>
            <ns3:cad>89</ns3:cad>
          </ns3:TrackPointExtension>
        </extensions>
      </trkpt>
      <trkpt lat="31.16148549132049083709716796875" lon="121.193688176572322845458984375">
        <ele>4.19999980926513671875</ele>
        <time>2026-09-05T12:41:00.000Z</time>
        <extensions>
          <ns3:TrackPointExtension>
            <ns3:hr>145</ns3:hr>
            <ns3:cad>88</ns3:cad>
          </ns3:TrackPointExtension>
        </extensions>
      </trkpt>
      <trkpt lat="31.1614823900163173675537109375" lon="121.19370996952056884765625">
        <ele>4.19999980926513671875</ele>
        <time>2026-09-05T12:41:01.000Z</time>
        <extensions>
          <ns3:TrackPointExtension>
            <ns3:hr>145</ns3:hr>
            <ns3:cad>87</ns3:cad>
          </ns3:TrackPointExtension>
        </extensions>
      </trkpt>
      <trkpt lat="31.1614629440009593963623046875" lon="121.19372782297432422637939453125">
        <ele>4.19999980926513671875</ele>
        <time>2026-09-05T12:41:02.000Z</time>
        <extensions>
          <ns3:TrackPointExtension>
            <ns3:hr>146</ns3:hr>
            <ns3:cad>87</ns3:cad>
          </ns3:TrackPointExtension>
        </extensions>
      </trkpt>
      <trkpt lat="31.1614512093365192413330078125" lon="121.193743161857128143310546875">
        <ele>4.19999980926513671875</ele>
        <time>2026-09-05T12:41:03.000Z</time>
        <extensions>
          <ns3:TrackPointExtension>
            <ns3:hr>145</ns3:hr>
            <ns3:cad>88</ns3:cad>
          </ns3:TrackPointExtension>
        </extensions>
      </trkpt>
      <trkpt lat="31.16143017075955867767333984375" lon="121.19374777190387248992919921875">
        <ele>4.19999980926513671875</ele>
        <time>2026-09-05T12:41:04.000Z</time>
        <extensions>
          <ns3:TrackPointExtension>
            <ns3:hr>145</ns3:hr>
            <ns3:cad>88</ns3:cad>
          </ns3:TrackPointExtension>
        </extensions>
      </trkpt>
      <trkpt lat="31.1614121496677398681640625" lon="121.19375179521739482879638671875">
        <ele>4.19999980926513671875</ele>
        <time>2026-09-05T12:41:05.000Z</time>
        <extensions>
          <ns3:TrackPointExtension>
            <ns3:hr>146</ns3:hr>
            <ns3:cad>88</ns3:cad>
          </ns3:TrackPointExtension>
        </extensions>
      </trkpt>
      <trkpt lat="31.16139865480363368988037109375" lon="121.19375246576964855194091796875">
        <ele>4.19999980926513671875</ele>
        <time>2026-09-05T12:41:06.000Z</time>
        <extensions>
          <ns3:TrackPointExtension>
            <ns3:hr>145</ns3:hr>
            <ns3:cad>88</ns3:cad>
          </ns3:TrackPointExtension>
        </extensions>
      </trkpt>
      <trkpt lat="31.161376275122165679931640625" lon="121.1937582492828369140625">
        <ele>4.19999980926513671875</ele>
        <time>2026-09-05T12:41:07.000Z</time>
        <extensions>
          <ns3:TrackPointExtension>
            <ns3:hr>146</ns3:hr>
            <ns3:cad>87</ns3:cad>
          </ns3:TrackPointExtension>
        </extensions>
      </trkpt>
      <trkpt lat="31.16135071031749248504638671875" lon="121.19376688264310359954833984375">
        <ele>4.19999980926513671875</ele>
        <time>2026-09-05T12:41:08.000Z</time>
        <extensions>
          <ns3:TrackPointExtension>
            <ns3:hr>146</ns3:hr>
            <ns3:cad>87</ns3:cad>
          </ns3:TrackPointExtension>
        </extensions>
      </trkpt>
      <trkpt lat="31.1613268218934535980224609375" lon="121.193771325051784515380859375">
        <ele>4.19999980926513671875</ele>
        <time>2026-09-05T12:41:09.000Z</time>
        <extensions>
          <ns3:TrackPointExtension>
            <ns3:hr>146</ns3:hr>
            <ns3:cad>87</ns3:cad>
          </ns3:TrackPointExtension>
        </extensions>
      </trkpt>
      <trkpt lat="31.16130595095455646514892578125" lon="121.1937775276601314544677734375">
        <ele>4.19999980926513671875</ele>
        <time>2026-09-05T12:41:10.000Z</time>
        <extensions>
          <ns3:TrackPointExtension>
            <ns3:hr>145</ns3:hr>
            <ns3:cad>88</ns3:cad>
          </ns3:TrackPointExtension>
        </extensions>
      </trkpt>
      <trkpt lat="31.1612825654447078704833984375" lon="121.19377777911722660064697265625">
        <ele>4.19999980926513671875</ele>
        <time>2026-09-05T12:41:11.000Z</time>
        <extensions>
          <ns3:TrackPointExtension>
            <ns3:hr>146</ns3:hr>
            <ns3:cad>88</ns3:cad>
          </ns3:TrackPointExtension>
        </extensions>
      </trkpt>
      <trkpt lat="31.16126202978193759918212890625" lon="121.19377844966948032379150390625">
        <ele>4.19999980926513671875</ele>
        <time>2026-09-05T12:41:12.000Z</time>
        <extensions>
          <ns3:TrackPointExtension>
            <ns3:hr>146</ns3:hr>
            <ns3:cad>88</ns3:cad>
          </ns3:TrackPointExtension>
        </extensions>
      </trkpt>
      <trkpt lat="31.16123805753886699676513671875" lon="121.193779371678829193115234375">
        <ele>4.19999980926513671875</ele>
        <time>2026-09-05T12:41:13.000Z</time>
        <extensions>
          <ns3:TrackPointExtension>
            <ns3:hr>145</ns3:hr>
            <ns3:cad>88</ns3:cad>
          </ns3:TrackPointExtension>
        </extensions>
      </trkpt>
      <trkpt lat="31.1612190306186676025390625" lon="121.193780042231082916259765625">
        <ele>4.19999980926513671875</ele>
        <time>2026-09-05T12:41:14.000Z</time>
        <extensions>
          <ns3:TrackPointExtension>
            <ns3:hr>146</ns3:hr>
            <ns3:cad>88</ns3:cad>
          </ns3:TrackPointExtension>
        </extensions>
      </trkpt>
      <trkpt lat="31.1611943878233432769775390625" lon="121.19377861730754375457763671875">
        <ele>4.19999980926513671875</ele>
        <time>2026-09-05T12:41:15.000Z</time>
        <extensions>
          <ns3:TrackPointExtension>
            <ns3:hr>145</ns3:hr>
            <ns3:cad>87</ns3:cad>
          </ns3:TrackPointExtension>
        </extensions>
      </trkpt>
      <trkpt lat="31.16117234341800212860107421875" lon="121.19378498755395412445068359375">
        <ele>4.19999980926513671875</ele>
        <time>2026-09-05T12:41:16.000Z</time>
        <extensions>
          <ns3:TrackPointExtension>
            <ns3:hr>145</ns3:hr>
            <ns3:cad>87</ns3:cad>
          </ns3:TrackPointExtension>
        </extensions>
      </trkpt>
      <trkpt lat="31.16114585660398006439208984375" lon="121.19379387237131595611572265625">
        <ele>4.19999980926513671875</ele>
        <time>2026-09-05T12:41:17.000Z</time>
        <extensions>
          <ns3:TrackPointExtension>
            <ns3:hr>145</ns3:hr>
            <ns3:cad>88</ns3:cad>
          </ns3:TrackPointExtension>
        </extensions>
      </trkpt>
      <trkpt lat="31.161124818027019500732421875" lon="121.1937973089516162872314453125">
        <ele>4.19999980926513671875</ele>
        <time>2026-09-05T12:41:18.000Z</time>
        <extensions>
          <ns3:TrackPointExtension>
            <ns3:hr>146</ns3:hr>
            <ns3:cad>88</ns3:cad>
          </ns3:TrackPointExtension>
        </extensions>
      </trkpt>
      <trkpt lat="31.16109992377460002899169921875" lon="121.193798817694187164306640625">
        <ele>4.19999980926513671875</ele>
        <time>2026-09-05T12:41:19.000Z</time>
        <extensions>
          <ns3:TrackPointExtension>
            <ns3:hr>145</ns3:hr>
            <ns3:cad>90</ns3:cad>
          </ns3:TrackPointExtension>
        </extensions>
      </trkpt>
      <trkpt lat="31.16108165122568607330322265625" lon="121.1938040144741535186767578125">
        <ele>4.19999980926513671875</ele>
        <time>2026-09-05T12:41:20.000Z</time>
        <extensions>
          <ns3:TrackPointExtension>
            <ns3:hr>145</ns3:hr>
            <ns3:cad>90</ns3:cad>
          </ns3:TrackPointExtension>
        </extensions>
      </trkpt>
      <trkpt lat="31.16105633787810802459716796875" lon="121.193808875977993011474609375">
        <ele>4.19999980926513671875</ele>
        <time>2026-09-05T12:41:21.000Z</time>
        <extensions>
          <ns3:TrackPointExtension>
            <ns3:hr>146</ns3:hr>
            <ns3:cad>89</ns3:cad>
          </ns3:TrackPointExtension>
        </extensions>
      </trkpt>
      <trkpt lat="31.161038987338542938232421875" lon="121.193808205425739288330078125">
        <ele>4.19999980926513671875</ele>
        <time>2026-09-05T12:41:22.000Z</time>
        <extensions>
          <ns3:TrackPointExtension>
            <ns3:hr>146</ns3:hr>
            <ns3:cad>88</ns3:cad>
          </ns3:TrackPointExtension>
        </extensions>
      </trkpt>
      <trkpt lat="31.16101719439029693603515625" lon="121.19381524622440338134765625">
        <ele>4.19999980926513671875</ele>
        <time>2026-09-05T12:41:23.000Z</time>
        <extensions>
          <ns3:TrackPointExtension>
            <ns3:hr>146</ns3:hr>
            <ns3:cad>88</ns3:cad>
          </ns3:TrackPointExtension>
        </extensions>
      </trkpt>
      <trkpt lat="31.1609999276697635650634765625" lon="121.19381918571889400482177734375">
        <ele>4.19999980926513671875</ele>
        <time>2026-09-05T12:41:24.000Z</time>
        <extensions>
          <ns3:TrackPointExtension>
            <ns3:hr>146</ns3:hr>
            <ns3:cad>88</ns3:cad>
          </ns3:TrackPointExtension>
        </extensions>
      </trkpt>
      <trkpt lat="31.1609791405498981475830078125" lon="121.19382622651755809783935546875">
        <ele>4.19999980926513671875</ele>
        <time>2026-09-05T12:41:25.000Z</time>
        <extensions>
          <ns3:TrackPointExtension>
            <ns3:hr>145</ns3:hr>
            <ns3:cad>88</ns3:cad>
          </ns3:TrackPointExtension>
        </extensions>
      </trkpt>
      <trkpt lat="31.16096095182001590728759765625" lon="121.1938345246016979217529296875">
        <ele>4.19999980926513671875</ele>
        <time>2026-09-05T12:41:26.000Z</time>
        <extensions>
          <ns3:TrackPointExtension>
            <ns3:hr>145</ns3:hr>
            <ns3:cad>89</ns3:cad>
          </ns3:TrackPointExtension>
        </extensions>
      </trkpt>
      <trkpt lat="31.16093848831951618194580078125" lon="121.19384340941905975341796875">
        <ele>4.19999980926513671875</ele>
        <time>2026-09-05T12:41:27.000Z</time>
        <extensions>
          <ns3:TrackPointExtension>
            <ns3:hr>145</ns3:hr>
            <ns3:cad>89</ns3:cad>
          </ns3:TrackPointExtension>
        </extensions>
      </trkpt>
      <trkpt lat="31.1609186232089996337890625" lon="121.1938509531319141387939453125">
        <ele>4.19999980926513671875</ele>
        <time>2026-09-05T12:41:28.000Z</time>
        <extensions>
          <ns3:TrackPointExtension>
            <ns3:hr>145</ns3:hr>
            <ns3:cad>89</ns3:cad>
          </ns3:TrackPointExtension>
        </extensions>
      </trkpt>
      <trkpt lat="31.160896830260753631591796875" lon="121.1938588321208953857421875">
        <ele>4.19999980926513671875</ele>
        <time>2026-09-05T12:41:29.000Z</time>
        <extensions>
          <ns3:TrackPointExtension>
            <ns3:hr>146</ns3:hr>
            <ns3:cad>88</ns3:cad>
          </ns3:TrackPointExtension>
        </extensions>
      </trkpt>
      <trkpt lat="31.1608698405325412750244140625" lon="121.19387299753725528717041015625">
        <ele>4.19999980926513671875</ele>
        <time>2026-09-05T12:41:30.000Z</time>
        <extensions>
          <ns3:TrackPointExtension>
            <ns3:hr>145</ns3:hr>
            <ns3:cad>88</ns3:cad>
          </ns3:TrackPointExtension>
        </extensions>
      </trkpt>
      <trkpt lat="31.16084712557494640350341796875" lon="121.193885989487171173095703125">
        <ele>4.19999980926513671875</ele>
        <time>2026-09-05T12:41:31.000Z</time>
        <extensions>
          <ns3:TrackPointExtension>
            <ns3:hr>145</ns3:hr>
            <ns3:cad>88</ns3:cad>
          </ns3:TrackPointExtension>
        </extensions>
      </trkpt>
      <trkpt lat="31.16082231514155864715576171875" lon="121.193898059427738189697265625">
        <ele>4.19999980926513671875</ele>
        <time>2026-09-05T12:41:32.000Z</time>
        <extensions>
          <ns3:TrackPointExtension>
            <ns3:hr>145</ns3:hr>
            <ns3:cad>88</ns3:cad>
          </ns3:TrackPointExtension>
        </extensions>
      </trkpt>
      <trkpt lat="31.16080236621201038360595703125" lon="121.19390510022640228271484375">
        <ele>4.19999980926513671875</ele>
        <time>2026-09-05T12:41:33.000Z</time>
        <extensions>
          <ns3:TrackPointExtension>
            <ns3:hr>145</ns3:hr>
            <ns3:cad>89</ns3:cad>
          </ns3:TrackPointExtension>
        </extensions>
      </trkpt>
      <trkpt lat="31.16077772341668605804443359375" lon="121.19391423650085926055908203125">
        <ele>4.19999980926513671875</ele>
        <time>2026-09-05T12:41:34.000Z</time>
        <extensions>
          <ns3:TrackPointExtension>
            <ns3:hr>145</ns3:hr>
            <ns3:cad>89</ns3:cad>
          </ns3:TrackPointExtension>
        </extensions>
      </trkpt>
      <trkpt lat="31.1607550084590911865234375" lon="121.19392580352723598480224609375">
        <ele>4.19999980926513671875</ele>
        <time>2026-09-05T12:41:35.000Z</time>
        <extensions>
          <ns3:TrackPointExtension>
            <ns3:hr>145</ns3:hr>
            <ns3:cad>88</ns3:cad>
          </ns3:TrackPointExtension>
        </extensions>
      </trkpt>
      <trkpt lat="31.160732209682464599609375" lon="121.19393619708716869354248046875">
        <ele>4.19999980926513671875</ele>
        <time>2026-09-05T12:41:36.000Z</time>
        <extensions>
          <ns3:TrackPointExtension>
            <ns3:hr>145</ns3:hr>
            <ns3:cad>88</ns3:cad>
          </ns3:TrackPointExtension>
        </extensions>
      </trkpt>
      <trkpt lat="31.16071335040032863616943359375" lon="121.19394726119935512542724609375">
        <ele>4.400000095367431640625</ele>
        <time>2026-09-05T12:41:37.000Z</time>
        <extensions>
          <ns3:TrackPointExtension>
            <ns3:hr>145</ns3:hr>
            <ns3:cad>88</ns3:cad>
          </ns3:TrackPointExtension>
        </extensions>
      </trkpt>
      <trkpt lat="31.16069398820400238037109375" lon="121.19395874440670013427734375">
        <ele>4.400000095367431640625</ele>
        <time>2026-09-05T12:41:38.000Z</time>
        <extensions>
          <ns3:TrackPointExtension>
            <ns3:hr>144</ns3:hr>
            <ns3:cad>88</ns3:cad>
          </ns3:TrackPointExtension>
        </extensions>
      </trkpt>
      <trkpt lat="31.16067596711218357086181640625" lon="121.193969137966632843017578125">
        <ele>4.400000095367431640625</ele>
        <time>2026-09-05T12:41:39.000Z</time>
        <extensions>
          <ns3:TrackPointExtension>
            <ns3:hr>145</ns3:hr>
            <ns3:cad>88</ns3:cad>
          </ns3:TrackPointExtension>
        </extensions>
      </trkpt>
      <trkpt lat="31.16065375506877899169921875" lon="121.1939800344407558441162109375">
        <ele>4.400000095367431640625</ele>
        <time>2026-09-05T12:41:40.000Z</time>
        <extensions>
          <ns3:TrackPointExtension>
            <ns3:hr>145</ns3:hr>
            <ns3:cad>88</ns3:cad>
          </ns3:TrackPointExtension>
        </extensions>
      </trkpt>
      <trkpt lat="31.16063087247312068939208984375" lon="121.1939924396574497222900390625">
        <ele>4.400000095367431640625</ele>
        <time>2026-09-05T12:41:41.000Z</time>
        <extensions>
          <ns3:TrackPointExtension>
            <ns3:hr>144</ns3:hr>
            <ns3:cad>88</ns3:cad>
          </ns3:TrackPointExtension>
        </extensions>
      </trkpt>
      <trkpt lat="31.16061209701001644134521484375" lon="121.19400727562606334686279296875">
        <ele>4.400000095367431640625</ele>
        <time>2026-09-05T12:41:42.000Z</time>
        <extensions>
          <ns3:TrackPointExtension>
            <ns3:hr>144</ns3:hr>
            <ns3:cad>87</ns3:cad>
          </ns3:TrackPointExtension>
        </extensions>
      </trkpt>
      <trkpt lat="31.160590387880802154541015625" lon="121.19402001611888408660888671875">
        <ele>4.400000095367431640625</ele>
        <time>2026-09-05T12:41:43.000Z</time>
        <extensions>
          <ns3:TrackPointExtension>
            <ns3:hr>144</ns3:hr>
            <ns3:cad>86</ns3:cad>
          </ns3:TrackPointExtension>
        </extensions>
      </trkpt>
      <trkpt lat="31.1605744622647762298583984375" lon="121.194030828773975372314453125">
        <ele>4.400000095367431640625</ele>
        <time>2026-09-05T12:41:44.000Z</time>
        <extensions>
          <ns3:TrackPointExtension>
            <ns3:hr>144</ns3:hr>
            <ns3:cad>86</ns3:cad>
          </ns3:TrackPointExtension>
        </extensions>
      </trkpt>
      <trkpt lat="31.1605526693165302276611328125" lon="121.1940423958003520965576171875">
        <ele>4.400000095367431640625</ele>
        <time>2026-09-05T12:41:45.000Z</time>
        <extensions>
          <ns3:TrackPointExtension>
            <ns3:hr>144</ns3:hr>
            <ns3:cad>87</ns3:cad>
          </ns3:TrackPointExtension>
        </extensions>
      </trkpt>
      <trkpt lat="31.16053330712020397186279296875" lon="121.1940507777035236358642578125">
        <ele>4.400000095367431640625</ele>
        <time>2026-09-05T12:41:46.000Z</time>
        <extensions>
          <ns3:TrackPointExtension>
            <ns3:hr>144</ns3:hr>
            <ns3:cad>88</ns3:cad>
          </ns3:TrackPointExtension>
        </extensions>
      </trkpt>
      <trkpt lat="31.16050883196294307708740234375" lon="121.19406200945377349853515625">
        <ele>4.400000095367431640625</ele>
        <time>2026-09-05T12:41:47.000Z</time>
        <extensions>
          <ns3:TrackPointExtension>
            <ns3:hr>144</ns3:hr>
            <ns3:cad>88</ns3:cad>
          </ns3:TrackPointExtension>
        </extensions>
      </trkpt>
      <trkpt lat="31.16049324162304401397705078125" lon="121.1940705589950084686279296875">
        <ele>4.400000095367431640625</ele>
        <time>2026-09-05T12:41:48.000Z</time>
        <extensions>
          <ns3:TrackPointExtension>
            <ns3:hr>144</ns3:hr>
            <ns3:cad>88</ns3:cad>
          </ns3:TrackPointExtension>
        </extensions>
      </trkpt>
      <trkpt lat="31.16047094576060771942138671875" lon="121.19407718069851398468017578125">
        <ele>4.400000095367431640625</ele>
        <time>2026-09-05T12:41:49.000Z</time>
        <extensions>
          <ns3:TrackPointExtension>
            <ns3:hr>144</ns3:hr>
            <ns3:cad>87</ns3:cad>
          </ns3:TrackPointExtension>
        </extensions>
      </trkpt>
      <trkpt lat="31.16045451723039150238037109375" lon="121.1940819583833217620849609375">
        <ele>4.400000095367431640625</ele>
        <time>2026-09-05T12:41:50.000Z</time>
        <extensions>
          <ns3:TrackPointExtension>
            <ns3:hr>144</ns3:hr>
            <ns3:cad>87</ns3:cad>
          </ns3:TrackPointExtension>
        </extensions>
      </trkpt>
      <trkpt lat="31.16043305955827236175537109375" lon="121.194086484611034393310546875">
        <ele>4.400000095367431640625</ele>
        <time>2026-09-05T12:41:51.000Z</time>
        <extensions>
          <ns3:TrackPointExtension>
            <ns3:hr>144</ns3:hr>
            <ns3:cad>87</ns3:cad>
          </ns3:TrackPointExtension>
        </extensions>
      </trkpt>
      <trkpt lat="31.1604115180671215057373046875" lon="121.1940953694283962249755859375">
        <ele>4.400000095367431640625</ele>
        <time>2026-09-05T12:41:52.000Z</time>
        <extensions>
          <ns3:TrackPointExtension>
            <ns3:hr>144</ns3:hr>
            <ns3:cad>87</ns3:cad>
          </ns3:TrackPointExtension>
        </extensions>
      </trkpt>
      <trkpt lat="31.16039014421403408050537109375" lon="121.19410634972155094146728515625">
        <ele>4.400000095367431640625</ele>
        <time>2026-09-05T12:41:53.000Z</time>
        <extensions>
          <ns3:TrackPointExtension>
            <ns3:hr>144</ns3:hr>
            <ns3:cad>88</ns3:cad>
          </ns3:TrackPointExtension>
        </extensions>
      </trkpt>
      <trkpt lat="31.1603692732751369476318359375" lon="121.19412344880402088165283203125">
        <ele>4.400000095367431640625</ele>
        <time>2026-09-05T12:41:54.000Z</time>
        <extensions>
          <ns3:TrackPointExtension>
            <ns3:hr>144</ns3:hr>
            <ns3:cad>88</ns3:cad>
          </ns3:TrackPointExtension>
        </extensions>
      </trkpt>
      <trkpt lat="31.16035225801169872283935546875" lon="121.19413870386779308319091796875">
        <ele>4.400000095367431640625</ele>
        <time>2026-09-05T12:41:55.000Z</time>
        <extensions>
          <ns3:TrackPointExtension>
            <ns3:hr>144</ns3:hr>
            <ns3:cad>88</ns3:cad>
          </ns3:TrackPointExtension>
        </extensions>
      </trkpt>
      <trkpt lat="31.160329543054103851318359375" lon="121.1941523663699626922607421875">
        <ele>4.400000095367431640625</ele>
        <time>2026-09-05T12:41:56.000Z</time>
        <extensions>
          <ns3:TrackPointExtension>
            <ns3:hr>144</ns3:hr>
            <ns3:cad>86</ns3:cad>
          </ns3:TrackPointExtension>
        </extensions>
      </trkpt>
      <trkpt lat="31.16030615754425525665283203125" lon="121.19417172856628894805908203125">
        <ele>4.400000095367431640625</ele>
        <time>2026-09-05T12:41:57.000Z</time>
        <extensions>
          <ns3:TrackPointExtension>
            <ns3:hr>144</ns3:hr>
            <ns3:cad>86</ns3:cad>
          </ns3:TrackPointExtension>
        </extensions>
      </trkpt>
      <trkpt lat="31.16028235293924808502197265625" lon="121.19418782182037830352783203125">
        <ele>4.400000095367431640625</ele>
        <time>2026-09-05T12:41:58.000Z</time>
        <extensions>
          <ns3:TrackPointExtension>
            <ns3:hr>144</ns3:hr>
            <ns3:cad>87</ns3:cad>
          </ns3:TrackPointExtension>
        </extensions>
      </trkpt>
      <trkpt lat="31.16026340983808040618896484375" lon="121.1942043341696262359619140625">
        <ele>4.400000095367431640625</ele>
        <time>2026-09-05T12:41:59.000Z</time>
        <extensions>
          <ns3:TrackPointExtension>
            <ns3:hr>144</ns3:hr>
            <ns3:cad>88</ns3:cad>
          </ns3:TrackPointExtension>
        </extensions>
      </trkpt>
      <trkpt lat="31.1602418683469295501708984375" lon="121.19421548210084438323974609375">
        <ele>4.599999904632568359375</ele>
        <time>2026-09-05T12:42:00.000Z</time>
        <extensions>
          <ns3:TrackPointExtension>
            <ns3:hr>144</ns3:hr>
            <ns3:cad>89</ns3:cad>
          </ns3:TrackPointExtension>
        </extensions>
      </trkpt>
      <trkpt lat="31.16022502072155475616455078125" lon="121.194226630032062530517578125">
        <ele>4.599999904632568359375</ele>
        <time>2026-09-05T12:42:01.000Z</time>
        <extensions>
          <ns3:TrackPointExtension>
            <ns3:hr>144</ns3:hr>
            <ns3:cad>89</ns3:cad>
          </ns3:TrackPointExtension>
        </extensions>
      </trkpt>
      <trkpt lat="31.16020339541137218475341796875" lon="121.19423995725810527801513671875">
        <ele>4.599999904632568359375</ele>
        <time>2026-09-05T12:42:02.000Z</time>
        <extensions>
          <ns3:TrackPointExtension>
            <ns3:hr>144</ns3:hr>
            <ns3:cad>88</ns3:cad>
          </ns3:TrackPointExtension>
        </extensions>
      </trkpt>
      <trkpt lat="31.16018478758633136749267578125" lon="121.19425202719867229461669921875">
        <ele>4.599999904632568359375</ele>
        <time>2026-09-05T12:42:03.000Z</time>
        <extensions>
          <ns3:TrackPointExtension>
            <ns3:hr>144</ns3:hr>
            <ns3:cad>87</ns3:cad>
          </ns3:TrackPointExtension>
        </extensions>
      </trkpt>
      <trkpt lat="31.160167939960956573486328125" lon="121.1942650191485881805419921875">
        <ele>4.599999904632568359375</ele>
        <time>2026-09-05T12:42:04.000Z</time>
        <extensions>
          <ns3:TrackPointExtension>
            <ns3:hr>145</ns3:hr>
            <ns3:cad>87</ns3:cad>
          </ns3:TrackPointExtension>
        </extensions>
      </trkpt>
      <trkpt lat="31.160149164497852325439453125" lon="121.194278933107852935791015625">
        <ele>4.400000095367431640625</ele>
        <time>2026-09-05T12:42:05.000Z</time>
        <extensions>
          <ns3:TrackPointExtension>
            <ns3:hr>145</ns3:hr>
            <ns3:cad>87</ns3:cad>
          </ns3:TrackPointExtension>
        </extensions>
      </trkpt>
      <trkpt lat="31.16013214923441410064697265625" lon="121.1942928470671176910400390625">
        <ele>4.400000095367431640625</ele>
        <time>2026-09-05T12:42:06.000Z</time>
        <extensions>
          <ns3:TrackPointExtension>
            <ns3:hr>145</ns3:hr>
            <ns3:cad>87</ns3:cad>
          </ns3:TrackPointExtension>
        </extensions>
      </trkpt>
      <trkpt lat="31.16011572070419788360595703125" lon="121.19430474936962127685546875">
        <ele>4.400000095367431640625</ele>
        <time>2026-09-05T12:42:07.000Z</time>
        <extensions>
          <ns3:TrackPointExtension>
            <ns3:hr>145</ns3:hr>
            <ns3:cad>88</ns3:cad>
          </ns3:TrackPointExtension>
        </extensions>
      </trkpt>
      <trkpt lat="31.16009962745010852813720703125" lon="121.1943122930824756622314453125">
        <ele>4.400000095367431640625</ele>
        <time>2026-09-05T12:42:08.000Z</time>
        <extensions>
          <ns3:TrackPointExtension>
            <ns3:hr>145</ns3:hr>
            <ns3:cad>89</ns3:cad>
          </ns3:TrackPointExtension>
        </extensions>
      </trkpt>
      <trkpt lat="31.16008219309151172637939453125" lon="121.1943273805081844329833984375">
        <ele>4.400000095367431640625</ele>
        <time>2026-09-05T12:42:09.000Z</time>
        <extensions>
          <ns3:TrackPointExtension>
            <ns3:hr>145</ns3:hr>
            <ns3:cad>89</ns3:cad>
          </ns3:TrackPointExtension>
        </extensions>
      </trkpt>
      <trkpt lat="31.16006459109485149383544921875" lon="121.19434657506644725799560546875">
        <ele>4.400000095367431640625</ele>
        <time>2026-09-05T12:42:10.000Z</time>
        <extensions>
          <ns3:TrackPointExtension>
            <ns3:hr>146</ns3:hr>
            <ns3:cad>88</ns3:cad>
          </ns3:TrackPointExtension>
        </extensions>
      </trkpt>
      <trkpt lat="31.160039864480495452880859375" lon="121.19436551816761493682861328125">
        <ele>4.400000095367431640625</ele>
        <time>2026-09-05T12:42:11.000Z</time>
        <extensions>
          <ns3:TrackPointExtension>
            <ns3:hr>145</ns3:hr>
            <ns3:cad>87</ns3:cad>
          </ns3:TrackPointExtension>
        </extensions>
      </trkpt>
      <trkpt lat="31.16001807153224945068359375" lon="121.194378174841403961181640625">
        <ele>4.400000095367431640625</ele>
        <time>2026-09-05T12:42:12.000Z</time>
        <extensions>
          <ns3:TrackPointExtension>
            <ns3:hr>145</ns3:hr>
            <ns3:cad>87</ns3:cad>
          </ns3:TrackPointExtension>
        </extensions>
      </trkpt>
      <trkpt lat="31.15999401547014713287353515625" lon="121.1943964473903179168701171875">
        <ele>4.400000095367431640625</ele>
        <time>2026-09-05T12:42:13.000Z</time>
        <extensions>
          <ns3:TrackPointExtension>
            <ns3:hr>146</ns3:hr>
            <ns3:cad>88</ns3:cad>
          </ns3:TrackPointExtension>
        </extensions>
      </trkpt>
      <trkpt lat="31.15997649729251861572265625" lon="121.19441446848213672637939453125">
        <ele>4.400000095367431640625</ele>
        <time>2026-09-05T12:42:14.000Z</time>
        <extensions>
          <ns3:TrackPointExtension>
            <ns3:hr>145</ns3:hr>
            <ns3:cad>88</ns3:cad>
          </ns3:TrackPointExtension>
        </extensions>
      </trkpt>
      <trkpt lat="31.15995797328650951385498046875" lon="121.1944299750030040740966796875">
        <ele>4.400000095367431640625</ele>
        <time>2026-09-05T12:42:15.000Z</time>
        <extensions>
          <ns3:TrackPointExtension>
            <ns3:hr>145</ns3:hr>
            <ns3:cad>88</ns3:cad>
          </ns3:TrackPointExtension>
        </extensions>
      </trkpt>
      <trkpt lat="31.15994188003242015838623046875" lon="121.19444598443806171417236328125">
        <ele>4.400000095367431640625</ele>
        <time>2026-09-05T12:42:16.000Z</time>
        <extensions>
          <ns3:TrackPointExtension>
            <ns3:hr>146</ns3:hr>
            <ns3:cad>88</ns3:cad>
          </ns3:TrackPointExtension>
        </extensions>
      </trkpt>
      <trkpt lat="31.1599163152277469635009765625" lon="121.19446123950183391571044921875">
        <ele>4.400000095367431640625</ele>
        <time>2026-09-05T12:42:17.000Z</time>
        <extensions>
          <ns3:TrackPointExtension>
            <ns3:hr>145</ns3:hr>
            <ns3:cad>86</ns3:cad>
          </ns3:TrackPointExtension>
        </extensions>
      </trkpt>
      <trkpt lat="31.1598928458988666534423828125" lon="121.1944809369742870330810546875">
        <ele>4.400000095367431640625</ele>
        <time>2026-09-05T12:42:18.000Z</time>
        <extensions>
          <ns3:TrackPointExtension>
            <ns3:hr>145</ns3:hr>
            <ns3:cad>86</ns3:cad>
          </ns3:TrackPointExtension>
        </extensions>
      </trkpt>
      <trkpt lat="31.1598700471222400665283203125" lon="121.19449518620967864990234375">
        <ele>4.400000095367431640625</ele>
        <time>2026-09-05T12:42:19.000Z</time>
        <extensions>
          <ns3:TrackPointExtension>
            <ns3:hr>146</ns3:hr>
            <ns3:cad>87</ns3:cad>
          </ns3:TrackPointExtension>
        </extensions>
      </trkpt>
      <trkpt lat="31.159847415983676910400390625" lon="121.19450683705508708953857421875">
        <ele>4.400000095367431640625</ele>
        <time>2026-09-05T12:42:20.000Z</time>
        <extensions>
          <ns3:TrackPointExtension>
            <ns3:hr>145</ns3:hr>
            <ns3:cad>88</ns3:cad>
          </ns3:TrackPointExtension>
        </extensions>
      </trkpt>
      <trkpt lat="31.159827969968318939208984375" lon="121.1945191584527492523193359375">
        <ele>4.400000095367431640625</ele>
        <time>2026-09-05T12:42:21.000Z</time>
        <extensions>
          <ns3:TrackPointExtension>
            <ns3:hr>145</ns3:hr>
            <ns3:cad>88</ns3:cad>
          </ns3:TrackPointExtension>
        </extensions>
      </trkpt>
      <trkpt lat="31.15980391390621662139892578125" lon="121.1945302225649356842041015625">
        <ele>4.400000095367431640625</ele>
        <time>2026-09-05T12:42:22.000Z</time>
        <extensions>
          <ns3:TrackPointExtension>
            <ns3:hr>146</ns3:hr>
            <ns3:cad>88</ns3:cad>
          </ns3:TrackPointExtension>
        </extensions>
      </trkpt>
      <trkpt lat="31.15978580899536609649658203125" lon="121.1945365928113460540771484375">
        <ele>4.400000095367431640625</ele>
        <time>2026-09-05T12:42:23.000Z</time>
        <extensions>
          <ns3:TrackPointExtension>
            <ns3:hr>145</ns3:hr>
            <ns3:cad>88</ns3:cad>
          </ns3:TrackPointExtension>
        </extensions>
      </trkpt>
      <trkpt lat="31.159761585295200347900390625" lon="121.1945456452667713165283203125">
        <ele>4.400000095367431640625</ele>
        <time>2026-09-05T12:42:24.000Z</time>
        <extensions>
          <ns3:TrackPointExtension>
            <ns3:hr>145</ns3:hr>
            <ns3:cad>87</ns3:cad>
          </ns3:TrackPointExtension>
        </extensions>
      </trkpt>
      <trkpt lat="31.15974457003176212310791015625" lon="121.1945516802370548248291015625">
        <ele>4.400000095367431640625</ele>
        <time>2026-09-05T12:42:25.000Z</time>
        <extensions>
          <ns3:TrackPointExtension>
            <ns3:hr>145</ns3:hr>
            <ns3:cad>87</ns3:cad>
          </ns3:TrackPointExtension>
        </extensions>
      </trkpt>
      <trkpt lat="31.1597235314548015594482421875" lon="121.19456198997795581817626953125">
        <ele>4.400000095367431640625</ele>
        <time>2026-09-05T12:42:26.000Z</time>
        <extensions>
          <ns3:TrackPointExtension>
            <ns3:hr>146</ns3:hr>
            <ns3:cad>88</ns3:cad>
          </ns3:TrackPointExtension>
        </extensions>
      </trkpt>
      <trkpt lat="31.15970500744879245758056640625" lon="121.1945717968046665191650390625">
        <ele>4.400000095367431640625</ele>
        <time>2026-09-05T12:42:27.000Z</time>
        <extensions>
          <ns3:TrackPointExtension>
            <ns3:hr>145</ns3:hr>
            <ns3:cad>88</ns3:cad>
          </ns3:TrackPointExtension>
        </extensions>
      </trkpt>
      <trkpt lat="31.15968019701540470123291015625" lon="121.19458328001201152801513671875">
        <ele>4.400000095367431640625</ele>
        <time>2026-09-05T12:42:28.000Z</time>
        <extensions>
          <ns3:TrackPointExtension>
            <ns3:hr>145</ns3:hr>
            <ns3:cad>89</ns3:cad>
          </ns3:TrackPointExtension>
        </extensions>
      </trkpt>
      <trkpt lat="31.1596638523042201995849609375" lon="121.194594763219356536865234375">
        <ele>4.400000095367431640625</ele>
        <time>2026-09-05T12:42:29.000Z</time>
        <extensions>
          <ns3:TrackPointExtension>
            <ns3:hr>145</ns3:hr>
            <ns3:cad>89</ns3:cad>
          </ns3:TrackPointExtension>
        </extensions>
      </trkpt>
      <trkpt lat="31.1596397124230861663818359375" lon="121.19460406713187694549560546875">
        <ele>4.400000095367431640625</ele>
        <time>2026-09-05T12:42:30.000Z</time>
        <extensions>
          <ns3:TrackPointExtension>
            <ns3:hr>144</ns3:hr>
            <ns3:cad>88</ns3:cad>
          </ns3:TrackPointExtension>
        </extensions>
      </trkpt>
      <trkpt lat="31.15962286479771137237548828125" lon="121.19461379013955593109130859375">
        <ele>4.400000095367431640625</ele>
        <time>2026-09-05T12:42:31.000Z</time>
        <extensions>
          <ns3:TrackPointExtension>
            <ns3:hr>144</ns3:hr>
            <ns3:cad>87</ns3:cad>
          </ns3:TrackPointExtension>
        </extensions>
      </trkpt>
      <trkpt lat="31.1595978029072284698486328125" lon="121.194625608623027801513671875">
        <ele>4.19999980926513671875</ele>
        <time>2026-09-05T12:42:32.000Z</time>
        <extensions>
          <ns3:TrackPointExtension>
            <ns3:hr>144</ns3:hr>
            <ns3:cad>87</ns3:cad>
          </ns3:TrackPointExtension>
        </extensions>
      </trkpt>
      <trkpt lat="31.159576512873172760009765625" lon="121.1946334876120090484619140625">
        <ele>4.19999980926513671875</ele>
        <time>2026-09-05T12:42:33.000Z</time>
        <extensions>
          <ns3:TrackPointExtension>
            <ns3:hr>145</ns3:hr>
            <ns3:cad>87</ns3:cad>
          </ns3:TrackPointExtension>
        </extensions>
      </trkpt>
      <trkpt lat="31.15955404937267303466796875" lon="121.1946448870003223419189453125">
        <ele>4.19999980926513671875</ele>
        <time>2026-09-05T12:42:34.000Z</time>
        <extensions>
          <ns3:TrackPointExtension>
            <ns3:hr>145</ns3:hr>
            <ns3:cad>88</ns3:cad>
          </ns3:TrackPointExtension>
        </extensions>
      </trkpt>
      <trkpt lat="31.15953284315764904022216796875" lon="121.19465343654155731201171875">
        <ele>4.19999980926513671875</ele>
        <time>2026-09-05T12:42:35.000Z</time>
        <extensions>
          <ns3:TrackPointExtension>
            <ns3:hr>145</ns3:hr>
            <ns3:cad>89</ns3:cad>
          </ns3:TrackPointExtension>
        </extensions>
      </trkpt>
      <trkpt lat="31.15951071493327617645263671875" lon="121.1946643330156803131103515625">
        <ele>4.19999980926513671875</ele>
        <time>2026-09-05T12:42:36.000Z</time>
        <extensions>
          <ns3:TrackPointExtension>
            <ns3:hr>144</ns3:hr>
            <ns3:cad>89</ns3:cad>
          </ns3:TrackPointExtension>
        </extensions>
      </trkpt>
      <trkpt lat="31.1594878323376178741455078125" lon="121.19466894306242465972900390625">
        <ele>4.19999980926513671875</ele>
        <time>2026-09-05T12:42:37.000Z</time>
        <extensions>
          <ns3:TrackPointExtension>
            <ns3:hr>145</ns3:hr>
            <ns3:cad>88</ns3:cad>
          </ns3:TrackPointExtension>
        </extensions>
      </trkpt>
      <trkpt lat="31.15946712903678417205810546875" lon="121.19467933662235736846923828125">
        <ele>4.19999980926513671875</ele>
        <time>2026-09-05T12:42:38.000Z</time>
        <extensions>
          <ns3:TrackPointExtension>
            <ns3:hr>144</ns3:hr>
            <ns3:cad>88</ns3:cad>
          </ns3:TrackPointExtension>
        </extensions>
      </trkpt>
      <trkpt lat="31.15944265387952327728271484375" lon="121.19468805380165576934814453125">
        <ele>4.19999980926513671875</ele>
        <time>2026-09-05T12:42:39.000Z</time>
        <extensions>
          <ns3:TrackPointExtension>
            <ns3:hr>144</ns3:hr>
            <ns3:cad>87</ns3:cad>
          </ns3:TrackPointExtension>
        </extensions>
      </trkpt>
      <trkpt lat="31.1594231240451335906982421875" lon="121.19469844736158847808837890625">
        <ele>4.19999980926513671875</ele>
        <time>2026-09-05T12:42:40.000Z</time>
        <extensions>
          <ns3:TrackPointExtension>
            <ns3:hr>144</ns3:hr>
            <ns3:cad>88</ns3:cad>
          </ns3:TrackPointExtension>
        </extensions>
      </trkpt>
      <trkpt lat="31.1593999899923801422119140625" lon="121.194707415997982025146484375">
        <ele>4.19999980926513671875</ele>
        <time>2026-09-05T12:42:41.000Z</time>
        <extensions>
          <ns3:TrackPointExtension>
            <ns3:hr>144</ns3:hr>
            <ns3:cad>88</ns3:cad>
          </ns3:TrackPointExtension>
        </extensions>
      </trkpt>
      <trkpt lat="31.15938180126249790191650390625" lon="121.19471739046275615692138671875">
        <ele>4.19999980926513671875</ele>
        <time>2026-09-05T12:42:42.000Z</time>
        <extensions>
          <ns3:TrackPointExtension>
            <ns3:hr>144</ns3:hr>
            <ns3:cad>88</ns3:cad>
          </ns3:TrackPointExtension>
        </extensions>
      </trkpt>
      <trkpt lat="31.15935833193361759185791015625" lon="121.19472459889948368072509765625">
        <ele>4.19999980926513671875</ele>
        <time>2026-09-05T12:42:43.000Z</time>
        <extensions>
          <ns3:TrackPointExtension>
            <ns3:hr>144</ns3:hr>
            <ns3:cad>88</ns3:cad>
          </ns3:TrackPointExtension>
        </extensions>
      </trkpt>
      <trkpt lat="31.15934257395565509796142578125" lon="121.1947347410023212432861328125">
        <ele>4.19999980926513671875</ele>
        <time>2026-09-05T12:42:44.000Z</time>
        <extensions>
          <ns3:TrackPointExtension>
            <ns3:hr>144</ns3:hr>
            <ns3:cad>88</ns3:cad>
          </ns3:TrackPointExtension>
        </extensions>
      </trkpt>
      <trkpt lat="31.159316003322601318359375" lon="121.19474119506776332855224609375">
        <ele>4.19999980926513671875</ele>
        <time>2026-09-05T12:42:45.000Z</time>
        <extensions>
          <ns3:TrackPointExtension>
            <ns3:hr>144</ns3:hr>
            <ns3:cad>87</ns3:cad>
          </ns3:TrackPointExtension>
        </extensions>
      </trkpt>
      <trkpt lat="31.1593000777065753936767578125" lon="121.194747649133205413818359375">
        <ele>4.19999980926513671875</ele>
        <time>2026-09-05T12:42:46.000Z</time>
        <extensions>
          <ns3:TrackPointExtension>
            <ns3:hr>144</ns3:hr>
            <ns3:cad>87</ns3:cad>
          </ns3:TrackPointExtension>
        </extensions>
      </trkpt>
      <trkpt lat="31.15927375853061676025390625" lon="121.194756366312503814697265625">
        <ele>4.19999980926513671875</ele>
        <time>2026-09-05T12:42:47.000Z</time>
        <extensions>
          <ns3:TrackPointExtension>
            <ns3:hr>144</ns3:hr>
            <ns3:cad>88</ns3:cad>
          </ns3:TrackPointExtension>
        </extensions>
      </trkpt>
      <trkpt lat="31.15925255231559276580810546875" lon="121.1947622336447238922119140625">
        <ele>4.19999980926513671875</ele>
        <time>2026-09-05T12:42:48.000Z</time>
        <extensions>
          <ns3:TrackPointExtension>
            <ns3:hr>144</ns3:hr>
            <ns3:cad>88</ns3:cad>
          </ns3:TrackPointExtension>
        </extensions>
      </trkpt>
      <trkpt lat="31.15922707132995128631591796875" lon="121.19476818479597568511962890625">
        <ele>4.19999980926513671875</ele>
        <time>2026-09-05T12:42:49.000Z</time>
        <extensions>
          <ns3:TrackPointExtension>
            <ns3:hr>144</ns3:hr>
            <ns3:cad>88</ns3:cad>
          </ns3:TrackPointExtension>
        </extensions>
      </trkpt>
      <trkpt lat="31.15920343436300754547119140625" lon="121.19477271102368831634521484375">
        <ele>4.19999980926513671875</ele>
        <time>2026-09-05T12:42:50.000Z</time>
        <extensions>
          <ns3:TrackPointExtension>
            <ns3:hr>144</ns3:hr>
            <ns3:cad>88</ns3:cad>
          </ns3:TrackPointExtension>
        </extensions>
      </trkpt>
      <trkpt lat="31.1591800488531589508056640625" lon="121.19478025473654270172119140625">
        <ele>4.19999980926513671875</ele>
        <time>2026-09-05T12:42:51.000Z</time>
        <extensions>
          <ns3:TrackPointExtension>
            <ns3:hr>144</ns3:hr>
            <ns3:cad>87</ns3:cad>
          </ns3:TrackPointExtension>
        </extensions>
      </trkpt>
      <trkpt lat="31.159156076610088348388671875" lon="121.1947810091078281402587890625">
        <ele>4.19999980926513671875</ele>
        <time>2026-09-05T12:42:52.000Z</time>
        <extensions>
          <ns3:TrackPointExtension>
            <ns3:hr>144</ns3:hr>
            <ns3:cad>87</ns3:cad>
          </ns3:TrackPointExtension>
        </extensions>
      </trkpt>
      <trkpt lat="31.159136295318603515625" lon="121.19478427805006504058837890625">
        <ele>4.19999980926513671875</ele>
        <time>2026-09-05T12:42:53.000Z</time>
        <extensions>
          <ns3:TrackPointExtension>
            <ns3:hr>144</ns3:hr>
            <ns3:cad>87</ns3:cad>
          </ns3:TrackPointExtension>
        </extensions>
      </trkpt>
      <trkpt lat="31.1591109819710254669189453125" lon="121.1947873793542385101318359375">
        <ele>4.19999980926513671875</ele>
        <time>2026-09-05T12:42:54.000Z</time>
        <extensions>
          <ns3:TrackPointExtension>
            <ns3:hr>144</ns3:hr>
            <ns3:cad>88</ns3:cad>
          </ns3:TrackPointExtension>
        </extensions>
      </trkpt>
      <trkpt lat="31.1590948887169361114501953125" lon="121.19479400105774402618408203125">
        <ele>4.19999980926513671875</ele>
        <time>2026-09-05T12:42:55.000Z</time>
        <extensions>
          <ns3:TrackPointExtension>
            <ns3:hr>144</ns3:hr>
            <ns3:cad>88</ns3:cad>
          </ns3:TrackPointExtension>
        </extensions>
      </trkpt>
      <trkpt lat="31.1590697430074214935302734375" lon="121.19479835964739322662353515625">
        <ele>4.19999980926513671875</ele>
        <time>2026-09-05T12:42:56.000Z</time>
        <extensions>
          <ns3:TrackPointExtension>
            <ns3:hr>144</ns3:hr>
            <ns3:cad>88</ns3:cad>
          </ns3:TrackPointExtension>
        </extensions>
      </trkpt>
      <trkpt lat="31.15905105136334896087646484375" lon="121.19480431079864501953125">
        <ele>4.19999980926513671875</ele>
        <time>2026-09-05T12:42:57.000Z</time>
        <extensions>
          <ns3:TrackPointExtension>
            <ns3:hr>144</ns3:hr>
            <ns3:cad>88</ns3:cad>
          </ns3:TrackPointExtension>
        </extensions>
      </trkpt>
      <trkpt lat="31.15902791731059551239013671875" lon="121.194805316627025604248046875">
        <ele>4.19999980926513671875</ele>
        <time>2026-09-05T12:42:58.000Z</time>
        <extensions>
          <ns3:TrackPointExtension>
            <ns3:hr>144</ns3:hr>
            <ns3:cad>88</ns3:cad>
          </ns3:TrackPointExtension>
        </extensions>
      </trkpt>
      <trkpt lat="31.15900998003780841827392578125" lon="121.194806993007659912109375">
        <ele>4.19999980926513671875</ele>
        <time>2026-09-05T12:42:59.000Z</time>
        <extensions>
          <ns3:TrackPointExtension>
            <ns3:hr>144</ns3:hr>
            <ns3:cad>88</ns3:cad>
          </ns3:TrackPointExtension>
        </extensions>
      </trkpt>
      <trkpt lat="31.15898676216602325439453125" lon="121.1948096752166748046875">
        <ele>4.19999980926513671875</ele>
        <time>2026-09-05T12:43:00.000Z</time>
        <extensions>
          <ns3:TrackPointExtension>
            <ns3:hr>144</ns3:hr>
            <ns3:cad>87</ns3:cad>
          </ns3:TrackPointExtension>
        </extensions>
      </trkpt>
      <trkpt lat="31.158966310322284698486328125" lon="121.194809339940547943115234375">
        <ele>4.19999980926513671875</ele>
        <time>2026-09-05T12:43:01.000Z</time>
        <extensions>
          <ns3:TrackPointExtension>
            <ns3:hr>144</ns3:hr>
            <ns3:cad>87</ns3:cad>
          </ns3:TrackPointExtension>
        </extensions>
      </trkpt>
      <trkpt lat="31.15894460119307041168212890625" lon="121.19481411762535572052001953125">
        <ele>4.19999980926513671875</ele>
        <time>2026-09-05T12:43:02.000Z</time>
        <extensions>
          <ns3:TrackPointExtension>
            <ns3:hr>144</ns3:hr>
            <ns3:cad>88</ns3:cad>
          </ns3:TrackPointExtension>
        </extensions>
      </trkpt>
      <trkpt lat="31.15892113186419010162353515625" lon="121.1948125250637531280517578125">
        <ele>4.19999980926513671875</ele>
        <time>2026-09-05T12:43:03.000Z</time>
        <extensions>
          <ns3:TrackPointExtension>
            <ns3:hr>144</ns3:hr>
            <ns3:cad>88</ns3:cad>
          </ns3:TrackPointExtension>
        </extensions>
      </trkpt>
      <trkpt lat="31.15890034474432468414306640625" lon="121.19481696747243404388427734375">
        <ele>4.19999980926513671875</ele>
        <time>2026-09-05T12:43:04.000Z</time>
        <extensions>
          <ns3:TrackPointExtension>
            <ns3:hr>143</ns3:hr>
            <ns3:cad>87</ns3:cad>
          </ns3:TrackPointExtension>
        </extensions>
      </trkpt>
      <trkpt lat="31.1588752828538417816162109375" lon="121.19481830857694149017333984375">
        <ele>4.19999980926513671875</ele>
        <time>2026-09-05T12:43:05.000Z</time>
        <extensions>
          <ns3:TrackPointExtension>
            <ns3:hr>143</ns3:hr>
            <ns3:cad>86</ns3:cad>
          </ns3:TrackPointExtension>
        </extensions>
      </trkpt>
      <trkpt lat="31.158857010304927825927734375" lon="121.19482317008078098297119140625">
        <ele>4.19999980926513671875</ele>
        <time>2026-09-05T12:43:06.000Z</time>
        <extensions>
          <ns3:TrackPointExtension>
            <ns3:hr>143</ns3:hr>
            <ns3:cad>86</ns3:cad>
          </ns3:TrackPointExtension>
        </extensions>
      </trkpt>
      <trkpt lat="31.158832199871540069580078125" lon="121.19482652284204959869384765625">
        <ele>4.19999980926513671875</ele>
        <time>2026-09-05T12:43:07.000Z</time>
        <extensions>
          <ns3:TrackPointExtension>
            <ns3:hr>143</ns3:hr>
            <ns3:cad>87</ns3:cad>
          </ns3:TrackPointExtension>
        </extensions>
      </trkpt>
      <trkpt lat="31.15880864672362804412841796875" lon="121.19482853449881076812744140625">
        <ele>4.19999980926513671875</ele>
        <time>2026-09-05T12:43:08.000Z</time>
        <extensions>
          <ns3:TrackPointExtension>
            <ns3:hr>143</ns3:hr>
            <ns3:cad>87</ns3:cad>
          </ns3:TrackPointExtension>
        </extensions>
      </trkpt>
      <trkpt lat="31.158785931766033172607421875" lon="121.19482551701366901397705078125">
        <ele>4.19999980926513671875</ele>
        <time>2026-09-05T12:43:09.000Z</time>
        <extensions>
          <ns3:TrackPointExtension>
            <ns3:hr>142</ns3:hr>
            <ns3:cad>87</ns3:cad>
          </ns3:TrackPointExtension>
        </extensions>
      </trkpt>
      <trkpt lat="31.15876271389424800872802734375" lon="121.1948245950043201446533203125">
        <ele>4.19999980926513671875</ele>
        <time>2026-09-05T12:43:10.000Z</time>
        <extensions>
          <ns3:TrackPointExtension>
            <ns3:hr>142</ns3:hr>
            <ns3:cad>87</ns3:cad>
          </ns3:TrackPointExtension>
        </extensions>
      </trkpt>
      <trkpt lat="31.158739663660526275634765625" lon="121.19482568465173244476318359375">
        <ele>4.19999980926513671875</ele>
        <time>2026-09-05T12:43:11.000Z</time>
        <extensions>
          <ns3:TrackPointExtension>
            <ns3:hr>142</ns3:hr>
            <ns3:cad>87</ns3:cad>
          </ns3:TrackPointExtension>
        </extensions>
      </trkpt>
      <trkpt lat="31.1587163619697093963623046875" lon="121.19482350535690784454345703125">
        <ele>4.19999980926513671875</ele>
        <time>2026-09-05T12:43:12.000Z</time>
        <extensions>
          <ns3:TrackPointExtension>
            <ns3:hr>142</ns3:hr>
            <ns3:cad>86</ns3:cad>
          </ns3:TrackPointExtension>
        </extensions>
      </trkpt>
      <trkpt lat="31.158696077764034271240234375" lon="121.19482467882335186004638671875">
        <ele>4.19999980926513671875</ele>
        <time>2026-09-05T12:43:13.000Z</time>
        <extensions>
          <ns3:TrackPointExtension>
            <ns3:hr>143</ns3:hr>
            <ns3:cad>86</ns3:cad>
          </ns3:TrackPointExtension>
        </extensions>
      </trkpt>
      <trkpt lat="31.158670596778392791748046875" lon="121.19482551701366901397705078125">
        <ele>4.19999980926513671875</ele>
        <time>2026-09-05T12:43:14.000Z</time>
        <extensions>
          <ns3:TrackPointExtension>
            <ns3:hr>142</ns3:hr>
            <ns3:cad>87</ns3:cad>
          </ns3:TrackPointExtension>
        </extensions>
      </trkpt>
      <trkpt lat="31.1586494743824005126953125" lon="121.19482643902301788330078125">
        <ele>4.19999980926513671875</ele>
        <time>2026-09-05T12:43:15.000Z</time>
        <extensions>
          <ns3:TrackPointExtension>
            <ns3:hr>142</ns3:hr>
            <ns3:cad>87</ns3:cad>
          </ns3:TrackPointExtension>
        </extensions>
      </trkpt>
      <trkpt lat="31.1586226522922515869140625" lon="121.19482702575623989105224609375">
        <ele>4.19999980926513671875</ele>
        <time>2026-09-05T12:43:16.000Z</time>
        <extensions>
          <ns3:TrackPointExtension>
            <ns3:hr>143</ns3:hr>
            <ns3:cad>87</ns3:cad>
          </ns3:TrackPointExtension>
        </extensions>
      </trkpt>
      <trkpt lat="31.15860194899141788482666015625" lon="121.19482736103236675262451171875">
        <ele>4.19999980926513671875</ele>
        <time>2026-09-05T12:43:17.000Z</time>
        <extensions>
          <ns3:TrackPointExtension>
            <ns3:hr>142</ns3:hr>
            <ns3:cad>87</ns3:cad>
          </ns3:TrackPointExtension>
        </extensions>
      </trkpt>
      <trkpt lat="31.1585765518248081207275390625" lon="121.1948313005268573760986328125">
        <ele>4.19999980926513671875</ele>
        <time>2026-09-05T12:43:18.000Z</time>
        <extensions>
          <ns3:TrackPointExtension>
            <ns3:hr>142</ns3:hr>
            <ns3:cad>87</ns3:cad>
          </ns3:TrackPointExtension>
        </extensions>
      </trkpt>
      <trkpt lat="31.1585530824959278106689453125" lon="121.194830797612667083740234375">
        <ele>4.19999980926513671875</ele>
        <time>2026-09-05T12:43:19.000Z</time>
        <extensions>
          <ns3:TrackPointExtension>
            <ns3:hr>143</ns3:hr>
            <ns3:cad>86</ns3:cad>
          </ns3:TrackPointExtension>
        </extensions>
      </trkpt>
      <trkpt lat="31.1585282720625400543212890625" lon="121.1948329769074916839599609375">
        <ele>4.19999980926513671875</ele>
        <time>2026-09-05T12:43:20.000Z</time>
        <extensions>
          <ns3:TrackPointExtension>
            <ns3:hr>142</ns3:hr>
            <ns3:cad>86</ns3:cad>
          </ns3:TrackPointExtension>
        </extensions>
      </trkpt>
      <trkpt lat="31.15850673057138919830322265625" lon="121.194832138717174530029296875">
        <ele>4.19999980926513671875</ele>
        <time>2026-09-05T12:43:21.000Z</time>
        <extensions>
          <ns3:TrackPointExtension>
            <ns3:hr>142</ns3:hr>
            <ns3:cad>87</ns3:cad>
          </ns3:TrackPointExtension>
        </extensions>
      </trkpt>
      <trkpt lat="31.1584883742034435272216796875" lon="121.1948297917842864990234375">
        <ele>4.19999980926513671875</ele>
        <time>2026-09-05T12:43:22.000Z</time>
        <extensions>
          <ns3:TrackPointExtension>
            <ns3:hr>143</ns3:hr>
            <ns3:cad>87</ns3:cad>
          </ns3:TrackPointExtension>
        </extensions>
      </trkpt>
      <trkpt lat="31.1584685929119586944580078125" lon="121.19482635520398616790771484375">
        <ele>4.19999980926513671875</ele>
        <time>2026-09-05T12:43:23.000Z</time>
        <extensions>
          <ns3:TrackPointExtension>
            <ns3:hr>143</ns3:hr>
            <ns3:cad>88</ns3:cad>
          </ns3:TrackPointExtension>
        </extensions>
      </trkpt>
      <trkpt lat="31.1584501527249813079833984375" lon="121.1948276124894618988037109375">
        <ele>4.19999980926513671875</ele>
        <time>2026-09-05T12:43:24.000Z</time>
        <extensions>
          <ns3:TrackPointExtension>
            <ns3:hr>143</ns3:hr>
            <ns3:cad>88</ns3:cad>
          </ns3:TrackPointExtension>
        </extensions>
      </trkpt>
      <trkpt lat="31.15842324681580066680908203125" lon="121.19482853449881076812744140625">
        <ele>4.19999980926513671875</ele>
        <time>2026-09-05T12:43:25.000Z</time>
        <extensions>
          <ns3:TrackPointExtension>
            <ns3:hr>143</ns3:hr>
            <ns3:cad>87</ns3:cad>
          </ns3:TrackPointExtension>
        </extensions>
      </trkpt>
      <trkpt lat="31.15840413607656955718994140625" lon="121.1948319710791110992431640625">
        <ele>4.400000095367431640625</ele>
        <time>2026-09-05T12:43:26.000Z</time>
        <extensions>
          <ns3:TrackPointExtension>
            <ns3:hr>143</ns3:hr>
            <ns3:cad>86</ns3:cad>
          </ns3:TrackPointExtension>
        </extensions>
      </trkpt>
      <trkpt lat="31.15838351659476757049560546875" lon="121.1948306299746036529541015625">
        <ele>4.19999980926513671875</ele>
        <time>2026-09-05T12:43:27.000Z</time>
        <extensions>
          <ns3:TrackPointExtension>
            <ns3:hr>143</ns3:hr>
            <ns3:cad>86</ns3:cad>
          </ns3:TrackPointExtension>
        </extensions>
      </trkpt>
      <trkpt lat="31.158360131084918975830078125" lon="121.19484043680131435394287109375">
        <ele>4.19999980926513671875</ele>
        <time>2026-09-05T12:43:28.000Z</time>
        <extensions>
          <ns3:TrackPointExtension>
            <ns3:hr>144</ns3:hr>
            <ns3:cad>87</ns3:cad>
          </ns3:TrackPointExtension>
        </extensions>
      </trkpt>
      <trkpt lat="31.1583338119089603424072265625" lon="121.1948467232286930084228515625">
        <ele>4.19999980926513671875</ele>
        <time>2026-09-05T12:43:29.000Z</time>
        <extensions>
          <ns3:TrackPointExtension>
            <ns3:hr>144</ns3:hr>
            <ns3:cad>87</ns3:cad>
          </ns3:TrackPointExtension>
        </extensions>
      </trkpt>
      <trkpt lat="31.15831076167523860931396484375" lon="121.19485569186508655548095703125">
        <ele>4</ele>
        <time>2026-09-05T12:43:30.000Z</time>
        <extensions>
          <ns3:TrackPointExtension>
            <ns3:hr>144</ns3:hr>
            <ns3:cad>87</ns3:cad>
          </ns3:TrackPointExtension>
        </extensions>
      </trkpt>
      <trkpt lat="31.1582875438034534454345703125" lon="121.19486759416759014129638671875">
        <ele>4</ele>
        <time>2026-09-05T12:43:31.000Z</time>
        <extensions>
          <ns3:TrackPointExtension>
            <ns3:hr>144</ns3:hr>
            <ns3:cad>88</ns3:cad>
          </ns3:TrackPointExtension>
        </extensions>
      </trkpt>
      <trkpt lat="31.15826390683650970458984375" lon="121.19488008320331573486328125">
        <ele>4</ele>
        <time>2026-09-05T12:43:32.000Z</time>
        <extensions>
          <ns3:TrackPointExtension>
            <ns3:hr>144</ns3:hr>
            <ns3:cad>88</ns3:cad>
          </ns3:TrackPointExtension>
        </extensions>
      </trkpt>
      <trkpt lat="31.1582417786121368408203125" lon="121.1948809213936328887939453125">
        <ele>4</ele>
        <time>2026-09-05T12:43:33.000Z</time>
        <extensions>
          <ns3:TrackPointExtension>
            <ns3:hr>143</ns3:hr>
            <ns3:cad>88</ns3:cad>
          </ns3:TrackPointExtension>
        </extensions>
      </trkpt>
      <trkpt lat="31.15821554325520992279052734375" lon="121.19488134048879146575927734375">
        <ele>4</ele>
        <time>2026-09-05T12:43:34.000Z</time>
        <extensions>
          <ns3:TrackPointExtension>
            <ns3:hr>144</ns3:hr>
            <ns3:cad>88</ns3:cad>
          </ns3:TrackPointExtension>
        </extensions>
      </trkpt>
      <trkpt lat="31.15819257684051990509033203125" lon="121.19488351978361606597900390625">
        <ele>4</ele>
        <time>2026-09-05T12:43:35.000Z</time>
        <extensions>
          <ns3:TrackPointExtension>
            <ns3:hr>144</ns3:hr>
            <ns3:cad>88</ns3:cad>
          </ns3:TrackPointExtension>
        </extensions>
      </trkpt>
      <trkpt lat="31.15816826932132244110107421875" lon="121.19488838128745555877685546875">
        <ele>4</ele>
        <time>2026-09-05T12:43:36.000Z</time>
        <extensions>
          <ns3:TrackPointExtension>
            <ns3:hr>143</ns3:hr>
            <ns3:cad>88</ns3:cad>
          </ns3:TrackPointExtension>
        </extensions>
      </trkpt>
      <trkpt lat="31.15814764983952045440673828125" lon="121.1948968470096588134765625">
        <ele>4</ele>
        <time>2026-09-05T12:43:37.000Z</time>
        <extensions>
          <ns3:TrackPointExtension>
            <ns3:hr>143</ns3:hr>
            <ns3:cad>89</ns3:cad>
          </ns3:TrackPointExtension>
        </extensions>
      </trkpt>
      <trkpt lat="31.1581249348819255828857421875" lon="121.19490514509379863739013671875">
        <ele>3.7999999523162841796875</ele>
        <time>2026-09-05T12:43:38.000Z</time>
        <extensions>
          <ns3:TrackPointExtension>
            <ns3:hr>143</ns3:hr>
            <ns3:cad>89</ns3:cad>
          </ns3:TrackPointExtension>
        </extensions>
      </trkpt>
      <trkpt lat="31.158104650676250457763671875" lon="121.1949151195585727691650390625">
        <ele>3.7999999523162841796875</ele>
        <time>2026-09-05T12:43:39.000Z</time>
        <extensions>
          <ns3:TrackPointExtension>
            <ns3:hr>143</ns3:hr>
            <ns3:cad>89</ns3:cad>
          </ns3:TrackPointExtension>
        </extensions>
      </trkpt>
      <trkpt lat="31.158079169690608978271484375" lon="121.19491855613887310028076171875">
        <ele>4</ele>
        <time>2026-09-05T12:43:40.000Z</time>
        <extensions>
          <ns3:TrackPointExtension>
            <ns3:hr>143</ns3:hr>
            <ns3:cad>88</ns3:cad>
          </ns3:TrackPointExtension>
        </extensions>
      </trkpt>
      <trkpt lat="31.15805427543818950653076171875" lon="121.1949281953275203704833984375">
        <ele>4</ele>
        <time>2026-09-05T12:43:41.000Z</time>
        <extensions>
          <ns3:TrackPointExtension>
            <ns3:hr>143</ns3:hr>
            <ns3:cad>88</ns3:cad>
          </ns3:TrackPointExtension>
        </extensions>
      </trkpt>
      <trkpt lat="31.1580266989767551422119140625" lon="121.1949345655739307403564453125">
        <ele>4</ele>
        <time>2026-09-05T12:43:42.000Z</time>
        <extensions>
          <ns3:TrackPointExtension>
            <ns3:hr>143</ns3:hr>
            <ns3:cad>88</ns3:cad>
          </ns3:TrackPointExtension>
        </extensions>
      </trkpt>
      <trkpt lat="31.158002056181430816650390625" lon="121.1949422769248485565185546875">
        <ele>4</ele>
        <time>2026-09-05T12:43:43.000Z</time>
        <extensions>
          <ns3:TrackPointExtension>
            <ns3:hr>143</ns3:hr>
            <ns3:cad>89</ns3:cad>
          </ns3:TrackPointExtension>
        </extensions>
      </trkpt>
      <trkpt lat="31.1579743959009647369384765625" lon="121.1949476413428783416748046875">
        <ele>4</ele>
        <time>2026-09-05T12:43:44.000Z</time>
        <extensions>
          <ns3:TrackPointExtension>
            <ns3:hr>143</ns3:hr>
            <ns3:cad>90</ns3:cad>
          </ns3:TrackPointExtension>
        </extensions>
      </trkpt>
      <trkpt lat="31.1579502560198307037353515625" lon="121.19495158083736896514892578125">
        <ele>4</ele>
        <time>2026-09-05T12:43:45.000Z</time>
        <extensions>
          <ns3:TrackPointExtension>
            <ns3:hr>143</ns3:hr>
            <ns3:cad>90</ns3:cad>
          </ns3:TrackPointExtension>
        </extensions>
      </trkpt>
      <trkpt lat="31.157922260463237762451171875" lon="121.194950155913829803466796875">
        <ele>4</ele>
        <time>2026-09-05T12:43:46.000Z</time>
        <extensions>
          <ns3:TrackPointExtension>
            <ns3:hr>144</ns3:hr>
            <ns3:cad>89</ns3:cad>
          </ns3:TrackPointExtension>
        </extensions>
      </trkpt>
      <trkpt lat="31.1579023115336894989013671875" lon="121.19495744816958904266357421875">
        <ele>4</ele>
        <time>2026-09-05T12:43:47.000Z</time>
        <extensions>
          <ns3:TrackPointExtension>
            <ns3:hr>144</ns3:hr>
            <ns3:cad>88</ns3:cad>
          </ns3:TrackPointExtension>
        </extensions>
      </trkpt>
      <trkpt lat="31.15787171758711338043212890625" lon="121.1949633993208408355712890625">
        <ele>4</ele>
        <time>2026-09-05T12:43:48.000Z</time>
        <extensions>
          <ns3:TrackPointExtension>
            <ns3:hr>144</ns3:hr>
            <ns3:cad>88</ns3:cad>
          </ns3:TrackPointExtension>
        </extensions>
      </trkpt>
      <trkpt lat="31.157849840819835662841796875" lon="121.194974966347217559814453125">
        <ele>4</ele>
        <time>2026-09-05T12:43:49.000Z</time>
        <extensions>
          <ns3:TrackPointExtension>
            <ns3:hr>144</ns3:hr>
            <ns3:cad>88</ns3:cad>
          </ns3:TrackPointExtension>
        </extensions>
      </trkpt>
      <trkpt lat="31.1578191630542278289794921875" lon="121.1949818395078182220458984375">
        <ele>4</ele>
        <time>2026-09-05T12:43:50.000Z</time>
        <extensions>
          <ns3:TrackPointExtension>
            <ns3:hr>144</ns3:hr>
            <ns3:cad>89</ns3:cad>
          </ns3:TrackPointExtension>
        </extensions>
      </trkpt>
      <trkpt lat="31.157799549400806427001953125" lon="121.1949922330677509307861328125">
        <ele>4</ele>
        <time>2026-09-05T12:43:51.000Z</time>
        <extensions>
          <ns3:TrackPointExtension>
            <ns3:hr>144</ns3:hr>
            <ns3:cad>89</ns3:cad>
          </ns3:TrackPointExtension>
        </extensions>
      </trkpt>
      <trkpt lat="31.1577712185680866241455078125" lon="121.194996424019336700439453125">
        <ele>4</ele>
        <time>2026-09-05T12:43:52.000Z</time>
        <extensions>
          <ns3:TrackPointExtension>
            <ns3:hr>144</ns3:hr>
            <ns3:cad>89</ns3:cad>
          </ns3:TrackPointExtension>
        </extensions>
      </trkpt>
      <trkpt lat="31.1577544547617435455322265625" lon="121.1950029619038105010986328125">
        <ele>4</ele>
        <time>2026-09-05T12:43:53.000Z</time>
        <extensions>
          <ns3:TrackPointExtension>
            <ns3:hr>144</ns3:hr>
            <ns3:cad>89</ns3:cad>
          </ns3:TrackPointExtension>
        </extensions>
      </trkpt>
      <trkpt lat="31.1577306501567363739013671875" lon="121.19501092471182346343994140625">
        <ele>4</ele>
        <time>2026-09-05T12:43:54.000Z</time>
        <extensions>
          <ns3:TrackPointExtension>
            <ns3:hr>144</ns3:hr>
            <ns3:cad>88</ns3:cad>
          </ns3:TrackPointExtension>
        </extensions>
      </trkpt>
      <trkpt lat="31.15771011449396610260009765625" lon="121.195017211139202117919921875">
        <ele>4</ele>
        <time>2026-09-05T12:43:55.000Z</time>
        <extensions>
          <ns3:TrackPointExtension>
            <ns3:hr>144</ns3:hr>
            <ns3:cad>88</ns3:cad>
          </ns3:TrackPointExtension>
        </extensions>
      </trkpt>
      <trkpt lat="31.1576850526034832000732421875" lon="121.195022575557231903076171875">
        <ele>4</ele>
        <time>2026-09-05T12:43:56.000Z</time>
        <extensions>
          <ns3:TrackPointExtension>
            <ns3:hr>144</ns3:hr>
            <ns3:cad>88</ns3:cad>
          </ns3:TrackPointExtension>
        </extensions>
      </trkpt>
      <trkpt lat="31.15766518749296665191650390625" lon="121.19503037072718143463134765625">
        <ele>4</ele>
        <time>2026-09-05T12:43:57.000Z</time>
        <extensions>
          <ns3:TrackPointExtension>
            <ns3:hr>145</ns3:hr>
            <ns3:cad>89</ns3:cad>
          </ns3:TrackPointExtension>
        </extensions>
      </trkpt>
      <trkpt lat="31.15764163434505462646484375" lon="121.195037327706813812255859375">
        <ele>4</ele>
        <time>2026-09-05T12:43:58.000Z</time>
        <extensions>
          <ns3:TrackPointExtension>
            <ns3:hr>145</ns3:hr>
            <ns3:cad>89</ns3:cad>
          </ns3:TrackPointExtension>
        </extensions>
      </trkpt>
      <trkpt lat="31.15761808119714260101318359375" lon="121.19504596106708049774169921875">
        <ele>4</ele>
        <time>2026-09-05T12:43:59.000Z</time>
        <extensions>
          <ns3:TrackPointExtension>
            <ns3:hr>145</ns3:hr>
            <ns3:cad>89</ns3:cad>
          </ns3:TrackPointExtension>
        </extensions>
      </trkpt>
      <trkpt lat="31.157595701515674591064453125" lon="121.19505601935088634490966796875">
        <ele>4</ele>
        <time>2026-09-05T12:44:00.000Z</time>
        <extensions>
          <ns3:TrackPointExtension>
            <ns3:hr>145</ns3:hr>
            <ns3:cad>88</ns3:cad>
          </ns3:TrackPointExtension>
        </extensions>
      </trkpt>
      <trkpt lat="31.15757131017744541168212890625" lon="121.1950631439685821533203125">
        <ele>4</ele>
        <time>2026-09-05T12:44:01.000Z</time>
        <extensions>
          <ns3:TrackPointExtension>
            <ns3:hr>145</ns3:hr>
            <ns3:cad>87</ns3:cad>
          </ns3:TrackPointExtension>
        </extensions>
      </trkpt>
      <trkpt lat="31.15754884667694568634033203125" lon="121.19507454335689544677734375">
        <ele>4</ele>
        <time>2026-09-05T12:44:02.000Z</time>
        <extensions>
          <ns3:TrackPointExtension>
            <ns3:hr>145</ns3:hr>
            <ns3:cad>87</ns3:cad>
          </ns3:TrackPointExtension>
        </extensions>
      </trkpt>
      <trkpt lat="31.15752487443387508392333984375" lon="121.1950864456593990325927734375">
        <ele>4</ele>
        <time>2026-09-05T12:44:03.000Z</time>
        <extensions>
          <ns3:TrackPointExtension>
            <ns3:hr>146</ns3:hr>
            <ns3:cad>88</ns3:cad>
          </ns3:TrackPointExtension>
        </extensions>
      </trkpt>
      <trkpt lat="31.157503835856914520263671875" lon="121.19509734213352203369140625">
        <ele>4</ele>
        <time>2026-09-05T12:44:04.000Z</time>
        <extensions>
          <ns3:TrackPointExtension>
            <ns3:hr>146</ns3:hr>
            <ns3:cad>88</ns3:cad>
          </ns3:TrackPointExtension>
        </extensions>
      </trkpt>
      <trkpt lat="31.157477684319019317626953125" lon="121.19510815478861331939697265625">
        <ele>4.19999980926513671875</ele>
        <time>2026-09-05T12:44:05.000Z</time>
        <extensions>
          <ns3:TrackPointExtension>
            <ns3:hr>146</ns3:hr>
            <ns3:cad>90</ns3:cad>
          </ns3:TrackPointExtension>
        </extensions>
      </trkpt>
      <trkpt lat="31.15745446644723415374755859375" lon="121.1951209791004657745361328125">
        <ele>4.19999980926513671875</ele>
        <time>2026-09-05T12:44:06.000Z</time>
        <extensions>
          <ns3:TrackPointExtension>
            <ns3:hr>145</ns3:hr>
            <ns3:cad>90</ns3:cad>
          </ns3:TrackPointExtension>
        </extensions>
      </trkpt>
      <trkpt lat="31.15742831490933895111083984375" lon="121.195131875574588775634765625">
        <ele>4.19999980926513671875</ele>
        <time>2026-09-05T12:44:07.000Z</time>
        <extensions>
          <ns3:TrackPointExtension>
            <ns3:hr>146</ns3:hr>
            <ns3:cad>88</ns3:cad>
          </ns3:TrackPointExtension>
        </extensions>
      </trkpt>
      <trkpt lat="31.15740484558045864105224609375" lon="121.19514386169612407684326171875">
        <ele>4.19999980926513671875</ele>
        <time>2026-09-05T12:44:08.000Z</time>
        <extensions>
          <ns3:TrackPointExtension>
            <ns3:hr>146</ns3:hr>
            <ns3:cad>88</ns3:cad>
          </ns3:TrackPointExtension>
        </extensions>
      </trkpt>
      <trkpt lat="31.15738070569932460784912109375" lon="121.19515626691281795501708984375">
        <ele>4.19999980926513671875</ele>
        <time>2026-09-05T12:44:09.000Z</time>
        <extensions>
          <ns3:TrackPointExtension>
            <ns3:hr>145</ns3:hr>
            <ns3:cad>88</ns3:cad>
          </ns3:TrackPointExtension>
        </extensions>
      </trkpt>
      <trkpt lat="31.1573628522455692291259765625" lon="121.19517018087208271026611328125">
        <ele>4.19999980926513671875</ele>
        <time>2026-09-05T12:44:10.000Z</time>
        <extensions>
          <ns3:TrackPointExtension>
            <ns3:hr>146</ns3:hr>
            <ns3:cad>88</ns3:cad>
          </ns3:TrackPointExtension>
        </extensions>
      </trkpt>
      <trkpt lat="31.15733720362186431884765625" lon="121.1951830051839351654052734375">
        <ele>4.19999980926513671875</ele>
        <time>2026-09-05T12:44:11.000Z</time>
        <extensions>
          <ns3:TrackPointExtension>
            <ns3:hr>146</ns3:hr>
            <ns3:cad>89</ns3:cad>
          </ns3:TrackPointExtension>
        </extensions>
      </trkpt>
      <trkpt lat="31.157317422330379486083984375" lon="121.19519390165805816650390625">
        <ele>4.400000095367431640625</ele>
        <time>2026-09-05T12:44:12.000Z</time>
        <extensions>
          <ns3:TrackPointExtension>
            <ns3:hr>146</ns3:hr>
            <ns3:cad>89</ns3:cad>
          </ns3:TrackPointExtension>
        </extensions>
      </trkpt>
      <trkpt lat="31.1572921089828014373779296875" lon="121.19520354084670543670654296875">
        <ele>4.400000095367431640625</ele>
        <time>2026-09-05T12:44:13.000Z</time>
        <extensions>
          <ns3:TrackPointExtension>
            <ns3:hr>146</ns3:hr>
            <ns3:cad>89</ns3:cad>
          </ns3:TrackPointExtension>
        </extensions>
      </trkpt>
      <trkpt lat="31.15727417171001434326171875" lon="121.19521276094019412994384765625">
        <ele>4.400000095367431640625</ele>
        <time>2026-09-05T12:44:14.000Z</time>
        <extensions>
          <ns3:TrackPointExtension>
            <ns3:hr>147</ns3:hr>
            <ns3:cad>89</ns3:cad>
          </ns3:TrackPointExtension>
        </extensions>
      </trkpt>
      <trkpt lat="31.157250702381134033203125" lon="121.19522550143301486968994140625">
        <ele>4.400000095367431640625</ele>
        <time>2026-09-05T12:44:15.000Z</time>
        <extensions>
          <ns3:TrackPointExtension>
            <ns3:hr>147</ns3:hr>
            <ns3:cad>88</ns3:cad>
          </ns3:TrackPointExtension>
        </extensions>
      </trkpt>
      <trkpt lat="31.157231591641902923583984375" lon="121.1952379904687404632568359375">
        <ele>4.400000095367431640625</ele>
        <time>2026-09-05T12:44:16.000Z</time>
        <extensions>
          <ns3:TrackPointExtension>
            <ns3:hr>147</ns3:hr>
            <ns3:cad>88</ns3:cad>
          </ns3:TrackPointExtension>
        </extensions>
      </trkpt>
      <trkpt lat="31.157208122313022613525390625" lon="121.1952535808086395263671875">
        <ele>4.400000095367431640625</ele>
        <time>2026-09-05T12:44:17.000Z</time>
        <extensions>
          <ns3:TrackPointExtension>
            <ns3:hr>147</ns3:hr>
            <ns3:cad>88</ns3:cad>
          </ns3:TrackPointExtension>
        </extensions>
      </trkpt>
      <trkpt lat="31.15718808956444263458251953125" lon="121.1952711828052997589111328125">
        <ele>4.400000095367431640625</ele>
        <time>2026-09-05T12:44:18.000Z</time>
        <extensions>
          <ns3:TrackPointExtension>
            <ns3:hr>147</ns3:hr>
            <ns3:cad>88</ns3:cad>
          </ns3:TrackPointExtension>
        </extensions>
      </trkpt>
      <trkpt lat="31.15716076456010341644287109375" lon="121.195287443697452545166015625">
        <ele>4.400000095367431640625</ele>
        <time>2026-09-05T12:44:19.000Z</time>
        <extensions>
          <ns3:TrackPointExtension>
            <ns3:hr>146</ns3:hr>
            <ns3:cad>89</ns3:cad>
          </ns3:TrackPointExtension>
        </extensions>
      </trkpt>
      <trkpt lat="31.1571415700018405914306640625" lon="121.19530512951314449310302734375">
        <ele>4.599999904632568359375</ele>
        <time>2026-09-05T12:44:20.000Z</time>
        <extensions>
          <ns3:TrackPointExtension>
            <ns3:hr>146</ns3:hr>
            <ns3:cad>89</ns3:cad>
          </ns3:TrackPointExtension>
        </extensions>
      </trkpt>
      <trkpt lat="31.15711533464491367340087890625" lon="121.19532172568142414093017578125">
        <ele>4.599999904632568359375</ele>
        <time>2026-09-05T12:44:21.000Z</time>
        <extensions>
          <ns3:TrackPointExtension>
            <ns3:hr>147</ns3:hr>
            <ns3:cad>89</ns3:cad>
          </ns3:TrackPointExtension>
        </extensions>
      </trkpt>
      <trkpt lat="31.15709312260150909423828125" lon="121.19534200988709926605224609375">
        <ele>4.80000019073486328125</ele>
        <time>2026-09-05T12:44:22.000Z</time>
        <extensions>
          <ns3:TrackPointExtension>
            <ns3:hr>147</ns3:hr>
            <ns3:cad>88</ns3:cad>
          </ns3:TrackPointExtension>
        </extensions>
      </trkpt>
      <trkpt lat="31.1570661328732967376708984375" lon="121.1953596957027912139892578125">
        <ele>4.80000019073486328125</ele>
        <time>2026-09-05T12:44:23.000Z</time>
        <extensions>
          <ns3:TrackPointExtension>
            <ns3:hr>147</ns3:hr>
            <ns3:cad>88</ns3:cad>
          </ns3:TrackPointExtension>
        </extensions>
      </trkpt>
      <trkpt lat="31.15704325027763843536376953125" lon="121.195375286042690277099609375">
        <ele>4.80000019073486328125</ele>
        <time>2026-09-05T12:44:24.000Z</time>
        <extensions>
          <ns3:TrackPointExtension>
            <ns3:hr>147</ns3:hr>
            <ns3:cad>88</ns3:cad>
          </ns3:TrackPointExtension>
        </extensions>
      </trkpt>
      <trkpt lat="31.15702330134809017181396484375" lon="121.19539163075387477874755859375">
        <ele>4.80000019073486328125</ele>
        <time>2026-09-05T12:44:25.000Z</time>
        <extensions>
          <ns3:TrackPointExtension>
            <ns3:hr>147</ns3:hr>
            <ns3:cad>89</ns3:cad>
          </ns3:TrackPointExtension>
        </extensions>
      </trkpt>
      <trkpt lat="31.15700167603790760040283203125" lon="121.1954064667224884033203125">
        <ele>4.80000019073486328125</ele>
        <time>2026-09-05T12:44:26.000Z</time>
        <extensions>
          <ns3:TrackPointExtension>
            <ns3:hr>147</ns3:hr>
            <ns3:cad>89</ns3:cad>
          </ns3:TrackPointExtension>
        </extensions>
      </trkpt>
      <trkpt lat="31.15698340348899364471435546875" lon="121.1954223923385143280029296875">
        <ele>4.80000019073486328125</ele>
        <time>2026-09-05T12:44:27.000Z</time>
        <extensions>
          <ns3:TrackPointExtension>
            <ns3:hr>147</ns3:hr>
            <ns3:cad>88</ns3:cad>
          </ns3:TrackPointExtension>
        </extensions>
      </trkpt>
      <trkpt lat="31.1569598503410816192626953125" lon="121.19543722830712795257568359375">
        <ele>4.80000019073486328125</ele>
        <time>2026-09-05T12:44:28.000Z</time>
        <extensions>
          <ns3:TrackPointExtension>
            <ns3:hr>148</ns3:hr>
            <ns3:cad>87</ns3:cad>
          </ns3:TrackPointExtension>
        </extensions>
      </trkpt>
      <trkpt lat="31.1569404043257236480712890625" lon="121.19545181281864643096923828125">
        <ele>4.80000019073486328125</ele>
        <time>2026-09-05T12:44:29.000Z</time>
        <extensions>
          <ns3:TrackPointExtension>
            <ns3:hr>147</ns3:hr>
            <ns3:cad>87</ns3:cad>
          </ns3:TrackPointExtension>
        </extensions>
      </trkpt>
      <trkpt lat="31.15691668353974819183349609375" lon="121.1954666487872600555419921875">
        <ele>4.80000019073486328125</ele>
        <time>2026-09-05T12:44:30.000Z</time>
        <extensions>
          <ns3:TrackPointExtension>
            <ns3:hr>147</ns3:hr>
            <ns3:cad>87</ns3:cad>
          </ns3:TrackPointExtension>
        </extensions>
      </trkpt>
      <trkpt lat="31.15689891390502452850341796875" lon="121.19548098184168338775634765625">
        <ele>4.80000019073486328125</ele>
        <time>2026-09-05T12:44:31.000Z</time>
        <extensions>
          <ns3:TrackPointExtension>
            <ns3:hr>147</ns3:hr>
            <ns3:cad>88</ns3:cad>
          </ns3:TrackPointExtension>
        </extensions>
      </trkpt>
      <trkpt lat="31.15687611512839794158935546875" lon="121.19549036957323551177978515625">
        <ele>4.80000019073486328125</ele>
        <time>2026-09-05T12:44:32.000Z</time>
        <extensions>
          <ns3:TrackPointExtension>
            <ns3:hr>148</ns3:hr>
            <ns3:cad>89</ns3:cad>
          </ns3:TrackPointExtension>
        </extensions>
      </trkpt>
      <trkpt lat="31.156858764588832855224609375" lon="121.19550277478992938995361328125">
        <ele>4.599999904632568359375</ele>
        <time>2026-09-05T12:44:33.000Z</time>
        <extensions>
          <ns3:TrackPointExtension>
            <ns3:hr>147</ns3:hr>
            <ns3:cad>90</ns3:cad>
          </ns3:TrackPointExtension>
        </extensions>
      </trkpt>
      <trkpt lat="31.15683118812739849090576171875" lon="121.195516772568225860595703125">
        <ele>4.599999904632568359375</ele>
        <time>2026-09-05T12:44:34.000Z</time>
        <extensions>
          <ns3:TrackPointExtension>
            <ns3:hr>147</ns3:hr>
            <ns3:cad>90</ns3:cad>
          </ns3:TrackPointExtension>
        </extensions>
      </trkpt>
      <trkpt lat="31.15681350231170654296875" lon="121.19553261436522006988525390625">
        <ele>4.599999904632568359375</ele>
        <time>2026-09-05T12:44:35.000Z</time>
        <extensions>
          <ns3:TrackPointExtension>
            <ns3:hr>147</ns3:hr>
            <ns3:cad>89</ns3:cad>
          </ns3:TrackPointExtension>
        </extensions>
      </trkpt>
      <trkpt lat="31.1567908711731433868408203125" lon="121.19554795324802398681640625">
        <ele>4.400000095367431640625</ele>
        <time>2026-09-05T12:44:36.000Z</time>
        <extensions>
          <ns3:TrackPointExtension>
            <ns3:hr>147</ns3:hr>
            <ns3:cad>88</ns3:cad>
          </ns3:TrackPointExtension>
        </extensions>
      </trkpt>
      <trkpt lat="31.15677150897681713104248046875" lon="121.1955606937408447265625">
        <ele>4.19999980926513671875</ele>
        <time>2026-09-05T12:44:37.000Z</time>
        <extensions>
          <ns3:TrackPointExtension>
            <ns3:hr>147</ns3:hr>
            <ns3:cad>88</ns3:cad>
          </ns3:TrackPointExtension>
        </extensions>
      </trkpt>
      <trkpt lat="31.15674820728600025177001953125" lon="121.19557435624301433563232421875">
        <ele>4.19999980926513671875</ele>
        <time>2026-09-05T12:44:38.000Z</time>
        <extensions>
          <ns3:TrackPointExtension>
            <ns3:hr>147</ns3:hr>
            <ns3:cad>88</ns3:cad>
          </ns3:TrackPointExtension>
        </extensions>
      </trkpt>
      <trkpt lat="31.15673261694610118865966796875" lon="121.195589192211627960205078125">
        <ele>4.19999980926513671875</ele>
        <time>2026-09-05T12:44:39.000Z</time>
        <extensions>
          <ns3:TrackPointExtension>
            <ns3:hr>147</ns3:hr>
            <ns3:cad>89</ns3:cad>
          </ns3:TrackPointExtension>
        </extensions>
      </trkpt>
      <trkpt lat="31.1567048728466033935546875" lon="121.1956000886857509613037109375">
        <ele>4.19999980926513671875</ele>
        <time>2026-09-05T12:44:40.000Z</time>
        <extensions>
          <ns3:TrackPointExtension>
            <ns3:hr>147</ns3:hr>
            <ns3:cad>89</ns3:cad>
          </ns3:TrackPointExtension>
        </extensions>
      </trkpt>
      <trkpt lat="31.15668718703091144561767578125" lon="121.19561626575887203216552734375">
        <ele>4</ele>
        <time>2026-09-05T12:44:41.000Z</time>
        <extensions>
          <ns3:TrackPointExtension>
            <ns3:hr>148</ns3:hr>
            <ns3:cad>89</ns3:cad>
          </ns3:TrackPointExtension>
        </extensions>
      </trkpt>
      <trkpt lat="31.15665617398917675018310546875" lon="121.1956316046416759490966796875">
        <ele>4</ele>
        <time>2026-09-05T12:44:42.000Z</time>
        <extensions>
          <ns3:TrackPointExtension>
            <ns3:hr>147</ns3:hr>
            <ns3:cad>89</ns3:cad>
          </ns3:TrackPointExtension>
        </extensions>
      </trkpt>
      <trkpt lat="31.156640835106372833251953125" lon="121.19564895518124103546142578125">
        <ele>4</ele>
        <time>2026-09-05T12:44:43.000Z</time>
        <extensions>
          <ns3:TrackPointExtension>
            <ns3:hr>147</ns3:hr>
            <ns3:cad>88</ns3:cad>
          </ns3:TrackPointExtension>
        </extensions>
      </trkpt>
      <trkpt lat="31.156612336635589599609375" lon="121.1956668086349964141845703125">
        <ele>4</ele>
        <time>2026-09-05T12:44:44.000Z</time>
        <extensions>
          <ns3:TrackPointExtension>
            <ns3:hr>147</ns3:hr>
            <ns3:cad>88</ns3:cad>
          </ns3:TrackPointExtension>
        </extensions>
      </trkpt>
      <trkpt lat="31.15659129805862903594970703125" lon="121.1956808902323246002197265625">
        <ele>4</ele>
        <time>2026-09-05T12:44:45.000Z</time>
        <extensions>
          <ns3:TrackPointExtension>
            <ns3:hr>147</ns3:hr>
            <ns3:cad>89</ns3:cad>
          </ns3:TrackPointExtension>
        </extensions>
      </trkpt>
      <trkpt lat="31.15657034330070018768310546875" lon="121.19569555856287479400634765625">
        <ele>4</ele>
        <time>2026-09-05T12:44:46.000Z</time>
        <extensions>
          <ns3:TrackPointExtension>
            <ns3:hr>147</ns3:hr>
            <ns3:cad>89</ns3:cad>
          </ns3:TrackPointExtension>
        </extensions>
      </trkpt>
      <trkpt lat="31.15655106492340564727783203125" lon="121.195710562169551849365234375">
        <ele>4</ele>
        <time>2026-09-05T12:44:47.000Z</time>
        <extensions>
          <ns3:TrackPointExtension>
            <ns3:hr>147</ns3:hr>
            <ns3:cad>89</ns3:cad>
          </ns3:TrackPointExtension>
        </extensions>
      </trkpt>
      <trkpt lat="31.1565333791077136993408203125" lon="121.19572020135819911956787109375">
        <ele>4</ele>
        <time>2026-09-05T12:44:48.000Z</time>
        <extensions>
          <ns3:TrackPointExtension>
            <ns3:hr>147</ns3:hr>
            <ns3:cad>89</ns3:cad>
          </ns3:TrackPointExtension>
        </extensions>
      </trkpt>
      <trkpt lat="31.156515441834926605224609375" lon="121.19572900235652923583984375">
        <ele>4</ele>
        <time>2026-09-05T12:44:49.000Z</time>
        <extensions>
          <ns3:TrackPointExtension>
            <ns3:hr>147</ns3:hr>
            <ns3:cad>88</ns3:cad>
          </ns3:TrackPointExtension>
        </extensions>
      </trkpt>
      <trkpt lat="31.156492643058300018310546875" lon="121.19574199430644512176513671875">
        <ele>3.7999999523162841796875</ele>
        <time>2026-09-05T12:44:50.000Z</time>
        <extensions>
          <ns3:TrackPointExtension>
            <ns3:hr>147</ns3:hr>
            <ns3:cad>88</ns3:cad>
          </ns3:TrackPointExtension>
        </extensions>
      </trkpt>
      <trkpt lat="31.156473197042942047119140625" lon="121.195752806961536407470703125">
        <ele>3.7999999523162841796875</ele>
        <time>2026-09-05T12:44:51.000Z</time>
        <extensions>
          <ns3:TrackPointExtension>
            <ns3:hr>147</ns3:hr>
            <ns3:cad>87</ns3:cad>
          </ns3:TrackPointExtension>
        </extensions>
      </trkpt>
      <trkpt lat="31.15644863806664943695068359375" lon="121.19576663710176944732666015625">
        <ele>3.599999904632568359375</ele>
        <time>2026-09-05T12:44:52.000Z</time>
        <extensions>
          <ns3:TrackPointExtension>
            <ns3:hr>147</ns3:hr>
            <ns3:cad>87</ns3:cad>
          </ns3:TrackPointExtension>
        </extensions>
      </trkpt>
      <trkpt lat="31.15642525255680084228515625" lon="121.19577820412814617156982421875">
        <ele>3.599999904632568359375</ele>
        <time>2026-09-05T12:44:53.000Z</time>
        <extensions>
          <ns3:TrackPointExtension>
            <ns3:hr>147</ns3:hr>
            <ns3:cad>87</ns3:cad>
          </ns3:TrackPointExtension>
        </extensions>
      </trkpt>
      <trkpt lat="31.156407482922077178955078125" lon="121.19579697959125041961669921875">
        <ele>3.7999999523162841796875</ele>
        <time>2026-09-05T12:44:54.000Z</time>
        <extensions>
          <ns3:TrackPointExtension>
            <ns3:hr>147</ns3:hr>
            <ns3:cad>87</ns3:cad>
          </ns3:TrackPointExtension>
        </extensions>
      </trkpt>
      <trkpt lat="31.15638476796448230743408203125" lon="121.195814497768878936767578125">
        <ele>3.599999904632568359375</ele>
        <time>2026-09-05T12:44:55.000Z</time>
        <extensions>
          <ns3:TrackPointExtension>
            <ns3:hr>147</ns3:hr>
            <ns3:cad>88</ns3:cad>
          </ns3:TrackPointExtension>
        </extensions>
      </trkpt>
      <trkpt lat="31.156365573406219482421875" lon="121.195830591022968292236328125">
        <ele>3.599999904632568359375</ele>
        <time>2026-09-05T12:44:56.000Z</time>
        <extensions>
          <ns3:TrackPointExtension>
            <ns3:hr>147</ns3:hr>
            <ns3:cad>88</ns3:cad>
          </ns3:TrackPointExtension>
        </extensions>
      </trkpt>
      <trkpt lat="31.15634168498218059539794921875" lon="121.1958475224673748016357421875">
        <ele>3.599999904632568359375</ele>
        <time>2026-09-05T12:44:57.000Z</time>
        <extensions>
          <ns3:TrackPointExtension>
            <ns3:hr>147</ns3:hr>
            <ns3:cad>88</ns3:cad>
          </ns3:TrackPointExtension>
        </extensions>
      </trkpt>
      <trkpt lat="31.15631788037717342376708984375" lon="121.1958589218556880950927734375">
        <ele>3.599999904632568359375</ele>
        <time>2026-09-05T12:44:58.000Z</time>
        <extensions>
          <ns3:TrackPointExtension>
            <ns3:hr>147</ns3:hr>
            <ns3:cad>88</ns3:cad>
          </ns3:TrackPointExtension>
        </extensions>
      </trkpt>
      <trkpt lat="31.15628686733543872833251953125" lon="121.19586135260760784149169921875">
        <ele>3.599999904632568359375</ele>
        <time>2026-09-05T12:44:59.000Z</time>
        <extensions>
          <ns3:TrackPointExtension>
            <ns3:hr>147</ns3:hr>
            <ns3:cad>88</ns3:cad>
          </ns3:TrackPointExtension>
        </extensions>
      </trkpt>
      <trkpt lat="31.15626742132008075714111328125" lon="121.19586621411144733428955078125">
        <ele>3.400000095367431640625</ele>
        <time>2026-09-05T12:45:00.000Z</time>
        <extensions>
          <ns3:TrackPointExtension>
            <ns3:hr>147</ns3:hr>
            <ns3:cad>89</ns3:cad>
          </ns3:TrackPointExtension>
        </extensions>
      </trkpt>
      <trkpt lat="31.15624277852475643157958984375" lon="121.1958498694002628326416015625">
        <ele>3.400000095367431640625</ele>
        <time>2026-09-05T12:45:01.000Z</time>
        <extensions>
          <ns3:TrackPointExtension>
            <ns3:hr>147</ns3:hr>
            <ns3:cad>89</ns3:cad>
          </ns3:TrackPointExtension>
        </extensions>
      </trkpt>
      <trkpt lat="31.1562272720038890838623046875" lon="121.1958367936313152313232421875">
        <ele>3.400000095367431640625</ele>
        <time>2026-09-05T12:45:02.000Z</time>
        <extensions>
          <ns3:TrackPointExtension>
            <ns3:hr>147</ns3:hr>
            <ns3:cad>89</ns3:cad>
          </ns3:TrackPointExtension>
        </extensions>
      </trkpt>
      <trkpt lat="31.15621428005397319793701171875" lon="121.19580988772213459014892578125">
        <ele>3.400000095367431640625</ele>
        <time>2026-09-05T12:45:03.000Z</time>
        <extensions>
          <ns3:TrackPointExtension>
            <ns3:hr>147</ns3:hr>
            <ns3:cad>87</ns3:cad>
          </ns3:TrackPointExtension>
        </extensions>
      </trkpt>
      <trkpt lat="31.15620397031307220458984375" lon="121.1957873404026031494140625">
        <ele>3.400000095367431640625</ele>
        <time>2026-09-05T12:45:04.000Z</time>
        <extensions>
          <ns3:TrackPointExtension>
            <ns3:hr>147</ns3:hr>
            <ns3:cad>87</ns3:cad>
          </ns3:TrackPointExtension>
        </extensions>
      </trkpt>
      <trkpt lat="31.1561991088092327117919921875" lon="121.19576118886470794677734375">
        <ele>3.400000095367431640625</ele>
        <time>2026-09-05T12:45:05.000Z</time>
        <extensions>
          <ns3:TrackPointExtension>
            <ns3:hr>147</ns3:hr>
            <ns3:cad>87</ns3:cad>
          </ns3:TrackPointExtension>
        </extensions>
      </trkpt>
      <trkpt lat="31.15619399584829807281494140625" lon="121.1957390606403350830078125">
        <ele>3.400000095367431640625</ele>
        <time>2026-09-05T12:45:06.000Z</time>
        <extensions>
          <ns3:TrackPointExtension>
            <ns3:hr>147</ns3:hr>
            <ns3:cad>88</ns3:cad>
          </ns3:TrackPointExtension>
        </extensions>
      </trkpt>
      <trkpt lat="31.15619030781090259552001953125" lon="121.195714585483074188232421875">
        <ele>3.400000095367431640625</ele>
        <time>2026-09-05T12:45:07.000Z</time>
        <extensions>
          <ns3:TrackPointExtension>
            <ns3:hr>147</ns3:hr>
            <ns3:cad>88</ns3:cad>
          </ns3:TrackPointExtension>
        </extensions>
      </trkpt>
      <trkpt lat="31.15618695504963397979736328125" lon="121.19568801485002040863037109375">
        <ele>3.400000095367431640625</ele>
        <time>2026-09-05T12:45:08.000Z</time>
        <extensions>
          <ns3:TrackPointExtension>
            <ns3:hr>147</ns3:hr>
            <ns3:cad>88</ns3:cad>
          </ns3:TrackPointExtension>
        </extensions>
      </trkpt>
      <trkpt lat="31.15617907606065273284912109375" lon="121.19566370733082294464111328125">
        <ele>3.400000095367431640625</ele>
        <time>2026-09-05T12:45:09.000Z</time>
        <extensions>
          <ns3:TrackPointExtension>
            <ns3:hr>147</ns3:hr>
            <ns3:cad>87</ns3:cad>
          </ns3:TrackPointExtension>
        </extensions>
      </trkpt>
      <trkpt lat="31.15617538802325725555419921875" lon="121.19563453830778598785400390625">
        <ele>3.400000095367431640625</ele>
        <time>2026-09-05T12:45:10.000Z</time>
        <extensions>
          <ns3:TrackPointExtension>
            <ns3:hr>147</ns3:hr>
            <ns3:cad>87</ns3:cad>
          </ns3:TrackPointExtension>
        </extensions>
      </trkpt>
      <trkpt lat="31.15616868250072002410888671875" lon="121.195605956017971038818359375">
        <ele>3.400000095367431640625</ele>
        <time>2026-09-05T12:45:11.000Z</time>
        <extensions>
          <ns3:TrackPointExtension>
            <ns3:hr>147</ns3:hr>
            <ns3:cad>87</ns3:cad>
          </ns3:TrackPointExtension>
        </extensions>
      </trkpt>
      <trkpt lat="31.15616600029170513153076171875" lon="121.195578463375568389892578125">
        <ele>3.400000095367431640625</ele>
        <time>2026-09-05T12:45:12.000Z</time>
        <extensions>
          <ns3:TrackPointExtension>
            <ns3:hr>147</ns3:hr>
            <ns3:cad>87</ns3:cad>
          </ns3:TrackPointExtension>
        </extensions>
      </trkpt>
      <trkpt lat="31.1561577022075653076171875" lon="121.19555599987506866455078125">
        <ele>3.400000095367431640625</ele>
        <time>2026-09-05T12:45:13.000Z</time>
        <extensions>
          <ns3:TrackPointExtension>
            <ns3:hr>147</ns3:hr>
            <ns3:cad>88</ns3:cad>
          </ns3:TrackPointExtension>
        </extensions>
      </trkpt>
      <trkpt lat="31.15615191869437694549560546875" lon="121.19553051888942718505859375">
        <ele>3.400000095367431640625</ele>
        <time>2026-09-05T12:45:14.000Z</time>
        <extensions>
          <ns3:TrackPointExtension>
            <ns3:hr>147</ns3:hr>
            <ns3:cad>88</ns3:cad>
          </ns3:TrackPointExtension>
        </extensions>
      </trkpt>
      <trkpt lat="31.15614605136215686798095703125" lon="121.195508055388927459716796875">
        <ele>3.400000095367431640625</ele>
        <time>2026-09-05T12:45:15.000Z</time>
        <extensions>
          <ns3:TrackPointExtension>
            <ns3:hr>147</ns3:hr>
            <ns3:cad>89</ns3:cad>
          </ns3:TrackPointExtension>
        </extensions>
      </trkpt>
      <trkpt lat="31.156143285334110260009765625" lon="121.19547930546104907989501953125">
        <ele>3.400000095367431640625</ele>
        <time>2026-09-05T12:45:16.000Z</time>
        <extensions>
          <ns3:TrackPointExtension>
            <ns3:hr>147</ns3:hr>
            <ns3:cad>89</ns3:cad>
          </ns3:TrackPointExtension>
        </extensions>
      </trkpt>
      <trkpt lat="31.15614051930606365203857421875" lon="121.1954552493989467620849609375">
        <ele>3.400000095367431640625</ele>
        <time>2026-09-05T12:45:17.000Z</time>
        <extensions>
          <ns3:TrackPointExtension>
            <ns3:hr>147</ns3:hr>
            <ns3:cad>88</ns3:cad>
          </ns3:TrackPointExtension>
        </extensions>
      </trkpt>
      <trkpt lat="31.1561310477554798126220703125" lon="121.1954274214804172515869140625">
        <ele>3.400000095367431640625</ele>
        <time>2026-09-05T12:45:18.000Z</time>
        <extensions>
          <ns3:TrackPointExtension>
            <ns3:hr>146</ns3:hr>
            <ns3:cad>88</ns3:cad>
          </ns3:TrackPointExtension>
        </extensions>
      </trkpt>
      <trkpt lat="31.15612476132810115814208984375" lon="121.19540269486606121063232421875">
        <ele>3.400000095367431640625</ele>
        <time>2026-09-05T12:45:19.000Z</time>
        <extensions>
          <ns3:TrackPointExtension>
            <ns3:hr>147</ns3:hr>
            <ns3:cad>88</ns3:cad>
          </ns3:TrackPointExtension>
        </extensions>
      </trkpt>
      <trkpt lat="31.15611956454813480377197265625" lon="121.19537360966205596923828125">
        <ele>3.400000095367431640625</ele>
        <time>2026-09-05T12:45:20.000Z</time>
        <extensions>
          <ns3:TrackPointExtension>
            <ns3:hr>147</ns3:hr>
            <ns3:cad>88</ns3:cad>
          </ns3:TrackPointExtension>
        </extensions>
      </trkpt>
      <trkpt lat="31.156114451587200164794921875" lon="121.19535290636122226715087890625">
        <ele>3.400000095367431640625</ele>
        <time>2026-09-05T12:45:21.000Z</time>
        <extensions>
          <ns3:TrackPointExtension>
            <ns3:hr>147</ns3:hr>
            <ns3:cad>88</ns3:cad>
          </ns3:TrackPointExtension>
        </extensions>
      </trkpt>
      <trkpt lat="31.15611285902559757232666015625" lon="121.1953278444707393646240234375">
        <ele>3.400000095367431640625</ele>
        <time>2026-09-05T12:45:22.000Z</time>
        <extensions>
          <ns3:TrackPointExtension>
            <ns3:hr>146</ns3:hr>
            <ns3:cad>89</ns3:cad>
          </ns3:TrackPointExtension>
        </extensions>
      </trkpt>
      <trkpt lat="31.1561109311878681182861328125" lon="121.19530328549444675445556640625">
        <ele>3.599999904632568359375</ele>
        <time>2026-09-05T12:45:23.000Z</time>
        <extensions>
          <ns3:TrackPointExtension>
            <ns3:hr>146</ns3:hr>
            <ns3:cad>89</ns3:cad>
          </ns3:TrackPointExtension>
        </extensions>
      </trkpt>
      <trkpt lat="31.1561121046543121337890625" lon="121.19527948088943958282470703125">
        <ele>3.599999904632568359375</ele>
        <time>2026-09-05T12:45:24.000Z</time>
        <extensions>
          <ns3:TrackPointExtension>
            <ns3:hr>146</ns3:hr>
            <ns3:cad>88</ns3:cad>
          </ns3:TrackPointExtension>
        </extensions>
      </trkpt>
      <trkpt lat="31.156110428273677825927734375" lon="121.195251904428005218505859375">
        <ele>3.7999999523162841796875</ele>
        <time>2026-09-05T12:45:25.000Z</time>
        <extensions>
          <ns3:TrackPointExtension>
            <ns3:hr>146</ns3:hr>
            <ns3:cad>88</ns3:cad>
          </ns3:TrackPointExtension>
        </extensions>
      </trkpt>
      <trkpt lat="31.15610749460756778717041015625" lon="121.1952252499759197235107421875">
        <ele>3.7999999523162841796875</ele>
        <time>2026-09-05T12:45:26.000Z</time>
        <extensions>
          <ns3:TrackPointExtension>
            <ns3:hr>146</ns3:hr>
            <ns3:cad>88</ns3:cad>
          </ns3:TrackPointExtension>
        </extensions>
      </trkpt>
      <trkpt lat="31.15610430948436260223388671875" lon="121.1951964162290096282958984375">
        <ele>3.7999999523162841796875</ele>
        <time>2026-09-05T12:45:27.000Z</time>
        <extensions>
          <ns3:TrackPointExtension>
            <ns3:hr>146</ns3:hr>
            <ns3:cad>88</ns3:cad>
          </ns3:TrackPointExtension>
        </extensions>
      </trkpt>
      <trkpt lat="31.1560971848666667938232421875" lon="121.1951702646911144256591796875">
        <ele>3.7999999523162841796875</ele>
        <time>2026-09-05T12:45:28.000Z</time>
        <extensions>
          <ns3:TrackPointExtension>
            <ns3:hr>146</ns3:hr>
            <ns3:cad>89</ns3:cad>
          </ns3:TrackPointExtension>
        </extensions>
      </trkpt>
      <trkpt lat="31.1560928262770175933837890625" lon="121.1951421014964580535888671875">
        <ele>3.7999999523162841796875</ele>
        <time>2026-09-05T12:45:29.000Z</time>
        <extensions>
          <ns3:TrackPointExtension>
            <ns3:hr>146</ns3:hr>
            <ns3:cad>89</ns3:cad>
          </ns3:TrackPointExtension>
        </extensions>
      </trkpt>
      <trkpt lat="31.1560854502022266387939453125" lon="121.19511737488210201263427734375">
        <ele>3.7999999523162841796875</ele>
        <time>2026-09-05T12:45:30.000Z</time>
        <extensions>
          <ns3:TrackPointExtension>
            <ns3:hr>145</ns3:hr>
            <ns3:cad>88</ns3:cad>
          </ns3:TrackPointExtension>
        </extensions>
      </trkpt>
      <trkpt lat="31.15608234889805316925048828125" lon="121.19508569128811359405517578125">
        <ele>3.7999999523162841796875</ele>
        <time>2026-09-05T12:45:31.000Z</time>
        <extensions>
          <ns3:TrackPointExtension>
            <ns3:hr>145</ns3:hr>
            <ns3:cad>88</ns3:cad>
          </ns3:TrackPointExtension>
        </extensions>
      </trkpt>
      <trkpt lat="31.15607815794646739959716796875" lon="121.1950616352260112762451171875">
        <ele>3.7999999523162841796875</ele>
        <time>2026-09-05T12:45:32.000Z</time>
        <extensions>
          <ns3:TrackPointExtension>
            <ns3:hr>145</ns3:hr>
            <ns3:cad>86</ns3:cad>
          </ns3:TrackPointExtension>
        </extensions>
      </trkpt>
      <trkpt lat="31.15607497282326221466064453125" lon="121.19503003545105457305908203125">
        <ele>3.599999904632568359375</ele>
        <time>2026-09-05T12:45:33.000Z</time>
        <extensions>
          <ns3:TrackPointExtension>
            <ns3:hr>145</ns3:hr>
            <ns3:cad>86</ns3:cad>
          </ns3:TrackPointExtension>
        </extensions>
      </trkpt>
      <trkpt lat="31.15607413463294506072998046875" lon="121.1949992738664150238037109375">
        <ele>3.599999904632568359375</ele>
        <time>2026-09-05T12:45:34.000Z</time>
        <extensions>
          <ns3:TrackPointExtension>
            <ns3:hr>146</ns3:hr>
            <ns3:cad>87</ns3:cad>
          </ns3:TrackPointExtension>
        </extensions>
      </trkpt>
      <trkpt lat="31.15607832558453083038330078125" lon="121.19496817700564861297607421875">
        <ele>3.599999904632568359375</ele>
        <time>2026-09-05T12:45:35.000Z</time>
        <extensions>
          <ns3:TrackPointExtension>
            <ns3:hr>145</ns3:hr>
            <ns3:cad>88</ns3:cad>
          </ns3:TrackPointExtension>
        </extensions>
      </trkpt>
      <trkpt lat="31.15607430227100849151611328125" lon="121.1949466355144977569580078125">
        <ele>3.599999904632568359375</ele>
        <time>2026-09-05T12:45:36.000Z</time>
        <extensions>
          <ns3:TrackPointExtension>
            <ns3:hr>145</ns3:hr>
            <ns3:cad>88</ns3:cad>
          </ns3:TrackPointExtension>
        </extensions>
      </trkpt>
      <trkpt lat="31.15606994368135929107666015625" lon="121.1949204839766025543212890625">
        <ele>3.599999904632568359375</ele>
        <time>2026-09-05T12:45:37.000Z</time>
        <extensions>
          <ns3:TrackPointExtension>
            <ns3:hr>146</ns3:hr>
            <ns3:cad>88</ns3:cad>
          </ns3:TrackPointExtension>
        </extensions>
      </trkpt>
      <trkpt lat="31.156066171824932098388671875" lon="121.194897182285785675048828125">
        <ele>3.599999904632568359375</ele>
        <time>2026-09-05T12:45:38.000Z</time>
        <extensions>
          <ns3:TrackPointExtension>
            <ns3:hr>145</ns3:hr>
            <ns3:cad>88</ns3:cad>
          </ns3:TrackPointExtension>
        </extensions>
      </trkpt>
      <trkpt lat="31.15606005303561687469482421875" lon="121.19487203657627105712890625">
        <ele>3.599999904632568359375</ele>
        <time>2026-09-05T12:45:39.000Z</time>
        <extensions>
          <ns3:TrackPointExtension>
            <ns3:hr>145</ns3:hr>
            <ns3:cad>87</ns3:cad>
          </ns3:TrackPointExtension>
        </extensions>
      </trkpt>
      <trkpt lat="31.15605452097952365875244140625" lon="121.1948458850383758544921875">
        <ele>3.7999999523162841796875</ele>
        <time>2026-09-05T12:45:40.000Z</time>
        <extensions>
          <ns3:TrackPointExtension>
            <ns3:hr>146</ns3:hr>
            <ns3:cad>87</ns3:cad>
          </ns3:TrackPointExtension>
        </extensions>
      </trkpt>
      <trkpt lat="31.15604748018085956573486328125" lon="121.1948202364146709442138671875">
        <ele>3.7999999523162841796875</ele>
        <time>2026-09-05T12:45:41.000Z</time>
        <extensions>
          <ns3:TrackPointExtension>
            <ns3:hr>145</ns3:hr>
            <ns3:cad>87</ns3:cad>
          </ns3:TrackPointExtension>
        </extensions>
      </trkpt>
      <trkpt lat="31.1560415290296077728271484375" lon="121.1947910673916339874267578125">
        <ele>3.7999999523162841796875</ele>
        <time>2026-09-05T12:45:42.000Z</time>
        <extensions>
          <ns3:TrackPointExtension>
            <ns3:hr>145</ns3:hr>
            <ns3:cad>87</ns3:cad>
          </ns3:TrackPointExtension>
        </extensions>
      </trkpt>
      <trkpt lat="31.156032979488372802734375" lon="121.194765083491802215576171875">
        <ele>3.7999999523162841796875</ele>
        <time>2026-09-05T12:45:43.000Z</time>
        <extensions>
          <ns3:TrackPointExtension>
            <ns3:hr>146</ns3:hr>
            <ns3:cad>87</ns3:cad>
          </ns3:TrackPointExtension>
        </extensions>
      </trkpt>
      <trkpt lat="31.15602920763194561004638671875" lon="121.1947330646216869354248046875">
        <ele>3.7999999523162841796875</ele>
        <time>2026-09-05T12:45:44.000Z</time>
        <extensions>
          <ns3:TrackPointExtension>
            <ns3:hr>145</ns3:hr>
            <ns3:cad>87</ns3:cad>
          </ns3:TrackPointExtension>
        </extensions>
      </trkpt>
      <trkpt lat="31.15602468140423297882080078125" lon="121.1947023868560791015625">
        <ele>3.7999999523162841796875</ele>
        <time>2026-09-05T12:45:45.000Z</time>
        <extensions>
          <ns3:TrackPointExtension>
            <ns3:hr>145</ns3:hr>
            <ns3:cad>87</ns3:cad>
          </ns3:TrackPointExtension>
        </extensions>
      </trkpt>
      <trkpt lat="31.1560200713574886322021484375" lon="121.19466944597661495208740234375">
        <ele>3.7999999523162841796875</ele>
        <time>2026-09-05T12:45:46.000Z</time>
        <extensions>
          <ns3:TrackPointExtension>
            <ns3:hr>146</ns3:hr>
            <ns3:cad>87</ns3:cad>
          </ns3:TrackPointExtension>
        </extensions>
      </trkpt>
      <trkpt lat="31.1560120247304439544677734375" lon="121.1946485750377178192138671875">
        <ele>3.7999999523162841796875</ele>
        <time>2026-09-05T12:45:47.000Z</time>
        <extensions>
          <ns3:TrackPointExtension>
            <ns3:hr>145</ns3:hr>
            <ns3:cad>88</ns3:cad>
          </ns3:TrackPointExtension>
        </extensions>
      </trkpt>
      <trkpt lat="31.156007163226604461669921875" lon="121.19462166912853717803955078125">
        <ele>3.7999999523162841796875</ele>
        <time>2026-09-05T12:45:48.000Z</time>
        <extensions>
          <ns3:TrackPointExtension>
            <ns3:hr>145</ns3:hr>
            <ns3:cad>89</ns3:cad>
          </ns3:TrackPointExtension>
        </extensions>
      </trkpt>
      <trkpt lat="31.1560006253421306610107421875" lon="121.19459887035191059112548828125">
        <ele>3.7999999523162841796875</ele>
        <time>2026-09-05T12:45:49.000Z</time>
        <extensions>
          <ns3:TrackPointExtension>
            <ns3:hr>146</ns3:hr>
            <ns3:cad>89</ns3:cad>
          </ns3:TrackPointExtension>
        </extensions>
      </trkpt>
      <trkpt lat="31.1559927463531494140625" lon="121.1945634149014949798583984375">
        <ele>3.7999999523162841796875</ele>
        <time>2026-09-05T12:45:50.000Z</time>
        <extensions>
          <ns3:TrackPointExtension>
            <ns3:hr>145</ns3:hr>
            <ns3:cad>89</ns3:cad>
          </ns3:TrackPointExtension>
        </extensions>
      </trkpt>
      <trkpt lat="31.15598763339221477508544921875" lon="121.19453969411551952362060546875">
        <ele>3.7999999523162841796875</ele>
        <time>2026-09-05T12:45:51.000Z</time>
        <extensions>
          <ns3:TrackPointExtension>
            <ns3:hr>146</ns3:hr>
            <ns3:cad>88</ns3:cad>
          </ns3:TrackPointExtension>
        </extensions>
      </trkpt>
      <trkpt lat="31.155983023345470428466796875" lon="121.19451136328279972076416015625">
        <ele>3.7999999523162841796875</ele>
        <time>2026-09-05T12:45:52.000Z</time>
        <extensions>
          <ns3:TrackPointExtension>
            <ns3:hr>146</ns3:hr>
            <ns3:cad>87</ns3:cad>
          </ns3:TrackPointExtension>
        </extensions>
      </trkpt>
      <trkpt lat="31.155979670584201812744140625" lon="121.19448973797261714935302734375">
        <ele>3.7999999523162841796875</ele>
        <time>2026-09-05T12:45:53.000Z</time>
        <extensions>
          <ns3:TrackPointExtension>
            <ns3:hr>146</ns3:hr>
            <ns3:cad>87</ns3:cad>
          </ns3:TrackPointExtension>
        </extensions>
      </trkpt>
      <trkpt lat="31.155972965061664581298828125" lon="121.19446165859699249267578125">
        <ele>3.7999999523162841796875</ele>
        <time>2026-09-05T12:45:54.000Z</time>
        <extensions>
          <ns3:TrackPointExtension>
            <ns3:hr>146</ns3:hr>
            <ns3:cad>87</ns3:cad>
          </ns3:TrackPointExtension>
        </extensions>
      </trkpt>
      <trkpt lat="31.15596701391041278839111328125" lon="121.194434501230716705322265625">
        <ele>3.7999999523162841796875</ele>
        <time>2026-09-05T12:45:55.000Z</time>
        <extensions>
          <ns3:TrackPointExtension>
            <ns3:hr>146</ns3:hr>
            <ns3:cad>88</ns3:cad>
          </ns3:TrackPointExtension>
        </extensions>
      </trkpt>
      <trkpt lat="31.155960224568843841552734375" lon="121.1944075115025043487548828125">
        <ele>3.7999999523162841796875</ele>
        <time>2026-09-05T12:45:56.000Z</time>
        <extensions>
          <ns3:TrackPointExtension>
            <ns3:hr>146</ns3:hr>
            <ns3:cad>89</ns3:cad>
          </ns3:TrackPointExtension>
        </extensions>
      </trkpt>
      <trkpt lat="31.15595762617886066436767578125" lon="121.19437892921268939971923828125">
        <ele>3.7999999523162841796875</ele>
        <time>2026-09-05T12:45:57.000Z</time>
        <extensions>
          <ns3:TrackPointExtension>
            <ns3:hr>146</ns3:hr>
            <ns3:cad>89</ns3:cad>
          </ns3:TrackPointExtension>
        </extensions>
      </trkpt>
      <trkpt lat="31.15595041774213314056396484375" lon="121.19435545988380908966064453125">
        <ele>3.7999999523162841796875</ele>
        <time>2026-09-05T12:45:58.000Z</time>
        <extensions>
          <ns3:TrackPointExtension>
            <ns3:hr>146</ns3:hr>
            <ns3:cad>88</ns3:cad>
          </ns3:TrackPointExtension>
        </extensions>
      </trkpt>
      <trkpt lat="31.1559458076953887939453125" lon="121.19432830251753330230712890625">
        <ele>3.7999999523162841796875</ele>
        <time>2026-09-05T12:45:59.000Z</time>
        <extensions>
          <ns3:TrackPointExtension>
            <ns3:hr>146</ns3:hr>
            <ns3:cad>87</ns3:cad>
          </ns3:TrackPointExtension>
        </extensions>
      </trkpt>
      <trkpt lat="31.15594153292477130889892578125" lon="121.19430902414023876190185546875">
        <ele>3.7999999523162841796875</ele>
        <time>2026-09-05T12:46:00.000Z</time>
        <extensions>
          <ns3:TrackPointExtension>
            <ns3:hr>147</ns3:hr>
            <ns3:cad>87</ns3:cad>
          </ns3:TrackPointExtension>
        </extensions>
      </trkpt>
      <trkpt lat="31.15593851543962955474853515625" lon="121.1942799389362335205078125">
        <ele>3.7999999523162841796875</ele>
        <time>2026-09-05T12:46:01.000Z</time>
        <extensions>
          <ns3:TrackPointExtension>
            <ns3:hr>147</ns3:hr>
            <ns3:cad>87</ns3:cad>
          </ns3:TrackPointExtension>
        </extensions>
      </trkpt>
      <trkpt lat="31.15593382157385349273681640625" lon="121.19425722397863864898681640625">
        <ele>3.7999999523162841796875</ele>
        <time>2026-09-05T12:46:02.000Z</time>
        <extensions>
          <ns3:TrackPointExtension>
            <ns3:hr>147</ns3:hr>
            <ns3:cad>87</ns3:cad>
          </ns3:TrackPointExtension>
        </extensions>
      </trkpt>
      <trkpt lat="31.15592896007001399993896484375" lon="121.19422587566077709197998046875">
        <ele>3.7999999523162841796875</ele>
        <time>2026-09-05T12:46:03.000Z</time>
        <extensions>
          <ns3:TrackPointExtension>
            <ns3:hr>147</ns3:hr>
            <ns3:cad>88</ns3:cad>
          </ns3:TrackPointExtension>
        </extensions>
      </trkpt>
      <trkpt lat="31.155924014747142791748046875" lon="121.1942021548748016357421875">
        <ele>3.7999999523162841796875</ele>
        <time>2026-09-05T12:46:04.000Z</time>
        <extensions>
          <ns3:TrackPointExtension>
            <ns3:hr>147</ns3:hr>
            <ns3:cad>88</ns3:cad>
          </ns3:TrackPointExtension>
        </extensions>
      </trkpt>
      <trkpt lat="31.155917644500732421875" lon="121.19417239911854267120361328125">
        <ele>3.7999999523162841796875</ele>
        <time>2026-09-05T12:46:05.000Z</time>
        <extensions>
          <ns3:TrackPointExtension>
            <ns3:hr>147</ns3:hr>
            <ns3:cad>87</ns3:cad>
          </ns3:TrackPointExtension>
        </extensions>
      </trkpt>
      <trkpt lat="31.155912615358829498291015625" lon="121.19414784014225006103515625">
        <ele>3.7999999523162841796875</ele>
        <time>2026-09-05T12:46:06.000Z</time>
        <extensions>
          <ns3:TrackPointExtension>
            <ns3:hr>146</ns3:hr>
            <ns3:cad>86</ns3:cad>
          </ns3:TrackPointExtension>
        </extensions>
      </trkpt>
      <trkpt lat="31.15590465255081653594970703125" lon="121.1941216886043548583984375">
        <ele>3.7999999523162841796875</ele>
        <time>2026-09-05T12:46:07.000Z</time>
        <extensions>
          <ns3:TrackPointExtension>
            <ns3:hr>146</ns3:hr>
            <ns3:cad>86</ns3:cad>
          </ns3:TrackPointExtension>
        </extensions>
      </trkpt>
      <trkpt lat="31.15589777939021587371826171875" lon="121.194093525409698486328125">
        <ele>3.7999999523162841796875</ele>
        <time>2026-09-05T12:46:08.000Z</time>
        <extensions>
          <ns3:TrackPointExtension>
            <ns3:hr>146</ns3:hr>
            <ns3:cad>87</ns3:cad>
          </ns3:TrackPointExtension>
        </extensions>
      </trkpt>
      <trkpt lat="31.15589090622961521148681640625" lon="121.1940732412040233612060546875">
        <ele>3.7999999523162841796875</ele>
        <time>2026-09-05T12:46:09.000Z</time>
        <extensions>
          <ns3:TrackPointExtension>
            <ns3:hr>146</ns3:hr>
            <ns3:cad>88</ns3:cad>
          </ns3:TrackPointExtension>
        </extensions>
      </trkpt>
      <trkpt lat="31.15588671527802944183349609375" lon="121.19404080323874950408935546875">
        <ele>3.7999999523162841796875</ele>
        <time>2026-09-05T12:46:10.000Z</time>
        <extensions>
          <ns3:TrackPointExtension>
            <ns3:hr>146</ns3:hr>
            <ns3:cad>88</ns3:cad>
          </ns3:TrackPointExtension>
        </extensions>
      </trkpt>
      <trkpt lat="31.15587833337485790252685546875" lon="121.1940179206430912017822265625">
        <ele>3.7999999523162841796875</ele>
        <time>2026-09-05T12:46:11.000Z</time>
        <extensions>
          <ns3:TrackPointExtension>
            <ns3:hr>146</ns3:hr>
            <ns3:cad>87</ns3:cad>
          </ns3:TrackPointExtension>
        </extensions>
      </trkpt>
      <trkpt lat="31.15587330423295497894287109375" lon="121.19399218820035457611083984375">
        <ele>3.7999999523162841796875</ele>
        <time>2026-09-05T12:46:12.000Z</time>
        <extensions>
          <ns3:TrackPointExtension>
            <ns3:hr>146</ns3:hr>
            <ns3:cad>87</ns3:cad>
          </ns3:TrackPointExtension>
        </extensions>
      </trkpt>
      <trkpt lat="31.15586777217686176300048828125" lon="121.19397056289017200469970703125">
        <ele>3.7999999523162841796875</ele>
        <time>2026-09-05T12:46:13.000Z</time>
        <extensions>
          <ns3:TrackPointExtension>
            <ns3:hr>145</ns3:hr>
            <ns3:cad>86</ns3:cad>
          </ns3:TrackPointExtension>
        </extensions>
      </trkpt>
      <trkpt lat="31.15586240775883197784423828125" lon="121.19394139386713504791259765625">
        <ele>3.7999999523162841796875</ele>
        <time>2026-09-05T12:46:14.000Z</time>
        <extensions>
          <ns3:TrackPointExtension>
            <ns3:hr>145</ns3:hr>
            <ns3:cad>86</ns3:cad>
          </ns3:TrackPointExtension>
        </extensions>
      </trkpt>
      <trkpt lat="31.15585771389305591583251953125" lon="121.1939176730811595916748046875">
        <ele>3.7999999523162841796875</ele>
        <time>2026-09-05T12:46:15.000Z</time>
        <extensions>
          <ns3:TrackPointExtension>
            <ns3:hr>145</ns3:hr>
            <ns3:cad>87</ns3:cad>
          </ns3:TrackPointExtension>
        </extensions>
      </trkpt>
      <trkpt lat="31.155850589275360107421875" lon="121.19389160536229610443115234375">
        <ele>4</ele>
        <time>2026-09-05T12:46:16.000Z</time>
        <extensions>
          <ns3:TrackPointExtension>
            <ns3:hr>146</ns3:hr>
            <ns3:cad>88</ns3:cad>
          </ns3:TrackPointExtension>
        </extensions>
      </trkpt>
      <trkpt lat="31.15584396757185459136962890625" lon="121.19386662729084491729736328125">
        <ele>3.7999999523162841796875</ele>
        <time>2026-09-05T12:46:17.000Z</time>
        <extensions>
          <ns3:TrackPointExtension>
            <ns3:hr>145</ns3:hr>
            <ns3:cad>88</ns3:cad>
          </ns3:TrackPointExtension>
        </extensions>
      </trkpt>
      <trkpt lat="31.1558363400399684906005859375" lon="121.193847097456455230712890625">
        <ele>3.7999999523162841796875</ele>
        <time>2026-09-05T12:46:18.000Z</time>
        <extensions>
          <ns3:TrackPointExtension>
            <ns3:hr>145</ns3:hr>
            <ns3:cad>88</ns3:cad>
          </ns3:TrackPointExtension>
        </extensions>
      </trkpt>
      <trkpt lat="31.15583105944097042083740234375" lon="121.19381952099502086639404296875">
        <ele>3.7999999523162841796875</ele>
        <time>2026-09-05T12:46:19.000Z</time>
        <extensions>
          <ns3:TrackPointExtension>
            <ns3:hr>145</ns3:hr>
            <ns3:cad>87</ns3:cad>
          </ns3:TrackPointExtension>
        </extensions>
      </trkpt>
      <trkpt lat="31.15582309663295745849609375" lon="121.1937989853322505950927734375">
        <ele>3.7999999523162841796875</ele>
        <time>2026-09-05T12:46:20.000Z</time>
        <extensions>
          <ns3:TrackPointExtension>
            <ns3:hr>145</ns3:hr>
            <ns3:cad>87</ns3:cad>
          </ns3:TrackPointExtension>
        </extensions>
      </trkpt>
      <trkpt lat="31.1558205820620059967041015625" lon="121.19377006776630878448486328125">
        <ele>3.7999999523162841796875</ele>
        <time>2026-09-05T12:46:21.000Z</time>
        <extensions>
          <ns3:TrackPointExtension>
            <ns3:hr>146</ns3:hr>
            <ns3:cad>87</ns3:cad>
          </ns3:TrackPointExtension>
        </extensions>
      </trkpt>
      <trkpt lat="31.15581949241459369659423828125" lon="121.19374576024711132049560546875">
        <ele>3.7999999523162841796875</ele>
        <time>2026-09-05T12:46:22.000Z</time>
        <extensions>
          <ns3:TrackPointExtension>
            <ns3:hr>145</ns3:hr>
            <ns3:cad>87</ns3:cad>
          </ns3:TrackPointExtension>
        </extensions>
      </trkpt>
      <trkpt lat="31.15582753904163837432861328125" lon="121.1937148310244083404541015625">
        <ele>3.7999999523162841796875</ele>
        <time>2026-09-05T12:46:23.000Z</time>
        <extensions>
          <ns3:TrackPointExtension>
            <ns3:hr>145</ns3:hr>
            <ns3:cad>87</ns3:cad>
          </ns3:TrackPointExtension>
        </extensions>
      </trkpt>
      <trkpt lat="31.155830137431621551513671875" lon="121.19369144551455974578857421875">
        <ele>3.7999999523162841796875</ele>
        <time>2026-09-05T12:46:24.000Z</time>
        <extensions>
          <ns3:TrackPointExtension>
            <ns3:hr>145</ns3:hr>
            <ns3:cad>87</ns3:cad>
          </ns3:TrackPointExtension>
        </extensions>
      </trkpt>
      <trkpt lat="31.155830807983875274658203125" lon="121.1936621926724910736083984375">
        <ele>4</ele>
        <time>2026-09-05T12:46:25.000Z</time>
        <extensions>
          <ns3:TrackPointExtension>
            <ns3:hr>144</ns3:hr>
            <ns3:cad>87</ns3:cad>
          </ns3:TrackPointExtension>
        </extensions>
      </trkpt>
      <trkpt lat="31.15583307109773159027099609375" lon="121.1936373822391033172607421875">
        <ele>4</ele>
        <time>2026-09-05T12:46:26.000Z</time>
        <extensions>
          <ns3:TrackPointExtension>
            <ns3:hr>144</ns3:hr>
            <ns3:cad>87</ns3:cad>
          </ns3:TrackPointExtension>
        </extensions>
      </trkpt>
      <trkpt lat="31.1558427102863788604736328125" lon="121.193613745272159576416015625">
        <ele>4</ele>
        <time>2026-09-05T12:46:27.000Z</time>
        <extensions>
          <ns3:TrackPointExtension>
            <ns3:hr>145</ns3:hr>
            <ns3:cad>86</ns3:cad>
          </ns3:TrackPointExtension>
        </extensions>
      </trkpt>
      <trkpt lat="31.1558599770069122314453125" lon="121.19359756819903850555419921875">
        <ele>4</ele>
        <time>2026-09-05T12:46:28.000Z</time>
        <extensions>
          <ns3:TrackPointExtension>
            <ns3:hr>145</ns3:hr>
            <ns3:cad>86</ns3:cad>
          </ns3:TrackPointExtension>
        </extensions>
      </trkpt>
      <trkpt lat="31.15587648935616016387939453125" lon="121.1935823969542980194091796875">
        <ele>4.19999980926513671875</ele>
        <time>2026-09-05T12:46:29.000Z</time>
        <extensions>
          <ns3:TrackPointExtension>
            <ns3:hr>145</ns3:hr>
            <ns3:cad>87</ns3:cad>
          </ns3:TrackPointExtension>
        </extensions>
      </trkpt>
      <trkpt lat="31.1558973602950572967529296875" lon="121.19357057847082614898681640625">
        <ele>4.19999980926513671875</ele>
        <time>2026-09-05T12:46:30.000Z</time>
        <extensions>
          <ns3:TrackPointExtension>
            <ns3:hr>144</ns3:hr>
            <ns3:cad>87</ns3:cad>
          </ns3:TrackPointExtension>
        </extensions>
      </trkpt>
      <trkpt lat="31.15591605193912982940673828125" lon="121.1935589276254177093505859375">
        <ele>4.19999980926513671875</ele>
        <time>2026-09-05T12:46:31.000Z</time>
        <extensions>
          <ns3:TrackPointExtension>
            <ns3:hr>144</ns3:hr>
            <ns3:cad>87</ns3:cad>
          </ns3:TrackPointExtension>
        </extensions>
      </trkpt>
      <trkpt lat="31.1559396050870418548583984375" lon="121.1935522221028804779052734375">
        <ele>4.19999980926513671875</ele>
        <time>2026-09-05T12:46:32.000Z</time>
        <extensions>
          <ns3:TrackPointExtension>
            <ns3:hr>144</ns3:hr>
            <ns3:cad>88</ns3:cad>
          </ns3:TrackPointExtension>
        </extensions>
      </trkpt>
      <trkpt lat="31.155956201255321502685546875" lon="121.1935455165803432464599609375">
        <ele>4.19999980926513671875</ele>
        <time>2026-09-05T12:46:33.000Z</time>
        <extensions>
          <ns3:TrackPointExtension>
            <ns3:hr>144</ns3:hr>
            <ns3:cad>88</ns3:cad>
          </ns3:TrackPointExtension>
        </extensions>
      </trkpt>
      <trkpt lat="31.15597925148904323577880859375" lon="121.19353721849620342254638671875">
        <ele>4.19999980926513671875</ele>
        <time>2026-09-05T12:46:34.000Z</time>
        <extensions>
          <ns3:TrackPointExtension>
            <ns3:hr>144</ns3:hr>
            <ns3:cad>88</ns3:cad>
          </ns3:TrackPointExtension>
        </extensions>
      </trkpt>
      <trkpt lat="31.1559994518756866455078125" lon="121.19353336282074451446533203125">
        <ele>4.19999980926513671875</ele>
        <time>2026-09-05T12:46:35.000Z</time>
        <extensions>
          <ns3:TrackPointExtension>
            <ns3:hr>144</ns3:hr>
            <ns3:cad>86</ns3:cad>
          </ns3:TrackPointExtension>
        </extensions>
      </trkpt>
      <trkpt lat="31.15601713769137859344482421875" lon="121.193523891270160675048828125">
        <ele>4.400000095367431640625</ele>
        <time>2026-09-05T12:46:36.000Z</time>
        <extensions>
          <ns3:TrackPointExtension>
            <ns3:hr>144</ns3:hr>
            <ns3:cad>86</ns3:cad>
          </ns3:TrackPointExtension>
        </extensions>
      </trkpt>
      <trkpt lat="31.15603390149772167205810546875" lon="121.19351617991924285888671875">
        <ele>4.400000095367431640625</ele>
        <time>2026-09-05T12:46:37.000Z</time>
        <extensions>
          <ns3:TrackPointExtension>
            <ns3:hr>144</ns3:hr>
            <ns3:cad>87</ns3:cad>
          </ns3:TrackPointExtension>
        </extensions>
      </trkpt>
      <trkpt lat="31.15605167113244533538818359375" lon="121.19350922293961048126220703125">
        <ele>4.400000095367431640625</ele>
        <time>2026-09-05T12:46:38.000Z</time>
        <extensions>
          <ns3:TrackPointExtension>
            <ns3:hr>145</ns3:hr>
            <ns3:cad>87</ns3:cad>
          </ns3:TrackPointExtension>
        </extensions>
      </trkpt>
      <trkpt lat="31.15607446990907192230224609375" lon="121.19350134395062923431396484375">
        <ele>4.400000095367431640625</ele>
        <time>2026-09-05T12:46:39.000Z</time>
        <extensions>
          <ns3:TrackPointExtension>
            <ns3:hr>145</ns3:hr>
            <ns3:cad>86</ns3:cad>
          </ns3:TrackPointExtension>
        </extensions>
      </trkpt>
      <trkpt lat="31.15609508939087390899658203125" lon="121.1934938840568065643310546875">
        <ele>4.400000095367431640625</ele>
        <time>2026-09-05T12:46:40.000Z</time>
        <extensions>
          <ns3:TrackPointExtension>
            <ns3:hr>145</ns3:hr>
            <ns3:cad>86</ns3:cad>
          </ns3:TrackPointExtension>
        </extensions>
      </trkpt>
      <trkpt lat="31.1561186425387859344482421875" lon="121.19348474778234958648681640625">
        <ele>4.400000095367431640625</ele>
        <time>2026-09-05T12:46:41.000Z</time>
        <extensions>
          <ns3:TrackPointExtension>
            <ns3:hr>145</ns3:hr>
            <ns3:cad>86</ns3:cad>
          </ns3:TrackPointExtension>
        </extensions>
      </trkpt>
      <trkpt lat="31.156139932572841644287109375" lon="121.1934764496982097625732421875">
        <ele>4.599999904632568359375</ele>
        <time>2026-09-05T12:46:42.000Z</time>
        <extensions>
          <ns3:TrackPointExtension>
            <ns3:hr>145</ns3:hr>
            <ns3:cad>86</ns3:cad>
          </ns3:TrackPointExtension>
        </extensions>
      </trkpt>
      <trkpt lat="31.156166084110736846923828125" lon="121.193464212119579315185546875">
        <ele>4.599999904632568359375</ele>
        <time>2026-09-05T12:46:43.000Z</time>
        <extensions>
          <ns3:TrackPointExtension>
            <ns3:hr>145</ns3:hr>
            <ns3:cad>87</ns3:cad>
          </ns3:TrackPointExtension>
        </extensions>
      </trkpt>
      <trkpt lat="31.1561877094209194183349609375" lon="121.19345574639737606048583984375">
        <ele>4.599999904632568359375</ele>
        <time>2026-09-05T12:46:44.000Z</time>
        <extensions>
          <ns3:TrackPointExtension>
            <ns3:hr>145</ns3:hr>
            <ns3:cad>88</ns3:cad>
          </ns3:TrackPointExtension>
        </extensions>
      </trkpt>
      <trkpt lat="31.1562068201601505279541015625" lon="121.1934452690184116363525390625">
        <ele>4.599999904632568359375</ele>
        <time>2026-09-05T12:46:45.000Z</time>
        <extensions>
          <ns3:TrackPointExtension>
            <ns3:hr>145</ns3:hr>
            <ns3:cad>88</ns3:cad>
          </ns3:TrackPointExtension>
        </extensions>
      </trkpt>
      <trkpt lat="31.1562292836606502532958984375" lon="121.193433701992034912109375">
        <ele>4.80000019073486328125</ele>
        <time>2026-09-05T12:46:46.000Z</time>
        <extensions>
          <ns3:TrackPointExtension>
            <ns3:hr>145</ns3:hr>
            <ns3:cad>87</ns3:cad>
          </ns3:TrackPointExtension>
        </extensions>
      </trkpt>
      <trkpt lat="31.15624931640923023223876953125" lon="121.19342498481273651123046875">
        <ele>4.80000019073486328125</ele>
        <time>2026-09-05T12:46:47.000Z</time>
        <extensions>
          <ns3:TrackPointExtension>
            <ns3:hr>145</ns3:hr>
            <ns3:cad>87</ns3:cad>
          </ns3:TrackPointExtension>
        </extensions>
      </trkpt>
      <trkpt lat="31.15626943297684192657470703125" lon="121.1934217996895313262939453125">
        <ele>4.80000019073486328125</ele>
        <time>2026-09-05T12:46:48.000Z</time>
        <extensions>
          <ns3:TrackPointExtension>
            <ns3:hr>145</ns3:hr>
            <ns3:cad>86</ns3:cad>
          </ns3:TrackPointExtension>
        </extensions>
      </trkpt>
      <trkpt lat="31.156286783516407012939453125" lon="121.19341316632926464080810546875">
        <ele>5</ele>
        <time>2026-09-05T12:46:49.000Z</time>
        <extensions>
          <ns3:TrackPointExtension>
            <ns3:hr>145</ns3:hr>
            <ns3:cad>86</ns3:cad>
          </ns3:TrackPointExtension>
        </extensions>
      </trkpt>
      <trkpt lat="31.15631050430238246917724609375" lon="121.19340646080672740936279296875">
        <ele>5</ele>
        <time>2026-09-05T12:46:50.000Z</time>
        <extensions>
          <ns3:TrackPointExtension>
            <ns3:hr>145</ns3:hr>
            <ns3:cad>87</ns3:cad>
          </ns3:TrackPointExtension>
        </extensions>
      </trkpt>
      <trkpt lat="31.15632659755647182464599609375" lon="121.19340260513126850128173828125">
        <ele>5</ele>
        <time>2026-09-05T12:46:51.000Z</time>
        <extensions>
          <ns3:TrackPointExtension>
            <ns3:hr>144</ns3:hr>
            <ns3:cad>87</ns3:cad>
          </ns3:TrackPointExtension>
        </extensions>
      </trkpt>
      <trkpt lat="31.156345121562480926513671875" lon="121.19339472614228725433349609375">
        <ele>5</ele>
        <time>2026-09-05T12:46:52.000Z</time>
        <extensions>
          <ns3:TrackPointExtension>
            <ns3:hr>144</ns3:hr>
            <ns3:cad>87</ns3:cad>
          </ns3:TrackPointExtension>
        </extensions>
      </trkpt>
      <trkpt lat="31.1563640646636486053466796875" lon="121.19338802061975002288818359375">
        <ele>5.19999980926513671875</ele>
        <time>2026-09-05T12:46:53.000Z</time>
        <extensions>
          <ns3:TrackPointExtension>
            <ns3:hr>144</ns3:hr>
            <ns3:cad>87</ns3:cad>
          </ns3:TrackPointExtension>
        </extensions>
      </trkpt>
      <trkpt lat="31.15637831389904022216796875" lon="121.19337737560272216796875">
        <ele>5.19999980926513671875</ele>
        <time>2026-09-05T12:46:54.000Z</time>
        <extensions>
          <ns3:TrackPointExtension>
            <ns3:hr>144</ns3:hr>
            <ns3:cad>87</ns3:cad>
          </ns3:TrackPointExtension>
        </extensions>
      </trkpt>
      <trkpt lat="31.1563989333808422088623046875" lon="121.19336656294763088226318359375">
        <ele>5.400000095367431640625</ele>
        <time>2026-09-05T12:46:55.000Z</time>
        <extensions>
          <ns3:TrackPointExtension>
            <ns3:hr>144</ns3:hr>
            <ns3:cad>86</ns3:cad>
          </ns3:TrackPointExtension>
        </extensions>
      </trkpt>
      <trkpt lat="31.15641653537750244140625" lon="121.193354912102222442626953125">
        <ele>5.400000095367431640625</ele>
        <time>2026-09-05T12:46:56.000Z</time>
        <extensions>
          <ns3:TrackPointExtension>
            <ns3:hr>144</ns3:hr>
            <ns3:cad>86</ns3:cad>
          </ns3:TrackPointExtension>
        </extensions>
      </trkpt>
      <trkpt lat="31.15643438883125782012939453125" lon="121.193340830504894256591796875">
        <ele>5.599999904632568359375</ele>
        <time>2026-09-05T12:46:57.000Z</time>
        <extensions>
          <ns3:TrackPointExtension>
            <ns3:hr>143</ns3:hr>
            <ns3:cad>86</ns3:cad>
          </ns3:TrackPointExtension>
        </extensions>
      </trkpt>
      <trkpt lat="31.1564515717327594757080078125" lon="121.1933275870978832244873046875">
        <ele>5.599999904632568359375</ele>
        <time>2026-09-05T12:46:58.000Z</time>
        <extensions>
          <ns3:TrackPointExtension>
            <ns3:hr>143</ns3:hr>
            <ns3:cad>86</ns3:cad>
          </ns3:TrackPointExtension>
        </extensions>
      </trkpt>
      <trkpt lat="31.1564710177481174468994140625" lon="121.19331442750990390777587890625">
        <ele>5.599999904632568359375</ele>
        <time>2026-09-05T12:46:59.000Z</time>
        <extensions>
          <ns3:TrackPointExtension>
            <ns3:hr>143</ns3:hr>
            <ns3:cad>86</ns3:cad>
          </ns3:TrackPointExtension>
        </extensions>
      </trkpt>
      <trkpt lat="31.156494319438934326171875" lon="121.19330026209354400634765625">
        <ele>5.80000019073486328125</ele>
        <time>2026-09-05T12:47:00.000Z</time>
        <extensions>
          <ns3:TrackPointExtension>
            <ns3:hr>143</ns3:hr>
            <ns3:cad>87</ns3:cad>
          </ns3:TrackPointExtension>
        </extensions>
      </trkpt>
      <trkpt lat="31.156515777111053466796875" lon="121.1932873539626598358154296875">
        <ele>5.599999904632568359375</ele>
        <time>2026-09-05T12:47:01.000Z</time>
        <extensions>
          <ns3:TrackPointExtension>
            <ns3:hr>142</ns3:hr>
            <ns3:cad>86</ns3:cad>
          </ns3:TrackPointExtension>
        </extensions>
      </trkpt>
      <trkpt lat="31.15654335357248783111572265625" lon="121.19327670894563198089599609375">
        <ele>5.80000019073486328125</ele>
        <time>2026-09-05T12:47:02.000Z</time>
        <extensions>
          <ns3:TrackPointExtension>
            <ns3:hr>143</ns3:hr>
            <ns3:cad>86</ns3:cad>
          </ns3:TrackPointExtension>
        </extensions>
      </trkpt>
      <trkpt lat="31.15656883455812931060791015625" lon="121.19326899759471416473388671875">
        <ele>5.80000019073486328125</ele>
        <time>2026-09-05T12:47:03.000Z</time>
        <extensions>
          <ns3:TrackPointExtension>
            <ns3:hr>143</ns3:hr>
            <ns3:cad>86</ns3:cad>
          </ns3:TrackPointExtension>
        </extensions>
      </trkpt>
      <trkpt lat="31.15659850649535655975341796875" lon="121.1932565085589885711669921875">
        <ele>5.599999904632568359375</ele>
        <time>2026-09-05T12:47:04.000Z</time>
        <extensions>
          <ns3:TrackPointExtension>
            <ns3:hr>142</ns3:hr>
            <ns3:cad>86</ns3:cad>
          </ns3:TrackPointExtension>
        </extensions>
      </trkpt>
      <trkpt lat="31.1566225625574588775634765625" lon="121.19324720464646816253662109375">
        <ele>5.599999904632568359375</ele>
        <time>2026-09-05T12:47:05.000Z</time>
        <extensions>
          <ns3:TrackPointExtension>
            <ns3:hr>143</ns3:hr>
            <ns3:cad>86</ns3:cad>
          </ns3:TrackPointExtension>
        </extensions>
      </trkpt>
      <trkpt lat="31.1566477082669734954833984375" lon="121.1932397447526454925537109375">
        <ele>5.599999904632568359375</ele>
        <time>2026-09-05T12:47:06.000Z</time>
        <extensions>
          <ns3:TrackPointExtension>
            <ns3:hr>143</ns3:hr>
            <ns3:cad>86</ns3:cad>
          </ns3:TrackPointExtension>
        </extensions>
      </trkpt>
      <trkpt lat="31.1566708423197269439697265625" lon="121.193232871592044830322265625">
        <ele>5.599999904632568359375</ele>
        <time>2026-09-05T12:47:07.000Z</time>
        <extensions>
          <ns3:TrackPointExtension>
            <ns3:hr>142</ns3:hr>
            <ns3:cad>87</ns3:cad>
          </ns3:TrackPointExtension>
        </extensions>
      </trkpt>
      <trkpt lat="31.15669473074376583099365234375" lon="121.1932231485843658447265625">
        <ele>5.599999904632568359375</ele>
        <time>2026-09-05T12:47:08.000Z</time>
        <extensions>
          <ns3:TrackPointExtension>
            <ns3:hr>143</ns3:hr>
            <ns3:cad>87</ns3:cad>
          </ns3:TrackPointExtension>
        </extensions>
      </trkpt>
      <trkpt lat="31.15671149455010890960693359375" lon="121.19321401230990886688232421875">
        <ele>5.599999904632568359375</ele>
        <time>2026-09-05T12:47:09.000Z</time>
        <extensions>
          <ns3:TrackPointExtension>
            <ns3:hr>143</ns3:hr>
            <ns3:cad>86</ns3:cad>
          </ns3:TrackPointExtension>
        </extensions>
      </trkpt>
      <trkpt lat="31.15673127584159374237060546875" lon="121.19320177473127841949462890625">
        <ele>5.400000095367431640625</ele>
        <time>2026-09-05T12:47:10.000Z</time>
        <extensions>
          <ns3:TrackPointExtension>
            <ns3:hr>144</ns3:hr>
            <ns3:cad>86</ns3:cad>
          </ns3:TrackPointExtension>
        </extensions>
      </trkpt>
      <trkpt lat="31.15675206296145915985107421875" lon="121.19319423101842403411865234375">
        <ele>5.19999980926513671875</ele>
        <time>2026-09-05T12:47:11.000Z</time>
        <extensions>
          <ns3:TrackPointExtension>
            <ns3:hr>144</ns3:hr>
            <ns3:cad>87</ns3:cad>
          </ns3:TrackPointExtension>
        </extensions>
      </trkpt>
      <trkpt lat="31.1567690782248973846435546875" lon="121.19318534620106220245361328125">
        <ele>5.19999980926513671875</ele>
        <time>2026-09-05T12:47:12.000Z</time>
        <extensions>
          <ns3:TrackPointExtension>
            <ns3:hr>144</ns3:hr>
            <ns3:cad>87</ns3:cad>
          </ns3:TrackPointExtension>
        </extensions>
      </trkpt>
      <trkpt lat="31.15678735077381134033203125" lon="121.19317864067852497100830078125">
        <ele>5.19999980926513671875</ele>
        <time>2026-09-05T12:47:13.000Z</time>
        <extensions>
          <ns3:TrackPointExtension>
            <ns3:hr>144</ns3:hr>
            <ns3:cad>87</ns3:cad>
          </ns3:TrackPointExtension>
        </extensions>
      </trkpt>
      <trkpt lat="31.1568056233227252960205078125" lon="121.19316975586116313934326171875">
        <ele>5</ele>
        <time>2026-09-05T12:47:14.000Z</time>
        <extensions>
          <ns3:TrackPointExtension>
            <ns3:hr>144</ns3:hr>
            <ns3:cad>87</ns3:cad>
          </ns3:TrackPointExtension>
        </extensions>
      </trkpt>
      <trkpt lat="31.15682984702289104461669921875" lon="121.1931641399860382080078125">
        <ele>5</ele>
        <time>2026-09-05T12:47:15.000Z</time>
        <extensions>
          <ns3:TrackPointExtension>
            <ns3:hr>145</ns3:hr>
            <ns3:cad>87</ns3:cad>
          </ns3:TrackPointExtension>
        </extensions>
      </trkpt>
      <trkpt lat="31.15685172379016876220703125" lon="121.19315944612026214599609375">
        <ele>5</ele>
        <time>2026-09-05T12:47:16.000Z</time>
        <extensions>
          <ns3:TrackPointExtension>
            <ns3:hr>145</ns3:hr>
            <ns3:cad>87</ns3:cad>
          </ns3:TrackPointExtension>
        </extensions>
      </trkpt>
      <trkpt lat="31.15687695331871509552001953125" lon="121.19315634481608867645263671875">
        <ele>5</ele>
        <time>2026-09-05T12:47:17.000Z</time>
        <extensions>
          <ns3:TrackPointExtension>
            <ns3:hr>145</ns3:hr>
            <ns3:cad>87</ns3:cad>
          </ns3:TrackPointExtension>
        </extensions>
      </trkpt>
      <trkpt lat="31.15689120255410671234130859375" lon="121.19314947165548801422119140625">
        <ele>5</ele>
        <time>2026-09-05T12:47:18.000Z</time>
        <extensions>
          <ns3:TrackPointExtension>
            <ns3:hr>145</ns3:hr>
            <ns3:cad>88</ns3:cad>
          </ns3:TrackPointExtension>
        </extensions>
      </trkpt>
      <trkpt lat="31.15691970102488994598388671875" lon="121.19314645417034626007080078125">
        <ele>4.80000019073486328125</ele>
        <time>2026-09-05T12:47:19.000Z</time>
        <extensions>
          <ns3:TrackPointExtension>
            <ns3:hr>145</ns3:hr>
            <ns3:cad>88</ns3:cad>
          </ns3:TrackPointExtension>
        </extensions>
      </trkpt>
      <trkpt lat="31.1569397337734699249267578125" lon="121.1931445263326168060302734375">
        <ele>4.80000019073486328125</ele>
        <time>2026-09-05T12:47:20.000Z</time>
        <extensions>
          <ns3:TrackPointExtension>
            <ns3:hr>145</ns3:hr>
            <ns3:cad>89</ns3:cad>
          </ns3:TrackPointExtension>
        </extensions>
      </trkpt>
      <trkpt lat="31.15696697495877742767333984375" lon="121.193135641515254974365234375">
        <ele>4.80000019073486328125</ele>
        <time>2026-09-05T12:47:21.000Z</time>
        <extensions>
          <ns3:TrackPointExtension>
            <ns3:hr>146</ns3:hr>
            <ns3:cad>89</ns3:cad>
          </ns3:TrackPointExtension>
        </extensions>
      </trkpt>
      <trkpt lat="31.15699128247797489166259765625" lon="121.1931265890598297119140625">
        <ele>4.80000019073486328125</ele>
        <time>2026-09-05T12:47:22.000Z</time>
        <extensions>
          <ns3:TrackPointExtension>
            <ns3:hr>146</ns3:hr>
            <ns3:cad>88</ns3:cad>
          </ns3:TrackPointExtension>
        </extensions>
      </trkpt>
      <trkpt lat="31.15701659582555294036865234375" lon="121.19312130846083164215087890625">
        <ele>4.80000019073486328125</ele>
        <time>2026-09-05T12:47:23.000Z</time>
        <extensions>
          <ns3:TrackPointExtension>
            <ns3:hr>146</ns3:hr>
            <ns3:cad>87</ns3:cad>
          </ns3:TrackPointExtension>
        </extensions>
      </trkpt>
      <trkpt lat="31.15703620947897434234619140625" lon="121.193116866052150726318359375">
        <ele>4.80000019073486328125</ele>
        <time>2026-09-05T12:47:24.000Z</time>
        <extensions>
          <ns3:TrackPointExtension>
            <ns3:hr>146</ns3:hr>
            <ns3:cad>87</ns3:cad>
          </ns3:TrackPointExtension>
        </extensions>
      </trkpt>
      <trkpt lat="31.15705431438982486724853515625" lon="121.19310806505382061004638671875">
        <ele>4.80000019073486328125</ele>
        <time>2026-09-05T12:47:25.000Z</time>
        <extensions>
          <ns3:TrackPointExtension>
            <ns3:hr>146</ns3:hr>
            <ns3:cad>88</ns3:cad>
          </ns3:TrackPointExtension>
        </extensions>
      </trkpt>
      <trkpt lat="31.157073676586151123046875" lon="121.19310043752193450927734375">
        <ele>4.80000019073486328125</ele>
        <time>2026-09-05T12:47:26.000Z</time>
        <extensions>
          <ns3:TrackPointExtension>
            <ns3:hr>146</ns3:hr>
            <ns3:cad>89</ns3:cad>
          </ns3:TrackPointExtension>
        </extensions>
      </trkpt>
      <trkpt lat="31.15709270350635051727294921875" lon="121.19309314526617527008056640625">
        <ele>4.599999904632568359375</ele>
        <time>2026-09-05T12:47:27.000Z</time>
        <extensions>
          <ns3:TrackPointExtension>
            <ns3:hr>146</ns3:hr>
            <ns3:cad>89</ns3:cad>
          </ns3:TrackPointExtension>
        </extensions>
      </trkpt>
      <trkpt lat="31.15711416117846965789794921875" lon="121.19308928959071636199951171875">
        <ele>4.599999904632568359375</ele>
        <time>2026-09-05T12:47:28.000Z</time>
        <extensions>
          <ns3:TrackPointExtension>
            <ns3:hr>147</ns3:hr>
            <ns3:cad>89</ns3:cad>
          </ns3:TrackPointExtension>
        </extensions>
      </trkpt>
      <trkpt lat="31.157133691012859344482421875" lon="121.19308208115398883819580078125">
        <ele>4.599999904632568359375</ele>
        <time>2026-09-05T12:47:29.000Z</time>
        <extensions>
          <ns3:TrackPointExtension>
            <ns3:hr>147</ns3:hr>
            <ns3:cad>88</ns3:cad>
          </ns3:TrackPointExtension>
        </extensions>
      </trkpt>
      <trkpt lat="31.15715087391436100006103515625" lon="121.1930808238685131072998046875">
        <ele>4.599999904632568359375</ele>
        <time>2026-09-05T12:47:30.000Z</time>
        <extensions>
          <ns3:TrackPointExtension>
            <ns3:hr>147</ns3:hr>
            <ns3:cad>87</ns3:cad>
          </ns3:TrackPointExtension>
        </extensions>
      </trkpt>
      <trkpt lat="31.1571744270622730255126953125" lon="121.19307554326951503753662109375">
        <ele>4.599999904632568359375</ele>
        <time>2026-09-05T12:47:31.000Z</time>
        <extensions>
          <ns3:TrackPointExtension>
            <ns3:hr>147</ns3:hr>
            <ns3:cad>87</ns3:cad>
          </ns3:TrackPointExtension>
        </extensions>
      </trkpt>
      <trkpt lat="31.15719529800117015838623046875" lon="121.19306665845215320587158203125">
        <ele>4.599999904632568359375</ele>
        <time>2026-09-05T12:47:32.000Z</time>
        <extensions>
          <ns3:TrackPointExtension>
            <ns3:hr>147</ns3:hr>
            <ns3:cad>87</ns3:cad>
          </ns3:TrackPointExtension>
        </extensions>
      </trkpt>
      <trkpt lat="31.1572210304439067840576171875" lon="121.19305945001542568206787109375">
        <ele>4.599999904632568359375</ele>
        <time>2026-09-05T12:47:33.000Z</time>
        <extensions>
          <ns3:TrackPointExtension>
            <ns3:hr>147</ns3:hr>
            <ns3:cad>88</ns3:cad>
          </ns3:TrackPointExtension>
        </extensions>
      </trkpt>
      <trkpt lat="31.1572466790676116943359375" lon="121.19305492378771305084228515625">
        <ele>4.599999904632568359375</ele>
        <time>2026-09-05T12:47:34.000Z</time>
        <extensions>
          <ns3:TrackPointExtension>
            <ns3:hr>146</ns3:hr>
            <ns3:cad>89</ns3:cad>
          </ns3:TrackPointExtension>
        </extensions>
      </trkpt>
      <trkpt lat="31.157265789806842803955078125" lon="121.19305341504514217376708984375">
        <ele>4.599999904632568359375</ele>
        <time>2026-09-05T12:47:35.000Z</time>
        <extensions>
          <ns3:TrackPointExtension>
            <ns3:hr>146</ns3:hr>
            <ns3:cad>89</ns3:cad>
          </ns3:TrackPointExtension>
        </extensions>
      </trkpt>
      <trkpt lat="31.1572897620499134063720703125" lon="121.19305224157869815826416015625">
        <ele>4.400000095367431640625</ele>
        <time>2026-09-05T12:47:36.000Z</time>
        <extensions>
          <ns3:TrackPointExtension>
            <ns3:hr>146</ns3:hr>
            <ns3:cad>89</ns3:cad>
          </ns3:TrackPointExtension>
        </extensions>
      </trkpt>
      <trkpt lat="31.15730904042720794677734375" lon="121.19305240921676158905029296875">
        <ele>4.400000095367431640625</ele>
        <time>2026-09-05T12:47:37.000Z</time>
        <extensions>
          <ns3:TrackPointExtension>
            <ns3:hr>146</ns3:hr>
            <ns3:cad>87</ns3:cad>
          </ns3:TrackPointExtension>
        </extensions>
      </trkpt>
      <trkpt lat="31.1573363654315471649169921875" lon="121.19305224157869815826416015625">
        <ele>4.400000095367431640625</ele>
        <time>2026-09-05T12:47:38.000Z</time>
        <extensions>
          <ns3:TrackPointExtension>
            <ns3:hr>147</ns3:hr>
            <ns3:cad>87</ns3:cad>
          </ns3:TrackPointExtension>
        </extensions>
      </trkpt>
      <trkpt lat="31.15735723637044429779052734375" lon="121.1930501461029052734375">
        <ele>4.400000095367431640625</ele>
        <time>2026-09-05T12:47:39.000Z</time>
        <extensions>
          <ns3:TrackPointExtension>
            <ns3:hr>147</ns3:hr>
            <ns3:cad>87</ns3:cad>
          </ns3:TrackPointExtension>
        </extensions>
      </trkpt>
      <trkpt lat="31.15737735293805599212646484375" lon="121.19304821826517581939697265625">
        <ele>4.400000095367431640625</ele>
        <time>2026-09-05T12:47:40.000Z</time>
        <extensions>
          <ns3:TrackPointExtension>
            <ns3:hr>147</ns3:hr>
            <ns3:cad>87</ns3:cad>
          </ns3:TrackPointExtension>
        </extensions>
      </trkpt>
      <trkpt lat="31.15740216337144374847412109375" lon="121.193047799170017242431640625">
        <ele>4.400000095367431640625</ele>
        <time>2026-09-05T12:47:41.000Z</time>
        <extensions>
          <ns3:TrackPointExtension>
            <ns3:hr>147</ns3:hr>
            <ns3:cad>88</ns3:cad>
          </ns3:TrackPointExtension>
        </extensions>
      </trkpt>
      <trkpt lat="31.1574238725006580352783203125" lon="121.1930462904274463653564453125">
        <ele>4.19999980926513671875</ele>
        <time>2026-09-05T12:47:42.000Z</time>
        <extensions>
          <ns3:TrackPointExtension>
            <ns3:hr>146</ns3:hr>
            <ns3:cad>87</ns3:cad>
          </ns3:TrackPointExtension>
        </extensions>
      </trkpt>
      <trkpt lat="31.15744650363922119140625" lon="121.19304184801876544952392578125">
        <ele>4.19999980926513671875</ele>
        <time>2026-09-05T12:47:43.000Z</time>
        <extensions>
          <ns3:TrackPointExtension>
            <ns3:hr>146</ns3:hr>
            <ns3:cad>87</ns3:cad>
          </ns3:TrackPointExtension>
        </extensions>
      </trkpt>
      <trkpt lat="31.15746838040649890899658203125" lon="121.19304268620908260345458984375">
        <ele>4.19999980926513671875</ele>
        <time>2026-09-05T12:47:44.000Z</time>
        <extensions>
          <ns3:TrackPointExtension>
            <ns3:hr>146</ns3:hr>
            <ns3:cad>87</ns3:cad>
          </ns3:TrackPointExtension>
        </extensions>
      </trkpt>
      <trkpt lat="31.1574936099350452423095703125" lon="121.1930399201810359954833984375">
        <ele>4.19999980926513671875</ele>
        <time>2026-09-05T12:47:45.000Z</time>
        <extensions>
          <ns3:TrackPointExtension>
            <ns3:hr>146</ns3:hr>
            <ns3:cad>87</ns3:cad>
          </ns3:TrackPointExtension>
        </extensions>
      </trkpt>
      <trkpt lat="31.15751682780683040618896484375" lon="121.19303983636200428009033203125">
        <ele>4.19999980926513671875</ele>
        <time>2026-09-05T12:47:46.000Z</time>
        <extensions>
          <ns3:TrackPointExtension>
            <ns3:hr>146</ns3:hr>
            <ns3:cad>87</ns3:cad>
          </ns3:TrackPointExtension>
        </extensions>
      </trkpt>
      <trkpt lat="31.1575439013540744781494140625" lon="121.19304151274263858795166015625">
        <ele>4.19999980926513671875</ele>
        <time>2026-09-05T12:47:47.000Z</time>
        <extensions>
          <ns3:TrackPointExtension>
            <ns3:hr>146</ns3:hr>
            <ns3:cad>87</ns3:cad>
          </ns3:TrackPointExtension>
        </extensions>
      </trkpt>
      <trkpt lat="31.157566867768764495849609375" lon="121.1930439434945583343505859375">
        <ele>4</ele>
        <time>2026-09-05T12:47:48.000Z</time>
        <extensions>
          <ns3:TrackPointExtension>
            <ns3:hr>146</ns3:hr>
            <ns3:cad>88</ns3:cad>
          </ns3:TrackPointExtension>
        </extensions>
      </trkpt>
      <trkpt lat="31.15759109146893024444580078125" lon="121.19304637424647808074951171875">
        <ele>4</ele>
        <time>2026-09-05T12:47:49.000Z</time>
        <extensions>
          <ns3:TrackPointExtension>
            <ns3:hr>146</ns3:hr>
            <ns3:cad>88</ns3:cad>
          </ns3:TrackPointExtension>
        </extensions>
      </trkpt>
      <trkpt lat="31.15761154331266880035400390625" lon="121.193047799170017242431640625">
        <ele>4</ele>
        <time>2026-09-05T12:47:50.000Z</time>
        <extensions>
          <ns3:TrackPointExtension>
            <ns3:hr>146</ns3:hr>
            <ns3:cad>88</ns3:cad>
          </ns3:TrackPointExtension>
        </extensions>
      </trkpt>
      <trkpt lat="31.15763702429831027984619140625" lon="121.19304637424647808074951171875">
        <ele>4</ele>
        <time>2026-09-05T12:47:51.000Z</time>
        <extensions>
          <ns3:TrackPointExtension>
            <ns3:hr>145</ns3:hr>
            <ns3:cad>87</ns3:cad>
          </ns3:TrackPointExtension>
        </extensions>
      </trkpt>
      <trkpt lat="31.1576578952372074127197265625" lon="121.19304553605616092681884765625">
        <ele>4</ele>
        <time>2026-09-05T12:47:52.000Z</time>
        <extensions>
          <ns3:TrackPointExtension>
            <ns3:hr>145</ns3:hr>
            <ns3:cad>87</ns3:cad>
          </ns3:TrackPointExtension>
        </extensions>
      </trkpt>
      <trkpt lat="31.15767893381416797637939453125" lon="121.19304318912327289581298828125">
        <ele>4</ele>
        <time>2026-09-05T12:47:53.000Z</time>
        <extensions>
          <ns3:TrackPointExtension>
            <ns3:hr>145</ns3:hr>
            <ns3:cad>87</ns3:cad>
          </ns3:TrackPointExtension>
        </extensions>
      </trkpt>
      <trkpt lat="31.157700307667255401611328125" lon="121.19304352439939975738525390625">
        <ele>4</ele>
        <time>2026-09-05T12:47:54.000Z</time>
        <extensions>
          <ns3:TrackPointExtension>
            <ns3:hr>146</ns3:hr>
            <ns3:cad>88</ns3:cad>
          </ns3:TrackPointExtension>
        </extensions>
      </trkpt>
      <trkpt lat="31.1577205918729305267333984375" lon="121.19304385967552661895751953125">
        <ele>4</ele>
        <time>2026-09-05T12:47:55.000Z</time>
        <extensions>
          <ns3:TrackPointExtension>
            <ns3:hr>145</ns3:hr>
            <ns3:cad>88</ns3:cad>
          </ns3:TrackPointExtension>
        </extensions>
      </trkpt>
      <trkpt lat="31.15774565376341342926025390625" lon="121.19305090047419071197509765625">
        <ele>4</ele>
        <time>2026-09-05T12:47:56.000Z</time>
        <extensions>
          <ns3:TrackPointExtension>
            <ns3:hr>145</ns3:hr>
            <ns3:cad>88</ns3:cad>
          </ns3:TrackPointExtension>
        </extensions>
      </trkpt>
      <trkpt lat="31.15776191465556621551513671875" lon="121.19304838590323925018310546875">
        <ele>4</ele>
        <time>2026-09-05T12:47:57.000Z</time>
        <extensions>
          <ns3:TrackPointExtension>
            <ns3:hr>146</ns3:hr>
            <ns3:cad>87</ns3:cad>
          </ns3:TrackPointExtension>
        </extensions>
      </trkpt>
      <trkpt lat="31.15778513252735137939453125" lon="121.1930452845990657806396484375">
        <ele>3.7999999523162841796875</ele>
        <time>2026-09-05T12:47:58.000Z</time>
        <extensions>
          <ns3:TrackPointExtension>
            <ns3:hr>145</ns3:hr>
            <ns3:cad>86</ns3:cad>
          </ns3:TrackPointExtension>
        </extensions>
      </trkpt>
      <trkpt lat="31.15780684165656566619873046875" lon="121.193045116961002349853515625">
        <ele>3.7999999523162841796875</ele>
        <time>2026-09-05T12:47:59.000Z</time>
        <extensions>
          <ns3:TrackPointExtension>
            <ns3:hr>145</ns3:hr>
            <ns3:cad>86</ns3:cad>
          </ns3:TrackPointExtension>
        </extensions>
      </trkpt>
      <trkpt lat="31.1578325740993022918701171875" lon="121.1930466257035732269287109375">
        <ele>3.7999999523162841796875</ele>
        <time>2026-09-05T12:48:00.000Z</time>
        <extensions>
          <ns3:TrackPointExtension>
            <ns3:hr>146</ns3:hr>
            <ns3:cad>86</ns3:cad>
          </ns3:TrackPointExtension>
        </extensions>
      </trkpt>
      <trkpt lat="31.1578540317714214324951171875" lon="121.19305224157869815826416015625">
        <ele>3.7999999523162841796875</ele>
        <time>2026-09-05T12:48:01.000Z</time>
        <extensions>
          <ns3:TrackPointExtension>
            <ns3:hr>145</ns3:hr>
            <ns3:cad>87</ns3:cad>
          </ns3:TrackPointExtension>
        </extensions>
      </trkpt>
      <trkpt lat="31.1578798480331897735595703125" lon="121.19305509142577648162841796875">
        <ele>3.7999999523162841796875</ele>
        <time>2026-09-05T12:48:02.000Z</time>
        <extensions>
          <ns3:TrackPointExtension>
            <ns3:hr>145</ns3:hr>
            <ns3:cad>87</ns3:cad>
          </ns3:TrackPointExtension>
        </extensions>
      </trkpt>
      <trkpt lat="31.157898791134357452392578125" lon="121.19305592961609363555908203125">
        <ele>3.7999999523162841796875</ele>
        <time>2026-09-05T12:48:03.000Z</time>
        <extensions>
          <ns3:TrackPointExtension>
            <ns3:hr>146</ns3:hr>
            <ns3:cad>87</ns3:cad>
          </ns3:TrackPointExtension>
        </extensions>
      </trkpt>
      <trkpt lat="31.157918907701969146728515625" lon="121.1930586956441402435302734375">
        <ele>3.7999999523162841796875</ele>
        <time>2026-09-05T12:48:04.000Z</time>
        <extensions>
          <ns3:TrackPointExtension>
            <ns3:hr>145</ns3:hr>
            <ns3:cad>87</ns3:cad>
          </ns3:TrackPointExtension>
        </extensions>
      </trkpt>
      <trkpt lat="31.15794204175472259521484375" lon="121.1930657364428043365478515625">
        <ele>3.7999999523162841796875</ele>
        <time>2026-09-05T12:48:05.000Z</time>
        <extensions>
          <ns3:TrackPointExtension>
            <ns3:hr>145</ns3:hr>
            <ns3:cad>87</ns3:cad>
          </ns3:TrackPointExtension>
        </extensions>
      </trkpt>
      <trkpt lat="31.15796140395104885101318359375" lon="121.19306665845215320587158203125">
        <ele>3.7999999523162841796875</ele>
        <time>2026-09-05T12:48:06.000Z</time>
        <extensions>
          <ns3:TrackPointExtension>
            <ns3:hr>145</ns3:hr>
            <ns3:cad>87</ns3:cad>
          </ns3:TrackPointExtension>
        </extensions>
      </trkpt>
      <trkpt lat="31.15798537619411945343017578125" lon="121.19307084940373897552490234375">
        <ele>3.599999904632568359375</ele>
        <time>2026-09-05T12:48:07.000Z</time>
        <extensions>
          <ns3:TrackPointExtension>
            <ns3:hr>146</ns3:hr>
            <ns3:cad>87</ns3:cad>
          </ns3:TrackPointExtension>
        </extensions>
      </trkpt>
      <trkpt lat="31.15800113417208194732666015625" lon="121.1930711008608341217041015625">
        <ele>3.599999904632568359375</ele>
        <time>2026-09-05T12:48:08.000Z</time>
        <extensions>
          <ns3:TrackPointExtension>
            <ns3:hr>145</ns3:hr>
            <ns3:cad>87</ns3:cad>
          </ns3:TrackPointExtension>
        </extensions>
      </trkpt>
      <trkpt lat="31.15802024491131305694580078125" lon="121.1930731125175952911376953125">
        <ele>3.599999904632568359375</ele>
        <time>2026-09-05T12:48:09.000Z</time>
        <extensions>
          <ns3:TrackPointExtension>
            <ns3:hr>145</ns3:hr>
            <ns3:cad>87</ns3:cad>
          </ns3:TrackPointExtension>
        </extensions>
      </trkpt>
      <trkpt lat="31.158042959868907928466796875" lon="121.19307638145983219146728515625">
        <ele>3.7999999523162841796875</ele>
        <time>2026-09-05T12:48:10.000Z</time>
        <extensions>
          <ns3:TrackPointExtension>
            <ns3:hr>145</ns3:hr>
            <ns3:cad>87</ns3:cad>
          </ns3:TrackPointExtension>
        </extensions>
      </trkpt>
      <trkpt lat="31.1580619029700756072998046875" lon="121.19307772256433963775634765625">
        <ele>3.7999999523162841796875</ele>
        <time>2026-09-05T12:48:11.000Z</time>
        <extensions>
          <ns3:TrackPointExtension>
            <ns3:hr>145</ns3:hr>
            <ns3:cad>87</ns3:cad>
          </ns3:TrackPointExtension>
        </extensions>
      </trkpt>
      <trkpt lat="31.15808629430830478668212890625" lon="121.19308074004948139190673828125">
        <ele>3.7999999523162841796875</ele>
        <time>2026-09-05T12:48:12.000Z</time>
        <extensions>
          <ns3:TrackPointExtension>
            <ns3:hr>145</ns3:hr>
            <ns3:cad>86</ns3:cad>
          </ns3:TrackPointExtension>
        </extensions>
      </trkpt>
      <trkpt lat="31.15810540504753589630126953125" lon="121.19308023713529109954833984375">
        <ele>3.7999999523162841796875</ele>
        <time>2026-09-05T12:48:13.000Z</time>
        <extensions>
          <ns3:TrackPointExtension>
            <ns3:hr>144</ns3:hr>
            <ns3:cad>86</ns3:cad>
          </ns3:TrackPointExtension>
        </extensions>
      </trkpt>
      <trkpt lat="31.1581333167850971221923828125" lon="121.1930865235626697540283203125">
        <ele>3.7999999523162841796875</ele>
        <time>2026-09-05T12:48:14.000Z</time>
        <extensions>
          <ns3:TrackPointExtension>
            <ns3:hr>144</ns3:hr>
            <ns3:cad>86</ns3:cad>
          </ns3:TrackPointExtension>
        </extensions>
      </trkpt>
      <trkpt lat="31.15816089324653148651123046875" lon="121.19308702647686004638671875">
        <ele>3.7999999523162841796875</ele>
        <time>2026-09-05T12:48:15.000Z</time>
        <extensions>
          <ns3:TrackPointExtension>
            <ns3:hr>144</ns3:hr>
            <ns3:cad>87</ns3:cad>
          </ns3:TrackPointExtension>
        </extensions>
      </trkpt>
      <trkpt lat="31.15818838588893413543701171875" lon="121.19309046305716037750244140625">
        <ele>3.7999999523162841796875</ele>
        <time>2026-09-05T12:48:16.000Z</time>
        <extensions>
          <ns3:TrackPointExtension>
            <ns3:hr>144</ns3:hr>
            <ns3:cad>87</ns3:cad>
          </ns3:TrackPointExtension>
        </extensions>
      </trkpt>
      <trkpt lat="31.1582094244658946990966796875" lon="121.19308979250490665435791015625">
        <ele>3.7999999523162841796875</ele>
        <time>2026-09-05T12:48:17.000Z</time>
        <extensions>
          <ns3:TrackPointExtension>
            <ns3:hr>144</ns3:hr>
            <ns3:cad>87</ns3:cad>
          </ns3:TrackPointExtension>
        </extensions>
      </trkpt>
      <trkpt lat="31.1582335643470287322998046875" lon="121.19308610446751117706298828125">
        <ele>3.7999999523162841796875</ele>
        <time>2026-09-05T12:48:18.000Z</time>
        <extensions>
          <ns3:TrackPointExtension>
            <ns3:hr>144</ns3:hr>
            <ns3:cad>87</ns3:cad>
          </ns3:TrackPointExtension>
        </extensions>
      </trkpt>
      <trkpt lat="31.15825694985687732696533203125" lon="121.1930888704955577850341796875">
        <ele>3.7999999523162841796875</ele>
        <time>2026-09-05T12:48:19.000Z</time>
        <extensions>
          <ns3:TrackPointExtension>
            <ns3:hr>144</ns3:hr>
            <ns3:cad>86</ns3:cad>
          </ns3:TrackPointExtension>
        </extensions>
      </trkpt>
      <trkpt lat="31.15827924571931362152099609375" lon="121.19308928959071636199951171875">
        <ele>3.7999999523162841796875</ele>
        <time>2026-09-05T12:48:20.000Z</time>
        <extensions>
          <ns3:TrackPointExtension>
            <ns3:hr>144</ns3:hr>
            <ns3:cad>86</ns3:cad>
          </ns3:TrackPointExtension>
        </extensions>
      </trkpt>
      <trkpt lat="31.1583063192665576934814453125" lon="121.1930918879806995391845703125">
        <ele>3.7999999523162841796875</ele>
        <time>2026-09-05T12:48:21.000Z</time>
        <extensions>
          <ns3:TrackPointExtension>
            <ns3:hr>144</ns3:hr>
            <ns3:cad>86</ns3:cad>
          </ns3:TrackPointExtension>
        </extensions>
      </trkpt>
      <trkpt lat="31.15832668729126453399658203125" lon="121.19309063069522380828857421875">
        <ele>3.7999999523162841796875</ele>
        <time>2026-09-05T12:48:22.000Z</time>
        <extensions>
          <ns3:TrackPointExtension>
            <ns3:hr>144</ns3:hr>
            <ns3:cad>86</ns3:cad>
          </ns3:TrackPointExtension>
        </extensions>
      </trkpt>
      <trkpt lat="31.158354096114635467529296875" lon="121.193092055618762969970703125">
        <ele>3.599999904632568359375</ele>
        <time>2026-09-05T12:48:23.000Z</time>
        <extensions>
          <ns3:TrackPointExtension>
            <ns3:hr>144</ns3:hr>
            <ns3:cad>86</ns3:cad>
          </ns3:TrackPointExtension>
        </extensions>
      </trkpt>
      <trkpt lat="31.1583740450441837310791015625" lon="121.193094737827777862548828125">
        <ele>3.599999904632568359375</ele>
        <time>2026-09-05T12:48:24.000Z</time>
        <extensions>
          <ns3:TrackPointExtension>
            <ns3:hr>144</ns3:hr>
            <ns3:cad>85</ns3:cad>
          </ns3:TrackPointExtension>
        </extensions>
      </trkpt>
      <trkpt lat="31.1584005318582057952880859375" lon="121.19309549219906330108642578125">
        <ele>3.599999904632568359375</ele>
        <time>2026-09-05T12:48:25.000Z</time>
        <extensions>
          <ns3:TrackPointExtension>
            <ns3:hr>144</ns3:hr>
            <ns3:cad>85</ns3:cad>
          </ns3:TrackPointExtension>
        </extensions>
      </trkpt>
      <trkpt lat="31.1584214866161346435546875" lon="121.19309616275131702423095703125">
        <ele>3.599999904632568359375</ele>
        <time>2026-09-05T12:48:26.000Z</time>
        <extensions>
          <ns3:TrackPointExtension>
            <ns3:hr>144</ns3:hr>
            <ns3:cad>85</ns3:cad>
          </ns3:TrackPointExtension>
        </extensions>
      </trkpt>
      <trkpt lat="31.15844017826020717620849609375" lon="121.19309515692293643951416015625">
        <ele>3.7999999523162841796875</ele>
        <time>2026-09-05T12:48:27.000Z</time>
        <extensions>
          <ns3:TrackPointExtension>
            <ns3:hr>144</ns3:hr>
            <ns3:cad>86</ns3:cad>
          </ns3:TrackPointExtension>
        </extensions>
      </trkpt>
      <trkpt lat="31.15846180357038974761962890625" lon="121.19309515692293643951416015625">
        <ele>3.7999999523162841796875</ele>
        <time>2026-09-05T12:48:28.000Z</time>
        <extensions>
          <ns3:TrackPointExtension>
            <ns3:hr>144</ns3:hr>
            <ns3:cad>87</ns3:cad>
          </ns3:TrackPointExtension>
        </extensions>
      </trkpt>
      <trkpt lat="31.15847923792898654937744140625" lon="121.1930938996374607086181640625">
        <ele>3.7999999523162841796875</ele>
        <time>2026-09-05T12:48:29.000Z</time>
        <extensions>
          <ns3:TrackPointExtension>
            <ns3:hr>143</ns3:hr>
            <ns3:cad>87</ns3:cad>
          </ns3:TrackPointExtension>
        </extensions>
      </trkpt>
      <trkpt lat="31.15850270725786685943603515625" lon="121.19309431873261928558349609375">
        <ele>3.7999999523162841796875</ele>
        <time>2026-09-05T12:48:30.000Z</time>
        <extensions>
          <ns3:TrackPointExtension>
            <ns3:hr>143</ns3:hr>
            <ns3:cad>87</ns3:cad>
          </ns3:TrackPointExtension>
        </extensions>
      </trkpt>
      <trkpt lat="31.15852399729192256927490234375" lon="121.19309348054230213165283203125">
        <ele>3.7999999523162841796875</ele>
        <time>2026-09-05T12:48:31.000Z</time>
        <extensions>
          <ns3:TrackPointExtension>
            <ns3:hr>143</ns3:hr>
            <ns3:cad>86</ns3:cad>
          </ns3:TrackPointExtension>
        </extensions>
      </trkpt>
      <trkpt lat="31.158548891544342041015625" lon="121.1930938996374607086181640625">
        <ele>3.7999999523162841796875</ele>
        <time>2026-09-05T12:48:32.000Z</time>
        <extensions>
          <ns3:TrackPointExtension>
            <ns3:hr>143</ns3:hr>
            <ns3:cad>86</ns3:cad>
          </ns3:TrackPointExtension>
        </extensions>
      </trkpt>
      <trkpt lat="31.158568002283573150634765625" lon="121.19309582747519016265869140625">
        <ele>3.7999999523162841796875</ele>
        <time>2026-09-05T12:48:33.000Z</time>
        <extensions>
          <ns3:TrackPointExtension>
            <ns3:hr>143</ns3:hr>
            <ns3:cad>86</ns3:cad>
          </ns3:TrackPointExtension>
        </extensions>
      </trkpt>
      <trkpt lat="31.1585919745266437530517578125" lon="121.19309431873261928558349609375">
        <ele>3.7999999523162841796875</ele>
        <time>2026-09-05T12:48:34.000Z</time>
        <extensions>
          <ns3:TrackPointExtension>
            <ns3:hr>143</ns3:hr>
            <ns3:cad>86</ns3:cad>
          </ns3:TrackPointExtension>
        </extensions>
      </trkpt>
      <trkpt lat="31.15861435420811176300048828125" lon="121.19309096597135066986083984375">
        <ele>3.7999999523162841796875</ele>
        <time>2026-09-05T12:48:35.000Z</time>
        <extensions>
          <ns3:TrackPointExtension>
            <ns3:hr>143</ns3:hr>
            <ns3:cad>86</ns3:cad>
          </ns3:TrackPointExtension>
        </extensions>
      </trkpt>
      <trkpt lat="31.15863396786153316497802734375" lon="121.19308560155332088470458984375">
        <ele>3.7999999523162841796875</ele>
        <time>2026-09-05T12:48:36.000Z</time>
        <extensions>
          <ns3:TrackPointExtension>
            <ns3:hr>144</ns3:hr>
            <ns3:cad>87</ns3:cad>
          </ns3:TrackPointExtension>
        </extensions>
      </trkpt>
      <trkpt lat="31.1586583591997623443603515625" lon="121.19308291934430599212646484375">
        <ele>3.7999999523162841796875</ele>
        <time>2026-09-05T12:48:37.000Z</time>
        <extensions>
          <ns3:TrackPointExtension>
            <ns3:hr>143</ns3:hr>
            <ns3:cad>87</ns3:cad>
          </ns3:TrackPointExtension>
        </extensions>
      </trkpt>
      <trkpt lat="31.15868157707154750823974609375" lon="121.1930784769356250762939453125">
        <ele>3.7999999523162841796875</ele>
        <time>2026-09-05T12:48:38.000Z</time>
        <extensions>
          <ns3:TrackPointExtension>
            <ns3:hr>144</ns3:hr>
            <ns3:cad>87</ns3:cad>
          </ns3:TrackPointExtension>
        </extensions>
      </trkpt>
      <trkpt lat="31.1587079800665378570556640625" lon="121.1930781416594982147216796875">
        <ele>3.7999999523162841796875</ele>
        <time>2026-09-05T12:48:39.000Z</time>
        <extensions>
          <ns3:TrackPointExtension>
            <ns3:hr>144</ns3:hr>
            <ns3:cad>87</ns3:cad>
          </ns3:TrackPointExtension>
        </extensions>
      </trkpt>
      <trkpt lat="31.158726923167705535888671875" lon="121.1930774711072444915771484375">
        <ele>3.7999999523162841796875</ele>
        <time>2026-09-05T12:48:40.000Z</time>
        <extensions>
          <ns3:TrackPointExtension>
            <ns3:hr>144</ns3:hr>
            <ns3:cad>86</ns3:cad>
          </ns3:TrackPointExtension>
        </extensions>
      </trkpt>
      <trkpt lat="31.15875206887722015380859375" lon="121.19307520799338817596435546875">
        <ele>3.7999999523162841796875</ele>
        <time>2026-09-05T12:48:41.000Z</time>
        <extensions>
          <ns3:TrackPointExtension>
            <ns3:hr>144</ns3:hr>
            <ns3:cad>86</ns3:cad>
          </ns3:TrackPointExtension>
        </extensions>
      </trkpt>
      <trkpt lat="31.15877084434032440185546875" lon="121.19306959211826324462890625">
        <ele>3.7999999523162841796875</ele>
        <time>2026-09-05T12:48:42.000Z</time>
        <extensions>
          <ns3:TrackPointExtension>
            <ns3:hr>144</ns3:hr>
            <ns3:cad>86</ns3:cad>
          </ns3:TrackPointExtension>
        </extensions>
      </trkpt>
      <trkpt lat="31.1587891168892383575439453125" lon="121.193064562976360321044921875">
        <ele>3.7999999523162841796875</ele>
        <time>2026-09-05T12:48:43.000Z</time>
        <extensions>
          <ns3:TrackPointExtension>
            <ns3:hr>144</ns3:hr>
            <ns3:cad>86</ns3:cad>
          </ns3:TrackPointExtension>
        </extensions>
      </trkpt>
      <trkpt lat="31.1588102392852306365966796875" lon="121.1930620484054088592529296875">
        <ele>3.7999999523162841796875</ele>
        <time>2026-09-05T12:48:44.000Z</time>
        <extensions>
          <ns3:TrackPointExtension>
            <ns3:hr>144</ns3:hr>
            <ns3:cad>86</ns3:cad>
          </ns3:TrackPointExtension>
        </extensions>
      </trkpt>
      <trkpt lat="31.15882448852062225341796875" lon="121.19305886328220367431640625">
        <ele>3.7999999523162841796875</ele>
        <time>2026-09-05T12:48:45.000Z</time>
        <extensions>
          <ns3:TrackPointExtension>
            <ns3:hr>144</ns3:hr>
            <ns3:cad>85</ns3:cad>
          </ns3:TrackPointExtension>
        </extensions>
      </trkpt>
      <trkpt lat="31.158846281468868255615234375" lon="121.193052493035793304443359375">
        <ele>3.7999999523162841796875</ele>
        <time>2026-09-05T12:48:46.000Z</time>
        <extensions>
          <ns3:TrackPointExtension>
            <ns3:hr>143</ns3:hr>
            <ns3:cad>85</ns3:cad>
          </ns3:TrackPointExtension>
        </extensions>
      </trkpt>
      <trkpt lat="31.158863715827465057373046875" lon="121.1930462904274463653564453125">
        <ele>3.7999999523162841796875</ele>
        <time>2026-09-05T12:48:47.000Z</time>
        <extensions>
          <ns3:TrackPointExtension>
            <ns3:hr>144</ns3:hr>
            <ns3:cad>85</ns3:cad>
          </ns3:TrackPointExtension>
        </extensions>
      </trkpt>
      <trkpt lat="31.15888559259474277496337890625" lon="121.19304335676133632659912109375">
        <ele>3.7999999523162841796875</ele>
        <time>2026-09-05T12:48:48.000Z</time>
        <extensions>
          <ns3:TrackPointExtension>
            <ns3:hr>144</ns3:hr>
            <ns3:cad>85</ns3:cad>
          </ns3:TrackPointExtension>
        </extensions>
      </trkpt>
      <trkpt lat="31.1589067988097667694091796875" lon="121.1930395849049091339111328125">
        <ele>3.7999999523162841796875</ele>
        <time>2026-09-05T12:48:49.000Z</time>
        <extensions>
          <ns3:TrackPointExtension>
            <ns3:hr>144</ns3:hr>
            <ns3:cad>85</ns3:cad>
          </ns3:TrackPointExtension>
        </extensions>
      </trkpt>
      <trkpt lat="31.1589238978922367095947265625" lon="121.19303849525749683380126953125">
        <ele>3.7999999523162841796875</ele>
        <time>2026-09-05T12:48:50.000Z</time>
        <extensions>
          <ns3:TrackPointExtension>
            <ns3:hr>144</ns3:hr>
            <ns3:cad>86</ns3:cad>
          </ns3:TrackPointExtension>
        </extensions>
      </trkpt>
      <trkpt lat="31.15895113907754421234130859375" lon="121.19303447194397449493408203125">
        <ele>3.7999999523162841796875</ele>
        <time>2026-09-05T12:48:51.000Z</time>
        <extensions>
          <ns3:TrackPointExtension>
            <ns3:hr>144</ns3:hr>
            <ns3:cad>86</ns3:cad>
          </ns3:TrackPointExtension>
        </extensions>
      </trkpt>
      <trkpt lat="31.158973015844821929931640625" lon="121.1930312030017375946044921875">
        <ele>3.599999904632568359375</ele>
        <time>2026-09-05T12:48:52.000Z</time>
        <extensions>
          <ns3:TrackPointExtension>
            <ns3:hr>144</ns3:hr>
            <ns3:cad>86</ns3:cad>
          </ns3:TrackPointExtension>
        </extensions>
      </trkpt>
      <trkpt lat="31.15899640135467052459716796875" lon="121.19302826933562755584716796875">
        <ele>3.599999904632568359375</ele>
        <time>2026-09-05T12:48:53.000Z</time>
        <extensions>
          <ns3:TrackPointExtension>
            <ns3:hr>144</ns3:hr>
            <ns3:cad>86</ns3:cad>
          </ns3:TrackPointExtension>
        </extensions>
      </trkpt>
      <trkpt lat="31.15901492536067962646484375" lon="121.19302399456501007080078125">
        <ele>3.599999904632568359375</ele>
        <time>2026-09-05T12:48:54.000Z</time>
        <extensions>
          <ns3:TrackPointExtension>
            <ns3:hr>144</ns3:hr>
            <ns3:cad>86</ns3:cad>
          </ns3:TrackPointExtension>
        </extensions>
      </trkpt>
      <trkpt lat="31.15903881378471851348876953125" lon="121.1930184625089168548583984375">
        <ele>3.7999999523162841796875</ele>
        <time>2026-09-05T12:48:55.000Z</time>
        <extensions>
          <ns3:TrackPointExtension>
            <ns3:hr>144</ns3:hr>
            <ns3:cad>86</ns3:cad>
          </ns3:TrackPointExtension>
        </extensions>
      </trkpt>
      <trkpt lat="31.1590603552758693695068359375" lon="121.193014942109584808349609375">
        <ele>3.7999999523162841796875</ele>
        <time>2026-09-05T12:48:56.000Z</time>
        <extensions>
          <ns3:TrackPointExtension>
            <ns3:hr>144</ns3:hr>
            <ns3:cad>86</ns3:cad>
          </ns3:TrackPointExtension>
        </extensions>
      </trkpt>
      <trkpt lat="31.1590895242989063262939453125" lon="121.19300966151058673858642578125">
        <ele>3.7999999523162841796875</ele>
        <time>2026-09-05T12:48:57.000Z</time>
        <extensions>
          <ns3:TrackPointExtension>
            <ns3:hr>144</ns3:hr>
            <ns3:cad>87</ns3:cad>
          </ns3:TrackPointExtension>
        </extensions>
      </trkpt>
      <trkpt lat="31.1591116525232791900634765625" lon="121.19300731457769870758056640625">
        <ele>3.7999999523162841796875</ele>
        <time>2026-09-05T12:48:58.000Z</time>
        <extensions>
          <ns3:TrackPointExtension>
            <ns3:hr>144</ns3:hr>
            <ns3:cad>87</ns3:cad>
          </ns3:TrackPointExtension>
        </extensions>
      </trkpt>
      <trkpt lat="31.15913654677569866180419921875" lon="121.1930013634264469146728515625">
        <ele>3.7999999523162841796875</ele>
        <time>2026-09-05T12:48:59.000Z</time>
        <extensions>
          <ns3:TrackPointExtension>
            <ns3:hr>144</ns3:hr>
            <ns3:cad>87</ns3:cad>
          </ns3:TrackPointExtension>
        </extensions>
      </trkpt>
      <trkpt lat="31.15915775299072265625" lon="121.19300010614097118377685546875">
        <ele>3.7999999523162841796875</ele>
        <time>2026-09-05T12:49:00.000Z</time>
        <extensions>
          <ns3:TrackPointExtension>
            <ns3:hr>144</ns3:hr>
            <ns3:cad>87</ns3:cad>
          </ns3:TrackPointExtension>
        </extensions>
      </trkpt>
      <trkpt lat="31.15917493589222431182861328125" lon="121.19299289770424365997314453125">
        <ele>3.7999999523162841796875</ele>
        <time>2026-09-05T12:49:01.000Z</time>
        <extensions>
          <ns3:TrackPointExtension>
            <ns3:hr>144</ns3:hr>
            <ns3:cad>86</ns3:cad>
          </ns3:TrackPointExtension>
        </extensions>
      </trkpt>
      <trkpt lat="31.1591988243162631988525390625" lon="121.19298485107719898223876953125">
        <ele>3.7999999523162841796875</ele>
        <time>2026-09-05T12:49:02.000Z</time>
        <extensions>
          <ns3:TrackPointExtension>
            <ns3:hr>144</ns3:hr>
            <ns3:cad>86</ns3:cad>
          </ns3:TrackPointExtension>
        </extensions>
      </trkpt>
      <trkpt lat="31.15921734832227230072021484375" lon="121.19297898374497890472412109375">
        <ele>3.7999999523162841796875</ele>
        <time>2026-09-05T12:49:03.000Z</time>
        <extensions>
          <ns3:TrackPointExtension>
            <ns3:hr>144</ns3:hr>
            <ns3:cad>87</ns3:cad>
          </ns3:TrackPointExtension>
        </extensions>
      </trkpt>
      <trkpt lat="31.1592383868992328643798828125" lon="121.19297110475599765777587890625">
        <ele>3.7999999523162841796875</ele>
        <time>2026-09-05T12:49:04.000Z</time>
        <extensions>
          <ns3:TrackPointExtension>
            <ns3:hr>144</ns3:hr>
            <ns3:cad>88</ns3:cad>
          </ns3:TrackPointExtension>
        </extensions>
      </trkpt>
      <trkpt lat="31.15925774909555912017822265625" lon="121.1929651536047458648681640625">
        <ele>3.7999999523162841796875</ele>
        <time>2026-09-05T12:49:05.000Z</time>
        <extensions>
          <ns3:TrackPointExtension>
            <ns3:hr>144</ns3:hr>
            <ns3:cad>88</ns3:cad>
          </ns3:TrackPointExtension>
        </extensions>
      </trkpt>
      <trkpt lat="31.1592779494822025299072265625" lon="121.1929561011493206024169921875">
        <ele>3.7999999523162841796875</ele>
        <time>2026-09-05T12:49:06.000Z</time>
        <extensions>
          <ns3:TrackPointExtension>
            <ns3:hr>144</ns3:hr>
            <ns3:cad>88</ns3:cad>
          </ns3:TrackPointExtension>
        </extensions>
      </trkpt>
      <trkpt lat="31.1592967249453067779541015625" lon="121.1929490603506565093994140625">
        <ele>4</ele>
        <time>2026-09-05T12:49:07.000Z</time>
        <extensions>
          <ns3:TrackPointExtension>
            <ns3:hr>144</ns3:hr>
            <ns3:cad>87</ns3:cad>
          </ns3:TrackPointExtension>
        </extensions>
      </trkpt>
      <trkpt lat="31.1593168415129184722900390625" lon="121.1929415166378021240234375">
        <ele>4</ele>
        <time>2026-09-05T12:49:08.000Z</time>
        <extensions>
          <ns3:TrackPointExtension>
            <ns3:hr>144</ns3:hr>
            <ns3:cad>86</ns3:cad>
          </ns3:TrackPointExtension>
        </extensions>
      </trkpt>
      <trkpt lat="31.15934123285114765167236328125" lon="121.1929386667907238006591796875">
        <ele>4</ele>
        <time>2026-09-05T12:49:09.000Z</time>
        <extensions>
          <ns3:TrackPointExtension>
            <ns3:hr>144</ns3:hr>
            <ns3:cad>86</ns3:cad>
          </ns3:TrackPointExtension>
        </extensions>
      </trkpt>
      <trkpt lat="31.15935816429555416107177734375" lon="121.1929306201636791229248046875">
        <ele>4</ele>
        <time>2026-09-05T12:49:10.000Z</time>
        <extensions>
          <ns3:TrackPointExtension>
            <ns3:hr>144</ns3:hr>
            <ns3:cad>86</ns3:cad>
          </ns3:TrackPointExtension>
        </extensions>
      </trkpt>
      <trkpt lat="31.15938599221408367156982421875" lon="121.19292651303112506866455078125">
        <ele>4</ele>
        <time>2026-09-05T12:49:11.000Z</time>
        <extensions>
          <ns3:TrackPointExtension>
            <ns3:hr>144</ns3:hr>
            <ns3:cad>87</ns3:cad>
          </ns3:TrackPointExtension>
        </extensions>
      </trkpt>
      <trkpt lat="31.15940652787685394287109375" lon="121.19291796348989009857177734375">
        <ele>4</ele>
        <time>2026-09-05T12:49:12.000Z</time>
        <extensions>
          <ns3:TrackPointExtension>
            <ns3:hr>144</ns3:hr>
            <ns3:cad>87</ns3:cad>
          </ns3:TrackPointExtension>
        </extensions>
      </trkpt>
      <trkpt lat="31.1594315059483051300048828125" lon="121.19291092269122600555419921875">
        <ele>4</ele>
        <time>2026-09-05T12:49:13.000Z</time>
        <extensions>
          <ns3:TrackPointExtension>
            <ns3:hr>144</ns3:hr>
            <ns3:cad>86</ns3:cad>
          </ns3:TrackPointExtension>
        </extensions>
      </trkpt>
      <trkpt lat="31.15945355035364627838134765625" lon="121.19290136732161045074462890625">
        <ele>4</ele>
        <time>2026-09-05T12:49:14.000Z</time>
        <extensions>
          <ns3:TrackPointExtension>
            <ns3:hr>143</ns3:hr>
            <ns3:cad>86</ns3:cad>
          </ns3:TrackPointExtension>
        </extensions>
      </trkpt>
      <trkpt lat="31.159479282796382904052734375" lon="121.19288762100040912628173828125">
        <ele>4</ele>
        <time>2026-09-05T12:49:15.000Z</time>
        <extensions>
          <ns3:TrackPointExtension>
            <ns3:hr>144</ns3:hr>
            <ns3:cad>86</ns3:cad>
          </ns3:TrackPointExtension>
        </extensions>
      </trkpt>
      <trkpt lat="31.15949814207851886749267578125" lon="121.1928806640207767486572265625">
        <ele>4</ele>
        <time>2026-09-05T12:49:16.000Z</time>
        <extensions>
          <ns3:TrackPointExtension>
            <ns3:hr>144</ns3:hr>
            <ns3:cad>86</ns3:cad>
          </ns3:TrackPointExtension>
        </extensions>
      </trkpt>
      <trkpt lat="31.15951725281774997711181640625" lon="121.1928732879459857940673828125">
        <ele>4</ele>
        <time>2026-09-05T12:49:17.000Z</time>
        <extensions>
          <ns3:TrackPointExtension>
            <ns3:hr>143</ns3:hr>
            <ns3:cad>86</ns3:cad>
          </ns3:TrackPointExtension>
        </extensions>
      </trkpt>
      <trkpt lat="31.1595344357192516326904296875" lon="121.19285895489156246185302734375">
        <ele>4</ele>
        <time>2026-09-05T12:49:18.000Z</time>
        <extensions>
          <ns3:TrackPointExtension>
            <ns3:hr>143</ns3:hr>
            <ns3:cad>87</ns3:cad>
          </ns3:TrackPointExtension>
        </extensions>
      </trkpt>
      <trkpt lat="31.15955379791557788848876953125" lon="121.19284587912261486053466796875">
        <ele>4</ele>
        <time>2026-09-05T12:49:19.000Z</time>
        <extensions>
          <ns3:TrackPointExtension>
            <ns3:hr>143</ns3:hr>
            <ns3:cad>87</ns3:cad>
          </ns3:TrackPointExtension>
        </extensions>
      </trkpt>
      <trkpt lat="31.1595748364925384521484375" lon="121.19283146224915981292724609375">
        <ele>4</ele>
        <time>2026-09-05T12:49:20.000Z</time>
        <extensions>
          <ns3:TrackPointExtension>
            <ns3:hr>143</ns3:hr>
            <ns3:cad>87</ns3:cad>
          </ns3:TrackPointExtension>
        </extensions>
      </trkpt>
      <trkpt lat="31.15959084592759609222412109375" lon="121.19281687773764133453369140625">
        <ele>4</ele>
        <time>2026-09-05T12:49:21.000Z</time>
        <extensions>
          <ns3:TrackPointExtension>
            <ns3:hr>143</ns3:hr>
            <ns3:cad>86</ns3:cad>
          </ns3:TrackPointExtension>
        </extensions>
      </trkpt>
      <trkpt lat="31.1596085317432880401611328125" lon="121.19280346669256687164306640625">
        <ele>4</ele>
        <time>2026-09-05T12:49:22.000Z</time>
        <extensions>
          <ns3:TrackPointExtension>
            <ns3:hr>143</ns3:hr>
            <ns3:cad>86</ns3:cad>
          </ns3:TrackPointExtension>
        </extensions>
      </trkpt>
      <trkpt lat="31.15962420590221881866455078125" lon="121.19279307313263416290283203125">
        <ele>4</ele>
        <time>2026-09-05T12:49:23.000Z</time>
        <extensions>
          <ns3:TrackPointExtension>
            <ns3:hr>143</ns3:hr>
            <ns3:cad>85</ns3:cad>
          </ns3:TrackPointExtension>
        </extensions>
      </trkpt>
      <trkpt lat="31.1596427299082279205322265625" lon="121.192780248820781707763671875">
        <ele>4</ele>
        <time>2026-09-05T12:49:24.000Z</time>
        <extensions>
          <ns3:TrackPointExtension>
            <ns3:hr>143</ns3:hr>
            <ns3:cad>85</ns3:cad>
          </ns3:TrackPointExtension>
        </extensions>
      </trkpt>
      <trkpt lat="31.1596678756177425384521484375" lon="121.19276826269924640655517578125">
        <ele>4</ele>
        <time>2026-09-05T12:49:25.000Z</time>
        <extensions>
          <ns3:TrackPointExtension>
            <ns3:hr>142</ns3:hr>
            <ns3:cad>86</ns3:cad>
          </ns3:TrackPointExtension>
        </extensions>
      </trkpt>
      <trkpt lat="31.1596876569092273712158203125" lon="121.19275753386318683624267578125">
        <ele>4.19999980926513671875</ele>
        <time>2026-09-05T12:49:26.000Z</time>
        <extensions>
          <ns3:TrackPointExtension>
            <ns3:hr>143</ns3:hr>
            <ns3:cad>87</ns3:cad>
          </ns3:TrackPointExtension>
        </extensions>
      </trkpt>
      <trkpt lat="31.15971271879971027374267578125" lon="121.19274697266519069671630859375">
        <ele>4.19999980926513671875</ele>
        <time>2026-09-05T12:49:27.000Z</time>
        <extensions>
          <ns3:TrackPointExtension>
            <ns3:hr>142</ns3:hr>
            <ns3:cad>87</ns3:cad>
          </ns3:TrackPointExtension>
        </extensions>
      </trkpt>
      <trkpt lat="31.15973987616598606109619140625" lon="121.1927358247339725494384765625">
        <ele>4.19999980926513671875</ele>
        <time>2026-09-05T12:49:28.000Z</time>
        <extensions>
          <ns3:TrackPointExtension>
            <ns3:hr>142</ns3:hr>
            <ns3:cad>87</ns3:cad>
          </ns3:TrackPointExtension>
        </extensions>
      </trkpt>
      <trkpt lat="31.15976099856197834014892578125" lon="121.1927269399166107177734375">
        <ele>4.19999980926513671875</ele>
        <time>2026-09-05T12:49:29.000Z</time>
        <extensions>
          <ns3:TrackPointExtension>
            <ns3:hr>143</ns3:hr>
            <ns3:cad>87</ns3:cad>
          </ns3:TrackPointExtension>
        </extensions>
      </trkpt>
      <trkpt lat="31.15977843292057514190673828125" lon="121.19271663017570972442626953125">
        <ele>4.19999980926513671875</ele>
        <time>2026-09-05T12:49:30.000Z</time>
        <extensions>
          <ns3:TrackPointExtension>
            <ns3:hr>143</ns3:hr>
            <ns3:cad>87</ns3:cad>
          </ns3:TrackPointExtension>
        </extensions>
      </trkpt>
      <trkpt lat="31.159799806773662567138671875" lon="121.19270456023514270782470703125">
        <ele>4.19999980926513671875</ele>
        <time>2026-09-05T12:49:31.000Z</time>
        <extensions>
          <ns3:TrackPointExtension>
            <ns3:hr>143</ns3:hr>
            <ns3:cad>87</ns3:cad>
          </ns3:TrackPointExtension>
        </extensions>
      </trkpt>
      <trkpt lat="31.15981615148484706878662109375" lon="121.1926947534084320068359375">
        <ele>4.19999980926513671875</ele>
        <time>2026-09-05T12:49:32.000Z</time>
        <extensions>
          <ns3:TrackPointExtension>
            <ns3:hr>143</ns3:hr>
            <ns3:cad>88</ns3:cad>
          </ns3:TrackPointExtension>
        </extensions>
      </trkpt>
      <trkpt lat="31.159835346043109893798828125" lon="121.1926811747252941131591796875">
        <ele>4</ele>
        <time>2026-09-05T12:49:33.000Z</time>
        <extensions>
          <ns3:TrackPointExtension>
            <ns3:hr>142</ns3:hr>
            <ns3:cad>88</ns3:cad>
          </ns3:TrackPointExtension>
        </extensions>
      </trkpt>
      <trkpt lat="31.1598537862300872802734375" lon="121.19267002679407596588134765625">
        <ele>4</ele>
        <time>2026-09-05T12:49:34.000Z</time>
        <extensions>
          <ns3:TrackPointExtension>
            <ns3:hr>143</ns3:hr>
            <ns3:cad>88</ns3:cad>
          </ns3:TrackPointExtension>
        </extensions>
      </trkpt>
      <trkpt lat="31.1598723940551280975341796875" lon="121.19265879504382610321044921875">
        <ele>4.19999980926513671875</ele>
        <time>2026-09-05T12:49:35.000Z</time>
        <extensions>
          <ns3:TrackPointExtension>
            <ns3:hr>143</ns3:hr>
            <ns3:cad>88</ns3:cad>
          </ns3:TrackPointExtension>
        </extensions>
      </trkpt>
      <trkpt lat="31.159896366298198699951171875" lon="121.19264714419841766357421875">
        <ele>4.19999980926513671875</ele>
        <time>2026-09-05T12:49:36.000Z</time>
        <extensions>
          <ns3:TrackPointExtension>
            <ns3:hr>142</ns3:hr>
            <ns3:cad>87</ns3:cad>
          </ns3:TrackPointExtension>
        </extensions>
      </trkpt>
      <trkpt lat="31.15991539321839809417724609375" lon="121.1926315538585186004638671875">
        <ele>4.19999980926513671875</ele>
        <time>2026-09-05T12:49:37.000Z</time>
        <extensions>
          <ns3:TrackPointExtension>
            <ns3:hr>143</ns3:hr>
            <ns3:cad>87</ns3:cad>
          </ns3:TrackPointExtension>
        </extensions>
      </trkpt>
      <trkpt lat="31.15993752144277095794677734375" lon="121.19261940009891986846923828125">
        <ele>4.19999980926513671875</ele>
        <time>2026-09-05T12:49:38.000Z</time>
        <extensions>
          <ns3:TrackPointExtension>
            <ns3:hr>143</ns3:hr>
            <ns3:cad>87</ns3:cad>
          </ns3:TrackPointExtension>
        </extensions>
      </trkpt>
      <trkpt lat="31.15995881147682666778564453125" lon="121.1926057375967502593994140625">
        <ele>4.19999980926513671875</ele>
        <time>2026-09-05T12:49:39.000Z</time>
        <extensions>
          <ns3:TrackPointExtension>
            <ns3:hr>142</ns3:hr>
            <ns3:cad>87</ns3:cad>
          </ns3:TrackPointExtension>
        </extensions>
      </trkpt>
      <trkpt lat="31.15998244844377040863037109375" lon="121.1925946734845638275146484375">
        <ele>4.19999980926513671875</ele>
        <time>2026-09-05T12:49:40.000Z</time>
        <extensions>
          <ns3:TrackPointExtension>
            <ns3:hr>143</ns3:hr>
            <ns3:cad>87</ns3:cad>
          </ns3:TrackPointExtension>
        </extensions>
      </trkpt>
      <trkpt lat="31.160002648830413818359375" lon="121.19258235208690166473388671875">
        <ele>4.19999980926513671875</ele>
        <time>2026-09-05T12:49:41.000Z</time>
        <extensions>
          <ns3:TrackPointExtension>
            <ns3:hr>143</ns3:hr>
            <ns3:cad>87</ns3:cad>
          </ns3:TrackPointExtension>
        </extensions>
      </trkpt>
      <trkpt lat="31.16002402268350124359130859375" lon="121.1925698630511760711669921875">
        <ele>4</ele>
        <time>2026-09-05T12:49:42.000Z</time>
        <extensions>
          <ns3:TrackPointExtension>
            <ns3:hr>142</ns3:hr>
            <ns3:cad>86</ns3:cad>
          </ns3:TrackPointExtension>
        </extensions>
      </trkpt>
      <trkpt lat="31.16003743372857570648193359375" lon="121.1925591342151165008544921875">
        <ele>4</ele>
        <time>2026-09-05T12:49:43.000Z</time>
        <extensions>
          <ns3:TrackPointExtension>
            <ns3:hr>143</ns3:hr>
            <ns3:cad>86</ns3:cad>
          </ns3:TrackPointExtension>
        </extensions>
      </trkpt>
      <trkpt lat="31.1600544489920139312744140625" lon="121.19254563935101032257080078125">
        <ele>4</ele>
        <time>2026-09-05T12:49:44.000Z</time>
        <extensions>
          <ns3:TrackPointExtension>
            <ns3:hr>143</ns3:hr>
            <ns3:cad>86</ns3:cad>
          </ns3:TrackPointExtension>
        </extensions>
      </trkpt>
      <trkpt lat="31.16007414646446704864501953125" lon="121.1925383470952510833740234375">
        <ele>4</ele>
        <time>2026-09-05T12:49:45.000Z</time>
        <extensions>
          <ns3:TrackPointExtension>
            <ns3:hr>143</ns3:hr>
            <ns3:cad>87</ns3:cad>
          </ns3:TrackPointExtension>
        </extensions>
      </trkpt>
      <trkpt lat="31.160090155899524688720703125" lon="121.1925313062965869903564453125">
        <ele>4</ele>
        <time>2026-09-05T12:49:46.000Z</time>
        <extensions>
          <ns3:TrackPointExtension>
            <ns3:hr>142</ns3:hr>
            <ns3:cad>88</ns3:cad>
          </ns3:TrackPointExtension>
        </extensions>
      </trkpt>
      <trkpt lat="31.160108260810375213623046875" lon="121.1925225891172885894775390625">
        <ele>4</ele>
        <time>2026-09-05T12:49:47.000Z</time>
        <extensions>
          <ns3:TrackPointExtension>
            <ns3:hr>143</ns3:hr>
            <ns3:cad>88</ns3:cad>
          </ns3:TrackPointExtension>
        </extensions>
      </trkpt>
      <trkpt lat="31.16012980230152606964111328125" lon="121.19250624440610408782958984375">
        <ele>4</ele>
        <time>2026-09-05T12:49:48.000Z</time>
        <extensions>
          <ns3:TrackPointExtension>
            <ns3:hr>143</ns3:hr>
            <ns3:cad>88</ns3:cad>
          </ns3:TrackPointExtension>
        </extensions>
      </trkpt>
      <trkpt lat="31.16014472208917140960693359375" lon="121.1924880556762218475341796875">
        <ele>3.7999999523162841796875</ele>
        <time>2026-09-05T12:49:49.000Z</time>
        <extensions>
          <ns3:TrackPointExtension>
            <ns3:hr>143</ns3:hr>
            <ns3:cad>88</ns3:cad>
          </ns3:TrackPointExtension>
        </extensions>
      </trkpt>
      <trkpt lat="31.1601622402667999267578125" lon="121.19247137568891048431396484375">
        <ele>3.7999999523162841796875</ele>
        <time>2026-09-05T12:49:50.000Z</time>
        <extensions>
          <ns3:TrackPointExtension>
            <ns3:hr>143</ns3:hr>
            <ns3:cad>87</ns3:cad>
          </ns3:TrackPointExtension>
        </extensions>
      </trkpt>
      <trkpt lat="31.16018394939601421356201171875" lon="121.1924533545970916748046875">
        <ele>4</ele>
        <time>2026-09-05T12:49:51.000Z</time>
        <extensions>
          <ns3:TrackPointExtension>
            <ns3:hr>143</ns3:hr>
            <ns3:cad>87</ns3:cad>
          </ns3:TrackPointExtension>
        </extensions>
      </trkpt>
      <trkpt lat="31.16020046174526214599609375" lon="121.192436255514621734619140625">
        <ele>4</ele>
        <time>2026-09-05T12:49:52.000Z</time>
        <extensions>
          <ns3:TrackPointExtension>
            <ns3:hr>143</ns3:hr>
            <ns3:cad>87</ns3:cad>
          </ns3:TrackPointExtension>
        </extensions>
      </trkpt>
      <trkpt lat="31.16022326052188873291015625" lon="121.1924211680889129638671875">
        <ele>4</ele>
        <time>2026-09-05T12:49:53.000Z</time>
        <extensions>
          <ns3:TrackPointExtension>
            <ns3:hr>143</ns3:hr>
            <ns3:cad>88</ns3:cad>
          </ns3:TrackPointExtension>
        </extensions>
      </trkpt>
      <trkpt lat="31.16023994050920009613037109375" lon="121.19241085834801197052001953125">
        <ele>4</ele>
        <time>2026-09-05T12:49:54.000Z</time>
        <extensions>
          <ns3:TrackPointExtension>
            <ns3:hr>143</ns3:hr>
            <ns3:cad>88</ns3:cad>
          </ns3:TrackPointExtension>
        </extensions>
      </trkpt>
      <trkpt lat="31.160260476171970367431640625" lon="121.192397363483905792236328125">
        <ele>4</ele>
        <time>2026-09-05T12:49:55.000Z</time>
        <extensions>
          <ns3:TrackPointExtension>
            <ns3:hr>144</ns3:hr>
            <ns3:cad>88</ns3:cad>
          </ns3:TrackPointExtension>
        </extensions>
      </trkpt>
      <trkpt lat="31.1602851189672946929931640625" lon="121.19238403625786304473876953125">
        <ele>4</ele>
        <time>2026-09-05T12:49:56.000Z</time>
        <extensions>
          <ns3:TrackPointExtension>
            <ns3:hr>144</ns3:hr>
            <ns3:cad>87</ns3:cad>
          </ns3:TrackPointExtension>
        </extensions>
      </trkpt>
      <trkpt lat="31.16030883975327014923095703125" lon="121.1923690326511859893798828125">
        <ele>4</ele>
        <time>2026-09-05T12:49:57.000Z</time>
        <extensions>
          <ns3:TrackPointExtension>
            <ns3:hr>144</ns3:hr>
            <ns3:cad>87</ns3:cad>
          </ns3:TrackPointExtension>
        </extensions>
      </trkpt>
      <trkpt lat="31.1603367514908313751220703125" lon="121.19235855527222156524658203125">
        <ele>4</ele>
        <time>2026-09-05T12:49:58.000Z</time>
        <extensions>
          <ns3:TrackPointExtension>
            <ns3:hr>144</ns3:hr>
            <ns3:cad>87</ns3:cad>
          </ns3:TrackPointExtension>
        </extensions>
      </trkpt>
      <trkpt lat="31.16036348976194858551025390625" lon="121.1923458985984325408935546875">
        <ele>3.7999999523162841796875</ele>
        <time>2026-09-05T12:49:59.000Z</time>
        <extensions>
          <ns3:TrackPointExtension>
            <ns3:hr>144</ns3:hr>
            <ns3:cad>87</ns3:cad>
          </ns3:TrackPointExtension>
        </extensions>
      </trkpt>
      <trkpt lat="31.16038687527179718017578125" lon="121.19234279729425907135009765625">
        <ele>3.7999999523162841796875</ele>
        <time>2026-09-05T12:50:00.000Z</time>
        <extensions>
          <ns3:TrackPointExtension>
            <ns3:hr>144</ns3:hr>
            <ns3:cad>87</ns3:cad>
          </ns3:TrackPointExtension>
        </extensions>
      </trkpt>
      <trkpt lat="31.160405315458774566650390625" lon="121.192330978810787200927734375">
        <ele>4</ele>
        <time>2026-09-05T12:50:01.000Z</time>
        <extensions>
          <ns3:TrackPointExtension>
            <ns3:hr>144</ns3:hr>
            <ns3:cad>88</ns3:cad>
          </ns3:TrackPointExtension>
        </extensions>
      </trkpt>
      <trkpt lat="31.16042819805443286895751953125" lon="121.192319579422473907470703125">
        <ele>4</ele>
        <time>2026-09-05T12:50:02.000Z</time>
        <extensions>
          <ns3:TrackPointExtension>
            <ns3:hr>144</ns3:hr>
            <ns3:cad>88</ns3:cad>
          </ns3:TrackPointExtension>
        </extensions>
      </trkpt>
      <trkpt lat="31.1604457162320613861083984375" lon="121.1923111975193023681640625">
        <ele>4</ele>
        <time>2026-09-05T12:50:03.000Z</time>
        <extensions>
          <ns3:TrackPointExtension>
            <ns3:hr>143</ns3:hr>
            <ns3:cad>88</ns3:cad>
          </ns3:TrackPointExtension>
        </extensions>
      </trkpt>
      <trkpt lat="31.1604728735983371734619140625" lon="121.1923009715974330902099609375">
        <ele>4</ele>
        <time>2026-09-05T12:50:04.000Z</time>
        <extensions>
          <ns3:TrackPointExtension>
            <ns3:hr>144</ns3:hr>
            <ns3:cad>88</ns3:cad>
          </ns3:TrackPointExtension>
        </extensions>
      </trkpt>
      <trkpt lat="31.1604923196136951446533203125" lon="121.192292086780071258544921875">
        <ele>4</ele>
        <time>2026-09-05T12:50:05.000Z</time>
        <extensions>
          <ns3:TrackPointExtension>
            <ns3:hr>144</ns3:hr>
            <ns3:cad>86</ns3:cad>
          </ns3:TrackPointExtension>
        </extensions>
      </trkpt>
      <trkpt lat="31.16051495075225830078125" lon="121.19228227995336055755615234375">
        <ele>4</ele>
        <time>2026-09-05T12:50:06.000Z</time>
        <extensions>
          <ns3:TrackPointExtension>
            <ns3:hr>144</ns3:hr>
            <ns3:cad>86</ns3:cad>
          </ns3:TrackPointExtension>
        </extensions>
      </trkpt>
      <trkpt lat="31.160536073148250579833984375" lon="121.19227658025920391082763671875">
        <ele>4</ele>
        <time>2026-09-05T12:50:07.000Z</time>
        <extensions>
          <ns3:TrackPointExtension>
            <ns3:hr>144</ns3:hr>
            <ns3:cad>85</ns3:cad>
          </ns3:TrackPointExtension>
        </extensions>
      </trkpt>
      <trkpt lat="31.16055459715425968170166015625" lon="121.1922681145370006561279296875">
        <ele>4</ele>
        <time>2026-09-05T12:50:08.000Z</time>
        <extensions>
          <ns3:TrackPointExtension>
            <ns3:hr>144</ns3:hr>
            <ns3:cad>85</ns3:cad>
          </ns3:TrackPointExtension>
        </extensions>
      </trkpt>
      <trkpt lat="31.160575635731220245361328125" lon="121.19225696660578250885009765625">
        <ele>4</ele>
        <time>2026-09-05T12:50:09.000Z</time>
        <extensions>
          <ns3:TrackPointExtension>
            <ns3:hr>144</ns3:hr>
            <ns3:cad>86</ns3:cad>
          </ns3:TrackPointExtension>
        </extensions>
      </trkpt>
      <trkpt lat="31.160592734813690185546875" lon="121.192245818674564361572265625">
        <ele>4</ele>
        <time>2026-09-05T12:50:10.000Z</time>
        <extensions>
          <ns3:TrackPointExtension>
            <ns3:hr>144</ns3:hr>
            <ns3:cad>86</ns3:cad>
          </ns3:TrackPointExtension>
        </extensions>
      </trkpt>
      <trkpt lat="31.160615198314189910888671875" lon="121.19223408401012420654296875">
        <ele>4</ele>
        <time>2026-09-05T12:50:11.000Z</time>
        <extensions>
          <ns3:TrackPointExtension>
            <ns3:hr>144</ns3:hr>
            <ns3:cad>86</ns3:cad>
          </ns3:TrackPointExtension>
        </extensions>
      </trkpt>
      <trkpt lat="31.16063640452921390533447265625" lon="121.19222679175436496734619140625">
        <ele>4</ele>
        <time>2026-09-05T12:50:12.000Z</time>
        <extensions>
          <ns3:TrackPointExtension>
            <ns3:hr>144</ns3:hr>
            <ns3:cad>87</ns3:cad>
          </ns3:TrackPointExtension>
        </extensions>
      </trkpt>
      <trkpt lat="31.16066180169582366943359375" lon="121.19221556000411510467529296875">
        <ele>4</ele>
        <time>2026-09-05T12:50:13.000Z</time>
        <extensions>
          <ns3:TrackPointExtension>
            <ns3:hr>144</ns3:hr>
            <ns3:cad>87</ns3:cad>
          </ns3:TrackPointExtension>
        </extensions>
      </trkpt>
      <trkpt lat="31.16068099625408649444580078125" lon="121.19220969267189502716064453125">
        <ele>4</ele>
        <time>2026-09-05T12:50:14.000Z</time>
        <extensions>
          <ns3:TrackPointExtension>
            <ns3:hr>144</ns3:hr>
            <ns3:cad>87</ns3:cad>
          </ns3:TrackPointExtension>
        </extensions>
      </trkpt>
      <trkpt lat="31.1607048846781253814697265625" lon="121.19220550172030925750732421875">
        <ele>4</ele>
        <time>2026-09-05T12:50:15.000Z</time>
        <extensions>
          <ns3:TrackPointExtension>
            <ns3:hr>144</ns3:hr>
            <ns3:cad>87</ns3:cad>
          </ns3:TrackPointExtension>
        </extensions>
      </trkpt>
      <trkpt lat="31.1607263423502445220947265625" lon="121.1922027356922626495361328125">
        <ele>4</ele>
        <time>2026-09-05T12:50:16.000Z</time>
        <extensions>
          <ns3:TrackPointExtension>
            <ns3:hr>144</ns3:hr>
            <ns3:cad>87</ns3:cad>
          </ns3:TrackPointExtension>
        </extensions>
      </trkpt>
      <trkpt lat="31.1607454530894756317138671875" lon="121.1921973712742328643798828125">
        <ele>4</ele>
        <time>2026-09-05T12:50:17.000Z</time>
        <extensions>
          <ns3:TrackPointExtension>
            <ns3:hr>144</ns3:hr>
            <ns3:cad>87</ns3:cad>
          </ns3:TrackPointExtension>
        </extensions>
      </trkpt>
      <trkpt lat="31.16076498292386531829833984375" lon="121.19218672625720500946044921875">
        <ele>4</ele>
        <time>2026-09-05T12:50:18.000Z</time>
        <extensions>
          <ns3:TrackPointExtension>
            <ns3:hr>144</ns3:hr>
            <ns3:cad>87</ns3:cad>
          </ns3:TrackPointExtension>
        </extensions>
      </trkpt>
      <trkpt lat="31.160784848034381866455078125" lon="121.19218387641012668609619140625">
        <ele>4</ele>
        <time>2026-09-05T12:50:19.000Z</time>
        <extensions>
          <ns3:TrackPointExtension>
            <ns3:hr>144</ns3:hr>
            <ns3:cad>87</ns3:cad>
          </ns3:TrackPointExtension>
        </extensions>
      </trkpt>
      <trkpt lat="31.16080303676426410675048828125" lon="121.192182116210460662841796875">
        <ele>4</ele>
        <time>2026-09-05T12:50:20.000Z</time>
        <extensions>
          <ns3:TrackPointExtension>
            <ns3:hr>145</ns3:hr>
            <ns3:cad>87</ns3:cad>
          </ns3:TrackPointExtension>
        </extensions>
      </trkpt>
      <trkpt lat="31.160810329020023345947265625" lon="121.19217247702181339263916015625">
        <ele>4</ele>
        <time>2026-09-05T12:50:21.000Z</time>
        <extensions>
          <ns3:TrackPointExtension>
            <ns3:hr>144</ns3:hr>
            <ns3:cad>87</ns3:cad>
          </ns3:TrackPointExtension>
        </extensions>
      </trkpt>
      <trkpt lat="31.1608296073973178863525390625" lon="121.192165352404117584228515625">
        <ele>4</ele>
        <time>2026-09-05T12:50:22.000Z</time>
        <extensions>
          <ns3:TrackPointExtension>
            <ns3:hr>144</ns3:hr>
            <ns3:cad>87</ns3:cad>
          </ns3:TrackPointExtension>
        </extensions>
      </trkpt>
      <trkpt lat="31.16084528155624866485595703125" lon="121.1921574734151363372802734375">
        <ele>4</ele>
        <time>2026-09-05T12:50:23.000Z</time>
        <extensions>
          <ns3:TrackPointExtension>
            <ns3:hr>144</ns3:hr>
            <ns3:cad>87</ns3:cad>
          </ns3:TrackPointExtension>
        </extensions>
      </trkpt>
      <trkpt lat="31.160865984857082366943359375" lon="121.1921497620642185211181640625">
        <ele>4</ele>
        <time>2026-09-05T12:50:24.000Z</time>
        <extensions>
          <ns3:TrackPointExtension>
            <ns3:hr>144</ns3:hr>
            <ns3:cad>86</ns3:cad>
          </ns3:TrackPointExtension>
        </extensions>
      </trkpt>
      <trkpt lat="31.1608916334807872772216796875" lon="121.1921437270939350128173828125">
        <ele>4</ele>
        <time>2026-09-05T12:50:25.000Z</time>
        <extensions>
          <ns3:TrackPointExtension>
            <ns3:hr>144</ns3:hr>
            <ns3:cad>86</ns3:cad>
          </ns3:TrackPointExtension>
        </extensions>
      </trkpt>
      <trkpt lat="31.16091619245707988739013671875" lon="121.192140877246856689453125">
        <ele>4</ele>
        <time>2026-09-05T12:50:26.000Z</time>
        <extensions>
          <ns3:TrackPointExtension>
            <ns3:hr>144</ns3:hr>
            <ns3:cad>86</ns3:cad>
          </ns3:TrackPointExtension>
        </extensions>
      </trkpt>
      <trkpt lat="31.16094075143337249755859375" lon="121.1921343393623828887939453125">
        <ele>4</ele>
        <time>2026-09-05T12:50:27.000Z</time>
        <extensions>
          <ns3:TrackPointExtension>
            <ns3:hr>145</ns3:hr>
            <ns3:cad>84</ns3:cad>
          </ns3:TrackPointExtension>
        </extensions>
      </trkpt>
      <trkpt lat="31.16096346639096736907958984375" lon="121.1921353451907634735107421875">
        <ele>4</ele>
        <time>2026-09-05T12:50:28.000Z</time>
        <extensions>
          <ns3:TrackPointExtension>
            <ns3:hr>145</ns3:hr>
            <ns3:cad>84</ns3:cad>
          </ns3:TrackPointExtension>
        </extensions>
      </trkpt>
      <trkpt lat="31.16098844446241855621337890625" lon="121.192133836448192596435546875">
        <ele>4</ele>
        <time>2026-09-05T12:50:29.000Z</time>
        <extensions>
          <ns3:TrackPointExtension>
            <ns3:hr>145</ns3:hr>
            <ns3:cad>87</ns3:cad>
          </ns3:TrackPointExtension>
        </extensions>
      </trkpt>
      <trkpt lat="31.16100889630615711212158203125" lon="121.19212838821113109588623046875">
        <ele>4</ele>
        <time>2026-09-05T12:50:30.000Z</time>
        <extensions>
          <ns3:TrackPointExtension>
            <ns3:hr>145</ns3:hr>
            <ns3:cad>87</ns3:cad>
          </ns3:TrackPointExtension>
        </extensions>
      </trkpt>
      <trkpt lat="31.16103387437760829925537109375" lon="121.19212411344051361083984375">
        <ele>4</ele>
        <time>2026-09-05T12:50:31.000Z</time>
        <extensions>
          <ns3:TrackPointExtension>
            <ns3:hr>145</ns3:hr>
            <ns3:cad>87</ns3:cad>
          </ns3:TrackPointExtension>
        </extensions>
      </trkpt>
      <trkpt lat="31.1610542424023151397705078125" lon="121.19212218560278415679931640625">
        <ele>4</ele>
        <time>2026-09-05T12:50:32.000Z</time>
        <extensions>
          <ns3:TrackPointExtension>
            <ns3:hr>145</ns3:hr>
            <ns3:cad>86</ns3:cad>
          </ns3:TrackPointExtension>
        </extensions>
      </trkpt>
      <trkpt lat="31.161073185503482818603515625" lon="121.19212000630795955657958984375">
        <ele>4</ele>
        <time>2026-09-05T12:50:33.000Z</time>
        <extensions>
          <ns3:TrackPointExtension>
            <ns3:hr>145</ns3:hr>
            <ns3:cad>86</ns3:cad>
          </ns3:TrackPointExtension>
        </extensions>
      </trkpt>
      <trkpt lat="31.16108433343470096588134765625" lon="121.1921115405857563018798828125">
        <ele>4.19999980926513671875</ele>
        <time>2026-09-05T12:50:34.000Z</time>
        <extensions>
          <ns3:TrackPointExtension>
            <ns3:hr>145</ns3:hr>
            <ns3:cad>86</ns3:cad>
          </ns3:TrackPointExtension>
        </extensions>
      </trkpt>
      <trkpt lat="31.16110227070748805999755859375" lon="121.1921162344515323638916015625">
        <ele>4.19999980926513671875</ele>
        <time>2026-09-05T12:50:35.000Z</time>
        <extensions>
          <ns3:TrackPointExtension>
            <ns3:hr>146</ns3:hr>
            <ns3:cad>86</ns3:cad>
          </ns3:TrackPointExtension>
        </extensions>
      </trkpt>
      <trkpt lat="31.1611246503889560699462890625" lon="121.192112378776073455810546875">
        <ele>4.19999980926513671875</ele>
        <time>2026-09-05T12:50:36.000Z</time>
        <extensions>
          <ns3:TrackPointExtension>
            <ns3:hr>145</ns3:hr>
            <ns3:cad>86</ns3:cad>
          </ns3:TrackPointExtension>
        </extensions>
      </trkpt>
      <trkpt lat="31.16114786826074123382568359375" lon="121.19211070239543914794921875">
        <ele>4.19999980926513671875</ele>
        <time>2026-09-05T12:50:37.000Z</time>
        <extensions>
          <ns3:TrackPointExtension>
            <ns3:hr>145</ns3:hr>
            <ns3:cad>87</ns3:cad>
          </ns3:TrackPointExtension>
        </extensions>
      </trkpt>
      <trkpt lat="31.16116999648511409759521484375" lon="121.19210625998675823211669921875">
        <ele>4.19999980926513671875</ele>
        <time>2026-09-05T12:50:38.000Z</time>
        <extensions>
          <ns3:TrackPointExtension>
            <ns3:hr>146</ns3:hr>
            <ns3:cad>87</ns3:cad>
          </ns3:TrackPointExtension>
        </extensions>
      </trkpt>
      <trkpt lat="31.16119153797626495361328125" lon="121.1920961178839206695556640625">
        <ele>4.19999980926513671875</ele>
        <time>2026-09-05T12:50:39.000Z</time>
        <extensions>
          <ns3:TrackPointExtension>
            <ns3:hr>145</ns3:hr>
            <ns3:cad>87</ns3:cad>
          </ns3:TrackPointExtension>
        </extensions>
      </trkpt>
      <trkpt lat="31.16121928207576274871826171875" lon="121.1920924298465251922607421875">
        <ele>4.19999980926513671875</ele>
        <time>2026-09-05T12:50:40.000Z</time>
        <extensions>
          <ns3:TrackPointExtension>
            <ns3:hr>145</ns3:hr>
            <ns3:cad>87</ns3:cad>
          </ns3:TrackPointExtension>
        </extensions>
      </trkpt>
      <trkpt lat="31.161230765283107757568359375" lon="121.19210064411163330078125">
        <ele>4.19999980926513671875</ele>
        <time>2026-09-05T12:50:41.000Z</time>
        <extensions>
          <ns3:TrackPointExtension>
            <ns3:hr>146</ns3:hr>
            <ns3:cad>87</ns3:cad>
          </ns3:TrackPointExtension>
        </extensions>
      </trkpt>
      <trkpt lat="31.16124107502400875091552734375" lon="121.19211497716605663299560546875">
        <ele>4.19999980926513671875</ele>
        <time>2026-09-05T12:50:42.000Z</time>
        <extensions>
          <ns3:TrackPointExtension>
            <ns3:hr>145</ns3:hr>
            <ns3:cad>87</ns3:cad>
          </ns3:TrackPointExtension>
        </extensions>
      </trkpt>
      <trkpt lat="31.161241494119167327880859375" lon="121.192138530313968658447265625">
        <ele>4.19999980926513671875</ele>
        <time>2026-09-05T12:50:43.000Z</time>
        <extensions>
          <ns3:TrackPointExtension>
            <ns3:hr>145</ns3:hr>
            <ns3:cad>87</ns3:cad>
          </ns3:TrackPointExtension>
        </extensions>
      </trkpt>
      <trkpt lat="31.16124375723302364349365234375" lon="121.19215604849159717559814453125">
        <ele>4.19999980926513671875</ele>
        <time>2026-09-05T12:50:44.000Z</time>
        <extensions>
          <ns3:TrackPointExtension>
            <ns3:hr>146</ns3:hr>
            <ns3:cad>88</ns3:cad>
          </ns3:TrackPointExtension>
        </extensions>
      </trkpt>
      <trkpt lat="31.16124710999429225921630859375" lon="121.19218043982982635498046875">
        <ele>4.19999980926513671875</ele>
        <time>2026-09-05T12:50:45.000Z</time>
        <extensions>
          <ns3:TrackPointExtension>
            <ns3:hr>146</ns3:hr>
            <ns3:cad>88</ns3:cad>
          </ns3:TrackPointExtension>
        </extensions>
      </trkpt>
      <trkpt lat="31.16125331260263919830322265625" lon="121.192199550569057464599609375">
        <ele>4.19999980926513671875</ele>
        <time>2026-09-05T12:50:46.000Z</time>
        <extensions>
          <ns3:TrackPointExtension>
            <ns3:hr>146</ns3:hr>
            <ns3:cad>86</ns3:cad>
          </ns3:TrackPointExtension>
        </extensions>
      </trkpt>
      <trkpt lat="31.1612577550113201141357421875" lon="121.19222193025052547454833984375">
        <ele>4.19999980926513671875</ele>
        <time>2026-09-05T12:50:47.000Z</time>
        <extensions>
          <ns3:TrackPointExtension>
            <ns3:hr>145</ns3:hr>
            <ns3:cad>86</ns3:cad>
          </ns3:TrackPointExtension>
        </extensions>
      </trkpt>
      <trkpt lat="31.1612601019442081451416015625" lon="121.19224607013165950775146484375">
        <ele>4.19999980926513671875</ele>
        <time>2026-09-05T12:50:48.000Z</time>
        <extensions>
          <ns3:TrackPointExtension>
            <ns3:hr>145</ns3:hr>
            <ns3:cad>86</ns3:cad>
          </ns3:TrackPointExtension>
        </extensions>
      </trkpt>
      <trkpt lat="31.16126286797225475311279296875" lon="121.1922684498131275177001953125">
        <ele>4.19999980926513671875</ele>
        <time>2026-09-05T12:50:49.000Z</time>
        <extensions>
          <ns3:TrackPointExtension>
            <ns3:hr>145</ns3:hr>
            <ns3:cad>86</ns3:cad>
          </ns3:TrackPointExtension>
        </extensions>
      </trkpt>
      <trkpt lat="31.16126471199095249176025390625" lon="121.19229250587522983551025390625">
        <ele>4.19999980926513671875</ele>
        <time>2026-09-05T12:50:50.000Z</time>
        <extensions>
          <ns3:TrackPointExtension>
            <ns3:hr>146</ns3:hr>
            <ns3:cad>87</ns3:cad>
          </ns3:TrackPointExtension>
        </extensions>
      </trkpt>
      <trkpt lat="31.16126856766641139984130859375" lon="121.19231480173766613006591796875">
        <ele>4.19999980926513671875</ele>
        <time>2026-09-05T12:50:51.000Z</time>
        <extensions>
          <ns3:TrackPointExtension>
            <ns3:hr>145</ns3:hr>
            <ns3:cad>87</ns3:cad>
          </ns3:TrackPointExtension>
        </extensions>
      </trkpt>
      <trkpt lat="31.1612713336944580078125" lon="121.1923435516655445098876953125">
        <ele>4.19999980926513671875</ele>
        <time>2026-09-05T12:50:52.000Z</time>
        <extensions>
          <ns3:TrackPointExtension>
            <ns3:hr>145</ns3:hr>
            <ns3:cad>87</ns3:cad>
          </ns3:TrackPointExtension>
        </extensions>
      </trkpt>
      <trkpt lat="31.16127795539796352386474609375" lon="121.1923666857182979583740234375">
        <ele>4.19999980926513671875</ele>
        <time>2026-09-05T12:50:53.000Z</time>
        <extensions>
          <ns3:TrackPointExtension>
            <ns3:hr>145</ns3:hr>
            <ns3:cad>87</ns3:cad>
          </ns3:TrackPointExtension>
        </extensions>
      </trkpt>
      <trkpt lat="31.161279045045375823974609375" lon="121.19239627383649349212646484375">
        <ele>4.19999980926513671875</ele>
        <time>2026-09-05T12:50:54.000Z</time>
        <extensions>
          <ns3:TrackPointExtension>
            <ns3:hr>146</ns3:hr>
            <ns3:cad>87</ns3:cad>
          </ns3:TrackPointExtension>
        </extensions>
      </trkpt>
      <trkpt lat="31.16128583438694477081298828125" lon="121.19242058135569095611572265625">
        <ele>4.19999980926513671875</ele>
        <time>2026-09-05T12:50:55.000Z</time>
        <extensions>
          <ns3:TrackPointExtension>
            <ns3:hr>145</ns3:hr>
            <ns3:cad>87</ns3:cad>
          </ns3:TrackPointExtension>
        </extensions>
      </trkpt>
      <trkpt lat="31.16129522211849689483642578125" lon="121.1924555338919162750244140625">
        <ele>4.19999980926513671875</ele>
        <time>2026-09-05T12:50:56.000Z</time>
        <extensions>
          <ns3:TrackPointExtension>
            <ns3:hr>145</ns3:hr>
            <ns3:cad>88</ns3:cad>
          </ns3:TrackPointExtension>
        </extensions>
      </trkpt>
      <trkpt lat="31.1613003350794315338134765625" lon="121.19247824884951114654541015625">
        <ele>4.19999980926513671875</ele>
        <time>2026-09-05T12:50:57.000Z</time>
        <extensions>
          <ns3:TrackPointExtension>
            <ns3:hr>146</ns3:hr>
            <ns3:cad>89</ns3:cad>
          </ns3:TrackPointExtension>
        </extensions>
      </trkpt>
      <trkpt lat="31.16130829788744449615478515625" lon="121.1925101839005947113037109375">
        <ele>4.19999980926513671875</ele>
        <time>2026-09-05T12:50:58.000Z</time>
        <extensions>
          <ns3:TrackPointExtension>
            <ns3:hr>145</ns3:hr>
            <ns3:cad>89</ns3:cad>
          </ns3:TrackPointExtension>
        </extensions>
      </trkpt>
      <trkpt lat="31.16130896843969821929931640625" lon="121.19253122247755527496337890625">
        <ele>4.19999980926513671875</ele>
        <time>2026-09-05T12:50:59.000Z</time>
        <extensions>
          <ns3:TrackPointExtension>
            <ns3:hr>145</ns3:hr>
            <ns3:cad>88</ns3:cad>
          </ns3:TrackPointExtension>
        </extensions>
      </trkpt>
      <trkpt lat="31.1613097228109836578369140625" lon="121.19255837984383106231689453125">
        <ele>4.19999980926513671875</ele>
        <time>2026-09-05T12:51:00.000Z</time>
        <extensions>
          <ns3:TrackPointExtension>
            <ns3:hr>146</ns3:hr>
            <ns3:cad>87</ns3:cad>
          </ns3:TrackPointExtension>
        </extensions>
      </trkpt>
      <trkpt lat="31.16131098009645938873291015625" lon="121.192584447562694549560546875">
        <ele>4.19999980926513671875</ele>
        <time>2026-09-05T12:51:01.000Z</time>
        <extensions>
          <ns3:TrackPointExtension>
            <ns3:hr>146</ns3:hr>
            <ns3:cad>87</ns3:cad>
          </ns3:TrackPointExtension>
        </extensions>
      </trkpt>
      <trkpt lat="31.16131357848644256591796875" lon="121.19261101819574832916259765625">
        <ele>4.19999980926513671875</ele>
        <time>2026-09-05T12:51:02.000Z</time>
        <extensions>
          <ns3:TrackPointExtension>
            <ns3:hr>146</ns3:hr>
            <ns3:cad>87</ns3:cad>
          </ns3:TrackPointExtension>
        </extensions>
      </trkpt>
      <trkpt lat="31.1613194458186626434326171875" lon="121.192634068429470062255859375">
        <ele>4.19999980926513671875</ele>
        <time>2026-09-05T12:51:03.000Z</time>
        <extensions>
          <ns3:TrackPointExtension>
            <ns3:hr>146</ns3:hr>
            <ns3:cad>88</ns3:cad>
          </ns3:TrackPointExtension>
        </extensions>
      </trkpt>
      <trkpt lat="31.161322630941867828369140625" lon="121.1926577053964138031005859375">
        <ele>4.19999980926513671875</ele>
        <time>2026-09-05T12:51:04.000Z</time>
        <extensions>
          <ns3:TrackPointExtension>
            <ns3:hr>146</ns3:hr>
            <ns3:cad>88</ns3:cad>
          </ns3:TrackPointExtension>
        </extensions>
      </trkpt>
      <trkpt lat="31.1613238044083118438720703125" lon="121.192685030400753021240234375">
        <ele>4</ele>
        <time>2026-09-05T12:51:05.000Z</time>
        <extensions>
          <ns3:TrackPointExtension>
            <ns3:hr>146</ns3:hr>
            <ns3:cad>88</ns3:cad>
          </ns3:TrackPointExtension>
        </extensions>
      </trkpt>
      <trkpt lat="31.16132472641766071319580078125" lon="121.1927069909870624542236328125">
        <ele>4</ele>
        <time>2026-09-05T12:51:06.000Z</time>
        <extensions>
          <ns3:TrackPointExtension>
            <ns3:hr>146</ns3:hr>
            <ns3:cad>87</ns3:cad>
          </ns3:TrackPointExtension>
        </extensions>
      </trkpt>
      <trkpt lat="31.16132271476089954376220703125" lon="121.19273741729557514190673828125">
        <ele>4</ele>
        <time>2026-09-05T12:51:07.000Z</time>
        <extensions>
          <ns3:TrackPointExtension>
            <ns3:hr>145</ns3:hr>
            <ns3:cad>87</ns3:cad>
          </ns3:TrackPointExtension>
        </extensions>
      </trkpt>
      <trkpt lat="31.16132187657058238983154296875" lon="121.192759461700916290283203125">
        <ele>4</ele>
        <time>2026-09-05T12:51:08.000Z</time>
        <extensions>
          <ns3:TrackPointExtension>
            <ns3:hr>146</ns3:hr>
            <ns3:cad>87</ns3:cad>
          </ns3:TrackPointExtension>
        </extensions>
      </trkpt>
      <trkpt lat="31.1613251455128192901611328125" lon="121.19278720580041408538818359375">
        <ele>4</ele>
        <time>2026-09-05T12:51:09.000Z</time>
        <extensions>
          <ns3:TrackPointExtension>
            <ns3:hr>146</ns3:hr>
            <ns3:cad>87</ns3:cad>
          </ns3:TrackPointExtension>
        </extensions>
      </trkpt>
      <trkpt lat="31.16132506169378757476806640625" lon="121.19280883111059665679931640625">
        <ele>4.19999980926513671875</ele>
        <time>2026-09-05T12:51:10.000Z</time>
        <extensions>
          <ns3:TrackPointExtension>
            <ns3:hr>145</ns3:hr>
            <ns3:cad>88</ns3:cad>
          </ns3:TrackPointExtension>
        </extensions>
      </trkpt>
      <trkpt lat="31.16132807917892932891845703125" lon="121.19283087551593780517578125">
        <ele>4.19999980926513671875</ele>
        <time>2026-09-05T12:51:11.000Z</time>
        <extensions>
          <ns3:TrackPointExtension>
            <ns3:hr>145</ns3:hr>
            <ns3:cad>88</ns3:cad>
          </ns3:TrackPointExtension>
        </extensions>
      </trkpt>
      <trkpt lat="31.16132707335054874420166015625" lon="121.19285308755934238433837890625">
        <ele>4.19999980926513671875</ele>
        <time>2026-09-05T12:51:12.000Z</time>
        <extensions>
          <ns3:TrackPointExtension>
            <ns3:hr>145</ns3:hr>
            <ns3:cad>88</ns3:cad>
          </ns3:TrackPointExtension>
        </extensions>
      </trkpt>
      <trkpt lat="31.16132858209311962127685546875" lon="121.19287504814565181732177734375">
        <ele>4.19999980926513671875</ele>
        <time>2026-09-05T12:51:13.000Z</time>
        <extensions>
          <ns3:TrackPointExtension>
            <ns3:hr>146</ns3:hr>
            <ns3:cad>87</ns3:cad>
          </ns3:TrackPointExtension>
        </extensions>
      </trkpt>
      <trkpt lat="31.1613274924457073211669921875" lon="121.19290287606418132781982421875">
        <ele>4.19999980926513671875</ele>
        <time>2026-09-05T12:51:14.000Z</time>
        <extensions>
          <ns3:TrackPointExtension>
            <ns3:hr>145</ns3:hr>
            <ns3:cad>86</ns3:cad>
          </ns3:TrackPointExtension>
        </extensions>
      </trkpt>
      <trkpt lat="31.1613291688263416290283203125" lon="121.19292567484080791473388671875">
        <ele>4.19999980926513671875</ele>
        <time>2026-09-05T12:51:15.000Z</time>
        <extensions>
          <ns3:TrackPointExtension>
            <ns3:hr>145</ns3:hr>
            <ns3:cad>86</ns3:cad>
          </ns3:TrackPointExtension>
        </extensions>
      </trkpt>
      <trkpt lat="31.16133235394954681396484375" lon="121.19295367039740085601806640625">
        <ele>4.19999980926513671875</ele>
        <time>2026-09-05T12:51:16.000Z</time>
        <extensions>
          <ns3:TrackPointExtension>
            <ns3:hr>146</ns3:hr>
            <ns3:cad>87</ns3:cad>
          </ns3:TrackPointExtension>
        </extensions>
      </trkpt>
      <trkpt lat="31.16133260540664196014404296875" lon="121.192978061735630035400390625">
        <ele>4.19999980926513671875</ele>
        <time>2026-09-05T12:51:17.000Z</time>
        <extensions>
          <ns3:TrackPointExtension>
            <ns3:hr>145</ns3:hr>
            <ns3:cad>87</ns3:cad>
          </ns3:TrackPointExtension>
        </extensions>
      </trkpt>
      <trkpt lat="31.16133796982467174530029296875" lon="121.193007566034793853759765625">
        <ele>4.19999980926513671875</ele>
        <time>2026-09-05T12:51:18.000Z</time>
        <extensions>
          <ns3:TrackPointExtension>
            <ns3:hr>145</ns3:hr>
            <ns3:cad>87</ns3:cad>
          </ns3:TrackPointExtension>
        </extensions>
      </trkpt>
      <trkpt lat="31.16133931092917919158935546875" lon="121.1930301971733570098876953125">
        <ele>4.19999980926513671875</ele>
        <time>2026-09-05T12:51:19.000Z</time>
        <extensions>
          <ns3:TrackPointExtension>
            <ns3:hr>146</ns3:hr>
            <ns3:cad>86</ns3:cad>
          </ns3:TrackPointExtension>
        </extensions>
      </trkpt>
      <trkpt lat="31.16134568117558956146240234375" lon="121.1930536665022373199462890625">
        <ele>4.19999980926513671875</ele>
        <time>2026-09-05T12:51:20.000Z</time>
        <extensions>
          <ns3:TrackPointExtension>
            <ns3:hr>145</ns3:hr>
            <ns3:cad>86</ns3:cad>
          </ns3:TrackPointExtension>
        </extensions>
      </trkpt>
      <trkpt lat="31.16134710609912872314453125" lon="121.1930801533162593841552734375">
        <ele>4.19999980926513671875</ele>
        <time>2026-09-05T12:51:21.000Z</time>
        <extensions>
          <ns3:TrackPointExtension>
            <ns3:hr>145</ns3:hr>
            <ns3:cad>86</ns3:cad>
          </ns3:TrackPointExtension>
        </extensions>
      </trkpt>
      <trkpt lat="31.16135154850780963897705078125" lon="121.193104125559329986572265625">
        <ele>4.19999980926513671875</ele>
        <time>2026-09-05T12:51:22.000Z</time>
        <extensions>
          <ns3:TrackPointExtension>
            <ns3:hr>145</ns3:hr>
            <ns3:cad>87</ns3:cad>
          </ns3:TrackPointExtension>
        </extensions>
      </trkpt>
      <trkpt lat="31.16135439835488796234130859375" lon="121.19313052855432033538818359375">
        <ele>4.19999980926513671875</ele>
        <time>2026-09-05T12:51:23.000Z</time>
        <extensions>
          <ns3:TrackPointExtension>
            <ns3:hr>145</ns3:hr>
            <ns3:cad>87</ns3:cad>
          </ns3:TrackPointExtension>
        </extensions>
      </trkpt>
      <trkpt lat="31.16136026568710803985595703125" lon="121.193154752254486083984375">
        <ele>4.19999980926513671875</ele>
        <time>2026-09-05T12:51:24.000Z</time>
        <extensions>
          <ns3:TrackPointExtension>
            <ns3:hr>144</ns3:hr>
            <ns3:cad>88</ns3:cad>
          </ns3:TrackPointExtension>
        </extensions>
      </trkpt>
      <trkpt lat="31.1613620258867740631103515625" lon="121.19318651966750621795654296875">
        <ele>4.19999980926513671875</ele>
        <time>2026-09-05T12:51:25.000Z</time>
        <extensions>
          <ns3:TrackPointExtension>
            <ns3:hr>144</ns3:hr>
            <ns3:cad>88</ns3:cad>
          </ns3:TrackPointExtension>
        </extensions>
      </trkpt>
      <trkpt lat="31.16136982105672359466552734375" lon="121.1932139284908771514892578125">
        <ele>4.400000095367431640625</ele>
        <time>2026-09-05T12:51:26.000Z</time>
        <extensions>
          <ns3:TrackPointExtension>
            <ns3:hr>144</ns3:hr>
            <ns3:cad>88</ns3:cad>
          </ns3:TrackPointExtension>
        </extensions>
      </trkpt>
      <trkpt lat="31.16137686185538768768310546875" lon="121.1932472884654998779296875">
        <ele>4.400000095367431640625</ele>
        <time>2026-09-05T12:51:27.000Z</time>
        <extensions>
          <ns3:TrackPointExtension>
            <ns3:hr>144</ns3:hr>
            <ns3:cad>86</ns3:cad>
          </ns3:TrackPointExtension>
        </extensions>
      </trkpt>
      <trkpt lat="31.16138608194887638092041015625" lon="121.19327335618436336517333984375">
        <ele>4.19999980926513671875</ele>
        <time>2026-09-05T12:51:28.000Z</time>
        <extensions>
          <ns3:TrackPointExtension>
            <ns3:hr>144</ns3:hr>
            <ns3:cad>85</ns3:cad>
          </ns3:TrackPointExtension>
        </extensions>
      </trkpt>
      <trkpt lat="31.16139404475688934326171875" lon="121.193303950130939483642578125">
        <ele>4.19999980926513671875</ele>
        <time>2026-09-05T12:51:29.000Z</time>
        <extensions>
          <ns3:TrackPointExtension>
            <ns3:hr>144</ns3:hr>
            <ns3:cad>85</ns3:cad>
          </ns3:TrackPointExtension>
        </extensions>
      </trkpt>
      <trkpt lat="31.16139949299395084381103515625" lon="121.19333219714462757110595703125">
        <ele>4.19999980926513671875</ele>
        <time>2026-09-05T12:51:30.000Z</time>
        <extensions>
          <ns3:TrackPointExtension>
            <ns3:hr>144</ns3:hr>
            <ns3:cad>85</ns3:cad>
          </ns3:TrackPointExtension>
        </extensions>
      </trkpt>
      <trkpt lat="31.16140703670680522918701171875" lon="121.1933547444641590118408203125">
        <ele>4.19999980926513671875</ele>
        <time>2026-09-05T12:51:31.000Z</time>
        <extensions>
          <ns3:TrackPointExtension>
            <ns3:hr>144</ns3:hr>
            <ns3:cad>85</ns3:cad>
          </ns3:TrackPointExtension>
        </extensions>
      </trkpt>
      <trkpt lat="31.16141642443835735321044921875" lon="121.19338206946849822998046875">
        <ele>4.19999980926513671875</ele>
        <time>2026-09-05T12:51:32.000Z</time>
        <extensions>
          <ns3:TrackPointExtension>
            <ns3:hr>144</ns3:hr>
            <ns3:cad>86</ns3:cad>
          </ns3:TrackPointExtension>
        </extensions>
      </trkpt>
      <trkpt lat="31.161423884332180023193359375" lon="121.19340277276933193206787109375">
        <ele>4.19999980926513671875</ele>
        <time>2026-09-05T12:51:33.000Z</time>
        <extensions>
          <ns3:TrackPointExtension>
            <ns3:hr>144</ns3:hr>
            <ns3:cad>86</ns3:cad>
          </ns3:TrackPointExtension>
        </extensions>
      </trkpt>
      <trkpt lat="31.161429919302463531494140625" lon="121.19343026541173458099365234375">
        <ele>4.19999980926513671875</ele>
        <time>2026-09-05T12:51:34.000Z</time>
        <extensions>
          <ns3:TrackPointExtension>
            <ns3:hr>144</ns3:hr>
            <ns3:cad>86</ns3:cad>
          </ns3:TrackPointExtension>
        </extensions>
      </trkpt>
      <trkpt lat="31.16143419407308101654052734375" lon="121.193452812731266021728515625">
        <ele>4.19999980926513671875</ele>
        <time>2026-09-05T12:51:35.000Z</time>
        <extensions>
          <ns3:TrackPointExtension>
            <ns3:hr>144</ns3:hr>
            <ns3:cad>86</ns3:cad>
          </ns3:TrackPointExtension>
        </extensions>
      </trkpt>
      <trkpt lat="31.1614404805004596710205078125" lon="121.1934761144220829010009765625">
        <ele>4.19999980926513671875</ele>
        <time>2026-09-05T12:51:36.000Z</time>
        <extensions>
          <ns3:TrackPointExtension>
            <ns3:hr>144</ns3:hr>
            <ns3:cad>86</ns3:cad>
          </ns3:TrackPointExtension>
        </extensions>
      </trkpt>
      <trkpt lat="31.16144374944269657135009765625" lon="121.19349832646548748016357421875">
        <ele>4.19999980926513671875</ele>
        <time>2026-09-05T12:51:37.000Z</time>
        <extensions>
          <ns3:TrackPointExtension>
            <ns3:hr>144</ns3:hr>
            <ns3:cad>87</ns3:cad>
          </ns3:TrackPointExtension>
        </extensions>
      </trkpt>
      <trkpt lat="31.1614535562694072723388671875" lon="121.1935208737850189208984375">
        <ele>4.19999980926513671875</ele>
        <time>2026-09-05T12:51:38.000Z</time>
        <extensions>
          <ns3:TrackPointExtension>
            <ns3:hr>144</ns3:hr>
            <ns3:cad>86</ns3:cad>
          </ns3:TrackPointExtension>
        </extensions>
      </trkpt>
      <trkpt lat="31.161461435258388519287109375" lon="121.1935461871325969696044921875">
        <ele>4.19999980926513671875</ele>
        <time>2026-09-05T12:51:39.000Z</time>
        <extensions>
          <ns3:TrackPointExtension>
            <ns3:hr>144</ns3:hr>
            <ns3:cad>86</ns3:cad>
          </ns3:TrackPointExtension>
        </extensions>
      </trkpt>
      <trkpt lat="31.16146571002900600433349609375" lon="121.19356638751924037933349609375">
        <ele>4</ele>
        <time>2026-09-05T12:51:40.000Z</time>
        <extensions>
          <ns3:TrackPointExtension>
            <ns3:hr>144</ns3:hr>
            <ns3:cad>86</ns3:cad>
          </ns3:TrackPointExtension>
        </extensions>
      </trkpt>
      <trkpt lat="31.16146780550479888916015625" lon="121.1935937963426113128662109375">
        <ele>4</ele>
        <time>2026-09-05T12:51:41.000Z</time>
        <extensions>
          <ns3:TrackPointExtension>
            <ns3:hr>145</ns3:hr>
            <ns3:cad>86</ns3:cad>
          </ns3:TrackPointExtension>
        </extensions>
      </trkpt>
      <trkpt lat="31.16147157736122608184814453125" lon="121.193615086376667022705078125">
        <ele>4.19999980926513671875</ele>
        <time>2026-09-05T12:51:42.000Z</time>
        <extensions>
          <ns3:TrackPointExtension>
            <ns3:hr>144</ns3:hr>
            <ns3:cad>86</ns3:cad>
          </ns3:TrackPointExtension>
        </extensions>
      </trkpt>
      <trkpt lat="31.16147861815989017486572265625" lon="121.19364551268517971038818359375">
        <ele>4.19999980926513671875</ele>
        <time>2026-09-05T12:51:43.000Z</time>
        <extensions>
          <ns3:TrackPointExtension>
            <ns3:hr>144</ns3:hr>
            <ns3:cad>87</ns3:cad>
          </ns3:TrackPointExtension>
        </extensions>
      </trkpt>
      <trkpt lat="31.16148632951080799102783203125" lon="121.19367233477532863616943359375">
        <ele>4.19999980926513671875</ele>
        <time>2026-09-05T12:51:44.000Z</time>
        <extensions>
          <ns3:TrackPointExtension>
            <ns3:hr>145</ns3:hr>
            <ns3:cad>87</ns3:cad>
          </ns3:TrackPointExtension>
        </extensions>
      </trkpt>
      <trkpt lat="31.16148867644369602203369140625" lon="121.1936953850090503692626953125">
        <ele>4.19999980926513671875</ele>
        <time>2026-09-05T12:51:45.000Z</time>
        <extensions>
          <ns3:TrackPointExtension>
            <ns3:hr>144</ns3:hr>
            <ns3:cad>87</ns3:cad>
          </ns3:TrackPointExtension>
        </extensions>
      </trkpt>
      <trkpt lat="31.16147912107408046722412109375" lon="121.19371625594794750213623046875">
        <ele>4.19999980926513671875</ele>
        <time>2026-09-05T12:51:46.000Z</time>
        <extensions>
          <ns3:TrackPointExtension>
            <ns3:hr>144</ns3:hr>
            <ns3:cad>87</ns3:cad>
          </ns3:TrackPointExtension>
        </extensions>
      </trkpt>
      <trkpt lat="31.1614699847996234893798828125" lon="121.193727068603038787841796875">
        <ele>4.19999980926513671875</ele>
        <time>2026-09-05T12:51:47.000Z</time>
        <extensions>
          <ns3:TrackPointExtension>
            <ns3:hr>144</ns3:hr>
            <ns3:cad>87</ns3:cad>
          </ns3:TrackPointExtension>
        </extensions>
      </trkpt>
      <trkpt lat="31.161452718079090118408203125" lon="121.19373142719268798828125">
        <ele>4</ele>
        <time>2026-09-05T12:51:48.000Z</time>
        <extensions>
          <ns3:TrackPointExtension>
            <ns3:hr>144</ns3:hr>
            <ns3:cad>87</ns3:cad>
          </ns3:TrackPointExtension>
        </extensions>
      </trkpt>
      <trkpt lat="31.16144123487174510955810546875" lon="121.193733103573322296142578125">
        <ele>4</ele>
        <time>2026-09-05T12:51:49.000Z</time>
        <extensions>
          <ns3:TrackPointExtension>
            <ns3:hr>144</ns3:hr>
            <ns3:cad>87</ns3:cad>
          </ns3:TrackPointExtension>
        </extensions>
      </trkpt>
      <trkpt lat="31.16142648272216320037841796875" lon="121.19373670779168605804443359375">
        <ele>4</ele>
        <time>2026-09-05T12:51:50.000Z</time>
        <extensions>
          <ns3:TrackPointExtension>
            <ns3:hr>144</ns3:hr>
            <ns3:cad>84</ns3:cad>
          </ns3:TrackPointExtension>
        </extensions>
      </trkpt>
      <trkpt lat="31.1614067852497100830078125" lon="121.19373536668717861175537109375">
        <ele>4</ele>
        <time>2026-09-05T12:51:51.000Z</time>
        <extensions>
          <ns3:TrackPointExtension>
            <ns3:hr>144</ns3:hr>
            <ns3:cad>84</ns3:cad>
          </ns3:TrackPointExtension>
        </extensions>
      </trkpt>
      <trkpt lat="31.161392033100128173828125" lon="121.1937396414577960968017578125">
        <ele>4</ele>
        <time>2026-09-05T12:51:52.000Z</time>
        <extensions>
          <ns3:TrackPointExtension>
            <ns3:hr>144</ns3:hr>
            <ns3:cad>84</ns3:cad>
          </ns3:TrackPointExtension>
        </extensions>
      </trkpt>
      <trkpt lat="31.16136982105672359466552734375" lon="121.19374207220971584320068359375">
        <ele>4</ele>
        <time>2026-09-05T12:51:53.000Z</time>
        <extensions>
          <ns3:TrackPointExtension>
            <ns3:hr>144</ns3:hr>
            <ns3:cad>84</ns3:cad>
          </ns3:TrackPointExtension>
        </extensions>
      </trkpt>
      <trkpt lat="31.16135389544069766998291015625" lon="121.1937486939132213592529296875">
        <ele>4</ele>
        <time>2026-09-05T12:51:54.000Z</time>
        <extensions>
          <ns3:TrackPointExtension>
            <ns3:hr>144</ns3:hr>
            <ns3:cad>84</ns3:cad>
          </ns3:TrackPointExtension>
        </extensions>
      </trkpt>
      <trkpt lat="31.16133193485438823699951171875" lon="121.1937530525028705596923828125">
        <ele>4</ele>
        <time>2026-09-05T12:51:55.000Z</time>
        <extensions>
          <ns3:TrackPointExtension>
            <ns3:hr>144</ns3:hr>
            <ns3:cad>84</ns3:cad>
          </ns3:TrackPointExtension>
        </extensions>
      </trkpt>
      <trkpt lat="31.1613100580871105194091796875" lon="121.19375665672123432159423828125">
        <ele>4</ele>
        <time>2026-09-05T12:51:56.000Z</time>
        <extensions>
          <ns3:TrackPointExtension>
            <ns3:hr>144</ns3:hr>
            <ns3:cad>84</ns3:cad>
          </ns3:TrackPointExtension>
        </extensions>
      </trkpt>
      <trkpt lat="31.16129270754754543304443359375" lon="121.19376034475862979888916015625">
        <ele>4</ele>
        <time>2026-09-05T12:51:57.000Z</time>
        <extensions>
          <ns3:TrackPointExtension>
            <ns3:hr>144</ns3:hr>
            <ns3:cad>85</ns3:cad>
          </ns3:TrackPointExtension>
        </extensions>
      </trkpt>
      <trkpt lat="31.161269657313823699951171875" lon="121.19376319460570812225341796875">
        <ele>4</ele>
        <time>2026-09-05T12:51:58.000Z</time>
        <extensions>
          <ns3:TrackPointExtension>
            <ns3:hr>144</ns3:hr>
            <ns3:cad>86</ns3:cad>
          </ns3:TrackPointExtension>
        </extensions>
      </trkpt>
      <trkpt lat="31.16125213913619518280029296875" lon="121.19376654736697673797607421875">
        <ele>4</ele>
        <time>2026-09-05T12:51:59.000Z</time>
        <extensions>
          <ns3:TrackPointExtension>
            <ns3:hr>144</ns3:hr>
            <ns3:cad>86</ns3:cad>
          </ns3:TrackPointExtension>
        </extensions>
      </trkpt>
      <trkpt lat="31.16123017854988574981689453125" lon="121.19377342052757740020751953125">
        <ele>4</ele>
        <time>2026-09-05T12:52:00.000Z</time>
        <extensions>
          <ns3:TrackPointExtension>
            <ns3:hr>144</ns3:hr>
            <ns3:cad>86</ns3:cad>
          </ns3:TrackPointExtension>
        </extensions>
      </trkpt>
      <trkpt lat="31.16121592931449413299560546875" lon="121.1937758512794971466064453125">
        <ele>4</ele>
        <time>2026-09-05T12:52:01.000Z</time>
        <extensions>
          <ns3:TrackPointExtension>
            <ns3:hr>144</ns3:hr>
            <ns3:cad>85</ns3:cad>
          </ns3:TrackPointExtension>
        </extensions>
      </trkpt>
      <trkpt lat="31.16119748912751674652099609375" lon="121.1937832273542881011962890625">
        <ele>4</ele>
        <time>2026-09-05T12:52:02.000Z</time>
        <extensions>
          <ns3:TrackPointExtension>
            <ns3:hr>144</ns3:hr>
            <ns3:cad>84</ns3:cad>
          </ns3:TrackPointExtension>
        </extensions>
      </trkpt>
      <trkpt lat="31.1611769534647464752197265625" lon="121.193788088858127593994140625">
        <ele>4</ele>
        <time>2026-09-05T12:52:03.000Z</time>
        <extensions>
          <ns3:TrackPointExtension>
            <ns3:hr>144</ns3:hr>
            <ns3:cad>84</ns3:cad>
          </ns3:TrackPointExtension>
        </extensions>
      </trkpt>
      <trkpt lat="31.1611608602106571197509765625" lon="121.19379303418099880218505859375">
        <ele>4</ele>
        <time>2026-09-05T12:52:04.000Z</time>
        <extensions>
          <ns3:TrackPointExtension>
            <ns3:hr>144</ns3:hr>
            <ns3:cad>84</ns3:cad>
          </ns3:TrackPointExtension>
        </extensions>
      </trkpt>
      <trkpt lat="31.161134541034698486328125" lon="121.1937952972948551177978515625">
        <ele>4</ele>
        <time>2026-09-05T12:52:05.000Z</time>
        <extensions>
          <ns3:TrackPointExtension>
            <ns3:hr>144</ns3:hr>
            <ns3:cad>85</ns3:cad>
          </ns3:TrackPointExtension>
        </extensions>
      </trkpt>
      <trkpt lat="31.16111576557159423828125" lon="121.193798482418060302734375">
        <ele>4</ele>
        <time>2026-09-05T12:52:06.000Z</time>
        <extensions>
          <ns3:TrackPointExtension>
            <ns3:hr>144</ns3:hr>
            <ns3:cad>85</ns3:cad>
          </ns3:TrackPointExtension>
        </extensions>
      </trkpt>
      <trkpt lat="31.16109640337526798248291015625" lon="121.1938006617128849029541015625">
        <ele>4</ele>
        <time>2026-09-05T12:52:07.000Z</time>
        <extensions>
          <ns3:TrackPointExtension>
            <ns3:hr>144</ns3:hr>
            <ns3:cad>85</ns3:cad>
          </ns3:TrackPointExtension>
        </extensions>
      </trkpt>
      <trkpt lat="31.161075197160243988037109375" lon="121.1937989853322505950927734375">
        <ele>4</ele>
        <time>2026-09-05T12:52:08.000Z</time>
        <extensions>
          <ns3:TrackPointExtension>
            <ns3:hr>144</ns3:hr>
            <ns3:cad>84</ns3:cad>
          </ns3:TrackPointExtension>
        </extensions>
      </trkpt>
      <trkpt lat="31.1610612832009792327880859375" lon="121.19380309246480464935302734375">
        <ele>4</ele>
        <time>2026-09-05T12:52:09.000Z</time>
        <extensions>
          <ns3:TrackPointExtension>
            <ns3:hr>144</ns3:hr>
            <ns3:cad>84</ns3:cad>
          </ns3:TrackPointExtension>
        </extensions>
      </trkpt>
      <trkpt lat="31.16103823296725749969482421875" lon="121.19380585849285125732421875">
        <ele>4</ele>
        <time>2026-09-05T12:52:10.000Z</time>
        <extensions>
          <ns3:TrackPointExtension>
            <ns3:hr>144</ns3:hr>
            <ns3:cad>84</ns3:cad>
          </ns3:TrackPointExtension>
        </extensions>
      </trkpt>
      <trkpt lat="31.1610223911702632904052734375" lon="121.19381180964410305023193359375">
        <ele>4</ele>
        <time>2026-09-05T12:52:11.000Z</time>
        <extensions>
          <ns3:TrackPointExtension>
            <ns3:hr>144</ns3:hr>
            <ns3:cad>84</ns3:cad>
          </ns3:TrackPointExtension>
        </extensions>
      </trkpt>
      <trkpt lat="31.16100571118295192718505859375" lon="121.1938211135566234588623046875">
        <ele>4</ele>
        <time>2026-09-05T12:52:12.000Z</time>
        <extensions>
          <ns3:TrackPointExtension>
            <ns3:hr>144</ns3:hr>
            <ns3:cad>84</ns3:cad>
          </ns3:TrackPointExtension>
        </extensions>
      </trkpt>
      <trkpt lat="31.16098743863403797149658203125" lon="121.193830333650112152099609375">
        <ele>4</ele>
        <time>2026-09-05T12:52:13.000Z</time>
        <extensions>
          <ns3:TrackPointExtension>
            <ns3:hr>143</ns3:hr>
            <ns3:cad>84</ns3:cad>
          </ns3:TrackPointExtension>
        </extensions>
      </trkpt>
      <trkpt lat="31.1609724350273609161376953125" lon="121.1938419006764888763427734375">
        <ele>4</ele>
        <time>2026-09-05T12:52:14.000Z</time>
        <extensions>
          <ns3:TrackPointExtension>
            <ns3:hr>143</ns3:hr>
            <ns3:cad>84</ns3:cad>
          </ns3:TrackPointExtension>
        </extensions>
      </trkpt>
      <trkpt lat="31.16094745695590972900390625" lon="121.19384734891355037689208984375">
        <ele>4</ele>
        <time>2026-09-05T12:52:15.000Z</time>
        <extensions>
          <ns3:TrackPointExtension>
            <ns3:hr>143</ns3:hr>
            <ns3:cad>84</ns3:cad>
          </ns3:TrackPointExtension>
        </extensions>
      </trkpt>
      <trkpt lat="31.1609293520450592041015625" lon="121.19385422207415103912353515625">
        <ele>4</ele>
        <time>2026-09-05T12:52:16.000Z</time>
        <extensions>
          <ns3:TrackPointExtension>
            <ns3:hr>143</ns3:hr>
            <ns3:cad>84</ns3:cad>
          </ns3:TrackPointExtension>
        </extensions>
      </trkpt>
      <trkpt lat="31.1609057150781154632568359375" lon="121.19386277161538600921630859375">
        <ele>4</ele>
        <time>2026-09-05T12:52:17.000Z</time>
        <extensions>
          <ns3:TrackPointExtension>
            <ns3:hr>143</ns3:hr>
            <ns3:cad>84</ns3:cad>
          </ns3:TrackPointExtension>
        </extensions>
      </trkpt>
      <trkpt lat="31.1608869396150112152099609375" lon="121.19387065060436725616455078125">
        <ele>4</ele>
        <time>2026-09-05T12:52:18.000Z</time>
        <extensions>
          <ns3:TrackPointExtension>
            <ns3:hr>143</ns3:hr>
            <ns3:cad>84</ns3:cad>
          </ns3:TrackPointExtension>
        </extensions>
      </trkpt>
      <trkpt lat="31.16087243892252445220947265625" lon="121.19387635029852390289306640625">
        <ele>4</ele>
        <time>2026-09-05T12:52:19.000Z</time>
        <extensions>
          <ns3:TrackPointExtension>
            <ns3:hr>143</ns3:hr>
            <ns3:cad>84</ns3:cad>
          </ns3:TrackPointExtension>
        </extensions>
      </trkpt>
      <trkpt lat="31.16084896959364414215087890625" lon="121.1938821338117122650146484375">
        <ele>4</ele>
        <time>2026-09-05T12:52:20.000Z</time>
        <extensions>
          <ns3:TrackPointExtension>
            <ns3:hr>143</ns3:hr>
            <ns3:cad>84</ns3:cad>
          </ns3:TrackPointExtension>
        </extensions>
      </trkpt>
      <trkpt lat="31.16083203814923763275146484375" lon="121.1938874982297420501708984375">
        <ele>4</ele>
        <time>2026-09-05T12:52:21.000Z</time>
        <extensions>
          <ns3:TrackPointExtension>
            <ns3:hr>143</ns3:hr>
            <ns3:cad>84</ns3:cad>
          </ns3:TrackPointExtension>
        </extensions>
      </trkpt>
      <trkpt lat="31.1608131788671016693115234375" lon="121.19389244355261325836181640625">
        <ele>4</ele>
        <time>2026-09-05T12:52:22.000Z</time>
        <extensions>
          <ns3:TrackPointExtension>
            <ns3:hr>142</ns3:hr>
            <ns3:cad>84</ns3:cad>
          </ns3:TrackPointExtension>
        </extensions>
      </trkpt>
      <trkpt lat="31.160792224109172821044921875" lon="121.19390266947448253631591796875">
        <ele>4</ele>
        <time>2026-09-05T12:52:23.000Z</time>
        <extensions>
          <ns3:TrackPointExtension>
            <ns3:hr>143</ns3:hr>
            <ns3:cad>84</ns3:cad>
          </ns3:TrackPointExtension>
        </extensions>
      </trkpt>
      <trkpt lat="31.16077470593154430389404296875" lon="121.19391205720603466033935546875">
        <ele>4</ele>
        <time>2026-09-05T12:52:24.000Z</time>
        <extensions>
          <ns3:TrackPointExtension>
            <ns3:hr>143</ns3:hr>
            <ns3:cad>84</ns3:cad>
          </ns3:TrackPointExtension>
        </extensions>
      </trkpt>
      <trkpt lat="31.1607523262500762939453125" lon="121.19392178021371364593505859375">
        <ele>4</ele>
        <time>2026-09-05T12:52:25.000Z</time>
        <extensions>
          <ns3:TrackPointExtension>
            <ns3:hr>143</ns3:hr>
            <ns3:cad>84</ns3:cad>
          </ns3:TrackPointExtension>
        </extensions>
      </trkpt>
      <trkpt lat="31.16073279641568660736083984375" lon="121.19393058121204376220703125">
        <ele>4</ele>
        <time>2026-09-05T12:52:26.000Z</time>
        <extensions>
          <ns3:TrackPointExtension>
            <ns3:hr>143</ns3:hr>
            <ns3:cad>84</ns3:cad>
          </ns3:TrackPointExtension>
        </extensions>
      </trkpt>
      <trkpt lat="31.16070806980133056640625" lon="121.19394189678132534027099609375">
        <ele>4</ele>
        <time>2026-09-05T12:52:27.000Z</time>
        <extensions>
          <ns3:TrackPointExtension>
            <ns3:hr>143</ns3:hr>
            <ns3:cad>85</ns3:cad>
          </ns3:TrackPointExtension>
        </extensions>
      </trkpt>
      <trkpt lat="31.1606901325285434722900390625" lon="121.19394994340837001800537109375">
        <ele>4</ele>
        <time>2026-09-05T12:52:28.000Z</time>
        <extensions>
          <ns3:TrackPointExtension>
            <ns3:hr>143</ns3:hr>
            <ns3:cad>84</ns3:cad>
          </ns3:TrackPointExtension>
        </extensions>
      </trkpt>
      <trkpt lat="31.16066850721836090087890625" lon="121.19396008551120758056640625">
        <ele>4</ele>
        <time>2026-09-05T12:52:29.000Z</time>
        <extensions>
          <ns3:TrackPointExtension>
            <ns3:hr>142</ns3:hr>
            <ns3:cad>84</ns3:cad>
          </ns3:TrackPointExtension>
        </extensions>
      </trkpt>
      <trkpt lat="31.160645373165607452392578125" lon="121.1939729936420917510986328125">
        <ele>4</ele>
        <time>2026-09-05T12:52:30.000Z</time>
        <extensions>
          <ns3:TrackPointExtension>
            <ns3:hr>143</ns3:hr>
            <ns3:cad>84</ns3:cad>
          </ns3:TrackPointExtension>
        </extensions>
      </trkpt>
      <trkpt lat="31.160628609359264373779296875" lon="121.1939822137355804443359375">
        <ele>4</ele>
        <time>2026-09-05T12:52:31.000Z</time>
        <extensions>
          <ns3:TrackPointExtension>
            <ns3:hr>142</ns3:hr>
            <ns3:cad>84</ns3:cad>
          </ns3:TrackPointExtension>
        </extensions>
      </trkpt>
      <trkpt lat="31.16060824133455753326416015625" lon="121.1939929425716400146484375">
        <ele>4</ele>
        <time>2026-09-05T12:52:32.000Z</time>
        <extensions>
          <ns3:TrackPointExtension>
            <ns3:hr>142</ns3:hr>
            <ns3:cad>84</ns3:cad>
          </ns3:TrackPointExtension>
        </extensions>
      </trkpt>
      <trkpt lat="31.1605885438621044158935546875" lon="121.1940009891986846923828125">
        <ele>4</ele>
        <time>2026-09-05T12:52:33.000Z</time>
        <extensions>
          <ns3:TrackPointExtension>
            <ns3:hr>142</ns3:hr>
            <ns3:cad>85</ns3:cad>
          </ns3:TrackPointExtension>
        </extensions>
      </trkpt>
      <trkpt lat="31.1605687625706195831298828125" lon="121.19401213712990283966064453125">
        <ele>4</ele>
        <time>2026-09-05T12:52:34.000Z</time>
        <extensions>
          <ns3:TrackPointExtension>
            <ns3:hr>143</ns3:hr>
            <ns3:cad>85</ns3:cad>
          </ns3:TrackPointExtension>
        </extensions>
      </trkpt>
      <trkpt lat="31.160549819469451904296875" lon="121.19402118958532810211181640625">
        <ele>4</ele>
        <time>2026-09-05T12:52:35.000Z</time>
        <extensions>
          <ns3:TrackPointExtension>
            <ns3:hr>142</ns3:hr>
            <ns3:cad>85</ns3:cad>
          </ns3:TrackPointExtension>
        </extensions>
      </trkpt>
      <trkpt lat="31.16053305566310882568359375" lon="121.19403124786913394927978515625">
        <ele>4</ele>
        <time>2026-09-05T12:52:36.000Z</time>
        <extensions>
          <ns3:TrackPointExtension>
            <ns3:hr>142</ns3:hr>
            <ns3:cad>83</ns3:cad>
          </ns3:TrackPointExtension>
        </extensions>
      </trkpt>
      <trkpt lat="31.1605097539722919464111328125" lon="121.1940377019345760345458984375">
        <ele>4</ele>
        <time>2026-09-05T12:52:37.000Z</time>
        <extensions>
          <ns3:TrackPointExtension>
            <ns3:hr>143</ns3:hr>
            <ns3:cad>83</ns3:cad>
          </ns3:TrackPointExtension>
        </extensions>
      </trkpt>
      <trkpt lat="31.16049676202237606048583984375" lon="121.19404583238065242767333984375">
        <ele>4</ele>
        <time>2026-09-05T12:52:38.000Z</time>
        <extensions>
          <ns3:TrackPointExtension>
            <ns3:hr>142</ns3:hr>
            <ns3:cad>83</ns3:cad>
          </ns3:TrackPointExtension>
        </extensions>
      </trkpt>
      <trkpt lat="31.16047765128314495086669921875" lon="121.1940544657409191131591796875">
        <ele>4</ele>
        <time>2026-09-05T12:52:39.000Z</time>
        <extensions>
          <ns3:TrackPointExtension>
            <ns3:hr>142</ns3:hr>
            <ns3:cad>84</ns3:cad>
          </ns3:TrackPointExtension>
        </extensions>
      </trkpt>
      <trkpt lat="31.16045954637229442596435546875" lon="121.1940628476440906524658203125">
        <ele>4</ele>
        <time>2026-09-05T12:52:40.000Z</time>
        <extensions>
          <ns3:TrackPointExtension>
            <ns3:hr>143</ns3:hr>
            <ns3:cad>85</ns3:cad>
          </ns3:TrackPointExtension>
        </extensions>
      </trkpt>
      <trkpt lat="31.1604453809559345245361328125" lon="121.194072403013706207275390625">
        <ele>4</ele>
        <time>2026-09-05T12:52:41.000Z</time>
        <extensions>
          <ns3:TrackPointExtension>
            <ns3:hr>142</ns3:hr>
            <ns3:cad>85</ns3:cad>
          </ns3:TrackPointExtension>
        </extensions>
      </trkpt>
      <trkpt lat="31.160426102578639984130859375" lon="121.194080449640750885009765625">
        <ele>4</ele>
        <time>2026-09-05T12:52:42.000Z</time>
        <extensions>
          <ns3:TrackPointExtension>
            <ns3:hr>142</ns3:hr>
            <ns3:cad>85</ns3:cad>
          </ns3:TrackPointExtension>
        </extensions>
      </trkpt>
      <trkpt lat="31.1604130268096923828125" lon="121.19409360922873020172119140625">
        <ele>4</ele>
        <time>2026-09-05T12:52:43.000Z</time>
        <extensions>
          <ns3:TrackPointExtension>
            <ns3:hr>143</ns3:hr>
            <ns3:cad>85</ns3:cad>
          </ns3:TrackPointExtension>
        </extensions>
      </trkpt>
      <trkpt lat="31.16038863547146320343017578125" lon="121.19410358369350433349609375">
        <ele>4</ele>
        <time>2026-09-05T12:52:44.000Z</time>
        <extensions>
          <ns3:TrackPointExtension>
            <ns3:hr>143</ns3:hr>
            <ns3:cad>85</ns3:cad>
          </ns3:TrackPointExtension>
        </extensions>
      </trkpt>
      <trkpt lat="31.1603712849318981170654296875" lon="121.194111965596675872802734375">
        <ele>4</ele>
        <time>2026-09-05T12:52:45.000Z</time>
        <extensions>
          <ns3:TrackPointExtension>
            <ns3:hr>143</ns3:hr>
            <ns3:cad>85</ns3:cad>
          </ns3:TrackPointExtension>
        </extensions>
      </trkpt>
      <trkpt lat="31.16035066545009613037109375" lon="121.194124035537242889404296875">
        <ele>4</ele>
        <time>2026-09-05T12:52:46.000Z</time>
        <extensions>
          <ns3:TrackPointExtension>
            <ns3:hr>143</ns3:hr>
            <ns3:cad>86</ns3:cad>
          </ns3:TrackPointExtension>
        </extensions>
      </trkpt>
      <trkpt lat="31.16033650003373622894287109375" lon="121.1941369436681270599365234375">
        <ele>4</ele>
        <time>2026-09-05T12:52:47.000Z</time>
        <extensions>
          <ns3:TrackPointExtension>
            <ns3:hr>143</ns3:hr>
            <ns3:cad>86</ns3:cad>
          </ns3:TrackPointExtension>
        </extensions>
      </trkpt>
      <trkpt lat="31.160312779247760772705078125" lon="121.19415462948381900787353515625">
        <ele>4</ele>
        <time>2026-09-05T12:52:48.000Z</time>
        <extensions>
          <ns3:TrackPointExtension>
            <ns3:hr>143</ns3:hr>
            <ns3:cad>86</ns3:cad>
          </ns3:TrackPointExtension>
        </extensions>
      </trkpt>
      <trkpt lat="31.16029559634625911712646484375" lon="121.194170303642749786376953125">
        <ele>4</ele>
        <time>2026-09-05T12:52:49.000Z</time>
        <extensions>
          <ns3:TrackPointExtension>
            <ns3:hr>143</ns3:hr>
            <ns3:cad>86</ns3:cad>
          </ns3:TrackPointExtension>
        </extensions>
      </trkpt>
      <trkpt lat="31.16027288138866424560546875" lon="121.19418866001069545745849609375">
        <ele>4</ele>
        <time>2026-09-05T12:52:50.000Z</time>
        <extensions>
          <ns3:TrackPointExtension>
            <ns3:hr>142</ns3:hr>
            <ns3:cad>86</ns3:cad>
          </ns3:TrackPointExtension>
        </extensions>
      </trkpt>
      <trkpt lat="31.16024740040302276611328125" lon="121.19419905357062816619873046875">
        <ele>4</ele>
        <time>2026-09-05T12:52:51.000Z</time>
        <extensions>
          <ns3:TrackPointExtension>
            <ns3:hr>143</ns3:hr>
            <ns3:cad>87</ns3:cad>
          </ns3:TrackPointExtension>
        </extensions>
      </trkpt>
      <trkpt lat="31.16022954694926738739013671875" lon="121.1942080222070217132568359375">
        <ele>4</ele>
        <time>2026-09-05T12:52:52.000Z</time>
        <extensions>
          <ns3:TrackPointExtension>
            <ns3:hr>143</ns3:hr>
            <ns3:cad>87</ns3:cad>
          </ns3:TrackPointExtension>
        </extensions>
      </trkpt>
      <trkpt lat="31.16020490415394306182861328125" lon="121.1942200921475887298583984375">
        <ele>4</ele>
        <time>2026-09-05T12:52:53.000Z</time>
        <extensions>
          <ns3:TrackPointExtension>
            <ns3:hr>142</ns3:hr>
            <ns3:cad>87</ns3:cad>
          </ns3:TrackPointExtension>
        </extensions>
      </trkpt>
      <trkpt lat="31.16018495522439479827880859375" lon="121.19422906078398227691650390625">
        <ele>4</ele>
        <time>2026-09-05T12:52:54.000Z</time>
        <extensions>
          <ns3:TrackPointExtension>
            <ns3:hr>143</ns3:hr>
            <ns3:cad>87</ns3:cad>
          </ns3:TrackPointExtension>
        </extensions>
      </trkpt>
      <trkpt lat="31.160165928304195404052734375" lon="121.19424146600067615509033203125">
        <ele>4.19999980926513671875</ele>
        <time>2026-09-05T12:52:55.000Z</time>
        <extensions>
          <ns3:TrackPointExtension>
            <ns3:hr>143</ns3:hr>
            <ns3:cad>86</ns3:cad>
          </ns3:TrackPointExtension>
        </extensions>
      </trkpt>
      <trkpt lat="31.1601459793746471405029296875" lon="121.19425437413156032562255859375">
        <ele>4.19999980926513671875</ele>
        <time>2026-09-05T12:52:56.000Z</time>
        <extensions>
          <ns3:TrackPointExtension>
            <ns3:hr>142</ns3:hr>
            <ns3:cad>85</ns3:cad>
          </ns3:TrackPointExtension>
        </extensions>
      </trkpt>
      <trkpt lat="31.16012913174927234649658203125" lon="121.1942707188427448272705078125">
        <ele>4.19999980926513671875</ele>
        <time>2026-09-05T12:52:57.000Z</time>
        <extensions>
          <ns3:TrackPointExtension>
            <ns3:hr>143</ns3:hr>
            <ns3:cad>84</ns3:cad>
          </ns3:TrackPointExtension>
        </extensions>
      </trkpt>
      <trkpt lat="31.16010951809585094451904296875" lon="121.19428622536361217498779296875">
        <ele>4.19999980926513671875</ele>
        <time>2026-09-05T12:52:58.000Z</time>
        <extensions>
          <ns3:TrackPointExtension>
            <ns3:hr>143</ns3:hr>
            <ns3:cad>84</ns3:cad>
          </ns3:TrackPointExtension>
        </extensions>
      </trkpt>
      <trkpt lat="31.16009091027081012725830078125" lon="121.1943042464554309844970703125">
        <ele>4.19999980926513671875</ele>
        <time>2026-09-05T12:52:59.000Z</time>
        <extensions>
          <ns3:TrackPointExtension>
            <ns3:hr>142</ns3:hr>
            <ns3:cad>85</ns3:cad>
          </ns3:TrackPointExtension>
        </extensions>
      </trkpt>
      <trkpt lat="31.1600732244551181793212890625" lon="121.19431908242404460906982421875">
        <ele>4.19999980926513671875</ele>
        <time>2026-09-05T12:53:00.000Z</time>
        <extensions>
          <ns3:TrackPointExtension>
            <ns3:hr>143</ns3:hr>
            <ns3:cad>85</ns3:cad>
          </ns3:TrackPointExtension>
        </extensions>
      </trkpt>
      <trkpt lat="31.160054616630077362060546875" lon="121.19433316402137279510498046875">
        <ele>4</ele>
        <time>2026-09-05T12:53:01.000Z</time>
        <extensions>
          <ns3:TrackPointExtension>
            <ns3:hr>143</ns3:hr>
            <ns3:cad>85</ns3:cad>
          </ns3:TrackPointExtension>
        </extensions>
      </trkpt>
      <trkpt lat="31.160040199756622314453125" lon="121.19435210712254047393798828125">
        <ele>4</ele>
        <time>2026-09-05T12:53:02.000Z</time>
        <extensions>
          <ns3:TrackPointExtension>
            <ns3:hr>143</ns3:hr>
            <ns3:cad>85</ns3:cad>
          </ns3:TrackPointExtension>
        </extensions>
      </trkpt>
      <trkpt lat="31.16002419032156467437744140625" lon="121.19436250068247318267822265625">
        <ele>4</ele>
        <time>2026-09-05T12:53:03.000Z</time>
        <extensions>
          <ns3:TrackPointExtension>
            <ns3:hr>143</ns3:hr>
            <ns3:cad>85</ns3:cad>
          </ns3:TrackPointExtension>
        </extensions>
      </trkpt>
      <trkpt lat="31.1600105278193950653076171875" lon="121.19437775574624538421630859375">
        <ele>4</ele>
        <time>2026-09-05T12:53:04.000Z</time>
        <extensions>
          <ns3:TrackPointExtension>
            <ns3:hr>143</ns3:hr>
            <ns3:cad>85</ns3:cad>
          </ns3:TrackPointExtension>
        </extensions>
      </trkpt>
      <trkpt lat="31.1599951051175594329833984375" lon="121.19438831694424152374267578125">
        <ele>4</ele>
        <time>2026-09-05T12:53:05.000Z</time>
        <extensions>
          <ns3:TrackPointExtension>
            <ns3:hr>143</ns3:hr>
            <ns3:cad>85</ns3:cad>
          </ns3:TrackPointExtension>
        </extensions>
      </trkpt>
      <trkpt lat="31.15997917950153350830078125" lon="121.1944033205509185791015625">
        <ele>4</ele>
        <time>2026-09-05T12:53:06.000Z</time>
        <extensions>
          <ns3:TrackPointExtension>
            <ns3:hr>144</ns3:hr>
            <ns3:cad>86</ns3:cad>
          </ns3:TrackPointExtension>
        </extensions>
      </trkpt>
      <trkpt lat="31.15995696745812892913818359375" lon="121.1944179050624370574951171875">
        <ele>4</ele>
        <time>2026-09-05T12:53:07.000Z</time>
        <extensions>
          <ns3:TrackPointExtension>
            <ns3:hr>144</ns3:hr>
            <ns3:cad>86</ns3:cad>
          </ns3:TrackPointExtension>
        </extensions>
      </trkpt>
      <trkpt lat="31.15993802435696125030517578125" lon="121.1944336630403995513916015625">
        <ele>4</ele>
        <time>2026-09-05T12:53:08.000Z</time>
        <extensions>
          <ns3:TrackPointExtension>
            <ns3:hr>144</ns3:hr>
            <ns3:cad>86</ns3:cad>
          </ns3:TrackPointExtension>
        </extensions>
      </trkpt>
      <trkpt lat="31.15991673432290554046630859375" lon="121.19445025920867919921875">
        <ele>4</ele>
        <time>2026-09-05T12:53:09.000Z</time>
        <extensions>
          <ns3:TrackPointExtension>
            <ns3:hr>144</ns3:hr>
            <ns3:cad>86</ns3:cad>
          </ns3:TrackPointExtension>
        </extensions>
      </trkpt>
      <trkpt lat="31.15989427082240581512451171875" lon="121.19446258060634136199951171875">
        <ele>4</ele>
        <time>2026-09-05T12:53:10.000Z</time>
        <extensions>
          <ns3:TrackPointExtension>
            <ns3:hr>144</ns3:hr>
            <ns3:cad>86</ns3:cad>
          </ns3:TrackPointExtension>
        </extensions>
      </trkpt>
      <trkpt lat="31.15987717173993587493896484375" lon="121.1944732256233692169189453125">
        <ele>4</ele>
        <time>2026-09-05T12:53:11.000Z</time>
        <extensions>
          <ns3:TrackPointExtension>
            <ns3:hr>144</ns3:hr>
            <ns3:cad>85</ns3:cad>
          </ns3:TrackPointExtension>
        </extensions>
      </trkpt>
      <trkpt lat="31.15985319949686527252197265625" lon="121.19448571465909481048583984375">
        <ele>4</ele>
        <time>2026-09-05T12:53:12.000Z</time>
        <extensions>
          <ns3:TrackPointExtension>
            <ns3:hr>143</ns3:hr>
            <ns3:cad>85</ns3:cad>
          </ns3:TrackPointExtension>
        </extensions>
      </trkpt>
      <trkpt lat="31.1598375253379344940185546875" lon="121.194495856761932373046875">
        <ele>4</ele>
        <time>2026-09-05T12:53:13.000Z</time>
        <extensions>
          <ns3:TrackPointExtension>
            <ns3:hr>144</ns3:hr>
            <ns3:cad>85</ns3:cad>
          </ns3:TrackPointExtension>
        </extensions>
      </trkpt>
      <trkpt lat="31.15981631912291049957275390625" lon="121.19450725615024566650390625">
        <ele>4</ele>
        <time>2026-09-05T12:53:14.000Z</time>
        <extensions>
          <ns3:TrackPointExtension>
            <ns3:hr>144</ns3:hr>
            <ns3:cad>85</ns3:cad>
          </ns3:TrackPointExtension>
        </extensions>
      </trkpt>
      <trkpt lat="31.1598006449639797210693359375" lon="121.19451857171952724456787109375">
        <ele>4</ele>
        <time>2026-09-05T12:53:15.000Z</time>
        <extensions>
          <ns3:TrackPointExtension>
            <ns3:hr>143</ns3:hr>
            <ns3:cad>85</ns3:cad>
          </ns3:TrackPointExtension>
        </extensions>
      </trkpt>
      <trkpt lat="31.15978262387216091156005859375" lon="121.1945292167365550994873046875">
        <ele>4</ele>
        <time>2026-09-05T12:53:16.000Z</time>
        <extensions>
          <ns3:TrackPointExtension>
            <ns3:hr>143</ns3:hr>
            <ns3:cad>85</ns3:cad>
          </ns3:TrackPointExtension>
        </extensions>
      </trkpt>
      <trkpt lat="31.159759573638439178466796875" lon="121.1945406161248683929443359375">
        <ele>4</ele>
        <time>2026-09-05T12:53:17.000Z</time>
        <extensions>
          <ns3:TrackPointExtension>
            <ns3:hr>143</ns3:hr>
            <ns3:cad>85</ns3:cad>
          </ns3:TrackPointExtension>
        </extensions>
      </trkpt>
      <trkpt lat="31.15974440239369869232177734375" lon="121.1945489980280399322509765625">
        <ele>4</ele>
        <time>2026-09-05T12:53:18.000Z</time>
        <extensions>
          <ns3:TrackPointExtension>
            <ns3:hr>143</ns3:hr>
            <ns3:cad>85</ns3:cad>
          </ns3:TrackPointExtension>
        </extensions>
      </trkpt>
      <trkpt lat="31.1597255431115627288818359375" lon="121.1945593915879726409912109375">
        <ele>4</ele>
        <time>2026-09-05T12:53:19.000Z</time>
        <extensions>
          <ns3:TrackPointExtension>
            <ns3:hr>143</ns3:hr>
            <ns3:cad>85</ns3:cad>
          </ns3:TrackPointExtension>
        </extensions>
      </trkpt>
      <trkpt lat="31.159711293876171112060546875" lon="121.194567941129207611083984375">
        <ele>4</ele>
        <time>2026-09-05T12:53:20.000Z</time>
        <extensions>
          <ns3:TrackPointExtension>
            <ns3:hr>143</ns3:hr>
            <ns3:cad>86</ns3:cad>
          </ns3:TrackPointExtension>
        </extensions>
      </trkpt>
      <trkpt lat="31.1596900038421154022216796875" lon="121.19457858614623546600341796875">
        <ele>4</ele>
        <time>2026-09-05T12:53:21.000Z</time>
        <extensions>
          <ns3:TrackPointExtension>
            <ns3:hr>142</ns3:hr>
            <ns3:cad>86</ns3:cad>
          </ns3:TrackPointExtension>
        </extensions>
      </trkpt>
      <trkpt lat="31.1596712283790111541748046875" lon="121.1945902369916439056396484375">
        <ele>4</ele>
        <time>2026-09-05T12:53:22.000Z</time>
        <extensions>
          <ns3:TrackPointExtension>
            <ns3:hr>143</ns3:hr>
            <ns3:cad>85</ns3:cad>
          </ns3:TrackPointExtension>
        </extensions>
      </trkpt>
      <trkpt lat="31.15965203382074832916259765625" lon="121.1946013011038303375244140625">
        <ele>3.7999999523162841796875</ele>
        <time>2026-09-05T12:53:23.000Z</time>
        <extensions>
          <ns3:TrackPointExtension>
            <ns3:hr>143</ns3:hr>
            <ns3:cad>84</ns3:cad>
          </ns3:TrackPointExtension>
        </extensions>
      </trkpt>
      <trkpt lat="31.15962957032024860382080078125" lon="121.19460976682603359222412109375">
        <ele>3.7999999523162841796875</ele>
        <time>2026-09-05T12:53:24.000Z</time>
        <extensions>
          <ns3:TrackPointExtension>
            <ns3:hr>143</ns3:hr>
            <ns3:cad>84</ns3:cad>
          </ns3:TrackPointExtension>
        </extensions>
      </trkpt>
      <trkpt lat="31.159614063799381256103515625" lon="121.19461965747177600860595703125">
        <ele>3.7999999523162841796875</ele>
        <time>2026-09-05T12:53:25.000Z</time>
        <extensions>
          <ns3:TrackPointExtension>
            <ns3:hr>142</ns3:hr>
            <ns3:cad>85</ns3:cad>
          </ns3:TrackPointExtension>
        </extensions>
      </trkpt>
      <trkpt lat="31.1595900915563106536865234375" lon="121.19462954811751842498779296875">
        <ele>3.7999999523162841796875</ele>
        <time>2026-09-05T12:53:26.000Z</time>
        <extensions>
          <ns3:TrackPointExtension>
            <ns3:hr>143</ns3:hr>
            <ns3:cad>85</ns3:cad>
          </ns3:TrackPointExtension>
        </extensions>
      </trkpt>
      <trkpt lat="31.15957240574061870574951171875" lon="121.194637008011341094970703125">
        <ele>3.7999999523162841796875</ele>
        <time>2026-09-05T12:53:27.000Z</time>
        <extensions>
          <ns3:TrackPointExtension>
            <ns3:hr>143</ns3:hr>
            <ns3:cad>85</ns3:cad>
          </ns3:TrackPointExtension>
        </extensions>
      </trkpt>
      <trkpt lat="31.159552037715911865234375" lon="121.19464715011417865753173828125">
        <ele>3.7999999523162841796875</ele>
        <time>2026-09-05T12:53:28.000Z</time>
        <extensions>
          <ns3:TrackPointExtension>
            <ns3:hr>142</ns3:hr>
            <ns3:cad>85</ns3:cad>
          </ns3:TrackPointExtension>
        </extensions>
      </trkpt>
      <trkpt lat="31.1595297418534755706787109375" lon="121.19465821422636508941650390625">
        <ele>3.7999999523162841796875</ele>
        <time>2026-09-05T12:53:29.000Z</time>
        <extensions>
          <ns3:TrackPointExtension>
            <ns3:hr>143</ns3:hr>
            <ns3:cad>85</ns3:cad>
          </ns3:TrackPointExtension>
        </extensions>
      </trkpt>
      <trkpt lat="31.159513480961322784423828125" lon="121.19466659612953662872314453125">
        <ele>3.7999999523162841796875</ele>
        <time>2026-09-05T12:53:30.000Z</time>
        <extensions>
          <ns3:TrackPointExtension>
            <ns3:hr>143</ns3:hr>
            <ns3:cad>85</ns3:cad>
          </ns3:TrackPointExtension>
        </extensions>
      </trkpt>
      <trkpt lat="31.15948858670890331268310546875" lon="121.19467623531818389892578125">
        <ele>3.7999999523162841796875</ele>
        <time>2026-09-05T12:53:31.000Z</time>
        <extensions>
          <ns3:TrackPointExtension>
            <ns3:hr>142</ns3:hr>
            <ns3:cad>84</ns3:cad>
          </ns3:TrackPointExtension>
        </extensions>
      </trkpt>
      <trkpt lat="31.1594687215983867645263671875" lon="121.19468252174556255340576171875">
        <ele>3.599999904632568359375</ele>
        <time>2026-09-05T12:53:32.000Z</time>
        <extensions>
          <ns3:TrackPointExtension>
            <ns3:hr>143</ns3:hr>
            <ns3:cad>84</ns3:cad>
          </ns3:TrackPointExtension>
        </extensions>
      </trkpt>
      <trkpt lat="31.15944835357367992401123046875" lon="121.1946903169155120849609375">
        <ele>3.599999904632568359375</ele>
        <time>2026-09-05T12:53:33.000Z</time>
        <extensions>
          <ns3:TrackPointExtension>
            <ns3:hr>143</ns3:hr>
            <ns3:cad>84</ns3:cad>
          </ns3:TrackPointExtension>
        </extensions>
      </trkpt>
      <trkpt lat="31.15942739881575107574462890625" lon="121.1946938373148441314697265625">
        <ele>3.7999999523162841796875</ele>
        <time>2026-09-05T12:53:34.000Z</time>
        <extensions>
          <ns3:TrackPointExtension>
            <ns3:hr>142</ns3:hr>
            <ns3:cad>84</ns3:cad>
          </ns3:TrackPointExtension>
        </extensions>
      </trkpt>
      <trkpt lat="31.15941080264747142791748046875" lon="121.19470230303704738616943359375">
        <ele>3.599999904632568359375</ele>
        <time>2026-09-05T12:53:35.000Z</time>
        <extensions>
          <ns3:TrackPointExtension>
            <ns3:hr>142</ns3:hr>
            <ns3:cad>84</ns3:cad>
          </ns3:TrackPointExtension>
        </extensions>
      </trkpt>
      <trkpt lat="31.15938615985214710235595703125" lon="121.19470850564539432525634765625">
        <ele>3.599999904632568359375</ele>
        <time>2026-09-05T12:53:36.000Z</time>
        <extensions>
          <ns3:TrackPointExtension>
            <ns3:hr>142</ns3:hr>
            <ns3:cad>85</ns3:cad>
          </ns3:TrackPointExtension>
        </extensions>
      </trkpt>
      <trkpt lat="31.1593688093125820159912109375" lon="121.194714792072772979736328125">
        <ele>3.599999904632568359375</ele>
        <time>2026-09-05T12:53:37.000Z</time>
        <extensions>
          <ns3:TrackPointExtension>
            <ns3:hr>143</ns3:hr>
            <ns3:cad>85</ns3:cad>
          </ns3:TrackPointExtension>
        </extensions>
      </trkpt>
      <trkpt lat="31.15934827364981174468994140625" lon="121.19472208432853221893310546875">
        <ele>3.599999904632568359375</ele>
        <time>2026-09-05T12:53:38.000Z</time>
        <extensions>
          <ns3:TrackPointExtension>
            <ns3:hr>142</ns3:hr>
            <ns3:cad>84</ns3:cad>
          </ns3:TrackPointExtension>
        </extensions>
      </trkpt>
      <trkpt lat="31.1593280732631683349609375" lon="121.19472661055624485015869140625">
        <ele>3.599999904632568359375</ele>
        <time>2026-09-05T12:53:39.000Z</time>
        <extensions>
          <ns3:TrackPointExtension>
            <ns3:hr>142</ns3:hr>
            <ns3:cad>84</ns3:cad>
          </ns3:TrackPointExtension>
        </extensions>
      </trkpt>
      <trkpt lat="31.15931038744747638702392578125" lon="121.194734908640384674072265625">
        <ele>3.599999904632568359375</ele>
        <time>2026-09-05T12:53:40.000Z</time>
        <extensions>
          <ns3:TrackPointExtension>
            <ns3:hr>143</ns3:hr>
            <ns3:cad>84</ns3:cad>
          </ns3:TrackPointExtension>
        </extensions>
      </trkpt>
      <trkpt lat="31.15928775630891323089599609375" lon="121.1947367526590824127197265625">
        <ele>3.599999904632568359375</ele>
        <time>2026-09-05T12:53:41.000Z</time>
        <extensions>
          <ns3:TrackPointExtension>
            <ns3:hr>142</ns3:hr>
            <ns3:cad>85</ns3:cad>
          </ns3:TrackPointExtension>
        </extensions>
      </trkpt>
      <trkpt lat="31.15927241742610931396484375" lon="121.1947404406964778900146484375">
        <ele>3.7999999523162841796875</ele>
        <time>2026-09-05T12:53:42.000Z</time>
        <extensions>
          <ns3:TrackPointExtension>
            <ns3:hr>142</ns3:hr>
            <ns3:cad>85</ns3:cad>
          </ns3:TrackPointExtension>
        </extensions>
      </trkpt>
      <trkpt lat="31.15925154648721218109130859375" lon="121.19474572129547595977783203125">
        <ele>3.7999999523162841796875</ele>
        <time>2026-09-05T12:53:43.000Z</time>
        <extensions>
          <ns3:TrackPointExtension>
            <ns3:hr>143</ns3:hr>
            <ns3:cad>85</ns3:cad>
          </ns3:TrackPointExtension>
        </extensions>
      </trkpt>
      <trkpt lat="31.1592333577573299407958984375" lon="121.1947491578757762908935546875">
        <ele>3.7999999523162841796875</ele>
        <time>2026-09-05T12:53:44.000Z</time>
        <extensions>
          <ns3:TrackPointExtension>
            <ns3:hr>142</ns3:hr>
            <ns3:cad>84</ns3:cad>
          </ns3:TrackPointExtension>
        </extensions>
      </trkpt>
      <trkpt lat="31.15921801887452602386474609375" lon="121.1947561986744403839111328125">
        <ele>3.599999904632568359375</ele>
        <time>2026-09-05T12:53:45.000Z</time>
        <extensions>
          <ns3:TrackPointExtension>
            <ns3:hr>142</ns3:hr>
            <ns3:cad>84</ns3:cad>
          </ns3:TrackPointExtension>
        </extensions>
      </trkpt>
      <trkpt lat="31.15919270552694797515869140625" lon="121.1947618983685970306396484375">
        <ele>3.599999904632568359375</ele>
        <time>2026-09-05T12:53:46.000Z</time>
        <extensions>
          <ns3:TrackPointExtension>
            <ns3:hr>143</ns3:hr>
            <ns3:cad>83</ns3:cad>
          </ns3:TrackPointExtension>
        </extensions>
      </trkpt>
      <trkpt lat="31.15917577408254146575927734375" lon="121.19476784951984882354736328125">
        <ele>3.599999904632568359375</ele>
        <time>2026-09-05T12:53:47.000Z</time>
        <extensions>
          <ns3:TrackPointExtension>
            <ns3:hr>142</ns3:hr>
            <ns3:cad>83</ns3:cad>
          </ns3:TrackPointExtension>
        </extensions>
      </trkpt>
      <trkpt lat="31.15915264002978801727294921875" lon="121.19477413594722747802734375">
        <ele>3.599999904632568359375</ele>
        <time>2026-09-05T12:53:48.000Z</time>
        <extensions>
          <ns3:TrackPointExtension>
            <ns3:hr>142</ns3:hr>
            <ns3:cad>83</ns3:cad>
          </ns3:TrackPointExtension>
        </extensions>
      </trkpt>
      <trkpt lat="31.15912891924381256103515625" lon="121.1947793327271938323974609375">
        <ele>3.7999999523162841796875</ele>
        <time>2026-09-05T12:53:49.000Z</time>
        <extensions>
          <ns3:TrackPointExtension>
            <ns3:hr>142</ns3:hr>
            <ns3:cad>83</ns3:cad>
          </ns3:TrackPointExtension>
        </extensions>
      </trkpt>
      <trkpt lat="31.1591116525232791900634765625" lon="121.19478511624038219451904296875">
        <ele>3.599999904632568359375</ele>
        <time>2026-09-05T12:53:50.000Z</time>
        <extensions>
          <ns3:TrackPointExtension>
            <ns3:hr>142</ns3:hr>
            <ns3:cad>83</ns3:cad>
          </ns3:TrackPointExtension>
        </extensions>
      </trkpt>
      <trkpt lat="31.159089021384716033935546875" lon="121.194787211716175079345703125">
        <ele>3.7999999523162841796875</ele>
        <time>2026-09-05T12:53:51.000Z</time>
        <extensions>
          <ns3:TrackPointExtension>
            <ns3:hr>143</ns3:hr>
            <ns3:cad>83</ns3:cad>
          </ns3:TrackPointExtension>
        </extensions>
      </trkpt>
      <trkpt lat="31.159071587026119232177734375" lon="121.19479081593453884124755859375">
        <ele>3.7999999523162841796875</ele>
        <time>2026-09-05T12:53:52.000Z</time>
        <extensions>
          <ns3:TrackPointExtension>
            <ns3:hr>142</ns3:hr>
            <ns3:cad>83</ns3:cad>
          </ns3:TrackPointExtension>
        </extensions>
      </trkpt>
      <trkpt lat="31.15905205719172954559326171875" lon="121.194795928895473480224609375">
        <ele>3.599999904632568359375</ele>
        <time>2026-09-05T12:53:53.000Z</time>
        <extensions>
          <ns3:TrackPointExtension>
            <ns3:hr>142</ns3:hr>
            <ns3:cad>83</ns3:cad>
          </ns3:TrackPointExtension>
        </extensions>
      </trkpt>
      <trkpt lat="31.1590301804244518280029296875" lon="121.19479685090482234954833984375">
        <ele>3.599999904632568359375</ele>
        <time>2026-09-05T12:53:54.000Z</time>
        <extensions>
          <ns3:TrackPointExtension>
            <ns3:hr>142</ns3:hr>
            <ns3:cad>83</ns3:cad>
          </ns3:TrackPointExtension>
        </extensions>
      </trkpt>
      <trkpt lat="31.15901350043714046478271484375" lon="121.1948007903993129730224609375">
        <ele>3.599999904632568359375</ele>
        <time>2026-09-05T12:53:55.000Z</time>
        <extensions>
          <ns3:TrackPointExtension>
            <ns3:hr>142</ns3:hr>
            <ns3:cad>83</ns3:cad>
          </ns3:TrackPointExtension>
        </extensions>
      </trkpt>
      <trkpt lat="31.15899480879306793212890625" lon="121.194801628589630126953125">
        <ele>3.599999904632568359375</ele>
        <time>2026-09-05T12:53:56.000Z</time>
        <extensions>
          <ns3:TrackPointExtension>
            <ns3:hr>142</ns3:hr>
            <ns3:cad>84</ns3:cad>
          </ns3:TrackPointExtension>
        </extensions>
      </trkpt>
      <trkpt lat="31.1589758656919002532958984375" lon="121.19480288587510585784912109375">
        <ele>3.599999904632568359375</ele>
        <time>2026-09-05T12:53:57.000Z</time>
        <extensions>
          <ns3:TrackPointExtension>
            <ns3:hr>142</ns3:hr>
            <ns3:cad>84</ns3:cad>
          </ns3:TrackPointExtension>
        </extensions>
      </trkpt>
      <trkpt lat="31.158956252038478851318359375" lon="121.1948096752166748046875">
        <ele>3.599999904632568359375</ele>
        <time>2026-09-05T12:53:58.000Z</time>
        <extensions>
          <ns3:TrackPointExtension>
            <ns3:hr>141</ns3:hr>
            <ns3:cad>84</ns3:cad>
          </ns3:TrackPointExtension>
        </extensions>
      </trkpt>
      <trkpt lat="31.1589359678328037261962890625" lon="121.19480942375957965850830078125">
        <ele>3.599999904632568359375</ele>
        <time>2026-09-05T12:53:59.000Z</time>
        <extensions>
          <ns3:TrackPointExtension>
            <ns3:hr>141</ns3:hr>
            <ns3:cad>83</ns3:cad>
          </ns3:TrackPointExtension>
        </extensions>
      </trkpt>
      <trkpt lat="31.1589198745787143707275390625" lon="121.1948098428547382354736328125">
        <ele>3.599999904632568359375</ele>
        <time>2026-09-05T12:54:00.000Z</time>
        <extensions>
          <ns3:TrackPointExtension>
            <ns3:hr>141</ns3:hr>
            <ns3:cad>83</ns3:cad>
          </ns3:TrackPointExtension>
        </extensions>
      </trkpt>
      <trkpt lat="31.15889690816402435302734375" lon="121.19481026194989681243896484375">
        <ele>3.599999904632568359375</ele>
        <time>2026-09-05T12:54:01.000Z</time>
        <extensions>
          <ns3:TrackPointExtension>
            <ns3:hr>141</ns3:hr>
            <ns3:cad>83</ns3:cad>
          </ns3:TrackPointExtension>
        </extensions>
      </trkpt>
      <trkpt lat="31.15887536667287349700927734375" lon="121.1948128603398799896240234375">
        <ele>3.599999904632568359375</ele>
        <time>2026-09-05T12:54:02.000Z</time>
        <extensions>
          <ns3:TrackPointExtension>
            <ns3:hr>141</ns3:hr>
            <ns3:cad>83</ns3:cad>
          </ns3:TrackPointExtension>
        </extensions>
      </trkpt>
      <trkpt lat="31.158853657543659210205078125" lon="121.1948202364146709442138671875">
        <ele>3.599999904632568359375</ele>
        <time>2026-09-05T12:54:03.000Z</time>
        <extensions>
          <ns3:TrackPointExtension>
            <ns3:hr>141</ns3:hr>
            <ns3:cad>83</ns3:cad>
          </ns3:TrackPointExtension>
        </extensions>
      </trkpt>
      <trkpt lat="31.15883043967187404632568359375" lon="121.19482333771884441375732421875">
        <ele>3.599999904632568359375</ele>
        <time>2026-09-05T12:54:04.000Z</time>
        <extensions>
          <ns3:TrackPointExtension>
            <ns3:hr>141</ns3:hr>
            <ns3:cad>83</ns3:cad>
          </ns3:TrackPointExtension>
        </extensions>
      </trkpt>
      <trkpt lat="31.15881451405584812164306640625" lon="121.19482886977493762969970703125">
        <ele>3.599999904632568359375</ele>
        <time>2026-09-05T12:54:05.000Z</time>
        <extensions>
          <ns3:TrackPointExtension>
            <ns3:hr>141</ns3:hr>
            <ns3:cad>83</ns3:cad>
          </ns3:TrackPointExtension>
        </extensions>
      </trkpt>
      <trkpt lat="31.158790625631809234619140625" lon="121.1948289535939693450927734375">
        <ele>3.599999904632568359375</ele>
        <time>2026-09-05T12:54:06.000Z</time>
        <extensions>
          <ns3:TrackPointExtension>
            <ns3:hr>141</ns3:hr>
            <ns3:cad>83</ns3:cad>
          </ns3:TrackPointExtension>
        </extensions>
      </trkpt>
      <trkpt lat="31.158769167959690093994140625" lon="121.1948297917842864990234375">
        <ele>3.599999904632568359375</ele>
        <time>2026-09-05T12:54:07.000Z</time>
        <extensions>
          <ns3:TrackPointExtension>
            <ns3:hr>141</ns3:hr>
            <ns3:cad>83</ns3:cad>
          </ns3:TrackPointExtension>
        </extensions>
      </trkpt>
      <trkpt lat="31.1587448604404926300048828125" lon="121.19482954032719135284423828125">
        <ele>3.599999904632568359375</ele>
        <time>2026-09-05T12:54:08.000Z</time>
        <extensions>
          <ns3:TrackPointExtension>
            <ns3:hr>141</ns3:hr>
            <ns3:cad>83</ns3:cad>
          </ns3:TrackPointExtension>
        </extensions>
      </trkpt>
      <trkpt lat="31.1587234027683734893798828125" lon="121.1948279477655887603759765625">
        <ele>3.599999904632568359375</ele>
        <time>2026-09-05T12:54:09.000Z</time>
        <extensions>
          <ns3:TrackPointExtension>
            <ns3:hr>141</ns3:hr>
            <ns3:cad>84</ns3:cad>
          </ns3:TrackPointExtension>
        </extensions>
      </trkpt>
      <trkpt lat="31.158702783286571502685546875" lon="121.19483054615557193756103515625">
        <ele>3.599999904632568359375</ele>
        <time>2026-09-05T12:54:10.000Z</time>
        <extensions>
          <ns3:TrackPointExtension>
            <ns3:hr>141</ns3:hr>
            <ns3:cad>84</ns3:cad>
          </ns3:TrackPointExtension>
        </extensions>
      </trkpt>
      <trkpt lat="31.1586736142635345458984375" lon="121.19482635520398616790771484375">
        <ele>3.599999904632568359375</ele>
        <time>2026-09-05T12:54:11.000Z</time>
        <extensions>
          <ns3:TrackPointExtension>
            <ns3:hr>141</ns3:hr>
            <ns3:cad>84</ns3:cad>
          </ns3:TrackPointExtension>
        </extensions>
      </trkpt>
      <trkpt lat="31.1586536653339862823486328125" lon="121.1948269419372081756591796875">
        <ele>3.599999904632568359375</ele>
        <time>2026-09-05T12:54:12.000Z</time>
        <extensions>
          <ns3:TrackPointExtension>
            <ns3:hr>141</ns3:hr>
            <ns3:cad>84</ns3:cad>
          </ns3:TrackPointExtension>
        </extensions>
      </trkpt>
      <trkpt lat="31.1586241610348224639892578125" lon="121.19482501409947872161865234375">
        <ele>3.599999904632568359375</ele>
        <time>2026-09-05T12:54:13.000Z</time>
        <extensions>
          <ns3:TrackPointExtension>
            <ns3:hr>141</ns3:hr>
            <ns3:cad>85</ns3:cad>
          </ns3:TrackPointExtension>
        </extensions>
      </trkpt>
      <trkpt lat="31.15860681049525737762451171875" lon="121.19482568465173244476318359375">
        <ele>3.599999904632568359375</ele>
        <time>2026-09-05T12:54:14.000Z</time>
        <extensions>
          <ns3:TrackPointExtension>
            <ns3:hr>141</ns3:hr>
            <ns3:cad>84</ns3:cad>
          </ns3:TrackPointExtension>
        </extensions>
      </trkpt>
      <trkpt lat="31.1585849337279796600341796875" lon="121.19482434354722499847412109375">
        <ele>3.599999904632568359375</ele>
        <time>2026-09-05T12:54:15.000Z</time>
        <extensions>
          <ns3:TrackPointExtension>
            <ns3:hr>141</ns3:hr>
            <ns3:cad>84</ns3:cad>
          </ns3:TrackPointExtension>
        </extensions>
      </trkpt>
      <trkpt lat="31.15856565535068511962890625" lon="121.19482199661433696746826171875">
        <ele>3.599999904632568359375</ele>
        <time>2026-09-05T12:54:16.000Z</time>
        <extensions>
          <ns3:TrackPointExtension>
            <ns3:hr>141</ns3:hr>
            <ns3:cad>84</ns3:cad>
          </ns3:TrackPointExtension>
        </extensions>
      </trkpt>
      <trkpt lat="31.15854830481112003326416015625" lon="121.19482400827109813690185546875">
        <ele>3.599999904632568359375</ele>
        <time>2026-09-05T12:54:17.000Z</time>
        <extensions>
          <ns3:TrackPointExtension>
            <ns3:hr>141</ns3:hr>
            <ns3:cad>86</ns3:cad>
          </ns3:TrackPointExtension>
        </extensions>
      </trkpt>
      <trkpt lat="31.15852198563516139984130859375" lon="121.1948222480714321136474609375">
        <ele>3.599999904632568359375</ele>
        <time>2026-09-05T12:54:18.000Z</time>
        <extensions>
          <ns3:TrackPointExtension>
            <ns3:hr>141</ns3:hr>
            <ns3:cad>86</ns3:cad>
          </ns3:TrackPointExtension>
        </extensions>
      </trkpt>
      <trkpt lat="31.15850421600043773651123046875" lon="121.19482384063303470611572265625">
        <ele>3.599999904632568359375</ele>
        <time>2026-09-05T12:54:19.000Z</time>
        <extensions>
          <ns3:TrackPointExtension>
            <ns3:hr>141</ns3:hr>
            <ns3:cad>86</ns3:cad>
          </ns3:TrackPointExtension>
        </extensions>
      </trkpt>
      <trkpt lat="31.15848024375736713409423828125" lon="121.194823086261749267578125">
        <ele>3.599999904632568359375</ele>
        <time>2026-09-05T12:54:20.000Z</time>
        <extensions>
          <ns3:TrackPointExtension>
            <ns3:hr>141</ns3:hr>
            <ns3:cad>86</ns3:cad>
          </ns3:TrackPointExtension>
        </extensions>
      </trkpt>
      <trkpt lat="31.15846029482781887054443359375" lon="121.19482300244271755218505859375">
        <ele>3.599999904632568359375</ele>
        <time>2026-09-05T12:54:21.000Z</time>
        <extensions>
          <ns3:TrackPointExtension>
            <ns3:hr>141</ns3:hr>
            <ns3:cad>85</ns3:cad>
          </ns3:TrackPointExtension>
        </extensions>
      </trkpt>
      <trkpt lat="31.1584427766501903533935546875" lon="121.1948252655565738677978515625">
        <ele>3.599999904632568359375</ele>
        <time>2026-09-05T12:54:22.000Z</time>
        <extensions>
          <ns3:TrackPointExtension>
            <ns3:hr>141</ns3:hr>
            <ns3:cad>85</ns3:cad>
          </ns3:TrackPointExtension>
        </extensions>
      </trkpt>
      <trkpt lat="31.15842282772064208984375" lon="121.194824092090129852294921875">
        <ele>3.599999904632568359375</ele>
        <time>2026-09-05T12:54:23.000Z</time>
        <extensions>
          <ns3:TrackPointExtension>
            <ns3:hr>141</ns3:hr>
            <ns3:cad>85</ns3:cad>
          </ns3:TrackPointExtension>
        </extensions>
      </trkpt>
      <trkpt lat="31.158409081399440765380859375" lon="121.19482752867043018341064453125">
        <ele>3.599999904632568359375</ele>
        <time>2026-09-05T12:54:24.000Z</time>
        <extensions>
          <ns3:TrackPointExtension>
            <ns3:hr>141</ns3:hr>
            <ns3:cad>85</ns3:cad>
          </ns3:TrackPointExtension>
        </extensions>
      </trkpt>
      <trkpt lat="31.1583857797086238861083984375" lon="121.19482970796525478363037109375">
        <ele>3.599999904632568359375</ele>
        <time>2026-09-05T12:54:25.000Z</time>
        <extensions>
          <ns3:TrackPointExtension>
            <ns3:hr>141</ns3:hr>
            <ns3:cad>85</ns3:cad>
          </ns3:TrackPointExtension>
        </extensions>
      </trkpt>
      <trkpt lat="31.1583670042455196380615234375" lon="121.1948393471539020538330078125">
        <ele>3.599999904632568359375</ele>
        <time>2026-09-05T12:54:26.000Z</time>
        <extensions>
          <ns3:TrackPointExtension>
            <ns3:hr>141</ns3:hr>
            <ns3:cad>85</ns3:cad>
          </ns3:TrackPointExtension>
        </extensions>
      </trkpt>
      <trkpt lat="31.15833557210862636566162109375" lon="121.19484253227710723876953125">
        <ele>3.599999904632568359375</ele>
        <time>2026-09-05T12:54:27.000Z</time>
        <extensions>
          <ns3:TrackPointExtension>
            <ns3:hr>142</ns3:hr>
            <ns3:cad>85</ns3:cad>
          </ns3:TrackPointExtension>
        </extensions>
      </trkpt>
      <trkpt lat="31.158312521874904632568359375" lon="121.1948467232286930084228515625">
        <ele>3.599999904632568359375</ele>
        <time>2026-09-05T12:54:28.000Z</time>
        <extensions>
          <ns3:TrackPointExtension>
            <ns3:hr>141</ns3:hr>
            <ns3:cad>85</ns3:cad>
          </ns3:TrackPointExtension>
        </extensions>
      </trkpt>
      <trkpt lat="31.15828511305153369903564453125" lon="121.194856949150562286376953125">
        <ele>3.599999904632568359375</ele>
        <time>2026-09-05T12:54:29.000Z</time>
        <extensions>
          <ns3:TrackPointExtension>
            <ns3:hr>141</ns3:hr>
            <ns3:cad>86</ns3:cad>
          </ns3:TrackPointExtension>
        </extensions>
      </trkpt>
      <trkpt lat="31.15826533176004886627197265625" lon="121.19487027637660503387451171875">
        <ele>3.599999904632568359375</ele>
        <time>2026-09-05T12:54:30.000Z</time>
        <extensions>
          <ns3:TrackPointExtension>
            <ns3:hr>141</ns3:hr>
            <ns3:cad>87</ns3:cad>
          </ns3:TrackPointExtension>
        </extensions>
      </trkpt>
      <trkpt lat="31.15824337117373943328857421875" lon="121.19488201104104518890380859375">
        <ele>3.599999904632568359375</ele>
        <time>2026-09-05T12:54:31.000Z</time>
        <extensions>
          <ns3:TrackPointExtension>
            <ns3:hr>141</ns3:hr>
            <ns3:cad>87</ns3:cad>
          </ns3:TrackPointExtension>
        </extensions>
      </trkpt>
      <trkpt lat="31.15821939893066883087158203125" lon="121.1948876269161701202392578125">
        <ele>3.400000095367431640625</ele>
        <time>2026-09-05T12:54:32.000Z</time>
        <extensions>
          <ns3:TrackPointExtension>
            <ns3:hr>141</ns3:hr>
            <ns3:cad>87</ns3:cad>
          </ns3:TrackPointExtension>
        </extensions>
      </trkpt>
      <trkpt lat="31.158201210200786590576171875" lon="121.19489810429513454437255859375">
        <ele>3.400000095367431640625</ele>
        <time>2026-09-05T12:54:33.000Z</time>
        <extensions>
          <ns3:TrackPointExtension>
            <ns3:hr>142</ns3:hr>
            <ns3:cad>87</ns3:cad>
          </ns3:TrackPointExtension>
        </extensions>
      </trkpt>
      <trkpt lat="31.15817396901547908782958984375" lon="121.19489592500030994415283203125">
        <ele>3.400000095367431640625</ele>
        <time>2026-09-05T12:54:34.000Z</time>
        <extensions>
          <ns3:TrackPointExtension>
            <ns3:hr>141</ns3:hr>
            <ns3:cad>86</ns3:cad>
          </ns3:TrackPointExtension>
        </extensions>
      </trkpt>
      <trkpt lat="31.15815619938075542449951171875" lon="121.194897182285785675048828125">
        <ele>3.400000095367431640625</ele>
        <time>2026-09-05T12:54:35.000Z</time>
        <extensions>
          <ns3:TrackPointExtension>
            <ns3:hr>141</ns3:hr>
            <ns3:cad>86</ns3:cad>
          </ns3:TrackPointExtension>
        </extensions>
      </trkpt>
      <trkpt lat="31.1581299640238285064697265625" lon="121.194896511733531951904296875">
        <ele>3.400000095367431640625</ele>
        <time>2026-09-05T12:54:36.000Z</time>
        <extensions>
          <ns3:TrackPointExtension>
            <ns3:hr>141</ns3:hr>
            <ns3:cad>86</ns3:cad>
          </ns3:TrackPointExtension>
        </extensions>
      </trkpt>
      <trkpt lat="31.15811294876039028167724609375" lon="121.1949003674089908599853515625">
        <ele>3.400000095367431640625</ele>
        <time>2026-09-05T12:54:37.000Z</time>
        <extensions>
          <ns3:TrackPointExtension>
            <ns3:hr>141</ns3:hr>
            <ns3:cad>87</ns3:cad>
          </ns3:TrackPointExtension>
        </extensions>
      </trkpt>
      <trkpt lat="31.15808545611798763275146484375" lon="121.19490330107510089874267578125">
        <ele>3.400000095367431640625</ele>
        <time>2026-09-05T12:54:38.000Z</time>
        <extensions>
          <ns3:TrackPointExtension>
            <ns3:hr>141</ns3:hr>
            <ns3:cad>88</ns3:cad>
          </ns3:TrackPointExtension>
        </extensions>
      </trkpt>
      <trkpt lat="31.158064417541027069091796875" lon="121.1949094198644161224365234375">
        <ele>3.400000095367431640625</ele>
        <time>2026-09-05T12:54:39.000Z</time>
        <extensions>
          <ns3:TrackPointExtension>
            <ns3:hr>142</ns3:hr>
            <ns3:cad>88</ns3:cad>
          </ns3:TrackPointExtension>
        </extensions>
      </trkpt>
      <trkpt lat="31.1580377630889415740966796875" lon="121.194917969405651092529296875">
        <ele>3.400000095367431640625</ele>
        <time>2026-09-05T12:54:40.000Z</time>
        <extensions>
          <ns3:TrackPointExtension>
            <ns3:hr>141</ns3:hr>
            <ns3:cad>88</ns3:cad>
          </ns3:TrackPointExtension>
        </extensions>
      </trkpt>
      <trkpt lat="31.158016808331012725830078125" lon="121.19492257945239543914794921875">
        <ele>3.400000095367431640625</ele>
        <time>2026-09-05T12:54:41.000Z</time>
        <extensions>
          <ns3:TrackPointExtension>
            <ns3:hr>141</ns3:hr>
            <ns3:cad>88</ns3:cad>
          </ns3:TrackPointExtension>
        </extensions>
      </trkpt>
      <trkpt lat="31.1579923331737518310546875" lon="121.19493129663169384002685546875">
        <ele>3.400000095367431640625</ele>
        <time>2026-09-05T12:54:42.000Z</time>
        <extensions>
          <ns3:TrackPointExtension>
            <ns3:hr>141</ns3:hr>
            <ns3:cad>87</ns3:cad>
          </ns3:TrackPointExtension>
        </extensions>
      </trkpt>
      <trkpt lat="31.1579693667590618133544921875" lon="121.19493783451616764068603515625">
        <ele>3.400000095367431640625</ele>
        <time>2026-09-05T12:54:43.000Z</time>
        <extensions>
          <ns3:TrackPointExtension>
            <ns3:hr>141</ns3:hr>
            <ns3:cad>87</ns3:cad>
          </ns3:TrackPointExtension>
        </extensions>
      </trkpt>
      <trkpt lat="31.1579485796391963958740234375" lon="121.19494319893419742584228515625">
        <ele>3.400000095367431640625</ele>
        <time>2026-09-05T12:54:44.000Z</time>
        <extensions>
          <ns3:TrackPointExtension>
            <ns3:hr>141</ns3:hr>
            <ns3:cad>87</ns3:cad>
          </ns3:TrackPointExtension>
        </extensions>
      </trkpt>
      <trkpt lat="31.15792402066290378570556640625" lon="121.19494772516191005706787109375">
        <ele>3.400000095367431640625</ele>
        <time>2026-09-05T12:54:45.000Z</time>
        <extensions>
          <ns3:TrackPointExtension>
            <ns3:hr>142</ns3:hr>
            <ns3:cad>88</ns3:cad>
          </ns3:TrackPointExtension>
        </extensions>
      </trkpt>
      <trkpt lat="31.15790558047592639923095703125" lon="121.1949553526937961578369140625">
        <ele>3.400000095367431640625</ele>
        <time>2026-09-05T12:54:46.000Z</time>
        <extensions>
          <ns3:TrackPointExtension>
            <ns3:hr>141</ns3:hr>
            <ns3:cad>88</ns3:cad>
          </ns3:TrackPointExtension>
        </extensions>
      </trkpt>
      <trkpt lat="31.157880015671253204345703125" lon="121.19495912455022335052490234375">
        <ele>3.400000095367431640625</ele>
        <time>2026-09-05T12:54:47.000Z</time>
        <extensions>
          <ns3:TrackPointExtension>
            <ns3:hr>141</ns3:hr>
            <ns3:cad>88</ns3:cad>
          </ns3:TrackPointExtension>
        </extensions>
      </trkpt>
      <trkpt lat="31.157862581312656402587890625" lon="121.1949657462537288665771484375">
        <ele>3.400000095367431640625</ele>
        <time>2026-09-05T12:54:48.000Z</time>
        <extensions>
          <ns3:TrackPointExtension>
            <ns3:hr>141</ns3:hr>
            <ns3:cad>87</ns3:cad>
          </ns3:TrackPointExtension>
        </extensions>
      </trkpt>
      <trkpt lat="31.1578379385173320770263671875" lon="121.19496817700564861297607421875">
        <ele>3.400000095367431640625</ele>
        <time>2026-09-05T12:54:49.000Z</time>
        <extensions>
          <ns3:TrackPointExtension>
            <ns3:hr>141</ns3:hr>
            <ns3:cad>87</ns3:cad>
          </ns3:TrackPointExtension>
        </extensions>
      </trkpt>
      <trkpt lat="31.1578198336064815521240234375" lon="121.19497521780431270599365234375">
        <ele>3.400000095367431640625</ele>
        <time>2026-09-05T12:54:50.000Z</time>
        <extensions>
          <ns3:TrackPointExtension>
            <ns3:hr>141</ns3:hr>
            <ns3:cad>87</ns3:cad>
          </ns3:TrackPointExtension>
        </extensions>
      </trkpt>
      <trkpt lat="31.1577966995537281036376953125" lon="121.1949799954891204833984375">
        <ele>3.400000095367431640625</ele>
        <time>2026-09-05T12:54:51.000Z</time>
        <extensions>
          <ns3:TrackPointExtension>
            <ns3:hr>141</ns3:hr>
            <ns3:cad>87</ns3:cad>
          </ns3:TrackPointExtension>
        </extensions>
      </trkpt>
      <trkpt lat="31.1577759124338626861572265625" lon="121.1949858628213405609130859375">
        <ele>3.599999904632568359375</ele>
        <time>2026-09-05T12:54:52.000Z</time>
        <extensions>
          <ns3:TrackPointExtension>
            <ns3:hr>142</ns3:hr>
            <ns3:cad>87</ns3:cad>
          </ns3:TrackPointExtension>
        </extensions>
      </trkpt>
      <trkpt lat="31.15775688551366329193115234375" lon="121.19499131105840206146240234375">
        <ele>3.599999904632568359375</ele>
        <time>2026-09-05T12:54:53.000Z</time>
        <extensions>
          <ns3:TrackPointExtension>
            <ns3:hr>141</ns3:hr>
            <ns3:cad>87</ns3:cad>
          </ns3:TrackPointExtension>
        </extensions>
      </trkpt>
      <trkpt lat="31.15773308090865612030029296875" lon="121.1949952505528926849365234375">
        <ele>3.599999904632568359375</ele>
        <time>2026-09-05T12:54:54.000Z</time>
        <extensions>
          <ns3:TrackPointExtension>
            <ns3:hr>141</ns3:hr>
            <ns3:cad>87</ns3:cad>
          </ns3:TrackPointExtension>
        </extensions>
      </trkpt>
      <trkpt lat="31.15771698765456676483154296875" lon="121.195005811750888824462890625">
        <ele>3.599999904632568359375</ele>
        <time>2026-09-05T12:54:55.000Z</time>
        <extensions>
          <ns3:TrackPointExtension>
            <ns3:hr>141</ns3:hr>
            <ns3:cad>86</ns3:cad>
          </ns3:TrackPointExtension>
        </extensions>
      </trkpt>
      <trkpt lat="31.15769268013536930084228515625" lon="121.19501209817826747894287109375">
        <ele>3.599999904632568359375</ele>
        <time>2026-09-05T12:54:56.000Z</time>
        <extensions>
          <ns3:TrackPointExtension>
            <ns3:hr>141</ns3:hr>
            <ns3:cad>86</ns3:cad>
          </ns3:TrackPointExtension>
        </extensions>
      </trkpt>
      <trkpt lat="31.15767675451934337615966796875" lon="121.19502089917659759521484375">
        <ele>3.599999904632568359375</ele>
        <time>2026-09-05T12:54:57.000Z</time>
        <extensions>
          <ns3:TrackPointExtension>
            <ns3:hr>141</ns3:hr>
            <ns3:cad>86</ns3:cad>
          </ns3:TrackPointExtension>
        </extensions>
      </trkpt>
      <trkpt lat="31.15765043534338474273681640625" lon="121.195032298564910888671875">
        <ele>3.599999904632568359375</ele>
        <time>2026-09-05T12:54:58.000Z</time>
        <extensions>
          <ns3:TrackPointExtension>
            <ns3:hr>141</ns3:hr>
            <ns3:cad>86</ns3:cad>
          </ns3:TrackPointExtension>
        </extensions>
      </trkpt>
      <trkpt lat="31.157630570232868194580078125" lon="121.19504378177225589752197265625">
        <ele>3.599999904632568359375</ele>
        <time>2026-09-05T12:54:59.000Z</time>
        <extensions>
          <ns3:TrackPointExtension>
            <ns3:hr>141</ns3:hr>
            <ns3:cad>86</ns3:cad>
          </ns3:TrackPointExtension>
        </extensions>
      </trkpt>
      <trkpt lat="31.157605759799480438232421875" lon="121.19505233131349086761474609375">
        <ele>3.599999904632568359375</ele>
        <time>2026-09-05T12:55:00.000Z</time>
        <extensions>
          <ns3:TrackPointExtension>
            <ns3:hr>142</ns3:hr>
            <ns3:cad>86</ns3:cad>
          </ns3:TrackPointExtension>
        </extensions>
      </trkpt>
      <trkpt lat="31.15758388303220272064208984375" lon="121.19505903683602809906005859375">
        <ele>3.599999904632568359375</ele>
        <time>2026-09-05T12:55:01.000Z</time>
        <extensions>
          <ns3:TrackPointExtension>
            <ns3:hr>141</ns3:hr>
            <ns3:cad>87</ns3:cad>
          </ns3:TrackPointExtension>
        </extensions>
      </trkpt>
      <trkpt lat="31.1575599946081638336181640625" lon="121.1950663290917873382568359375">
        <ele>3.599999904632568359375</ele>
        <time>2026-09-05T12:55:02.000Z</time>
        <extensions>
          <ns3:TrackPointExtension>
            <ns3:hr>141</ns3:hr>
            <ns3:cad>87</ns3:cad>
          </ns3:TrackPointExtension>
        </extensions>
      </trkpt>
      <trkpt lat="31.15753862075507640838623046875" lon="121.19507295079529285430908203125">
        <ele>3.599999904632568359375</ele>
        <time>2026-09-05T12:55:03.000Z</time>
        <extensions>
          <ns3:TrackPointExtension>
            <ns3:hr>142</ns3:hr>
            <ns3:cad>87</ns3:cad>
          </ns3:TrackPointExtension>
        </extensions>
      </trkpt>
      <trkpt lat="31.15751934237778186798095703125" lon="121.19508317671716213226318359375">
        <ele>3.599999904632568359375</ele>
        <time>2026-09-05T12:55:04.000Z</time>
        <extensions>
          <ns3:TrackPointExtension>
            <ns3:hr>142</ns3:hr>
            <ns3:cad>87</ns3:cad>
          </ns3:TrackPointExtension>
        </extensions>
      </trkpt>
      <trkpt lat="31.15749813616275787353515625" lon="121.19509088806807994842529296875">
        <ele>3.599999904632568359375</ele>
        <time>2026-09-05T12:55:05.000Z</time>
        <extensions>
          <ns3:TrackPointExtension>
            <ns3:hr>142</ns3:hr>
            <ns3:cad>87</ns3:cad>
          </ns3:TrackPointExtension>
        </extensions>
      </trkpt>
      <trkpt lat="31.15748279727995395660400390625" lon="121.1950965039432048797607421875">
        <ele>3.7999999523162841796875</ele>
        <time>2026-09-05T12:55:06.000Z</time>
        <extensions>
          <ns3:TrackPointExtension>
            <ns3:hr>143</ns3:hr>
            <ns3:cad>88</ns3:cad>
          </ns3:TrackPointExtension>
        </extensions>
      </trkpt>
      <trkpt lat="31.15746553055942058563232421875" lon="121.1951008625328540802001953125">
        <ele>3.7999999523162841796875</ele>
        <time>2026-09-05T12:55:07.000Z</time>
        <extensions>
          <ns3:TrackPointExtension>
            <ns3:hr>143</ns3:hr>
            <ns3:cad>88</ns3:cad>
          </ns3:TrackPointExtension>
        </extensions>
      </trkpt>
      <trkpt lat="31.1574510298669338226318359375" lon="121.19511016644537448883056640625">
        <ele>3.7999999523162841796875</ele>
        <time>2026-09-05T12:55:08.000Z</time>
        <extensions>
          <ns3:TrackPointExtension>
            <ns3:hr>143</ns3:hr>
            <ns3:cad>88</ns3:cad>
          </ns3:TrackPointExtension>
        </extensions>
      </trkpt>
      <trkpt lat="31.15742680616676807403564453125" lon="121.1951203085482120513916015625">
        <ele>3.7999999523162841796875</ele>
        <time>2026-09-05T12:55:09.000Z</time>
        <extensions>
          <ns3:TrackPointExtension>
            <ns3:hr>143</ns3:hr>
            <ns3:cad>88</ns3:cad>
          </ns3:TrackPointExtension>
        </extensions>
      </trkpt>
      <trkpt lat="31.1574129760265350341796875" lon="121.19513430632650852203369140625">
        <ele>4</ele>
        <time>2026-09-05T12:55:10.000Z</time>
        <extensions>
          <ns3:TrackPointExtension>
            <ns3:hr>143</ns3:hr>
            <ns3:cad>86</ns3:cad>
          </ns3:TrackPointExtension>
        </extensions>
      </trkpt>
      <trkpt lat="31.15739042870700359344482421875" lon="121.1951464600861072540283203125">
        <ele>4</ele>
        <time>2026-09-05T12:55:11.000Z</time>
        <extensions>
          <ns3:TrackPointExtension>
            <ns3:hr>143</ns3:hr>
            <ns3:cad>86</ns3:cad>
          </ns3:TrackPointExtension>
        </extensions>
      </trkpt>
      <trkpt lat="31.15736997686326503753662109375" lon="121.1951592005789279937744140625">
        <ele>4</ele>
        <time>2026-09-05T12:55:12.000Z</time>
        <extensions>
          <ns3:TrackPointExtension>
            <ns3:hr>143</ns3:hr>
            <ns3:cad>87</ns3:cad>
          </ns3:TrackPointExtension>
        </extensions>
      </trkpt>
      <trkpt lat="31.15734784863889217376708984375" lon="121.19517168961465358734130859375">
        <ele>4</ele>
        <time>2026-09-05T12:55:13.000Z</time>
        <extensions>
          <ns3:TrackPointExtension>
            <ns3:hr>143</ns3:hr>
            <ns3:cad>88</ns3:cad>
          </ns3:TrackPointExtension>
        </extensions>
      </trkpt>
      <trkpt lat="31.157325468957424163818359375" lon="121.19518308900296688079833984375">
        <ele>4</ele>
        <time>2026-09-05T12:55:14.000Z</time>
        <extensions>
          <ns3:TrackPointExtension>
            <ns3:hr>143</ns3:hr>
            <ns3:cad>88</ns3:cad>
          </ns3:TrackPointExtension>
        </extensions>
      </trkpt>
      <trkpt lat="31.15730375982820987701416015625" lon="121.19519683532416820526123046875">
        <ele>4</ele>
        <time>2026-09-05T12:55:15.000Z</time>
        <extensions>
          <ns3:TrackPointExtension>
            <ns3:hr>144</ns3:hr>
            <ns3:cad>88</ns3:cad>
          </ns3:TrackPointExtension>
        </extensions>
      </trkpt>
      <trkpt lat="31.15728531964123249053955078125" lon="121.19521242566406726837158203125">
        <ele>4.19999980926513671875</ele>
        <time>2026-09-05T12:55:16.000Z</time>
        <extensions>
          <ns3:TrackPointExtension>
            <ns3:hr>144</ns3:hr>
            <ns3:cad>88</ns3:cad>
          </ns3:TrackPointExtension>
        </extensions>
      </trkpt>
      <trkpt lat="31.15726755000650882720947265625" lon="121.1952259205281734466552734375">
        <ele>4.19999980926513671875</ele>
        <time>2026-09-05T12:55:17.000Z</time>
        <extensions>
          <ns3:TrackPointExtension>
            <ns3:hr>145</ns3:hr>
            <ns3:cad>86</ns3:cad>
          </ns3:TrackPointExtension>
        </extensions>
      </trkpt>
      <trkpt lat="31.15724374540150165557861328125" lon="121.19523958303034305572509765625">
        <ele>4.19999980926513671875</ele>
        <time>2026-09-05T12:55:18.000Z</time>
        <extensions>
          <ns3:TrackPointExtension>
            <ns3:hr>144</ns3:hr>
            <ns3:cad>86</ns3:cad>
          </ns3:TrackPointExtension>
        </extensions>
      </trkpt>
      <trkpt lat="31.1572230421006679534912109375" lon="121.19525282643735408782958984375">
        <ele>4.19999980926513671875</ele>
        <time>2026-09-05T12:55:19.000Z</time>
        <extensions>
          <ns3:TrackPointExtension>
            <ns3:hr>144</ns3:hr>
            <ns3:cad>87</ns3:cad>
          </ns3:TrackPointExtension>
        </extensions>
      </trkpt>
      <trkpt lat="31.15719362162053585052490234375" lon="121.19526766240596771240234375">
        <ele>4.19999980926513671875</ele>
        <time>2026-09-05T12:55:20.000Z</time>
        <extensions>
          <ns3:TrackPointExtension>
            <ns3:hr>144</ns3:hr>
            <ns3:cad>88</ns3:cad>
          </ns3:TrackPointExtension>
        </extensions>
      </trkpt>
      <trkpt lat="31.157175600528717041015625" lon="121.1952825821936130523681640625">
        <ele>4.19999980926513671875</ele>
        <time>2026-09-05T12:55:21.000Z</time>
        <extensions>
          <ns3:TrackPointExtension>
            <ns3:hr>144</ns3:hr>
            <ns3:cad>88</ns3:cad>
          </ns3:TrackPointExtension>
        </extensions>
      </trkpt>
      <trkpt lat="31.157155819237232208251953125" lon="121.19529188610613346099853515625">
        <ele>4.400000095367431640625</ele>
        <time>2026-09-05T12:55:22.000Z</time>
        <extensions>
          <ns3:TrackPointExtension>
            <ns3:hr>144</ns3:hr>
            <ns3:cad>88</ns3:cad>
          </ns3:TrackPointExtension>
        </extensions>
      </trkpt>
      <trkpt lat="31.1571393907070159912109375" lon="121.1953047104179859161376953125">
        <ele>4.400000095367431640625</ele>
        <time>2026-09-05T12:55:23.000Z</time>
        <extensions>
          <ns3:TrackPointExtension>
            <ns3:hr>145</ns3:hr>
            <ns3:cad>87</ns3:cad>
          </ns3:TrackPointExtension>
        </extensions>
      </trkpt>
      <trkpt lat="31.15711592137813568115234375" lon="121.1953184567391872406005859375">
        <ele>4.400000095367431640625</ele>
        <time>2026-09-05T12:55:24.000Z</time>
        <extensions>
          <ns3:TrackPointExtension>
            <ns3:hr>144</ns3:hr>
            <ns3:cad>87</ns3:cad>
          </ns3:TrackPointExtension>
        </extensions>
      </trkpt>
      <trkpt lat="31.15709303878247737884521484375" lon="121.19533144868910312652587890625">
        <ele>4.599999904632568359375</ele>
        <time>2026-09-05T12:55:25.000Z</time>
        <extensions>
          <ns3:TrackPointExtension>
            <ns3:hr>144</ns3:hr>
            <ns3:cad>87</ns3:cad>
          </ns3:TrackPointExtension>
        </extensions>
      </trkpt>
      <trkpt lat="31.15707593970000743865966796875" lon="121.1953442730009555816650390625">
        <ele>4.599999904632568359375</ele>
        <time>2026-09-05T12:55:26.000Z</time>
        <extensions>
          <ns3:TrackPointExtension>
            <ns3:hr>145</ns3:hr>
            <ns3:cad>87</ns3:cad>
          </ns3:TrackPointExtension>
        </extensions>
      </trkpt>
      <trkpt lat="31.1570507101714611053466796875" lon="121.19535692967474460601806640625">
        <ele>4.599999904632568359375</ele>
        <time>2026-09-05T12:55:27.000Z</time>
        <extensions>
          <ns3:TrackPointExtension>
            <ns3:hr>144</ns3:hr>
            <ns3:cad>87</ns3:cad>
          </ns3:TrackPointExtension>
        </extensions>
      </trkpt>
      <trkpt lat="31.157036125659942626953125" lon="121.1953710950911045074462890625">
        <ele>4.599999904632568359375</ele>
        <time>2026-09-05T12:55:28.000Z</time>
        <extensions>
          <ns3:TrackPointExtension>
            <ns3:hr>144</ns3:hr>
            <ns3:cad>87</ns3:cad>
          </ns3:TrackPointExtension>
        </extensions>
      </trkpt>
      <trkpt lat="31.15701802074909210205078125" lon="121.19538626633584499359130859375">
        <ele>4.599999904632568359375</ele>
        <time>2026-09-05T12:55:29.000Z</time>
        <extensions>
          <ns3:TrackPointExtension>
            <ns3:hr>145</ns3:hr>
            <ns3:cad>86</ns3:cad>
          </ns3:TrackPointExtension>
        </extensions>
      </trkpt>
      <trkpt lat="31.1569999158382415771484375" lon="121.1953982524573802947998046875">
        <ele>4.599999904632568359375</ele>
        <time>2026-09-05T12:55:30.000Z</time>
        <extensions>
          <ns3:TrackPointExtension>
            <ns3:hr>144</ns3:hr>
            <ns3:cad>85</ns3:cad>
          </ns3:TrackPointExtension>
        </extensions>
      </trkpt>
      <trkpt lat="31.15698206238448619842529296875" lon="121.19541116058826446533203125">
        <ele>4.599999904632568359375</ele>
        <time>2026-09-05T12:55:31.000Z</time>
        <extensions>
          <ns3:TrackPointExtension>
            <ns3:hr>144</ns3:hr>
            <ns3:cad>85</ns3:cad>
          </ns3:TrackPointExtension>
        </extensions>
      </trkpt>
      <trkpt lat="31.156961359083652496337890625" lon="121.1954223923385143280029296875">
        <ele>4.599999904632568359375</ele>
        <time>2026-09-05T12:55:32.000Z</time>
        <extensions>
          <ns3:TrackPointExtension>
            <ns3:hr>145</ns3:hr>
            <ns3:cad>86</ns3:cad>
          </ns3:TrackPointExtension>
        </extensions>
      </trkpt>
      <trkpt lat="31.15694333799183368682861328125" lon="121.1954378150403499603271484375">
        <ele>4.599999904632568359375</ele>
        <time>2026-09-05T12:55:33.000Z</time>
        <extensions>
          <ns3:TrackPointExtension>
            <ns3:hr>144</ns3:hr>
            <ns3:cad>86</ns3:cad>
          </ns3:TrackPointExtension>
        </extensions>
      </trkpt>
      <trkpt lat="31.1569202877581119537353515625" lon="121.19545139372348785400390625">
        <ele>4.599999904632568359375</ele>
        <time>2026-09-05T12:55:34.000Z</time>
        <extensions>
          <ns3:TrackPointExtension>
            <ns3:hr>144</ns3:hr>
            <ns3:cad>86</ns3:cad>
          </ns3:TrackPointExtension>
        </extensions>
      </trkpt>
      <trkpt lat="31.156905703246593475341796875" lon="121.19546455331146717071533203125">
        <ele>4.599999904632568359375</ele>
        <time>2026-09-05T12:55:35.000Z</time>
        <extensions>
          <ns3:TrackPointExtension>
            <ns3:hr>145</ns3:hr>
            <ns3:cad>86</ns3:cad>
          </ns3:TrackPointExtension>
        </extensions>
      </trkpt>
      <trkpt lat="31.156880892813205718994140625" lon="121.1954773776233196258544921875">
        <ele>4.599999904632568359375</ele>
        <time>2026-09-05T12:55:36.000Z</time>
        <extensions>
          <ns3:TrackPointExtension>
            <ns3:hr>144</ns3:hr>
            <ns3:cad>86</ns3:cad>
          </ns3:TrackPointExtension>
        </extensions>
      </trkpt>
      <trkpt lat="31.1568656377494335174560546875" lon="121.195488274097442626953125">
        <ele>4.400000095367431640625</ele>
        <time>2026-09-05T12:55:37.000Z</time>
        <extensions>
          <ns3:TrackPointExtension>
            <ns3:hr>144</ns3:hr>
            <ns3:cad>86</ns3:cad>
          </ns3:TrackPointExtension>
        </extensions>
      </trkpt>
      <trkpt lat="31.15684443153440952301025390625" lon="121.195502020418643951416015625">
        <ele>4.400000095367431640625</ele>
        <time>2026-09-05T12:55:38.000Z</time>
        <extensions>
          <ns3:TrackPointExtension>
            <ns3:hr>145</ns3:hr>
            <ns3:cad>86</ns3:cad>
          </ns3:TrackPointExtension>
        </extensions>
      </trkpt>
      <trkpt lat="31.1568247340619564056396484375" lon="121.19551182724535465240478515625">
        <ele>4.19999980926513671875</ele>
        <time>2026-09-05T12:55:39.000Z</time>
        <extensions>
          <ns3:TrackPointExtension>
            <ns3:hr>144</ns3:hr>
            <ns3:cad>87</ns3:cad>
          </ns3:TrackPointExtension>
        </extensions>
      </trkpt>
      <trkpt lat="31.1568041145801544189453125" lon="121.1955246515572071075439453125">
        <ele>4.19999980926513671875</ele>
        <time>2026-09-05T12:55:40.000Z</time>
        <extensions>
          <ns3:TrackPointExtension>
            <ns3:hr>144</ns3:hr>
            <ns3:cad>87</ns3:cad>
          </ns3:TrackPointExtension>
        </extensions>
      </trkpt>
      <trkpt lat="31.156784333288669586181640625" lon="121.195536218583583831787109375">
        <ele>4.19999980926513671875</ele>
        <time>2026-09-05T12:55:41.000Z</time>
        <extensions>
          <ns3:TrackPointExtension>
            <ns3:hr>144</ns3:hr>
            <ns3:cad>87</ns3:cad>
          </ns3:TrackPointExtension>
        </extensions>
      </trkpt>
      <trkpt lat="31.15676430054008960723876953125" lon="121.19554803706705570220947265625">
        <ele>4.19999980926513671875</ele>
        <time>2026-09-05T12:55:42.000Z</time>
        <extensions>
          <ns3:TrackPointExtension>
            <ns3:hr>144</ns3:hr>
            <ns3:cad>87</ns3:cad>
          </ns3:TrackPointExtension>
        </extensions>
      </trkpt>
      <trkpt lat="31.15674435161054134368896484375" lon="121.19556178338825702667236328125">
        <ele>4</ele>
        <time>2026-09-05T12:55:43.000Z</time>
        <extensions>
          <ns3:TrackPointExtension>
            <ns3:hr>145</ns3:hr>
            <ns3:cad>88</ns3:cad>
          </ns3:TrackPointExtension>
        </extensions>
      </trkpt>
      <trkpt lat="31.15672892890870571136474609375" lon="121.19557687081396579742431640625">
        <ele>4</ele>
        <time>2026-09-05T12:55:44.000Z</time>
        <extensions>
          <ns3:TrackPointExtension>
            <ns3:hr>144</ns3:hr>
            <ns3:cad>87</ns3:cad>
          </ns3:TrackPointExtension>
        </extensions>
      </trkpt>
      <trkpt lat="31.15670420229434967041015625" lon="121.19558944366872310638427734375">
        <ele>4</ele>
        <time>2026-09-05T12:55:45.000Z</time>
        <extensions>
          <ns3:TrackPointExtension>
            <ns3:hr>144</ns3:hr>
            <ns3:cad>87</ns3:cad>
          </ns3:TrackPointExtension>
        </extensions>
      </trkpt>
      <trkpt lat="31.156688444316387176513671875" lon="121.19560570456087589263916015625">
        <ele>4</ele>
        <time>2026-09-05T12:55:46.000Z</time>
        <extensions>
          <ns3:TrackPointExtension>
            <ns3:hr>144</ns3:hr>
            <ns3:cad>87</ns3:cad>
          </ns3:TrackPointExtension>
        </extensions>
      </trkpt>
      <trkpt lat="31.15666405297815799713134765625" lon="121.1956191994249820709228515625">
        <ele>4</ele>
        <time>2026-09-05T12:55:47.000Z</time>
        <extensions>
          <ns3:TrackPointExtension>
            <ns3:hr>144</ns3:hr>
            <ns3:cad>87</ns3:cad>
          </ns3:TrackPointExtension>
        </extensions>
      </trkpt>
      <trkpt lat="31.15664963610470294952392578125" lon="121.19563504122197628021240234375">
        <ele>3.7999999523162841796875</ele>
        <time>2026-09-05T12:55:48.000Z</time>
        <extensions>
          <ns3:TrackPointExtension>
            <ns3:hr>144</ns3:hr>
            <ns3:cad>88</ns3:cad>
          </ns3:TrackPointExtension>
        </extensions>
      </trkpt>
      <trkpt lat="31.15662348456680774688720703125" lon="121.1956513859331607818603515625">
        <ele>3.7999999523162841796875</ele>
        <time>2026-09-05T12:55:49.000Z</time>
        <extensions>
          <ns3:TrackPointExtension>
            <ns3:hr>144</ns3:hr>
            <ns3:cad>88</ns3:cad>
          </ns3:TrackPointExtension>
        </extensions>
      </trkpt>
      <trkpt lat="31.1566041223704814910888671875" lon="121.195665299892425537109375">
        <ele>3.7999999523162841796875</ele>
        <time>2026-09-05T12:55:50.000Z</time>
        <extensions>
          <ns3:TrackPointExtension>
            <ns3:hr>144</ns3:hr>
            <ns3:cad>88</ns3:cad>
          </ns3:TrackPointExtension>
        </extensions>
      </trkpt>
      <trkpt lat="31.15657973103225231170654296875" lon="121.19568063877522945404052734375">
        <ele>3.7999999523162841796875</ele>
        <time>2026-09-05T12:55:51.000Z</time>
        <extensions>
          <ns3:TrackPointExtension>
            <ns3:hr>144</ns3:hr>
            <ns3:cad>87</ns3:cad>
          </ns3:TrackPointExtension>
        </extensions>
      </trkpt>
      <trkpt lat="31.156558357179164886474609375" lon="121.19569388218224048614501953125">
        <ele>3.7999999523162841796875</ele>
        <time>2026-09-05T12:55:52.000Z</time>
        <extensions>
          <ns3:TrackPointExtension>
            <ns3:hr>144</ns3:hr>
            <ns3:cad>87</ns3:cad>
          </ns3:TrackPointExtension>
        </extensions>
      </trkpt>
      <trkpt lat="31.15654067136347293853759765625" lon="121.1957070417702198028564453125">
        <ele>3.7999999523162841796875</ele>
        <time>2026-09-05T12:55:53.000Z</time>
        <extensions>
          <ns3:TrackPointExtension>
            <ns3:hr>144</ns3:hr>
            <ns3:cad>87</ns3:cad>
          </ns3:TrackPointExtension>
        </extensions>
      </trkpt>
      <trkpt lat="31.156521141529083251953125" lon="121.19571886025369167327880859375">
        <ele>3.7999999523162841796875</ele>
        <time>2026-09-05T12:55:54.000Z</time>
        <extensions>
          <ns3:TrackPointExtension>
            <ns3:hr>144</ns3:hr>
            <ns3:cad>87</ns3:cad>
          </ns3:TrackPointExtension>
        </extensions>
      </trkpt>
      <trkpt lat="31.15650747902691364288330078125" lon="121.19573562406003475189208984375">
        <ele>3.7999999523162841796875</ele>
        <time>2026-09-05T12:55:55.000Z</time>
        <extensions>
          <ns3:TrackPointExtension>
            <ns3:hr>144</ns3:hr>
            <ns3:cad>87</ns3:cad>
          </ns3:TrackPointExtension>
        </extensions>
      </trkpt>
      <trkpt lat="31.1564837582409381866455078125" lon="121.19574970565736293792724609375">
        <ele>3.599999904632568359375</ele>
        <time>2026-09-05T12:55:56.000Z</time>
        <extensions>
          <ns3:TrackPointExtension>
            <ns3:hr>144</ns3:hr>
            <ns3:cad>87</ns3:cad>
          </ns3:TrackPointExtension>
        </extensions>
      </trkpt>
      <trkpt lat="31.15646992810070514678955078125" lon="121.1957653798162937164306640625">
        <ele>3.599999904632568359375</ele>
        <time>2026-09-05T12:55:57.000Z</time>
        <extensions>
          <ns3:TrackPointExtension>
            <ns3:hr>144</ns3:hr>
            <ns3:cad>87</ns3:cad>
          </ns3:TrackPointExtension>
        </extensions>
      </trkpt>
      <trkpt lat="31.1564478836953639984130859375" lon="121.1957787908613681793212890625">
        <ele>3.599999904632568359375</ele>
        <time>2026-09-05T12:55:58.000Z</time>
        <extensions>
          <ns3:TrackPointExtension>
            <ns3:hr>144</ns3:hr>
            <ns3:cad>87</ns3:cad>
          </ns3:TrackPointExtension>
        </extensions>
      </trkpt>
      <trkpt lat="31.15643019787967205047607421875" lon="121.195791028439998626708984375">
        <ele>3.599999904632568359375</ele>
        <time>2026-09-05T12:55:59.000Z</time>
        <extensions>
          <ns3:TrackPointExtension>
            <ns3:hr>144</ns3:hr>
            <ns3:cad>86</ns3:cad>
          </ns3:TrackPointExtension>
        </extensions>
      </trkpt>
      <trkpt lat="31.15640957839787006378173828125" lon="121.195803098380565643310546875">
        <ele>3.599999904632568359375</ele>
        <time>2026-09-05T12:56:00.000Z</time>
        <extensions>
          <ns3:TrackPointExtension>
            <ns3:hr>144</ns3:hr>
            <ns3:cad>86</ns3:cad>
          </ns3:TrackPointExtension>
        </extensions>
      </trkpt>
      <trkpt lat="31.15639030002057552337646484375" lon="121.19581491686403751373291015625">
        <ele>3.599999904632568359375</ele>
        <time>2026-09-05T12:56:01.000Z</time>
        <extensions>
          <ns3:TrackPointExtension>
            <ns3:hr>144</ns3:hr>
            <ns3:cad>87</ns3:cad>
          </ns3:TrackPointExtension>
        </extensions>
      </trkpt>
      <trkpt lat="31.1563714407384395599365234375" lon="121.19582782499492168426513671875">
        <ele>3.599999904632568359375</ele>
        <time>2026-09-05T12:56:02.000Z</time>
        <extensions>
          <ns3:TrackPointExtension>
            <ns3:hr>144</ns3:hr>
            <ns3:cad>87</ns3:cad>
          </ns3:TrackPointExtension>
        </extensions>
      </trkpt>
      <trkpt lat="31.15635258145630359649658203125" lon="121.19584190659224987030029296875">
        <ele>3.599999904632568359375</ele>
        <time>2026-09-05T12:56:03.000Z</time>
        <extensions>
          <ns3:TrackPointExtension>
            <ns3:hr>144</ns3:hr>
            <ns3:cad>87</ns3:cad>
          </ns3:TrackPointExtension>
        </extensions>
      </trkpt>
      <trkpt lat="31.15633313544094562530517578125" lon="121.1958538927137851715087890625">
        <ele>3.400000095367431640625</ele>
        <time>2026-09-05T12:56:04.000Z</time>
        <extensions>
          <ns3:TrackPointExtension>
            <ns3:hr>144</ns3:hr>
            <ns3:cad>87</ns3:cad>
          </ns3:TrackPointExtension>
        </extensions>
      </trkpt>
      <trkpt lat="31.1563050560653209686279296875" lon="121.1958639509975910186767578125">
        <ele>3.400000095367431640625</ele>
        <time>2026-09-05T12:56:05.000Z</time>
        <extensions>
          <ns3:TrackPointExtension>
            <ns3:hr>144</ns3:hr>
            <ns3:cad>87</ns3:cad>
          </ns3:TrackPointExtension>
        </extensions>
      </trkpt>
      <trkpt lat="31.1562889628112316131591796875" lon="121.19586973451077938079833984375">
        <ele>3.400000095367431640625</ele>
        <time>2026-09-05T12:56:06.000Z</time>
        <extensions>
          <ns3:TrackPointExtension>
            <ns3:hr>144</ns3:hr>
            <ns3:cad>87</ns3:cad>
          </ns3:TrackPointExtension>
        </extensions>
      </trkpt>
      <trkpt lat="31.1562618054449558258056640625" lon="121.19586646556854248046875">
        <ele>3.400000095367431640625</ele>
        <time>2026-09-05T12:56:07.000Z</time>
        <extensions>
          <ns3:TrackPointExtension>
            <ns3:hr>144</ns3:hr>
            <ns3:cad>87</ns3:cad>
          </ns3:TrackPointExtension>
        </extensions>
      </trkpt>
      <trkpt lat="31.15624126978218555450439453125" lon="121.1958595924079418182373046875">
        <ele>3.400000095367431640625</ele>
        <time>2026-09-05T12:56:08.000Z</time>
        <extensions>
          <ns3:TrackPointExtension>
            <ns3:hr>144</ns3:hr>
            <ns3:cad>87</ns3:cad>
          </ns3:TrackPointExtension>
        </extensions>
      </trkpt>
      <trkpt lat="31.15622182376682758331298828125" lon="121.19584693573415279388427734375">
        <ele>3.400000095367431640625</ele>
        <time>2026-09-05T12:56:09.000Z</time>
        <extensions>
          <ns3:TrackPointExtension>
            <ns3:hr>144</ns3:hr>
            <ns3:cad>87</ns3:cad>
          </ns3:TrackPointExtension>
        </extensions>
      </trkpt>
      <trkpt lat="31.15620640106499195098876953125" lon="121.19582422077655792236328125">
        <ele>3.400000095367431640625</ele>
        <time>2026-09-05T12:56:10.000Z</time>
        <extensions>
          <ns3:TrackPointExtension>
            <ns3:hr>144</ns3:hr>
            <ns3:cad>87</ns3:cad>
          </ns3:TrackPointExtension>
        </extensions>
      </trkpt>
      <trkpt lat="31.15619399584829807281494140625" lon="121.19580469094216823577880859375">
        <ele>3.400000095367431640625</ele>
        <time>2026-09-05T12:56:11.000Z</time>
        <extensions>
          <ns3:TrackPointExtension>
            <ns3:hr>144</ns3:hr>
            <ns3:cad>86</ns3:cad>
          </ns3:TrackPointExtension>
        </extensions>
      </trkpt>
      <trkpt lat="31.15619081072509288787841796875" lon="121.1957754381000995635986328125">
        <ele>3.400000095367431640625</ele>
        <time>2026-09-05T12:56:12.000Z</time>
        <extensions>
          <ns3:TrackPointExtension>
            <ns3:hr>144</ns3:hr>
            <ns3:cad>85</ns3:cad>
          </ns3:TrackPointExtension>
        </extensions>
      </trkpt>
      <trkpt lat="31.1561846919357776641845703125" lon="121.19575724937021732330322265625">
        <ele>3.2000000476837158203125</ele>
        <time>2026-09-05T12:56:13.000Z</time>
        <extensions>
          <ns3:TrackPointExtension>
            <ns3:hr>144</ns3:hr>
            <ns3:cad>85</ns3:cad>
          </ns3:TrackPointExtension>
        </extensions>
      </trkpt>
      <trkpt lat="31.15618041716516017913818359375" lon="121.19573176838457584381103515625">
        <ele>3.400000095367431640625</ele>
        <time>2026-09-05T12:56:14.000Z</time>
        <extensions>
          <ns3:TrackPointExtension>
            <ns3:hr>144</ns3:hr>
            <ns3:cad>85</ns3:cad>
          </ns3:TrackPointExtension>
        </extensions>
      </trkpt>
      <trkpt lat="31.1561749689280986785888671875" lon="121.19571114890277385711669921875">
        <ele>3.400000095367431640625</ele>
        <time>2026-09-05T12:56:15.000Z</time>
        <extensions>
          <ns3:TrackPointExtension>
            <ns3:hr>144</ns3:hr>
            <ns3:cad>86</ns3:cad>
          </ns3:TrackPointExtension>
        </extensions>
      </trkpt>
      <trkpt lat="31.15616901777684688568115234375" lon="121.19568399153649806976318359375">
        <ele>3.400000095367431640625</ele>
        <time>2026-09-05T12:56:16.000Z</time>
        <extensions>
          <ns3:TrackPointExtension>
            <ns3:hr>144</ns3:hr>
            <ns3:cad>86</ns3:cad>
          </ns3:TrackPointExtension>
        </extensions>
      </trkpt>
      <trkpt lat="31.1561645753681659698486328125" lon="121.19565549306571483612060546875">
        <ele>3.400000095367431640625</ele>
        <time>2026-09-05T12:56:17.000Z</time>
        <extensions>
          <ns3:TrackPointExtension>
            <ns3:hr>144</ns3:hr>
            <ns3:cad>85</ns3:cad>
          </ns3:TrackPointExtension>
        </extensions>
      </trkpt>
      <trkpt lat="31.15615971386432647705078125" lon="121.1956302635371685028076171875">
        <ele>3.400000095367431640625</ele>
        <time>2026-09-05T12:56:18.000Z</time>
        <extensions>
          <ns3:TrackPointExtension>
            <ns3:hr>144</ns3:hr>
            <ns3:cad>85</ns3:cad>
          </ns3:TrackPointExtension>
        </extensions>
      </trkpt>
      <trkpt lat="31.1561561934649944305419921875" lon="121.1956010945141315460205078125">
        <ele>3.400000095367431640625</ele>
        <time>2026-09-05T12:56:19.000Z</time>
        <extensions>
          <ns3:TrackPointExtension>
            <ns3:hr>144</ns3:hr>
            <ns3:cad>85</ns3:cad>
          </ns3:TrackPointExtension>
        </extensions>
      </trkpt>
      <trkpt lat="31.15615342743694782257080078125" lon="121.19557653553783893585205078125">
        <ele>3.400000095367431640625</ele>
        <time>2026-09-05T12:56:20.000Z</time>
        <extensions>
          <ns3:TrackPointExtension>
            <ns3:hr>144</ns3:hr>
            <ns3:cad>86</ns3:cad>
          </ns3:TrackPointExtension>
        </extensions>
      </trkpt>
      <trkpt lat="31.15615024231374263763427734375" lon="121.19554770179092884063720703125">
        <ele>3.400000095367431640625</ele>
        <time>2026-09-05T12:56:21.000Z</time>
        <extensions>
          <ns3:TrackPointExtension>
            <ns3:hr>144</ns3:hr>
            <ns3:cad>86</ns3:cad>
          </ns3:TrackPointExtension>
        </extensions>
      </trkpt>
      <trkpt lat="31.15614420734345912933349609375" lon="121.19552389718592166900634765625">
        <ele>3.400000095367431640625</ele>
        <time>2026-09-05T12:56:22.000Z</time>
        <extensions>
          <ns3:TrackPointExtension>
            <ns3:hr>144</ns3:hr>
            <ns3:cad>86</ns3:cad>
          </ns3:TrackPointExtension>
        </extensions>
      </trkpt>
      <trkpt lat="31.156140267848968505859375" lon="121.19549757800996303558349609375">
        <ele>3.400000095367431640625</ele>
        <time>2026-09-05T12:56:23.000Z</time>
        <extensions>
          <ns3:TrackPointExtension>
            <ns3:hr>144</ns3:hr>
            <ns3:cad>87</ns3:cad>
          </ns3:TrackPointExtension>
        </extensions>
      </trkpt>
      <trkpt lat="31.15613532252609729766845703125" lon="121.1954733543097972869873046875">
        <ele>3.400000095367431640625</ele>
        <time>2026-09-05T12:56:24.000Z</time>
        <extensions>
          <ns3:TrackPointExtension>
            <ns3:hr>144</ns3:hr>
            <ns3:cad>88</ns3:cad>
          </ns3:TrackPointExtension>
        </extensions>
      </trkpt>
      <trkpt lat="31.156133227050304412841796875" lon="121.19544929824769496917724609375">
        <ele>3.400000095367431640625</ele>
        <time>2026-09-05T12:56:25.000Z</time>
        <extensions>
          <ns3:TrackPointExtension>
            <ns3:hr>144</ns3:hr>
            <ns3:cad>88</ns3:cad>
          </ns3:TrackPointExtension>
        </extensions>
      </trkpt>
      <trkpt lat="31.15612928755581378936767578125" lon="121.19542398490011692047119140625">
        <ele>3.400000095367431640625</ele>
        <time>2026-09-05T12:56:26.000Z</time>
        <extensions>
          <ns3:TrackPointExtension>
            <ns3:hr>144</ns3:hr>
            <ns3:cad>88</ns3:cad>
          </ns3:TrackPointExtension>
        </extensions>
      </trkpt>
      <trkpt lat="31.1561253480613231658935546875" lon="121.19539909064769744873046875">
        <ele>3.599999904632568359375</ele>
        <time>2026-09-05T12:56:27.000Z</time>
        <extensions>
          <ns3:TrackPointExtension>
            <ns3:hr>144</ns3:hr>
            <ns3:cad>87</ns3:cad>
          </ns3:TrackPointExtension>
        </extensions>
      </trkpt>
      <trkpt lat="31.156124174594879150390625" lon="121.19536816142499446868896484375">
        <ele>3.400000095367431640625</ele>
        <time>2026-09-05T12:56:28.000Z</time>
        <extensions>
          <ns3:TrackPointExtension>
            <ns3:hr>144</ns3:hr>
            <ns3:cad>87</ns3:cad>
          </ns3:TrackPointExtension>
        </extensions>
      </trkpt>
      <trkpt lat="31.1561186425387859344482421875" lon="121.19534142315387725830078125">
        <ele>3.400000095367431640625</ele>
        <time>2026-09-05T12:56:29.000Z</time>
        <extensions>
          <ns3:TrackPointExtension>
            <ns3:hr>144</ns3:hr>
            <ns3:cad>87</ns3:cad>
          </ns3:TrackPointExtension>
        </extensions>
      </trkpt>
      <trkpt lat="31.1561179719865322113037109375" lon="121.195314265787601470947265625">
        <ele>3.400000095367431640625</ele>
        <time>2026-09-05T12:56:30.000Z</time>
        <extensions>
          <ns3:TrackPointExtension>
            <ns3:hr>144</ns3:hr>
            <ns3:cad>88</ns3:cad>
          </ns3:TrackPointExtension>
        </extensions>
      </trkpt>
      <trkpt lat="31.1561129428446292877197265625" lon="121.195291467010974884033203125">
        <ele>3.400000095367431640625</ele>
        <time>2026-09-05T12:56:31.000Z</time>
        <extensions>
          <ns3:TrackPointExtension>
            <ns3:hr>144</ns3:hr>
            <ns3:cad>88</ns3:cad>
          </ns3:TrackPointExtension>
        </extensions>
      </trkpt>
      <trkpt lat="31.156109087169170379638671875" lon="121.1952643096446990966796875">
        <ele>3.400000095367431640625</ele>
        <time>2026-09-05T12:56:32.000Z</time>
        <extensions>
          <ns3:TrackPointExtension>
            <ns3:hr>144</ns3:hr>
            <ns3:cad>88</ns3:cad>
          </ns3:TrackPointExtension>
        </extensions>
      </trkpt>
      <trkpt lat="31.15610606968402862548828125" lon="121.1952379904687404632568359375">
        <ele>3.599999904632568359375</ele>
        <time>2026-09-05T12:56:33.000Z</time>
        <extensions>
          <ns3:TrackPointExtension>
            <ns3:hr>144</ns3:hr>
            <ns3:cad>87</ns3:cad>
          </ns3:TrackPointExtension>
        </extensions>
      </trkpt>
      <trkpt lat="31.15610162727534770965576171875" lon="121.1952141858637332916259765625">
        <ele>3.599999904632568359375</ele>
        <time>2026-09-05T12:56:34.000Z</time>
        <extensions>
          <ns3:TrackPointExtension>
            <ns3:hr>144</ns3:hr>
            <ns3:cad>87</ns3:cad>
          </ns3:TrackPointExtension>
        </extensions>
      </trkpt>
      <trkpt lat="31.15609542466700077056884765625" lon="121.1951865255832672119140625">
        <ele>3.7999999523162841796875</ele>
        <time>2026-09-05T12:56:35.000Z</time>
        <extensions>
          <ns3:TrackPointExtension>
            <ns3:hr>144</ns3:hr>
            <ns3:cad>86</ns3:cad>
          </ns3:TrackPointExtension>
        </extensions>
      </trkpt>
      <trkpt lat="31.156088300049304962158203125" lon="121.19516381062567234039306640625">
        <ele>3.7999999523162841796875</ele>
        <time>2026-09-05T12:56:36.000Z</time>
        <extensions>
          <ns3:TrackPointExtension>
            <ns3:hr>144</ns3:hr>
            <ns3:cad>87</ns3:cad>
          </ns3:TrackPointExtension>
        </extensions>
      </trkpt>
      <trkpt lat="31.15608419291675090789794921875" lon="121.1951353959739208221435546875">
        <ele>3.7999999523162841796875</ele>
        <time>2026-09-05T12:56:37.000Z</time>
        <extensions>
          <ns3:TrackPointExtension>
            <ns3:hr>144</ns3:hr>
            <ns3:cad>87</ns3:cad>
          </ns3:TrackPointExtension>
        </extensions>
      </trkpt>
      <trkpt lat="31.156077571213245391845703125" lon="121.195111088454723358154296875">
        <ele>3.7999999523162841796875</ele>
        <time>2026-09-05T12:56:38.000Z</time>
        <extensions>
          <ns3:TrackPointExtension>
            <ns3:hr>144</ns3:hr>
            <ns3:cad>87</ns3:cad>
          </ns3:TrackPointExtension>
        </extensions>
      </trkpt>
      <trkpt lat="31.1560760624706745147705078125" lon="121.1950819194316864013671875">
        <ele>3.7999999523162841796875</ele>
        <time>2026-09-05T12:56:39.000Z</time>
        <extensions>
          <ns3:TrackPointExtension>
            <ns3:hr>144</ns3:hr>
            <ns3:cad>86</ns3:cad>
          </ns3:TrackPointExtension>
        </extensions>
      </trkpt>
      <trkpt lat="31.156071536242961883544921875" lon="121.195059455931186676025390625">
        <ele>3.7999999523162841796875</ele>
        <time>2026-09-05T12:56:40.000Z</time>
        <extensions>
          <ns3:TrackPointExtension>
            <ns3:hr>144</ns3:hr>
            <ns3:cad>86</ns3:cad>
          </ns3:TrackPointExtension>
        </extensions>
      </trkpt>
      <trkpt lat="31.15606826730072498321533203125" lon="121.1950328014791011810302734375">
        <ele>3.599999904632568359375</ele>
        <time>2026-09-05T12:56:41.000Z</time>
        <extensions>
          <ns3:TrackPointExtension>
            <ns3:hr>145</ns3:hr>
            <ns3:cad>86</ns3:cad>
          </ns3:TrackPointExtension>
        </extensions>
      </trkpt>
      <trkpt lat="31.1560633219778537750244140625" lon="121.1950106732547283172607421875">
        <ele>3.599999904632568359375</ele>
        <time>2026-09-05T12:56:42.000Z</time>
        <extensions>
          <ns3:TrackPointExtension>
            <ns3:hr>144</ns3:hr>
            <ns3:cad>86</ns3:cad>
          </ns3:TrackPointExtension>
        </extensions>
      </trkpt>
      <trkpt lat="31.15606407634913921356201171875" lon="121.19498376734554767608642578125">
        <ele>3.599999904632568359375</ele>
        <time>2026-09-05T12:56:43.000Z</time>
        <extensions>
          <ns3:TrackPointExtension>
            <ns3:hr>144</ns3:hr>
            <ns3:cad>86</ns3:cad>
          </ns3:TrackPointExtension>
        </extensions>
      </trkpt>
      <trkpt lat="31.1560633219778537750244140625" lon="121.19495996274054050445556640625">
        <ele>3.400000095367431640625</ele>
        <time>2026-09-05T12:56:44.000Z</time>
        <extensions>
          <ns3:TrackPointExtension>
            <ns3:hr>145</ns3:hr>
            <ns3:cad>87</ns3:cad>
          </ns3:TrackPointExtension>
        </extensions>
      </trkpt>
      <trkpt lat="31.1560589633882045745849609375" lon="121.19493775069713592529296875">
        <ele>3.599999904632568359375</ele>
        <time>2026-09-05T12:56:45.000Z</time>
        <extensions>
          <ns3:TrackPointExtension>
            <ns3:hr>144</ns3:hr>
            <ns3:cad>87</ns3:cad>
          </ns3:TrackPointExtension>
        </extensions>
      </trkpt>
      <trkpt lat="31.15605502389371395111083984375" lon="121.194908916950225830078125">
        <ele>3.599999904632568359375</ele>
        <time>2026-09-05T12:56:46.000Z</time>
        <extensions>
          <ns3:TrackPointExtension>
            <ns3:hr>144</ns3:hr>
            <ns3:cad>87</ns3:cad>
          </ns3:TrackPointExtension>
        </extensions>
      </trkpt>
      <trkpt lat="31.15604798309504985809326171875" lon="121.19488888420164585113525390625">
        <ele>3.599999904632568359375</ele>
        <time>2026-09-05T12:56:47.000Z</time>
        <extensions>
          <ns3:TrackPointExtension>
            <ns3:hr>144</ns3:hr>
            <ns3:cad>87</ns3:cad>
          </ns3:TrackPointExtension>
        </extensions>
      </trkpt>
      <trkpt lat="31.1560432054102420806884765625" lon="121.19486340321600437164306640625">
        <ele>3.599999904632568359375</ele>
        <time>2026-09-05T12:56:48.000Z</time>
        <extensions>
          <ns3:TrackPointExtension>
            <ns3:hr>144</ns3:hr>
            <ns3:cad>86</ns3:cad>
          </ns3:TrackPointExtension>
        </extensions>
      </trkpt>
      <trkpt lat="31.1560391820967197418212890625" lon="121.19483708404004573822021484375">
        <ele>3.599999904632568359375</ele>
        <time>2026-09-05T12:56:49.000Z</time>
        <extensions>
          <ns3:TrackPointExtension>
            <ns3:hr>144</ns3:hr>
            <ns3:cad>86</ns3:cad>
          </ns3:TrackPointExtension>
        </extensions>
      </trkpt>
      <trkpt lat="31.156035326421260833740234375" lon="121.19481344707310199737548828125">
        <ele>3.599999904632568359375</ele>
        <time>2026-09-05T12:56:50.000Z</time>
        <extensions>
          <ns3:TrackPointExtension>
            <ns3:hr>144</ns3:hr>
            <ns3:cad>85</ns3:cad>
          </ns3:TrackPointExtension>
        </extensions>
      </trkpt>
      <trkpt lat="31.15602971054613590240478515625" lon="121.19478561915457248687744140625">
        <ele>3.599999904632568359375</ele>
        <time>2026-09-05T12:56:51.000Z</time>
        <extensions>
          <ns3:TrackPointExtension>
            <ns3:hr>143</ns3:hr>
            <ns3:cad>85</ns3:cad>
          </ns3:TrackPointExtension>
        </extensions>
      </trkpt>
      <trkpt lat="31.1560240946710109710693359375" lon="121.19476466439664363861083984375">
        <ele>3.599999904632568359375</ele>
        <time>2026-09-05T12:56:52.000Z</time>
        <extensions>
          <ns3:TrackPointExtension>
            <ns3:hr>143</ns3:hr>
            <ns3:cad>84</ns3:cad>
          </ns3:TrackPointExtension>
        </extensions>
      </trkpt>
      <trkpt lat="31.15602334029972553253173828125" lon="121.19473750703036785125732421875">
        <ele>3.599999904632568359375</ele>
        <time>2026-09-05T12:56:53.000Z</time>
        <extensions>
          <ns3:TrackPointExtension>
            <ns3:hr>143</ns3:hr>
            <ns3:cad>84</ns3:cad>
          </ns3:TrackPointExtension>
        </extensions>
      </trkpt>
      <trkpt lat="31.1560207419097423553466796875" lon="121.19471319951117038726806640625">
        <ele>3.7999999523162841796875</ele>
        <time>2026-09-05T12:56:54.000Z</time>
        <extensions>
          <ns3:TrackPointExtension>
            <ns3:hr>143</ns3:hr>
            <ns3:cad>84</ns3:cad>
          </ns3:TrackPointExtension>
        </extensions>
      </trkpt>
      <trkpt lat="31.15601512603461742401123046875" lon="121.19468553923070430755615234375">
        <ele>3.7999999523162841796875</ele>
        <time>2026-09-05T12:56:55.000Z</time>
        <extensions>
          <ns3:TrackPointExtension>
            <ns3:hr>143</ns3:hr>
            <ns3:cad>84</ns3:cad>
          </ns3:TrackPointExtension>
        </extensions>
      </trkpt>
      <trkpt lat="31.15601143799722194671630859375" lon="121.19466592557728290557861328125">
        <ele>3.7999999523162841796875</ele>
        <time>2026-09-05T12:56:56.000Z</time>
        <extensions>
          <ns3:TrackPointExtension>
            <ns3:hr>143</ns3:hr>
            <ns3:cad>85</ns3:cad>
          </ns3:TrackPointExtension>
        </extensions>
      </trkpt>
      <trkpt lat="31.1560069955885410308837890625" lon="121.19464580900967121124267578125">
        <ele>3.7999999523162841796875</ele>
        <time>2026-09-05T12:56:57.000Z</time>
        <extensions>
          <ns3:TrackPointExtension>
            <ns3:hr>143</ns3:hr>
            <ns3:cad>86</ns3:cad>
          </ns3:TrackPointExtension>
        </extensions>
      </trkpt>
      <trkpt lat="31.1560056544840335845947265625" lon="121.19461731053888797760009765625">
        <ele>3.7999999523162841796875</ele>
        <time>2026-09-05T12:56:58.000Z</time>
        <extensions>
          <ns3:TrackPointExtension>
            <ns3:hr>143</ns3:hr>
            <ns3:cad>87</ns3:cad>
          </ns3:TrackPointExtension>
        </extensions>
      </trkpt>
      <trkpt lat="31.156000792980194091796875" lon="121.1945962719619274139404296875">
        <ele>3.7999999523162841796875</ele>
        <time>2026-09-05T12:56:59.000Z</time>
        <extensions>
          <ns3:TrackPointExtension>
            <ns3:hr>143</ns3:hr>
            <ns3:cad>87</ns3:cad>
          </ns3:TrackPointExtension>
        </extensions>
      </trkpt>
      <trkpt lat="31.15599609911441802978515625" lon="121.194567941129207611083984375">
        <ele>3.7999999523162841796875</ele>
        <time>2026-09-05T12:57:00.000Z</time>
        <extensions>
          <ns3:TrackPointExtension>
            <ns3:hr>143</ns3:hr>
            <ns3:cad>87</ns3:cad>
          </ns3:TrackPointExtension>
        </extensions>
      </trkpt>
      <trkpt lat="31.1559882201254367828369140625" lon="121.1945483274757862091064453125">
        <ele>3.7999999523162841796875</ele>
        <time>2026-09-05T12:57:01.000Z</time>
        <extensions>
          <ns3:TrackPointExtension>
            <ns3:hr>143</ns3:hr>
            <ns3:cad>86</ns3:cad>
          </ns3:TrackPointExtension>
        </extensions>
      </trkpt>
      <trkpt lat="31.15598159842193126678466796875" lon="121.19451840408146381378173828125">
        <ele>3.7999999523162841796875</ele>
        <time>2026-09-05T12:57:02.000Z</time>
        <extensions>
          <ns3:TrackPointExtension>
            <ns3:hr>143</ns3:hr>
            <ns3:cad>85</ns3:cad>
          </ns3:TrackPointExtension>
        </extensions>
      </trkpt>
      <trkpt lat="31.1559753119945526123046875" lon="121.19449811987578868865966796875">
        <ele>3.7999999523162841796875</ele>
        <time>2026-09-05T12:57:03.000Z</time>
        <extensions>
          <ns3:TrackPointExtension>
            <ns3:hr>143</ns3:hr>
            <ns3:cad>85</ns3:cad>
          </ns3:TrackPointExtension>
        </extensions>
      </trkpt>
      <trkpt lat="31.155970953404903411865234375" lon="121.1944749020040035247802734375">
        <ele>3.7999999523162841796875</ele>
        <time>2026-09-05T12:57:04.000Z</time>
        <extensions>
          <ns3:TrackPointExtension>
            <ns3:hr>143</ns3:hr>
            <ns3:cad>86</ns3:cad>
          </ns3:TrackPointExtension>
        </extensions>
      </trkpt>
      <trkpt lat="31.155966930091381072998046875" lon="121.194449923932552337646484375">
        <ele>3.7999999523162841796875</ele>
        <time>2026-09-05T12:57:05.000Z</time>
        <extensions>
          <ns3:TrackPointExtension>
            <ns3:hr>143</ns3:hr>
            <ns3:cad>87</ns3:cad>
          </ns3:TrackPointExtension>
        </extensions>
      </trkpt>
      <trkpt lat="31.15596097894012928009033203125" lon="121.19442855007946491241455078125">
        <ele>3.7999999523162841796875</ele>
        <time>2026-09-05T12:57:06.000Z</time>
        <extensions>
          <ns3:TrackPointExtension>
            <ns3:hr>144</ns3:hr>
            <ns3:cad>87</ns3:cad>
          </ns3:TrackPointExtension>
        </extensions>
      </trkpt>
      <trkpt lat="31.1559573747217655181884765625" lon="121.194398291409015655517578125">
        <ele>3.7999999523162841796875</ele>
        <time>2026-09-05T12:57:07.000Z</time>
        <extensions>
          <ns3:TrackPointExtension>
            <ns3:hr>143</ns3:hr>
            <ns3:cad>87</ns3:cad>
          </ns3:TrackPointExtension>
        </extensions>
      </trkpt>
      <trkpt lat="31.155949495732784271240234375" lon="121.1943749897181987762451171875">
        <ele>3.7999999523162841796875</ele>
        <time>2026-09-05T12:57:08.000Z</time>
        <extensions>
          <ns3:TrackPointExtension>
            <ns3:hr>144</ns3:hr>
            <ns3:cad>86</ns3:cad>
          </ns3:TrackPointExtension>
        </extensions>
      </trkpt>
      <trkpt lat="31.1559419520199298858642578125" lon="121.19434498250484466552734375">
        <ele>3.7999999523162841796875</ele>
        <time>2026-09-05T12:57:09.000Z</time>
        <extensions>
          <ns3:TrackPointExtension>
            <ns3:hr>144</ns3:hr>
            <ns3:cad>86</ns3:cad>
          </ns3:TrackPointExtension>
        </extensions>
      </trkpt>
      <trkpt lat="31.1559372581541538238525390625" lon="121.1943228542804718017578125">
        <ele>3.7999999523162841796875</ele>
        <time>2026-09-05T12:57:10.000Z</time>
        <extensions>
          <ns3:TrackPointExtension>
            <ns3:hr>144</ns3:hr>
            <ns3:cad>86</ns3:cad>
          </ns3:TrackPointExtension>
        </extensions>
      </trkpt>
      <trkpt lat="31.15593373775482177734375" lon="121.194297708570957183837890625">
        <ele>3.7999999523162841796875</ele>
        <time>2026-09-05T12:57:11.000Z</time>
        <extensions>
          <ns3:TrackPointExtension>
            <ns3:hr>144</ns3:hr>
            <ns3:cad>86</ns3:cad>
          </ns3:TrackPointExtension>
        </extensions>
      </trkpt>
      <trkpt lat="31.1559318937361240386962890625" lon="121.1942744068801403045654296875">
        <ele>3.7999999523162841796875</ele>
        <time>2026-09-05T12:57:12.000Z</time>
        <extensions>
          <ns3:TrackPointExtension>
            <ns3:hr>144</ns3:hr>
            <ns3:cad>87</ns3:cad>
          </ns3:TrackPointExtension>
        </extensions>
      </trkpt>
      <trkpt lat="31.15592644549906253814697265625" lon="121.1942536197602748870849609375">
        <ele>3.7999999523162841796875</ele>
        <time>2026-09-05T12:57:13.000Z</time>
        <extensions>
          <ns3:TrackPointExtension>
            <ns3:hr>144</ns3:hr>
            <ns3:cad>87</ns3:cad>
          </ns3:TrackPointExtension>
        </extensions>
      </trkpt>
      <trkpt lat="31.15592208690941333770751953125" lon="121.19422604329884052276611328125">
        <ele>3.7999999523162841796875</ele>
        <time>2026-09-05T12:57:14.000Z</time>
        <extensions>
          <ns3:TrackPointExtension>
            <ns3:hr>144</ns3:hr>
            <ns3:cad>87</ns3:cad>
          </ns3:TrackPointExtension>
        </extensions>
      </trkpt>
      <trkpt lat="31.15591756068170070648193359375" lon="121.194203831255435943603515625">
        <ele>3.7999999523162841796875</ele>
        <time>2026-09-05T12:57:15.000Z</time>
        <extensions>
          <ns3:TrackPointExtension>
            <ns3:hr>144</ns3:hr>
            <ns3:cad>85</ns3:cad>
          </ns3:TrackPointExtension>
        </extensions>
      </trkpt>
      <trkpt lat="31.1559136211872100830078125" lon="121.1941775120794773101806640625">
        <ele>3.7999999523162841796875</ele>
        <time>2026-09-05T12:57:16.000Z</time>
        <extensions>
          <ns3:TrackPointExtension>
            <ns3:hr>144</ns3:hr>
            <ns3:cad>85</ns3:cad>
          </ns3:TrackPointExtension>
        </extensions>
      </trkpt>
      <trkpt lat="31.1559069156646728515625" lon="121.1941563896834850311279296875">
        <ele>3.7999999523162841796875</ele>
        <time>2026-09-05T12:57:17.000Z</time>
        <extensions>
          <ns3:TrackPointExtension>
            <ns3:hr>144</ns3:hr>
            <ns3:cad>85</ns3:cad>
          </ns3:TrackPointExtension>
        </extensions>
      </trkpt>
      <trkpt lat="31.15590364672243595123291015625" lon="121.1941322498023509979248046875">
        <ele>3.7999999523162841796875</ele>
        <time>2026-09-05T12:57:18.000Z</time>
        <extensions>
          <ns3:TrackPointExtension>
            <ns3:hr>144</ns3:hr>
            <ns3:cad>85</ns3:cad>
          </ns3:TrackPointExtension>
        </extensions>
      </trkpt>
      <trkpt lat="31.15590247325599193572998046875" lon="121.19410836137831211090087890625">
        <ele>3.7999999523162841796875</ele>
        <time>2026-09-05T12:57:19.000Z</time>
        <extensions>
          <ns3:TrackPointExtension>
            <ns3:hr>144</ns3:hr>
            <ns3:cad>86</ns3:cad>
          </ns3:TrackPointExtension>
        </extensions>
      </trkpt>
      <trkpt lat="31.15589492954313755035400390625" lon="121.19408346712589263916015625">
        <ele>3.7999999523162841796875</ele>
        <time>2026-09-05T12:57:20.000Z</time>
        <extensions>
          <ns3:TrackPointExtension>
            <ns3:hr>143</ns3:hr>
            <ns3:cad>86</ns3:cad>
          </ns3:TrackPointExtension>
        </extensions>
      </trkpt>
      <trkpt lat="31.15589124150574207305908203125" lon="121.1940544657409191131591796875">
        <ele>3.7999999523162841796875</ele>
        <time>2026-09-05T12:57:21.000Z</time>
        <extensions>
          <ns3:TrackPointExtension>
            <ns3:hr>144</ns3:hr>
            <ns3:cad>85</ns3:cad>
          </ns3:TrackPointExtension>
        </extensions>
      </trkpt>
      <trkpt lat="31.15588470362126827239990234375" lon="121.1940350197255611419677734375">
        <ele>3.7999999523162841796875</ele>
        <time>2026-09-05T12:57:22.000Z</time>
        <extensions>
          <ns3:TrackPointExtension>
            <ns3:hr>144</ns3:hr>
            <ns3:cad>85</ns3:cad>
          </ns3:TrackPointExtension>
        </extensions>
      </trkpt>
      <trkpt lat="31.1558826081454753875732421875" lon="121.19400442577898502349853515625">
        <ele>3.7999999523162841796875</ele>
        <time>2026-09-05T12:57:23.000Z</time>
        <extensions>
          <ns3:TrackPointExtension>
            <ns3:hr>144</ns3:hr>
            <ns3:cad>86</ns3:cad>
          </ns3:TrackPointExtension>
        </extensions>
      </trkpt>
      <trkpt lat="31.15587665699422359466552734375" lon="121.19398363865911960601806640625">
        <ele>3.7999999523162841796875</ele>
        <time>2026-09-05T12:57:24.000Z</time>
        <extensions>
          <ns3:TrackPointExtension>
            <ns3:hr>144</ns3:hr>
            <ns3:cad>86</ns3:cad>
          </ns3:TrackPointExtension>
        </extensions>
      </trkpt>
      <trkpt lat="31.1558733880519866943359375" lon="121.19395874440670013427734375">
        <ele>3.7999999523162841796875</ele>
        <time>2026-09-05T12:57:25.000Z</time>
        <extensions>
          <ns3:TrackPointExtension>
            <ns3:hr>144</ns3:hr>
            <ns3:cad>86</ns3:cad>
          </ns3:TrackPointExtension>
        </extensions>
      </trkpt>
      <trkpt lat="31.15586978383362293243408203125" lon="121.193936951458454132080078125">
        <ele>3.7999999523162841796875</ele>
        <time>2026-09-05T12:57:26.000Z</time>
        <extensions>
          <ns3:TrackPointExtension>
            <ns3:hr>143</ns3:hr>
            <ns3:cad>86</ns3:cad>
          </ns3:TrackPointExtension>
        </extensions>
      </trkpt>
      <trkpt lat="31.155863665044307708740234375" lon="121.1939149908721446990966796875">
        <ele>3.7999999523162841796875</ele>
        <time>2026-09-05T12:57:27.000Z</time>
        <extensions>
          <ns3:TrackPointExtension>
            <ns3:hr>144</ns3:hr>
            <ns3:cad>87</ns3:cad>
          </ns3:TrackPointExtension>
        </extensions>
      </trkpt>
      <trkpt lat="31.15586056374013423919677734375" lon="121.1938869953155517578125">
        <ele>3.7999999523162841796875</ele>
        <time>2026-09-05T12:57:28.000Z</time>
        <extensions>
          <ns3:TrackPointExtension>
            <ns3:hr>144</ns3:hr>
            <ns3:cad>87</ns3:cad>
          </ns3:TrackPointExtension>
        </extensions>
      </trkpt>
      <trkpt lat="31.155855953693389892578125" lon="121.19386243633925914764404296875">
        <ele>3.7999999523162841796875</ele>
        <time>2026-09-05T12:57:29.000Z</time>
        <extensions>
          <ns3:TrackPointExtension>
            <ns3:hr>143</ns3:hr>
            <ns3:cad>86</ns3:cad>
          </ns3:TrackPointExtension>
        </extensions>
      </trkpt>
      <trkpt lat="31.155850924551486968994140625" lon="121.19383460842072963714599609375">
        <ele>3.7999999523162841796875</ele>
        <time>2026-09-05T12:57:30.000Z</time>
        <extensions>
          <ns3:TrackPointExtension>
            <ns3:hr>143</ns3:hr>
            <ns3:cad>86</ns3:cad>
          </ns3:TrackPointExtension>
        </extensions>
      </trkpt>
      <trkpt lat="31.15584363229572772979736328125" lon="121.19381382130086421966552734375">
        <ele>3.7999999523162841796875</ele>
        <time>2026-09-05T12:57:31.000Z</time>
        <extensions>
          <ns3:TrackPointExtension>
            <ns3:hr>143</ns3:hr>
            <ns3:cad>86</ns3:cad>
          </ns3:TrackPointExtension>
        </extensions>
      </trkpt>
      <trkpt lat="31.15583491511642932891845703125" lon="121.1937882564961910247802734375">
        <ele>4</ele>
        <time>2026-09-05T12:57:32.000Z</time>
        <extensions>
          <ns3:TrackPointExtension>
            <ns3:hr>143</ns3:hr>
            <ns3:cad>86</ns3:cad>
          </ns3:TrackPointExtension>
        </extensions>
      </trkpt>
      <trkpt lat="31.15582955069839954376220703125" lon="121.1937644518911838531494140625">
        <ele>4</ele>
        <time>2026-09-05T12:57:33.000Z</time>
        <extensions>
          <ns3:TrackPointExtension>
            <ns3:hr>144</ns3:hr>
            <ns3:cad>87</ns3:cad>
          </ns3:TrackPointExtension>
        </extensions>
      </trkpt>
      <trkpt lat="31.155828125774860382080078125" lon="121.19373788125813007354736328125">
        <ele>3.7999999523162841796875</ele>
        <time>2026-09-05T12:57:34.000Z</time>
        <extensions>
          <ns3:TrackPointExtension>
            <ns3:hr>143</ns3:hr>
            <ns3:cad>87</ns3:cad>
          </ns3:TrackPointExtension>
        </extensions>
      </trkpt>
      <trkpt lat="31.15582619793713092803955078125" lon="121.19371072389185428619384765625">
        <ele>3.7999999523162841796875</ele>
        <time>2026-09-05T12:57:35.000Z</time>
        <extensions>
          <ns3:TrackPointExtension>
            <ns3:hr>144</ns3:hr>
            <ns3:cad>86</ns3:cad>
          </ns3:TrackPointExtension>
        </extensions>
      </trkpt>
      <trkpt lat="31.1558249406516551971435546875" lon="121.19368675164878368377685546875">
        <ele>3.7999999523162841796875</ele>
        <time>2026-09-05T12:57:36.000Z</time>
        <extensions>
          <ns3:TrackPointExtension>
            <ns3:hr>144</ns3:hr>
            <ns3:cad>86</ns3:cad>
          </ns3:TrackPointExtension>
        </extensions>
      </trkpt>
      <trkpt lat="31.1558289639651775360107421875" lon="121.193656660616397857666015625">
        <ele>3.7999999523162841796875</ele>
        <time>2026-09-05T12:57:37.000Z</time>
        <extensions>
          <ns3:TrackPointExtension>
            <ns3:hr>144</ns3:hr>
            <ns3:cad>85</ns3:cad>
          </ns3:TrackPointExtension>
        </extensions>
      </trkpt>
      <trkpt lat="31.1558304727077484130859375" lon="121.193637214601039886474609375">
        <ele>3.7999999523162841796875</ele>
        <time>2026-09-05T12:57:38.000Z</time>
        <extensions>
          <ns3:TrackPointExtension>
            <ns3:hr>144</ns3:hr>
            <ns3:cad>85</ns3:cad>
          </ns3:TrackPointExtension>
        </extensions>
      </trkpt>
      <trkpt lat="31.15584229119122028350830078125" lon="121.19361399672925472259521484375">
        <ele>4</ele>
        <time>2026-09-05T12:57:39.000Z</time>
        <extensions>
          <ns3:TrackPointExtension>
            <ns3:hr>144</ns3:hr>
            <ns3:cad>86</ns3:cad>
          </ns3:TrackPointExtension>
        </extensions>
      </trkpt>
      <trkpt lat="31.1558527685701847076416015625" lon="121.1935951374471187591552734375">
        <ele>4</ele>
        <time>2026-09-05T12:57:40.000Z</time>
        <extensions>
          <ns3:TrackPointExtension>
            <ns3:hr>143</ns3:hr>
            <ns3:cad>87</ns3:cad>
          </ns3:TrackPointExtension>
        </extensions>
      </trkpt>
      <trkpt lat="31.15586408413946628570556640625" lon="121.193584240972995758056640625">
        <ele>4</ele>
        <time>2026-09-05T12:57:41.000Z</time>
        <extensions>
          <ns3:TrackPointExtension>
            <ns3:hr>144</ns3:hr>
            <ns3:cad>87</ns3:cad>
          </ns3:TrackPointExtension>
        </extensions>
      </trkpt>
      <trkpt lat="31.1558812670409679412841796875" lon="121.1935760267078876495361328125">
        <ele>4</ele>
        <time>2026-09-05T12:57:42.000Z</time>
        <extensions>
          <ns3:TrackPointExtension>
            <ns3:hr>143</ns3:hr>
            <ns3:cad>87</ns3:cad>
          </ns3:TrackPointExtension>
        </extensions>
      </trkpt>
      <trkpt lat="31.15589308552443981170654296875" lon="121.1935656331479549407958984375">
        <ele>4.19999980926513671875</ele>
        <time>2026-09-05T12:57:43.000Z</time>
        <extensions>
          <ns3:TrackPointExtension>
            <ns3:hr>143</ns3:hr>
            <ns3:cad>87</ns3:cad>
          </ns3:TrackPointExtension>
        </extensions>
      </trkpt>
      <trkpt lat="31.15591638721525669097900390625" lon="121.1935595981776714324951171875">
        <ele>4.19999980926513671875</ele>
        <time>2026-09-05T12:57:44.000Z</time>
        <extensions>
          <ns3:TrackPointExtension>
            <ns3:hr>144</ns3:hr>
            <ns3:cad>85</ns3:cad>
          </ns3:TrackPointExtension>
        </extensions>
      </trkpt>
      <trkpt lat="31.1559302173554897308349609375" lon="121.1935549043118953704833984375">
        <ele>4.19999980926513671875</ele>
        <time>2026-09-05T12:57:45.000Z</time>
        <extensions>
          <ns3:TrackPointExtension>
            <ns3:hr>144</ns3:hr>
            <ns3:cad>85</ns3:cad>
          </ns3:TrackPointExtension>
        </extensions>
      </trkpt>
      <trkpt lat="31.15595142357051372528076171875" lon="121.193549372255802154541015625">
        <ele>4.19999980926513671875</ele>
        <time>2026-09-05T12:57:46.000Z</time>
        <extensions>
          <ns3:TrackPointExtension>
            <ns3:hr>144</ns3:hr>
            <ns3:cad>85</ns3:cad>
          </ns3:TrackPointExtension>
        </extensions>
      </trkpt>
      <trkpt lat="31.1559670977294445037841796875" lon="121.19354543276131153106689453125">
        <ele>4.400000095367431640625</ele>
        <time>2026-09-05T12:57:47.000Z</time>
        <extensions>
          <ns3:TrackPointExtension>
            <ns3:hr>144</ns3:hr>
            <ns3:cad>86</ns3:cad>
          </ns3:TrackPointExtension>
        </extensions>
      </trkpt>
      <trkpt lat="31.15598402917385101318359375" lon="121.1935341171920299530029296875">
        <ele>4.400000095367431640625</ele>
        <time>2026-09-05T12:57:48.000Z</time>
        <extensions>
          <ns3:TrackPointExtension>
            <ns3:hr>144</ns3:hr>
            <ns3:cad>86</ns3:cad>
          </ns3:TrackPointExtension>
        </extensions>
      </trkpt>
      <trkpt lat="31.15600548684597015380859375" lon="121.1935247294604778289794921875">
        <ele>4.400000095367431640625</ele>
        <time>2026-09-05T12:57:49.000Z</time>
        <extensions>
          <ns3:TrackPointExtension>
            <ns3:hr>144</ns3:hr>
            <ns3:cad>86</ns3:cad>
          </ns3:TrackPointExtension>
        </extensions>
      </trkpt>
      <trkpt lat="31.15602166391909122467041015625" lon="121.19351224042475223541259765625">
        <ele>4.400000095367431640625</ele>
        <time>2026-09-05T12:57:50.000Z</time>
        <extensions>
          <ns3:TrackPointExtension>
            <ns3:hr>143</ns3:hr>
            <ns3:cad>86</ns3:cad>
          </ns3:TrackPointExtension>
        </extensions>
      </trkpt>
      <trkpt lat="31.15604463033378124237060546875" lon="121.193499751389026641845703125">
        <ele>4.400000095367431640625</ele>
        <time>2026-09-05T12:57:51.000Z</time>
        <extensions>
          <ns3:TrackPointExtension>
            <ns3:hr>144</ns3:hr>
            <ns3:cad>86</ns3:cad>
          </ns3:TrackPointExtension>
        </extensions>
      </trkpt>
      <trkpt lat="31.1560636572539806365966796875" lon="121.19348742999136447906494140625">
        <ele>4.400000095367431640625</ele>
        <time>2026-09-05T12:57:52.000Z</time>
        <extensions>
          <ns3:TrackPointExtension>
            <ns3:hr>144</ns3:hr>
            <ns3:cad>86</ns3:cad>
          </ns3:TrackPointExtension>
        </extensions>
      </trkpt>
      <trkpt lat="31.1560879647731781005859375" lon="121.19347418658435344696044921875">
        <ele>4.400000095367431640625</ele>
        <time>2026-09-05T12:57:53.000Z</time>
        <extensions>
          <ns3:TrackPointExtension>
            <ns3:hr>144</ns3:hr>
            <ns3:cad>87</ns3:cad>
          </ns3:TrackPointExtension>
        </extensions>
      </trkpt>
      <trkpt lat="31.15610816515982151031494140625" lon="121.19346253573894500732421875">
        <ele>4.599999904632568359375</ele>
        <time>2026-09-05T12:57:54.000Z</time>
        <extensions>
          <ns3:TrackPointExtension>
            <ns3:hr>144</ns3:hr>
            <ns3:cad>88</ns3:cad>
          </ns3:TrackPointExtension>
        </extensions>
      </trkpt>
      <trkpt lat="31.15613498724997043609619140625" lon="121.193457506597042083740234375">
        <ele>4.599999904632568359375</ele>
        <time>2026-09-05T12:57:55.000Z</time>
        <extensions>
          <ns3:TrackPointExtension>
            <ns3:hr>144</ns3:hr>
            <ns3:cad>88</ns3:cad>
          </ns3:TrackPointExtension>
        </extensions>
      </trkpt>
      <trkpt lat="31.156154014170169830322265625" lon="121.19344937615096569061279296875">
        <ele>4.80000019073486328125</ele>
        <time>2026-09-05T12:57:56.000Z</time>
        <extensions>
          <ns3:TrackPointExtension>
            <ns3:hr>144</ns3:hr>
            <ns3:cad>88</ns3:cad>
          </ns3:TrackPointExtension>
        </extensions>
      </trkpt>
      <trkpt lat="31.156177483499050140380859375" lon="121.1934419162571430206298828125">
        <ele>4.80000019073486328125</ele>
        <time>2026-09-05T12:57:57.000Z</time>
        <extensions>
          <ns3:TrackPointExtension>
            <ns3:hr>144</ns3:hr>
            <ns3:cad>88</ns3:cad>
          </ns3:TrackPointExtension>
        </extensions>
      </trkpt>
      <trkpt lat="31.15619852207601070404052734375" lon="121.19343294762074947357177734375">
        <ele>4.80000019073486328125</ele>
        <time>2026-09-05T12:57:58.000Z</time>
        <extensions>
          <ns3:TrackPointExtension>
            <ns3:hr>144</ns3:hr>
            <ns3:cad>88</ns3:cad>
          </ns3:TrackPointExtension>
        </extensions>
      </trkpt>
      <trkpt lat="31.15621604025363922119140625" lon="121.193423308432102203369140625">
        <ele>5</ele>
        <time>2026-09-05T12:57:59.000Z</time>
        <extensions>
          <ns3:TrackPointExtension>
            <ns3:hr>144</ns3:hr>
            <ns3:cad>88</ns3:cad>
          </ns3:TrackPointExtension>
        </extensions>
      </trkpt>
      <trkpt lat="31.156239174306392669677734375" lon="121.19341501034796237945556640625">
        <ele>5</ele>
        <time>2026-09-05T12:58:00.000Z</time>
        <extensions>
          <ns3:TrackPointExtension>
            <ns3:hr>144</ns3:hr>
            <ns3:cad>88</ns3:cad>
          </ns3:TrackPointExtension>
        </extensions>
      </trkpt>
      <trkpt lat="31.15626289509236812591552734375" lon="121.19340897537767887115478515625">
        <ele>5</ele>
        <time>2026-09-05T12:58:01.000Z</time>
        <extensions>
          <ns3:TrackPointExtension>
            <ns3:hr>144</ns3:hr>
            <ns3:cad>89</ns3:cad>
          </ns3:TrackPointExtension>
        </extensions>
      </trkpt>
      <trkpt lat="31.15628485567867755889892578125" lon="121.19340109638869762420654296875">
        <ele>5</ele>
        <time>2026-09-05T12:58:02.000Z</time>
        <extensions>
          <ns3:TrackPointExtension>
            <ns3:hr>144</ns3:hr>
            <ns3:cad>89</ns3:cad>
          </ns3:TrackPointExtension>
        </extensions>
      </trkpt>
      <trkpt lat="31.1563084088265895843505859375" lon="121.19339657016098499298095703125">
        <ele>5.19999980926513671875</ele>
        <time>2026-09-05T12:58:03.000Z</time>
        <extensions>
          <ns3:TrackPointExtension>
            <ns3:hr>144</ns3:hr>
            <ns3:cad>88</ns3:cad>
          </ns3:TrackPointExtension>
        </extensions>
      </trkpt>
      <trkpt lat="31.15632676519453525543212890625" lon="121.19339338503777980804443359375">
        <ele>5.19999980926513671875</ele>
        <time>2026-09-05T12:58:04.000Z</time>
        <extensions>
          <ns3:TrackPointExtension>
            <ns3:hr>144</ns3:hr>
            <ns3:cad>87</ns3:cad>
          </ns3:TrackPointExtension>
        </extensions>
      </trkpt>
      <trkpt lat="31.15634470246732234954833984375" lon="121.1933867633342742919921875">
        <ele>5.400000095367431640625</ele>
        <time>2026-09-05T12:58:05.000Z</time>
        <extensions>
          <ns3:TrackPointExtension>
            <ns3:hr>144</ns3:hr>
            <ns3:cad>87</ns3:cad>
          </ns3:TrackPointExtension>
        </extensions>
      </trkpt>
      <trkpt lat="31.15636431612074375152587890625" lon="121.19338047690689563751220703125">
        <ele>5.400000095367431640625</ele>
        <time>2026-09-05T12:58:06.000Z</time>
        <extensions>
          <ns3:TrackPointExtension>
            <ns3:hr>144</ns3:hr>
            <ns3:cad>87</ns3:cad>
          </ns3:TrackPointExtension>
        </extensions>
      </trkpt>
      <trkpt lat="31.156384013593196868896484375" lon="121.19337293319404125213623046875">
        <ele>5.400000095367431640625</ele>
        <time>2026-09-05T12:58:07.000Z</time>
        <extensions>
          <ns3:TrackPointExtension>
            <ns3:hr>145</ns3:hr>
            <ns3:cad>88</ns3:cad>
          </ns3:TrackPointExtension>
        </extensions>
      </trkpt>
      <trkpt lat="31.15641041658818721771240234375" lon="121.19336463510990142822265625">
        <ele>5.599999904632568359375</ele>
        <time>2026-09-05T12:58:08.000Z</time>
        <extensions>
          <ns3:TrackPointExtension>
            <ns3:hr>144</ns3:hr>
            <ns3:cad>88</ns3:cad>
          </ns3:TrackPointExtension>
        </extensions>
      </trkpt>
      <trkpt lat="31.1564297787845134735107421875" lon="121.19335214607417583465576171875">
        <ele>5.599999904632568359375</ele>
        <time>2026-09-05T12:58:09.000Z</time>
        <extensions>
          <ns3:TrackPointExtension>
            <ns3:hr>144</ns3:hr>
            <ns3:cad>88</ns3:cad>
          </ns3:TrackPointExtension>
        </extensions>
      </trkpt>
      <trkpt lat="31.1564525775611400604248046875" lon="121.19334041140973567962646484375">
        <ele>5.80000019073486328125</ele>
        <time>2026-09-05T12:58:10.000Z</time>
        <extensions>
          <ns3:TrackPointExtension>
            <ns3:hr>144</ns3:hr>
            <ns3:cad>87</ns3:cad>
          </ns3:TrackPointExtension>
        </extensions>
      </trkpt>
      <trkpt lat="31.1564733646810054779052734375" lon="121.19332750327885150909423828125">
        <ele>5.80000019073486328125</ele>
        <time>2026-09-05T12:58:11.000Z</time>
        <extensions>
          <ns3:TrackPointExtension>
            <ns3:hr>144</ns3:hr>
            <ns3:cad>86</ns3:cad>
          </ns3:TrackPointExtension>
        </extensions>
      </trkpt>
      <trkpt lat="31.1564941518008708953857421875" lon="121.1933121643960475921630859375">
        <ele>5.80000019073486328125</ele>
        <time>2026-09-05T12:58:12.000Z</time>
        <extensions>
          <ns3:TrackPointExtension>
            <ns3:hr>145</ns3:hr>
            <ns3:cad>86</ns3:cad>
          </ns3:TrackPointExtension>
        </extensions>
      </trkpt>
      <trkpt lat="31.156516112387180328369140625" lon="121.1932997591793537139892578125">
        <ele>5.80000019073486328125</ele>
        <time>2026-09-05T12:58:13.000Z</time>
        <extensions>
          <ns3:TrackPointExtension>
            <ns3:hr>144</ns3:hr>
            <ns3:cad>86</ns3:cad>
          </ns3:TrackPointExtension>
        </extensions>
      </trkpt>
      <trkpt lat="31.156534217298030853271484375" lon="121.19328727014362812042236328125">
        <ele>5.80000019073486328125</ele>
        <time>2026-09-05T12:58:14.000Z</time>
        <extensions>
          <ns3:TrackPointExtension>
            <ns3:hr>145</ns3:hr>
            <ns3:cad>87</ns3:cad>
          </ns3:TrackPointExtension>
        </extensions>
      </trkpt>
      <trkpt lat="31.1565545015037059783935546875" lon="121.19327536784112453460693359375">
        <ele>5.80000019073486328125</ele>
        <time>2026-09-05T12:58:15.000Z</time>
        <extensions>
          <ns3:TrackPointExtension>
            <ns3:hr>145</ns3:hr>
            <ns3:cad>87</ns3:cad>
          </ns3:TrackPointExtension>
        </extensions>
      </trkpt>
      <trkpt lat="31.15657101385295391082763671875" lon="121.193263046443462371826171875">
        <ele>5.80000019073486328125</ele>
        <time>2026-09-05T12:58:16.000Z</time>
        <extensions>
          <ns3:TrackPointExtension>
            <ns3:hr>145</ns3:hr>
            <ns3:cad>87</ns3:cad>
          </ns3:TrackPointExtension>
        </extensions>
      </trkpt>
      <trkpt lat="31.156593896448612213134765625" lon="121.1932553350925445556640625">
        <ele>5.80000019073486328125</ele>
        <time>2026-09-05T12:58:17.000Z</time>
        <extensions>
          <ns3:TrackPointExtension>
            <ns3:hr>144</ns3:hr>
            <ns3:cad>87</ns3:cad>
          </ns3:TrackPointExtension>
        </extensions>
      </trkpt>
      <trkpt lat="31.15661292336881160736083984375" lon="121.19324536062777042388916015625">
        <ele>5.80000019073486328125</ele>
        <time>2026-09-05T12:58:18.000Z</time>
        <extensions>
          <ns3:TrackPointExtension>
            <ns3:hr>145</ns3:hr>
            <ns3:cad>86</ns3:cad>
          </ns3:TrackPointExtension>
        </extensions>
      </trkpt>
      <trkpt lat="31.15663873963057994842529296875" lon="121.19323664344847202301025390625">
        <ele>5.80000019073486328125</ele>
        <time>2026-09-05T12:58:19.000Z</time>
        <extensions>
          <ns3:TrackPointExtension>
            <ns3:hr>145</ns3:hr>
            <ns3:cad>86</ns3:cad>
          </ns3:TrackPointExtension>
        </extensions>
      </trkpt>
      <trkpt lat="31.1566560901701450347900390625" lon="121.1932285130023956298828125">
        <ele>5.80000019073486328125</ele>
        <time>2026-09-05T12:58:20.000Z</time>
        <extensions>
          <ns3:TrackPointExtension>
            <ns3:hr>145</ns3:hr>
            <ns3:cad>87</ns3:cad>
          </ns3:TrackPointExtension>
        </extensions>
      </trkpt>
      <trkpt lat="31.156675703823566436767578125" lon="121.19321853853762149810791015625">
        <ele>5.80000019073486328125</ele>
        <time>2026-09-05T12:58:21.000Z</time>
        <extensions>
          <ns3:TrackPointExtension>
            <ns3:hr>145</ns3:hr>
            <ns3:cad>87</ns3:cad>
          </ns3:TrackPointExtension>
        </extensions>
      </trkpt>
      <trkpt lat="31.15669506601989269256591796875" lon="121.19321216829121112823486328125">
        <ele>5.599999904632568359375</ele>
        <time>2026-09-05T12:58:22.000Z</time>
        <extensions>
          <ns3:TrackPointExtension>
            <ns3:hr>145</ns3:hr>
            <ns3:cad>87</ns3:cad>
          </ns3:TrackPointExtension>
        </extensions>
      </trkpt>
      <trkpt lat="31.15671761333942413330078125" lon="121.19320479221642017364501953125">
        <ele>5.599999904632568359375</ele>
        <time>2026-09-05T12:58:23.000Z</time>
        <extensions>
          <ns3:TrackPointExtension>
            <ns3:hr>145</ns3:hr>
            <ns3:cad>87</ns3:cad>
          </ns3:TrackPointExtension>
        </extensions>
      </trkpt>
      <trkpt lat="31.156739406287670135498046875" lon="121.193202696740627288818359375">
        <ele>5.400000095367431640625</ele>
        <time>2026-09-05T12:58:24.000Z</time>
        <extensions>
          <ns3:TrackPointExtension>
            <ns3:hr>145</ns3:hr>
            <ns3:cad>87</ns3:cad>
          </ns3:TrackPointExtension>
        </extensions>
      </trkpt>
      <trkpt lat="31.156757511198520660400390625" lon="121.19319456629455089569091796875">
        <ele>5.400000095367431640625</ele>
        <time>2026-09-05T12:58:25.000Z</time>
        <extensions>
          <ns3:TrackPointExtension>
            <ns3:hr>145</ns3:hr>
            <ns3:cad>86</ns3:cad>
          </ns3:TrackPointExtension>
        </extensions>
      </trkpt>
      <trkpt lat="31.156778633594512939453125" lon="121.1931855976581573486328125">
        <ele>5.400000095367431640625</ele>
        <time>2026-09-05T12:58:26.000Z</time>
        <extensions>
          <ns3:TrackPointExtension>
            <ns3:hr>144</ns3:hr>
            <ns3:cad>86</ns3:cad>
          </ns3:TrackPointExtension>
        </extensions>
      </trkpt>
      <trkpt lat="31.1568012647330760955810546875" lon="121.1931800656020641326904296875">
        <ele>5.19999980926513671875</ele>
        <time>2026-09-05T12:58:27.000Z</time>
        <extensions>
          <ns3:TrackPointExtension>
            <ns3:hr>145</ns3:hr>
            <ns3:cad>86</ns3:cad>
          </ns3:TrackPointExtension>
        </extensions>
      </trkpt>
      <trkpt lat="31.15682381205260753631591796875" lon="121.19317344389855861663818359375">
        <ele>5.19999980926513671875</ele>
        <time>2026-09-05T12:58:28.000Z</time>
        <extensions>
          <ns3:TrackPointExtension>
            <ns3:hr>145</ns3:hr>
            <ns3:cad>87</ns3:cad>
          </ns3:TrackPointExtension>
        </extensions>
      </trkpt>
      <trkpt lat="31.15684744901955127716064453125" lon="121.193168498575687408447265625">
        <ele>5.19999980926513671875</ele>
        <time>2026-09-05T12:58:29.000Z</time>
        <extensions>
          <ns3:TrackPointExtension>
            <ns3:hr>145</ns3:hr>
            <ns3:cad>87</ns3:cad>
          </ns3:TrackPointExtension>
        </extensions>
      </trkpt>
      <trkpt lat="31.15686857141554355621337890625" lon="121.1931633017957210540771484375">
        <ele>5.19999980926513671875</ele>
        <time>2026-09-05T12:58:30.000Z</time>
        <extensions>
          <ns3:TrackPointExtension>
            <ns3:hr>145</ns3:hr>
            <ns3:cad>87</ns3:cad>
          </ns3:TrackPointExtension>
        </extensions>
      </trkpt>
      <trkpt lat="31.156891286373138427734375" lon="121.19315542280673980712890625">
        <ele>5.19999980926513671875</ele>
        <time>2026-09-05T12:58:31.000Z</time>
        <extensions>
          <ns3:TrackPointExtension>
            <ns3:hr>146</ns3:hr>
            <ns3:cad>86</ns3:cad>
          </ns3:TrackPointExtension>
        </extensions>
      </trkpt>
      <trkpt lat="31.15691341459751129150390625" lon="121.1931495554745197296142578125">
        <ele>5.19999980926513671875</ele>
        <time>2026-09-05T12:58:32.000Z</time>
        <extensions>
          <ns3:TrackPointExtension>
            <ns3:hr>145</ns3:hr>
            <ns3:cad>86</ns3:cad>
          </ns3:TrackPointExtension>
        </extensions>
      </trkpt>
      <trkpt lat="31.1569333635270595550537109375" lon="121.19314393959939479827880859375">
        <ele>5.19999980926513671875</ele>
        <time>2026-09-05T12:58:33.000Z</time>
        <extensions>
          <ns3:TrackPointExtension>
            <ns3:hr>145</ns3:hr>
            <ns3:cad>86</ns3:cad>
          </ns3:TrackPointExtension>
        </extensions>
      </trkpt>
      <trkpt lat="31.1569548211991786956787109375" lon="121.19313807226717472076416015625">
        <ele>5</ele>
        <time>2026-09-05T12:58:34.000Z</time>
        <extensions>
          <ns3:TrackPointExtension>
            <ns3:hr>146</ns3:hr>
            <ns3:cad>86</ns3:cad>
          </ns3:TrackPointExtension>
        </extensions>
      </trkpt>
      <trkpt lat="31.1569766141474246978759765625" lon="121.1931314505636692047119140625">
        <ele>5</ele>
        <time>2026-09-05T12:58:35.000Z</time>
        <extensions>
          <ns3:TrackPointExtension>
            <ns3:hr>145</ns3:hr>
            <ns3:cad>87</ns3:cad>
          </ns3:TrackPointExtension>
        </extensions>
      </trkpt>
      <trkpt lat="31.15699253976345062255859375" lon="121.1931260861456394195556640625">
        <ele>5</ele>
        <time>2026-09-05T12:58:36.000Z</time>
        <extensions>
          <ns3:TrackPointExtension>
            <ns3:hr>145</ns3:hr>
            <ns3:cad>87</ns3:cad>
          </ns3:TrackPointExtension>
        </extensions>
      </trkpt>
      <trkpt lat="31.15700787864625453948974609375" lon="121.1931156925857067108154296875">
        <ele>5</ele>
        <time>2026-09-05T12:58:37.000Z</time>
        <extensions>
          <ns3:TrackPointExtension>
            <ns3:hr>145</ns3:hr>
            <ns3:cad>87</ns3:cad>
          </ns3:TrackPointExtension>
        </extensions>
      </trkpt>
      <trkpt lat="31.157027743756771087646484375" lon="121.19310772977769374847412109375">
        <ele>5</ele>
        <time>2026-09-05T12:58:38.000Z</time>
        <extensions>
          <ns3:TrackPointExtension>
            <ns3:hr>145</ns3:hr>
            <ns3:cad>86</ns3:cad>
          </ns3:TrackPointExtension>
        </extensions>
      </trkpt>
      <trkpt lat="31.1570433340966701507568359375" lon="121.193103790283203125">
        <ele>5</ele>
        <time>2026-09-05T12:58:39.000Z</time>
        <extensions>
          <ns3:TrackPointExtension>
            <ns3:hr>146</ns3:hr>
            <ns3:cad>85</ns3:cad>
          </ns3:TrackPointExtension>
        </extensions>
      </trkpt>
      <trkpt lat="31.15706319920718669891357421875" lon="121.19309767149388790130615234375">
        <ele>4.80000019073486328125</ele>
        <time>2026-09-05T12:58:40.000Z</time>
        <extensions>
          <ns3:TrackPointExtension>
            <ns3:hr>145</ns3:hr>
            <ns3:cad>85</ns3:cad>
          </ns3:TrackPointExtension>
        </extensions>
      </trkpt>
      <trkpt lat="31.15707996301352977752685546875" lon="121.1930932290852069854736328125">
        <ele>4.80000019073486328125</ele>
        <time>2026-09-05T12:58:41.000Z</time>
        <extensions>
          <ns3:TrackPointExtension>
            <ns3:hr>145</ns3:hr>
            <ns3:cad>85</ns3:cad>
          </ns3:TrackPointExtension>
        </extensions>
      </trkpt>
      <trkpt lat="31.157100163400173187255859375" lon="121.19309163652360439300537109375">
        <ele>4.80000019073486328125</ele>
        <time>2026-09-05T12:58:42.000Z</time>
        <extensions>
          <ns3:TrackPointExtension>
            <ns3:hr>146</ns3:hr>
            <ns3:cad>86</ns3:cad>
          </ns3:TrackPointExtension>
        </extensions>
      </trkpt>
      <trkpt lat="31.15712086670100688934326171875" lon="121.1930902116000652313232421875">
        <ele>4.80000019073486328125</ele>
        <time>2026-09-05T12:58:43.000Z</time>
        <extensions>
          <ns3:TrackPointExtension>
            <ns3:hr>145</ns3:hr>
            <ns3:cad>86</ns3:cad>
          </ns3:TrackPointExtension>
        </extensions>
      </trkpt>
      <trkpt lat="31.157141737639904022216796875" lon="121.19308493100106716156005859375">
        <ele>4.80000019073486328125</ele>
        <time>2026-09-05T12:58:44.000Z</time>
        <extensions>
          <ns3:TrackPointExtension>
            <ns3:hr>145</ns3:hr>
            <ns3:cad>86</ns3:cad>
          </ns3:TrackPointExtension>
        </extensions>
      </trkpt>
      <trkpt lat="31.15715858526527881622314453125" lon="121.19308090768754482269287109375">
        <ele>4.80000019073486328125</ele>
        <time>2026-09-05T12:58:45.000Z</time>
        <extensions>
          <ns3:TrackPointExtension>
            <ns3:hr>146</ns3:hr>
            <ns3:cad>86</ns3:cad>
          </ns3:TrackPointExtension>
        </extensions>
      </trkpt>
      <trkpt lat="31.157175935804843902587890625" lon="121.19307135231792926788330078125">
        <ele>4.80000019073486328125</ele>
        <time>2026-09-05T12:58:46.000Z</time>
        <extensions>
          <ns3:TrackPointExtension>
            <ns3:hr>145</ns3:hr>
            <ns3:cad>85</ns3:cad>
          </ns3:TrackPointExtension>
        </extensions>
      </trkpt>
      <trkpt lat="31.1571983993053436279296875" lon="121.1930687539279460906982421875">
        <ele>4.80000019073486328125</ele>
        <time>2026-09-05T12:58:47.000Z</time>
        <extensions>
          <ns3:TrackPointExtension>
            <ns3:hr>145</ns3:hr>
            <ns3:cad>86</ns3:cad>
          </ns3:TrackPointExtension>
        </extensions>
      </trkpt>
      <trkpt lat="31.15721625275909900665283203125" lon="121.1930640600621700286865234375">
        <ele>4.80000019073486328125</ele>
        <time>2026-09-05T12:58:48.000Z</time>
        <extensions>
          <ns3:TrackPointExtension>
            <ns3:hr>145</ns3:hr>
            <ns3:cad>86</ns3:cad>
          </ns3:TrackPointExtension>
        </extensions>
      </trkpt>
      <trkpt lat="31.15724676288664340972900390625" lon="121.19305995292961597442626953125">
        <ele>4.80000019073486328125</ele>
        <time>2026-09-05T12:58:49.000Z</time>
        <extensions>
          <ns3:TrackPointExtension>
            <ns3:hr>146</ns3:hr>
            <ns3:cad>86</ns3:cad>
          </ns3:TrackPointExtension>
        </extensions>
      </trkpt>
      <trkpt lat="31.1572699807584285736083984375" lon="121.193055175244808197021484375">
        <ele>4.80000019073486328125</ele>
        <time>2026-09-05T12:58:50.000Z</time>
        <extensions>
          <ns3:TrackPointExtension>
            <ns3:hr>145</ns3:hr>
            <ns3:cad>86</ns3:cad>
          </ns3:TrackPointExtension>
        </extensions>
      </trkpt>
      <trkpt lat="31.157290600240230560302734375" lon="121.1930540017783641815185546875">
        <ele>4.80000019073486328125</ele>
        <time>2026-09-05T12:58:51.000Z</time>
        <extensions>
          <ns3:TrackPointExtension>
            <ns3:hr>145</ns3:hr>
            <ns3:cad>86</ns3:cad>
          </ns3:TrackPointExtension>
        </extensions>
      </trkpt>
      <trkpt lat="31.15731901489198207855224609375" lon="121.19305442087352275848388671875">
        <ele>4.80000019073486328125</ele>
        <time>2026-09-05T12:58:52.000Z</time>
        <extensions>
          <ns3:TrackPointExtension>
            <ns3:hr>145</ns3:hr>
            <ns3:cad>86</ns3:cad>
          </ns3:TrackPointExtension>
        </extensions>
      </trkpt>
      <trkpt lat="31.157344244420528411865234375" lon="121.19305224157869815826416015625">
        <ele>4.599999904632568359375</ele>
        <time>2026-09-05T12:58:53.000Z</time>
        <extensions>
          <ns3:TrackPointExtension>
            <ns3:hr>145</ns3:hr>
            <ns3:cad>86</ns3:cad>
          </ns3:TrackPointExtension>
        </extensions>
      </trkpt>
      <trkpt lat="31.1573688872158527374267578125" lon="121.19305341504514217376708984375">
        <ele>4.599999904632568359375</ele>
        <time>2026-09-05T12:58:54.000Z</time>
        <extensions>
          <ns3:TrackPointExtension>
            <ns3:hr>146</ns3:hr>
            <ns3:cad>86</ns3:cad>
          </ns3:TrackPointExtension>
        </extensions>
      </trkpt>
      <trkpt lat="31.15739084780216217041015625" lon="121.19305349886417388916015625">
        <ele>4.599999904632568359375</ele>
        <time>2026-09-05T12:58:55.000Z</time>
        <extensions>
          <ns3:TrackPointExtension>
            <ns3:hr>145</ns3:hr>
            <ns3:cad>86</ns3:cad>
          </ns3:TrackPointExtension>
        </extensions>
      </trkpt>
      <trkpt lat="31.15741473622620105743408203125" lon="121.1930563487112522125244140625">
        <ele>4.599999904632568359375</ele>
        <time>2026-09-05T12:58:56.000Z</time>
        <extensions>
          <ns3:TrackPointExtension>
            <ns3:hr>145</ns3:hr>
            <ns3:cad>87</ns3:cad>
          </ns3:TrackPointExtension>
        </extensions>
      </trkpt>
      <trkpt lat="31.1574325896799564361572265625" lon="121.19305693544447422027587890625">
        <ele>4.599999904632568359375</ele>
        <time>2026-09-05T12:58:57.000Z</time>
        <extensions>
          <ns3:TrackPointExtension>
            <ns3:hr>145</ns3:hr>
            <ns3:cad>87</ns3:cad>
          </ns3:TrackPointExtension>
        </extensions>
      </trkpt>
      <trkpt lat="31.15746033377945423126220703125" lon="121.1930560134351253509521484375">
        <ele>4.599999904632568359375</ele>
        <time>2026-09-05T12:58:58.000Z</time>
        <extensions>
          <ns3:TrackPointExtension>
            <ns3:hr>145</ns3:hr>
            <ns3:cad>87</ns3:cad>
          </ns3:TrackPointExtension>
        </extensions>
      </trkpt>
      <trkpt lat="31.15748246200382709503173828125" lon="121.193056516349315643310546875">
        <ele>4.599999904632568359375</ele>
        <time>2026-09-05T12:58:59.000Z</time>
        <extensions>
          <ns3:TrackPointExtension>
            <ns3:hr>145</ns3:hr>
            <ns3:cad>87</ns3:cad>
          </ns3:TrackPointExtension>
        </extensions>
      </trkpt>
      <trkpt lat="31.1575040034949779510498046875" lon="121.193055845797061920166015625">
        <ele>4.599999904632568359375</ele>
        <time>2026-09-05T12:59:00.000Z</time>
        <extensions>
          <ns3:TrackPointExtension>
            <ns3:hr>146</ns3:hr>
            <ns3:cad>86</ns3:cad>
          </ns3:TrackPointExtension>
        </extensions>
      </trkpt>
      <trkpt lat="31.157525293529033660888671875" lon="121.193058192729949951171875">
        <ele>4.599999904632568359375</ele>
        <time>2026-09-05T12:59:01.000Z</time>
        <extensions>
          <ns3:TrackPointExtension>
            <ns3:hr>145</ns3:hr>
            <ns3:cad>86</ns3:cad>
          </ns3:TrackPointExtension>
        </extensions>
      </trkpt>
      <trkpt lat="31.1575444042682647705078125" lon="121.19305509142577648162841796875">
        <ele>4.400000095367431640625</ele>
        <time>2026-09-05T12:59:02.000Z</time>
        <extensions>
          <ns3:TrackPointExtension>
            <ns3:hr>145</ns3:hr>
            <ns3:cad>87</ns3:cad>
          </ns3:TrackPointExtension>
        </extensions>
      </trkpt>
      <trkpt lat="31.15756510756909847259521484375" lon="121.1930536665022373199462890625">
        <ele>4.400000095367431640625</ele>
        <time>2026-09-05T12:59:03.000Z</time>
        <extensions>
          <ns3:TrackPointExtension>
            <ns3:hr>146</ns3:hr>
            <ns3:cad>87</ns3:cad>
          </ns3:TrackPointExtension>
        </extensions>
      </trkpt>
      <trkpt lat="31.157584972679615020751953125" lon="121.19304788298904895782470703125">
        <ele>4.400000095367431640625</ele>
        <time>2026-09-05T12:59:04.000Z</time>
        <extensions>
          <ns3:TrackPointExtension>
            <ns3:hr>145</ns3:hr>
            <ns3:cad>88</ns3:cad>
          </ns3:TrackPointExtension>
        </extensions>
      </trkpt>
      <trkpt lat="31.1576055921614170074462890625" lon="121.19304805062711238861083984375">
        <ele>4.400000095367431640625</ele>
        <time>2026-09-05T12:59:05.000Z</time>
        <extensions>
          <ns3:TrackPointExtension>
            <ns3:hr>145</ns3:hr>
            <ns3:cad>87</ns3:cad>
          </ns3:TrackPointExtension>
        </extensions>
      </trkpt>
      <trkpt lat="31.1576213501393795013427734375" lon="121.1930459551513195037841796875">
        <ele>4.400000095367431640625</ele>
        <time>2026-09-05T12:59:06.000Z</time>
        <extensions>
          <ns3:TrackPointExtension>
            <ns3:hr>146</ns3:hr>
            <ns3:cad>87</ns3:cad>
          </ns3:TrackPointExtension>
        </extensions>
      </trkpt>
      <trkpt lat="31.1576397903263568878173828125" lon="121.19304411113262176513671875">
        <ele>4.400000095367431640625</ele>
        <time>2026-09-05T12:59:07.000Z</time>
        <extensions>
          <ns3:TrackPointExtension>
            <ns3:hr>145</ns3:hr>
            <ns3:cad>86</ns3:cad>
          </ns3:TrackPointExtension>
        </extensions>
      </trkpt>
      <trkpt lat="31.15765772759914398193359375" lon="121.19304545223712921142578125">
        <ele>4.400000095367431640625</ele>
        <time>2026-09-05T12:59:08.000Z</time>
        <extensions>
          <ns3:TrackPointExtension>
            <ns3:hr>145</ns3:hr>
            <ns3:cad>86</ns3:cad>
          </ns3:TrackPointExtension>
        </extensions>
      </trkpt>
      <trkpt lat="31.15768077783286571502685546875" lon="121.19304947555065155029296875">
        <ele>4.400000095367431640625</ele>
        <time>2026-09-05T12:59:09.000Z</time>
        <extensions>
          <ns3:TrackPointExtension>
            <ns3:hr>146</ns3:hr>
            <ns3:cad>87</ns3:cad>
          </ns3:TrackPointExtension>
        </extensions>
      </trkpt>
      <trkpt lat="31.15770592354238033294677734375" lon="121.1930506490170955657958984375">
        <ele>4.400000095367431640625</ele>
        <time>2026-09-05T12:59:10.000Z</time>
        <extensions>
          <ns3:TrackPointExtension>
            <ns3:hr>145</ns3:hr>
            <ns3:cad>87</ns3:cad>
          </ns3:TrackPointExtension>
        </extensions>
      </trkpt>
      <trkpt lat="31.157727129757404327392578125" lon="121.19304947555065155029296875">
        <ele>4.400000095367431640625</ele>
        <time>2026-09-05T12:59:11.000Z</time>
        <extensions>
          <ns3:TrackPointExtension>
            <ns3:hr>145</ns3:hr>
            <ns3:cad>88</ns3:cad>
          </ns3:TrackPointExtension>
        </extensions>
      </trkpt>
      <trkpt lat="31.15774900652468204498291015625" lon="121.19305157102644443511962890625">
        <ele>4.19999980926513671875</ele>
        <time>2026-09-05T12:59:12.000Z</time>
        <extensions>
          <ns3:TrackPointExtension>
            <ns3:hr>146</ns3:hr>
            <ns3:cad>87</ns3:cad>
          </ns3:TrackPointExtension>
        </extensions>
      </trkpt>
      <trkpt lat="31.15777172148227691650390625" lon="121.19304821826517581939697265625">
        <ele>4.19999980926513671875</ele>
        <time>2026-09-05T12:59:13.000Z</time>
        <extensions>
          <ns3:TrackPointExtension>
            <ns3:hr>145</ns3:hr>
            <ns3:cad>87</ns3:cad>
          </ns3:TrackPointExtension>
        </extensions>
      </trkpt>
      <trkpt lat="31.15779946558177471160888671875" lon="121.1930486373603343963623046875">
        <ele>4.19999980926513671875</ele>
        <time>2026-09-05T12:59:14.000Z</time>
        <extensions>
          <ns3:TrackPointExtension>
            <ns3:hr>145</ns3:hr>
            <ns3:cad>86</ns3:cad>
          </ns3:TrackPointExtension>
        </extensions>
      </trkpt>
      <trkpt lat="31.1578245274722576141357421875" lon="121.1930489726364612579345703125">
        <ele>4.19999980926513671875</ele>
        <time>2026-09-05T12:59:15.000Z</time>
        <extensions>
          <ns3:TrackPointExtension>
            <ns3:hr>146</ns3:hr>
            <ns3:cad>86</ns3:cad>
          </ns3:TrackPointExtension>
        </extensions>
      </trkpt>
      <trkpt lat="31.15784707479178905487060546875" lon="121.19305307976901531219482421875">
        <ele>4.19999980926513671875</ele>
        <time>2026-09-05T12:59:16.000Z</time>
        <extensions>
          <ns3:TrackPointExtension>
            <ns3:hr>145</ns3:hr>
            <ns3:cad>86</ns3:cad>
          </ns3:TrackPointExtension>
        </extensions>
      </trkpt>
      <trkpt lat="31.15786769427359104156494140625" lon="121.193054504692554473876953125">
        <ele>4.19999980926513671875</ele>
        <time>2026-09-05T12:59:17.000Z</time>
        <extensions>
          <ns3:TrackPointExtension>
            <ns3:hr>145</ns3:hr>
            <ns3:cad>87</ns3:cad>
          </ns3:TrackPointExtension>
        </extensions>
      </trkpt>
      <trkpt lat="31.15788839757442474365234375" lon="121.193056516349315643310546875">
        <ele>4.19999980926513671875</ele>
        <time>2026-09-05T12:59:18.000Z</time>
        <extensions>
          <ns3:TrackPointExtension>
            <ns3:hr>145</ns3:hr>
            <ns3:cad>87</ns3:cad>
          </ns3:TrackPointExtension>
        </extensions>
      </trkpt>
      <trkpt lat="31.157910861074924468994140625" lon="121.19306012056767940521240234375">
        <ele>4.19999980926513671875</ele>
        <time>2026-09-05T12:59:19.000Z</time>
        <extensions>
          <ns3:TrackPointExtension>
            <ns3:hr>145</ns3:hr>
            <ns3:cad>86</ns3:cad>
          </ns3:TrackPointExtension>
        </extensions>
      </trkpt>
      <trkpt lat="31.15793458186089992523193359375" lon="121.1930623836815357208251953125">
        <ele>4</ele>
        <time>2026-09-05T12:59:20.000Z</time>
        <extensions>
          <ns3:TrackPointExtension>
            <ns3:hr>144</ns3:hr>
            <ns3:cad>86</ns3:cad>
          </ns3:TrackPointExtension>
        </extensions>
      </trkpt>
      <trkpt lat="31.15796224214136600494384765625" lon="121.19306431151926517486572265625">
        <ele>4</ele>
        <time>2026-09-05T12:59:21.000Z</time>
        <extensions>
          <ns3:TrackPointExtension>
            <ns3:hr>144</ns3:hr>
            <ns3:cad>86</ns3:cad>
          </ns3:TrackPointExtension>
        </extensions>
      </trkpt>
      <trkpt lat="31.15798403508961200714111328125" lon="121.1930657364428043365478515625">
        <ele>4.19999980926513671875</ele>
        <time>2026-09-05T12:59:22.000Z</time>
        <extensions>
          <ns3:TrackPointExtension>
            <ns3:hr>144</ns3:hr>
            <ns3:cad>86</ns3:cad>
          </ns3:TrackPointExtension>
        </extensions>
      </trkpt>
      <trkpt lat="31.15800566039979457855224609375" lon="121.1930675804615020751953125">
        <ele>4.19999980926513671875</ele>
        <time>2026-09-05T12:59:23.000Z</time>
        <extensions>
          <ns3:TrackPointExtension>
            <ns3:hr>144</ns3:hr>
            <ns3:cad>87</ns3:cad>
          </ns3:TrackPointExtension>
        </extensions>
      </trkpt>
      <trkpt lat="31.1580270342528820037841796875" lon="121.19306783191859722137451171875">
        <ele>4.19999980926513671875</ele>
        <time>2026-09-05T12:59:24.000Z</time>
        <extensions>
          <ns3:TrackPointExtension>
            <ns3:hr>144</ns3:hr>
            <ns3:cad>87</ns3:cad>
          </ns3:TrackPointExtension>
        </extensions>
      </trkpt>
      <trkpt lat="31.15805276669561862945556640625" lon="121.19306959211826324462890625">
        <ele>4.19999980926513671875</ele>
        <time>2026-09-05T12:59:25.000Z</time>
        <extensions>
          <ns3:TrackPointExtension>
            <ns3:hr>144</ns3:hr>
            <ns3:cad>88</ns3:cad>
          </ns3:TrackPointExtension>
        </extensions>
      </trkpt>
      <trkpt lat="31.158073805272579193115234375" lon="121.1930687539279460906982421875">
        <ele>4.19999980926513671875</ele>
        <time>2026-09-05T12:59:26.000Z</time>
        <extensions>
          <ns3:TrackPointExtension>
            <ns3:hr>144</ns3:hr>
            <ns3:cad>88</ns3:cad>
          </ns3:TrackPointExtension>
        </extensions>
      </trkpt>
      <trkpt lat="31.1581018008291721343994140625" lon="121.193073950707912445068359375">
        <ele>4.19999980926513671875</ele>
        <time>2026-09-05T12:59:27.000Z</time>
        <extensions>
          <ns3:TrackPointExtension>
            <ns3:hr>144</ns3:hr>
            <ns3:cad>88</ns3:cad>
          </ns3:TrackPointExtension>
        </extensions>
      </trkpt>
      <trkpt lat="31.158126778900623321533203125" lon="121.193074285984039306640625">
        <ele>4.19999980926513671875</ele>
        <time>2026-09-05T12:59:28.000Z</time>
        <extensions>
          <ns3:TrackPointExtension>
            <ns3:hr>144</ns3:hr>
            <ns3:cad>87</ns3:cad>
          </ns3:TrackPointExtension>
        </extensions>
      </trkpt>
      <trkpt lat="31.1581532657146453857421875" lon="121.1930778063833713531494140625">
        <ele>4.19999980926513671875</ele>
        <time>2026-09-05T12:59:29.000Z</time>
        <extensions>
          <ns3:TrackPointExtension>
            <ns3:hr>144</ns3:hr>
            <ns3:cad>87</ns3:cad>
          </ns3:TrackPointExtension>
        </extensions>
      </trkpt>
      <trkpt lat="31.1581789143383502960205078125" lon="121.19308157823979854583740234375">
        <ele>4.19999980926513671875</ele>
        <time>2026-09-05T12:59:30.000Z</time>
        <extensions>
          <ns3:TrackPointExtension>
            <ns3:hr>144</ns3:hr>
            <ns3:cad>87</ns3:cad>
          </ns3:TrackPointExtension>
        </extensions>
      </trkpt>
      <trkpt lat="31.15820146165788173675537109375" lon="121.19308493100106716156005859375">
        <ele>4.19999980926513671875</ele>
        <time>2026-09-05T12:59:31.000Z</time>
        <extensions>
          <ns3:TrackPointExtension>
            <ns3:hr>144</ns3:hr>
            <ns3:cad>88</ns3:cad>
          </ns3:TrackPointExtension>
        </extensions>
      </trkpt>
      <trkpt lat="31.15822576917707920074462890625" lon="121.19309063069522380828857421875">
        <ele>4.19999980926513671875</ele>
        <time>2026-09-05T12:59:32.000Z</time>
        <extensions>
          <ns3:TrackPointExtension>
            <ns3:hr>144</ns3:hr>
            <ns3:cad>89</ns3:cad>
          </ns3:TrackPointExtension>
        </extensions>
      </trkpt>
      <trkpt lat="31.1582498252391815185546875" lon="121.19309163652360439300537109375">
        <ele>4.19999980926513671875</ele>
        <time>2026-09-05T12:59:33.000Z</time>
        <extensions>
          <ns3:TrackPointExtension>
            <ns3:hr>144</ns3:hr>
            <ns3:cad>89</ns3:cad>
          </ns3:TrackPointExtension>
        </extensions>
      </trkpt>
      <trkpt lat="31.1582751385867595672607421875" lon="121.19309314526617527008056640625">
        <ele>4.19999980926513671875</ele>
        <time>2026-09-05T12:59:34.000Z</time>
        <extensions>
          <ns3:TrackPointExtension>
            <ns3:hr>144</ns3:hr>
            <ns3:cad>89</ns3:cad>
          </ns3:TrackPointExtension>
        </extensions>
      </trkpt>
      <trkpt lat="31.1582982726395130157470703125" lon="121.19309415109455585479736328125">
        <ele>4.19999980926513671875</ele>
        <time>2026-09-05T12:59:35.000Z</time>
        <extensions>
          <ns3:TrackPointExtension>
            <ns3:hr>144</ns3:hr>
            <ns3:cad>88</ns3:cad>
          </ns3:TrackPointExtension>
        </extensions>
      </trkpt>
      <trkpt lat="31.15832501091063022613525390625" lon="121.19309633038938045501708984375">
        <ele>4.19999980926513671875</ele>
        <time>2026-09-05T12:59:36.000Z</time>
        <extensions>
          <ns3:TrackPointExtension>
            <ns3:hr>144</ns3:hr>
            <ns3:cad>88</ns3:cad>
          </ns3:TrackPointExtension>
        </extensions>
      </trkpt>
      <trkpt lat="31.15834613330662250518798828125" lon="121.193096749484539031982421875">
        <ele>4.19999980926513671875</ele>
        <time>2026-09-05T12:59:37.000Z</time>
        <extensions>
          <ns3:TrackPointExtension>
            <ns3:hr>144</ns3:hr>
            <ns3:cad>87</ns3:cad>
          </ns3:TrackPointExtension>
        </extensions>
      </trkpt>
      <trkpt lat="31.1583683453500270843505859375" lon="121.1930965818464756011962890625">
        <ele>4.19999980926513671875</ele>
        <time>2026-09-05T12:59:38.000Z</time>
        <extensions>
          <ns3:TrackPointExtension>
            <ns3:hr>144</ns3:hr>
            <ns3:cad>87</ns3:cad>
          </ns3:TrackPointExtension>
        </extensions>
      </trkpt>
      <trkpt lat="31.158390976488590240478515625" lon="121.19309565983712673187255859375">
        <ele>4.19999980926513671875</ele>
        <time>2026-09-05T12:59:39.000Z</time>
        <extensions>
          <ns3:TrackPointExtension>
            <ns3:hr>144</ns3:hr>
            <ns3:cad>87</ns3:cad>
          </ns3:TrackPointExtension>
        </extensions>
      </trkpt>
      <trkpt lat="31.15840966813266277313232421875" lon="121.1930942349135875701904296875">
        <ele>4.19999980926513671875</ele>
        <time>2026-09-05T12:59:40.000Z</time>
        <extensions>
          <ns3:TrackPointExtension>
            <ns3:hr>144</ns3:hr>
            <ns3:cad>87</ns3:cad>
          </ns3:TrackPointExtension>
        </extensions>
      </trkpt>
      <trkpt lat="31.158425509929656982421875" lon="121.193095408380031585693359375">
        <ele>4.19999980926513671875</ele>
        <time>2026-09-05T12:59:41.000Z</time>
        <extensions>
          <ns3:TrackPointExtension>
            <ns3:hr>144</ns3:hr>
            <ns3:cad>87</ns3:cad>
          </ns3:TrackPointExtension>
        </extensions>
      </trkpt>
      <trkpt lat="31.1584421060979366302490234375" lon="121.19309280999004840850830078125">
        <ele>4.19999980926513671875</ele>
        <time>2026-09-05T12:59:42.000Z</time>
        <extensions>
          <ns3:TrackPointExtension>
            <ns3:hr>145</ns3:hr>
            <ns3:cad>86</ns3:cad>
          </ns3:TrackPointExtension>
        </extensions>
      </trkpt>
      <trkpt lat="31.15846213884651660919189453125" lon="121.19309364818036556243896484375">
        <ele>4.19999980926513671875</ele>
        <time>2026-09-05T12:59:43.000Z</time>
        <extensions>
          <ns3:TrackPointExtension>
            <ns3:hr>145</ns3:hr>
            <ns3:cad>86</ns3:cad>
          </ns3:TrackPointExtension>
        </extensions>
      </trkpt>
      <trkpt lat="31.15847890265285968780517578125" lon="121.19309482164680957794189453125">
        <ele>4.19999980926513671875</ele>
        <time>2026-09-05T12:59:44.000Z</time>
        <extensions>
          <ns3:TrackPointExtension>
            <ns3:hr>145</ns3:hr>
            <ns3:cad>86</ns3:cad>
          </ns3:TrackPointExtension>
        </extensions>
      </trkpt>
      <trkpt lat="31.15850119851529598236083984375" lon="121.19309465400874614715576171875">
        <ele>4.19999980926513671875</ele>
        <time>2026-09-05T12:59:45.000Z</time>
        <extensions>
          <ns3:TrackPointExtension>
            <ns3:hr>145</ns3:hr>
            <ns3:cad>86</ns3:cad>
          </ns3:TrackPointExtension>
        </extensions>
      </trkpt>
      <trkpt lat="31.15852014161646366119384765625" lon="121.19309104979038238525390625">
        <ele>4.19999980926513671875</ele>
        <time>2026-09-05T12:59:46.000Z</time>
        <extensions>
          <ns3:TrackPointExtension>
            <ns3:hr>145</ns3:hr>
            <ns3:cad>85</ns3:cad>
          </ns3:TrackPointExtension>
        </extensions>
      </trkpt>
      <trkpt lat="31.15854294039309024810791015625" lon="121.193092726171016693115234375">
        <ele>4.400000095367431640625</ele>
        <time>2026-09-05T12:59:47.000Z</time>
        <extensions>
          <ns3:TrackPointExtension>
            <ns3:hr>144</ns3:hr>
            <ns3:cad>85</ns3:cad>
          </ns3:TrackPointExtension>
        </extensions>
      </trkpt>
      <trkpt lat="31.15856423042714595794677734375" lon="121.19309213943779468536376953125">
        <ele>4.19999980926513671875</ele>
        <time>2026-09-05T12:59:48.000Z</time>
        <extensions>
          <ns3:TrackPointExtension>
            <ns3:hr>144</ns3:hr>
            <ns3:cad>84</ns3:cad>
          </ns3:TrackPointExtension>
        </extensions>
      </trkpt>
      <trkpt lat="31.15858174860477447509765625" lon="121.19309130124747753143310546875">
        <ele>4.19999980926513671875</ele>
        <time>2026-09-05T12:59:49.000Z</time>
        <extensions>
          <ns3:TrackPointExtension>
            <ns3:hr>144</ns3:hr>
            <ns3:cad>84</ns3:cad>
          </ns3:TrackPointExtension>
        </extensions>
      </trkpt>
      <trkpt lat="31.15860521793365478515625" lon="121.19308996014297008514404296875">
        <ele>4.19999980926513671875</ele>
        <time>2026-09-05T12:59:50.000Z</time>
        <extensions>
          <ns3:TrackPointExtension>
            <ns3:hr>144</ns3:hr>
            <ns3:cad>85</ns3:cad>
          </ns3:TrackPointExtension>
        </extensions>
      </trkpt>
      <trkpt lat="31.158629022538661956787109375" lon="121.19308861903846263885498046875">
        <ele>4.19999980926513671875</ele>
        <time>2026-09-05T12:59:51.000Z</time>
        <extensions>
          <ns3:TrackPointExtension>
            <ns3:hr>144</ns3:hr>
            <ns3:cad>85</ns3:cad>
          </ns3:TrackPointExtension>
        </extensions>
      </trkpt>
      <trkpt lat="31.1586516536772251129150390625" lon="121.19308576919138431549072265625">
        <ele>4.19999980926513671875</ele>
        <time>2026-09-05T12:59:52.000Z</time>
        <extensions>
          <ns3:TrackPointExtension>
            <ns3:hr>144</ns3:hr>
            <ns3:cad>87</ns3:cad>
          </ns3:TrackPointExtension>
        </extensions>
      </trkpt>
      <trkpt lat="31.15867604501545429229736328125" lon="121.19308166205883026123046875">
        <ele>4.19999980926513671875</ele>
        <time>2026-09-05T12:59:53.000Z</time>
        <extensions>
          <ns3:TrackPointExtension>
            <ns3:hr>144</ns3:hr>
            <ns3:cad>87</ns3:cad>
          </ns3:TrackPointExtension>
        </extensions>
      </trkpt>
      <trkpt lat="31.15869842469692230224609375" lon="121.19308023713529109954833984375">
        <ele>4.19999980926513671875</ele>
        <time>2026-09-05T12:59:54.000Z</time>
        <extensions>
          <ns3:TrackPointExtension>
            <ns3:hr>144</ns3:hr>
            <ns3:cad>87</ns3:cad>
          </ns3:TrackPointExtension>
        </extensions>
      </trkpt>
      <trkpt lat="31.15872256457805633544921875" lon="121.19308426044881343841552734375">
        <ele>4.19999980926513671875</ele>
        <time>2026-09-05T12:59:55.000Z</time>
        <extensions>
          <ns3:TrackPointExtension>
            <ns3:hr>144</ns3:hr>
            <ns3:cad>86</ns3:cad>
          </ns3:TrackPointExtension>
        </extensions>
      </trkpt>
      <trkpt lat="31.15874310024082660675048828125" lon="121.19308459572494029998779296875">
        <ele>4.400000095367431640625</ele>
        <time>2026-09-05T12:59:56.000Z</time>
        <extensions>
          <ns3:TrackPointExtension>
            <ns3:hr>144</ns3:hr>
            <ns3:cad>86</ns3:cad>
          </ns3:TrackPointExtension>
        </extensions>
      </trkpt>
      <trkpt lat="31.1587674915790557861328125" lon="121.19307897984981536865234375">
        <ele>4.400000095367431640625</ele>
        <time>2026-09-05T12:59:57.000Z</time>
        <extensions>
          <ns3:TrackPointExtension>
            <ns3:hr>144</ns3:hr>
            <ns3:cad>86</ns3:cad>
          </ns3:TrackPointExtension>
        </extensions>
      </trkpt>
      <trkpt lat="31.15878551267087459564208984375" lon="121.1930731125175952911376953125">
        <ele>4.400000095367431640625</ele>
        <time>2026-09-05T12:59:58.000Z</time>
        <extensions>
          <ns3:TrackPointExtension>
            <ns3:hr>144</ns3:hr>
            <ns3:cad>86</ns3:cad>
          </ns3:TrackPointExtension>
        </extensions>
      </trkpt>
      <trkpt lat="31.15880395285785198211669921875" lon="121.19306850247085094451904296875">
        <ele>4.400000095367431640625</ele>
        <time>2026-09-05T12:59:59.000Z</time>
        <extensions>
          <ns3:TrackPointExtension>
            <ns3:hr>143</ns3:hr>
            <ns3:cad>86</ns3:cad>
          </ns3:TrackPointExtension>
        </extensions>
      </trkpt>
      <trkpt lat="31.1588246561586856842041015625" lon="121.19306288659572601318359375">
        <ele>4.400000095367431640625</ele>
        <time>2026-09-05T13:00:00.000Z</time>
        <extensions>
          <ns3:TrackPointExtension>
            <ns3:hr>143</ns3:hr>
            <ns3:cad>86</ns3:cad>
          </ns3:TrackPointExtension>
        </extensions>
      </trkpt>
      <trkpt lat="31.15884603001177310943603515625" lon="121.19305877946317195892333984375">
        <ele>4.400000095367431640625</ele>
        <time>2026-09-05T13:00:01.000Z</time>
        <extensions>
          <ns3:TrackPointExtension>
            <ns3:hr>143</ns3:hr>
            <ns3:cad>86</ns3:cad>
          </ns3:TrackPointExtension>
        </extensions>
      </trkpt>
      <trkpt lat="31.1588680744171142578125" lon="121.19305626489222049713134765625">
        <ele>4.400000095367431640625</ele>
        <time>2026-09-05T13:00:02.000Z</time>
        <extensions>
          <ns3:TrackPointExtension>
            <ns3:hr>143</ns3:hr>
            <ns3:cad>85</ns3:cad>
          </ns3:TrackPointExtension>
        </extensions>
      </trkpt>
      <trkpt lat="31.15888609550893306732177734375" lon="121.1930513195693492889404296875">
        <ele>4.400000095367431640625</ele>
        <time>2026-09-05T13:00:03.000Z</time>
        <extensions>
          <ns3:TrackPointExtension>
            <ns3:hr>143</ns3:hr>
            <ns3:cad>85</ns3:cad>
          </ns3:TrackPointExtension>
        </extensions>
      </trkpt>
      <trkpt lat="31.15891073830425739288330078125" lon="121.19304738007485866546630859375">
        <ele>4.400000095367431640625</ele>
        <time>2026-09-05T13:00:04.000Z</time>
        <extensions>
          <ns3:TrackPointExtension>
            <ns3:hr>143</ns3:hr>
            <ns3:cad>86</ns3:cad>
          </ns3:TrackPointExtension>
        </extensions>
      </trkpt>
      <trkpt lat="31.15892934612929821014404296875" lon="121.19304570369422435760498046875">
        <ele>4.400000095367431640625</ele>
        <time>2026-09-05T13:00:05.000Z</time>
        <extensions>
          <ns3:TrackPointExtension>
            <ns3:hr>142</ns3:hr>
            <ns3:cad>86</ns3:cad>
          </ns3:TrackPointExtension>
        </extensions>
      </trkpt>
      <trkpt lat="31.15895583294332027435302734375" lon="121.1930439434945583343505859375">
        <ele>4.400000095367431640625</ele>
        <time>2026-09-05T13:00:06.000Z</time>
        <extensions>
          <ns3:TrackPointExtension>
            <ns3:hr>143</ns3:hr>
            <ns3:cad>86</ns3:cad>
          </ns3:TrackPointExtension>
        </extensions>
      </trkpt>
      <trkpt lat="31.158975027501583099365234375" lon="121.1930395849049091339111328125">
        <ele>4.400000095367431640625</ele>
        <time>2026-09-05T13:00:07.000Z</time>
        <extensions>
          <ns3:TrackPointExtension>
            <ns3:hr>143</ns3:hr>
            <ns3:cad>86</ns3:cad>
          </ns3:TrackPointExtension>
        </extensions>
      </trkpt>
      <trkpt lat="31.15899925120174884796142578125" lon="121.19303011335432529449462890625">
        <ele>4.400000095367431640625</ele>
        <time>2026-09-05T13:00:08.000Z</time>
        <extensions>
          <ns3:TrackPointExtension>
            <ns3:hr>142</ns3:hr>
            <ns3:cad>86</ns3:cad>
          </ns3:TrackPointExtension>
        </extensions>
      </trkpt>
      <trkpt lat="31.15902137942612171173095703125" lon="121.1930241622030735015869140625">
        <ele>4.400000095367431640625</ele>
        <time>2026-09-05T13:00:09.000Z</time>
        <extensions>
          <ns3:TrackPointExtension>
            <ns3:hr>142</ns3:hr>
            <ns3:cad>86</ns3:cad>
          </ns3:TrackPointExtension>
        </extensions>
      </trkpt>
      <trkpt lat="31.15904317237436771392822265625" lon="121.19301703758537769317626953125">
        <ele>4.400000095367431640625</ele>
        <time>2026-09-05T13:00:10.000Z</time>
        <extensions>
          <ns3:TrackPointExtension>
            <ns3:hr>143</ns3:hr>
            <ns3:cad>86</ns3:cad>
          </ns3:TrackPointExtension>
        </extensions>
      </trkpt>
      <trkpt lat="31.15906647406518459320068359375" lon="121.1930130980908870697021484375">
        <ele>4.400000095367431640625</ele>
        <time>2026-09-05T13:00:11.000Z</time>
        <extensions>
          <ns3:TrackPointExtension>
            <ns3:hr>143</ns3:hr>
            <ns3:cad>86</ns3:cad>
          </ns3:TrackPointExtension>
        </extensions>
      </trkpt>
      <trkpt lat="31.15908726118505001068115234375" lon="121.193007566034793853759765625">
        <ele>4.400000095367431640625</ele>
        <time>2026-09-05T13:00:12.000Z</time>
        <extensions>
          <ns3:TrackPointExtension>
            <ns3:hr>143</ns3:hr>
            <ns3:cad>86</ns3:cad>
          </ns3:TrackPointExtension>
        </extensions>
      </trkpt>
      <trkpt lat="31.1591109819710254669189453125" lon="121.1930037103593349456787109375">
        <ele>4.400000095367431640625</ele>
        <time>2026-09-05T13:00:13.000Z</time>
        <extensions>
          <ns3:TrackPointExtension>
            <ns3:hr>142</ns3:hr>
            <ns3:cad>87</ns3:cad>
          </ns3:TrackPointExtension>
        </extensions>
      </trkpt>
      <trkpt lat="31.159129254519939422607421875" lon="121.192996837198734283447265625">
        <ele>4.400000095367431640625</ele>
        <time>2026-09-05T13:00:14.000Z</time>
        <extensions>
          <ns3:TrackPointExtension>
            <ns3:hr>142</ns3:hr>
            <ns3:cad>87</ns3:cad>
          </ns3:TrackPointExtension>
        </extensions>
      </trkpt>
      <trkpt lat="31.159155406057834625244140625" lon="121.1929929815232753753662109375">
        <ele>4.400000095367431640625</ele>
        <time>2026-09-05T13:00:15.000Z</time>
        <extensions>
          <ns3:TrackPointExtension>
            <ns3:hr>142</ns3:hr>
            <ns3:cad>87</ns3:cad>
          </ns3:TrackPointExtension>
        </extensions>
      </trkpt>
      <trkpt lat="31.159176863729953765869140625" lon="121.19298652745783329010009765625">
        <ele>4.400000095367431640625</ele>
        <time>2026-09-05T13:00:16.000Z</time>
        <extensions>
          <ns3:TrackPointExtension>
            <ns3:hr>143</ns3:hr>
            <ns3:cad>87</ns3:cad>
          </ns3:TrackPointExtension>
        </extensions>
      </trkpt>
      <trkpt lat="31.15919823758304119110107421875" lon="121.19298032484948635101318359375">
        <ele>4.400000095367431640625</ele>
        <time>2026-09-05T13:00:17.000Z</time>
        <extensions>
          <ns3:TrackPointExtension>
            <ns3:hr>143</ns3:hr>
            <ns3:cad>85</ns3:cad>
          </ns3:TrackPointExtension>
        </extensions>
      </trkpt>
      <trkpt lat="31.15921969525516033172607421875" lon="121.19297445751726627349853515625">
        <ele>4.400000095367431640625</ele>
        <time>2026-09-05T13:00:18.000Z</time>
        <extensions>
          <ns3:TrackPointExtension>
            <ns3:hr>143</ns3:hr>
            <ns3:cad>85</ns3:cad>
          </ns3:TrackPointExtension>
        </extensions>
      </trkpt>
      <trkpt lat="31.15923662669956684112548828125" lon="121.19296691380441188812255859375">
        <ele>4.400000095367431640625</ele>
        <time>2026-09-05T13:00:19.000Z</time>
        <extensions>
          <ns3:TrackPointExtension>
            <ns3:hr>143</ns3:hr>
            <ns3:cad>86</ns3:cad>
          </ns3:TrackPointExtension>
        </extensions>
      </trkpt>
      <trkpt lat="31.15925489924848079681396484375" lon="121.19295869953930377960205078125">
        <ele>4.400000095367431640625</ele>
        <time>2026-09-05T13:00:20.000Z</time>
        <extensions>
          <ns3:TrackPointExtension>
            <ns3:hr>143</ns3:hr>
            <ns3:cad>86</ns3:cad>
          </ns3:TrackPointExtension>
        </extensions>
      </trkpt>
      <trkpt lat="31.15927233360707759857177734375" lon="121.19294998236000537872314453125">
        <ele>4.400000095367431640625</ele>
        <time>2026-09-05T13:00:21.000Z</time>
        <extensions>
          <ns3:TrackPointExtension>
            <ns3:hr>144</ns3:hr>
            <ns3:cad>87</ns3:cad>
          </ns3:TrackPointExtension>
        </extensions>
      </trkpt>
      <trkpt lat="31.15929245017468929290771484375" lon="121.19294327683746814727783203125">
        <ele>4.400000095367431640625</ele>
        <time>2026-09-05T13:00:22.000Z</time>
        <extensions>
          <ns3:TrackPointExtension>
            <ns3:hr>144</ns3:hr>
            <ns3:cad>87</ns3:cad>
          </ns3:TrackPointExtension>
        </extensions>
      </trkpt>
      <trkpt lat="31.15931491367518901824951171875" lon="121.19293808005750179290771484375">
        <ele>4.400000095367431640625</ele>
        <time>2026-09-05T13:00:23.000Z</time>
        <extensions>
          <ns3:TrackPointExtension>
            <ns3:hr>144</ns3:hr>
            <ns3:cad>86</ns3:cad>
          </ns3:TrackPointExtension>
        </extensions>
      </trkpt>
      <trkpt lat="31.15933486260473728179931640625" lon="121.19292902760207653045654296875">
        <ele>4.400000095367431640625</ele>
        <time>2026-09-05T13:00:24.000Z</time>
        <extensions>
          <ns3:TrackPointExtension>
            <ns3:hr>143</ns3:hr>
            <ns3:cad>85</ns3:cad>
          </ns3:TrackPointExtension>
        </extensions>
      </trkpt>
      <trkpt lat="31.15935933776199817657470703125" lon="121.19292316026985645294189453125">
        <ele>4.400000095367431640625</ele>
        <time>2026-09-05T13:00:25.000Z</time>
        <extensions>
          <ns3:TrackPointExtension>
            <ns3:hr>143</ns3:hr>
            <ns3:cad>85</ns3:cad>
          </ns3:TrackPointExtension>
        </extensions>
      </trkpt>
      <trkpt lat="31.1593802087008953094482421875" lon="121.192917041480541229248046875">
        <ele>4.599999904632568359375</ele>
        <time>2026-09-05T13:00:26.000Z</time>
        <extensions>
          <ns3:TrackPointExtension>
            <ns3:hr>143</ns3:hr>
            <ns3:cad>85</ns3:cad>
          </ns3:TrackPointExtension>
        </extensions>
      </trkpt>
      <trkpt lat="31.15939990617334842681884765625" lon="121.19290907867252826690673828125">
        <ele>4.400000095367431640625</ele>
        <time>2026-09-05T13:00:27.000Z</time>
        <extensions>
          <ns3:TrackPointExtension>
            <ns3:hr>143</ns3:hr>
            <ns3:cad>85</ns3:cad>
          </ns3:TrackPointExtension>
        </extensions>
      </trkpt>
      <trkpt lat="31.15941817872226238250732421875" lon="121.19290539063513278961181640625">
        <ele>4.400000095367431640625</ele>
        <time>2026-09-05T13:00:28.000Z</time>
        <extensions>
          <ns3:TrackPointExtension>
            <ns3:hr>143</ns3:hr>
            <ns3:cad>85</ns3:cad>
          </ns3:TrackPointExtension>
        </extensions>
      </trkpt>
      <trkpt lat="31.1594358645379543304443359375" lon="121.1928986012935638427734375">
        <ele>4.400000095367431640625</ele>
        <time>2026-09-05T13:00:29.000Z</time>
        <extensions>
          <ns3:TrackPointExtension>
            <ns3:hr>143</ns3:hr>
            <ns3:cad>85</ns3:cad>
          </ns3:TrackPointExtension>
        </extensions>
      </trkpt>
      <trkpt lat="31.1594549752771854400634765625" lon="121.19289197959005832672119140625">
        <ele>4.599999904632568359375</ele>
        <time>2026-09-05T13:00:30.000Z</time>
        <extensions>
          <ns3:TrackPointExtension>
            <ns3:hr>143</ns3:hr>
            <ns3:cad>85</ns3:cad>
          </ns3:TrackPointExtension>
        </extensions>
      </trkpt>
      <trkpt lat="31.15947567857801914215087890625" lon="121.19288376532495021820068359375">
        <ele>4.599999904632568359375</ele>
        <time>2026-09-05T13:00:31.000Z</time>
        <extensions>
          <ns3:TrackPointExtension>
            <ns3:hr>143</ns3:hr>
            <ns3:cad>85</ns3:cad>
          </ns3:TrackPointExtension>
        </extensions>
      </trkpt>
      <trkpt lat="31.15949830971658229827880859375" lon="121.1928766407072544097900390625">
        <ele>4.599999904632568359375</ele>
        <time>2026-09-05T13:00:32.000Z</time>
        <extensions>
          <ns3:TrackPointExtension>
            <ns3:hr>143</ns3:hr>
            <ns3:cad>86</ns3:cad>
          </ns3:TrackPointExtension>
        </extensions>
      </trkpt>
      <trkpt lat="31.15951792337000370025634765625" lon="121.1928669176995754241943359375">
        <ele>4.599999904632568359375</ele>
        <time>2026-09-05T13:00:33.000Z</time>
        <extensions>
          <ns3:TrackPointExtension>
            <ns3:hr>142</ns3:hr>
            <ns3:cad>86</ns3:cad>
          </ns3:TrackPointExtension>
        </extensions>
      </trkpt>
      <trkpt lat="31.15953854285180568695068359375" lon="121.19285501539707183837890625">
        <ele>4.599999904632568359375</ele>
        <time>2026-09-05T13:00:34.000Z</time>
        <extensions>
          <ns3:TrackPointExtension>
            <ns3:hr>142</ns3:hr>
            <ns3:cad>88</ns3:cad>
          </ns3:TrackPointExtension>
        </extensions>
      </trkpt>
      <trkpt lat="31.159552037715911865234375" lon="121.1928354017436504364013671875">
        <ele>4.599999904632568359375</ele>
        <time>2026-09-05T13:00:35.000Z</time>
        <extensions>
          <ns3:TrackPointExtension>
            <ns3:hr>142</ns3:hr>
            <ns3:cad>88</ns3:cad>
          </ns3:TrackPointExtension>
        </extensions>
      </trkpt>
      <trkpt lat="31.1595736630260944366455078125" lon="121.19282308034598827362060546875">
        <ele>4.80000019073486328125</ele>
        <time>2026-09-05T13:00:36.000Z</time>
        <extensions>
          <ns3:TrackPointExtension>
            <ns3:hr>143</ns3:hr>
            <ns3:cad>88</ns3:cad>
          </ns3:TrackPointExtension>
        </extensions>
      </trkpt>
      <trkpt lat="31.15959520451724529266357421875" lon="121.1928132735192775726318359375">
        <ele>4.80000019073486328125</ele>
        <time>2026-09-05T13:00:37.000Z</time>
        <extensions>
          <ns3:TrackPointExtension>
            <ns3:hr>142</ns3:hr>
            <ns3:cad>87</ns3:cad>
          </ns3:TrackPointExtension>
        </extensions>
      </trkpt>
      <trkpt lat="31.15961632691323757171630859375" lon="121.19280447252094745635986328125">
        <ele>4.80000019073486328125</ele>
        <time>2026-09-05T13:00:38.000Z</time>
        <extensions>
          <ns3:TrackPointExtension>
            <ns3:hr>143</ns3:hr>
            <ns3:cad>87</ns3:cad>
          </ns3:TrackPointExtension>
        </extensions>
      </trkpt>
      <trkpt lat="31.15963744930922985076904296875" lon="121.19279659353196620941162109375">
        <ele>4.80000019073486328125</ele>
        <time>2026-09-05T13:00:39.000Z</time>
        <extensions>
          <ns3:TrackPointExtension>
            <ns3:hr>143</ns3:hr>
            <ns3:cad>87</ns3:cad>
          </ns3:TrackPointExtension>
        </extensions>
      </trkpt>
      <trkpt lat="31.15965639241039752960205078125" lon="121.19278301484882831573486328125">
        <ele>4.599999904632568359375</ele>
        <time>2026-09-05T13:00:40.000Z</time>
        <extensions>
          <ns3:TrackPointExtension>
            <ns3:hr>143</ns3:hr>
            <ns3:cad>87</ns3:cad>
          </ns3:TrackPointExtension>
        </extensions>
      </trkpt>
      <trkpt lat="31.159680448472499847412109375" lon="121.1927733756601810455322265625">
        <ele>4.599999904632568359375</ele>
        <time>2026-09-05T13:00:41.000Z</time>
        <extensions>
          <ns3:TrackPointExtension>
            <ns3:hr>144</ns3:hr>
            <ns3:cad>86</ns3:cad>
          </ns3:TrackPointExtension>
        </extensions>
      </trkpt>
      <trkpt lat="31.159699894487857818603515625" lon="121.192766167223453521728515625">
        <ele>4.599999904632568359375</ele>
        <time>2026-09-05T13:00:42.000Z</time>
        <extensions>
          <ns3:TrackPointExtension>
            <ns3:hr>144</ns3:hr>
            <ns3:cad>86</ns3:cad>
          </ns3:TrackPointExtension>
        </extensions>
      </trkpt>
      <trkpt lat="31.15972277708351612091064453125" lon="121.19275937788188457489013671875">
        <ele>4.80000019073486328125</ele>
        <time>2026-09-05T13:00:43.000Z</time>
        <extensions>
          <ns3:TrackPointExtension>
            <ns3:hr>144</ns3:hr>
            <ns3:cad>86</ns3:cad>
          </ns3:TrackPointExtension>
        </extensions>
      </trkpt>
      <trkpt lat="31.1597392894327640533447265625" lon="121.1927489005029201507568359375">
        <ele>4.599999904632568359375</ele>
        <time>2026-09-05T13:00:44.000Z</time>
        <extensions>
          <ns3:TrackPointExtension>
            <ns3:hr>143</ns3:hr>
            <ns3:cad>86</ns3:cad>
          </ns3:TrackPointExtension>
        </extensions>
      </trkpt>
      <trkpt lat="31.1597599089145660400390625" lon="121.192739009857177734375">
        <ele>4.599999904632568359375</ele>
        <time>2026-09-05T13:00:45.000Z</time>
        <extensions>
          <ns3:TrackPointExtension>
            <ns3:hr>143</ns3:hr>
            <ns3:cad>86</ns3:cad>
          </ns3:TrackPointExtension>
        </extensions>
      </trkpt>
      <trkpt lat="31.1597760021686553955078125" lon="121.1927323043346405029296875">
        <ele>4.80000019073486328125</ele>
        <time>2026-09-05T13:00:46.000Z</time>
        <extensions>
          <ns3:TrackPointExtension>
            <ns3:hr>143</ns3:hr>
            <ns3:cad>86</ns3:cad>
          </ns3:TrackPointExtension>
        </extensions>
      </trkpt>
      <trkpt lat="31.1597972922027111053466796875" lon="121.19272291660308837890625">
        <ele>4.599999904632568359375</ele>
        <time>2026-09-05T13:00:47.000Z</time>
        <extensions>
          <ns3:TrackPointExtension>
            <ns3:hr>144</ns3:hr>
            <ns3:cad>87</ns3:cad>
          </ns3:TrackPointExtension>
        </extensions>
      </trkpt>
      <trkpt lat="31.159815900027751922607421875" lon="121.19271528907120227813720703125">
        <ele>4.599999904632568359375</ele>
        <time>2026-09-05T13:00:48.000Z</time>
        <extensions>
          <ns3:TrackPointExtension>
            <ns3:hr>144</ns3:hr>
            <ns3:cad>87</ns3:cad>
          </ns3:TrackPointExtension>
        </extensions>
      </trkpt>
      <trkpt lat="31.15983492694795131683349609375" lon="121.192706488072872161865234375">
        <ele>4.80000019073486328125</ele>
        <time>2026-09-05T13:00:49.000Z</time>
        <extensions>
          <ns3:TrackPointExtension>
            <ns3:hr>144</ns3:hr>
            <ns3:cad>87</ns3:cad>
          </ns3:TrackPointExtension>
        </extensions>
      </trkpt>
      <trkpt lat="31.159855462610721588134765625" lon="121.19269181974232196807861328125">
        <ele>4.80000019073486328125</ele>
        <time>2026-09-05T13:00:50.000Z</time>
        <extensions>
          <ns3:TrackPointExtension>
            <ns3:hr>144</ns3:hr>
            <ns3:cad>86</ns3:cad>
          </ns3:TrackPointExtension>
        </extensions>
      </trkpt>
      <trkpt lat="31.15987448953092098236083984375" lon="121.192677654325962066650390625">
        <ele>4.80000019073486328125</ele>
        <time>2026-09-05T13:00:51.000Z</time>
        <extensions>
          <ns3:TrackPointExtension>
            <ns3:hr>143</ns3:hr>
            <ns3:cad>85</ns3:cad>
          </ns3:TrackPointExtension>
        </extensions>
      </trkpt>
      <trkpt lat="31.1598993837833404541015625" lon="121.192664913833141326904296875">
        <ele>4.80000019073486328125</ele>
        <time>2026-09-05T13:00:52.000Z</time>
        <extensions>
          <ns3:TrackPointExtension>
            <ns3:hr>143</ns3:hr>
            <ns3:cad>85</ns3:cad>
          </ns3:TrackPointExtension>
        </extensions>
      </trkpt>
      <trkpt lat="31.15991505794227123260498046875" lon="121.19265116751194000244140625">
        <ele>4.80000019073486328125</ele>
        <time>2026-09-05T13:00:53.000Z</time>
        <extensions>
          <ns3:TrackPointExtension>
            <ns3:hr>143</ns3:hr>
            <ns3:cad>85</ns3:cad>
          </ns3:TrackPointExtension>
        </extensions>
      </trkpt>
      <trkpt lat="31.1599317379295825958251953125" lon="121.192638762295246124267578125">
        <ele>4.80000019073486328125</ele>
        <time>2026-09-05T13:00:54.000Z</time>
        <extensions>
          <ns3:TrackPointExtension>
            <ns3:hr>143</ns3:hr>
            <ns3:cad>86</ns3:cad>
          </ns3:TrackPointExtension>
        </extensions>
      </trkpt>
      <trkpt lat="31.15994992665946483612060546875" lon="121.19262711144983768463134765625">
        <ele>4.80000019073486328125</ele>
        <time>2026-09-05T13:00:55.000Z</time>
        <extensions>
          <ns3:TrackPointExtension>
            <ns3:hr>142</ns3:hr>
            <ns3:cad>86</ns3:cad>
          </ns3:TrackPointExtension>
        </extensions>
      </trkpt>
      <trkpt lat="31.15996400825679302215576171875" lon="121.1926116049289703369140625">
        <ele>4.80000019073486328125</ele>
        <time>2026-09-05T13:00:56.000Z</time>
        <extensions>
          <ns3:TrackPointExtension>
            <ns3:hr>142</ns3:hr>
            <ns3:cad>86</ns3:cad>
          </ns3:TrackPointExtension>
        </extensions>
      </trkpt>
      <trkpt lat="31.159986890852451324462890625" lon="121.1926013790071010589599609375">
        <ele>4.80000019073486328125</ele>
        <time>2026-09-05T13:00:57.000Z</time>
        <extensions>
          <ns3:TrackPointExtension>
            <ns3:hr>142</ns3:hr>
            <ns3:cad>86</ns3:cad>
          </ns3:TrackPointExtension>
        </extensions>
      </trkpt>
      <trkpt lat="31.16000306792557239532470703125" lon="121.1925928294658660888671875">
        <ele>4.80000019073486328125</ele>
        <time>2026-09-05T13:00:58.000Z</time>
        <extensions>
          <ns3:TrackPointExtension>
            <ns3:hr>142</ns3:hr>
            <ns3:cad>85</ns3:cad>
          </ns3:TrackPointExtension>
        </extensions>
      </trkpt>
      <trkpt lat="31.16002301685512065887451171875" lon="121.1925792507827281951904296875">
        <ele>4.80000019073486328125</ele>
        <time>2026-09-05T13:00:59.000Z</time>
        <extensions>
          <ns3:TrackPointExtension>
            <ns3:hr>142</ns3:hr>
            <ns3:cad>85</ns3:cad>
          </ns3:TrackPointExtension>
        </extensions>
      </trkpt>
      <trkpt lat="31.1600380204617977142333984375" lon="121.19256609119474887847900390625">
        <ele>4.80000019073486328125</ele>
        <time>2026-09-05T13:01:00.000Z</time>
        <extensions>
          <ns3:TrackPointExtension>
            <ns3:hr>141</ns3:hr>
            <ns3:cad>85</ns3:cad>
          </ns3:TrackPointExtension>
        </extensions>
      </trkpt>
      <trkpt lat="31.1600554548203945159912109375" lon="121.192555613815784454345703125">
        <ele>4.599999904632568359375</ele>
        <time>2026-09-05T13:01:01.000Z</time>
        <extensions>
          <ns3:TrackPointExtension>
            <ns3:hr>141</ns3:hr>
            <ns3:cad>86</ns3:cad>
          </ns3:TrackPointExtension>
        </extensions>
      </trkpt>
      <trkpt lat="31.1600745655596256256103515625" lon="121.19254530407488346099853515625">
        <ele>4.599999904632568359375</ele>
        <time>2026-09-05T13:01:02.000Z</time>
        <extensions>
          <ns3:TrackPointExtension>
            <ns3:hr>141</ns3:hr>
            <ns3:cad>87</ns3:cad>
          </ns3:TrackPointExtension>
        </extensions>
      </trkpt>
      <trkpt lat="31.16008915007114410400390625" lon="121.19253574870526790618896484375">
        <ele>4.599999904632568359375</ele>
        <time>2026-09-05T13:01:03.000Z</time>
        <extensions>
          <ns3:TrackPointExtension>
            <ns3:hr>142</ns3:hr>
            <ns3:cad>87</ns3:cad>
          </ns3:TrackPointExtension>
        </extensions>
      </trkpt>
      <trkpt lat="31.16010935045778751373291015625" lon="121.19253021664917469024658203125">
        <ele>4.599999904632568359375</ele>
        <time>2026-09-05T13:01:04.000Z</time>
        <extensions>
          <ns3:TrackPointExtension>
            <ns3:hr>142</ns3:hr>
            <ns3:cad>87</ns3:cad>
          </ns3:TrackPointExtension>
        </extensions>
      </trkpt>
      <trkpt lat="31.16012544371187686920166015625" lon="121.1925189010798931121826171875">
        <ele>4.599999904632568359375</ele>
        <time>2026-09-05T13:01:05.000Z</time>
        <extensions>
          <ns3:TrackPointExtension>
            <ns3:hr>142</ns3:hr>
            <ns3:cad>86</ns3:cad>
          </ns3:TrackPointExtension>
        </extensions>
      </trkpt>
      <trkpt lat="31.16015017032623291015625" lon="121.19250607676804065704345703125">
        <ele>4.599999904632568359375</ele>
        <time>2026-09-05T13:01:06.000Z</time>
        <extensions>
          <ns3:TrackPointExtension>
            <ns3:hr>142</ns3:hr>
            <ns3:cad>85</ns3:cad>
          </ns3:TrackPointExtension>
        </extensions>
      </trkpt>
      <trkpt lat="31.1601657606661319732666015625" lon="121.19249157607555389404296875">
        <ele>4.599999904632568359375</ele>
        <time>2026-09-05T13:01:07.000Z</time>
        <extensions>
          <ns3:TrackPointExtension>
            <ns3:hr>142</ns3:hr>
            <ns3:cad>85</ns3:cad>
          </ns3:TrackPointExtension>
        </extensions>
      </trkpt>
      <trkpt lat="31.16018763743340969085693359375" lon="121.19247908703982830047607421875">
        <ele>4.599999904632568359375</ele>
        <time>2026-09-05T13:01:08.000Z</time>
        <extensions>
          <ns3:TrackPointExtension>
            <ns3:hr>143</ns3:hr>
            <ns3:cad>86</ns3:cad>
          </ns3:TrackPointExtension>
        </extensions>
      </trkpt>
      <trkpt lat="31.1602036468684673309326171875" lon="121.192465089261531829833984375">
        <ele>4.599999904632568359375</ele>
        <time>2026-09-05T13:01:09.000Z</time>
        <extensions>
          <ns3:TrackPointExtension>
            <ns3:hr>143</ns3:hr>
            <ns3:cad>87</ns3:cad>
          </ns3:TrackPointExtension>
        </extensions>
      </trkpt>
      <trkpt lat="31.16022300906479358673095703125" lon="121.192451678216457366943359375">
        <ele>4.599999904632568359375</ele>
        <time>2026-09-05T13:01:10.000Z</time>
        <extensions>
          <ns3:TrackPointExtension>
            <ns3:hr>143</ns3:hr>
            <ns3:cad>87</ns3:cad>
          </ns3:TrackPointExtension>
        </extensions>
      </trkpt>
      <trkpt lat="31.1602408625185489654541015625" lon="121.19244321249425411224365234375">
        <ele>4.599999904632568359375</ele>
        <time>2026-09-05T13:01:11.000Z</time>
        <extensions>
          <ns3:TrackPointExtension>
            <ns3:hr>143</ns3:hr>
            <ns3:cad>88</ns3:cad>
          </ns3:TrackPointExtension>
        </extensions>
      </trkpt>
      <trkpt lat="31.1602609790861606597900390625" lon="121.1924313940107822418212890625">
        <ele>4.599999904632568359375</ele>
        <time>2026-09-05T13:01:12.000Z</time>
        <extensions>
          <ns3:TrackPointExtension>
            <ns3:hr>143</ns3:hr>
            <ns3:cad>88</ns3:cad>
          </ns3:TrackPointExtension>
        </extensions>
      </trkpt>
      <trkpt lat="31.16028302349150180816650390625" lon="121.19242041371762752532958984375">
        <ele>4.599999904632568359375</ele>
        <time>2026-09-05T13:01:13.000Z</time>
        <extensions>
          <ns3:TrackPointExtension>
            <ns3:hr>144</ns3:hr>
            <ns3:cad>86</ns3:cad>
          </ns3:TrackPointExtension>
        </extensions>
      </trkpt>
      <trkpt lat="31.16030464880168437957763671875" lon="121.19240666739642620086669921875">
        <ele>4.400000095367431640625</ele>
        <time>2026-09-05T13:01:14.000Z</time>
        <extensions>
          <ns3:TrackPointExtension>
            <ns3:hr>144</ns3:hr>
            <ns3:cad>86</ns3:cad>
          </ns3:TrackPointExtension>
        </extensions>
      </trkpt>
      <trkpt lat="31.16033365018665790557861328125" lon="121.19239543564617633819580078125">
        <ele>4.400000095367431640625</ele>
        <time>2026-09-05T13:01:15.000Z</time>
        <extensions>
          <ns3:TrackPointExtension>
            <ns3:hr>144</ns3:hr>
            <ns3:cad>87</ns3:cad>
          </ns3:TrackPointExtension>
        </extensions>
      </trkpt>
      <trkpt lat="31.16035468876361846923828125" lon="121.19237733073532581329345703125">
        <ele>4.400000095367431640625</ele>
        <time>2026-09-05T13:01:16.000Z</time>
        <extensions>
          <ns3:TrackPointExtension>
            <ns3:hr>145</ns3:hr>
            <ns3:cad>87</ns3:cad>
          </ns3:TrackPointExtension>
        </extensions>
      </trkpt>
      <trkpt lat="31.1603821814060211181640625" lon="121.19236274622380733489990234375">
        <ele>4.400000095367431640625</ele>
        <time>2026-09-05T13:01:17.000Z</time>
        <extensions>
          <ns3:TrackPointExtension>
            <ns3:hr>145</ns3:hr>
            <ns3:cad>87</ns3:cad>
          </ns3:TrackPointExtension>
        </extensions>
      </trkpt>
      <trkpt lat="31.16040171124041080474853515625" lon="121.192353107035160064697265625">
        <ele>4.400000095367431640625</ele>
        <time>2026-09-05T13:01:18.000Z</time>
        <extensions>
          <ns3:TrackPointExtension>
            <ns3:hr>145</ns3:hr>
            <ns3:cad>87</ns3:cad>
          </ns3:TrackPointExtension>
        </extensions>
      </trkpt>
      <trkpt lat="31.160420067608356475830078125" lon="121.1923432163894176483154296875">
        <ele>4.400000095367431640625</ele>
        <time>2026-09-05T13:01:19.000Z</time>
        <extensions>
          <ns3:TrackPointExtension>
            <ns3:hr>145</ns3:hr>
            <ns3:cad>86</ns3:cad>
          </ns3:TrackPointExtension>
        </extensions>
      </trkpt>
      <trkpt lat="31.16043590940535068511962890625" lon="121.19233944453299045562744140625">
        <ele>4.400000095367431640625</ele>
        <time>2026-09-05T13:01:20.000Z</time>
        <extensions>
          <ns3:TrackPointExtension>
            <ns3:hr>145</ns3:hr>
            <ns3:cad>86</ns3:cad>
          </ns3:TrackPointExtension>
        </extensions>
      </trkpt>
      <trkpt lat="31.16045384667813777923583984375" lon="121.19233039207756519317626953125">
        <ele>4.400000095367431640625</ele>
        <time>2026-09-05T13:01:21.000Z</time>
        <extensions>
          <ns3:TrackPointExtension>
            <ns3:hr>144</ns3:hr>
            <ns3:cad>87</ns3:cad>
          </ns3:TrackPointExtension>
        </extensions>
      </trkpt>
      <trkpt lat="31.16047513671219348907470703125" lon="121.1923192441463470458984375">
        <ele>4.599999904632568359375</ele>
        <time>2026-09-05T13:01:22.000Z</time>
        <extensions>
          <ns3:TrackPointExtension>
            <ns3:hr>145</ns3:hr>
            <ns3:cad>87</ns3:cad>
          </ns3:TrackPointExtension>
        </extensions>
      </trkpt>
      <trkpt lat="31.16049525327980518341064453125" lon="121.19230843149125576019287109375">
        <ele>4.400000095367431640625</ele>
        <time>2026-09-05T13:01:23.000Z</time>
        <extensions>
          <ns3:TrackPointExtension>
            <ns3:hr>145</ns3:hr>
            <ns3:cad>87</ns3:cad>
          </ns3:TrackPointExtension>
        </extensions>
      </trkpt>
      <trkpt lat="31.160517632961273193359375" lon="121.192302815616130828857421875">
        <ele>4.400000095367431640625</ele>
        <time>2026-09-05T13:01:24.000Z</time>
        <extensions>
          <ns3:TrackPointExtension>
            <ns3:hr>145</ns3:hr>
            <ns3:cad>85</ns3:cad>
          </ns3:TrackPointExtension>
        </extensions>
      </trkpt>
      <trkpt lat="31.16053515113890171051025390625" lon="121.19229669682681560516357421875">
        <ele>4.599999904632568359375</ele>
        <time>2026-09-05T13:01:25.000Z</time>
        <extensions>
          <ns3:TrackPointExtension>
            <ns3:hr>145</ns3:hr>
            <ns3:cad>85</ns3:cad>
          </ns3:TrackPointExtension>
        </extensions>
      </trkpt>
      <trkpt lat="31.16055543534457683563232421875" lon="121.192285381257534027099609375">
        <ele>4.599999904632568359375</ele>
        <time>2026-09-05T13:01:26.000Z</time>
        <extensions>
          <ns3:TrackPointExtension>
            <ns3:hr>146</ns3:hr>
            <ns3:cad>85</ns3:cad>
          </ns3:TrackPointExtension>
        </extensions>
      </trkpt>
      <trkpt lat="31.1605758033692836761474609375" lon="121.1922741495072841644287109375">
        <ele>4.599999904632568359375</ele>
        <time>2026-09-05T13:01:27.000Z</time>
        <extensions>
          <ns3:TrackPointExtension>
            <ns3:hr>146</ns3:hr>
            <ns3:cad>85</ns3:cad>
          </ns3:TrackPointExtension>
        </extensions>
      </trkpt>
      <trkpt lat="31.160593740642070770263671875" lon="121.1922637559473514556884765625">
        <ele>4.599999904632568359375</ele>
        <time>2026-09-05T13:01:28.000Z</time>
        <extensions>
          <ns3:TrackPointExtension>
            <ns3:hr>146</ns3:hr>
            <ns3:cad>85</ns3:cad>
          </ns3:TrackPointExtension>
        </extensions>
      </trkpt>
      <trkpt lat="31.1606173776090145111083984375" lon="121.1922563798725605010986328125">
        <ele>4.599999904632568359375</ele>
        <time>2026-09-05T13:01:29.000Z</time>
        <extensions>
          <ns3:TrackPointExtension>
            <ns3:hr>145</ns3:hr>
            <ns3:cad>86</ns3:cad>
          </ns3:TrackPointExtension>
        </extensions>
      </trkpt>
      <trkpt lat="31.1606343090534210205078125" lon="121.19224707596004009246826171875">
        <ele>4.599999904632568359375</ele>
        <time>2026-09-05T13:01:30.000Z</time>
        <extensions>
          <ns3:TrackPointExtension>
            <ns3:hr>145</ns3:hr>
            <ns3:cad>86</ns3:cad>
          </ns3:TrackPointExtension>
        </extensions>
      </trkpt>
      <trkpt lat="31.16066020913422107696533203125" lon="121.19224221445620059967041015625">
        <ele>4.599999904632568359375</ele>
        <time>2026-09-05T13:01:31.000Z</time>
        <extensions>
          <ns3:TrackPointExtension>
            <ns3:hr>145</ns3:hr>
            <ns3:cad>86</ns3:cad>
          </ns3:TrackPointExtension>
        </extensions>
      </trkpt>
      <trkpt lat="31.16067496128380298614501953125" lon="121.19223718531429767608642578125">
        <ele>4.599999904632568359375</ele>
        <time>2026-09-05T13:01:32.000Z</time>
        <extensions>
          <ns3:TrackPointExtension>
            <ns3:hr>145</ns3:hr>
            <ns3:cad>86</ns3:cad>
          </ns3:TrackPointExtension>
        </extensions>
      </trkpt>
      <trkpt lat="31.1606959998607635498046875" lon="121.19222746230661869049072265625">
        <ele>4.599999904632568359375</ele>
        <time>2026-09-05T13:01:33.000Z</time>
        <extensions>
          <ns3:TrackPointExtension>
            <ns3:hr>146</ns3:hr>
            <ns3:cad>86</ns3:cad>
          </ns3:TrackPointExtension>
        </extensions>
      </trkpt>
      <trkpt lat="31.16071335040032863616943359375" lon="121.19221924804151058197021484375">
        <ele>4.599999904632568359375</ele>
        <time>2026-09-05T13:01:34.000Z</time>
        <extensions>
          <ns3:TrackPointExtension>
            <ns3:hr>145</ns3:hr>
            <ns3:cad>86</ns3:cad>
          </ns3:TrackPointExtension>
        </extensions>
      </trkpt>
      <trkpt lat="31.16073396988213062286376953125" lon="121.1922081001102924346923828125">
        <ele>4.599999904632568359375</ele>
        <time>2026-09-05T13:01:35.000Z</time>
        <extensions>
          <ns3:TrackPointExtension>
            <ns3:hr>145</ns3:hr>
            <ns3:cad>86</ns3:cad>
          </ns3:TrackPointExtension>
        </extensions>
      </trkpt>
      <trkpt lat="31.16075978614389896392822265625" lon="121.19220198132097721099853515625">
        <ele>4.599999904632568359375</ele>
        <time>2026-09-05T13:01:36.000Z</time>
        <extensions>
          <ns3:TrackPointExtension>
            <ns3:hr>146</ns3:hr>
            <ns3:cad>86</ns3:cad>
          </ns3:TrackPointExtension>
        </extensions>
      </trkpt>
      <trkpt lat="31.16077755577862262725830078125" lon="121.19219661690294742584228515625">
        <ele>4.599999904632568359375</ele>
        <time>2026-09-05T13:01:37.000Z</time>
        <extensions>
          <ns3:TrackPointExtension>
            <ns3:hr>145</ns3:hr>
            <ns3:cad>86</ns3:cad>
          </ns3:TrackPointExtension>
        </extensions>
      </trkpt>
      <trkpt lat="31.16079901345074176788330078125" lon="121.19219628162682056427001953125">
        <ele>4.599999904632568359375</ele>
        <time>2026-09-05T13:01:38.000Z</time>
        <extensions>
          <ns3:TrackPointExtension>
            <ns3:hr>145</ns3:hr>
            <ns3:cad>86</ns3:cad>
          </ns3:TrackPointExtension>
        </extensions>
      </trkpt>
      <trkpt lat="31.16081778891384601593017578125" lon="121.192192174494266510009765625">
        <ele>4.599999904632568359375</ele>
        <time>2026-09-05T13:01:39.000Z</time>
        <extensions>
          <ns3:TrackPointExtension>
            <ns3:hr>145</ns3:hr>
            <ns3:cad>86</ns3:cad>
          </ns3:TrackPointExtension>
        </extensions>
      </trkpt>
      <trkpt lat="31.16084762848913669586181640625" lon="121.1921863071620464324951171875">
        <ele>4.599999904632568359375</ele>
        <time>2026-09-05T13:01:40.000Z</time>
        <extensions>
          <ns3:TrackPointExtension>
            <ns3:hr>146</ns3:hr>
            <ns3:cad>86</ns3:cad>
          </ns3:TrackPointExtension>
        </extensions>
      </trkpt>
      <trkpt lat="31.16087009198963642120361328125" lon="121.1921816132962703704833984375">
        <ele>4.599999904632568359375</ele>
        <time>2026-09-05T13:01:41.000Z</time>
        <extensions>
          <ns3:TrackPointExtension>
            <ns3:hr>145</ns3:hr>
            <ns3:cad>86</ns3:cad>
          </ns3:TrackPointExtension>
        </extensions>
      </trkpt>
      <trkpt lat="31.1608939804136753082275390625" lon="121.192173399031162261962890625">
        <ele>4.599999904632568359375</ele>
        <time>2026-09-05T13:01:42.000Z</time>
        <extensions>
          <ns3:TrackPointExtension>
            <ns3:hr>145</ns3:hr>
            <ns3:cad>86</ns3:cad>
          </ns3:TrackPointExtension>
        </extensions>
      </trkpt>
      <trkpt lat="31.1609132587909698486328125" lon="121.1921658553183078765869140625">
        <ele>4.599999904632568359375</ele>
        <time>2026-09-05T13:01:43.000Z</time>
        <extensions>
          <ns3:TrackPointExtension>
            <ns3:hr>145</ns3:hr>
            <ns3:cad>86</ns3:cad>
          </ns3:TrackPointExtension>
        </extensions>
      </trkpt>
      <trkpt lat="31.1609311960637569427490234375" lon="121.19215856306254863739013671875">
        <ele>4.599999904632568359375</ele>
        <time>2026-09-05T13:01:44.000Z</time>
        <extensions>
          <ns3:TrackPointExtension>
            <ns3:hr>145</ns3:hr>
            <ns3:cad>86</ns3:cad>
          </ns3:TrackPointExtension>
        </extensions>
      </trkpt>
      <trkpt lat="31.16095483303070068359375" lon="121.192151941359043121337890625">
        <ele>4.599999904632568359375</ele>
        <time>2026-09-05T13:01:45.000Z</time>
        <extensions>
          <ns3:TrackPointExtension>
            <ns3:hr>145</ns3:hr>
            <ns3:cad>85</ns3:cad>
          </ns3:TrackPointExtension>
        </extensions>
      </trkpt>
      <trkpt lat="31.1609761230647563934326171875" lon="121.192147918045520782470703125">
        <ele>4.599999904632568359375</ele>
        <time>2026-09-05T13:01:46.000Z</time>
        <extensions>
          <ns3:TrackPointExtension>
            <ns3:hr>144</ns3:hr>
            <ns3:cad>85</ns3:cad>
          </ns3:TrackPointExtension>
        </extensions>
      </trkpt>
      <trkpt lat="31.16099171340465545654296875" lon="121.1921423859894275665283203125">
        <ele>4.599999904632568359375</ele>
        <time>2026-09-05T13:01:47.000Z</time>
        <extensions>
          <ns3:TrackPointExtension>
            <ns3:hr>144</ns3:hr>
            <ns3:cad>85</ns3:cad>
          </ns3:TrackPointExtension>
        </extensions>
      </trkpt>
      <trkpt lat="31.1610123328864574432373046875" lon="121.19214012287557125091552734375">
        <ele>4.599999904632568359375</ele>
        <time>2026-09-05T13:01:48.000Z</time>
        <extensions>
          <ns3:TrackPointExtension>
            <ns3:hr>144</ns3:hr>
            <ns3:cad>85</ns3:cad>
          </ns3:TrackPointExtension>
        </extensions>
      </trkpt>
      <trkpt lat="31.161031611263751983642578125" lon="121.19213643483817577362060546875">
        <ele>4.599999904632568359375</ele>
        <time>2026-09-05T13:01:49.000Z</time>
        <extensions>
          <ns3:TrackPointExtension>
            <ns3:hr>144</ns3:hr>
            <ns3:cad>85</ns3:cad>
          </ns3:TrackPointExtension>
        </extensions>
      </trkpt>
      <trkpt lat="31.16105432622134685516357421875" lon="121.19213475845754146575927734375">
        <ele>4.599999904632568359375</ele>
        <time>2026-09-05T13:01:50.000Z</time>
        <extensions>
          <ns3:TrackPointExtension>
            <ns3:hr>144</ns3:hr>
            <ns3:cad>86</ns3:cad>
          </ns3:TrackPointExtension>
        </extensions>
      </trkpt>
      <trkpt lat="31.1610703356564044952392578125" lon="121.19212822057306766510009765625">
        <ele>4.80000019073486328125</ele>
        <time>2026-09-05T13:01:51.000Z</time>
        <extensions>
          <ns3:TrackPointExtension>
            <ns3:hr>145</ns3:hr>
            <ns3:cad>86</ns3:cad>
          </ns3:TrackPointExtension>
        </extensions>
      </trkpt>
      <trkpt lat="31.16109137423336505889892578125" lon="121.192119754850864410400390625">
        <ele>4.80000019073486328125</ele>
        <time>2026-09-05T13:01:52.000Z</time>
        <extensions>
          <ns3:TrackPointExtension>
            <ns3:hr>144</ns3:hr>
            <ns3:cad>85</ns3:cad>
          </ns3:TrackPointExtension>
        </extensions>
      </trkpt>
      <trkpt lat="31.1611092276871204376220703125" lon="121.19210936129093170166015625">
        <ele>4.80000019073486328125</ele>
        <time>2026-09-05T13:01:53.000Z</time>
        <extensions>
          <ns3:TrackPointExtension>
            <ns3:hr>144</ns3:hr>
            <ns3:cad>84</ns3:cad>
          </ns3:TrackPointExtension>
        </extensions>
      </trkpt>
      <trkpt lat="31.161128841340541839599609375" lon="121.1921014823019504547119140625">
        <ele>4.80000019073486328125</ele>
        <time>2026-09-05T13:01:54.000Z</time>
        <extensions>
          <ns3:TrackPointExtension>
            <ns3:hr>144</ns3:hr>
            <ns3:cad>84</ns3:cad>
          </ns3:TrackPointExtension>
        </extensions>
      </trkpt>
      <trkpt lat="31.16115021519362926483154296875" lon="121.192096285521984100341796875">
        <ele>4.80000019073486328125</ele>
        <time>2026-09-05T13:01:55.000Z</time>
        <extensions>
          <ns3:TrackPointExtension>
            <ns3:hr>144</ns3:hr>
            <ns3:cad>84</ns3:cad>
          </ns3:TrackPointExtension>
        </extensions>
      </trkpt>
      <trkpt lat="31.1611645482480525970458984375" lon="121.19208865799009799957275390625">
        <ele>4.80000019073486328125</ele>
        <time>2026-09-05T13:01:56.000Z</time>
        <extensions>
          <ns3:TrackPointExtension>
            <ns3:hr>144</ns3:hr>
            <ns3:cad>85</ns3:cad>
          </ns3:TrackPointExtension>
        </extensions>
      </trkpt>
      <trkpt lat="31.161187849938869476318359375" lon="121.19208429940044879913330078125">
        <ele>4.80000019073486328125</ele>
        <time>2026-09-05T13:01:57.000Z</time>
        <extensions>
          <ns3:TrackPointExtension>
            <ns3:hr>144</ns3:hr>
            <ns3:cad>86</ns3:cad>
          </ns3:TrackPointExtension>
        </extensions>
      </trkpt>
      <trkpt lat="31.16120888851583003997802734375" lon="121.19208295829594135284423828125">
        <ele>4.80000019073486328125</ele>
        <time>2026-09-05T13:01:58.000Z</time>
        <extensions>
          <ns3:TrackPointExtension>
            <ns3:hr>144</ns3:hr>
            <ns3:cad>86</ns3:cad>
          </ns3:TrackPointExtension>
        </extensions>
      </trkpt>
      <trkpt lat="31.161231435835361480712890625" lon="121.1920780129730701446533203125">
        <ele>5</ele>
        <time>2026-09-05T13:01:59.000Z</time>
        <extensions>
          <ns3:TrackPointExtension>
            <ns3:hr>144</ns3:hr>
            <ns3:cad>86</ns3:cad>
          </ns3:TrackPointExtension>
        </extensions>
      </trkpt>
      <trkpt lat="31.1612476967275142669677734375" lon="121.19207139126956462860107421875">
        <ele>5</ele>
        <time>2026-09-05T13:02:00.000Z</time>
        <extensions>
          <ns3:TrackPointExtension>
            <ns3:hr>144</ns3:hr>
            <ns3:cad>86</ns3:cad>
          </ns3:TrackPointExtension>
        </extensions>
      </trkpt>
      <trkpt lat="31.16126521490514278411865234375" lon="121.19205077178776264190673828125">
        <ele>5.19999980926513671875</ele>
        <time>2026-09-05T13:02:03.000Z</time>
        <extensions>
          <ns3:TrackPointExtension>
            <ns3:hr>144</ns3:hr>
            <ns3:cad>85</ns3:cad>
          </ns3:TrackPointExtension>
        </extensions>
      </trkpt>
      <trkpt lat="31.161261610686779022216796875" lon="121.19202747009694576263427734375">
        <ele>5</ele>
        <time>2026-09-05T13:02:04.000Z</time>
        <extensions>
          <ns3:TrackPointExtension>
            <ns3:hr>144</ns3:hr>
            <ns3:cad>85</ns3:cad>
          </ns3:TrackPointExtension>
        </extensions>
      </trkpt>
      <trkpt lat="31.161258928477764129638671875" lon="121.1920072697103023529052734375">
        <ele>5</ele>
        <time>2026-09-05T13:02:05.000Z</time>
        <extensions>
          <ns3:TrackPointExtension>
            <ns3:hr>144</ns3:hr>
            <ns3:cad>85</ns3:cad>
          </ns3:TrackPointExtension>
        </extensions>
      </trkpt>
      <trkpt lat="31.1612512171268463134765625" lon="121.19198388420045375823974609375">
        <ele>5</ele>
        <time>2026-09-05T13:02:06.000Z</time>
        <extensions>
          <ns3:TrackPointExtension>
            <ns3:hr>144</ns3:hr>
            <ns3:cad>83</ns3:cad>
          </ns3:TrackPointExtension>
        </extensions>
      </trkpt>
      <trkpt lat="31.161240823566913604736328125" lon="121.1919650249183177947998046875">
        <ele>4.80000019073486328125</ele>
        <time>2026-09-05T13:02:07.000Z</time>
        <extensions>
          <ns3:TrackPointExtension>
            <ns3:hr>143</ns3:hr>
            <ns3:cad>83</ns3:cad>
          </ns3:TrackPointExtension>
        </extensions>
      </trkpt>
      <trkpt lat="31.16122531704604625701904296875" lon="121.19193996302783489227294921875">
        <ele>4.80000019073486328125</ele>
        <time>2026-09-05T13:02:08.000Z</time>
        <extensions>
          <ns3:TrackPointExtension>
            <ns3:hr>143</ns3:hr>
            <ns3:cad>83</ns3:cad>
          </ns3:TrackPointExtension>
        </extensions>
      </trkpt>
      <trkpt lat="31.1612083017826080322265625" lon="121.191929318010807037353515625">
        <ele>4.80000019073486328125</ele>
        <time>2026-09-05T13:02:09.000Z</time>
        <extensions>
          <ns3:TrackPointExtension>
            <ns3:hr>143</ns3:hr>
            <ns3:cad>85</ns3:cad>
          </ns3:TrackPointExtension>
        </extensions>
      </trkpt>
      <trkpt lat="31.16119028069078922271728515625" lon="121.19192202575504779815673828125">
        <ele>5</ele>
        <time>2026-09-05T13:02:10.000Z</time>
        <extensions>
          <ns3:TrackPointExtension>
            <ns3:hr>143</ns3:hr>
            <ns3:cad>85</ns3:cad>
          </ns3:TrackPointExtension>
        </extensions>
      </trkpt>
      <trkpt lat="31.1611685715615749359130859375" lon="121.1919164098799228668212890625">
        <ele>5</ele>
        <time>2026-09-05T13:02:11.000Z</time>
        <extensions>
          <ns3:TrackPointExtension>
            <ns3:hr>143</ns3:hr>
            <ns3:cad>85</ns3:cad>
          </ns3:TrackPointExtension>
        </extensions>
      </trkpt>
      <trkpt lat="31.161154322326183319091796875" lon="121.1919174157083034515380859375">
        <ele>5</ele>
        <time>2026-09-05T13:02:12.000Z</time>
        <extensions>
          <ns3:TrackPointExtension>
            <ns3:hr>144</ns3:hr>
            <ns3:cad>85</ns3:cad>
          </ns3:TrackPointExtension>
        </extensions>
      </trkpt>
      <trkpt lat="31.1611357145011425018310546875" lon="121.1919169127941131591796875">
        <ele>5</ele>
        <time>2026-09-05T13:02:13.000Z</time>
        <extensions>
          <ns3:TrackPointExtension>
            <ns3:hr>144</ns3:hr>
            <ns3:cad>85</ns3:cad>
          </ns3:TrackPointExtension>
        </extensions>
      </trkpt>
      <trkpt lat="31.161116100847721099853515625" lon="121.19191599078476428985595703125">
        <ele>5</ele>
        <time>2026-09-05T13:02:14.000Z</time>
        <extensions>
          <ns3:TrackPointExtension>
            <ns3:hr>143</ns3:hr>
            <ns3:cad>85</ns3:cad>
          </ns3:TrackPointExtension>
        </extensions>
      </trkpt>
      <trkpt lat="31.16110059432685375213623046875" lon="121.19191917590796947479248046875">
        <ele>5</ele>
        <time>2026-09-05T13:02:15.000Z</time>
        <extensions>
          <ns3:TrackPointExtension>
            <ns3:hr>143</ns3:hr>
            <ns3:cad>85</ns3:cad>
          </ns3:TrackPointExtension>
        </extensions>
      </trkpt>
      <trkpt lat="31.1610767059028148651123046875" lon="121.1919180862605571746826171875">
        <ele>4.80000019073486328125</ele>
        <time>2026-09-05T13:02:16.000Z</time>
        <extensions>
          <ns3:TrackPointExtension>
            <ns3:hr>143</ns3:hr>
            <ns3:cad>85</ns3:cad>
          </ns3:TrackPointExtension>
        </extensions>
      </trkpt>
      <trkpt lat="31.16105969063937664031982421875" lon="121.19192034937441349029541015625">
        <ele>4.80000019073486328125</ele>
        <time>2026-09-05T13:02:17.000Z</time>
        <extensions>
          <ns3:TrackPointExtension>
            <ns3:hr>144</ns3:hr>
            <ns3:cad>84</ns3:cad>
          </ns3:TrackPointExtension>
        </extensions>
      </trkpt>
      <trkpt lat="31.16103940643370151519775390625" lon="121.19191884063184261322021484375">
        <ele>4.80000019073486328125</ele>
        <time>2026-09-05T13:02:18.000Z</time>
        <extensions>
          <ns3:TrackPointExtension>
            <ns3:hr>144</ns3:hr>
            <ns3:cad>84</ns3:cad>
          </ns3:TrackPointExtension>
        </extensions>
      </trkpt>
      <trkpt lat="31.16102046333253383636474609375" lon="121.19191766716539859771728515625">
        <ele>5</ele>
        <time>2026-09-05T13:02:19.000Z</time>
        <extensions>
          <ns3:TrackPointExtension>
            <ns3:hr>144</ns3:hr>
            <ns3:cad>84</ns3:cad>
          </ns3:TrackPointExtension>
        </extensions>
      </trkpt>
      <trkpt lat="31.161002777516841888427734375" lon="121.19192135520279407501220703125">
        <ele>5</ele>
        <time>2026-09-05T13:02:20.000Z</time>
        <extensions>
          <ns3:TrackPointExtension>
            <ns3:hr>144</ns3:hr>
            <ns3:cad>83</ns3:cad>
          </ns3:TrackPointExtension>
        </extensions>
      </trkpt>
      <trkpt lat="31.16097922436892986297607421875" lon="121.191918589174747467041015625">
        <ele>5</ele>
        <time>2026-09-05T13:02:21.000Z</time>
        <extensions>
          <ns3:TrackPointExtension>
            <ns3:hr>144</ns3:hr>
            <ns3:cad>83</ns3:cad>
          </ns3:TrackPointExtension>
        </extensions>
      </trkpt>
      <trkpt lat="31.1609603650867938995361328125" lon="121.1919197626411914825439453125">
        <ele>5</ele>
        <time>2026-09-05T13:02:22.000Z</time>
        <extensions>
          <ns3:TrackPointExtension>
            <ns3:hr>143</ns3:hr>
            <ns3:cad>83</ns3:cad>
          </ns3:TrackPointExtension>
        </extensions>
      </trkpt>
      <trkpt lat="31.16094251163303852081298828125" lon="121.19191867299377918243408203125">
        <ele>5</ele>
        <time>2026-09-05T13:02:23.000Z</time>
        <extensions>
          <ns3:TrackPointExtension>
            <ns3:hr>144</ns3:hr>
            <ns3:cad>83</ns3:cad>
          </ns3:TrackPointExtension>
        </extensions>
      </trkpt>
      <trkpt lat="31.1609244905412197113037109375" lon="121.19191833771765232086181640625">
        <ele>4.80000019073486328125</ele>
        <time>2026-09-05T13:02:24.000Z</time>
        <extensions>
          <ns3:TrackPointExtension>
            <ns3:hr>144</ns3:hr>
            <ns3:cad>83</ns3:cad>
          </ns3:TrackPointExtension>
        </extensions>
      </trkpt>
      <trkpt lat="31.1609067209064960479736328125" lon="121.1919217742979526519775390625">
        <ele>4.80000019073486328125</ele>
        <time>2026-09-05T13:02:25.000Z</time>
        <extensions>
          <ns3:TrackPointExtension>
            <ns3:hr>144</ns3:hr>
            <ns3:cad>84</ns3:cad>
          </ns3:TrackPointExtension>
        </extensions>
      </trkpt>
      <trkpt lat="31.16088308393955230712890625" lon="121.1919231154024600982666015625">
        <ele>4.80000019073486328125</ele>
        <time>2026-09-05T13:02:26.000Z</time>
        <extensions>
          <ns3:TrackPointExtension>
            <ns3:hr>144</ns3:hr>
            <ns3:cad>84</ns3:cad>
          </ns3:TrackPointExtension>
        </extensions>
      </trkpt>
      <trkpt lat="31.1608627997338771820068359375" lon="121.1919268034398555755615234375">
        <ele>4.80000019073486328125</ele>
        <time>2026-09-05T13:02:27.000Z</time>
        <extensions>
          <ns3:TrackPointExtension>
            <ns3:hr>144</ns3:hr>
            <ns3:cad>84</ns3:cad>
          </ns3:TrackPointExtension>
        </extensions>
      </trkpt>
      <trkpt lat="31.16084192879498004913330078125" lon="121.191929318010807037353515625">
        <ele>4.80000019073486328125</ele>
        <time>2026-09-05T13:02:28.000Z</time>
        <extensions>
          <ns3:TrackPointExtension>
            <ns3:hr>144</ns3:hr>
            <ns3:cad>83</ns3:cad>
          </ns3:TrackPointExtension>
        </extensions>
      </trkpt>
      <trkpt lat="31.16082315333187580108642578125" lon="121.19193292222917079925537109375">
        <ele>4.80000019073486328125</ele>
        <time>2026-09-05T13:02:29.000Z</time>
        <extensions>
          <ns3:TrackPointExtension>
            <ns3:hr>143</ns3:hr>
            <ns3:cad>83</ns3:cad>
          </ns3:TrackPointExtension>
        </extensions>
      </trkpt>
      <trkpt lat="31.16080471314489841461181640625" lon="121.1919365264475345611572265625">
        <ele>4.80000019073486328125</ele>
        <time>2026-09-05T13:02:30.000Z</time>
        <extensions>
          <ns3:TrackPointExtension>
            <ns3:hr>144</ns3:hr>
            <ns3:cad>84</ns3:cad>
          </ns3:TrackPointExtension>
        </extensions>
      </trkpt>
      <trkpt lat="31.16078115999698638916015625" lon="121.19193946011364459991455078125">
        <ele>4.80000019073486328125</ele>
        <time>2026-09-05T13:02:31.000Z</time>
        <extensions>
          <ns3:TrackPointExtension>
            <ns3:hr>144</ns3:hr>
            <ns3:cad>85</ns3:cad>
          </ns3:TrackPointExtension>
        </extensions>
      </trkpt>
      <trkpt lat="31.16076481528580188751220703125" lon="121.19194868020713329315185546875">
        <ele>4.80000019073486328125</ele>
        <time>2026-09-05T13:02:32.000Z</time>
        <extensions>
          <ns3:TrackPointExtension>
            <ns3:hr>144</ns3:hr>
            <ns3:cad>85</ns3:cad>
          </ns3:TrackPointExtension>
        </extensions>
      </trkpt>
      <trkpt lat="31.16074318997561931610107421875" lon="121.1919559724628925323486328125">
        <ele>4.80000019073486328125</ele>
        <time>2026-09-05T13:02:33.000Z</time>
        <extensions>
          <ns3:TrackPointExtension>
            <ns3:hr>143</ns3:hr>
            <ns3:cad>85</ns3:cad>
          </ns3:TrackPointExtension>
        </extensions>
      </trkpt>
      <trkpt lat="31.160721480846405029296875" lon="121.1919643543660640716552734375">
        <ele>4.80000019073486328125</ele>
        <time>2026-09-05T13:02:34.000Z</time>
        <extensions>
          <ns3:TrackPointExtension>
            <ns3:hr>144</ns3:hr>
            <ns3:cad>85</ns3:cad>
          </ns3:TrackPointExtension>
        </extensions>
      </trkpt>
      <trkpt lat="31.16069910116493701934814453125" lon="121.19197390973567962646484375">
        <ele>4.80000019073486328125</ele>
        <time>2026-09-05T13:02:35.000Z</time>
        <extensions>
          <ns3:TrackPointExtension>
            <ns3:hr>144</ns3:hr>
            <ns3:cad>85</ns3:cad>
          </ns3:TrackPointExtension>
        </extensions>
      </trkpt>
      <trkpt lat="31.16067789494991302490234375" lon="121.19198170490562915802001953125">
        <ele>4.80000019073486328125</ele>
        <time>2026-09-05T13:02:36.000Z</time>
        <extensions>
          <ns3:TrackPointExtension>
            <ns3:hr>144</ns3:hr>
            <ns3:cad>84</ns3:cad>
          </ns3:TrackPointExtension>
        </extensions>
      </trkpt>
      <trkpt lat="31.16065752692520618438720703125" lon="121.19199511595070362091064453125">
        <ele>4.80000019073486328125</ele>
        <time>2026-09-05T13:02:37.000Z</time>
        <extensions>
          <ns3:TrackPointExtension>
            <ns3:hr>144</ns3:hr>
            <ns3:cad>84</ns3:cad>
          </ns3:TrackPointExtension>
        </extensions>
      </trkpt>
      <trkpt lat="31.16062961518764495849609375" lon="121.19200852699577808380126953125">
        <ele>4.80000019073486328125</ele>
        <time>2026-09-05T13:02:38.000Z</time>
        <extensions>
          <ns3:TrackPointExtension>
            <ns3:hr>143</ns3:hr>
            <ns3:cad>84</ns3:cad>
          </ns3:TrackPointExtension>
        </extensions>
      </trkpt>
      <trkpt lat="31.16061008535325527191162109375" lon="121.19202353060245513916015625">
        <ele>4.80000019073486328125</ele>
        <time>2026-09-05T13:02:39.000Z</time>
        <extensions>
          <ns3:TrackPointExtension>
            <ns3:hr>143</ns3:hr>
            <ns3:cad>85</ns3:cad>
          </ns3:TrackPointExtension>
        </extensions>
      </trkpt>
      <trkpt lat="31.16058611311018466949462890625" lon="121.19203702546656131744384765625">
        <ele>4.80000019073486328125</ele>
        <time>2026-09-05T13:02:40.000Z</time>
        <extensions>
          <ns3:TrackPointExtension>
            <ns3:hr>143</ns3:hr>
            <ns3:cad>85</ns3:cad>
          </ns3:TrackPointExtension>
        </extensions>
      </trkpt>
      <trkpt lat="31.16056666709482669830322265625" lon="121.19204591028392314910888671875">
        <ele>4.80000019073486328125</ele>
        <time>2026-09-05T13:02:41.000Z</time>
        <extensions>
          <ns3:TrackPointExtension>
            <ns3:hr>143</ns3:hr>
            <ns3:cad>85</ns3:cad>
          </ns3:TrackPointExtension>
        </extensions>
      </trkpt>
      <trkpt lat="31.16054604761302471160888671875" lon="121.192056722939014434814453125">
        <ele>4.599999904632568359375</ele>
        <time>2026-09-05T13:02:42.000Z</time>
        <extensions>
          <ns3:TrackPointExtension>
            <ns3:hr>143</ns3:hr>
            <ns3:cad>85</ns3:cad>
          </ns3:TrackPointExtension>
        </extensions>
      </trkpt>
      <trkpt lat="31.1605203151702880859375" lon="121.19206485338509082794189453125">
        <ele>4.599999904632568359375</ele>
        <time>2026-09-05T13:02:43.000Z</time>
        <extensions>
          <ns3:TrackPointExtension>
            <ns3:hr>143</ns3:hr>
            <ns3:cad>85</ns3:cad>
          </ns3:TrackPointExtension>
        </extensions>
      </trkpt>
      <trkpt lat="31.1605027131736278533935546875" lon="121.19207507930696010589599609375">
        <ele>4.80000019073486328125</ele>
        <time>2026-09-05T13:02:44.000Z</time>
        <extensions>
          <ns3:TrackPointExtension>
            <ns3:hr>144</ns3:hr>
            <ns3:cad>85</ns3:cad>
          </ns3:TrackPointExtension>
        </extensions>
      </trkpt>
      <trkpt lat="31.16047832183539867401123046875" lon="121.192079521715641021728515625">
        <ele>4.80000019073486328125</ele>
        <time>2026-09-05T13:02:45.000Z</time>
        <extensions>
          <ns3:TrackPointExtension>
            <ns3:hr>143</ns3:hr>
            <ns3:cad>85</ns3:cad>
          </ns3:TrackPointExtension>
        </extensions>
      </trkpt>
      <trkpt lat="31.16045736707746982574462890625" lon="121.19208496995270252227783203125">
        <ele>4.80000019073486328125</ele>
        <time>2026-09-05T13:02:46.000Z</time>
        <extensions>
          <ns3:TrackPointExtension>
            <ns3:hr>143</ns3:hr>
            <ns3:cad>86</ns3:cad>
          </ns3:TrackPointExtension>
        </extensions>
      </trkpt>
      <trkpt lat="31.1604326404631137847900390625" lon="121.1920917592942714691162109375">
        <ele>4.80000019073486328125</ele>
        <time>2026-09-05T13:02:47.000Z</time>
        <extensions>
          <ns3:TrackPointExtension>
            <ns3:hr>143</ns3:hr>
            <ns3:cad>87</ns3:cad>
          </ns3:TrackPointExtension>
        </extensions>
      </trkpt>
      <trkpt lat="31.1604158766567707061767578125" lon="121.19209972210228443145751953125">
        <ele>4.80000019073486328125</ele>
        <time>2026-09-05T13:02:48.000Z</time>
        <extensions>
          <ns3:TrackPointExtension>
            <ns3:hr>143</ns3:hr>
            <ns3:cad>87</ns3:cad>
          </ns3:TrackPointExtension>
        </extensions>
      </trkpt>
      <trkpt lat="31.16040028631687164306640625" lon="121.19210944510996341705322265625">
        <ele>4.80000019073486328125</ele>
        <time>2026-09-05T13:02:49.000Z</time>
        <extensions>
          <ns3:TrackPointExtension>
            <ns3:hr>143</ns3:hr>
            <ns3:cad>86</ns3:cad>
          </ns3:TrackPointExtension>
        </extensions>
      </trkpt>
      <trkpt lat="31.16038327105343341827392578125" lon="121.19211615063250064849853515625">
        <ele>4.80000019073486328125</ele>
        <time>2026-09-05T13:02:50.000Z</time>
        <extensions>
          <ns3:TrackPointExtension>
            <ns3:hr>143</ns3:hr>
            <ns3:cad>86</ns3:cad>
          </ns3:TrackPointExtension>
        </extensions>
      </trkpt>
      <trkpt lat="31.1603696085512638092041015625" lon="121.192124783992767333984375">
        <ele>4.80000019073486328125</ele>
        <time>2026-09-05T13:02:51.000Z</time>
        <extensions>
          <ns3:TrackPointExtension>
            <ns3:hr>143</ns3:hr>
            <ns3:cad>85</ns3:cad>
          </ns3:TrackPointExtension>
        </extensions>
      </trkpt>
      <trkpt lat="31.16034840233623981475830078125" lon="121.192137859761714935302734375">
        <ele>4.80000019073486328125</ele>
        <time>2026-09-05T13:02:52.000Z</time>
        <extensions>
          <ns3:TrackPointExtension>
            <ns3:hr>143</ns3:hr>
            <ns3:cad>85</ns3:cad>
          </ns3:TrackPointExtension>
        </extensions>
      </trkpt>
      <trkpt lat="31.1603357456624507904052734375" lon="121.19215152226388454437255859375">
        <ele>4.80000019073486328125</ele>
        <time>2026-09-05T13:02:53.000Z</time>
        <extensions>
          <ns3:TrackPointExtension>
            <ns3:hr>142</ns3:hr>
            <ns3:cad>86</ns3:cad>
          </ns3:TrackPointExtension>
        </extensions>
      </trkpt>
      <trkpt lat="31.16031504236161708831787109375" lon="121.19216208346188068389892578125">
        <ele>4.80000019073486328125</ele>
        <time>2026-09-05T13:02:54.000Z</time>
        <extensions>
          <ns3:TrackPointExtension>
            <ns3:hr>143</ns3:hr>
            <ns3:cad>86</ns3:cad>
          </ns3:TrackPointExtension>
        </extensions>
      </trkpt>
      <trkpt lat="31.16029660217463970184326171875" lon="121.1921715550124645233154296875">
        <ele>4.80000019073486328125</ele>
        <time>2026-09-05T13:02:55.000Z</time>
        <extensions>
          <ns3:TrackPointExtension>
            <ns3:hr>143</ns3:hr>
            <ns3:cad>86</ns3:cad>
          </ns3:TrackPointExtension>
        </extensions>
      </trkpt>
      <trkpt lat="31.160279251635074615478515625" lon="121.19218043982982635498046875">
        <ele>4.80000019073486328125</ele>
        <time>2026-09-05T13:02:56.000Z</time>
        <extensions>
          <ns3:TrackPointExtension>
            <ns3:hr>143</ns3:hr>
            <ns3:cad>85</ns3:cad>
          </ns3:TrackPointExtension>
        </extensions>
      </trkpt>
      <trkpt lat="31.16025804542005062103271484375" lon="121.19218907319009304046630859375">
        <ele>4.80000019073486328125</ele>
        <time>2026-09-05T13:02:57.000Z</time>
        <extensions>
          <ns3:TrackPointExtension>
            <ns3:hr>143</ns3:hr>
            <ns3:cad>85</ns3:cad>
          </ns3:TrackPointExtension>
        </extensions>
      </trkpt>
      <trkpt lat="31.16024061106145381927490234375" lon="121.1921980418264865875244140625">
        <ele>4.80000019073486328125</ele>
        <time>2026-09-05T13:02:58.000Z</time>
        <extensions>
          <ns3:TrackPointExtension>
            <ns3:hr>143</ns3:hr>
            <ns3:cad>85</ns3:cad>
          </ns3:TrackPointExtension>
        </extensions>
      </trkpt>
      <trkpt lat="31.16021647118031978607177734375" lon="121.1922104470431804656982421875">
        <ele>4.80000019073486328125</ele>
        <time>2026-09-05T13:02:59.000Z</time>
        <extensions>
          <ns3:TrackPointExtension>
            <ns3:hr>143</ns3:hr>
            <ns3:cad>86</ns3:cad>
          </ns3:TrackPointExtension>
        </extensions>
      </trkpt>
      <trkpt lat="31.16019953973591327667236328125" lon="121.192222349345684051513671875">
        <ele>4.80000019073486328125</ele>
        <time>2026-09-05T13:03:00.000Z</time>
        <extensions>
          <ns3:TrackPointExtension>
            <ns3:hr>143</ns3:hr>
            <ns3:cad>86</ns3:cad>
          </ns3:TrackPointExtension>
        </extensions>
      </trkpt>
      <trkpt lat="31.1601774953305721282958984375" lon="121.19223835878074169158935546875">
        <ele>4.80000019073486328125</ele>
        <time>2026-09-05T13:03:01.000Z</time>
        <extensions>
          <ns3:TrackPointExtension>
            <ns3:hr>143</ns3:hr>
            <ns3:cad>86</ns3:cad>
          </ns3:TrackPointExtension>
        </extensions>
      </trkpt>
      <trkpt lat="31.16015796549618244171142578125" lon="121.19224975816905498504638671875">
        <ele>4.80000019073486328125</ele>
        <time>2026-09-05T13:03:02.000Z</time>
        <extensions>
          <ns3:TrackPointExtension>
            <ns3:hr>144</ns3:hr>
            <ns3:cad>86</ns3:cad>
          </ns3:TrackPointExtension>
        </extensions>
      </trkpt>
      <trkpt lat="31.16014153696596622467041015625" lon="121.19226350449025630950927734375">
        <ele>4.80000019073486328125</ele>
        <time>2026-09-05T13:03:03.000Z</time>
        <extensions>
          <ns3:TrackPointExtension>
            <ns3:hr>144</ns3:hr>
            <ns3:cad>85</ns3:cad>
          </ns3:TrackPointExtension>
        </extensions>
      </trkpt>
      <trkpt lat="31.16011940874159336090087890625" lon="121.19227959774434566497802734375">
        <ele>4.80000019073486328125</ele>
        <time>2026-09-05T13:03:04.000Z</time>
        <extensions>
          <ns3:TrackPointExtension>
            <ns3:hr>144</ns3:hr>
            <ns3:cad>85</ns3:cad>
          </ns3:TrackPointExtension>
        </extensions>
      </trkpt>
      <trkpt lat="31.16010298021137714385986328125" lon="121.19229183532297611236572265625">
        <ele>4.80000019073486328125</ele>
        <time>2026-09-05T13:03:05.000Z</time>
        <extensions>
          <ns3:TrackPointExtension>
            <ns3:hr>144</ns3:hr>
            <ns3:cad>85</ns3:cad>
          </ns3:TrackPointExtension>
        </extensions>
      </trkpt>
      <trkpt lat="31.1600799299776554107666015625" lon="121.1923043243587017059326171875">
        <ele>4.80000019073486328125</ele>
        <time>2026-09-05T13:03:06.000Z</time>
        <extensions>
          <ns3:TrackPointExtension>
            <ns3:hr>144</ns3:hr>
            <ns3:cad>85</ns3:cad>
          </ns3:TrackPointExtension>
        </extensions>
      </trkpt>
      <trkpt lat="31.16006660275161266326904296875" lon="121.1923138797283172607421875">
        <ele>4.80000019073486328125</ele>
        <time>2026-09-05T13:03:07.000Z</time>
        <extensions>
          <ns3:TrackPointExtension>
            <ns3:hr>144</ns3:hr>
            <ns3:cad>86</ns3:cad>
          </ns3:TrackPointExtension>
        </extensions>
      </trkpt>
      <trkpt lat="31.16004883311688899993896484375" lon="121.1923287995159626007080078125">
        <ele>4.80000019073486328125</ele>
        <time>2026-09-05T13:03:08.000Z</time>
        <extensions>
          <ns3:TrackPointExtension>
            <ns3:hr>144</ns3:hr>
            <ns3:cad>86</ns3:cad>
          </ns3:TrackPointExtension>
        </extensions>
      </trkpt>
      <trkpt lat="31.16003223694860935211181640625" lon="121.19234128855168819427490234375">
        <ele>4.80000019073486328125</ele>
        <time>2026-09-05T13:03:09.000Z</time>
        <extensions>
          <ns3:TrackPointExtension>
            <ns3:hr>144</ns3:hr>
            <ns3:cad>86</ns3:cad>
          </ns3:TrackPointExtension>
        </extensions>
      </trkpt>
      <trkpt lat="31.16001329384744167327880859375" lon="121.1923542805016040802001953125">
        <ele>4.80000019073486328125</ele>
        <time>2026-09-05T13:03:10.000Z</time>
        <extensions>
          <ns3:TrackPointExtension>
            <ns3:hr>144</ns3:hr>
            <ns3:cad>86</ns3:cad>
          </ns3:TrackPointExtension>
        </extensions>
      </trkpt>
      <trkpt lat="31.159994602203369140625" lon="121.19236727245151996612548828125">
        <ele>4.80000019073486328125</ele>
        <time>2026-09-05T13:03:11.000Z</time>
        <extensions>
          <ns3:TrackPointExtension>
            <ns3:hr>144</ns3:hr>
            <ns3:cad>86</ns3:cad>
          </ns3:TrackPointExtension>
        </extensions>
      </trkpt>
      <trkpt lat="31.1599776707589626312255859375" lon="121.19238135404884815216064453125">
        <ele>4.80000019073486328125</ele>
        <time>2026-09-05T13:03:12.000Z</time>
        <extensions>
          <ns3:TrackPointExtension>
            <ns3:hr>144</ns3:hr>
            <ns3:cad>86</ns3:cad>
          </ns3:TrackPointExtension>
        </extensions>
      </trkpt>
      <trkpt lat="31.159956045448780059814453125" lon="121.19239727966487407684326171875">
        <ele>4.80000019073486328125</ele>
        <time>2026-09-05T13:03:13.000Z</time>
        <extensions>
          <ns3:TrackPointExtension>
            <ns3:hr>144</ns3:hr>
            <ns3:cad>86</ns3:cad>
          </ns3:TrackPointExtension>
        </extensions>
      </trkpt>
      <trkpt lat="31.1599404551088809967041015625" lon="121.19241186417639255523681640625">
        <ele>4.80000019073486328125</ele>
        <time>2026-09-05T13:03:14.000Z</time>
        <extensions>
          <ns3:TrackPointExtension>
            <ns3:hr>144</ns3:hr>
            <ns3:cad>86</ns3:cad>
          </ns3:TrackPointExtension>
        </extensions>
      </trkpt>
      <trkpt lat="31.1599173210561275482177734375" lon="121.1924265325069427490234375">
        <ele>4.80000019073486328125</ele>
        <time>2026-09-05T13:03:15.000Z</time>
        <extensions>
          <ns3:TrackPointExtension>
            <ns3:hr>144</ns3:hr>
            <ns3:cad>86</ns3:cad>
          </ns3:TrackPointExtension>
        </extensions>
      </trkpt>
      <trkpt lat="31.15990315563976764678955078125" lon="121.19244321249425411224365234375">
        <ele>4.80000019073486328125</ele>
        <time>2026-09-05T13:03:16.000Z</time>
        <extensions>
          <ns3:TrackPointExtension>
            <ns3:hr>144</ns3:hr>
            <ns3:cad>86</ns3:cad>
          </ns3:TrackPointExtension>
        </extensions>
      </trkpt>
      <trkpt lat="31.1598811112344264984130859375" lon="121.19246198795735836029052734375">
        <ele>4.80000019073486328125</ele>
        <time>2026-09-05T13:03:17.000Z</time>
        <extensions>
          <ns3:TrackPointExtension>
            <ns3:hr>144</ns3:hr>
            <ns3:cad>86</ns3:cad>
          </ns3:TrackPointExtension>
        </extensions>
      </trkpt>
      <trkpt lat="31.15986677818000316619873046875" lon="121.192479841411113739013671875">
        <ele>4.80000019073486328125</ele>
        <time>2026-09-05T13:03:18.000Z</time>
        <extensions>
          <ns3:TrackPointExtension>
            <ns3:hr>144</ns3:hr>
            <ns3:cad>86</ns3:cad>
          </ns3:TrackPointExtension>
        </extensions>
      </trkpt>
      <trkpt lat="31.15984431467950344085693359375" lon="121.19250155054032802581787109375">
        <ele>4.599999904632568359375</ele>
        <time>2026-09-05T13:03:19.000Z</time>
        <extensions>
          <ns3:TrackPointExtension>
            <ns3:hr>145</ns3:hr>
            <ns3:cad>87</ns3:cad>
          </ns3:TrackPointExtension>
        </extensions>
      </trkpt>
      <trkpt lat="31.15982872433960437774658203125" lon="121.1925142072141170501708984375">
        <ele>4.599999904632568359375</ele>
        <time>2026-09-05T13:03:20.000Z</time>
        <extensions>
          <ns3:TrackPointExtension>
            <ns3:hr>145</ns3:hr>
            <ns3:cad>87</ns3:cad>
          </ns3:TrackPointExtension>
        </extensions>
      </trkpt>
      <trkpt lat="31.1598033271729946136474609375" lon="121.19252636097371578216552734375">
        <ele>4.599999904632568359375</ele>
        <time>2026-09-05T13:03:21.000Z</time>
        <extensions>
          <ns3:TrackPointExtension>
            <ns3:hr>145</ns3:hr>
            <ns3:cad>88</ns3:cad>
          </ns3:TrackPointExtension>
        </extensions>
      </trkpt>
      <trkpt lat="31.159783042967319488525390625" lon="121.19253180921077728271484375">
        <ele>4.599999904632568359375</ele>
        <time>2026-09-05T13:03:22.000Z</time>
        <extensions>
          <ns3:TrackPointExtension>
            <ns3:hr>145</ns3:hr>
            <ns3:cad>89</ns3:cad>
          </ns3:TrackPointExtension>
        </extensions>
      </trkpt>
      <trkpt lat="31.15976460278034210205078125" lon="121.19253910146653652191162109375">
        <ele>4.599999904632568359375</ele>
        <time>2026-09-05T13:03:23.000Z</time>
        <extensions>
          <ns3:TrackPointExtension>
            <ns3:hr>145</ns3:hr>
            <ns3:cad>89</ns3:cad>
          </ns3:TrackPointExtension>
        </extensions>
      </trkpt>
      <trkpt lat="31.15974172018468379974365234375" lon="121.19254597462713718414306640625">
        <ele>4.80000019073486328125</ele>
        <time>2026-09-05T13:03:24.000Z</time>
        <extensions>
          <ns3:TrackPointExtension>
            <ns3:hr>145</ns3:hr>
            <ns3:cad>88</ns3:cad>
          </ns3:TrackPointExtension>
        </extensions>
      </trkpt>
      <trkpt lat="31.15972814150154590606689453125" lon="121.192557625472545623779296875">
        <ele>4.80000019073486328125</ele>
        <time>2026-09-05T13:03:25.000Z</time>
        <extensions>
          <ns3:TrackPointExtension>
            <ns3:hr>146</ns3:hr>
            <ns3:cad>88</ns3:cad>
          </ns3:TrackPointExtension>
        </extensions>
      </trkpt>
      <trkpt lat="31.15970266051590442657470703125" lon="121.19256910867989063262939453125">
        <ele>4.80000019073486328125</ele>
        <time>2026-09-05T13:03:26.000Z</time>
        <extensions>
          <ns3:TrackPointExtension>
            <ns3:hr>146</ns3:hr>
            <ns3:cad>87</ns3:cad>
          </ns3:TrackPointExtension>
        </extensions>
      </trkpt>
      <trkpt lat="31.1596839688718318939208984375" lon="121.19257866404950618743896484375">
        <ele>4.80000019073486328125</ele>
        <time>2026-09-05T13:03:27.000Z</time>
        <extensions>
          <ns3:TrackPointExtension>
            <ns3:hr>146</ns3:hr>
            <ns3:cad>86</ns3:cad>
          </ns3:TrackPointExtension>
        </extensions>
      </trkpt>
      <trkpt lat="31.15966058336198329925537109375" lon="121.192589141428470611572265625">
        <ele>4.80000019073486328125</ele>
        <time>2026-09-05T13:03:28.000Z</time>
        <extensions>
          <ns3:TrackPointExtension>
            <ns3:hr>145</ns3:hr>
            <ns3:cad>86</ns3:cad>
          </ns3:TrackPointExtension>
        </extensions>
      </trkpt>
      <trkpt lat="31.15963962860405445098876953125" lon="121.19259743951261043548583984375">
        <ele>4.80000019073486328125</ele>
        <time>2026-09-05T13:03:29.000Z</time>
        <extensions>
          <ns3:TrackPointExtension>
            <ns3:hr>146</ns3:hr>
            <ns3:cad>86</ns3:cad>
          </ns3:TrackPointExtension>
        </extensions>
      </trkpt>
      <trkpt lat="31.15961532108485698699951171875" lon="121.19260565377771854400634765625">
        <ele>4.80000019073486328125</ele>
        <time>2026-09-05T13:03:30.000Z</time>
        <extensions>
          <ns3:TrackPointExtension>
            <ns3:hr>146</ns3:hr>
            <ns3:cad>86</ns3:cad>
          </ns3:TrackPointExtension>
        </extensions>
      </trkpt>
      <trkpt lat="31.1595921032130718231201171875" lon="121.19261437095701694488525390625">
        <ele>4.80000019073486328125</ele>
        <time>2026-09-05T13:03:31.000Z</time>
        <extensions>
          <ns3:TrackPointExtension>
            <ns3:hr>145</ns3:hr>
            <ns3:cad>86</ns3:cad>
          </ns3:TrackPointExtension>
        </extensions>
      </trkpt>
      <trkpt lat="31.15956955589354038238525390625" lon="121.192624680697917938232421875">
        <ele>4.80000019073486328125</ele>
        <time>2026-09-05T13:03:32.000Z</time>
        <extensions>
          <ns3:TrackPointExtension>
            <ns3:hr>146</ns3:hr>
            <ns3:cad>86</ns3:cad>
          </ns3:TrackPointExtension>
        </extensions>
      </trkpt>
      <trkpt lat="31.15954734385013580322265625" lon="121.1926385946571826934814453125">
        <ele>4.80000019073486328125</ele>
        <time>2026-09-05T13:03:33.000Z</time>
        <extensions>
          <ns3:TrackPointExtension>
            <ns3:hr>146</ns3:hr>
            <ns3:cad>87</ns3:cad>
          </ns3:TrackPointExtension>
        </extensions>
      </trkpt>
      <trkpt lat="31.159525550901889801025390625" lon="121.19264588691294193267822265625">
        <ele>4.80000019073486328125</ele>
        <time>2026-09-05T13:03:34.000Z</time>
        <extensions>
          <ns3:TrackPointExtension>
            <ns3:hr>145</ns3:hr>
            <ns3:cad>87</ns3:cad>
          </ns3:TrackPointExtension>
        </extensions>
      </trkpt>
      <trkpt lat="31.15950115956366062164306640625" lon="121.19265024550259113311767578125">
        <ele>4.80000019073486328125</ele>
        <time>2026-09-05T13:03:35.000Z</time>
        <extensions>
          <ns3:TrackPointExtension>
            <ns3:hr>146</ns3:hr>
            <ns3:cad>88</ns3:cad>
          </ns3:TrackPointExtension>
        </extensions>
      </trkpt>
      <trkpt lat="31.159481965005397796630859375" lon="121.192654184997081756591796875">
        <ele>4.80000019073486328125</ele>
        <time>2026-09-05T13:03:36.000Z</time>
        <extensions>
          <ns3:TrackPointExtension>
            <ns3:hr>146</ns3:hr>
            <ns3:cad>88</ns3:cad>
          </ns3:TrackPointExtension>
        </extensions>
      </trkpt>
      <trkpt lat="31.1594596691429615020751953125" lon="121.19266055524349212646484375">
        <ele>4.80000019073486328125</ele>
        <time>2026-09-05T13:03:37.000Z</time>
        <extensions>
          <ns3:TrackPointExtension>
            <ns3:hr>145</ns3:hr>
            <ns3:cad>88</ns3:cad>
          </ns3:TrackPointExtension>
        </extensions>
      </trkpt>
      <trkpt lat="31.15944181568920612335205078125" lon="121.1926679313182830810546875">
        <ele>4.80000019073486328125</ele>
        <time>2026-09-05T13:03:38.000Z</time>
        <extensions>
          <ns3:TrackPointExtension>
            <ns3:hr>146</ns3:hr>
            <ns3:cad>87</ns3:cad>
          </ns3:TrackPointExtension>
        </extensions>
      </trkpt>
      <trkpt lat="31.15942169912159442901611328125" lon="121.19267555885016918182373046875">
        <ele>4.80000019073486328125</ele>
        <time>2026-09-05T13:03:39.000Z</time>
        <extensions>
          <ns3:TrackPointExtension>
            <ns3:hr>146</ns3:hr>
            <ns3:cad>87</ns3:cad>
          </ns3:TrackPointExtension>
        </extensions>
      </trkpt>
      <trkpt lat="31.1594006605446338653564453125" lon="121.1926865391433238983154296875">
        <ele>4.80000019073486328125</ele>
        <time>2026-09-05T13:03:40.000Z</time>
        <extensions>
          <ns3:TrackPointExtension>
            <ns3:hr>145</ns3:hr>
            <ns3:cad>87</ns3:cad>
          </ns3:TrackPointExtension>
        </extensions>
      </trkpt>
      <trkpt lat="31.1593818850815296173095703125" lon="121.19269542396068572998046875">
        <ele>4.80000019073486328125</ele>
        <time>2026-09-05T13:03:41.000Z</time>
        <extensions>
          <ns3:TrackPointExtension>
            <ns3:hr>145</ns3:hr>
            <ns3:cad>87</ns3:cad>
          </ns3:TrackPointExtension>
        </extensions>
      </trkpt>
      <trkpt lat="31.1593597568571567535400390625" lon="121.192703135311603546142578125">
        <ele>4.80000019073486328125</ele>
        <time>2026-09-05T13:03:42.000Z</time>
        <extensions>
          <ns3:TrackPointExtension>
            <ns3:hr>146</ns3:hr>
            <ns3:cad>87</ns3:cad>
          </ns3:TrackPointExtension>
        </extensions>
      </trkpt>
      <trkpt lat="31.15933938883244991302490234375" lon="121.1927100084722042083740234375">
        <ele>4.80000019073486328125</ele>
        <time>2026-09-05T13:03:43.000Z</time>
        <extensions>
          <ns3:TrackPointExtension>
            <ns3:hr>146</ns3:hr>
            <ns3:cad>87</ns3:cad>
          </ns3:TrackPointExtension>
        </extensions>
      </trkpt>
      <trkpt lat="31.1593144945800304412841796875" lon="121.192720234394073486328125">
        <ele>4.80000019073486328125</ele>
        <time>2026-09-05T13:03:44.000Z</time>
        <extensions>
          <ns3:TrackPointExtension>
            <ns3:hr>146</ns3:hr>
            <ns3:cad>87</ns3:cad>
          </ns3:TrackPointExtension>
        </extensions>
      </trkpt>
      <trkpt lat="31.15929747931659221649169921875" lon="121.1927281133830547332763671875">
        <ele>4.80000019073486328125</ele>
        <time>2026-09-05T13:03:45.000Z</time>
        <extensions>
          <ns3:TrackPointExtension>
            <ns3:hr>145</ns3:hr>
            <ns3:cad>86</ns3:cad>
          </ns3:TrackPointExtension>
        </extensions>
      </trkpt>
      <trkpt lat="31.1592695675790309906005859375" lon="121.1927318014204502105712890625">
        <ele>4.80000019073486328125</ele>
        <time>2026-09-05T13:03:46.000Z</time>
        <extensions>
          <ns3:TrackPointExtension>
            <ns3:hr>146</ns3:hr>
            <ns3:cad>86</ns3:cad>
          </ns3:TrackPointExtension>
        </extensions>
      </trkpt>
      <trkpt lat="31.15924894809722900390625" lon="121.19273674674332141876220703125">
        <ele>4.80000019073486328125</ele>
        <time>2026-09-05T13:03:47.000Z</time>
        <extensions>
          <ns3:TrackPointExtension>
            <ns3:hr>146</ns3:hr>
            <ns3:cad>87</ns3:cad>
          </ns3:TrackPointExtension>
        </extensions>
      </trkpt>
      <trkpt lat="31.15922271274030208587646484375" lon="121.192745380103588104248046875">
        <ele>4.80000019073486328125</ele>
        <time>2026-09-05T13:03:48.000Z</time>
        <extensions>
          <ns3:TrackPointExtension>
            <ns3:hr>146</ns3:hr>
            <ns3:cad>87</ns3:cad>
          </ns3:TrackPointExtension>
        </extensions>
      </trkpt>
      <trkpt lat="31.15920276381075382232666015625" lon="121.19275040924549102783203125">
        <ele>4.599999904632568359375</ele>
        <time>2026-09-05T13:03:49.000Z</time>
        <extensions>
          <ns3:TrackPointExtension>
            <ns3:hr>145</ns3:hr>
            <ns3:cad>87</ns3:cad>
          </ns3:TrackPointExtension>
        </extensions>
      </trkpt>
      <trkpt lat="31.15918097086250782012939453125" lon="121.1927559413015842437744140625">
        <ele>4.599999904632568359375</ele>
        <time>2026-09-05T13:03:50.000Z</time>
        <extensions>
          <ns3:TrackPointExtension>
            <ns3:hr>146</ns3:hr>
            <ns3:cad>86</ns3:cad>
          </ns3:TrackPointExtension>
        </extensions>
      </trkpt>
      <trkpt lat="31.1591616086661815643310546875" lon="121.1927633173763751983642578125">
        <ele>4.599999904632568359375</ele>
        <time>2026-09-05T13:03:51.000Z</time>
        <extensions>
          <ns3:TrackPointExtension>
            <ns3:hr>146</ns3:hr>
            <ns3:cad>86</ns3:cad>
          </ns3:TrackPointExtension>
        </extensions>
      </trkpt>
      <trkpt lat="31.15914777852594852447509765625" lon="121.192767508327960968017578125">
        <ele>4.599999904632568359375</ele>
        <time>2026-09-05T13:03:52.000Z</time>
        <extensions>
          <ns3:TrackPointExtension>
            <ns3:hr>145</ns3:hr>
            <ns3:cad>86</ns3:cad>
          </ns3:TrackPointExtension>
        </extensions>
      </trkpt>
      <trkpt lat="31.15912280045449733734130859375" lon="121.19277128018438816070556640625">
        <ele>4.599999904632568359375</ele>
        <time>2026-09-05T13:03:53.000Z</time>
        <extensions>
          <ns3:TrackPointExtension>
            <ns3:hr>146</ns3:hr>
            <ns3:cad>86</ns3:cad>
          </ns3:TrackPointExtension>
        </extensions>
      </trkpt>
      <trkpt lat="31.159105114638805389404296875" lon="121.19277915917336940765380859375">
        <ele>4.599999904632568359375</ele>
        <time>2026-09-05T13:03:54.000Z</time>
        <extensions>
          <ns3:TrackPointExtension>
            <ns3:hr>146</ns3:hr>
            <ns3:cad>87</ns3:cad>
          </ns3:TrackPointExtension>
        </extensions>
      </trkpt>
      <trkpt lat="31.15907787345349788665771484375" lon="121.19278284721076488494873046875">
        <ele>4.599999904632568359375</ele>
        <time>2026-09-05T13:03:55.000Z</time>
        <extensions>
          <ns3:TrackPointExtension>
            <ns3:hr>145</ns3:hr>
            <ns3:cad>87</ns3:cad>
          </ns3:TrackPointExtension>
        </extensions>
      </trkpt>
      <trkpt lat="31.15906178019940853118896484375" lon="121.1927901394665241241455078125">
        <ele>4.599999904632568359375</ele>
        <time>2026-09-05T13:03:56.000Z</time>
        <extensions>
          <ns3:TrackPointExtension>
            <ns3:hr>145</ns3:hr>
            <ns3:cad>87</ns3:cad>
          </ns3:TrackPointExtension>
        </extensions>
      </trkpt>
      <trkpt lat="31.1590375564992427825927734375" lon="121.1927988566458225250244140625">
        <ele>4.599999904632568359375</ele>
        <time>2026-09-05T13:03:57.000Z</time>
        <extensions>
          <ns3:TrackPointExtension>
            <ns3:hr>145</ns3:hr>
            <ns3:cad>87</ns3:cad>
          </ns3:TrackPointExtension>
        </extensions>
      </trkpt>
      <trkpt lat="31.159017942845821380615234375" lon="121.19280396960675716400146484375">
        <ele>4.599999904632568359375</ele>
        <time>2026-09-05T13:03:58.000Z</time>
        <extensions>
          <ns3:TrackPointExtension>
            <ns3:hr>145</ns3:hr>
            <ns3:cad>87</ns3:cad>
          </ns3:TrackPointExtension>
        </extensions>
      </trkpt>
      <trkpt lat="31.158997155725955963134765625" lon="121.19280807673931121826171875">
        <ele>4.599999904632568359375</ele>
        <time>2026-09-05T13:03:59.000Z</time>
        <extensions>
          <ns3:TrackPointExtension>
            <ns3:hr>146</ns3:hr>
            <ns3:cad>86</ns3:cad>
          </ns3:TrackPointExtension>
        </extensions>
      </trkpt>
      <trkpt lat="31.1589758656919002532958984375" lon="121.192811094224452972412109375">
        <ele>4.599999904632568359375</ele>
        <time>2026-09-05T13:04:00.000Z</time>
        <extensions>
          <ns3:TrackPointExtension>
            <ns3:hr>145</ns3:hr>
            <ns3:cad>86</ns3:cad>
          </ns3:TrackPointExtension>
        </extensions>
      </trkpt>
      <trkpt lat="31.1589574255049228668212890625" lon="121.19281771592795848846435546875">
        <ele>4.599999904632568359375</ele>
        <time>2026-09-05T13:04:01.000Z</time>
        <extensions>
          <ns3:TrackPointExtension>
            <ns3:hr>145</ns3:hr>
            <ns3:cad>87</ns3:cad>
          </ns3:TrackPointExtension>
        </extensions>
      </trkpt>
      <trkpt lat="31.158932112157344818115234375" lon="121.19281905703246593475341796875">
        <ele>4.599999904632568359375</ele>
        <time>2026-09-05T13:04:02.000Z</time>
        <extensions>
          <ns3:TrackPointExtension>
            <ns3:hr>146</ns3:hr>
            <ns3:cad>88</ns3:cad>
          </ns3:TrackPointExtension>
        </extensions>
      </trkpt>
      <trkpt lat="31.15891040302813053131103515625" lon="121.192821823060512542724609375">
        <ele>4.599999904632568359375</ele>
        <time>2026-09-05T13:04:03.000Z</time>
        <extensions>
          <ns3:TrackPointExtension>
            <ns3:hr>145</ns3:hr>
            <ns3:cad>88</ns3:cad>
          </ns3:TrackPointExtension>
        </extensions>
      </trkpt>
      <trkpt lat="31.15887989290058612823486328125" lon="121.1928246729075908660888671875">
        <ele>4.599999904632568359375</ele>
        <time>2026-09-05T13:04:04.000Z</time>
        <extensions>
          <ns3:TrackPointExtension>
            <ns3:hr>145</ns3:hr>
            <ns3:cad>88</ns3:cad>
          </ns3:TrackPointExtension>
        </extensions>
      </trkpt>
      <trkpt lat="31.158860027790069580078125" lon="121.19283087551593780517578125">
        <ele>4.599999904632568359375</ele>
        <time>2026-09-05T13:04:05.000Z</time>
        <extensions>
          <ns3:TrackPointExtension>
            <ns3:hr>146</ns3:hr>
            <ns3:cad>87</ns3:cad>
          </ns3:TrackPointExtension>
        </extensions>
      </trkpt>
      <trkpt lat="31.158832199871540069580078125" lon="121.19283447973430156707763671875">
        <ele>4.599999904632568359375</ele>
        <time>2026-09-05T13:04:06.000Z</time>
        <extensions>
          <ns3:TrackPointExtension>
            <ns3:hr>145</ns3:hr>
            <ns3:cad>86</ns3:cad>
          </ns3:TrackPointExtension>
        </extensions>
      </trkpt>
      <trkpt lat="31.1588092334568500518798828125" lon="121.1928422749042510986328125">
        <ele>4.599999904632568359375</ele>
        <time>2026-09-05T13:04:07.000Z</time>
        <extensions>
          <ns3:TrackPointExtension>
            <ns3:hr>145</ns3:hr>
            <ns3:cad>86</ns3:cad>
          </ns3:TrackPointExtension>
        </extensions>
      </trkpt>
      <trkpt lat="31.1587840877473354339599609375" lon="121.19284587912261486053466796875">
        <ele>4.599999904632568359375</ele>
        <time>2026-09-05T13:04:08.000Z</time>
        <extensions>
          <ns3:TrackPointExtension>
            <ns3:hr>146</ns3:hr>
            <ns3:cad>87</ns3:cad>
          </ns3:TrackPointExtension>
        </extensions>
      </trkpt>
      <trkpt lat="31.1587629653513431549072265625" lon="121.19285124354064464569091796875">
        <ele>4.599999904632568359375</ele>
        <time>2026-09-05T13:04:09.000Z</time>
        <extensions>
          <ns3:TrackPointExtension>
            <ns3:hr>146</ns3:hr>
            <ns3:cad>87</ns3:cad>
          </ns3:TrackPointExtension>
        </extensions>
      </trkpt>
      <trkpt lat="31.15874108858406543731689453125" lon="121.19285593740642070770263671875">
        <ele>4.599999904632568359375</ele>
        <time>2026-09-05T13:04:10.000Z</time>
        <extensions>
          <ns3:TrackPointExtension>
            <ns3:hr>146</ns3:hr>
            <ns3:cad>88</ns3:cad>
          </ns3:TrackPointExtension>
        </extensions>
      </trkpt>
      <trkpt lat="31.15871946327388286590576171875" lon="121.192858703434467315673828125">
        <ele>4.599999904632568359375</ele>
        <time>2026-09-05T13:04:11.000Z</time>
        <extensions>
          <ns3:TrackPointExtension>
            <ns3:hr>146</ns3:hr>
            <ns3:cad>88</ns3:cad>
          </ns3:TrackPointExtension>
        </extensions>
      </trkpt>
      <trkpt lat="31.158698759973049163818359375" lon="121.1928602121770381927490234375">
        <ele>4.599999904632568359375</ele>
        <time>2026-09-05T13:04:12.000Z</time>
        <extensions>
          <ns3:TrackPointExtension>
            <ns3:hr>145</ns3:hr>
            <ns3:cad>86</ns3:cad>
          </ns3:TrackPointExtension>
        </extensions>
      </trkpt>
      <trkpt lat="31.15867336280643939971923828125" lon="121.19285929016768932342529296875">
        <ele>4.599999904632568359375</ele>
        <time>2026-09-05T13:04:13.000Z</time>
        <extensions>
          <ns3:TrackPointExtension>
            <ns3:hr>146</ns3:hr>
            <ns3:cad>86</ns3:cad>
          </ns3:TrackPointExtension>
        </extensions>
      </trkpt>
      <trkpt lat="31.15865089930593967437744140625" lon="121.19286214001476764678955078125">
        <ele>4.599999904632568359375</ele>
        <time>2026-09-05T13:04:14.000Z</time>
        <extensions>
          <ns3:TrackPointExtension>
            <ns3:hr>146</ns3:hr>
            <ns3:cad>86</ns3:cad>
          </ns3:TrackPointExtension>
        </extensions>
      </trkpt>
      <trkpt lat="31.1586228199303150177001953125" lon="121.19286247529089450836181640625">
        <ele>4.599999904632568359375</ele>
        <time>2026-09-05T13:04:15.000Z</time>
        <extensions>
          <ns3:TrackPointExtension>
            <ns3:hr>145</ns3:hr>
            <ns3:cad>87</ns3:cad>
          </ns3:TrackPointExtension>
        </extensions>
      </trkpt>
      <trkpt lat="31.1586053855717182159423828125" lon="121.19286331348121166229248046875">
        <ele>4.599999904632568359375</ele>
        <time>2026-09-05T13:04:16.000Z</time>
        <extensions>
          <ns3:TrackPointExtension>
            <ns3:hr>146</ns3:hr>
            <ns3:cad>88</ns3:cad>
          </ns3:TrackPointExtension>
        </extensions>
      </trkpt>
      <trkpt lat="31.15858200006186962127685546875" lon="121.19286817498505115509033203125">
        <ele>4.599999904632568359375</ele>
        <time>2026-09-05T13:04:17.000Z</time>
        <extensions>
          <ns3:TrackPointExtension>
            <ns3:hr>146</ns3:hr>
            <ns3:cad>88</ns3:cad>
          </ns3:TrackPointExtension>
        </extensions>
      </trkpt>
      <trkpt lat="31.15856322459876537322998046875" lon="121.19287085719406604766845703125">
        <ele>4.599999904632568359375</ele>
        <time>2026-09-05T13:04:18.000Z</time>
        <extensions>
          <ns3:TrackPointExtension>
            <ns3:hr>145</ns3:hr>
            <ns3:cad>87</ns3:cad>
          </ns3:TrackPointExtension>
        </extensions>
      </trkpt>
      <trkpt lat="31.1585395038127899169921875" lon="121.19287437759339809417724609375">
        <ele>4.599999904632568359375</ele>
        <time>2026-09-05T13:04:19.000Z</time>
        <extensions>
          <ns3:TrackPointExtension>
            <ns3:hr>146</ns3:hr>
            <ns3:cad>86</ns3:cad>
          </ns3:TrackPointExtension>
        </extensions>
      </trkpt>
      <trkpt lat="31.1585168726742267608642578125" lon="121.19287571869790554046630859375">
        <ele>4.599999904632568359375</ele>
        <time>2026-09-05T13:04:20.000Z</time>
        <extensions>
          <ns3:TrackPointExtension>
            <ns3:hr>146</ns3:hr>
            <ns3:cad>86</ns3:cad>
          </ns3:TrackPointExtension>
        </extensions>
      </trkpt>
      <trkpt lat="31.15849683992564678192138671875" lon="121.1928746290504932403564453125">
        <ele>4.599999904632568359375</ele>
        <time>2026-09-05T13:04:21.000Z</time>
        <extensions>
          <ns3:TrackPointExtension>
            <ns3:hr>145</ns3:hr>
            <ns3:cad>86</ns3:cad>
          </ns3:TrackPointExtension>
        </extensions>
      </trkpt>
      <trkpt lat="31.1584729515016078948974609375" lon="121.1928736232221126556396484375">
        <ele>4.599999904632568359375</ele>
        <time>2026-09-05T13:04:22.000Z</time>
        <extensions>
          <ns3:TrackPointExtension>
            <ns3:hr>146</ns3:hr>
            <ns3:cad>87</ns3:cad>
          </ns3:TrackPointExtension>
        </extensions>
      </trkpt>
      <trkpt lat="31.158452667295932769775390625" lon="121.19287781417369842529296875">
        <ele>4.599999904632568359375</ele>
        <time>2026-09-05T13:04:23.000Z</time>
        <extensions>
          <ns3:TrackPointExtension>
            <ns3:hr>146</ns3:hr>
            <ns3:cad>87</ns3:cad>
          </ns3:TrackPointExtension>
        </extensions>
      </trkpt>
      <trkpt lat="31.15842559374868869781494140625" lon="121.1928749643266201019287109375">
        <ele>4.599999904632568359375</ele>
        <time>2026-09-05T13:04:24.000Z</time>
        <extensions>
          <ns3:TrackPointExtension>
            <ns3:hr>145</ns3:hr>
            <ns3:cad>87</ns3:cad>
          </ns3:TrackPointExtension>
        </extensions>
      </trkpt>
      <trkpt lat="31.158404052257537841796875" lon="121.192875467240810394287109375">
        <ele>4.599999904632568359375</ele>
        <time>2026-09-05T13:04:25.000Z</time>
        <extensions>
          <ns3:TrackPointExtension>
            <ns3:hr>146</ns3:hr>
            <ns3:cad>87</ns3:cad>
          </ns3:TrackPointExtension>
        </extensions>
      </trkpt>
      <trkpt lat="31.1583757214248180389404296875" lon="121.19287739507853984832763671875">
        <ele>4.599999904632568359375</ele>
        <time>2026-09-05T13:04:26.000Z</time>
        <extensions>
          <ns3:TrackPointExtension>
            <ns3:hr>146</ns3:hr>
            <ns3:cad>87</ns3:cad>
          </ns3:TrackPointExtension>
        </extensions>
      </trkpt>
      <trkpt lat="31.1583556048572063446044921875" lon="121.19287756271660327911376953125">
        <ele>4.599999904632568359375</ele>
        <time>2026-09-05T13:04:27.000Z</time>
        <extensions>
          <ns3:TrackPointExtension>
            <ns3:hr>145</ns3:hr>
            <ns3:cad>86</ns3:cad>
          </ns3:TrackPointExtension>
        </extensions>
      </trkpt>
      <trkpt lat="31.158329285681247711181640625" lon="121.19287521578371524810791015625">
        <ele>4.599999904632568359375</ele>
        <time>2026-09-05T13:04:28.000Z</time>
        <extensions>
          <ns3:TrackPointExtension>
            <ns3:hr>146</ns3:hr>
            <ns3:cad>86</ns3:cad>
          </ns3:TrackPointExtension>
        </extensions>
      </trkpt>
      <trkpt lat="31.15831143222749233245849609375" lon="121.19287186302244663238525390625">
        <ele>4.599999904632568359375</ele>
        <time>2026-09-05T13:04:29.000Z</time>
        <extensions>
          <ns3:TrackPointExtension>
            <ns3:hr>146</ns3:hr>
            <ns3:cad>87</ns3:cad>
          </ns3:TrackPointExtension>
        </extensions>
      </trkpt>
      <trkpt lat="31.1582868732511997222900390625" lon="121.19287035427987575531005859375">
        <ele>4.599999904632568359375</ele>
        <time>2026-09-05T13:04:30.000Z</time>
        <extensions>
          <ns3:TrackPointExtension>
            <ns3:hr>145</ns3:hr>
            <ns3:cad>88</ns3:cad>
          </ns3:TrackPointExtension>
        </extensions>
      </trkpt>
      <trkpt lat="31.1582670919597148895263671875" lon="121.1928692646324634552001953125">
        <ele>4.400000095367431640625</ele>
        <time>2026-09-05T13:04:31.000Z</time>
        <extensions>
          <ns3:TrackPointExtension>
            <ns3:hr>146</ns3:hr>
            <ns3:cad>89</ns3:cad>
          </ns3:TrackPointExtension>
        </extensions>
      </trkpt>
      <trkpt lat="31.15824571810662746429443359375" lon="121.1928695999085903167724609375">
        <ele>4.400000095367431640625</ele>
        <time>2026-09-05T13:04:32.000Z</time>
        <extensions>
          <ns3:TrackPointExtension>
            <ns3:hr>146</ns3:hr>
            <ns3:cad>89</ns3:cad>
          </ns3:TrackPointExtension>
        </extensions>
      </trkpt>
      <trkpt lat="31.15822426043450832366943359375" lon="121.19286700151860713958740234375">
        <ele>4.400000095367431640625</ele>
        <time>2026-09-05T13:04:33.000Z</time>
        <extensions>
          <ns3:TrackPointExtension>
            <ns3:hr>146</ns3:hr>
            <ns3:cad>89</ns3:cad>
          </ns3:TrackPointExtension>
        </extensions>
      </trkpt>
      <trkpt lat="31.158202551305294036865234375" lon="121.19286440312862396240234375">
        <ele>4.400000095367431640625</ele>
        <time>2026-09-05T13:04:34.000Z</time>
        <extensions>
          <ns3:TrackPointExtension>
            <ns3:hr>146</ns3:hr>
            <ns3:cad>86</ns3:cad>
          </ns3:TrackPointExtension>
        </extensions>
      </trkpt>
      <trkpt lat="31.15817698650062084197998046875" lon="121.19285945780575275421142578125">
        <ele>4.599999904632568359375</ele>
        <time>2026-09-05T13:04:35.000Z</time>
        <extensions>
          <ns3:TrackPointExtension>
            <ns3:hr>146</ns3:hr>
            <ns3:cad>86</ns3:cad>
          </ns3:TrackPointExtension>
        </extensions>
      </trkpt>
      <trkpt lat="31.15815804339945316314697265625" lon="121.19285845197737216949462890625">
        <ele>4.599999904632568359375</ele>
        <time>2026-09-05T13:04:36.000Z</time>
        <extensions>
          <ns3:TrackPointExtension>
            <ns3:hr>146</ns3:hr>
            <ns3:cad>87</ns3:cad>
          </ns3:TrackPointExtension>
        </extensions>
      </trkpt>
      <trkpt lat="31.1581289581954479217529296875" lon="121.19285501539707183837890625">
        <ele>4.599999904632568359375</ele>
        <time>2026-09-05T13:04:37.000Z</time>
        <extensions>
          <ns3:TrackPointExtension>
            <ns3:hr>146</ns3:hr>
            <ns3:cad>87</ns3:cad>
          </ns3:TrackPointExtension>
        </extensions>
      </trkpt>
      <trkpt lat="31.15810892544686794281005859375" lon="121.19285794906318187713623046875">
        <ele>4.599999904632568359375</ele>
        <time>2026-09-05T13:04:38.000Z</time>
        <extensions>
          <ns3:TrackPointExtension>
            <ns3:hr>146</ns3:hr>
            <ns3:cad>87</ns3:cad>
          </ns3:TrackPointExtension>
        </extensions>
      </trkpt>
      <trkpt lat="31.1580786667764186859130859375" lon="121.19285501539707183837890625">
        <ele>4.599999904632568359375</ele>
        <time>2026-09-05T13:04:39.000Z</time>
        <extensions>
          <ns3:TrackPointExtension>
            <ns3:hr>146</ns3:hr>
            <ns3:cad>87</ns3:cad>
          </ns3:TrackPointExtension>
        </extensions>
      </trkpt>
      <trkpt lat="31.15805963985621929168701171875" lon="121.19285610504448413848876953125">
        <ele>4.599999904632568359375</ele>
        <time>2026-09-05T13:04:40.000Z</time>
        <extensions>
          <ns3:TrackPointExtension>
            <ns3:hr>147</ns3:hr>
            <ns3:cad>87</ns3:cad>
          </ns3:TrackPointExtension>
        </extensions>
      </trkpt>
      <trkpt lat="31.1580352485179901123046875" lon="121.19285191409289836883544921875">
        <ele>4.400000095367431640625</ele>
        <time>2026-09-05T13:04:41.000Z</time>
        <extensions>
          <ns3:TrackPointExtension>
            <ns3:hr>147</ns3:hr>
            <ns3:cad>87</ns3:cad>
          </ns3:TrackPointExtension>
        </extensions>
      </trkpt>
      <trkpt lat="31.15801337175071239471435546875" lon="121.19285442866384983062744140625">
        <ele>4.599999904632568359375</ele>
        <time>2026-09-05T13:04:42.000Z</time>
        <extensions>
          <ns3:TrackPointExtension>
            <ns3:hr>147</ns3:hr>
            <ns3:cad>87</ns3:cad>
          </ns3:TrackPointExtension>
        </extensions>
      </trkpt>
      <trkpt lat="31.15798688493669033050537109375" lon="121.19285392574965953826904296875">
        <ele>4.400000095367431640625</ele>
        <time>2026-09-05T13:04:43.000Z</time>
        <extensions>
          <ns3:TrackPointExtension>
            <ns3:hr>147</ns3:hr>
            <ns3:cad>87</ns3:cad>
          </ns3:TrackPointExtension>
        </extensions>
      </trkpt>
      <trkpt lat="31.15796525962650775909423828125" lon="121.19284872896969318389892578125">
        <ele>4.400000095367431640625</ele>
        <time>2026-09-05T13:04:44.000Z</time>
        <extensions>
          <ns3:TrackPointExtension>
            <ns3:hr>147</ns3:hr>
            <ns3:cad>88</ns3:cad>
          </ns3:TrackPointExtension>
        </extensions>
      </trkpt>
      <trkpt lat="31.15794145502150058746337890625" lon="121.192844621837139129638671875">
        <ele>4.400000095367431640625</ele>
        <time>2026-09-05T13:04:45.000Z</time>
        <extensions>
          <ns3:TrackPointExtension>
            <ns3:hr>147</ns3:hr>
            <ns3:cad>88</ns3:cad>
          </ns3:TrackPointExtension>
        </extensions>
      </trkpt>
      <trkpt lat="31.15791798569262027740478515625" lon="121.19284319691359996795654296875">
        <ele>4.400000095367431640625</ele>
        <time>2026-09-05T13:04:46.000Z</time>
        <extensions>
          <ns3:TrackPointExtension>
            <ns3:hr>147</ns3:hr>
            <ns3:cad>88</ns3:cad>
          </ns3:TrackPointExtension>
        </extensions>
      </trkpt>
      <trkpt lat="31.15789510309696197509765625" lon="121.1928437836468219757080078125">
        <ele>4.400000095367431640625</ele>
        <time>2026-09-05T13:04:47.000Z</time>
        <extensions>
          <ns3:TrackPointExtension>
            <ns3:hr>147</ns3:hr>
            <ns3:cad>87</ns3:cad>
          </ns3:TrackPointExtension>
        </extensions>
      </trkpt>
      <trkpt lat="31.15787230432033538818359375" lon="121.192842610180377960205078125">
        <ele>4.400000095367431640625</ele>
        <time>2026-09-05T13:04:48.000Z</time>
        <extensions>
          <ns3:TrackPointExtension>
            <ns3:hr>147</ns3:hr>
            <ns3:cad>87</ns3:cad>
          </ns3:TrackPointExtension>
        </extensions>
      </trkpt>
      <trkpt lat="31.15784958936274051666259765625" lon="121.192843616008758544921875">
        <ele>4.400000095367431640625</ele>
        <time>2026-09-05T13:04:49.000Z</time>
        <extensions>
          <ns3:TrackPointExtension>
            <ns3:hr>147</ns3:hr>
            <ns3:cad>87</ns3:cad>
          </ns3:TrackPointExtension>
        </extensions>
      </trkpt>
      <trkpt lat="31.15781958214938640594482421875" lon="121.19284026324748992919921875">
        <ele>4.400000095367431640625</ele>
        <time>2026-09-05T13:04:50.000Z</time>
        <extensions>
          <ns3:TrackPointExtension>
            <ns3:hr>147</ns3:hr>
            <ns3:cad>88</ns3:cad>
          </ns3:TrackPointExtension>
        </extensions>
      </trkpt>
      <trkpt lat="31.15779778920114040374755859375" lon="121.192838251590728759765625">
        <ele>4.400000095367431640625</ele>
        <time>2026-09-05T13:04:51.000Z</time>
        <extensions>
          <ns3:TrackPointExtension>
            <ns3:hr>147</ns3:hr>
            <ns3:cad>88</ns3:cad>
          </ns3:TrackPointExtension>
        </extensions>
      </trkpt>
      <trkpt lat="31.15776845254004001617431640625" lon="121.19283095933496952056884765625">
        <ele>4.400000095367431640625</ele>
        <time>2026-09-05T13:04:52.000Z</time>
        <extensions>
          <ns3:TrackPointExtension>
            <ns3:hr>147</ns3:hr>
            <ns3:cad>88</ns3:cad>
          </ns3:TrackPointExtension>
        </extensions>
      </trkpt>
      <trkpt lat="31.15774934180080890655517578125" lon="121.19282777421176433563232421875">
        <ele>4.400000095367431640625</ele>
        <time>2026-09-05T13:04:53.000Z</time>
        <extensions>
          <ns3:TrackPointExtension>
            <ns3:hr>147</ns3:hr>
            <ns3:cad>87</ns3:cad>
          </ns3:TrackPointExtension>
        </extensions>
      </trkpt>
      <trkpt lat="31.15772101096808910369873046875" lon="121.19282593019306659698486328125">
        <ele>4.400000095367431640625</ele>
        <time>2026-09-05T13:04:54.000Z</time>
        <extensions>
          <ns3:TrackPointExtension>
            <ns3:hr>147</ns3:hr>
            <ns3:cad>87</ns3:cad>
          </ns3:TrackPointExtension>
        </extensions>
      </trkpt>
      <trkpt lat="31.157699637115001678466796875" lon="121.192824505269527435302734375">
        <ele>4.400000095367431640625</ele>
        <time>2026-09-05T13:04:55.000Z</time>
        <extensions>
          <ns3:TrackPointExtension>
            <ns3:hr>147</ns3:hr>
            <ns3:cad>87</ns3:cad>
          </ns3:TrackPointExtension>
        </extensions>
      </trkpt>
      <trkpt lat="31.15767247974872589111328125" lon="121.19282123632729053497314453125">
        <ele>4.400000095367431640625</ele>
        <time>2026-09-05T13:04:56.000Z</time>
        <extensions>
          <ns3:TrackPointExtension>
            <ns3:hr>146</ns3:hr>
            <ns3:cad>87</ns3:cad>
          </ns3:TrackPointExtension>
        </extensions>
      </trkpt>
      <trkpt lat="31.15765647031366825103759765625" lon="121.19280782528221607208251953125">
        <ele>4.400000095367431640625</ele>
        <time>2026-09-05T13:04:57.000Z</time>
        <extensions>
          <ns3:TrackPointExtension>
            <ns3:hr>146</ns3:hr>
            <ns3:cad>88</ns3:cad>
          </ns3:TrackPointExtension>
        </extensions>
      </trkpt>
      <trkpt lat="31.157641969621181488037109375" lon="121.19279022328555583953857421875">
        <ele>4.400000095367431640625</ele>
        <time>2026-09-05T13:04:58.000Z</time>
        <extensions>
          <ns3:TrackPointExtension>
            <ns3:hr>146</ns3:hr>
            <ns3:cad>89</ns3:cad>
          </ns3:TrackPointExtension>
        </extensions>
      </trkpt>
      <trkpt lat="31.15763786248862743377685546875" lon="121.1927671730518341064453125">
        <ele>4.599999904632568359375</ele>
        <time>2026-09-05T13:04:59.000Z</time>
        <extensions>
          <ns3:TrackPointExtension>
            <ns3:hr>146</ns3:hr>
            <ns3:cad>89</ns3:cad>
          </ns3:TrackPointExtension>
        </extensions>
      </trkpt>
      <trkpt lat="31.15762964822351932525634765625" lon="121.19274797849357128143310546875">
        <ele>4.80000019073486328125</ele>
        <time>2026-09-05T13:05:00.000Z</time>
        <extensions>
          <ns3:TrackPointExtension>
            <ns3:hr>147</ns3:hr>
            <ns3:cad>88</ns3:cad>
          </ns3:TrackPointExtension>
        </extensions>
      </trkpt>
      <trkpt lat="31.15762126632034778594970703125" lon="121.1927274428308010101318359375">
        <ele>5</ele>
        <time>2026-09-05T13:05:01.000Z</time>
        <extensions>
          <ns3:TrackPointExtension>
            <ns3:hr>147</ns3:hr>
            <ns3:cad>88</ns3:cad>
          </ns3:TrackPointExtension>
        </extensions>
      </trkpt>
      <trkpt lat="31.15761724300682544708251953125" lon="121.1927110143005847930908203125">
        <ele>5.19999980926513671875</ele>
        <time>2026-09-05T13:05:02.000Z</time>
        <extensions>
          <ns3:TrackPointExtension>
            <ns3:hr>147</ns3:hr>
            <ns3:cad>85</ns3:cad>
          </ns3:TrackPointExtension>
        </extensions>
      </trkpt>
      <trkpt lat="31.15761070512235164642333984375" lon="121.19268846698105335235595703125">
        <ele>5.400000095367431640625</ele>
        <time>2026-09-05T13:05:03.000Z</time>
        <extensions>
          <ns3:TrackPointExtension>
            <ns3:hr>147</ns3:hr>
            <ns3:cad>84</ns3:cad>
          </ns3:TrackPointExtension>
        </extensions>
      </trkpt>
      <trkpt lat="31.1576072685420513153076171875" lon="121.19266114197671413421630859375">
        <ele>5.400000095367431640625</ele>
        <time>2026-09-05T13:05:04.000Z</time>
        <extensions>
          <ns3:TrackPointExtension>
            <ns3:hr>147</ns3:hr>
            <ns3:cad>84</ns3:cad>
          </ns3:TrackPointExtension>
        </extensions>
      </trkpt>
      <trkpt lat="31.1575985513627529144287109375" lon="121.19263381697237491607666015625">
        <ele>5.400000095367431640625</ele>
        <time>2026-09-05T13:05:05.000Z</time>
        <extensions>
          <ns3:TrackPointExtension>
            <ns3:hr>147</ns3:hr>
            <ns3:cad>85</ns3:cad>
          </ns3:TrackPointExtension>
        </extensions>
      </trkpt>
      <trkpt lat="31.157594025135040283203125" lon="121.19260766543447971343994140625">
        <ele>5.19999980926513671875</ele>
        <time>2026-09-05T13:05:06.000Z</time>
        <extensions>
          <ns3:TrackPointExtension>
            <ns3:hr>147</ns3:hr>
            <ns3:cad>85</ns3:cad>
          </ns3:TrackPointExtension>
        </extensions>
      </trkpt>
      <trkpt lat="31.1575827933847904205322265625" lon="121.19258319027721881866455078125">
        <ele>5.19999980926513671875</ele>
        <time>2026-09-05T13:05:07.000Z</time>
        <extensions>
          <ns3:TrackPointExtension>
            <ns3:hr>147</ns3:hr>
            <ns3:cad>85</ns3:cad>
          </ns3:TrackPointExtension>
        </extensions>
      </trkpt>
      <trkpt lat="31.15757214836776256561279296875" lon="121.192556954920291900634765625">
        <ele>5</ele>
        <time>2026-09-05T13:05:08.000Z</time>
        <extensions>
          <ns3:TrackPointExtension>
            <ns3:hr>147</ns3:hr>
            <ns3:cad>85</ns3:cad>
          </ns3:TrackPointExtension>
        </extensions>
      </trkpt>
      <trkpt lat="31.157562844455242156982421875" lon="121.19253507815301418304443359375">
        <ele>4.80000019073486328125</ele>
        <time>2026-09-05T13:05:09.000Z</time>
        <extensions>
          <ns3:TrackPointExtension>
            <ns3:hr>147</ns3:hr>
            <ns3:cad>86</ns3:cad>
          </ns3:TrackPointExtension>
        </extensions>
      </trkpt>
      <trkpt lat="31.1575482599437236785888671875" lon="121.19251144118607044219970703125">
        <ele>4.80000019073486328125</ele>
        <time>2026-09-05T13:05:10.000Z</time>
        <extensions>
          <ns3:TrackPointExtension>
            <ns3:hr>147</ns3:hr>
            <ns3:cad>87</ns3:cad>
          </ns3:TrackPointExtension>
        </extensions>
      </trkpt>
      <trkpt lat="31.15753375925123691558837890625" lon="121.19248663075268268585205078125">
        <ele>4.599999904632568359375</ele>
        <time>2026-09-05T13:05:11.000Z</time>
        <extensions>
          <ns3:TrackPointExtension>
            <ns3:hr>147</ns3:hr>
            <ns3:cad>88</ns3:cad>
          </ns3:TrackPointExtension>
        </extensions>
      </trkpt>
      <trkpt lat="31.1575207673013210296630859375" lon="121.19245913811028003692626953125">
        <ele>4.80000019073486328125</ele>
        <time>2026-09-05T13:05:12.000Z</time>
        <extensions>
          <ns3:TrackPointExtension>
            <ns3:hr>147</ns3:hr>
            <ns3:cad>88</ns3:cad>
          </ns3:TrackPointExtension>
        </extensions>
      </trkpt>
      <trkpt lat="31.1575122177600860595703125" lon="121.19243365712463855743408203125">
        <ele>4.599999904632568359375</ele>
        <time>2026-09-05T13:05:13.000Z</time>
        <extensions>
          <ns3:TrackPointExtension>
            <ns3:hr>147</ns3:hr>
            <ns3:cad>88</ns3:cad>
          </ns3:TrackPointExtension>
        </extensions>
      </trkpt>
      <trkpt lat="31.15749972872436046600341796875" lon="121.19240314699709415435791015625">
        <ele>4.599999904632568359375</ele>
        <time>2026-09-05T13:05:14.000Z</time>
        <extensions>
          <ns3:TrackPointExtension>
            <ns3:hr>147</ns3:hr>
            <ns3:cad>87</ns3:cad>
          </ns3:TrackPointExtension>
        </extensions>
      </trkpt>
      <trkpt lat="31.15748832933604717254638671875" lon="121.192376911640167236328125">
        <ele>4.599999904632568359375</ele>
        <time>2026-09-05T13:05:15.000Z</time>
        <extensions>
          <ns3:TrackPointExtension>
            <ns3:hr>147</ns3:hr>
            <ns3:cad>86</ns3:cad>
          </ns3:TrackPointExtension>
        </extensions>
      </trkpt>
      <trkpt lat="31.15747692994773387908935546875" lon="121.19234246201813220977783203125">
        <ele>4.599999904632568359375</ele>
        <time>2026-09-05T13:05:16.000Z</time>
        <extensions>
          <ns3:TrackPointExtension>
            <ns3:hr>147</ns3:hr>
            <ns3:cad>86</ns3:cad>
          </ns3:TrackPointExtension>
        </extensions>
      </trkpt>
      <trkpt lat="31.15746905095875263214111328125" lon="121.19231857359409332275390625">
        <ele>4.599999904632568359375</ele>
        <time>2026-09-05T13:05:17.000Z</time>
        <extensions>
          <ns3:TrackPointExtension>
            <ns3:hr>148</ns3:hr>
            <ns3:cad>87</ns3:cad>
          </ns3:TrackPointExtension>
        </extensions>
      </trkpt>
      <trkpt lat="31.157458908855915069580078125" lon="121.192289404571056365966796875">
        <ele>4.599999904632568359375</ele>
        <time>2026-09-05T13:05:18.000Z</time>
        <extensions>
          <ns3:TrackPointExtension>
            <ns3:hr>148</ns3:hr>
            <ns3:cad>88</ns3:cad>
          </ns3:TrackPointExtension>
        </extensions>
      </trkpt>
      <trkpt lat="31.15745128132402896881103515625" lon="121.19225763715803623199462890625">
        <ele>4.599999904632568359375</ele>
        <time>2026-09-05T13:05:19.000Z</time>
        <extensions>
          <ns3:TrackPointExtension>
            <ns3:hr>148</ns3:hr>
            <ns3:cad>89</ns3:cad>
          </ns3:TrackPointExtension>
        </extensions>
      </trkpt>
      <trkpt lat="31.1574382893741130828857421875" lon="121.1922342516481876373291015625">
        <ele>4.599999904632568359375</ele>
        <time>2026-09-05T13:05:20.000Z</time>
        <extensions>
          <ns3:TrackPointExtension>
            <ns3:hr>148</ns3:hr>
            <ns3:cad>89</ns3:cad>
          </ns3:TrackPointExtension>
        </extensions>
      </trkpt>
      <trkpt lat="31.15743217058479785919189453125" lon="121.1922013945877552032470703125">
        <ele>4.599999904632568359375</ele>
        <time>2026-09-05T13:05:21.000Z</time>
        <extensions>
          <ns3:TrackPointExtension>
            <ns3:hr>148</ns3:hr>
            <ns3:cad>89</ns3:cad>
          </ns3:TrackPointExtension>
        </extensions>
      </trkpt>
      <trkpt lat="31.15742797963321208953857421875" lon="121.19217063300311565399169921875">
        <ele>4.599999904632568359375</ele>
        <time>2026-09-05T13:05:22.000Z</time>
        <extensions>
          <ns3:TrackPointExtension>
            <ns3:hr>148</ns3:hr>
            <ns3:cad>87</ns3:cad>
          </ns3:TrackPointExtension>
        </extensions>
      </trkpt>
      <trkpt lat="31.15743636153638362884521484375" lon="121.1921480856835842132568359375">
        <ele>4.599999904632568359375</ele>
        <time>2026-09-05T13:05:23.000Z</time>
        <extensions>
          <ns3:TrackPointExtension>
            <ns3:hr>148</ns3:hr>
            <ns3:cad>87</ns3:cad>
          </ns3:TrackPointExtension>
        </extensions>
      </trkpt>
      <trkpt lat="31.15744809620082378387451171875" lon="121.19213459081947803497314453125">
        <ele>4.599999904632568359375</ele>
        <time>2026-09-05T13:05:24.000Z</time>
        <extensions>
          <ns3:TrackPointExtension>
            <ns3:hr>148</ns3:hr>
            <ns3:cad>87</ns3:cad>
          </ns3:TrackPointExtension>
        </extensions>
      </trkpt>
    </trkseg>
  </trk>
</gpx>
